condition_id,method,bit_width,seed,task,category,example_index,example_id,dataset_length,length_bucket,score
learned_K2_V2_s35_step10000,learned,2,35,qasper,Single QA,0,b26174d8ec97e8d01421548d3a640e8382db6235eb506661,3411,0-4k,15.0
learned_K2_V2_s35_step10000,learned,2,35,qasper,Single QA,1,8e5e6c35689e17e9f50df76ada506a4c05be9ed081c883d4,3732,0-4k,0.0
learned_K2_V2_s35_step10000,learned,2,35,qasper,Single QA,2,ebfe29b14637ff245ca9117167c10d252b21c64aa484e871,3544,0-4k,25.0
learned_K2_V2_s35_step10000,learned,2,35,qasper,Single QA,3,f4dd3a0b7e956fadae8f49e07a6ef1c6e90a315d21969a76,3224,0-4k,0.0
learned_K2_V2_s35_step10000,learned,2,35,qasper,Single QA,4,e5d1d589ddb30f43547012f04b06ac2924a1f4fdcf56daab,2284,0-4k,0.0
learned_K2_V2_s35_step10000,learned,2,35,qasper,Single QA,5,81fafbdc90dfc4c0ea443de35ee84e7423d8971a66f27a09,3843,0-4k,100.0
learned_K2_V2_s35_step10000,learned,2,35,qasper,Single QA,6,bcfe56efad9715cc714ffd2e523eaa9ad796a453e7da77a6,2317,0-4k,100.0
learned_K2_V2_s35_step10000,learned,2,35,qasper,Single QA,7,1bd9a082bd7b5ab6c152dbda3db38c0c3bc92cddf82383a3,2720,0-4k,87.99999999999999
learned_K2_V2_s35_step10000,learned,2,35,qasper,Single QA,8,d3944ab2d7e6cb9d6f722987f0406aa0aa01c8ace8608a89,2890,0-4k,88.8888888888889
learned_K2_V2_s35_step10000,learned,2,35,qasper,Single QA,9,13e1dbbe70ad33f26ac4d63352332ab577dbdf318691ace0,3198,0-4k,12.903225806451612
learned_K2_V2_s35_step10000,learned,2,35,qasper,Single QA,10,14ee47ba1692905a1a19d0ea0d07143d75ba33030668f927,3039,0-4k,85.71428571428571
learned_K2_V2_s35_step10000,learned,2,35,qasper,Single QA,11,d317e4799402ebdb0a7b6e80fa58ca1074d86a15403492af,3845,0-4k,66.66666666666666
learned_K2_V2_s35_step10000,learned,2,35,qasper,Single QA,12,a3db996005cb6103e9e3a8d19712c6866285e0df89a1b264,3815,0-4k,28.571428571428577
learned_K2_V2_s35_step10000,learned,2,35,qasper,Single QA,13,2dd2de242f407468d7b403c1835dc62579f875dd09a00801,3178,0-4k,80.0
learned_K2_V2_s35_step10000,learned,2,35,qasper,Single QA,14,b66b3c973729802d35f81fa66a7dbb1b846445856909a378,3880,0-4k,6.7415730337078665
learned_K2_V2_s35_step10000,learned,2,35,qasper,Single QA,15,4528fad5e57b98d3022a13b580bd4daa018c7129c12d50ea,3612,0-4k,24.24242424242424
learned_K2_V2_s35_step10000,learned,2,35,qasper,Single QA,16,4ec441a68f88d757c758ad09d9c710c7af94895bb544f3b6,3409,0-4k,0.0
learned_K2_V2_s35_step10000,learned,2,35,qasper,Single QA,17,e7af1912d971eeb3c7f5f96c5440ef649b96bda636efa14d,3366,0-4k,0.0
learned_K2_V2_s35_step10000,learned,2,35,qasper,Single QA,18,0e6d9eaa143bb2a251695d6cc0556c5e03f25ccbb56a171f,1644,0-4k,100.0
learned_K2_V2_s35_step10000,learned,2,35,qasper,Single QA,19,bd1fcb1c0f33cf6bc44554bff4ec86fed2a4fc90e8d18cdf,2836,0-4k,0.0
learned_K2_V2_s35_step10000,learned,2,35,qasper,Single QA,20,b0bc5483c009536bf3dcf582b3b2015d4db13aaf81df8c9a,3885,0-4k,100.0
learned_K2_V2_s35_step10000,learned,2,35,qasper,Single QA,21,e877b03879e4db0ccc7618230cad71590dadd808fc7a8152,3831,0-4k,100.0
learned_K2_V2_s35_step10000,learned,2,35,qasper,Single QA,22,b7eb32148f033ee9882d1096f1b0a2f75b4e4a05308c7292,2250,0-4k,42.85714285714285
learned_K2_V2_s35_step10000,learned,2,35,qasper,Single QA,23,11697ce7f07d6badb6224d68ed40229693b66941ed3a156d,2838,0-4k,66.66666666666666
learned_K2_V2_s35_step10000,learned,2,35,qasper,Single QA,24,c483210fc867c15f41b696d521b983cdcf41c2062e6ac3fb,3381,0-4k,0.0
learned_K2_V2_s35_step10000,learned,2,35,qasper,Single QA,25,2a51c07e65a9214ed2cd3c04303afa205e005f4e1ccb172a,3852,0-4k,100.0
learned_K2_V2_s35_step10000,learned,2,35,qasper,Single QA,26,867b7b94ee2ae6051131ca90ebc66df6ba3084f4bb3bdda8,1822,0-4k,4.761904761904761
learned_K2_V2_s35_step10000,learned,2,35,qasper,Single QA,27,38b265f4caee01966b67dca127276d17f640322b7a11b3f4,2077,0-4k,100.0
learned_K2_V2_s35_step10000,learned,2,35,qasper,Single QA,28,c21ac70b9fefd1be0058d56b0eaa81d065271558b901364a,2992,0-4k,7.4074074074074066
learned_K2_V2_s35_step10000,learned,2,35,qasper,Single QA,29,45104af27b1eaf72961c861eeae1013869612e3d5f258927,2255,0-4k,0.0
learned_K2_V2_s35_step10000,learned,2,35,qasper,Single QA,30,7de339432271d1324e9ea25f6321364528c6fd2f8ea2e3d1,3372,0-4k,24.000000000000004
learned_K2_V2_s35_step10000,learned,2,35,qasper,Single QA,31,eca9924a93084bb987fc705af683806564fa2d04e9dba909,3181,0-4k,50.0
learned_K2_V2_s35_step10000,learned,2,35,qasper,Single QA,32,d1aa1132439bd292965634095bf1c9943e062bb6645ff78c,3307,0-4k,0.0
learned_K2_V2_s35_step10000,learned,2,35,qasper,Single QA,33,54797939fdd2089aeb0c4242e660b2ff1914538839e9a21e,2424,0-4k,40.0
learned_K2_V2_s35_step10000,learned,2,35,qasper,Single QA,34,e2a3009e3e15b0e45552a4ab0c593e027e64acf190b2903b,3302,0-4k,83.33333333333333
learned_K2_V2_s35_step10000,learned,2,35,qasper,Single QA,35,a98bc410d113f968de393f3da14435b31b34a8ce2ccec169,3158,0-4k,100.0
learned_K2_V2_s35_step10000,learned,2,35,qasper,Single QA,36,86d091f9a2a36e97ae2f587ff9e1beb3e41c34862d70451e,3570,0-4k,75.0
learned_K2_V2_s35_step10000,learned,2,35,qasper,Single QA,37,a533586fadb3dbf78a61381a0f040d993ae1d5cd3e66b98d,3820,0-4k,15.384615384615385
learned_K2_V2_s35_step10000,learned,2,35,qasper,Single QA,38,861cbf67995653276e955ddb68584eb35263f970a710c86c,3722,0-4k,97.14285714285714
learned_K2_V2_s35_step10000,learned,2,35,qasper,Single QA,39,ca6ab28a7624b35d6e14bdd51a24f6cba93df17b033a0945,1561,0-4k,100.0
learned_K2_V2_s35_step10000,learned,2,35,qasper,Single QA,40,689421214f9b71be11d80ef9ae68b49974a8bd7e4313cd58,2091,0-4k,100.0
learned_K2_V2_s35_step10000,learned,2,35,qasper,Single QA,41,57825167e9b5b23b2f03e2675d9c7e96814b6785975b5dff,3405,0-4k,0.0
learned_K2_V2_s35_step10000,learned,2,35,qasper,Single QA,42,c5692a8d9bf0880f0cb4d893511e2b9245a914f828cebcf6,2009,0-4k,100.0
learned_K2_V2_s35_step10000,learned,2,35,qasper,Single QA,43,ba8b9314903599bb79e4a4148ebae6ae59c5d717a1a2a936,1899,0-4k,100.0
learned_K2_V2_s35_step10000,learned,2,35,qasper,Single QA,44,b1e77f6928aff3baafd48d7674dc39bd72293dce6956dbde,2150,0-4k,94.73684210526316
learned_K2_V2_s35_step10000,learned,2,35,qasper,Single QA,45,c0f67594ed1d5ba890abd05585f849a4bdde9f30e9054ea8,2895,0-4k,14.634146341463413
learned_K2_V2_s35_step10000,learned,2,35,qasper,Single QA,46,3e0ebe8cd7c6ad2ed6b011e47c1a06464ae4eed1b47c9d37,2361,0-4k,100.0
learned_K2_V2_s35_step10000,learned,2,35,qasper,Single QA,47,76ade8dc03f520d725ee2b1decb2904f80becbc3dd6fb9b5,1701,0-4k,0.0
learned_K2_V2_s35_step10000,learned,2,35,qasper,Single QA,48,987ab3762f78d7c33799631fec402ae2ed66ecbb0708347b,1913,0-4k,0.0
learned_K2_V2_s35_step10000,learned,2,35,qasper,Single QA,49,f1d8b6d074397f7bead6a59be4c66dc5f1f1a058f74f1402,3794,0-4k,100.0
learned_K2_V2_s35_step10000,learned,2,35,qasper,Single QA,50,fa1c557ea338532fb1c34125934ce83b2b70e02dd12931d3,3757,0-4k,66.66666666666666
learned_K2_V2_s35_step10000,learned,2,35,qasper,Single QA,51,d95b33cbe3496fb98638b3c3b1a956847b6472aa8d18a5cc,2393,0-4k,80.00000000000001
learned_K2_V2_s35_step10000,learned,2,35,qasper,Single QA,52,704c0c46089ffbd8f6c94c06071a440d930d82a59a1d4edc,2958,0-4k,16.216216216216214
learned_K2_V2_s35_step10000,learned,2,35,qasper,Single QA,53,c32bcab75bbb243cbd0fa7d6cea385a9aa1220c9fb455f09,2220,0-4k,7.6923076923076925
learned_K2_V2_s35_step10000,learned,2,35,qasper,Single QA,54,b959a2ca0687fbe1c4f11a6fda00eb9341525f1502c9afc6,3566,0-4k,0.0
learned_K2_V2_s35_step10000,learned,2,35,qasper,Single QA,55,83246d680e84d965de12202eeca2955546e9261630d543c5,1671,0-4k,12.500000000000004
learned_K2_V2_s35_step10000,learned,2,35,qasper,Single QA,56,181a2d144f719517ed2033408c263c328c3c7eb9cddc78c6,2289,0-4k,100.0
learned_K2_V2_s35_step10000,learned,2,35,qasper,Single QA,57,006bf0292d7a46cfbe4bc50f63e92d34411ea060f5b547ec,3817,0-4k,0.0
learned_K2_V2_s35_step10000,learned,2,35,qasper,Single QA,58,35be0474e7f491742c4f764a3ed5fc174465bf0ba26ebff0,3855,0-4k,0.0
learned_K2_V2_s35_step10000,learned,2,35,qasper,Single QA,59,128f8753d02c6777ce3244345d4799613c188be0b6b66b7a,2667,0-4k,100.0
learned_K2_V2_s35_step10000,learned,2,35,qasper,Single QA,60,c3694e336a5431082844e851d3bf6ca4b1d21ce87665281e,2649,0-4k,66.66666666666666
learned_K2_V2_s35_step10000,learned,2,35,qasper,Single QA,61,1443430475309d05eb23043251943ee0b3c3ade6f0730fdc,2083,0-4k,32.608695652173914
learned_K2_V2_s35_step10000,learned,2,35,qasper,Single QA,62,0b04d1a3009c6f4f4502defd297b37bb756f8e5e904d2449,1651,0-4k,0.0
learned_K2_V2_s35_step10000,learned,2,35,qasper,Single QA,63,78ec8052a16e28c7c9da9d61bfd7b70c05ada0efa5169524,1898,0-4k,77.77777777777777
learned_K2_V2_s35_step10000,learned,2,35,qasper,Single QA,64,3eb54f9ba615e042408b8ddafcbd4d41db0f1e72c8eedca8,2133,0-4k,14.285714285714285
learned_K2_V2_s35_step10000,learned,2,35,qasper,Single QA,65,ba4d8e9921bcc53ce93a458307141bc528d92addb66cbc95,3974,0-4k,100.0
learned_K2_V2_s35_step10000,learned,2,35,qasper,Single QA,66,1ef257d8f567afd7d7057d678d14d28941a912b4df8b5775,2361,0-4k,0.0
learned_K2_V2_s35_step10000,learned,2,35,qasper,Single QA,67,5a66bf2184751add62aab933cf9076dc61faf39f716d2e72,1912,0-4k,0.0
learned_K2_V2_s35_step10000,learned,2,35,qasper,Single QA,68,59589a5aa08f01c9772844cd16cf3a57aaf9567123ba2154,2164,0-4k,11.320754716981131
learned_K2_V2_s35_step10000,learned,2,35,qasper,Single QA,69,31a683b8dfd8036c61d738d6bd75c5c6d7e627ba61634b20,2473,0-4k,0.0
learned_K2_V2_s35_step10000,learned,2,35,qasper,Single QA,70,33c06a5e9eb93d7a970d8e42e3ab04467182eef7113c5c5f,3846,0-4k,66.66666666666666
learned_K2_V2_s35_step10000,learned,2,35,qasper,Single QA,71,69e126e9192d0ccc3669d9214ad94883c63d5cc1609e85b4,3471,0-4k,48.648648648648646
learned_K2_V2_s35_step10000,learned,2,35,qasper,Single QA,72,a62a087ff34f25cc4f76205a1431eb4c2254d4ad01c630d4,2759,0-4k,60.0
learned_K2_V2_s35_step10000,learned,2,35,qasper,Single QA,73,741e32f2f93410bcffc12553b94d72b680db834ee5a45669,3367,0-4k,42.105263157894726
learned_K2_V2_s35_step10000,learned,2,35,qasper,Single QA,74,7dbc40699fa6742050f798cfeea408507ca4b90811be532d,2823,0-4k,50.0
learned_K2_V2_s35_step10000,learned,2,35,qasper,Single QA,75,b1fdb80cd96f455762f4f3be78a4932e7ae5edb2802d9e5c,3244,0-4k,88.8888888888889
learned_K2_V2_s35_step10000,learned,2,35,qasper,Single QA,76,9559dbefad997c0a896d9cae62aeeb1703add67a670930fb,3634,0-4k,100.0
learned_K2_V2_s35_step10000,learned,2,35,qasper,Single QA,77,3ead7355dc4b6356c66ae3a8cffe00652a7d35a899dcb316,1939,0-4k,81.48148148148148
learned_K2_V2_s35_step10000,learned,2,35,qasper,Single QA,78,5c576f06ce64e385da68b3465a0e077c81651dfbc19c72a4,1877,0-4k,71.42857142857143
learned_K2_V2_s35_step10000,learned,2,35,qasper,Single QA,79,5fa58c27137b7ed6888f0d3c5b3450aee78a7d479d98672c,2327,0-4k,66.66666666666666
learned_K2_V2_s35_step10000,learned,2,35,qasper,Single QA,80,40490daeb7eba9f934f4613aac7ec5d957d1482bce802c8a,3313,0-4k,0.0
learned_K2_V2_s35_step10000,learned,2,35,qasper,Single QA,81,973f0a7a906c8f84200007bfe0c611f041fe389c316707b7,3841,0-4k,66.66666666666666
learned_K2_V2_s35_step10000,learned,2,35,qasper,Single QA,82,fb7bbe83a369588ad73dd99826afd3c20d38769f5b0c2a31,2754,0-4k,0.0
learned_K2_V2_s35_step10000,learned,2,35,qasper,Single QA,83,37c0ca334bad96a1cf17879108e112591f7088f3794b6533,3160,0-4k,0.0
learned_K2_V2_s35_step10000,learned,2,35,qasper,Single QA,84,f183167177d0ddfc059aff91b6bd78bd5e9861b998261a2d,1868,0-4k,0.0
learned_K2_V2_s35_step10000,learned,2,35,qasper,Single QA,85,a3a74b9eba905def46e1b99988f18ad74a451de8a53b1b15,3862,0-4k,76.92307692307692
learned_K2_V2_s35_step10000,learned,2,35,qasper,Single QA,86,214680ec183fe8bec3a65633d71c3690f5c3b35e5e8e41a6,3861,0-4k,2.7027027027027026
learned_K2_V2_s35_step10000,learned,2,35,qasper,Single QA,87,7b4d3a64f9dd6e23da5f1530bd92ced5c5adf84ce3c1e2ee,3305,0-4k,0.0
learned_K2_V2_s35_step10000,learned,2,35,qasper,Single QA,88,cd873a30eb42011afd9007db9d38aad584c2734f48330dce,2060,0-4k,37.49999999999999
learned_K2_V2_s35_step10000,learned,2,35,qasper,Single QA,89,088e3b32e2812d8fcca9f4fad976de94317893b5cb210f4a,1906,0-4k,0.0
learned_K2_V2_s35_step10000,learned,2,35,qasper,Single QA,90,ecdc1201351d1467d8b55b82ce8e54846f36e141284db44e,1443,0-4k,0.0
learned_K2_V2_s35_step10000,learned,2,35,qasper,Single QA,91,e2b21e6c72b2a258c8d8dd7b7f94ee08b4a1edd012ccce04,1541,0-4k,0.0
learned_K2_V2_s35_step10000,learned,2,35,qasper,Single QA,92,b89bb41df843f9c8c292df5290d3e62e2ac62171991d5fbf,1908,0-4k,10.0
learned_K2_V2_s35_step10000,learned,2,35,qasper,Single QA,93,a7281359720bac697e8f2d18c8d460b238d46b17205a5f4a,3704,0-4k,0.0
learned_K2_V2_s35_step10000,learned,2,35,qasper,Single QA,94,56600b6a10fb297db2b0c15a21c2d49f7a0a90f927387e3b,1639,0-4k,69.56521739130434
learned_K2_V2_s35_step10000,learned,2,35,qasper,Single QA,95,ab031ab8495d8200afcf794d5368ed54353ec254b176d190,2435,0-4k,53.96825396825397
learned_K2_V2_s35_step10000,learned,2,35,qasper,Single QA,96,aefe71d17866995c454d51362893d2fb48de1a3d55d3cdb0,1514,0-4k,0.0
learned_K2_V2_s35_step10000,learned,2,35,qasper,Single QA,97,48fc8f0bab4c2e63d0703b11d8902a4082d9d77eb8ef611c,2156,0-4k,84.21052631578947
learned_K2_V2_s35_step10000,learned,2,35,qasper,Single QA,98,e88c5e44dbf7203c800c503bdfddb020c564fc323deff33c,3040,0-4k,0.0
learned_K2_V2_s35_step10000,learned,2,35,qasper,Single QA,99,d9c7574b1ed1ebd6eb755e6bbeee3513c9c912771059348c,2533,0-4k,0.0
learned_K2_V2_s35_step10000,learned,2,35,qasper,Single QA,100,752f0351806ae2e7a2a5f72c666c247706a8e8d059907f4d,4210,4-8k,47.22222222222222
learned_K2_V2_s35_step10000,learned,2,35,qasper,Single QA,101,b88143528621f772f4673e1d5249faa750e66bd3d25dc48a,4820,4-8k,100.0
learned_K2_V2_s35_step10000,learned,2,35,qasper,Single QA,102,536136d642ecfb95aa51b8057018d9e41fbc39100f4ae120,4460,4-8k,85.71428571428571
learned_K2_V2_s35_step10000,learned,2,35,qasper,Single QA,103,9b239d896d4e14a1119ff7a96adf888b3ee3672b9890917d,4106,4-8k,40.0
learned_K2_V2_s35_step10000,learned,2,35,qasper,Single QA,104,db44156fb95ba706642d8db8b12cc990e19840d25966d5b4,4719,4-8k,20.000000000000004
learned_K2_V2_s35_step10000,learned,2,35,qasper,Single QA,105,585cb871b289390d1702cbbe783eaf7874fe78b61efc8667,6182,4-8k,38.46153846153846
learned_K2_V2_s35_step10000,learned,2,35,qasper,Single QA,106,9b74d12df29676d618b03e2da39919e522a4bcdf638e7977,4173,4-8k,50.0
learned_K2_V2_s35_step10000,learned,2,35,qasper,Single QA,107,2df2169344b32d1abc45360c4fa3529689a25d9aed1f1de9,4465,4-8k,0.0
learned_K2_V2_s35_step10000,learned,2,35,qasper,Single QA,108,b920b0a031389d0ba6a69af9b9460755870ba0b2bbb30f8b,4856,4-8k,0.0
learned_K2_V2_s35_step10000,learned,2,35,qasper,Single QA,109,210d7e49f1b17fdad67a9a09194869f85065ed34e59062b8,4924,4-8k,80.0
learned_K2_V2_s35_step10000,learned,2,35,qasper,Single QA,110,ce0c9192b838497901c0360f9f775aaaa8711369f3ef9ed2,4581,4-8k,6.896551724137931
learned_K2_V2_s35_step10000,learned,2,35,qasper,Single QA,111,976994364dbcccb985af23bc0cedfb408add4985203d5b46,4111,4-8k,0.0
learned_K2_V2_s35_step10000,learned,2,35,qasper,Single QA,112,fbc4a45ff813e0a9578becabc2079b8da6de5193d5827cd9,4704,4-8k,0.0
learned_K2_V2_s35_step10000,learned,2,35,qasper,Single QA,113,14a3bbb82b8513481e056adb121e5b37e648bb44e97406f2,6244,4-8k,34.14634146341463
learned_K2_V2_s35_step10000,learned,2,35,qasper,Single QA,114,e28df0e3283943b1e011e1dba7a231e35269588b73697ca4,7837,4-8k,0.0
learned_K2_V2_s35_step10000,learned,2,35,qasper,Single QA,115,2b7593f9c20a839d48e19625c062529532fbfd9c2f830f88,4404,4-8k,16.39344262295082
learned_K2_V2_s35_step10000,learned,2,35,qasper,Single QA,116,497b1525e2ccae21bc01a98ef3512d180ab07546589dd537,4902,4-8k,0.0
learned_K2_V2_s35_step10000,learned,2,35,qasper,Single QA,117,5b13aa35815812df257039222ea69b902de31f1e73911905,5331,4-8k,100.0
learned_K2_V2_s35_step10000,learned,2,35,qasper,Single QA,118,3986e832a691446dc11b553c3837efbcd0070a267903c179,4160,4-8k,40.0
learned_K2_V2_s35_step10000,learned,2,35,qasper,Single QA,119,a79763fea9f012a21af72c264b6853ad325dc087408fdb56,4369,4-8k,100.0
learned_K2_V2_s35_step10000,learned,2,35,qasper,Single QA,120,10f5ce4c9054e6a2508cc67328ca303d3b5ee57bae2b7fd9,4779,4-8k,0.0
learned_K2_V2_s35_step10000,learned,2,35,qasper,Single QA,121,34876cd63f0e18aebfa721150cc5e3e83c4d46aad5327a28,4109,4-8k,42.85714285714285
learned_K2_V2_s35_step10000,learned,2,35,qasper,Single QA,122,9dbbc977fdb65fff35043a30467540bb81fe4f6767dc01fe,4572,4-8k,0.0
learned_K2_V2_s35_step10000,learned,2,35,qasper,Single QA,123,7e86fb429fcfec3ed6f1303b6002a68d23851bf87d981bc6,4091,4-8k,0.0
learned_K2_V2_s35_step10000,learned,2,35,qasper,Single QA,124,5650ed820eb82845ddc5e1ed504aa97c22e61f4f2b4467c4,5344,4-8k,21.62162162162162
learned_K2_V2_s35_step10000,learned,2,35,qasper,Single QA,125,d3af022e32bc31e242abe8c024bc1627a0a17ee4c938297d,4217,4-8k,80.0
learned_K2_V2_s35_step10000,learned,2,35,qasper,Single QA,126,74989bf74a29b3b9acd22779ad89ced50999f6563e328b7a,4542,4-8k,0.0
learned_K2_V2_s35_step10000,learned,2,35,qasper,Single QA,127,04d9e82efc74cd3ef2b635904c05a5f0b2c34ac5a4318304,4906,4-8k,86.41975308641973
learned_K2_V2_s35_step10000,learned,2,35,qasper,Single QA,128,8f319fe001c7a7d8bde3d32f8abc1d1b460eb04b6022fed7,4600,4-8k,50.0
learned_K2_V2_s35_step10000,learned,2,35,qasper,Single QA,129,5a2909819e072daa4a8675b39a5df24034e7c6a22709d035,4527,4-8k,18.181818181818183
learned_K2_V2_s35_step10000,learned,2,35,qasper,Single QA,130,77d5b65213c33d96b4c145e035798509a2d46c7d01756f8d,4841,4-8k,57.14285714285715
learned_K2_V2_s35_step10000,learned,2,35,qasper,Single QA,131,586bbad29218deb4380c476e5c3dbe4e127206138d9b5284,6810,4-8k,28.571428571428577
learned_K2_V2_s35_step10000,learned,2,35,qasper,Single QA,132,f67ea370aeb4a333c57d3c78eec165f57815ead93bed9112,4771,4-8k,0.0
learned_K2_V2_s35_step10000,learned,2,35,qasper,Single QA,133,67e9599e8ede0b568d2521adb1f395e7b74d8eeec5c1e0b8,4253,4-8k,24.000000000000004
learned_K2_V2_s35_step10000,learned,2,35,qasper,Single QA,134,d70f861b0ae1a38fa3562f6e2da8ec23b8d20780747dd0a6,4855,4-8k,80.0
learned_K2_V2_s35_step10000,learned,2,35,qasper,Single QA,135,101ede1900aed69c4ea0a31920aed89c64b5c92cc44b6247,4880,4-8k,0.0
learned_K2_V2_s35_step10000,learned,2,35,qasper,Single QA,136,ef9f46e9b2671cb00a9ead0fec51bdd8ac923e6f524b9ebb,6396,4-8k,100.0
learned_K2_V2_s35_step10000,learned,2,35,qasper,Single QA,137,476f28c6b78e34a796d45e194120504620bbbf42278dfab7,4090,4-8k,47.61904761904762
learned_K2_V2_s35_step10000,learned,2,35,qasper,Single QA,138,9ae2ec3c2e3465020bb7ec7ab78d5e592d9ab2e3cfa66b01,4240,4-8k,66.66666666666666
learned_K2_V2_s35_step10000,learned,2,35,qasper,Single QA,139,14407f1d7c9c6c4a173a5aae06de2a46a24257ba6e98bf2b,4576,4-8k,0.0
learned_K2_V2_s35_step10000,learned,2,35,qasper,Single QA,140,755daa298cdf770c8ed19ddf39270f07e077d88a82aaa0dc,4263,4-8k,12.5
learned_K2_V2_s35_step10000,learned,2,35,qasper,Single QA,141,ddc6bc30de561312913bb1868a4613a33d0a09adefbd8de6,4286,4-8k,0.0
learned_K2_V2_s35_step10000,learned,2,35,qasper,Single QA,142,c18d9ff7185dc4fb286c4bc9d4e26aa1d2cae4c3bd2ab473,4073,4-8k,0.0
learned_K2_V2_s35_step10000,learned,2,35,qasper,Single QA,143,44a094746f7f8f2b2d019500cc03e680dd5d17620691e914,4133,4-8k,0.0
learned_K2_V2_s35_step10000,learned,2,35,qasper,Single QA,144,0225501ce54ac2c95a557a5691a4322482af24748391e6e9,4104,4-8k,66.66666666666666
learned_K2_V2_s35_step10000,learned,2,35,qasper,Single QA,145,34c5eb16ccc55869a263dfda28d028267e29ee243880c9d5,5136,4-8k,15.384615384615383
learned_K2_V2_s35_step10000,learned,2,35,qasper,Single QA,146,3e719fb0a9e76f230ee502c8b24d52a04faa8303520e9f8e,5147,4-8k,57.14285714285715
learned_K2_V2_s35_step10000,learned,2,35,qasper,Single QA,147,01a9ec56805c938ec7ad3cc00bd2d02b8347194fd7e6a0a4,4489,4-8k,0.0
learned_K2_V2_s35_step10000,learned,2,35,qasper,Single QA,148,d890086b7ad0f59eb69b6db92bf23051d1e5abd7785121a7,4119,4-8k,5.555555555555555
learned_K2_V2_s35_step10000,learned,2,35,qasper,Single QA,149,bc4291d5c3ffe8c5dd06af624c081795619716987d468790,4524,4-8k,80.0
learned_K2_V2_s35_step10000,learned,2,35,qasper,Single QA,150,576436df7e468f5fea9088bd91683211b1e2d0867d82c545,4579,4-8k,100.0
learned_K2_V2_s35_step10000,learned,2,35,qasper,Single QA,151,a93ecd0835d11bbbc58f2a33b6d51de3909be76c33133f5b,4599,4-8k,23.52941176470588
learned_K2_V2_s35_step10000,learned,2,35,qasper,Single QA,152,cb946dbdf9ffc22ebecce124f301530e4d5b721497ef6d5e,4287,4-8k,41.66666666666667
learned_K2_V2_s35_step10000,learned,2,35,qasper,Single QA,153,81e57b1fed504d174d593b8f0864a5e25b29785563a5f54b,4521,4-8k,100.0
learned_K2_V2_s35_step10000,learned,2,35,qasper,Single QA,154,bc7eab44a275ee5ece6a7875437bf83c9705081ff0f05c08,4322,4-8k,35.294117647058826
learned_K2_V2_s35_step10000,learned,2,35,qasper,Single QA,155,036805beea8a6e2cb953c1f2ca9559ea4dba4a824a37b4b5,4127,4-8k,100.0
learned_K2_V2_s35_step10000,learned,2,35,qasper,Single QA,156,dccaa27ae0be7f8009022b212d3ccc2d00a13e99c687dad8,4055,4-8k,0.0
learned_K2_V2_s35_step10000,learned,2,35,qasper,Single QA,157,3dd4efe4ba810c79311129e5d05cdb01a69522f464c7813d,6817,4-8k,0.0
learned_K2_V2_s35_step10000,learned,2,35,qasper,Single QA,158,d9a7e58e9aab49320c85391f5c17e5de89cfc1f573c28998,6810,4-8k,100.0
learned_K2_V2_s35_step10000,learned,2,35,qasper,Single QA,159,d5e92fcef6747ba1518ae7d8a46ad274b585425b2c889d5b,4738,4-8k,55.55555555555556
learned_K2_V2_s35_step10000,learned,2,35,qasper,Single QA,160,978f7c19ea6c745ddb18300a6dc9c451661e357fca3add52,4177,4-8k,33.333333333333336
learned_K2_V2_s35_step10000,learned,2,35,qasper,Single QA,161,d7906e115d8431133b71ebc7153d10a816d90301d0def756,4481,4-8k,50.0
learned_K2_V2_s35_step10000,learned,2,35,qasper,Single QA,162,c8597801a4a3bf1497b07619054e5f24fd395eb210d113fa,7257,4-8k,28.571428571428577
learned_K2_V2_s35_step10000,learned,2,35,qasper,Single QA,163,dcadecc0543ae52be074ae5faf2f33c684278cef100a96b2,4746,4-8k,100.0
learned_K2_V2_s35_step10000,learned,2,35,qasper,Single QA,164,98bd8cd56213ae44d7e70986840d791976f3a7d6bf333465,4323,4-8k,43.47826086956522
learned_K2_V2_s35_step10000,learned,2,35,qasper,Single QA,165,a4fb3e0fa052620263db39d9a236e26a4d7217452498793c,4475,4-8k,88.8888888888889
learned_K2_V2_s35_step10000,learned,2,35,qasper,Single QA,166,ca9328754a1ec513ba1e0f95d799d2c51edccde929004afc,4104,4-8k,0.0
learned_K2_V2_s35_step10000,learned,2,35,qasper,Single QA,167,1d74cf15feae9302442102605c3838418f99b746b992ae00,4536,4-8k,15.686274509803921
learned_K2_V2_s35_step10000,learned,2,35,qasper,Single QA,168,574a80e4ecd72977307dee420eb3aeebfa83ea1ece7c1b98,4123,4-8k,75.0
learned_K2_V2_s35_step10000,learned,2,35,qasper,Single QA,169,37d310b8f25173a3a2c9d20ebe84ffafefa0058f86e8d0e4,5151,4-8k,0.0
learned_K2_V2_s35_step10000,learned,2,35,qasper,Single QA,170,3bbe79889187b6242bf6c2105f20fab23c710d2ab512f630,4566,4-8k,32.727272727272734
learned_K2_V2_s35_step10000,learned,2,35,qasper,Single QA,171,02e222e13bc8a4f8a0a546d5145c47bd9ce846cc56930252,4964,4-8k,19.047619047619047
learned_K2_V2_s35_step10000,learned,2,35,qasper,Single QA,172,fea2cbfb8a37b19a11e07eaa90128173b42221db70044e00,4063,4-8k,22.22222222222222
learned_K2_V2_s35_step10000,learned,2,35,qasper,Single QA,173,32dc22f1cbfc6a9dca73db13be8fe8c474351d75bc89f6f4,4208,4-8k,0.0
learned_K2_V2_s35_step10000,learned,2,35,qasper,Single QA,174,33ddd8753bce3d759d4a6d1becadf82405054b86e2118059,4181,4-8k,0.0
learned_K2_V2_s35_step10000,learned,2,35,qasper,Single QA,175,5753a9c1fa5d2bdd0b8d62cff2e8bc31a31219157e30f0f9,4169,4-8k,0.0
learned_K2_V2_s35_step10000,learned,2,35,qasper,Single QA,176,37285cbec7dd9ac8cc0ed46491279364f3bf91e7cc32c615,4246,4-8k,51.61290322580646
learned_K2_V2_s35_step10000,learned,2,35,qasper,Single QA,177,19a34f87c9cd7791d684fa496ec85a640ddb60c99bd236f1,4718,4-8k,45.0
learned_K2_V2_s35_step10000,learned,2,35,qasper,Single QA,178,4224ab128ca9e42c596fb0fd04ca3d615952f253e3725abe,4117,4-8k,0.0
learned_K2_V2_s35_step10000,learned,2,35,qasper,Single QA,179,74c6d62192e26e2e3573fc892fe3694b12b9256b10be6b7d,4184,4-8k,20.0
learned_K2_V2_s35_step10000,learned,2,35,qasper,Single QA,180,7ac67bfb5e0d2112b056dab1b46e40b66bc9747f0fd3af32,4484,4-8k,0.0
learned_K2_V2_s35_step10000,learned,2,35,qasper,Single QA,181,df0e67f7bb91aa694d93b8194180a520f9c50c487837b913,4271,4-8k,21.62162162162162
learned_K2_V2_s35_step10000,learned,2,35,qasper,Single QA,182,eaa9cb2729ae6690219e0a3f54041e34df9e19c78759177e,4101,4-8k,100.0
learned_K2_V2_s35_step10000,learned,2,35,qasper,Single QA,183,36d8252c0a3f8d8442608fa5590637232261ce4bd997f1bf,4770,4-8k,0.0
learned_K2_V2_s35_step10000,learned,2,35,qasper,Single QA,184,728a8d6d91b4288534192bbdbe9041b1ffdc632459bf6e74,4377,4-8k,12.903225806451612
learned_K2_V2_s35_step10000,learned,2,35,qasper,Single QA,185,07bb22a9997c0e4edc5ca39b00dd60ac559504db455d102e,4489,4-8k,0.0
learned_K2_V2_s35_step10000,learned,2,35,qasper,Single QA,186,57e90555e82551bb8d4b0dfaaf6b559927d8af2a86ab1b79,4592,4-8k,100.0
learned_K2_V2_s35_step10000,learned,2,35,qasper,Single QA,187,a544d669a876a444d055a5fe80546f75d4ed06781e63fccf,4457,4-8k,100.0
learned_K2_V2_s35_step10000,learned,2,35,qasper,Single QA,188,87c99ae9a2cbedcbf1c0a24e950986342a800ef60c2178d9,4395,4-8k,51.85185185185185
learned_K2_V2_s35_step10000,learned,2,35,qasper,Single QA,189,928fadab56d65477308c48926750868d89a725d62a3f18c3,5063,4-8k,54.545454545454554
learned_K2_V2_s35_step10000,learned,2,35,qasper,Single QA,190,75db08d25c4d9494ee20a89c17197bff11c2c82a305c8103,4203,4-8k,7.4074074074074066
learned_K2_V2_s35_step10000,learned,2,35,qasper,Single QA,191,33e41f426c44c3d562c859a0dbcf481f9c33513f96429887,4259,4-8k,0.0
learned_K2_V2_s35_step10000,learned,2,35,qasper,Single QA,192,c46903fbc4bcb0a45688ed9064c20cc2f5a3c8df9601dd36,4857,4-8k,28.571428571428577
learned_K2_V2_s35_step10000,learned,2,35,qasper,Single QA,193,d8fa56cc40d195ace5ae35d187db59d7480cf969938ad3db,5092,4-8k,0.0
learned_K2_V2_s35_step10000,learned,2,35,qasper,Single QA,194,5fcb91d715f88b68ea7d76d66f477b3bff753f3fdf2a8021,4232,4-8k,53.65853658536586
learned_K2_V2_s35_step10000,learned,2,35,qasper,Single QA,195,2deacdb9d24dda48db481398bf1ad7e9c8af77bf9c86da33,4515,4-8k,0.0
learned_K2_V2_s35_step10000,learned,2,35,qasper,Single QA,196,12a6debfea98c0d1f3e5198c3a2f87d528e81598e5bdf6b6,7251,4-8k,0.0
learned_K2_V2_s35_step10000,learned,2,35,qasper,Single QA,197,de58f99e665ae3407fb660c6f52c301e8a714ccdb4392bcf,4187,4-8k,26.08695652173913
learned_K2_V2_s35_step10000,learned,2,35,qasper,Single QA,198,ace74f4b09cc038961e26ddc52f16956f9ab03f4f72425d6,4071,4-8k,100.0
learned_K2_V2_s35_step10000,learned,2,35,qasper,Single QA,199,4c3b7745c2acb52f50e8b98d34a979d5927177c5fbe2952e,5869,4-8k,41.66666666666667
learned_K2_V2_s35_step10000,learned,2,35,qasper,Single QA,200,6bc78370c92181718d2f91cc1cdb36a8937d8f1de01618ba,8530,8k+,11.594202898550725
learned_K2_V2_s35_step10000,learned,2,35,qasper,Single QA,201,35d0de0b850645999c71f6c821cb9165ee4eb6579385304d,8508,8k+,0.0
learned_K2_V2_s35_step10000,learned,2,35,qasper,Single QA,202,0da153430cc4d3999a6c67e8299d79be643e6248512ca37a,10349,8k+,0.0
learned_K2_V2_s35_step10000,learned,2,35,qasper,Single QA,203,68007f3e72c0b4653fe82c25ec73a7ac88c718e3d97a0687,8506,8k+,100.0
learned_K2_V2_s35_step10000,learned,2,35,qasper,Single QA,204,ea2a918a422d1b74fdb468c621328881c8993c8b3739112e,14468,8k+,35.29411764705882
learned_K2_V2_s35_step10000,learned,2,35,qasper,Single QA,205,1af3bf48e725d85d4a07cc397290bdd995f78051e050b29e,12950,8k+,100.0
learned_K2_V2_s35_step10000,learned,2,35,qasper,Single QA,206,9716249ac2c47bfde0e1ddbc5a71a4b6ee889013b7793f35,13395,8k+,0.0
learned_K2_V2_s35_step10000,learned,2,35,qasper,Single QA,207,fa0442f1637151bf1064269a3c73a41367694b2fd56c8b77,8647,8k+,57.14285714285715
learned_K2_V2_s35_step10000,learned,2,35,qasper,Single QA,208,6c05b9f61aecccccaf021d2b9e93cb1e5e8e0d8806d1c599,8196,8k+,40.0
learned_K2_V2_s35_step10000,learned,2,35,qasper,Single QA,209,074b526f101518a8f5c810fed1e28f757dacb7805b161e22,14472,8k+,0.0
learned_K2_V2_s35_step10000,learned,2,35,qasper,Single QA,210,4781229e3a6f14f84c47c5ab928bd0c00d819a5a8f9a8c8a,14465,8k+,100.0
learned_K2_V2_s35_step10000,learned,2,35,qasper,Single QA,211,7298df1684edcba5ed943763da3920e06b63260de694add2,13401,8k+,0.0
learned_K2_V2_s35_step10000,learned,2,35,qasper,Single QA,212,21fc5caf7a80aa10b3d9e86ca96d466edb09ae8961c22c85,12952,8k+,100.0
learned_K2_V2_s35_step10000,learned,2,35,qasper,Single QA,213,91ae438b56ee829ae6d3033084af6b51b351a31de7fa09bc,8641,8k+,0.0
learned_K2_V2_s35_step10000,learned,2,35,qasper,Single QA,214,3af993fab29778e14e8eaaf0ef7fd8d183cc609625c478f9,14481,8k+,66.66666666666666
learned_K2_V2_s35_step10000,learned,2,35,qasper,Single QA,215,d9d43f911734fede4a6c255ce0bfe6eceb581795453d69f8,12970,8k+,13.793103448275861
learned_K2_V2_s35_step10000,learned,2,35,qasper,Single QA,216,c55c56e9840ed81032398930eb8fff1dc8b72c0b090f1736,8509,8k+,0.0
learned_K2_V2_s35_step10000,learned,2,35,qasper,Single QA,217,3a92f5b9ebedea5d5efd1f4af956b59b4e0ae6ee33db136f,8555,8k+,8.333333333333332
learned_K2_V2_s35_step10000,learned,2,35,qasper,Single QA,218,c3925faf84892de7224e37e3990407cfe488855ff7f5ce11,13391,8k+,50.0
learned_K2_V2_s35_step10000,learned,2,35,qasper,Single QA,219,dbbebb60940e1e260cbdc6f1443c079ae72f8e45ebcf85d6,8643,8k+,100.0
learned_K2_V2_s35_step10000,learned,2,35,qasper,Single QA,220,537b4887d10740fbd33a2032a3cbcb8f36690242b963c597,14469,8k+,0.0
learned_K2_V2_s35_step10000,learned,2,35,qasper,Single QA,221,1bb7cd04a893fe2a5497bdf7d0dcb064da2ef56144b44bdd,14722,8k+,46.464646464646464
learned_K2_V2_s35_step10000,learned,2,35,qasper,Single QA,222,15adfca5ac1b7871589c9976c10ed76467b34af054d1b18e,14471,8k+,100.0
learned_K2_V2_s35_step10000,learned,2,35,qasper,Single QA,223,6fd8cd7777d0b6f36ccdfc044d9b5056e519fd11feb2a750,14660,8k+,73.33333333333334
learned_K2_V2_s35_step10000,learned,2,35,multifieldqa_en,Single QA,0,45e06726b160cfb851e2179017f90e37f4f4dec62f346e33,2188,0-4k,60.0
learned_K2_V2_s35_step10000,learned,2,35,multifieldqa_en,Single QA,1,e02f6a69d7b2a96a3aa6cd84a9189c2d552f6fb089f216e1,2292,0-4k,100.0
learned_K2_V2_s35_step10000,learned,2,35,multifieldqa_en,Single QA,2,dee63735510f6958f4c5bf318421c9b9fac0bc8b3e341a4a,2952,0-4k,80.0
learned_K2_V2_s35_step10000,learned,2,35,multifieldqa_en,Single QA,3,c29e95ab6195406aceecf3874186150cb1b8b26db5bcd0e4,819,0-4k,74.99999999999999
learned_K2_V2_s35_step10000,learned,2,35,multifieldqa_en,Single QA,4,ee53f01eb9a44de54723ab03918b7361f2eb630a35ce7b81,2184,0-4k,22.222222222222225
learned_K2_V2_s35_step10000,learned,2,35,multifieldqa_en,Single QA,5,101225d103936ad083c5da47c3dce73ce569b62cbaa093bd,1762,0-4k,9.523809523809526
learned_K2_V2_s35_step10000,learned,2,35,multifieldqa_en,Single QA,6,c93a8eb62278ce7c575ba542b2bcd5e610fa15035906463c,2054,0-4k,63.1578947368421
learned_K2_V2_s35_step10000,learned,2,35,multifieldqa_en,Single QA,7,f20114170ce5bb518f17950edb4ef828d980bba0bba01077,1201,0-4k,18.181818181818183
learned_K2_V2_s35_step10000,learned,2,35,multifieldqa_en,Single QA,8,a013f691a7063527fa4e7a4b357081c76656af3cd402a27a,2091,0-4k,100.0
learned_K2_V2_s35_step10000,learned,2,35,multifieldqa_en,Single QA,9,322b4b2b074049aac101086797d655a21671ef5a9f366353,669,0-4k,38.70967741935483
learned_K2_V2_s35_step10000,learned,2,35,multifieldqa_en,Single QA,10,2d48bbc2bd6052c5e67824752a9296cbbc26351616cd6d7e,2088,0-4k,100.0
learned_K2_V2_s35_step10000,learned,2,35,multifieldqa_en,Single QA,11,94ccf4d54b36e7e9d4aa594a7bc426528630a5b8aff296a4,3422,0-4k,80.0
learned_K2_V2_s35_step10000,learned,2,35,multifieldqa_en,Single QA,12,7a503a81877d3baca86f8d7179209e4899823433ab3326f3,2748,0-4k,57.14285714285714
learned_K2_V2_s35_step10000,learned,2,35,multifieldqa_en,Single QA,13,73b9b4130b4a4931bed5ea7e24331ce61b59271eac6c6c01,2008,0-4k,100.0
learned_K2_V2_s35_step10000,learned,2,35,multifieldqa_en,Single QA,14,7d9bc0ed11dfc39ab91980d15a95fcd9f5902d25f85ec436,3508,0-4k,46.511627906976756
learned_K2_V2_s35_step10000,learned,2,35,multifieldqa_en,Single QA,15,92bf77fcae3c753b768f1289eeb1e899fc8e75a14509a5f9,1865,0-4k,25.0
learned_K2_V2_s35_step10000,learned,2,35,multifieldqa_en,Single QA,16,ce720011515773e6bd7b4b355c52a7215ad2920f18a1ec14,1852,0-4k,100.0
learned_K2_V2_s35_step10000,learned,2,35,multifieldqa_en,Single QA,17,71902c8027dca26b265f12709ec21224b5abe8b9ef5750fd,1853,0-4k,61.53846153846153
learned_K2_V2_s35_step10000,learned,2,35,multifieldqa_en,Single QA,18,470018af720bc15decf8f7a9643250c9a6548c8efeb394cd,2085,0-4k,100.0
learned_K2_V2_s35_step10000,learned,2,35,multifieldqa_en,Single QA,19,635ad5e3696e0d297f3ea8909d42975a5c1eb49a7f4a8466,2397,0-4k,100.0
learned_K2_V2_s35_step10000,learned,2,35,multifieldqa_en,Single QA,20,d5422b0fdbed42c0f1d2213edb6c7637802452e4ca7287eb,812,0-4k,73.68421052631578
learned_K2_V2_s35_step10000,learned,2,35,multifieldqa_en,Single QA,21,934162f30867844eb8d74c9d62c1e2aba3fca790b5b1d53e,1203,0-4k,47.05882352941176
learned_K2_V2_s35_step10000,learned,2,35,multifieldqa_en,Single QA,22,c4f2dfb06f56a185067d2f147c4d846aa0b895f1968eda12,818,0-4k,100.0
learned_K2_V2_s35_step10000,learned,2,35,multifieldqa_en,Single QA,23,8e79ff617e6cfd373020194ce4cb84531a6aec6ab7e6cfc2,821,0-4k,0.0
learned_K2_V2_s35_step10000,learned,2,35,multifieldqa_en,Single QA,24,420ce59c7a0c084e938dd69dfacf59f61ac3ebbd237780c8,1856,0-4k,100.0
learned_K2_V2_s35_step10000,learned,2,35,multifieldqa_en,Single QA,25,69e69439e349a539ca4cff96ae35aa8499ca61886801d488,1414,0-4k,100.0
learned_K2_V2_s35_step10000,learned,2,35,multifieldqa_en,Single QA,26,0e2b2bc81542b95fb86a7fe76cf11c52316937c9aac9123e,2294,0-4k,44.44444444444445
learned_K2_V2_s35_step10000,learned,2,35,multifieldqa_en,Single QA,27,c6d0de0391867185e00e945075301d33fc1c5c05d2a7d082,2395,0-4k,100.0
learned_K2_V2_s35_step10000,learned,2,35,multifieldqa_en,Single QA,28,edbbdb9727c3a51310d24895d08c5a90673cb9d514770878,2345,0-4k,53.84615384615385
learned_K2_V2_s35_step10000,learned,2,35,multifieldqa_en,Single QA,29,ed61bdde19a3446389e989c06ab4209f464f9484d42dbd1c,972,0-4k,0.0
learned_K2_V2_s35_step10000,learned,2,35,multifieldqa_en,Single QA,30,67dd297408f3d52f22ede88df0b62644dac86da77f009e71,3590,0-4k,100.0
learned_K2_V2_s35_step10000,learned,2,35,multifieldqa_en,Single QA,31,49d0334d26929f712de2cba070a74752f415313c08166f80,2008,0-4k,100.0
learned_K2_V2_s35_step10000,learned,2,35,multifieldqa_en,Single QA,32,22034e095a602824678c4028e6f605919ce520270dc06089,663,0-4k,50.0
learned_K2_V2_s35_step10000,learned,2,35,multifieldqa_en,Single QA,33,f084724966601afea0017630eeee76cf0b65099356667bc2,2295,0-4k,100.0
learned_K2_V2_s35_step10000,learned,2,35,multifieldqa_en,Single QA,34,751053416f74a11311a13e801634fff8fd48649d3921b368,3150,0-4k,100.0
learned_K2_V2_s35_step10000,learned,2,35,multifieldqa_en,Single QA,35,ac42a5a54b029a05be6e6e13d9001a81761d7b40ad1edfe2,3247,0-4k,28.571428571428577
learned_K2_V2_s35_step10000,learned,2,35,multifieldqa_en,Single QA,36,c6eba7d0323b89bbdb0fbad233543848add08dcbfcbd875b,505,0-4k,0.0
learned_K2_V2_s35_step10000,learned,2,35,multifieldqa_en,Single QA,37,0ecdb8439f1360140995c6f5f6cc99c38cebb9216d1395e4,1504,0-4k,56.25
learned_K2_V2_s35_step10000,learned,2,35,multifieldqa_en,Single QA,38,235a5c99cd7fae9e2b410ad99c1b1fafea43799d3f1138a8,1810,0-4k,46.15384615384615
learned_K2_V2_s35_step10000,learned,2,35,multifieldqa_en,Single QA,39,fe952dfd723c9b88f1ed4665679b7a13987729fa1c37b0e3,2409,0-4k,0.0
learned_K2_V2_s35_step10000,learned,2,35,multifieldqa_en,Single QA,40,3074f07df75f95b421d8871cb9f6448e130ad7d948b137b8,1045,0-4k,78.7878787878788
learned_K2_V2_s35_step10000,learned,2,35,multifieldqa_en,Single QA,41,191c14b84f0c8cdad3297f2bee552fb089178995208d7185,3791,0-4k,100.0
learned_K2_V2_s35_step10000,learned,2,35,multifieldqa_en,Single QA,42,f01044ae4abc16064872421a7dc9b21c98dc2bb4f4b5351a,1195,0-4k,40.0
learned_K2_V2_s35_step10000,learned,2,35,multifieldqa_en,Single QA,43,47b9dbb6d85243ffdaf6d95e842986b30d49d95913f21b6a,3083,0-4k,44.44444444444444
learned_K2_V2_s35_step10000,learned,2,35,multifieldqa_en,Single QA,44,ec016e90ac78727f3c4aa176db472724bda53c07cb8cb696,682,0-4k,0.0
learned_K2_V2_s35_step10000,learned,2,35,multifieldqa_en,Single QA,45,4c9131da4fb2a9dbc8dadce39d20bdc302a092b5740c414a,1860,0-4k,22.22222222222222
learned_K2_V2_s35_step10000,learned,2,35,multifieldqa_en,Single QA,46,394cb48c037481d97cdf1dbd7adef475061b9e77235842e2,2556,0-4k,59.25925925925927
learned_K2_V2_s35_step10000,learned,2,35,multifieldqa_en,Single QA,47,622b577978afc1346c315f98a18678c8e6d5ccbf82511f74,1802,0-4k,100.0
learned_K2_V2_s35_step10000,learned,2,35,multifieldqa_en,Single QA,48,dffb383ee06d8413ac40e2c1ec7bde5548ef07fc8f35ad2f,2619,0-4k,0.0
learned_K2_V2_s35_step10000,learned,2,35,multifieldqa_en,Single QA,49,d70ca68d05af951cd8ff2052095597d1b4dca557bfb0b40b,2431,0-4k,100.0
learned_K2_V2_s35_step10000,learned,2,35,multifieldqa_en,Single QA,50,b619fa683cbbeb8db3d575fc2e261940701a530452b14eef,2115,0-4k,36.36363636363636
learned_K2_V2_s35_step10000,learned,2,35,multifieldqa_en,Single QA,51,74334862b5d8e2a02deb3c24aa90d5339e443fbc412453b8,3141,0-4k,0.0
learned_K2_V2_s35_step10000,learned,2,35,multifieldqa_en,Single QA,52,1f3b1e37c3d2ead7ab4fe7dd9d5cddd55b2c76d28e6bfc86,2554,0-4k,44.44444444444444
learned_K2_V2_s35_step10000,learned,2,35,multifieldqa_en,Single QA,53,6caa98612cf0e2ddf58e1ba70daaf79a3ac616280fb48188,2947,0-4k,0.0
learned_K2_V2_s35_step10000,learned,2,35,multifieldqa_en,Single QA,54,60c66572f28b071899547f0aa0b4a271969c3b153e96406b,3737,0-4k,33.33333333333333
learned_K2_V2_s35_step10000,learned,2,35,multifieldqa_en,Single QA,55,135b82aecda3c83cfd73d1447e8f92a8a44de50ffdb09444,3743,0-4k,38.70967741935483
learned_K2_V2_s35_step10000,learned,2,35,multifieldqa_en,Single QA,56,238c4efe738cecd8346abfdc57707996aef30f9b43d1a577,2103,0-4k,100.0
learned_K2_V2_s35_step10000,learned,2,35,multifieldqa_en,Single QA,57,910c9a02ee857c1019702818b6fa2d5c25ed432d08385ba8,898,0-4k,100.0
learned_K2_V2_s35_step10000,learned,2,35,multifieldqa_en,Single QA,58,462011b6f9beb976aaf7b38082bcf7d70a91c3c74d2c6e95,3597,0-4k,66.66666666666666
learned_K2_V2_s35_step10000,learned,2,35,multifieldqa_en,Single QA,59,46b15f1200c46251053ec3dfa806dbdf515eb34053a5e0d1,3080,0-4k,60.0
learned_K2_V2_s35_step10000,learned,2,35,multifieldqa_en,Single QA,60,25ebcea4435f88495b4175446d1d7d6dacb1034a8f861ca5,1489,0-4k,22.22222222222222
learned_K2_V2_s35_step10000,learned,2,35,multifieldqa_en,Single QA,61,5a18017502d827b72fc74d91f13f6f14193b4964c3420e47,2355,0-4k,49.999999999999986
learned_K2_V2_s35_step10000,learned,2,35,multifieldqa_en,Single QA,62,a40877e222497d3ff2efbeb1926e20600f8aac947820063c,3996,0-4k,63.63636363636363
learned_K2_V2_s35_step10000,learned,2,35,multifieldqa_en,Single QA,63,fc1544761460f97af3a338bbf3e3c648c00ec27b8b297069,1193,0-4k,100.0
learned_K2_V2_s35_step10000,learned,2,35,multifieldqa_en,Single QA,64,b321c147c0e0a8a35ee8738ad89326ecad1509bf591b4233,2616,0-4k,92.3076923076923
learned_K2_V2_s35_step10000,learned,2,35,multifieldqa_en,Single QA,65,b41aef2d0475f46a78a3168c6c8a614170975f82507cf2e4,2490,0-4k,0.0
learned_K2_V2_s35_step10000,learned,2,35,multifieldqa_en,Single QA,66,73debbba53d5848cdc1e726c047bb0b82c5730d747fa710c,3602,0-4k,87.50000000000001
learned_K2_V2_s35_step10000,learned,2,35,multifieldqa_en,Single QA,67,2d0e8d88c8dcd187eb0590fb072f6a69bd774c9aa029246b,4482,4-8k,60.0
learned_K2_V2_s35_step10000,learned,2,35,multifieldqa_en,Single QA,68,690d6407b1ef9f8d373370bbcb02f7ecf198379774101140,5567,4-8k,16.666666666666664
learned_K2_V2_s35_step10000,learned,2,35,multifieldqa_en,Single QA,69,7d357dddfddb09bf71c6ce3d2c6780b3380d725f534d0b91,7568,4-8k,38.70967741935483
learned_K2_V2_s35_step10000,learned,2,35,multifieldqa_en,Single QA,70,2646315b4135b08675c4ab2110dc544058659b9b6aab4752,6956,4-8k,0.0
learned_K2_V2_s35_step10000,learned,2,35,multifieldqa_en,Single QA,71,120cb783c796fbedbc76f04cf9be3318e54a63cd642c4401,6235,4-8k,36.36363636363636
learned_K2_V2_s35_step10000,learned,2,35,multifieldqa_en,Single QA,72,9ac60cf60d4bae1dc93b09f374b74b3dec8b1b333397d7cd,6240,4-8k,11.76470588235294
learned_K2_V2_s35_step10000,learned,2,35,multifieldqa_en,Single QA,73,f1b59c798ab323ea8409ba09709de506bd83699885ce61a5,5655,4-8k,14.634146341463413
learned_K2_V2_s35_step10000,learned,2,35,multifieldqa_en,Single QA,74,c677827fc67e60c6396dceb5c4194aaba925aa1c61ad7115,6743,4-8k,15.384615384615385
learned_K2_V2_s35_step10000,learned,2,35,multifieldqa_en,Single QA,75,e84f6371f23c95f766248ac4e52b781f325f52f09c6eb9ae,6048,4-8k,25.0
learned_K2_V2_s35_step10000,learned,2,35,multifieldqa_en,Single QA,76,daa4eb9d8b28a987b1c2c049200634cdc510636b19a64ccd,4837,4-8k,100.0
learned_K2_V2_s35_step10000,learned,2,35,multifieldqa_en,Single QA,77,e568cc6d77a0a433937ab4bcf62e49b36a5cf7b3faa0d3ab,5385,4-8k,74.99999999999999
learned_K2_V2_s35_step10000,learned,2,35,multifieldqa_en,Single QA,78,5b978c8d5792b07ad99da0fc2639c6046051e9c29825ad25,4297,4-8k,75.0
learned_K2_V2_s35_step10000,learned,2,35,multifieldqa_en,Single QA,79,ddfed65e5495d0257b22a9537993c3453d8590cc94b8e0d6,6444,4-8k,9.09090909090909
learned_K2_V2_s35_step10000,learned,2,35,multifieldqa_en,Single QA,80,1d46294ee8fcc0a64828778b04198fcbe4f75841775e1205,6900,4-8k,61.53846153846154
learned_K2_V2_s35_step10000,learned,2,35,multifieldqa_en,Single QA,81,b16c38bf627891a3bf60ee57f9f3c2f5730f4ea3a0f44b0e,6766,4-8k,50.0
learned_K2_V2_s35_step10000,learned,2,35,multifieldqa_en,Single QA,82,40a85211345155859f3d2f7268da928f516a65ac6f8c6e08,4468,4-8k,48.484848484848484
learned_K2_V2_s35_step10000,learned,2,35,multifieldqa_en,Single QA,83,04b588ff2dea15f4a9c4fdbaabc55aaad1ba3446114d6741,7565,4-8k,4.166666666666667
learned_K2_V2_s35_step10000,learned,2,35,multifieldqa_en,Single QA,84,c7ad556387e8215bae3f8ccd30ba35e0093218fe48168718,7133,4-8k,100.0
learned_K2_V2_s35_step10000,learned,2,35,multifieldqa_en,Single QA,85,cd0ecda68ad8031330b971fbfdd3794916e815109f004d3b,6133,4-8k,50.0
learned_K2_V2_s35_step10000,learned,2,35,multifieldqa_en,Single QA,86,7ae0ad8d4ded2dee79251ff4f951ecfcabad31d8b4f896ae,5346,4-8k,40.0
learned_K2_V2_s35_step10000,learned,2,35,multifieldqa_en,Single QA,87,d1f31d2998513a4552d0419e16f8eba896e9ea1c8403605b,6856,4-8k,0.0
learned_K2_V2_s35_step10000,learned,2,35,multifieldqa_en,Single QA,88,4c7891d780eb3f45e8c4e5bf14fd9ed6c0bf898fb159b329,6197,4-8k,18.18181818181818
learned_K2_V2_s35_step10000,learned,2,35,multifieldqa_en,Single QA,89,566881d2138d7e29cd6dd2b661b6f7ffe4c515c92fdaf837,5523,4-8k,10.0
learned_K2_V2_s35_step10000,learned,2,35,multifieldqa_en,Single QA,90,d427e3ab7584a0e253bfb6a9d76626b726c79b57d5e39f2a,6102,4-8k,21.052631578947366
learned_K2_V2_s35_step10000,learned,2,35,multifieldqa_en,Single QA,91,6ee1971ac8c7c0ee4a5add9ec201557d28d3c2f66b176fb4,7321,4-8k,21.428571428571427
learned_K2_V2_s35_step10000,learned,2,35,multifieldqa_en,Single QA,92,229b5bf2402ae2950c72494dcfd5f1c825c396205b49ca50,6539,4-8k,100.0
learned_K2_V2_s35_step10000,learned,2,35,multifieldqa_en,Single QA,93,aeb34faf1b5507b32d6d5b49474ea5c71d4ec2aa84a82d93,5665,4-8k,63.1578947368421
learned_K2_V2_s35_step10000,learned,2,35,multifieldqa_en,Single QA,94,e4725ed7b6df9933d5336f79d5c9d1d803a3e475831f1017,5429,4-8k,38.46153846153846
learned_K2_V2_s35_step10000,learned,2,35,multifieldqa_en,Single QA,95,4d6cd243b10a8460d2e2239182b797420ccc36335a74d23e,4017,4-8k,25.0
learned_K2_V2_s35_step10000,learned,2,35,multifieldqa_en,Single QA,96,032ee1448dec7751d00cd9f752fc61c5843a47e49dd7fcb6,4982,4-8k,17.391304347826086
learned_K2_V2_s35_step10000,learned,2,35,multifieldqa_en,Single QA,97,60b19bbfd875f79ca168f6db761d192ab710f9b5f395de89,5306,4-8k,72.72727272727273
learned_K2_V2_s35_step10000,learned,2,35,multifieldqa_en,Single QA,98,6b35731428ea6d9b480338b90572d21690c2fbb89ebba249,5588,4-8k,28.571428571428577
learned_K2_V2_s35_step10000,learned,2,35,multifieldqa_en,Single QA,99,18ef34b54d2ddc134e1be7cae3d6101432465011d016c77a,6625,4-8k,36.36363636363636
learned_K2_V2_s35_step10000,learned,2,35,multifieldqa_en,Single QA,100,b3f3be2f0b46c0df08868f749519635186e6e22cf054ca79,7142,4-8k,66.66666666666667
learned_K2_V2_s35_step10000,learned,2,35,multifieldqa_en,Single QA,101,0e9a32e0989483442381f0195e620fea8c5538e42f130bdb,5466,4-8k,9.523809523809526
learned_K2_V2_s35_step10000,learned,2,35,multifieldqa_en,Single QA,102,3c8e9fef2eae8f49aae38b7314a3425b99c3ca8b051e8293,6594,4-8k,61.53846153846153
learned_K2_V2_s35_step10000,learned,2,35,multifieldqa_en,Single QA,103,33bfe67a3d40e71a5e5351ea5db4ea55df61a018d071074b,6340,4-8k,52.94117647058824
learned_K2_V2_s35_step10000,learned,2,35,multifieldqa_en,Single QA,104,8fbf0a6531d9250e6bcda0c7ba456441f6d4073bf08de826,5701,4-8k,7.4074074074074066
learned_K2_V2_s35_step10000,learned,2,35,multifieldqa_en,Single QA,105,8d72c6709ee1da38a65cdfb4f9d90e7348fd8e356c0a8165,5660,4-8k,0.0
learned_K2_V2_s35_step10000,learned,2,35,multifieldqa_en,Single QA,106,048c12357868d908dfb979ef3c5c6cf7f6d85053acf1cac4,4467,4-8k,73.33333333333333
learned_K2_V2_s35_step10000,learned,2,35,multifieldqa_en,Single QA,107,c39f97567cff21a8591f02117632ea71e7b566f65d2d62ab,6567,4-8k,100.0
learned_K2_V2_s35_step10000,learned,2,35,multifieldqa_en,Single QA,108,5914446861ce8a3d0d9204dfc9d41edd747de735c3c3fc36,5646,4-8k,0.0
learned_K2_V2_s35_step10000,learned,2,35,multifieldqa_en,Single QA,109,79ffdceb9859803e365c3de5d24c187ed06b15f04d04ae6a,5339,4-8k,52.17391304347826
learned_K2_V2_s35_step10000,learned,2,35,multifieldqa_en,Single QA,110,91c198d5820bfba5caf396532a0b30a531e9d09a7a9005a4,5088,4-8k,21.05263157894737
learned_K2_V2_s35_step10000,learned,2,35,multifieldqa_en,Single QA,111,59a29a109088d9bd027b8fb77c20871684aa5069abec8e20,5514,4-8k,62.500000000000014
learned_K2_V2_s35_step10000,learned,2,35,multifieldqa_en,Single QA,112,4ad542cf320f1c01a4bce92a59628789784cf9722d7d476c,5241,4-8k,45.45454545454545
learned_K2_V2_s35_step10000,learned,2,35,multifieldqa_en,Single QA,113,9831469b98405cd1fc1bee7de6f9630ae1cbb5946fd7ca0b,6925,4-8k,23.25581395348837
learned_K2_V2_s35_step10000,learned,2,35,multifieldqa_en,Single QA,114,3a63a9ca3248cecdeef9f43282a5162ff154b0bcdcf4ba81,6599,4-8k,41.37931034482759
learned_K2_V2_s35_step10000,learned,2,35,multifieldqa_en,Single QA,115,7e9ba2f426e81faad004a9aba93c714af689ed705e544d22,6819,4-8k,48.00000000000001
learned_K2_V2_s35_step10000,learned,2,35,multifieldqa_en,Single QA,116,7f8fc6a04f8be9000b41098aa0f8d7fbfd42e2aa43bf7997,5086,4-8k,0.0
learned_K2_V2_s35_step10000,learned,2,35,multifieldqa_en,Single QA,117,34f9b2c3d79ced580687f9653a6908215f79b1405a918cd0,7670,4-8k,100.0
learned_K2_V2_s35_step10000,learned,2,35,multifieldqa_en,Single QA,118,2914f0d14be47681d3c23b975c5bdadf23943ddd2bdd99d5,6839,4-8k,100.0
learned_K2_V2_s35_step10000,learned,2,35,multifieldqa_en,Single QA,119,f9b9a553107eed5b994a9aaf07e8ccac487feaa8ff108ec6,5917,4-8k,17.647058823529413
learned_K2_V2_s35_step10000,learned,2,35,multifieldqa_en,Single QA,120,583c9765ccee578fbc4e86090b48ca54163aa00fd5911cfe,5906,4-8k,100.0
learned_K2_V2_s35_step10000,learned,2,35,multifieldqa_en,Single QA,121,917f18543035ee1b9161cded1d3352531dbf3b249b5f0a18,5009,4-8k,71.42857142857143
learned_K2_V2_s35_step10000,learned,2,35,multifieldqa_en,Single QA,122,f9e0095ae38b9c36aac766c4b82f41be5b7560ce8e544675,5970,4-8k,100.0
learned_K2_V2_s35_step10000,learned,2,35,multifieldqa_en,Single QA,123,0da7747b164232cac911a34f6d0421028b27db0ce70e26a7,7021,4-8k,0.0
learned_K2_V2_s35_step10000,learned,2,35,multifieldqa_en,Single QA,124,4214e20df9d299bae4fb9ba8d1b4792d516812e86960009c,6654,4-8k,12.121212121212123
learned_K2_V2_s35_step10000,learned,2,35,multifieldqa_en,Single QA,125,69ea47e54e2cedec193247f452f5d3bbef2566a93f1dd353,4334,4-8k,30.0
learned_K2_V2_s35_step10000,learned,2,35,multifieldqa_en,Single QA,126,a8da0d2585bb54d571a2ab4a539b61eef56b5e271692be42,6958,4-8k,57.14285714285715
learned_K2_V2_s35_step10000,learned,2,35,multifieldqa_en,Single QA,127,b5b0eb150f44a4d7641b9adf9267ca0c2492ea46626449b3,6202,4-8k,22.857142857142858
learned_K2_V2_s35_step10000,learned,2,35,multifieldqa_en,Single QA,128,aeb6cb26b11fc386727a529761d9d233ec7ba8dea9800b0f,6097,4-8k,44.44444444444445
learned_K2_V2_s35_step10000,learned,2,35,multifieldqa_en,Single QA,129,df53ff06fbc99dbae6bfe13a946420321d4542480eeb56f3,6101,4-8k,66.66666666666667
learned_K2_V2_s35_step10000,learned,2,35,multifieldqa_en,Single QA,130,37dfd65b9a8316b9569875b8bcfc5a8bd65e044a88b2e894,5225,4-8k,61.53846153846153
learned_K2_V2_s35_step10000,learned,2,35,multifieldqa_en,Single QA,131,c18fe208b75f8f5b4214e2cb17420d75bf525e176e425fc0,6308,4-8k,54.54545454545454
learned_K2_V2_s35_step10000,learned,2,35,multifieldqa_en,Single QA,132,f3374a1971e3cfb4f241e04b82d5016d892e9e32a4aa2b53,6312,4-8k,35.0
learned_K2_V2_s35_step10000,learned,2,35,multifieldqa_en,Single QA,133,ad753e5807afddae5d0a133de86b5224cb074edfcc9477bf,7146,4-8k,75.86206896551725
learned_K2_V2_s35_step10000,learned,2,35,multifieldqa_en,Single QA,134,c60792f391b389a1c44b0a8f62f4a792d9ed82286b1b7f95,6706,4-8k,42.42424242424242
learned_K2_V2_s35_step10000,learned,2,35,multifieldqa_en,Single QA,135,13b04172d2261a0c9545a0e3670c1c43105ccab41ce1a726,5389,4-8k,22.22222222222222
learned_K2_V2_s35_step10000,learned,2,35,multifieldqa_en,Single QA,136,41e27260a12cc40a778f8c1ba8bf643ee655871a458e5e1c,6250,4-8k,54.545454545454554
learned_K2_V2_s35_step10000,learned,2,35,multifieldqa_en,Single QA,137,a9f124fabc341d61e359af8e8badf79dd63a97896c28842e,9607,8k+,34.615384615384606
learned_K2_V2_s35_step10000,learned,2,35,multifieldqa_en,Single QA,138,bda4a6b251a601b7f7f956f298b59d8e99993845c1eaf7d6,8281,8k+,70.58823529411764
learned_K2_V2_s35_step10000,learned,2,35,multifieldqa_en,Single QA,139,d2a588e420083f151239e660bd47ec0cad9732ec308ab9bc,10337,8k+,0.0
learned_K2_V2_s35_step10000,learned,2,35,multifieldqa_en,Single QA,140,6065487485ac8c59b14aeb4bfb6c0cc1c26203d0ab1d3b1b,8501,8k+,33.33333333333333
learned_K2_V2_s35_step10000,learned,2,35,multifieldqa_en,Single QA,141,110688fd7522324ef26cbf3ec4f4b7ab29aa0b687aa1ade5,8366,8k+,64.70588235294117
learned_K2_V2_s35_step10000,learned,2,35,multifieldqa_en,Single QA,142,56514cd4cf8dac4f9081927e3ffaaca1ff1231198b7b16e9,8511,8k+,58.823529411764696
learned_K2_V2_s35_step10000,learned,2,35,multifieldqa_en,Single QA,143,2f73cf12085e3fb879c775fc4851b72092a060cad5a927c6,8925,8k+,78.26086956521739
learned_K2_V2_s35_step10000,learned,2,35,multifieldqa_en,Single QA,144,46a2207a7a3f6d98effa73491cf83b63f92e29e0023c6e52,9437,8k+,72.72727272727273
learned_K2_V2_s35_step10000,learned,2,35,multifieldqa_en,Single QA,145,ae5a3edc1bc76fee6fa1aa6557e83bc3cfea0c190763ecce,10325,8k+,26.666666666666668
learned_K2_V2_s35_step10000,learned,2,35,multifieldqa_en,Single QA,146,425c85c840db6f65192aa477d41c9c18a60a4ccaf0e1e6df,8232,8k+,84.21052631578948
learned_K2_V2_s35_step10000,learned,2,35,multifieldqa_en,Single QA,147,25d54c0a145838996b56def82126f35b3fabe3e100d10fc0,10003,8k+,8.888888888888888
learned_K2_V2_s35_step10000,learned,2,35,multifieldqa_en,Single QA,148,0f101ee4ea9d1d88998598e0405367ad95912c92a7d7a31d,8501,8k+,100.0
learned_K2_V2_s35_step10000,learned,2,35,multifieldqa_en,Single QA,149,80a04c9306d232e6327b14f03e260d28060fe12395d87e31,8784,8k+,100.0
learned_K2_V2_s35_step10000,learned,2,35,hotpotqa,Multi QA,0,1dae9ec530a93f43f85bd215a5c0e6737dbcf226cd3541d8,3745,0-4k,66.66666666666666
learned_K2_V2_s35_step10000,learned,2,35,hotpotqa,Multi QA,1,b2af3aefc3bc4f5ba5340eca87389e8dcaa6fa1834110aaf,3669,0-4k,100.0
learned_K2_V2_s35_step10000,learned,2,35,hotpotqa,Multi QA,2,8a8f9b9a86f187871fec7c7adf266d2f5e8a657933b690b1,2697,0-4k,0.0
learned_K2_V2_s35_step10000,learned,2,35,hotpotqa,Multi QA,3,ebbd87b5c458cf749032bb57bb69ba30cd54ac841b39153d,734,0-4k,100.0
learned_K2_V2_s35_step10000,learned,2,35,hotpotqa,Multi QA,4,688290dc04d1d27718acde2852886321869e2144c642a93e,2329,0-4k,25.0
learned_K2_V2_s35_step10000,learned,2,35,hotpotqa,Multi QA,5,b28a378bd6fd7d6f9edfad27b853b6e1dcfca0f26b07a557,2854,0-4k,50.0
learned_K2_V2_s35_step10000,learned,2,35,hotpotqa,Multi QA,6,6f1878db4a5deb3dd168bf2275cd753e434311c0900ce549,3791,0-4k,100.0
learned_K2_V2_s35_step10000,learned,2,35,hotpotqa,Multi QA,7,bc41e6e732844618d6a0e90a089ddcb5803a7d5d2dcae923,2762,0-4k,66.66666666666666
learned_K2_V2_s35_step10000,learned,2,35,hotpotqa,Multi QA,8,6ad3ed1320a952efd9df47137729d6f27f4fb720739dc5be,3650,0-4k,80.0
learned_K2_V2_s35_step10000,learned,2,35,hotpotqa,Multi QA,9,21b53766bfa36a6cf080a4624c2ff14559e75c253e514f95,3268,0-4k,0.0
learned_K2_V2_s35_step10000,learned,2,35,hotpotqa,Multi QA,10,4bed97d5daa9f4078353a6cd57e7427f4a854bffa5c09234,3711,0-4k,50.0
learned_K2_V2_s35_step10000,learned,2,35,hotpotqa,Multi QA,11,bd73411dca43834c6d3f153f1eac9919a0fb3a8ae909ee67,2601,0-4k,100.0
learned_K2_V2_s35_step10000,learned,2,35,hotpotqa,Multi QA,12,df9c97f6d1531f7868982667505b92012d0919604b6fe131,111,0-4k,25.0
learned_K2_V2_s35_step10000,learned,2,35,hotpotqa,Multi QA,13,c5b67fae3f50b2c27eaa6248ea92ba04b917aca24810ab36,3414,0-4k,80.0
learned_K2_V2_s35_step10000,learned,2,35,hotpotqa,Multi QA,14,4238125ba7385b441a08dedeb5cf574bf64bfe06e8d578e6,2800,0-4k,0.0
learned_K2_V2_s35_step10000,learned,2,35,hotpotqa,Multi QA,15,88a86128267b1d8a14f97c64a5b03ad6c0aa0cb6d02c4336,3293,0-4k,100.0
learned_K2_V2_s35_step10000,learned,2,35,hotpotqa,Multi QA,16,88ecef6a544abe95c7d7b3130586c02359d2a3efa43fd1f5,3177,0-4k,0.0
learned_K2_V2_s35_step10000,learned,2,35,hotpotqa,Multi QA,17,b0f42fe35532a3195281456d38184da20c1eba239afb0c9c,3419,0-4k,50.0
learned_K2_V2_s35_step10000,learned,2,35,hotpotqa,Multi QA,18,b736f7476502aa44aa8a45aad32d21e1f30caf2af63ca2f5,1907,0-4k,0.0
learned_K2_V2_s35_step10000,learned,2,35,hotpotqa,Multi QA,19,52d590122036aad981cb7bfde8070e43dac3402b18ebe504,3577,0-4k,0.0
learned_K2_V2_s35_step10000,learned,2,35,hotpotqa,Multi QA,20,b55bff6ef6f22a2c6dee6ff372eca9a460934b1b09868ee9,3863,0-4k,0.0
learned_K2_V2_s35_step10000,learned,2,35,hotpotqa,Multi QA,21,0f1a738be89f269824727205b57bbd6a919c1624dce1ef75,3769,0-4k,66.66666666666666
learned_K2_V2_s35_step10000,learned,2,35,hotpotqa,Multi QA,22,c16d4b1878bbdb269cbee8cb555ce4ab1c3235feffd45569,2389,0-4k,0.0
learned_K2_V2_s35_step10000,learned,2,35,hotpotqa,Multi QA,23,5938b467f1d6ee64c2bed583d2b845f3bc1a3ea06f8d4a5a,3547,0-4k,100.0
learned_K2_V2_s35_step10000,learned,2,35,hotpotqa,Multi QA,24,9ba6e5905bd2df894da4f773da7a85162463143e34f5f6d4,3287,0-4k,100.0
learned_K2_V2_s35_step10000,learned,2,35,hotpotqa,Multi QA,25,69a7a204e296babb322d3fe7c7ee60e6b8f0f70e237abb80,3918,0-4k,100.0
learned_K2_V2_s35_step10000,learned,2,35,hotpotqa,Multi QA,26,8dae4c4136fe8138095f740306ea35bb648d77c099927568,3591,0-4k,100.0
learned_K2_V2_s35_step10000,learned,2,35,hotpotqa,Multi QA,27,c200a2948150d50d1f8127771d41e7c225df30d520c4b946,2598,0-4k,22.22222222222222
learned_K2_V2_s35_step10000,learned,2,35,hotpotqa,Multi QA,28,6a19ad6f564ebfc50447ee4315ab9a246aeb472906728777,3741,0-4k,0.0
learned_K2_V2_s35_step10000,learned,2,35,hotpotqa,Multi QA,29,a5b6031f24f2af89a8ea917c39ba1652e5608649660bb138,2466,0-4k,100.0
learned_K2_V2_s35_step10000,learned,2,35,hotpotqa,Multi QA,30,4f578bedb58906daa59e91baacc5d3c4b5d68d82e086891d,3790,0-4k,0.0
learned_K2_V2_s35_step10000,learned,2,35,hotpotqa,Multi QA,31,f349d7bdea5f38b858c69ddae4698a287f9d201869c14919,1541,0-4k,0.0
learned_K2_V2_s35_step10000,learned,2,35,hotpotqa,Multi QA,32,74a0d1f482742706d6caa7317a2ffb16435c55f201103ba5,3090,0-4k,0.0
learned_K2_V2_s35_step10000,learned,2,35,hotpotqa,Multi QA,33,61356d2aa30332d1822f56cd5b6df2c5dead62a4181e9a21,3406,0-4k,25.0
learned_K2_V2_s35_step10000,learned,2,35,hotpotqa,Multi QA,34,8e6601795d9fc7f058d0ddda2a16f2529eadaada16a006d0,3704,0-4k,100.0
learned_K2_V2_s35_step10000,learned,2,35,hotpotqa,Multi QA,35,d7b20f67e2075e1bd7631ad951da5c23469d19c1318b4541,3000,0-4k,0.0
learned_K2_V2_s35_step10000,learned,2,35,hotpotqa,Multi QA,36,941e86896e755bc2d10bd939afcefbb32e3365365be43835,1761,0-4k,18.181818181818183
learned_K2_V2_s35_step10000,learned,2,35,hotpotqa,Multi QA,37,d1b29add2ea05572b337d86f1acb96a13dda4dbf096647d7,2671,0-4k,0.0
learned_K2_V2_s35_step10000,learned,2,35,hotpotqa,Multi QA,38,290bb908487a6d2e88a53f395727e7225abdf1260ecaef68,3601,0-4k,22.22222222222222
learned_K2_V2_s35_step10000,learned,2,35,hotpotqa,Multi QA,39,d11894d8411463b8ec99c7e12fe204b484174dceaf7ba0fb,2545,0-4k,0.0
learned_K2_V2_s35_step10000,learned,2,35,hotpotqa,Multi QA,40,d3b42d558b1a0e6d38a3cd63521f90726d0a0726bd3400c1,3776,0-4k,0.0
learned_K2_V2_s35_step10000,learned,2,35,hotpotqa,Multi QA,41,0ebb34fb89eb103fe51560a7476ae614425ef52179dd32a9,2891,0-4k,33.33333333333333
learned_K2_V2_s35_step10000,learned,2,35,hotpotqa,Multi QA,42,ef3faa552971c8c2dd04a40301cb536d27289864a68fe138,2133,0-4k,0.0
learned_K2_V2_s35_step10000,learned,2,35,hotpotqa,Multi QA,43,8e348ff8c7fe91fcdd2e8e125ae327716c5a04757dda4b4e,752,0-4k,40.0
learned_K2_V2_s35_step10000,learned,2,35,hotpotqa,Multi QA,44,3e29874cffa4ccc14dabef70cbc30a78da1c5e9a0458d947,1302,0-4k,100.0
learned_K2_V2_s35_step10000,learned,2,35,hotpotqa,Multi QA,45,b6235b32ffcb6ea10641007b8fcddc811f28f8dd666db5eb,3293,0-4k,0.0
learned_K2_V2_s35_step10000,learned,2,35,hotpotqa,Multi QA,46,f0e60dbc6890e706835583d8f0df3574fae87ab373935366,3400,0-4k,0.0
learned_K2_V2_s35_step10000,learned,2,35,hotpotqa,Multi QA,47,6a97b2edeb1facd7c602f5f63be3d99cb1d04672607309ed,3728,0-4k,0.0
learned_K2_V2_s35_step10000,learned,2,35,hotpotqa,Multi QA,48,3f73dcdfb096a95f16485ba2632ca6424220d373502b7247,3964,0-4k,66.66666666666666
learned_K2_V2_s35_step10000,learned,2,35,hotpotqa,Multi QA,49,47cd5e5112b2781b51123ef1de243e4e0818c2dd36fdaf5c,3630,0-4k,36.36363636363636
learned_K2_V2_s35_step10000,learned,2,35,hotpotqa,Multi QA,50,b6937f20ef0fdf18376c34d8ce3883c3a0b14f80428b221d,2895,0-4k,0.0
learned_K2_V2_s35_step10000,learned,2,35,hotpotqa,Multi QA,51,0c3cd45c98cc3577c0ca66908cfea21344e42aba1b031fcf,2491,0-4k,0.0
learned_K2_V2_s35_step10000,learned,2,35,hotpotqa,Multi QA,52,c1139ce1c2c80bfe4dbf57d4a465d08a581afff06460cbcf,2928,0-4k,0.0
learned_K2_V2_s35_step10000,learned,2,35,hotpotqa,Multi QA,53,14ca92f00403adf71a96bdad86851af3debf79c23a990e5f,1274,0-4k,0.0
learned_K2_V2_s35_step10000,learned,2,35,hotpotqa,Multi QA,54,f0c380a8573b63e5d7ceede29d59b57f2ebcc285e8085faa,3788,0-4k,100.0
learned_K2_V2_s35_step10000,learned,2,35,hotpotqa,Multi QA,55,cf5c4cd4af1cb98d9c38964f3511f5845d5a57a0b7764ffb,3361,0-4k,19.04761904761905
learned_K2_V2_s35_step10000,learned,2,35,hotpotqa,Multi QA,56,f9b8e98a905a8f658900099bb0b055459bbd4b25460f0eb0,3717,0-4k,100.0
learned_K2_V2_s35_step10000,learned,2,35,hotpotqa,Multi QA,57,113e438a19f64d2493f5bc9431d10bd2c7c451415141d17a,1796,0-4k,14.285714285714288
learned_K2_V2_s35_step10000,learned,2,35,hotpotqa,Multi QA,58,d9498c0fbfcb672ba5d114d73232817f7d7dd66ac68dc476,2139,0-4k,25.0
learned_K2_V2_s35_step10000,learned,2,35,hotpotqa,Multi QA,59,4f5b0bbb79b41096e3c08dc389fa73bed986646fbdd433f1,455,0-4k,57.14285714285715
learned_K2_V2_s35_step10000,learned,2,35,hotpotqa,Multi QA,60,91ff48762b9f238d01139bf7b4ef08c0fc4f1b504c6f38b9,3216,0-4k,100.0
learned_K2_V2_s35_step10000,learned,2,35,hotpotqa,Multi QA,61,406311f7ab0d87c7aa2a4886827e640bc0848e8206f816c2,2519,0-4k,66.66666666666666
learned_K2_V2_s35_step10000,learned,2,35,hotpotqa,Multi QA,62,742da520ae9d71cce87bd2fe8b9e1f379159e6d8aa5b9e76,3618,0-4k,0.0
learned_K2_V2_s35_step10000,learned,2,35,hotpotqa,Multi QA,63,4fbaf72dc6fc9bceb3746826579bb421ec7c2e65d97a5ef5,1735,0-4k,0.0
learned_K2_V2_s35_step10000,learned,2,35,hotpotqa,Multi QA,64,63dbf610a548f46c6ab48873e867d8ac279baed6641602e2,3708,0-4k,0.0
learned_K2_V2_s35_step10000,learned,2,35,hotpotqa,Multi QA,65,b25c605406d7d878df1dfab8199dbba951b14e1fb2a65a35,3796,0-4k,100.0
learned_K2_V2_s35_step10000,learned,2,35,hotpotqa,Multi QA,66,36e5ab0a4991476aeab80eb9b897f09f27717796bc6aa908,1838,0-4k,0.0
learned_K2_V2_s35_step10000,learned,2,35,hotpotqa,Multi QA,67,2e6f3da4d71681979d8faa844f9933978a68d0d278d21516,3336,0-4k,10.0
learned_K2_V2_s35_step10000,learned,2,35,hotpotqa,Multi QA,68,cf1b601c9da569e7286d059d10e98ec641feaaa8e68f2989,2867,0-4k,0.0
learned_K2_V2_s35_step10000,learned,2,35,hotpotqa,Multi QA,69,32df1826569ba2db1e7372f1dd4515988607c0184b36301b,2472,0-4k,21.052631578947366
learned_K2_V2_s35_step10000,learned,2,35,hotpotqa,Multi QA,70,351bdad4f6d1d47cf299e4b7821c10cd834a874391987870,3552,0-4k,66.66666666666666
learned_K2_V2_s35_step10000,learned,2,35,hotpotqa,Multi QA,71,ea0c46ce6d9b17006228bd28e9b29f09285b9f0d4fd646f2,2969,0-4k,100.0
learned_K2_V2_s35_step10000,learned,2,35,hotpotqa,Multi QA,72,b93a83c066e5eaed55de4cf4aa7833d7d232397d660b5e2f,3285,0-4k,0.0
learned_K2_V2_s35_step10000,learned,2,35,hotpotqa,Multi QA,73,8333f3e9e6703387546f30d78b61e07f326a7ea0aecdf557,2202,0-4k,0.0
learned_K2_V2_s35_step10000,learned,2,35,hotpotqa,Multi QA,74,c4060a84a9f2595ffbb355e4a5cc6dea19235ab2adb3156d,3332,0-4k,100.0
learned_K2_V2_s35_step10000,learned,2,35,hotpotqa,Multi QA,75,3cdadb5be4ed28de045f8fc2e382909260a2b70ff26884cb,3035,0-4k,100.0
learned_K2_V2_s35_step10000,learned,2,35,hotpotqa,Multi QA,76,63a9ac0273294a8066497413f2a767fefdd9aa39949c7537,3205,0-4k,100.0
learned_K2_V2_s35_step10000,learned,2,35,hotpotqa,Multi QA,77,e431ceccabc23b11ab492c9bf6f28c3b5692616abfdf5c2e,2883,0-4k,40.0
learned_K2_V2_s35_step10000,learned,2,35,hotpotqa,Multi QA,78,c6d7b3b756c44de21e714d0d2e76444a864e7537944085b8,2053,0-4k,100.0
learned_K2_V2_s35_step10000,learned,2,35,hotpotqa,Multi QA,79,a5c3e979e6783cb02797f4da64154ae9c1ec36dc5f39ea53,3757,0-4k,100.0
learned_K2_V2_s35_step10000,learned,2,35,hotpotqa,Multi QA,80,22184292bf7410d2d495211c1996a20a337933bfb4e1e343,3695,0-4k,100.0
learned_K2_V2_s35_step10000,learned,2,35,hotpotqa,Multi QA,81,7d70e52523b8024edbe02108598febd714806f6c91d5a7a2,3741,0-4k,0.0
learned_K2_V2_s35_step10000,learned,2,35,hotpotqa,Multi QA,82,c067169e689ae603986f5eb6f76f0a3c14f7b4183f3b73cd,3731,0-4k,18.181818181818183
learned_K2_V2_s35_step10000,learned,2,35,hotpotqa,Multi QA,83,a375f8b0473dca4fc0398789869b3a93d9705a98d5d09852,2379,0-4k,0.0
learned_K2_V2_s35_step10000,learned,2,35,hotpotqa,Multi QA,84,698e2258fc3a07adfb7318286ac5d208ebd82585da5af8b3,2319,0-4k,100.0
learned_K2_V2_s35_step10000,learned,2,35,hotpotqa,Multi QA,85,34d08a67ba7f669a04efb1c32fd70f739db7f82091725db7,2998,0-4k,25.0
learned_K2_V2_s35_step10000,learned,2,35,hotpotqa,Multi QA,86,2b6cd9aa92288838d707604fa1d2b37633700a112f964162,1457,0-4k,100.0
learned_K2_V2_s35_step10000,learned,2,35,hotpotqa,Multi QA,87,8244358650888a99d94359305e0f3815388f263c038c7c0f,3939,0-4k,0.0
learned_K2_V2_s35_step10000,learned,2,35,hotpotqa,Multi QA,88,f13d74f97a90cb581d1685aa53317a17ae763a9b3c9f2d8b,3217,0-4k,100.0
learned_K2_V2_s35_step10000,learned,2,35,hotpotqa,Multi QA,89,4d11069ad20503043d9ea9325e22a7453cd0ae5e13010e41,3829,0-4k,100.0
learned_K2_V2_s35_step10000,learned,2,35,hotpotqa,Multi QA,90,1b881ee64e93f1e61f1df0334ac08bd45b493401f2354e0f,2072,0-4k,100.0
learned_K2_V2_s35_step10000,learned,2,35,hotpotqa,Multi QA,91,0d54623736a9c423848fc0b278c2069aeb58de2882f7503e,2672,0-4k,0.0
learned_K2_V2_s35_step10000,learned,2,35,hotpotqa,Multi QA,92,32ad36b963ce30dc10af96f5fd49615a08f314fd96498faf,1760,0-4k,7.4074074074074066
learned_K2_V2_s35_step10000,learned,2,35,hotpotqa,Multi QA,93,641565317ef243377df5dfb1fe84d3a56e521f89de5ce5e7,3674,0-4k,100.0
learned_K2_V2_s35_step10000,learned,2,35,hotpotqa,Multi QA,94,e14effdfd1d2d53f9eb0f892aa7e91d04e846a77d24f397f,3705,0-4k,100.0
learned_K2_V2_s35_step10000,learned,2,35,hotpotqa,Multi QA,95,e119cb76f4954626c5b4c08692acc7a83e7ddb7a9911dd59,2584,0-4k,100.0
learned_K2_V2_s35_step10000,learned,2,35,hotpotqa,Multi QA,96,ad3b0ce8a9aaed70ba9db2fdae6d812ae61d39b7cb409376,3730,0-4k,40.0
learned_K2_V2_s35_step10000,learned,2,35,hotpotqa,Multi QA,97,a1ad85740f9f027ce82ce54726c3db3c8fd251b83bec2a98,3271,0-4k,0.0
learned_K2_V2_s35_step10000,learned,2,35,hotpotqa,Multi QA,98,74ff279e24bf3a6da0e4c2cfa171459c99b239b3fda296e9,2408,0-4k,16.0
learned_K2_V2_s35_step10000,learned,2,35,hotpotqa,Multi QA,99,fa4172088faf2a2d18c5d480ea63bc75d1e5ac2376325e2d,2862,0-4k,0.0
learned_K2_V2_s35_step10000,learned,2,35,hotpotqa,Multi QA,100,612b22ddfee72f7d30dcbdc9882a7ac1c3e87abe0279877d,4208,4-8k,100.0
learned_K2_V2_s35_step10000,learned,2,35,hotpotqa,Multi QA,101,a596654591a6ea9372094158f43d848e900a3ccd098722aa,7431,4-8k,0.0
learned_K2_V2_s35_step10000,learned,2,35,hotpotqa,Multi QA,102,515a5cbf646c2891fde47be6b8fa3442571938d8dac8827a,6860,4-8k,100.0
learned_K2_V2_s35_step10000,learned,2,35,hotpotqa,Multi QA,103,672ac6b90aa47aabebb2d6d2403a49658880c5c864cd06e9,4166,4-8k,0.0
learned_K2_V2_s35_step10000,learned,2,35,hotpotqa,Multi QA,104,67196e7c2c0882af46790e6cc5a0ec409d150f94954110e8,6847,4-8k,100.0
learned_K2_V2_s35_step10000,learned,2,35,hotpotqa,Multi QA,105,e3569c47223f23fe2d38adc0478c64f81cdce476664d690c,7104,4-8k,100.0
learned_K2_V2_s35_step10000,learned,2,35,hotpotqa,Multi QA,106,36b7e445832590b8ddf74995162cd5e94f7f620cdfc992dd,7169,4-8k,0.0
learned_K2_V2_s35_step10000,learned,2,35,hotpotqa,Multi QA,107,0a032a289e2074f40a2b77b495a5536a9228047944d84de5,4751,4-8k,22.222222222222225
learned_K2_V2_s35_step10000,learned,2,35,hotpotqa,Multi QA,108,1b9be121d18a7cb78e9a92589a08d546467d40f05b9103d5,7708,4-8k,0.0
learned_K2_V2_s35_step10000,learned,2,35,hotpotqa,Multi QA,109,446bbf21f76c9f7a31bb4557ab81001f81ba6d60a408f8a2,5850,4-8k,8.333333333333332
learned_K2_V2_s35_step10000,learned,2,35,hotpotqa,Multi QA,110,b893608c026ffd4b64b370af3989af857069c6718a309ae6,5047,4-8k,100.0
learned_K2_V2_s35_step10000,learned,2,35,hotpotqa,Multi QA,111,543c49ded262212b1f208a815b3dd555980aef7bddf70a3e,6737,4-8k,0.0
learned_K2_V2_s35_step10000,learned,2,35,hotpotqa,Multi QA,112,17572470452faa7617467f79050b8233589347c9ce587dba,5609,4-8k,0.0
learned_K2_V2_s35_step10000,learned,2,35,hotpotqa,Multi QA,113,c477f09c951945bb8d5daadcd86e2d709b5825961199a2da,5194,4-8k,100.0
learned_K2_V2_s35_step10000,learned,2,35,hotpotqa,Multi QA,114,867dd76fd9f0ee20940d9a04a5cbe0db90c0e2cddecb989a,4198,4-8k,0.0
learned_K2_V2_s35_step10000,learned,2,35,hotpotqa,Multi QA,115,3056ee6e5f33c35fc218f27c9afd5d6f2cd62a940b1d4373,4508,4-8k,100.0
learned_K2_V2_s35_step10000,learned,2,35,hotpotqa,Multi QA,116,0df347189016b4d86b8f6d4086388a5ea318a08c468abba3,7112,4-8k,100.0
learned_K2_V2_s35_step10000,learned,2,35,hotpotqa,Multi QA,117,6df3c762e887dda4fcca8b392d592286de4d7ea336268db7,6700,4-8k,100.0
learned_K2_V2_s35_step10000,learned,2,35,hotpotqa,Multi QA,118,4beefe473acde45f1accb31e6f45cff16e0a8b47eefd032e,5913,4-8k,50.0
learned_K2_V2_s35_step10000,learned,2,35,hotpotqa,Multi QA,119,7ed6457b93b5ec221674c404539673d609a5fc333939c58c,5943,4-8k,17.39130434782609
learned_K2_V2_s35_step10000,learned,2,35,hotpotqa,Multi QA,120,fd19d9a4730c3a4ccb9e380f0f905c6c6890895a8dcd3dba,6543,4-8k,57.14285714285715
learned_K2_V2_s35_step10000,learned,2,35,hotpotqa,Multi QA,121,5fdd140211b5a3c1c879875b2c782e573cf4df4f68c8408e,6445,4-8k,100.0
learned_K2_V2_s35_step10000,learned,2,35,hotpotqa,Multi QA,122,f0d13537c2b6b00c76660dd7af3d103fe2fb0cc747fdb677,7628,4-8k,100.0
learned_K2_V2_s35_step10000,learned,2,35,hotpotqa,Multi QA,123,ac02f80140c85d06aef872b612de1974a7ece5e429b0d7d1,5741,4-8k,0.0
learned_K2_V2_s35_step10000,learned,2,35,hotpotqa,Multi QA,124,3161c51051d69b5360ba1832febba7e6d5f733878940b6c8,5483,4-8k,80.0
learned_K2_V2_s35_step10000,learned,2,35,hotpotqa,Multi QA,125,db638307b229af402cb4c61e30ea5e392f6a9ad25b3d026e,4196,4-8k,0.0
learned_K2_V2_s35_step10000,learned,2,35,hotpotqa,Multi QA,126,a96ab885a132aad0f22735dad044516f01929c6be656b11a,7110,4-8k,0.0
learned_K2_V2_s35_step10000,learned,2,35,hotpotqa,Multi QA,127,ccfd4d4ec03f8160c14c99a647c5adc046dd1c86c0f7f7c7,6957,4-8k,0.0
learned_K2_V2_s35_step10000,learned,2,35,hotpotqa,Multi QA,128,abe6327f1b96aa87890c3f23ae2219f3b33ce8ca0e324334,7849,4-8k,0.0
learned_K2_V2_s35_step10000,learned,2,35,hotpotqa,Multi QA,129,272b0faf5c71a3d8643a705c6748c11bf309d7fd62642bfa,5950,4-8k,0.0
learned_K2_V2_s35_step10000,learned,2,35,hotpotqa,Multi QA,130,27a089389352bbc56ac06c79c190369a13f794bf84c6abd1,5861,4-8k,66.66666666666666
learned_K2_V2_s35_step10000,learned,2,35,hotpotqa,Multi QA,131,d72f85795be5a873d62c8694c0c043cb3311ebcb5480316c,6397,4-8k,100.0
learned_K2_V2_s35_step10000,learned,2,35,hotpotqa,Multi QA,132,fe60adfdc85ed9f3f7bfa2bbeea5fcd1e6f4383b94f3818f,7247,4-8k,100.0
learned_K2_V2_s35_step10000,learned,2,35,hotpotqa,Multi QA,133,534da8dc3d50689a9e7143a536b4a24bafde0ec67c58ee69,7879,4-8k,0.0
learned_K2_V2_s35_step10000,learned,2,35,hotpotqa,Multi QA,134,64bba86b667bc9dd60aaa6c30a2d7403629fd6daabf6d43e,7598,4-8k,0.0
learned_K2_V2_s35_step10000,learned,2,35,hotpotqa,Multi QA,135,d3493a99d0e83a5431e4a5d829bb241692bae70fe1d3bf17,6106,4-8k,88.8888888888889
learned_K2_V2_s35_step10000,learned,2,35,hotpotqa,Multi QA,136,2594c28a57bcfa0b0f14888647e9c54a8ea56710e4cdf20b,4512,4-8k,6.666666666666667
learned_K2_V2_s35_step10000,learned,2,35,hotpotqa,Multi QA,137,b54ac67dca39af1dd1a86e7e4ee7e1bc9f35ea6716ab4811,4553,4-8k,66.66666666666666
learned_K2_V2_s35_step10000,learned,2,35,hotpotqa,Multi QA,138,68d6387b2173009b7b4587961cbc84bb41d92008ac414318,6451,4-8k,0.0
learned_K2_V2_s35_step10000,learned,2,35,hotpotqa,Multi QA,139,f20615e0448685d40d163f353996c04d1f18886424daebab,7660,4-8k,0.0
learned_K2_V2_s35_step10000,learned,2,35,hotpotqa,Multi QA,140,49a3b29b551e8298417c9fc95afd41714666e6d0ee375076,5098,4-8k,100.0
learned_K2_V2_s35_step10000,learned,2,35,hotpotqa,Multi QA,141,103044e2e51342be7c7ccc79b5b7bf488a14c44f08b549fd,7851,4-8k,100.0
learned_K2_V2_s35_step10000,learned,2,35,hotpotqa,Multi QA,142,b4fb77d92f0262f9fe4a9e4a494d765dfb72ba9fbc0e7705,7651,4-8k,100.0
learned_K2_V2_s35_step10000,learned,2,35,hotpotqa,Multi QA,143,3eac2334d7487e0af820564d78caebec2622d63fd8022b46,7158,4-8k,54.54545454545454
learned_K2_V2_s35_step10000,learned,2,35,hotpotqa,Multi QA,144,3d454576f6403ef5b8967936713e4eee569ec1e2ba5883bc,7235,4-8k,66.66666666666666
learned_K2_V2_s35_step10000,learned,2,35,hotpotqa,Multi QA,145,56d2ecd968aaef6194dcf7de6e3844c9225d8e9ec1a0a3ce,6832,4-8k,0.0
learned_K2_V2_s35_step10000,learned,2,35,hotpotqa,Multi QA,146,357ff341f41441ea29bd4484907bdf4d692bf8b5c95360de,6184,4-8k,100.0
learned_K2_V2_s35_step10000,learned,2,35,hotpotqa,Multi QA,147,19f54353e2bfbcb70242503fc63eda818bbb12de170b844e,7287,4-8k,100.0
learned_K2_V2_s35_step10000,learned,2,35,hotpotqa,Multi QA,148,2a251fd6ed5b056481566cbbbb2cc3c0cd502dc3c73ce174,7567,4-8k,0.0
learned_K2_V2_s35_step10000,learned,2,35,hotpotqa,Multi QA,149,524d2df4e388792739e2486b131d791c9966e797f4dd9492,5564,4-8k,0.0
learned_K2_V2_s35_step10000,learned,2,35,hotpotqa,Multi QA,150,53ece48014dc927d7323861f5ae124b12d85aef7167fd61e,5564,4-8k,0.0
learned_K2_V2_s35_step10000,learned,2,35,hotpotqa,Multi QA,151,1759fb7ee8c0212de7080f855880cf3cc1dec5e0c33b7709,7496,4-8k,0.0
learned_K2_V2_s35_step10000,learned,2,35,hotpotqa,Multi QA,152,60748959911054eb39c6d0d3c05f7f7d71696bca34ad238e,4500,4-8k,100.0
learned_K2_V2_s35_step10000,learned,2,35,hotpotqa,Multi QA,153,fc448f73b4362c83fcdbd5800d458f810a6de9afad0aff79,7927,4-8k,0.0
learned_K2_V2_s35_step10000,learned,2,35,hotpotqa,Multi QA,154,98a233db38f543c779e7b0cef69c13ed9d90a5cd69a81bf2,7063,4-8k,82.35294117647058
learned_K2_V2_s35_step10000,learned,2,35,hotpotqa,Multi QA,155,c9845fb4984b617ff7dc55fdf38336e403dffc2b76895954,4497,4-8k,0.0
learned_K2_V2_s35_step10000,learned,2,35,hotpotqa,Multi QA,156,e165b7488915cd9a46cf08559023a2817cf8f8f990d1c1d7,6616,4-8k,100.0
learned_K2_V2_s35_step10000,learned,2,35,hotpotqa,Multi QA,157,0b6ddb583fa1df95b1b4c7961f7affcc7c6266e520826484,6263,4-8k,50.0
learned_K2_V2_s35_step10000,learned,2,35,hotpotqa,Multi QA,158,9a161f7868d7a430dfa3335ec69d84f24435498665d9fa18,6210,4-8k,100.0
learned_K2_V2_s35_step10000,learned,2,35,hotpotqa,Multi QA,159,67b35aba73a41505e6399077df2fbe174ac5dbdef43d4c84,5794,4-8k,21.428571428571427
learned_K2_V2_s35_step10000,learned,2,35,hotpotqa,Multi QA,160,10e7dcc60e5dc9abd1404998ac8faffcc1f086f353496f21,7583,4-8k,50.0
learned_K2_V2_s35_step10000,learned,2,35,hotpotqa,Multi QA,161,3ee69bccf187ffef58557d9b803ad4d02c91d9f243b123e6,6641,4-8k,52.63157894736842
learned_K2_V2_s35_step10000,learned,2,35,hotpotqa,Multi QA,162,5dc49720fb5640af74e35cfa0d0506ba9d24fcf4716f0ba6,7218,4-8k,0.0
learned_K2_V2_s35_step10000,learned,2,35,hotpotqa,Multi QA,163,83064e2a0fb5187950fe03a49d84d1f936642098ec26050c,7955,4-8k,100.0
learned_K2_V2_s35_step10000,learned,2,35,hotpotqa,Multi QA,164,edd45d630ff415b7bd90c0065eca6f7612385c14f24d1054,6289,4-8k,100.0
learned_K2_V2_s35_step10000,learned,2,35,hotpotqa,Multi QA,165,c944918cb947332b0368cc86bdb9b8b3ac7b91f3a924105a,6362,4-8k,100.0
learned_K2_V2_s35_step10000,learned,2,35,hotpotqa,Multi QA,166,707ae5ee488227619cbd0c8bbd094b00f71042170a4a6e5a,7951,4-8k,0.0
learned_K2_V2_s35_step10000,learned,2,35,hotpotqa,Multi QA,167,834ced6842436a1c77d203700bfcb2526641b70c04101553,5764,4-8k,0.0
learned_K2_V2_s35_step10000,learned,2,35,hotpotqa,Multi QA,168,780f15259479e8965d474efc011eb220ac4078da86e8dc19,6091,4-8k,0.0
learned_K2_V2_s35_step10000,learned,2,35,hotpotqa,Multi QA,169,c18c76f9efb43dc4d15ce54891af6a60178be55f1eec2656,7002,4-8k,80.0
learned_K2_V2_s35_step10000,learned,2,35,hotpotqa,Multi QA,170,c6563d0cf1fffa8e0296f4b36bc0d2673178b861e3dee076,5979,4-8k,100.0
learned_K2_V2_s35_step10000,learned,2,35,hotpotqa,Multi QA,171,acbd21ef5a1a1c7de236764c916a2f3380fdcde97e60f76e,7870,4-8k,0.0
learned_K2_V2_s35_step10000,learned,2,35,hotpotqa,Multi QA,172,8318ea1b9fd0443387e6bcd5382933a05614955578f7b95b,7626,4-8k,100.0
learned_K2_V2_s35_step10000,learned,2,35,hotpotqa,Multi QA,173,74f2fce3240dd7e91f9522b9cbb9e10f43f16fdb0c22e7fa,6333,4-8k,40.0
learned_K2_V2_s35_step10000,learned,2,35,hotpotqa,Multi QA,174,1f977db197f798f4652e637fcb729222d3a601095a2efbb9,6090,4-8k,100.0
learned_K2_V2_s35_step10000,learned,2,35,hotpotqa,Multi QA,175,43761670de65d68410a143bb8a9cf52ed972833760afcd46,7661,4-8k,0.0
learned_K2_V2_s35_step10000,learned,2,35,hotpotqa,Multi QA,176,5acfa81613af9e8a5e838d265702dcf26ed6edc6d67cf1ee,6513,4-8k,33.33333333333333
learned_K2_V2_s35_step10000,learned,2,35,hotpotqa,Multi QA,177,612961d8f4c473a6be137dca843cdd647da01c26898aff1c,6023,4-8k,0.0
learned_K2_V2_s35_step10000,learned,2,35,hotpotqa,Multi QA,178,a6e57d5dfcbdc68035395fe57842144769450fc962f5bbcd,5670,4-8k,0.0
learned_K2_V2_s35_step10000,learned,2,35,hotpotqa,Multi QA,179,4ca4c647a9e240cc57709696edd881c49eb11fef88ad9a3d,5539,4-8k,50.0
learned_K2_V2_s35_step10000,learned,2,35,hotpotqa,Multi QA,180,9c0f9782d1b8ab3a3b6151ee92ab597809a63b7855b53fde,7104,4-8k,100.0
learned_K2_V2_s35_step10000,learned,2,35,hotpotqa,Multi QA,181,965ced9092e97018ab3df95a26b419b8d9bb2eedff7df7ed,5762,4-8k,0.0
learned_K2_V2_s35_step10000,learned,2,35,hotpotqa,Multi QA,182,d9372601710f86069b2f6a90732bf62221ac2ee53283a060,7659,4-8k,7.4074074074074066
learned_K2_V2_s35_step10000,learned,2,35,hotpotqa,Multi QA,183,54d3dd6a59258411edd6332786b12d0e9a740adca49d1243,7895,4-8k,0.0
learned_K2_V2_s35_step10000,learned,2,35,hotpotqa,Multi QA,184,03601da8429b0138e5868de4b7e6a44850f1fb1d971e6219,6579,4-8k,80.0
learned_K2_V2_s35_step10000,learned,2,35,hotpotqa,Multi QA,185,a8071814ddd92750ca2585edb0bded153054a6dc2ab57444,7077,4-8k,0.0
learned_K2_V2_s35_step10000,learned,2,35,hotpotqa,Multi QA,186,af807e0e8fc1fe70801aa86b6b1823d546082d9ce6a86c9a,4685,4-8k,66.66666666666666
learned_K2_V2_s35_step10000,learned,2,35,hotpotqa,Multi QA,187,3b8cdf73ba6193a99f558f6c3436f4fb6337eb509cbc0c20,6427,4-8k,100.0
learned_K2_V2_s35_step10000,learned,2,35,hotpotqa,Multi QA,188,996c58a6f7fd10715191104b726d87dd079e7aa8e6fabef9,7729,4-8k,0.0
learned_K2_V2_s35_step10000,learned,2,35,hotpotqa,Multi QA,189,09221499868bb9e1a230f8530fa4759e812e5f2738d12942,6951,4-8k,33.333333333333336
learned_K2_V2_s35_step10000,learned,2,35,hotpotqa,Multi QA,190,5257604118431dffd9dc5d75a1aad6826af4ad76296020b8,5102,4-8k,66.66666666666666
learned_K2_V2_s35_step10000,learned,2,35,hotpotqa,Multi QA,191,19092acc2a874e7d35633f7e9e8fc128720344b066244f04,7055,4-8k,100.0
learned_K2_V2_s35_step10000,learned,2,35,hotpotqa,Multi QA,192,570727521e78a04c7d8d892fdd8bfbdce0d178f3d4bcceb4,6912,4-8k,66.66666666666666
learned_K2_V2_s35_step10000,learned,2,35,hotpotqa,Multi QA,193,dd5ae003e007a523e056e069ad0ad058847299f004c646f9,7922,4-8k,0.0
learned_K2_V2_s35_step10000,learned,2,35,hotpotqa,Multi QA,194,0108dc554454ee9588a103ed696da4a5b64baabaf365c0c7,5267,4-8k,100.0
learned_K2_V2_s35_step10000,learned,2,35,hotpotqa,Multi QA,195,ee2647e9cf29dcab9c66ffea03e05e9ef7c44e0e61eee68c,7261,4-8k,0.0
learned_K2_V2_s35_step10000,learned,2,35,hotpotqa,Multi QA,196,9dcf45062f2d1dfd6e6ff6773f094c49bd8e9192e19579e2,6376,4-8k,0.0
learned_K2_V2_s35_step10000,learned,2,35,hotpotqa,Multi QA,197,abc6d05521f1a8c4b52bbe07594fad8ffa11a308b12bde79,7837,4-8k,100.0
learned_K2_V2_s35_step10000,learned,2,35,hotpotqa,Multi QA,198,424622e2007e25c517e81ba03461835dcfcca025f4df671d,5348,4-8k,0.0
learned_K2_V2_s35_step10000,learned,2,35,hotpotqa,Multi QA,199,af401214b4328a21ab4a861f4fe96205e1672a4ea40c7412,6544,4-8k,22.22222222222222
learned_K2_V2_s35_step10000,learned,2,35,hotpotqa,Multi QA,200,7504ff847adb8044a6217e1cee5d4e7f5d3b80a7adb9d9fe,12402,8k+,33.333333333333336
learned_K2_V2_s35_step10000,learned,2,35,hotpotqa,Multi QA,201,ede6ce1feb76fdaa7620979969e590879f671826f7242468,10276,8k+,0.0
learned_K2_V2_s35_step10000,learned,2,35,hotpotqa,Multi QA,202,5ead25955ee172d556fdd54032c508a9786b300dd49e4757,9826,8k+,0.0
learned_K2_V2_s35_step10000,learned,2,35,hotpotqa,Multi QA,203,6cecb5d2eb8501784c5809ff30e5234294d8dddb5adeafbb,11157,8k+,0.0
learned_K2_V2_s35_step10000,learned,2,35,hotpotqa,Multi QA,204,5c5eaa11039b3bdb361961c2d4bb541e491a596c5c5d4465,10767,8k+,0.0
learned_K2_V2_s35_step10000,learned,2,35,hotpotqa,Multi QA,205,196b9a04e7094ea26773c644198b96abd263bc6c4b59fb56,12040,8k+,100.0
learned_K2_V2_s35_step10000,learned,2,35,hotpotqa,Multi QA,206,78682a3d9080bcfc0e1c590923916c0626bc8b9eef9f3f63,10787,8k+,100.0
learned_K2_V2_s35_step10000,learned,2,35,hotpotqa,Multi QA,207,83ae690d0a9ba0a57a55361314f5d067f2189375d57c499f,12457,8k+,100.0
learned_K2_V2_s35_step10000,learned,2,35,hotpotqa,Multi QA,208,269e030ec5f2155d1d90f3e9724dc1f6e523a949f27d14d7,11628,8k+,100.0
learned_K2_V2_s35_step10000,learned,2,35,hotpotqa,Multi QA,209,2e6379f42b2607eb9abee867eaf184e657d4534d64279aaa,10015,8k+,0.0
learned_K2_V2_s35_step10000,learned,2,35,hotpotqa,Multi QA,210,96ce2b141e2b896cb4fbe983da329a08e30c0e26435a3490,11927,8k+,80.0
learned_K2_V2_s35_step10000,learned,2,35,hotpotqa,Multi QA,211,565b45f2de30ab72fc240bd91838596f44c01a33da9da499,11995,8k+,0.0
learned_K2_V2_s35_step10000,learned,2,35,hotpotqa,Multi QA,212,511cc0ce50a9d666a125314767f8cc676db17946184647c6,8582,8k+,100.0
learned_K2_V2_s35_step10000,learned,2,35,hotpotqa,Multi QA,213,ce41e73398410371a755f618a953a68b14f75b8f2e8a62cc,11543,8k+,22.222222222222225
learned_K2_V2_s35_step10000,learned,2,35,hotpotqa,Multi QA,214,201f67af75b1eb218e75959d0f32fc48c614c41547ae705a,11490,8k+,66.66666666666666
learned_K2_V2_s35_step10000,learned,2,35,hotpotqa,Multi QA,215,f41c73e13b88d2fd0398cb6956ee2a4a03cb6bfab6ece968,10783,8k+,0.0
learned_K2_V2_s35_step10000,learned,2,35,hotpotqa,Multi QA,216,adc25aa41f4a6daddcf47d85dae25ef6c84ef09f934effe5,11719,8k+,100.0
learned_K2_V2_s35_step10000,learned,2,35,hotpotqa,Multi QA,217,7cdceb45cfb9439bd41148788e5cf2f0e8a5cb99a0e09729,9019,8k+,100.0
learned_K2_V2_s35_step10000,learned,2,35,hotpotqa,Multi QA,218,b31526033c3f9cc83adf49c8585353bd6d269b58c65e5b26,12213,8k+,0.0
learned_K2_V2_s35_step10000,learned,2,35,hotpotqa,Multi QA,219,064961ef65cb72f581caaa1101c49e14fc37e564d11df840,11565,8k+,100.0
learned_K2_V2_s35_step10000,learned,2,35,hotpotqa,Multi QA,220,6c8952c7678c9c2db0a6cdaed0f8aa573898a297f1947e8d,10736,8k+,0.0
learned_K2_V2_s35_step10000,learned,2,35,hotpotqa,Multi QA,221,da8d77c1023a7e289ee82bdf15e0cae9131d31472f1c118a,9275,8k+,100.0
learned_K2_V2_s35_step10000,learned,2,35,hotpotqa,Multi QA,222,82a1a48996ef392d6abe74ea1d2b0a807c0f4d859c4026ac,9314,8k+,0.0
learned_K2_V2_s35_step10000,learned,2,35,hotpotqa,Multi QA,223,fe822e0e39123d0e02f43150e2ae8d6413bedb860d6f5096,12201,8k+,100.0
learned_K2_V2_s35_step10000,learned,2,35,hotpotqa,Multi QA,224,7eeac03a7906c808eba81e4f6bfa8deb4cae65f10134c0a8,10656,8k+,0.0
learned_K2_V2_s35_step10000,learned,2,35,hotpotqa,Multi QA,225,0bbd28f6cdb99eca32bfebb135b10db570568655b5924475,9050,8k+,0.0
learned_K2_V2_s35_step10000,learned,2,35,hotpotqa,Multi QA,226,fd61851f598d55c56d1d32d500d54f356919668ee76a5fa0,10555,8k+,0.0
learned_K2_V2_s35_step10000,learned,2,35,hotpotqa,Multi QA,227,192e872cf190ea4e64fd401a32a3ea0426dc488afe3702ad,10290,8k+,0.0
learned_K2_V2_s35_step10000,learned,2,35,hotpotqa,Multi QA,228,f8832527b9381e131ecdcb4a81278fbcdd2b5e56c6215744,11430,8k+,100.0
learned_K2_V2_s35_step10000,learned,2,35,hotpotqa,Multi QA,229,92be640857b6dd2e6beef9c07b7c3805d358192150971dda,9507,8k+,0.0
learned_K2_V2_s35_step10000,learned,2,35,hotpotqa,Multi QA,230,cf39373b78df19018180ae54b7006205fdb85ec4e708a95d,8489,8k+,14.814814814814813
learned_K2_V2_s35_step10000,learned,2,35,hotpotqa,Multi QA,231,df556f7b2e1c7fd14f1a64900f8d71c6207f8a85145e4ca3,10179,8k+,100.0
learned_K2_V2_s35_step10000,learned,2,35,hotpotqa,Multi QA,232,bc5591c4ef3725d6bceb5072faca9aa4c2601ae4880576c1,11762,8k+,0.0
learned_K2_V2_s35_step10000,learned,2,35,hotpotqa,Multi QA,233,5cd75384ae57167b574fdbfd8bffcdab6250d77f1f60b82d,9110,8k+,57.14285714285715
learned_K2_V2_s35_step10000,learned,2,35,hotpotqa,Multi QA,234,93c3a1f8052b6bd15bd06aede801c1df67cf08ca08a83e40,12441,8k+,100.0
learned_K2_V2_s35_step10000,learned,2,35,hotpotqa,Multi QA,235,7bc9d324dd6195d9ad2395b87601f929de0c15c668e9e4cb,8257,8k+,0.0
learned_K2_V2_s35_step10000,learned,2,35,hotpotqa,Multi QA,236,1a16dfb39ae6cf0874aefc9d22d1cc299f3003fc6d8b19e2,11389,8k+,80.0
learned_K2_V2_s35_step10000,learned,2,35,hotpotqa,Multi QA,237,89d46cdb218ad0444871f9b44dea057e0cdbd6c08be8d9c1,10741,8k+,100.0
learned_K2_V2_s35_step10000,learned,2,35,hotpotqa,Multi QA,238,7fc4f4cb1fcc00df95a8da591ea8da17402cb1b21a5d89a6,11917,8k+,100.0
learned_K2_V2_s35_step10000,learned,2,35,hotpotqa,Multi QA,239,1c8e5b88bcc66fc4ab1f449f1d73000b65dca26f0adeaea8,9940,8k+,0.0
learned_K2_V2_s35_step10000,learned,2,35,hotpotqa,Multi QA,240,d9f17e2af21b4cb7f747c0165eae3fad67289e74bbf58edb,10758,8k+,0.0
learned_K2_V2_s35_step10000,learned,2,35,hotpotqa,Multi QA,241,e1b6edc0310b4329374915aa013f0870213342822a728142,10867,8k+,100.0
learned_K2_V2_s35_step10000,learned,2,35,hotpotqa,Multi QA,242,ecde9842060b9101fa9edceed35332413b01be43d4940652,11497,8k+,0.0
learned_K2_V2_s35_step10000,learned,2,35,hotpotqa,Multi QA,243,d446d8df1f9ee4df7970921b2e384a8745bde88ba78d28ca,11248,8k+,40.0
learned_K2_V2_s35_step10000,learned,2,35,hotpotqa,Multi QA,244,b382a3ff1ff044c91cba6eafbbae2a2be82e107109d35688,10307,8k+,0.0
learned_K2_V2_s35_step10000,learned,2,35,hotpotqa,Multi QA,245,968aa55cb369733b029eb056aa760feea966aa8e15a51e69,11450,8k+,50.0
learned_K2_V2_s35_step10000,learned,2,35,hotpotqa,Multi QA,246,f3c23b4984f14199f12862795aeb344f19c97bfc9c586a8f,9601,8k+,66.66666666666666
learned_K2_V2_s35_step10000,learned,2,35,hotpotqa,Multi QA,247,347631d4064c4de0fd85f68be4c485d493832a0993e15c8a,8397,8k+,0.0
learned_K2_V2_s35_step10000,learned,2,35,hotpotqa,Multi QA,248,2535d2242d639673fd521b46e330d67a5ebfc00d336b8148,9348,8k+,13.333333333333334
learned_K2_V2_s35_step10000,learned,2,35,hotpotqa,Multi QA,249,d67f895d64615878d08f14f97bdbe5627d4a6b0b087934c3,11662,8k+,0.0
learned_K2_V2_s35_step10000,learned,2,35,hotpotqa,Multi QA,250,b456e2eca42b92c754f2e82f0d2a764bdf68027b99ab28ab,12023,8k+,100.0
learned_K2_V2_s35_step10000,learned,2,35,hotpotqa,Multi QA,251,1f9db2aff02d37612e21ae47ae43ba53ce131848900865ff,9768,8k+,0.0
learned_K2_V2_s35_step10000,learned,2,35,hotpotqa,Multi QA,252,6153db5292ec46160b06ceb90f401de731655879157b30d7,10652,8k+,0.0
learned_K2_V2_s35_step10000,learned,2,35,hotpotqa,Multi QA,253,d5ae58ef8ec494f647b723350519f29086be3310753bc189,10805,8k+,100.0
learned_K2_V2_s35_step10000,learned,2,35,hotpotqa,Multi QA,254,0e4fac2d1da09fad0958e11c5d6d7d8cbe4143e5a105e084,12480,8k+,80.0
learned_K2_V2_s35_step10000,learned,2,35,hotpotqa,Multi QA,255,7b69804ce6e81e910172ddbbf90fd410a6e4a1148e64edc3,11759,8k+,0.0
learned_K2_V2_s35_step10000,learned,2,35,hotpotqa,Multi QA,256,b3a7f54e9296352218fb4baddc57bb81a51e142ca52457c6,9418,8k+,0.0
learned_K2_V2_s35_step10000,learned,2,35,hotpotqa,Multi QA,257,8149fb371e91a3c4e6776957a8591519d55910bb5029e267,12126,8k+,16.666666666666668
learned_K2_V2_s35_step10000,learned,2,35,hotpotqa,Multi QA,258,adde6fd9958589ef78af9e192aeffd8e48dfbd8d35014f4f,11278,8k+,0.0
learned_K2_V2_s35_step10000,learned,2,35,hotpotqa,Multi QA,259,8cca1e7fcd97cbf55aa9d5da29435c093ae859298aa93532,8159,8k+,0.0
learned_K2_V2_s35_step10000,learned,2,35,hotpotqa,Multi QA,260,43f9f07e078ad382bccac015fa6587781261c33ac7ac482d,11164,8k+,0.0
learned_K2_V2_s35_step10000,learned,2,35,hotpotqa,Multi QA,261,af9d8c20fdfa2ae16a43216cb6af05d0d3b21d9f378d789d,10618,8k+,0.0
learned_K2_V2_s35_step10000,learned,2,35,hotpotqa,Multi QA,262,a6cda30d0950f2d8b0e5c1ee89466cbc43b37be7daedcb8b,9950,8k+,0.0
learned_K2_V2_s35_step10000,learned,2,35,hotpotqa,Multi QA,263,1ae026dfc12f5b58aeaf3bb8631d67f416a8d4e22a47d1de,10944,8k+,0.0
learned_K2_V2_s35_step10000,learned,2,35,hotpotqa,Multi QA,264,71756b5543af5fda3edd594b79e821057ed89842f05de232,10357,8k+,100.0
learned_K2_V2_s35_step10000,learned,2,35,hotpotqa,Multi QA,265,1007a41111f836d4378b6ea28047a2b8ed71f7639720f379,12275,8k+,66.66666666666666
learned_K2_V2_s35_step10000,learned,2,35,hotpotqa,Multi QA,266,d060707db8ed61479c28b67cc855a87f149366114d91a3d9,12019,8k+,50.0
learned_K2_V2_s35_step10000,learned,2,35,hotpotqa,Multi QA,267,b5d8cd10520b2a67b18af73e7c219160f13dd5b4f60ebd18,11327,8k+,50.0
learned_K2_V2_s35_step10000,learned,2,35,hotpotqa,Multi QA,268,566cf1595f78c029378e6220cf960d0b791084225f60ccda,8632,8k+,0.0
learned_K2_V2_s35_step10000,learned,2,35,hotpotqa,Multi QA,269,8624d9d6e32f86e7fb8f13e128a1b602b4e3d3524fb51285,12247,8k+,0.0
learned_K2_V2_s35_step10000,learned,2,35,hotpotqa,Multi QA,270,7caf887e7c7af6c1dbe41d09aa5138aa6147234257b15c42,11350,8k+,100.0
learned_K2_V2_s35_step10000,learned,2,35,hotpotqa,Multi QA,271,2c5815e557ce43e5e8e30c8fc900c6cff7785afbcf7a8f6a,10501,8k+,74.99999999999999
learned_K2_V2_s35_step10000,learned,2,35,hotpotqa,Multi QA,272,a2d25d651cee56af2fe24ed869f0274b0d67da4df39aa766,8662,8k+,50.0
learned_K2_V2_s35_step10000,learned,2,35,hotpotqa,Multi QA,273,a57934ad2c268320ec163b14aaafce3cb5a5e85a19ba98ca,8842,8k+,66.66666666666666
learned_K2_V2_s35_step10000,learned,2,35,hotpotqa,Multi QA,274,c32e0b8f765bc19e2031e307cc3124da79557c834fa6f2c1,10462,8k+,100.0
learned_K2_V2_s35_step10000,learned,2,35,hotpotqa,Multi QA,275,ef451df937dcec6ff22568b63d694787c5157b9bffe5330e,8078,8k+,0.0
learned_K2_V2_s35_step10000,learned,2,35,hotpotqa,Multi QA,276,27fa190091460428cd374c49583b9721fbd4a742e0e5e66e,8101,8k+,0.0
learned_K2_V2_s35_step10000,learned,2,35,hotpotqa,Multi QA,277,8afb945b03f9cfe83f2fb7e4a40c5b3ba24ca0049b544a2f,9590,8k+,100.0
learned_K2_V2_s35_step10000,learned,2,35,hotpotqa,Multi QA,278,88e3bc9e0eee130cd7cd23ebed32a425fd76a7bc566a64bd,10365,8k+,40.0
learned_K2_V2_s35_step10000,learned,2,35,hotpotqa,Multi QA,279,5dea8866ddd6e6bd76e82c8d8cea1dbfc441e58ec31724d6,10673,8k+,100.0
learned_K2_V2_s35_step10000,learned,2,35,hotpotqa,Multi QA,280,6d83121d4b9d36d10b3eeaeabe37ca728dcdbcea9541b57b,10727,8k+,0.0
learned_K2_V2_s35_step10000,learned,2,35,hotpotqa,Multi QA,281,e1e55770514a9703deca2c727ae0f3cee68eb4962a17e532,8159,8k+,100.0
learned_K2_V2_s35_step10000,learned,2,35,hotpotqa,Multi QA,282,7681a4ae6d92c179c938738ad170b6626534556d9ea993b6,10195,8k+,0.0
learned_K2_V2_s35_step10000,learned,2,35,hotpotqa,Multi QA,283,e71fd79076da6ff2259a596d154b78301488419a5736ac21,8655,8k+,100.0
learned_K2_V2_s35_step10000,learned,2,35,hotpotqa,Multi QA,284,62a408168b2ac7a324d11507f0e8c7eaea02cd4992d57a4b,11739,8k+,100.0
learned_K2_V2_s35_step10000,learned,2,35,hotpotqa,Multi QA,285,1bfa4cb5fc609ed2f83787800d112fa7fcb5cdcbef7756fa,10375,8k+,50.0
learned_K2_V2_s35_step10000,learned,2,35,hotpotqa,Multi QA,286,52159c74eaf34175bef4c0c07531f5908ba3eb1d390ca97d,9438,8k+,0.0
learned_K2_V2_s35_step10000,learned,2,35,hotpotqa,Multi QA,287,09178d7f5a8d0871547a5c3959d36176d1fdbf7df05cc70d,8723,8k+,100.0
learned_K2_V2_s35_step10000,learned,2,35,hotpotqa,Multi QA,288,d272e512f88abaea0d3b985a06f50562a6081493171a3c49,11959,8k+,40.0
learned_K2_V2_s35_step10000,learned,2,35,hotpotqa,Multi QA,289,726f8ef3f7163c31b7a13fd8cbd5f6d2a2a8f1f39dea3669,11880,8k+,30.303030303030305
learned_K2_V2_s35_step10000,learned,2,35,hotpotqa,Multi QA,290,b8498b4a243fb9cbca1c96ac7dc9a183d8cc52c475515bd6,9916,8k+,0.0
learned_K2_V2_s35_step10000,learned,2,35,hotpotqa,Multi QA,291,1fccb4eae037cddd1d47838eec23335d30627ee193d488d4,10105,8k+,100.0
learned_K2_V2_s35_step10000,learned,2,35,hotpotqa,Multi QA,292,a52defffe5424e379e610889644edeb75d4276dd5b3b1be0,9628,8k+,0.0
learned_K2_V2_s35_step10000,learned,2,35,hotpotqa,Multi QA,293,d8587b6f618731d635c0e9d5cac40a523b31103e63aa5613,9415,8k+,0.0
learned_K2_V2_s35_step10000,learned,2,35,hotpotqa,Multi QA,294,c8778d92872e07b9e461349c8579ffe1301e66917f175aba,11953,8k+,0.0
learned_K2_V2_s35_step10000,learned,2,35,hotpotqa,Multi QA,295,ef6033d606cd6e5c9cc6ab85b75e68cdb4cc7578a3dc573f,10394,8k+,25.0
learned_K2_V2_s35_step10000,learned,2,35,hotpotqa,Multi QA,296,c33525e5c22773486b712b346e186dad5d5fc046031f8cb2,11842,8k+,88.8888888888889
learned_K2_V2_s35_step10000,learned,2,35,hotpotqa,Multi QA,297,62b502037550a59a24b8962b761645e0482a3b08ffbc7eb6,11727,8k+,0.0
learned_K2_V2_s35_step10000,learned,2,35,hotpotqa,Multi QA,298,bd4df45c5e29eb535ef926791b641aa0cfb549a4ae6c89e6,11580,8k+,100.0
learned_K2_V2_s35_step10000,learned,2,35,hotpotqa,Multi QA,299,e8d216d8aacd34ecc573741090194f0f0e5762918c9856c4,11638,8k+,0.0
learned_K2_V2_s35_step10000,learned,2,35,2wikimqa,Multi QA,0,8c17c1259ed0c31bff3ee48ef8a6c4c54469c7769ffbc1c1,2521,0-4k,22.22222222222222
learned_K2_V2_s35_step10000,learned,2,35,2wikimqa,Multi QA,1,52150ca076ef6a156239c8fd2cb45983ba9b8cd446312f22,2873,0-4k,66.66666666666666
learned_K2_V2_s35_step10000,learned,2,35,2wikimqa,Multi QA,2,61fa50e62866fbeeffc9822aa76f8f363578e72c1a7436af,3618,0-4k,100.0
learned_K2_V2_s35_step10000,learned,2,35,2wikimqa,Multi QA,3,4adca5ba1654b740d1e25c6e73d45aa2f3621537bed9086b,2858,0-4k,0.0
learned_K2_V2_s35_step10000,learned,2,35,2wikimqa,Multi QA,4,3ec0722ff6e0d8361ed2ab093a992915fe5b1ddb10ee39a9,3977,0-4k,26.66666666666667
learned_K2_V2_s35_step10000,learned,2,35,2wikimqa,Multi QA,5,16a0130f95804e9b0791a89e2d18e46f611c1620891658b8,3470,0-4k,100.0
learned_K2_V2_s35_step10000,learned,2,35,2wikimqa,Multi QA,6,6e020fda91702d5ab63283c032fc436f3a6b7fd6c568aba7,2951,0-4k,0.0
learned_K2_V2_s35_step10000,learned,2,35,2wikimqa,Multi QA,7,7a0b2aa530cd3c6c74154e334e96c8aae27f68fa12d65bb1,2258,0-4k,100.0
learned_K2_V2_s35_step10000,learned,2,35,2wikimqa,Multi QA,8,14387a7ce67635d6f5c75fd29b6d3344758a8be64311ea6e,3648,0-4k,66.66666666666666
learned_K2_V2_s35_step10000,learned,2,35,2wikimqa,Multi QA,9,8e33b783534c90d43c07617f4106a5056cb93ba21758b91c,3074,0-4k,100.0
learned_K2_V2_s35_step10000,learned,2,35,2wikimqa,Multi QA,10,d8cde3372e47344e4aed4fca9f307ea80b7172960d153325,3566,0-4k,0.0
learned_K2_V2_s35_step10000,learned,2,35,2wikimqa,Multi QA,11,df74c88567561261707555fa8504bf93678834b5fce5f943,2854,0-4k,0.0
learned_K2_V2_s35_step10000,learned,2,35,2wikimqa,Multi QA,12,5f9a67c086d5912df85495d94281982fd5bc0abe67c3d266,3885,0-4k,0.0
learned_K2_V2_s35_step10000,learned,2,35,2wikimqa,Multi QA,13,fbbe6a3e39955eca34caa6cf37d147f6af697a70eb83a30c,2990,0-4k,33.333333333333336
learned_K2_V2_s35_step10000,learned,2,35,2wikimqa,Multi QA,14,0e1a7715016522e4285d6db621310d72b3db49464271cf47,3225,0-4k,0.0
learned_K2_V2_s35_step10000,learned,2,35,2wikimqa,Multi QA,15,e9a287057b6f318c6cef9d0e2b12256c7b9473f4b783d38d,2424,0-4k,100.0
learned_K2_V2_s35_step10000,learned,2,35,2wikimqa,Multi QA,16,e2f6373f7d78bc79306ca8454e38329e511a920f224a26f4,3279,0-4k,0.0
learned_K2_V2_s35_step10000,learned,2,35,2wikimqa,Multi QA,17,d214078fd2eaaa345d77f1f06bbb7765253b476fec74d965,2701,0-4k,0.0
learned_K2_V2_s35_step10000,learned,2,35,2wikimqa,Multi QA,18,fa494d162bf954ce5abc26536928ea95cd81a82a832b2eb2,2652,0-4k,0.0
learned_K2_V2_s35_step10000,learned,2,35,2wikimqa,Multi QA,19,8e74e61b04f497cda285fdb613c9297b39c2f35c78a46bb4,2422,0-4k,33.33333333333333
learned_K2_V2_s35_step10000,learned,2,35,2wikimqa,Multi QA,20,126e59f70d78a02c20e400e5b0ad54b85643c1d6bae5ac01,1960,0-4k,0.0
learned_K2_V2_s35_step10000,learned,2,35,2wikimqa,Multi QA,21,0bc3341fffaad3e92d14d64b539df741528ef4e2b76e9632,1529,0-4k,0.0
learned_K2_V2_s35_step10000,learned,2,35,2wikimqa,Multi QA,22,10bc38f76e4c289c34c3bad79da384763efb03b79c19d98b,2246,0-4k,100.0
learned_K2_V2_s35_step10000,learned,2,35,2wikimqa,Multi QA,23,d222c2ad4ec9ae9a46900e5d0cc6653c72760ed24077b7fa,2880,0-4k,0.0
learned_K2_V2_s35_step10000,learned,2,35,2wikimqa,Multi QA,24,7a35cea15d31d9e58aa0be79ce68499e365ba3a55c7456e5,3075,0-4k,100.0
learned_K2_V2_s35_step10000,learned,2,35,2wikimqa,Multi QA,25,baf705ab274b5f13bc3bb9d0807a2042a4681a3ef60a6719,3099,0-4k,63.1578947368421
learned_K2_V2_s35_step10000,learned,2,35,2wikimqa,Multi QA,26,69a87bbff8b28f72b9fe9fc39b9c920466f6f939e8289675,2556,0-4k,0.0
learned_K2_V2_s35_step10000,learned,2,35,2wikimqa,Multi QA,27,336f4ca1a6c9a0eb88b4620d111a2f99412fafde0ccda30f,1594,0-4k,0.0
learned_K2_V2_s35_step10000,learned,2,35,2wikimqa,Multi QA,28,36a31748c55843a2c648cdf6950227889b90f9fd10707c64,3775,0-4k,100.0
learned_K2_V2_s35_step10000,learned,2,35,2wikimqa,Multi QA,29,448ddfeb3a427402454dcd05d7b41bd39204415877001ebb,3654,0-4k,0.0
learned_K2_V2_s35_step10000,learned,2,35,2wikimqa,Multi QA,30,f2ed3f27a7f66e531b09f0eb6e57275ed822f1e5376e3530,3828,0-4k,42.857142857142854
learned_K2_V2_s35_step10000,learned,2,35,2wikimqa,Multi QA,31,13544cb436cbe98f1b565d58244f53f8b38eb63b4a5177e4,3193,0-4k,28.571428571428577
learned_K2_V2_s35_step10000,learned,2,35,2wikimqa,Multi QA,32,14d2d8683a1b9eeec9c699b34d541076b43ecdd3eb37b30f,2549,0-4k,42.857142857142854
learned_K2_V2_s35_step10000,learned,2,35,2wikimqa,Multi QA,33,5ea1b7cf56629956855b229046acb45cc77f03b262ce7aaa,3722,0-4k,0.0
learned_K2_V2_s35_step10000,learned,2,35,2wikimqa,Multi QA,34,dde2c006bfa530403e8c9bafc6497d0e65aad8cf1b6813ee,3256,0-4k,0.0
learned_K2_V2_s35_step10000,learned,2,35,2wikimqa,Multi QA,35,8ef697f16406fa0adcfe2782da3091e6a4000ce420f70720,3155,0-4k,0.0
learned_K2_V2_s35_step10000,learned,2,35,2wikimqa,Multi QA,36,1f1f8f7d0e3fe9ec70cf846d6d3f8e64167a9d3a571484f9,2553,0-4k,66.66666666666666
learned_K2_V2_s35_step10000,learned,2,35,2wikimqa,Multi QA,37,478b8a4df45d2ca383f2a7b1f446915ade95b4d32be9229f,2670,0-4k,0.0
learned_K2_V2_s35_step10000,learned,2,35,2wikimqa,Multi QA,38,883b4b8a680112178587dfb9511033c219999312a8e283e8,3303,0-4k,0.0
learned_K2_V2_s35_step10000,learned,2,35,2wikimqa,Multi QA,39,54a23d6cb838dd2a56c1ef30e4b4ecf742735f659c470879,2666,0-4k,0.0
learned_K2_V2_s35_step10000,learned,2,35,2wikimqa,Multi QA,40,89c07ef3f30f2e55bae0db0e61b73f9213bf9cac755d3add,1981,0-4k,100.0
learned_K2_V2_s35_step10000,learned,2,35,2wikimqa,Multi QA,41,36844ec83d10cb7589958db002ce0acf4524a1bd5f23dc22,3719,0-4k,50.0
learned_K2_V2_s35_step10000,learned,2,35,2wikimqa,Multi QA,42,468e9ec2970d43aaea9e630d607c971e70bfc4488c526d65,2836,0-4k,0.0
learned_K2_V2_s35_step10000,learned,2,35,2wikimqa,Multi QA,43,c37d17a5c509660a9c90556ef5c695867186af73a9ab4390,2422,0-4k,100.0
learned_K2_V2_s35_step10000,learned,2,35,2wikimqa,Multi QA,44,b18a8d110828baf5ddd8cb6c3f7bc31fa54f8e47523cf13f,3582,0-4k,0.0
learned_K2_V2_s35_step10000,learned,2,35,2wikimqa,Multi QA,45,e8414789dbe64525d8927dc2ff636d000a1f12af8d03b3a8,2193,0-4k,0.0
learned_K2_V2_s35_step10000,learned,2,35,2wikimqa,Multi QA,46,4015ec843357a57ba15b7c35c8009145d500a305dbd67416,3229,0-4k,20.0
learned_K2_V2_s35_step10000,learned,2,35,2wikimqa,Multi QA,47,512800a34732b97170358b8e1372c0f708126ae08372c441,3321,0-4k,0.0
learned_K2_V2_s35_step10000,learned,2,35,2wikimqa,Multi QA,48,a7fc0716a3d94af7381c25a4e1c0eb2e697631de06c9ebb2,3048,0-4k,66.66666666666666
learned_K2_V2_s35_step10000,learned,2,35,2wikimqa,Multi QA,49,b9995c8b89dd0bc26c2f2b4a77c7604ca4b60339b79a7744,3535,0-4k,100.0
learned_K2_V2_s35_step10000,learned,2,35,2wikimqa,Multi QA,50,5e46e20a637625300d8e198a1d11435e9c83592bb527321a,3039,0-4k,100.0
learned_K2_V2_s35_step10000,learned,2,35,2wikimqa,Multi QA,51,4bc4e1176125b7f02876ca7fe1a08ec4d69b220e5a43f36f,2976,0-4k,100.0
learned_K2_V2_s35_step10000,learned,2,35,2wikimqa,Multi QA,52,6ed335d2f7555854fe36dce42f97d56693aba9a53fe82406,2916,0-4k,33.333333333333336
learned_K2_V2_s35_step10000,learned,2,35,2wikimqa,Multi QA,53,10f214e9e44886b887a7fe742c949ab4d18d851df9ee68d2,3614,0-4k,0.0
learned_K2_V2_s35_step10000,learned,2,35,2wikimqa,Multi QA,54,08329413599479c4da9c37f070361d36e0a440aa56deda69,3787,0-4k,0.0
learned_K2_V2_s35_step10000,learned,2,35,2wikimqa,Multi QA,55,4a4a07a6b382ffd4b59514dc2c3f2263cd97e0a17ef08897,3248,0-4k,0.0
learned_K2_V2_s35_step10000,learned,2,35,2wikimqa,Multi QA,56,4eb5e12b259e10e05b72f9afe6c05e40bf42a1911896e417,3253,0-4k,0.0
learned_K2_V2_s35_step10000,learned,2,35,2wikimqa,Multi QA,57,d0719e52ba728ca7ce774af5f3800a9096561ed96e75594e,2049,0-4k,0.0
learned_K2_V2_s35_step10000,learned,2,35,2wikimqa,Multi QA,58,853a76d5cce07034f8d10c1f94bd8beb70f4e34f4a5638ee,2816,0-4k,0.0
learned_K2_V2_s35_step10000,learned,2,35,2wikimqa,Multi QA,59,41787a3d84bc8bec3d0d10839881ec35adfb4142d49b5482,1252,0-4k,100.0
learned_K2_V2_s35_step10000,learned,2,35,2wikimqa,Multi QA,60,37eb33998e8bd7ffe40969ac3161ad695983fcf651dac639,2859,0-4k,100.0
learned_K2_V2_s35_step10000,learned,2,35,2wikimqa,Multi QA,61,4eeccc001e35bae71774c67f0e0041ba5da92bfed98ae62f,1507,0-4k,25.0
learned_K2_V2_s35_step10000,learned,2,35,2wikimqa,Multi QA,62,444af702474de881b7b810a1aa62ff8de378e213c31300fe,3218,0-4k,0.0
learned_K2_V2_s35_step10000,learned,2,35,2wikimqa,Multi QA,63,72b0975d7878f72d5b0142cf8e1551a8b8f124eaaa99a715,2980,0-4k,0.0
learned_K2_V2_s35_step10000,learned,2,35,2wikimqa,Multi QA,64,e04fb667c00a2c99ad1a1a102b81865d021708de9a64e58e,3823,0-4k,0.0
learned_K2_V2_s35_step10000,learned,2,35,2wikimqa,Multi QA,65,d7159102f8034cb0ad4834df59b0734f052a63c3a1d0f0bb,3621,0-4k,0.0
learned_K2_V2_s35_step10000,learned,2,35,2wikimqa,Multi QA,66,51abb90e2dff9602a1fc42256819bf66b0c6b4746a872307,2957,0-4k,0.0
learned_K2_V2_s35_step10000,learned,2,35,2wikimqa,Multi QA,67,be2f02ca083a2f21854d8f24984ac450cf11215000ec1910,987,0-4k,0.0
learned_K2_V2_s35_step10000,learned,2,35,2wikimqa,Multi QA,68,c67a466a8e3d23bf26e8943352ef9239007495c8bd6febec,3515,0-4k,57.14285714285715
learned_K2_V2_s35_step10000,learned,2,35,2wikimqa,Multi QA,69,eb67e4946d8c54784c30aa61dc756d82e2ed9030765f3ca5,1894,0-4k,0.0
learned_K2_V2_s35_step10000,learned,2,35,2wikimqa,Multi QA,70,b6fdd8f9d56c029b83580e36d6b3642dbb387a9d60da03df,1765,0-4k,50.0
learned_K2_V2_s35_step10000,learned,2,35,2wikimqa,Multi QA,71,8e5c5292e42825f60d52f62ffc53006513725eb27a831c48,2436,0-4k,0.0
learned_K2_V2_s35_step10000,learned,2,35,2wikimqa,Multi QA,72,180297f3e27b4439fddc8a088a52f37a1bae1605d57602f2,3513,0-4k,0.0
learned_K2_V2_s35_step10000,learned,2,35,2wikimqa,Multi QA,73,214b402d003800d93cac0719cd79368392a320201cef08c9,3223,0-4k,80.0
learned_K2_V2_s35_step10000,learned,2,35,2wikimqa,Multi QA,74,0d5f36c56955cf6fd4509bacb40473a5f5a3e01e8638e0a9,1717,0-4k,35.294117647058826
learned_K2_V2_s35_step10000,learned,2,35,2wikimqa,Multi QA,75,67153c83335bef7039781a9416b3497c9dcf884dcd7bda0b,2571,0-4k,100.0
learned_K2_V2_s35_step10000,learned,2,35,2wikimqa,Multi QA,76,40877325ac5773a0259a6e7a86ab477a4654a4cf8f94c149,2826,0-4k,0.0
learned_K2_V2_s35_step10000,learned,2,35,2wikimqa,Multi QA,77,62b8538f15d1af02f2e87a24e7ee549034906c5a870cac97,3934,0-4k,0.0
learned_K2_V2_s35_step10000,learned,2,35,2wikimqa,Multi QA,78,0df95375e082998e11c14660675ca1d4d28cbf40c094fa47,3854,0-4k,0.0
learned_K2_V2_s35_step10000,learned,2,35,2wikimqa,Multi QA,79,edb60ceb434cc994df4b00ae08a49efb2f66a2ba0df1adf0,1889,0-4k,18.181818181818183
learned_K2_V2_s35_step10000,learned,2,35,2wikimqa,Multi QA,80,9a74e9b9111e3d13efa2b9b43c522354f7d5f3dae6ca5e96,2753,0-4k,0.0
learned_K2_V2_s35_step10000,learned,2,35,2wikimqa,Multi QA,81,6967a9e68d49dd2ad975640d7f7f3d658d75a1c46b68c602,2359,0-4k,100.0
learned_K2_V2_s35_step10000,learned,2,35,2wikimqa,Multi QA,82,6ee099c71de8536b8f73518c6ba8d3c96366caa4869aa429,3272,0-4k,0.0
learned_K2_V2_s35_step10000,learned,2,35,2wikimqa,Multi QA,83,1acac2b501c918db8649deb5d075095b32a6c6eab6541f69,2905,0-4k,27.27272727272727
learned_K2_V2_s35_step10000,learned,2,35,2wikimqa,Multi QA,84,ec96dad9bf806f1c5597178f476df39ad6603170efabe914,2974,0-4k,0.0
learned_K2_V2_s35_step10000,learned,2,35,2wikimqa,Multi QA,85,0292c4357991b8aba2eb4fc1f5cc48af3ce3724b33287e34,2561,0-4k,0.0
learned_K2_V2_s35_step10000,learned,2,35,2wikimqa,Multi QA,86,6d8a1896713b9716c02241ade5e30c401dea7f0dde5294b8,1495,0-4k,0.0
learned_K2_V2_s35_step10000,learned,2,35,2wikimqa,Multi QA,87,801ba86d35c6efeed83facf9986520e8a6f12e000c1b963a,3567,0-4k,0.0
learned_K2_V2_s35_step10000,learned,2,35,2wikimqa,Multi QA,88,16b98a59e06d1c72b4da73f79e5c99f936e8c2fdbee29a0b,3543,0-4k,100.0
learned_K2_V2_s35_step10000,learned,2,35,2wikimqa,Multi QA,89,f479830ec67206a7edd48ae2ac6f8fc1f639da89caf1a0d2,1405,0-4k,21.052631578947366
learned_K2_V2_s35_step10000,learned,2,35,2wikimqa,Multi QA,90,ef3661117fc4fcb6bdf3ca0d2fff3c750290a808b18e9403,3821,0-4k,50.0
learned_K2_V2_s35_step10000,learned,2,35,2wikimqa,Multi QA,91,313350f4cf6f6589899303d892f49d9f83a79df302126841,3994,0-4k,53.333333333333336
learned_K2_V2_s35_step10000,learned,2,35,2wikimqa,Multi QA,92,ad729152e6da9d8dded0f7a24f7a99722af9d02e38d8446d,2085,0-4k,50.0
learned_K2_V2_s35_step10000,learned,2,35,2wikimqa,Multi QA,93,e9ee8d6374657050f223db31eca26a8d512940a7940fba4e,3571,0-4k,0.0
learned_K2_V2_s35_step10000,learned,2,35,2wikimqa,Multi QA,94,07263575ae94e0561ab9d85e1227eadf18812836bc4f1dd8,2804,0-4k,19.04761904761905
learned_K2_V2_s35_step10000,learned,2,35,2wikimqa,Multi QA,95,e1439b2d77ce90280f85c9b3aaca79d8880aa1f7d97545ea,2903,0-4k,100.0
learned_K2_V2_s35_step10000,learned,2,35,2wikimqa,Multi QA,96,4757e04814693a1a0ddc4c330f892f678a9c74bb49599efb,2764,0-4k,0.0
learned_K2_V2_s35_step10000,learned,2,35,2wikimqa,Multi QA,97,4feab58950d63f3cc9a90c985f3d8be23e9dc97d53f03989,3303,0-4k,100.0
learned_K2_V2_s35_step10000,learned,2,35,2wikimqa,Multi QA,98,3cd55b0826fed3ba2514f1f3477412ceb1d54c958b74d2a1,3817,0-4k,0.0
learned_K2_V2_s35_step10000,learned,2,35,2wikimqa,Multi QA,99,f920e9270cd0ef6a7db5e9f31c830c591a4e6443084ad25d,3191,0-4k,12.5
learned_K2_V2_s35_step10000,learned,2,35,2wikimqa,Multi QA,100,04a89b092e375c921d967a3cb6cb77c6caf28ff1ec3a0dbf,6899,4-8k,100.0
learned_K2_V2_s35_step10000,learned,2,35,2wikimqa,Multi QA,101,d1cd11866ff12ea793c26c2d19db1259fcaa9cc2c7ebc1dc,6662,4-8k,0.0
learned_K2_V2_s35_step10000,learned,2,35,2wikimqa,Multi QA,102,8af6d8a5fbee80d8de94359d33a5894a0c5169c9a33c7509,7168,4-8k,0.0
learned_K2_V2_s35_step10000,learned,2,35,2wikimqa,Multi QA,103,9b357d3b583cd0dd72575f76173c48b9f8704ce7af37cac3,6147,4-8k,0.0
learned_K2_V2_s35_step10000,learned,2,35,2wikimqa,Multi QA,104,1e7b44a5002efba074f208c9778567477cc4d4a1ac53d7ef,4797,4-8k,0.0
learned_K2_V2_s35_step10000,learned,2,35,2wikimqa,Multi QA,105,238c9791d4b5657f901615f165c478530891a2986fe93d05,4267,4-8k,0.0
learned_K2_V2_s35_step10000,learned,2,35,2wikimqa,Multi QA,106,ef06eb197dec40c7fd672fcd6a3c2780917ec8c686049956,4132,4-8k,100.0
learned_K2_V2_s35_step10000,learned,2,35,2wikimqa,Multi QA,107,8a758fe292d901d43c7729a09392968963811f61842518f3,6907,4-8k,0.0
learned_K2_V2_s35_step10000,learned,2,35,2wikimqa,Multi QA,108,6c9e7d34cc840d3ef62aba7cf1fddf9501e0e238a3e56c80,4774,4-8k,22.22222222222222
learned_K2_V2_s35_step10000,learned,2,35,2wikimqa,Multi QA,109,b058a6541fba988d17aa0172344f2b537993008bedd729d5,4098,4-8k,0.0
learned_K2_V2_s35_step10000,learned,2,35,2wikimqa,Multi QA,110,44fb06a1df8d376125f751d0bdee7696585e5c0d1a4e9f02,4629,4-8k,0.0
learned_K2_V2_s35_step10000,learned,2,35,2wikimqa,Multi QA,111,0c7274b5100ebeee9e7c1437949590cf5722c3f00b454f92,4176,4-8k,0.0
learned_K2_V2_s35_step10000,learned,2,35,2wikimqa,Multi QA,112,1f69042b1b5c54db57567137b3cc824c3cf27504897bd17d,4003,4-8k,20.0
learned_K2_V2_s35_step10000,learned,2,35,2wikimqa,Multi QA,113,f5baef0cdea8281ca147cfad48a104a418e04e3a8667cde5,5240,4-8k,0.0
learned_K2_V2_s35_step10000,learned,2,35,2wikimqa,Multi QA,114,3be59c383b827f15b3aeae8e3be3403f89c8635f0acf9330,4396,4-8k,0.0
learned_K2_V2_s35_step10000,learned,2,35,2wikimqa,Multi QA,115,d9a612aad6d6d6f504633151e88dd819e36ed39303c0658b,5575,4-8k,22.22222222222222
learned_K2_V2_s35_step10000,learned,2,35,2wikimqa,Multi QA,116,60163d86d206aaa179b61a2d43b27a7ec909b724b5685b50,4327,4-8k,0.0
learned_K2_V2_s35_step10000,learned,2,35,2wikimqa,Multi QA,117,0a115dd145605a6f2b0eeb01830ff1b3c2a38f81e6734097,5734,4-8k,100.0
learned_K2_V2_s35_step10000,learned,2,35,2wikimqa,Multi QA,118,9354c44bd9db99cfb2b8f803def7504f1a8bf16e182b5514,4864,4-8k,0.0
learned_K2_V2_s35_step10000,learned,2,35,2wikimqa,Multi QA,119,8e55a3cb4c213a132ff3bfef7a6df6290427488e9b732883,5822,4-8k,0.0
learned_K2_V2_s35_step10000,learned,2,35,2wikimqa,Multi QA,120,38387b0175b1713c6f7cc99561f16413ccb360fdcb00e814,6308,4-8k,0.0
learned_K2_V2_s35_step10000,learned,2,35,2wikimqa,Multi QA,121,a761220766aeb2fafc85b9753e54c449fb1464f03a4b51df,5616,4-8k,0.0
learned_K2_V2_s35_step10000,learned,2,35,2wikimqa,Multi QA,122,7a0ae184978fbdd3e5e38ac179861b1951878baaac395592,4287,4-8k,100.0
learned_K2_V2_s35_step10000,learned,2,35,2wikimqa,Multi QA,123,4ad3d43b4e53817be115414af1638d04328f437bb748ebf1,6815,4-8k,28.571428571428577
learned_K2_V2_s35_step10000,learned,2,35,2wikimqa,Multi QA,124,569f8b123108053ea946f9efffbe0406abcfd288b5b13bf2,4759,4-8k,0.0
learned_K2_V2_s35_step10000,learned,2,35,2wikimqa,Multi QA,125,47659268bc430f7e640db930b97fed4d0670cce46cdb83f8,4961,4-8k,31.57894736842105
learned_K2_V2_s35_step10000,learned,2,35,2wikimqa,Multi QA,126,ffb74b527f19f9e8c0fdc8a392174309f50696c95cbd7c97,4993,4-8k,0.0
learned_K2_V2_s35_step10000,learned,2,35,2wikimqa,Multi QA,127,59d531329c51fbdcdfc3e9af4565136b072a2af1d3b68ea2,7056,4-8k,0.0
learned_K2_V2_s35_step10000,learned,2,35,2wikimqa,Multi QA,128,3498041a8960ebd62cd1567bd884cd559d65792fc3014299,5794,4-8k,57.14285714285715
learned_K2_V2_s35_step10000,learned,2,35,2wikimqa,Multi QA,129,d64ce42f72497e502a412d395566e55a3793d05b35004cb4,6417,4-8k,25.0
learned_K2_V2_s35_step10000,learned,2,35,2wikimqa,Multi QA,130,fe284936ae55063527821e9ee610ae67958789167aa4ba1a,5421,4-8k,0.0
learned_K2_V2_s35_step10000,learned,2,35,2wikimqa,Multi QA,131,d524ca109e5ac6284dec16931f2403ef7859225cfde19e9e,5848,4-8k,0.0
learned_K2_V2_s35_step10000,learned,2,35,2wikimqa,Multi QA,132,339cb93913d08713e8202ffe6e4043f35e844ac9b7de591d,5606,4-8k,100.0
learned_K2_V2_s35_step10000,learned,2,35,2wikimqa,Multi QA,133,d8a4ba25a31cde41c5ce4581f3c4cbd827cc6fc61b31ffe1,5645,4-8k,0.0
learned_K2_V2_s35_step10000,learned,2,35,2wikimqa,Multi QA,134,2820f5f6db2a73a11f6269437ced07bf92dd3636cfda02ee,5850,4-8k,0.0
learned_K2_V2_s35_step10000,learned,2,35,2wikimqa,Multi QA,135,3ecc9e2e427f95b0af2c256b0a538ba534a4e28adc21ac29,5939,4-8k,85.71428571428571
learned_K2_V2_s35_step10000,learned,2,35,2wikimqa,Multi QA,136,feac1266126ef65a017535d551c19f741c29144a057bac71,4497,4-8k,0.0
learned_K2_V2_s35_step10000,learned,2,35,2wikimqa,Multi QA,137,079131850286083a72ba811e3124c3c266f7a7aba5b7f5b6,7360,4-8k,0.0
learned_K2_V2_s35_step10000,learned,2,35,2wikimqa,Multi QA,138,da6e2f15aa7f645e3bb8393116a36ea20d8039448fdbf241,4185,4-8k,0.0
learned_K2_V2_s35_step10000,learned,2,35,2wikimqa,Multi QA,139,ca06c3f82b647eb99a1c7b5d69047e9b373e600144bb80ee,4264,4-8k,0.0
learned_K2_V2_s35_step10000,learned,2,35,2wikimqa,Multi QA,140,774f30cf8adfb5c720dddb850cc3c22709487d594d042e54,5491,4-8k,100.0
learned_K2_V2_s35_step10000,learned,2,35,2wikimqa,Multi QA,141,3ff90e4a03bbab1ee558b8f8c49f99ede2a353921d9a63ad,4141,4-8k,0.0
learned_K2_V2_s35_step10000,learned,2,35,2wikimqa,Multi QA,142,f47a70ebc3471bb3fc81f93c8c812af1fb71048a720c3a47,6000,4-8k,0.0
learned_K2_V2_s35_step10000,learned,2,35,2wikimqa,Multi QA,143,8c2e68d24afdb2a83a0299059a0ca6b5df4e4490e262bbe6,5078,4-8k,100.0
learned_K2_V2_s35_step10000,learned,2,35,2wikimqa,Multi QA,144,1359ea4b835842cf7d0192cfa52c4f8af5656b00f230f69b,4155,4-8k,0.0
learned_K2_V2_s35_step10000,learned,2,35,2wikimqa,Multi QA,145,dbf1e1aaf4bb930e3520de800091020e5b391556904e0ed9,4171,4-8k,100.0
learned_K2_V2_s35_step10000,learned,2,35,2wikimqa,Multi QA,146,2eda134b5c6564d2f1f8f3b135e65c9d42cdd63bc6fb7741,5191,4-8k,26.66666666666667
learned_K2_V2_s35_step10000,learned,2,35,2wikimqa,Multi QA,147,8d5000c1cbd7582bdf96735f824c713974eb9c63797a2e48,5540,4-8k,0.0
learned_K2_V2_s35_step10000,learned,2,35,2wikimqa,Multi QA,148,98a876b06f01c95087197cb532bb41013ac07c5598003e3a,4356,4-8k,80.00000000000001
learned_K2_V2_s35_step10000,learned,2,35,2wikimqa,Multi QA,149,f0e14b404e9ff2b697b784fd8395d8eeecd279eaff02df1a,7317,4-8k,0.0
learned_K2_V2_s35_step10000,learned,2,35,2wikimqa,Multi QA,150,73a910a9f551d4d274e6f329d3f8a5049561120fae602224,4374,4-8k,28.57142857142857
learned_K2_V2_s35_step10000,learned,2,35,2wikimqa,Multi QA,151,fabab5b0e03630edd99d2b2ea223ff953d0d8de032a11bb1,4038,4-8k,0.0
learned_K2_V2_s35_step10000,learned,2,35,2wikimqa,Multi QA,152,004f56357e6d3851026b1a760360d2edc0e23d1d997bfea8,4399,4-8k,0.0
learned_K2_V2_s35_step10000,learned,2,35,2wikimqa,Multi QA,153,79e5312122eb8a7811f0ac120e76d2ff7576287cab7c6a63,5159,4-8k,100.0
learned_K2_V2_s35_step10000,learned,2,35,2wikimqa,Multi QA,154,2fb979b11527f947e3c2b78425d5b9b5b7747941098e344f,5174,4-8k,100.0
learned_K2_V2_s35_step10000,learned,2,35,2wikimqa,Multi QA,155,9df763aa74342832d7a49aef6c3164f15a550c09968d1378,4234,4-8k,0.0
learned_K2_V2_s35_step10000,learned,2,35,2wikimqa,Multi QA,156,154a6622a73d4e3db1f02476113b94d8c527b7d0ac01ed9a,4881,4-8k,50.0
learned_K2_V2_s35_step10000,learned,2,35,2wikimqa,Multi QA,157,2924e8ee211188de180c4a1e39f85554615b2090e139eb63,7025,4-8k,0.0
learned_K2_V2_s35_step10000,learned,2,35,2wikimqa,Multi QA,158,85f3200158511b95a7eb4ed5bf9c4698247662ff8a40943c,4083,4-8k,22.22222222222222
learned_K2_V2_s35_step10000,learned,2,35,2wikimqa,Multi QA,159,0b8977d31c66e37a03d592bb1a798d21c257493fc55cda10,6245,4-8k,0.0
learned_K2_V2_s35_step10000,learned,2,35,2wikimqa,Multi QA,160,74f0f31fc1a89028c0fffa4052d8acb2c92729e0122c67b2,5306,4-8k,100.0
learned_K2_V2_s35_step10000,learned,2,35,2wikimqa,Multi QA,161,9e9c4bdf1d27af305babdee3de3e6800a8a29e1956a1d30a,5248,4-8k,100.0
learned_K2_V2_s35_step10000,learned,2,35,2wikimqa,Multi QA,162,78877dc3800b31f7831cf2f941219ee29493e35b53b059a1,4421,4-8k,0.0
learned_K2_V2_s35_step10000,learned,2,35,2wikimqa,Multi QA,163,580cf59074e3c57611569b2ea0f0916626954abb02804e6b,7053,4-8k,66.66666666666666
learned_K2_V2_s35_step10000,learned,2,35,2wikimqa,Multi QA,164,977a06fd17dadfff5c389d40fdd5a91ffcc56a45dd53fa35,5307,4-8k,0.0
learned_K2_V2_s35_step10000,learned,2,35,2wikimqa,Multi QA,165,8d85a890f8b65203743e4e9411416d216e2bdf65f626cf23,4733,4-8k,100.0
learned_K2_V2_s35_step10000,learned,2,35,2wikimqa,Multi QA,166,6a1b88bdf6b4452fbdbbc79f52f47b1ef42fa1c058e9d236,4110,4-8k,50.0
learned_K2_V2_s35_step10000,learned,2,35,2wikimqa,Multi QA,167,787a7fa58b79c188686922efbf6bbf13f30e63e699f0d96b,5611,4-8k,100.0
learned_K2_V2_s35_step10000,learned,2,35,2wikimqa,Multi QA,168,ec4d2bc458764f6bb22a554fcff40c78d1ea54c9b941b9cd,4707,4-8k,28.571428571428577
learned_K2_V2_s35_step10000,learned,2,35,2wikimqa,Multi QA,169,daaf2e7324a8339d157f22a8060117f70cc05a0e87ff37d1,5428,4-8k,0.0
learned_K2_V2_s35_step10000,learned,2,35,2wikimqa,Multi QA,170,22795cc836665fae4d6dbd8d676b0cd6be16fb7f5068c985,4643,4-8k,21.052631578947366
learned_K2_V2_s35_step10000,learned,2,35,2wikimqa,Multi QA,171,79b55eec86dd6e66a393dd4d6e510b7e696784781a6b6909,4678,4-8k,0.0
learned_K2_V2_s35_step10000,learned,2,35,2wikimqa,Multi QA,172,5d40d1a2db550f9a3d7c047b911ae92b38fe7af8a69eda84,7724,4-8k,0.0
learned_K2_V2_s35_step10000,learned,2,35,2wikimqa,Multi QA,173,e073fe98e7399449d3472ff2c32bb8dedfc57fb49c773ee3,5382,4-8k,0.0
learned_K2_V2_s35_step10000,learned,2,35,2wikimqa,Multi QA,174,7d16ac30561f6c27fcc89c64935d0f3a9367123cb90045fe,4846,4-8k,100.0
learned_K2_V2_s35_step10000,learned,2,35,2wikimqa,Multi QA,175,4b75cc29103067312be5cecb01b75f9a573d51a384f3fc99,6785,4-8k,100.0
learned_K2_V2_s35_step10000,learned,2,35,2wikimqa,Multi QA,176,b8737cbf764dc336463c1c85ad212b604a8825fd1feadd69,4645,4-8k,75.0
learned_K2_V2_s35_step10000,learned,2,35,2wikimqa,Multi QA,177,37619a016827bb34e18a62cfd04973927ef28a5751b50861,6532,4-8k,100.0
learned_K2_V2_s35_step10000,learned,2,35,2wikimqa,Multi QA,178,37c2f3d34ab7cc04a5985712fe35b9ec24dd218fa4985772,6308,4-8k,28.57142857142857
learned_K2_V2_s35_step10000,learned,2,35,2wikimqa,Multi QA,179,7eec2170fed75c198bfa60ddf8505a51e8b00b888ea01a52,5692,4-8k,0.0
learned_K2_V2_s35_step10000,learned,2,35,2wikimqa,Multi QA,180,533d60d939fb6bc22e89e75a45aec3eb7e198d8b3aef0c6d,5160,4-8k,0.0
learned_K2_V2_s35_step10000,learned,2,35,2wikimqa,Multi QA,181,a69b19d14a6387991f7dc3ec2981a854b9ab1ba23876d1a2,5351,4-8k,66.66666666666666
learned_K2_V2_s35_step10000,learned,2,35,2wikimqa,Multi QA,182,8c701e4113f34446d9d2f2a8f10426690f405aaa82aa04b5,5750,4-8k,100.0
learned_K2_V2_s35_step10000,learned,2,35,2wikimqa,Multi QA,183,5d2435c261cf4ec0635d68b92006f7926e6739eea53c202b,4254,4-8k,0.0
learned_K2_V2_s35_step10000,learned,2,35,2wikimqa,Multi QA,184,df26a4d86dc9b42db852cc02c6231f14bf681303430b1364,5628,4-8k,100.0
learned_K2_V2_s35_step10000,learned,2,35,2wikimqa,Multi QA,185,dac493ba4f0384ffeca47421d2111feceecf2750e56e73f9,6118,4-8k,100.0
learned_K2_V2_s35_step10000,learned,2,35,2wikimqa,Multi QA,186,7022cbda00a72169cc470d7879da58fc0673ff175aa1f19f,7764,4-8k,100.0
learned_K2_V2_s35_step10000,learned,2,35,2wikimqa,Multi QA,187,0f356f26b81fba8d85f6f24e82f2d11dfdd8ee32bc7025bd,6197,4-8k,0.0
learned_K2_V2_s35_step10000,learned,2,35,2wikimqa,Multi QA,188,ab93c8b5c1a68316d04c11e7a9a4e9816cd754d7f655e6f6,4215,4-8k,44.44444444444444
learned_K2_V2_s35_step10000,learned,2,35,2wikimqa,Multi QA,189,ff1f1458c122cb17935c5b235537854af253dfffcd37f98d,4162,4-8k,53.333333333333336
learned_K2_V2_s35_step10000,learned,2,35,2wikimqa,Multi QA,190,23c31f6cbc44072212b709b7348b2b6f8a012d997aaa706d,5648,4-8k,0.0
learned_K2_V2_s35_step10000,learned,2,35,2wikimqa,Multi QA,191,379a5df5053403945db30c234b02d7d7087a593b070abb95,4787,4-8k,100.0
learned_K2_V2_s35_step10000,learned,2,35,2wikimqa,Multi QA,192,891a3e506822e0c94cdbc63c673cf78d6b919a7479c1e961,5303,4-8k,0.0
learned_K2_V2_s35_step10000,learned,2,35,2wikimqa,Multi QA,193,4e1520d379bc44b174f44482a9f512db0a7f9db46b7b68b7,5217,4-8k,20.0
learned_K2_V2_s35_step10000,learned,2,35,2wikimqa,Multi QA,194,70601344d5c269a97df44b9d3429bfcc5230800d6c97ac3a,5047,4-8k,0.0
learned_K2_V2_s35_step10000,learned,2,35,2wikimqa,Multi QA,195,4634cb79db611f92c95058db25906924969edc6a4fa86796,4460,4-8k,100.0
learned_K2_V2_s35_step10000,learned,2,35,2wikimqa,Multi QA,196,f212a163fb7a09cc359579e6556fa9673926760ed4c9adc6,5552,4-8k,0.0
learned_K2_V2_s35_step10000,learned,2,35,2wikimqa,Multi QA,197,abcece2a80908d35b2f960f69df896560b7945225fd8f8e7,7761,4-8k,100.0
learned_K2_V2_s35_step10000,learned,2,35,2wikimqa,Multi QA,198,6b201c0435cc4b092d4e902e776e9fa619d1881a903d2e72,5793,4-8k,0.0
learned_K2_V2_s35_step10000,learned,2,35,2wikimqa,Multi QA,199,32482945828a5aab162d7534d56b2b39f5292f6cd0fe0587,4584,4-8k,0.0
learned_K2_V2_s35_step10000,learned,2,35,2wikimqa,Multi QA,200,57d950b45a45d065fadfe4f352de3f11fcf3d7f57b89e322,9522,8k+,100.0
learned_K2_V2_s35_step10000,learned,2,35,2wikimqa,Multi QA,201,dd3a33f7a133c0cf642f5c916366314d4a4833334e35e724,10675,8k+,100.0
learned_K2_V2_s35_step10000,learned,2,35,2wikimqa,Multi QA,202,65590dadf33ffaf6588e11574f9534f5bd2cfd6be6ed04af,11081,8k+,40.0
learned_K2_V2_s35_step10000,learned,2,35,2wikimqa,Multi QA,203,ed5cc4c54d4f1e0c40ed2f1856e2a7b77727ec270fb7ea8d,10724,8k+,0.0
learned_K2_V2_s35_step10000,learned,2,35,2wikimqa,Multi QA,204,fc80892790b31b3cc4863aec12c7c4231b79b71ede178fcb,9833,8k+,0.0
learned_K2_V2_s35_step10000,learned,2,35,2wikimqa,Multi QA,205,d21649a79fe09ff3a8fb6b24c8cf2080e5aed3d29314fd9e,10369,8k+,0.0
learned_K2_V2_s35_step10000,learned,2,35,2wikimqa,Multi QA,206,895501bb4736e0444f51d79ad89dbf1ba864fbe5746bf60d,11645,8k+,66.66666666666666
learned_K2_V2_s35_step10000,learned,2,35,2wikimqa,Multi QA,207,3a4153b2cd645e567d268c92fc153be937caefb93ac238df,8135,8k+,0.0
learned_K2_V2_s35_step10000,learned,2,35,2wikimqa,Multi QA,208,8b06481342514795c94dba8c3908439d584f6e4cdd87c2cd,10844,8k+,0.0
learned_K2_V2_s35_step10000,learned,2,35,2wikimqa,Multi QA,209,fe435be4a12cc594fc8802bfcf90f347b021af5ad41e8bff,8391,8k+,100.0
learned_K2_V2_s35_step10000,learned,2,35,2wikimqa,Multi QA,210,946f55e2ae8f0554988eafb8742ad72df47697cc67d5a1da,10928,8k+,0.0
learned_K2_V2_s35_step10000,learned,2,35,2wikimqa,Multi QA,211,35a170925f742e797e3009a3de4fb04254adc24b27c18327,11847,8k+,0.0
learned_K2_V2_s35_step10000,learned,2,35,2wikimqa,Multi QA,212,ee48c43c95fa56bfe9b01e1972a65fe143f6e0905bb9da7f,11780,8k+,0.0
learned_K2_V2_s35_step10000,learned,2,35,2wikimqa,Multi QA,213,2344eeed78f160706f574a00ac6fce2601bdfbda95b0847c,9033,8k+,0.0
learned_K2_V2_s35_step10000,learned,2,35,2wikimqa,Multi QA,214,56608e144ec858fa3185b2ac9e561547c68a5909c33033ba,10265,8k+,100.0
learned_K2_V2_s35_step10000,learned,2,35,2wikimqa,Multi QA,215,5d96128f61a057b9dbd947816e3d1344ec721974476308ce,8513,8k+,0.0
learned_K2_V2_s35_step10000,learned,2,35,2wikimqa,Multi QA,216,da0b455bd3394d2118bf242b9458c3857d5d6e9ccbf07f64,11664,8k+,0.0
learned_K2_V2_s35_step10000,learned,2,35,2wikimqa,Multi QA,217,4fff6183a4b54b4882e619b0641bc5371d4f0d14be96893c,8868,8k+,0.0
learned_K2_V2_s35_step10000,learned,2,35,2wikimqa,Multi QA,218,3795313abd01d109fcd48784fd0930d7af60a7caa223cdfe,9433,8k+,50.0
learned_K2_V2_s35_step10000,learned,2,35,2wikimqa,Multi QA,219,7e9f113e82fc06b71e2d1791d35e6fb5d9548f7e2d37e68a,8098,8k+,0.0
learned_K2_V2_s35_step10000,learned,2,35,2wikimqa,Multi QA,220,fd540d0934a1450311a70666fe922779d77a831c56f545d2,11346,8k+,21.052631578947366
learned_K2_V2_s35_step10000,learned,2,35,2wikimqa,Multi QA,221,2f09ba9e44f712209fb73586e9f4fcc3b4080409689fe4b0,11017,8k+,0.0
learned_K2_V2_s35_step10000,learned,2,35,2wikimqa,Multi QA,222,cddd24b3abd6643af5507f0bd5f523ce049256756a6a3648,10804,8k+,100.0
learned_K2_V2_s35_step10000,learned,2,35,2wikimqa,Multi QA,223,c085e944c27941be03b4e45db3039b45a31f3c50117537a9,11496,8k+,0.0
learned_K2_V2_s35_step10000,learned,2,35,2wikimqa,Multi QA,224,ff147ffa9d6d295cdd0bfe0d0c99ec8dc6c212c3a4d3086a,10856,8k+,100.0
learned_K2_V2_s35_step10000,learned,2,35,2wikimqa,Multi QA,225,e3b48ce573be703c885c575899651a98ec7317b8d788e92d,10039,8k+,20.000000000000004
learned_K2_V2_s35_step10000,learned,2,35,2wikimqa,Multi QA,226,8dd616390124afd4e969f4764bf8fe02b8f4a60a3443c061,9041,8k+,0.0
learned_K2_V2_s35_step10000,learned,2,35,2wikimqa,Multi QA,227,c0589a8a7f7861f01a1a6396aeafcf23caaa2f0e154b711a,11355,8k+,0.0
learned_K2_V2_s35_step10000,learned,2,35,2wikimqa,Multi QA,228,a404b5f1c4663d5e1aca2ddf6e5cc0f2b00a45c53c9181c9,8017,8k+,18.181818181818183
learned_K2_V2_s35_step10000,learned,2,35,2wikimqa,Multi QA,229,9a1ec3f581a0267d71a30d7661ceb6e277b0be8a58c12e6e,11509,8k+,0.0
learned_K2_V2_s35_step10000,learned,2,35,2wikimqa,Multi QA,230,88b2be0a381982b7b05070e267d2440c77654bc8128403e6,11496,8k+,33.33333333333333
learned_K2_V2_s35_step10000,learned,2,35,2wikimqa,Multi QA,231,0f7c34cfb1c045d4b8242556440930f7d5ce60e4754443b4,10289,8k+,0.0
learned_K2_V2_s35_step10000,learned,2,35,2wikimqa,Multi QA,232,9cda7c350b304bb4031d1f45de52bd897f0c79fb16aeafb8,11617,8k+,0.0
learned_K2_V2_s35_step10000,learned,2,35,2wikimqa,Multi QA,233,49f7b1a3cba0780245fe5dd975a3d396cf0301be50fe624c,9815,8k+,0.0
learned_K2_V2_s35_step10000,learned,2,35,2wikimqa,Multi QA,234,00e8a018b17073a175614172e73871939a3b2ac4ca0c71c0,8510,8k+,0.0
learned_K2_V2_s35_step10000,learned,2,35,2wikimqa,Multi QA,235,24144554a83a55c968553f1def746d606e45881afe44feff,9965,8k+,0.0
learned_K2_V2_s35_step10000,learned,2,35,2wikimqa,Multi QA,236,655fc29d0115a80d33282ccc52486416f3e2225f30f645c2,8535,8k+,50.0
learned_K2_V2_s35_step10000,learned,2,35,2wikimqa,Multi QA,237,97dd525d6b0d91e4d483f22988607e87048cfe088af93d80,11186,8k+,0.0
learned_K2_V2_s35_step10000,learned,2,35,2wikimqa,Multi QA,238,cca264d7bde411c4959eb2e5fb33d9689ffb893184b023d8,10297,8k+,0.0
learned_K2_V2_s35_step10000,learned,2,35,2wikimqa,Multi QA,239,90c0b94b55bd4b31318d1fe53ac681eac695021547503740,8597,8k+,26.66666666666667
learned_K2_V2_s35_step10000,learned,2,35,2wikimqa,Multi QA,240,d3624780a9e9ffd5d7685f3f14e4df5d2a52601c151067fa,12248,8k+,0.0
learned_K2_V2_s35_step10000,learned,2,35,2wikimqa,Multi QA,241,0e0bc7878677a1e7602253b2c26f6f96e58bc454b2b03ab8,9195,8k+,0.0
learned_K2_V2_s35_step10000,learned,2,35,2wikimqa,Multi QA,242,a12cab6db102d0096a60793a7681384930172b9f66642b88,11719,8k+,0.0
learned_K2_V2_s35_step10000,learned,2,35,2wikimqa,Multi QA,243,ff2da93ebf68b5f17fc7a7ba517067923702187fa561f91a,9455,8k+,0.0
learned_K2_V2_s35_step10000,learned,2,35,2wikimqa,Multi QA,244,ee5d9f9d86e7e98659e3e81baff53f13807147550593b3bb,10129,8k+,0.0
learned_K2_V2_s35_step10000,learned,2,35,2wikimqa,Multi QA,245,4ced3912f614aca56f95eb0431c22e53c24c05717bf75f62,10959,8k+,0.0
learned_K2_V2_s35_step10000,learned,2,35,2wikimqa,Multi QA,246,38ef6500ef63554606cf0cbea9d2a1839d2c162ddee3d5e3,8217,8k+,0.0
learned_K2_V2_s35_step10000,learned,2,35,2wikimqa,Multi QA,247,889a1f36f923d982676936ef5e04a451058981bc3ebdb614,8102,8k+,100.0
learned_K2_V2_s35_step10000,learned,2,35,2wikimqa,Multi QA,248,99f20fa9a6c649ab2d8158e55dec3f11a62ff85ccc4bfd06,9037,8k+,100.0
learned_K2_V2_s35_step10000,learned,2,35,2wikimqa,Multi QA,249,ae89a74d85721669f0befd1330ce01155e78286c2f487b0c,10683,8k+,0.0
learned_K2_V2_s35_step10000,learned,2,35,2wikimqa,Multi QA,250,a827b18fdd282f4927917274185947356b3ad903c4cb1138,8890,8k+,36.36363636363636
learned_K2_V2_s35_step10000,learned,2,35,2wikimqa,Multi QA,251,151426237d6b0e7678191426593135623644541aba08e8ad,9857,8k+,0.0
learned_K2_V2_s35_step10000,learned,2,35,2wikimqa,Multi QA,252,7de7d760b636aee90f01cbc0d33fcd4f3029bfbe12edf862,9121,8k+,0.0
learned_K2_V2_s35_step10000,learned,2,35,2wikimqa,Multi QA,253,9586d46352803a35f5726af431ea649bdd71efec91590036,9472,8k+,50.0
learned_K2_V2_s35_step10000,learned,2,35,2wikimqa,Multi QA,254,45455a25fccc87732be135d786a3e41c36476ac878aca6a2,11357,8k+,100.0
learned_K2_V2_s35_step10000,learned,2,35,2wikimqa,Multi QA,255,d6513ef664a26614629e878672c0ce2d7dd0f40c01592b85,9596,8k+,0.0
learned_K2_V2_s35_step10000,learned,2,35,2wikimqa,Multi QA,256,df369bbc837532888f001476535df2eb80cdbfaed0c6f294,10771,8k+,0.0
learned_K2_V2_s35_step10000,learned,2,35,2wikimqa,Multi QA,257,005c463249f9b25799798627fade1ca97e3dede4f8245a23,9189,8k+,57.14285714285715
learned_K2_V2_s35_step10000,learned,2,35,2wikimqa,Multi QA,258,de12796f0b44192fa49330a70a956b53668b09b95a2e72d1,9359,8k+,0.0
learned_K2_V2_s35_step10000,learned,2,35,2wikimqa,Multi QA,259,8086467ebb712146e7215eb1656245f9901dad34f6931fdf,10687,8k+,0.0
learned_K2_V2_s35_step10000,learned,2,35,2wikimqa,Multi QA,260,4072ff277a7ef3ebd671ad0df389adb782f316051dec1edf,8532,8k+,100.0
learned_K2_V2_s35_step10000,learned,2,35,2wikimqa,Multi QA,261,e367499fba5b229051bc79021a1ad30bbd066b1f89c277f6,8053,8k+,100.0
learned_K2_V2_s35_step10000,learned,2,35,2wikimqa,Multi QA,262,5ed74e008cbf844474db3cd9bd66a56434e7673185737175,11818,8k+,0.0
learned_K2_V2_s35_step10000,learned,2,35,2wikimqa,Multi QA,263,a90876cb94542570afab3b1ecc9632b46ed73f0c703edb79,12334,8k+,100.0
learned_K2_V2_s35_step10000,learned,2,35,2wikimqa,Multi QA,264,3809f116856e090121b8d2d54cb0416076a8916013f06997,10696,8k+,0.0
learned_K2_V2_s35_step10000,learned,2,35,2wikimqa,Multi QA,265,ee5c0b8fe31f40bbf2579439858229041ea769a46d82f49b,8703,8k+,0.0
learned_K2_V2_s35_step10000,learned,2,35,2wikimqa,Multi QA,266,247aec3a792a00436b8b371eb86bbe6e46bdc5f05029c7e8,10645,8k+,50.0
learned_K2_V2_s35_step10000,learned,2,35,2wikimqa,Multi QA,267,a19b5039e3aa94a03697678cc751b306232b2a7aa4c2b3c0,11594,8k+,50.0
learned_K2_V2_s35_step10000,learned,2,35,2wikimqa,Multi QA,268,3028780b1d61923e9791e81da2147de86a3be9e559e3bd73,9675,8k+,0.0
learned_K2_V2_s35_step10000,learned,2,35,2wikimqa,Multi QA,269,8419d7b9bbd7db822732f59dca410050121aa69c36964cf1,11623,8k+,0.0
learned_K2_V2_s35_step10000,learned,2,35,2wikimqa,Multi QA,270,4cd06c998601679deb329a164b76914224ddd81d133d052a,10522,8k+,0.0
learned_K2_V2_s35_step10000,learned,2,35,2wikimqa,Multi QA,271,c5521b710d470612448ccb7e77d6c161b5f28f159d12af3e,12049,8k+,0.0
learned_K2_V2_s35_step10000,learned,2,35,2wikimqa,Multi QA,272,718f63a7f06993d0dc1632cb0114348dceb9897f821c2d55,11192,8k+,100.0
learned_K2_V2_s35_step10000,learned,2,35,2wikimqa,Multi QA,273,5679a28af119c49eef128407fce019942c46a7bfb755b130,10244,8k+,0.0
learned_K2_V2_s35_step10000,learned,2,35,2wikimqa,Multi QA,274,e5dd7853e4698d1605ac8993911f1dd498a8229cce0fb842,9280,8k+,100.0
learned_K2_V2_s35_step10000,learned,2,35,2wikimqa,Multi QA,275,0874617ba73c23542f0abc0a68c4792cf2c535bbec0e11b5,9757,8k+,66.66666666666666
learned_K2_V2_s35_step10000,learned,2,35,2wikimqa,Multi QA,276,3217ac618975993bd935ed6711f8aeaa1b310d4157667829,8599,8k+,0.0
learned_K2_V2_s35_step10000,learned,2,35,2wikimqa,Multi QA,277,df9e21637eedca8ff688f26f20ae83e7883c92575a225130,8828,8k+,100.0
learned_K2_V2_s35_step10000,learned,2,35,2wikimqa,Multi QA,278,31cd60e0e4f7769a631584652127f3f626f55edc8d85887a,9519,8k+,0.0
learned_K2_V2_s35_step10000,learned,2,35,2wikimqa,Multi QA,279,cdca45dc9a7a450ca91719626f641a58e92a5ce2e3fbe767,8161,8k+,0.0
learned_K2_V2_s35_step10000,learned,2,35,2wikimqa,Multi QA,280,87932b85c9972f32d1e88477d93d8115a87d42eaf0091ee9,8829,8k+,0.0
learned_K2_V2_s35_step10000,learned,2,35,2wikimqa,Multi QA,281,d4b716f9cc9884457dbe3369ee030d8b2c0e39a26036c592,10589,8k+,66.66666666666666
learned_K2_V2_s35_step10000,learned,2,35,2wikimqa,Multi QA,282,6db754cfbd5b3e680c13bee29dec733d35be7d4fe0f46b36,11592,8k+,0.0
learned_K2_V2_s35_step10000,learned,2,35,2wikimqa,Multi QA,283,1c58a30eb49959465cf6b97dc7e86d22b05436c8813c9499,8887,8k+,0.0
learned_K2_V2_s35_step10000,learned,2,35,2wikimqa,Multi QA,284,947f3484b4e4e37f04811bf3de2685b71145510a3fdbf906,9938,8k+,0.0
learned_K2_V2_s35_step10000,learned,2,35,2wikimqa,Multi QA,285,54afee9afec7cd7053b95b1f9c63f196392fd26653c0824e,9434,8k+,0.0
learned_K2_V2_s35_step10000,learned,2,35,2wikimqa,Multi QA,286,01f2daeaf538f2fe512ea44ea999e66a1b190a1b1d283ddf,11104,8k+,0.0
learned_K2_V2_s35_step10000,learned,2,35,2wikimqa,Multi QA,287,3605abcc4f4de1deab21d77ea9de019d736e6b9331123370,12233,8k+,100.0
learned_K2_V2_s35_step10000,learned,2,35,2wikimqa,Multi QA,288,215c97da09f739be0c873d0a2496a5fe5490e0bd2da665e5,11410,8k+,0.0
learned_K2_V2_s35_step10000,learned,2,35,2wikimqa,Multi QA,289,c8196f55c719e2e4e3b10439d7b124a90f9f4b3c1cd39db9,10632,8k+,0.0
learned_K2_V2_s35_step10000,learned,2,35,2wikimqa,Multi QA,290,c5b6ca14b3a40c33643e1d1bccb55a7898e9db8bda5780b8,11119,8k+,0.0
learned_K2_V2_s35_step10000,learned,2,35,2wikimqa,Multi QA,291,f1b27c9b1e5e3c79b01d560da3336cafba5dd2db5f475845,11563,8k+,100.0
learned_K2_V2_s35_step10000,learned,2,35,2wikimqa,Multi QA,292,081c47a97a4d7be7bdce61ef84d30fc6bb33ca65c913523b,11443,8k+,0.0
learned_K2_V2_s35_step10000,learned,2,35,2wikimqa,Multi QA,293,83c9affafe86b9685bac3a6f08866e566f30993f94ae0f34,12093,8k+,100.0
learned_K2_V2_s35_step10000,learned,2,35,2wikimqa,Multi QA,294,4b564dc097e7bbbd647ac1a6e70a11ab76351cc8415a733f,12120,8k+,40.0
learned_K2_V2_s35_step10000,learned,2,35,2wikimqa,Multi QA,295,9c97734975e213c99c7db7454cbe8f847934f5525772f95b,10043,8k+,0.0
learned_K2_V2_s35_step10000,learned,2,35,2wikimqa,Multi QA,296,690049a1a7cf75590b79f2c8cb48fb2fa62b3d6880c70aa4,9331,8k+,0.0
learned_K2_V2_s35_step10000,learned,2,35,2wikimqa,Multi QA,297,91e951fe724d2850c40cfc8c0ad4357f5ab5a6068ab7f6e6,9895,8k+,0.0
learned_K2_V2_s35_step10000,learned,2,35,2wikimqa,Multi QA,298,051d0c0da566fd0fe1d29d5d4916b118c73d76d0ae78a215,8832,8k+,0.0
learned_K2_V2_s35_step10000,learned,2,35,2wikimqa,Multi QA,299,bf38d1ee9dcb2c26f2a55cde167dae2eeb4047687079a45a,8872,8k+,0.0
learned_K2_V2_s35_step10000,learned,2,35,gov_report,Summarization,0,f91242d1926360ba71923587c1ba63e18d6a3ba749e6fbf6,3092,0-4k,35.4679798422068
learned_K2_V2_s35_step10000,learned,2,35,gov_report,Summarization,1,9787f39937497170cf50f8309aec87d0972fda7e3642a99c,2968,0-4k,35.937499533908415
learned_K2_V2_s35_step10000,learned,2,35,gov_report,Summarization,2,6043ce523e2bf770ac7378c4b3db3611d3fec19e891d7470,881,0-4k,16.260162184248802
learned_K2_V2_s35_step10000,learned,2,35,gov_report,Summarization,3,ef17c7c2d0712de1c63316d387d1de6961012b07206bd418,2565,0-4k,35.5769226726262
learned_K2_V2_s35_step10000,learned,2,35,gov_report,Summarization,4,54da2503ef9cd61e98fc39ba742772c8a15311d72ab94a08,3632,0-4k,31.818181318940812
learned_K2_V2_s35_step10000,learned,2,35,gov_report,Summarization,5,73b6c24236aac5d34a6f3aff9b258afd4be6ca8d1bdd2830,2786,0-4k,28.178693698751793
learned_K2_V2_s35_step10000,learned,2,35,gov_report,Summarization,6,fa5a9d9cd641dccda7580dc34bdcc204b4adf85d2fd0004f,3956,0-4k,28.397565499549483
learned_K2_V2_s35_step10000,learned,2,35,gov_report,Summarization,7,2562c68308e254c936f0c6e40ef0cd6136e98adb74ed8651,3955,0-4k,30.35019410851792
learned_K2_V2_s35_step10000,learned,2,35,gov_report,Summarization,8,696ffc1495c6e4840e7932648c36f847483e7cf79136fa91,3582,0-4k,31.266845904345363
learned_K2_V2_s35_step10000,learned,2,35,gov_report,Summarization,9,dc1afcec9b546bb4416701e28661f0c245d9fc5f4a60c22e,3373,0-4k,31.44963095876221
learned_K2_V2_s35_step10000,learned,2,35,gov_report,Summarization,10,d1d5498b810d6a3e59553c6813a13a3f4371bd3a9fda0a91,2202,0-4k,25.74257378008284
learned_K2_V2_s35_step10000,learned,2,35,gov_report,Summarization,11,ba31b3f52529bcbe88526d39a80a7160c949efc3e3419dab,3187,0-4k,31.182795224419014
learned_K2_V2_s35_step10000,learned,2,35,gov_report,Summarization,12,dd75bb805b5fc457bdab49c32635ed8024f47048416ab1fe,3445,0-4k,27.04081585172845
learned_K2_V2_s35_step10000,learned,2,35,gov_report,Summarization,13,1a7bf80c730cbafed9c6b9467d47cc81282d37cf2536e99d,2490,0-4k,37.055837111391696
learned_K2_V2_s35_step10000,learned,2,35,gov_report,Summarization,14,83f9ff1407a931e48501d64ea536af2ab3447af46371d3e3,2185,0-4k,19.607842727497978
learned_K2_V2_s35_step10000,learned,2,35,gov_report,Summarization,15,c7c111ee767712e436fe4a357a47b5070ea7622e25cef977,2723,0-4k,39.35483824297607
learned_K2_V2_s35_step10000,learned,2,35,gov_report,Summarization,16,c70a7894fa37b1dd357d3d131a751abd235f4e813e0253c1,3841,0-4k,23.768115527931112
learned_K2_V2_s35_step10000,learned,2,35,gov_report,Summarization,17,9ddee8c0c1df58517aedba8e5234b711280cf8f2c3d26efc,2124,0-4k,30.061349240298853
learned_K2_V2_s35_step10000,learned,2,35,gov_report,Summarization,18,71fed9c2f4e5d394438d8913993dc240a3db80fe1b02b712,3102,0-4k,34.76070486393544
learned_K2_V2_s35_step10000,learned,2,35,gov_report,Summarization,19,278810715acea7581d80c9b5e20ca64bf4efed96d0db0907,3486,0-4k,35.67251415004617
learned_K2_V2_s35_step10000,learned,2,35,gov_report,Summarization,20,d6b1ca843f4712bab59caf130093f053913d334086088018,3292,0-4k,36.56509645760852
learned_K2_V2_s35_step10000,learned,2,35,gov_report,Summarization,21,c6381b4e3611955f928d30059f280a02a053c559cafeac7b,3481,0-4k,21.59382997035441
learned_K2_V2_s35_step10000,learned,2,35,gov_report,Summarization,22,4d332e205d0c62da69df8156915f5adc6c1ee9c945a1f62b,2496,0-4k,42.21635834609896
learned_K2_V2_s35_step10000,learned,2,35,gov_report,Summarization,23,256b6abf9b9ef1ad7683b86c34d71abcfe320f4d72d27ce5,2284,0-4k,33.76623326869287
learned_K2_V2_s35_step10000,learned,2,35,gov_report,Summarization,24,0fd7e5a78ef1d4399385aba1b8d4bdbacb27592752b4c6f9,3249,0-4k,36.52173868599034
learned_K2_V2_s35_step10000,learned,2,35,gov_report,Summarization,25,a421fedc9fbffd3be35e07241394ea96968a5f309172cf02,1948,0-4k,28.24427432200921
learned_K2_V2_s35_step10000,learned,2,35,gov_report,Summarization,26,889aa95bee30658d255d24483adc4d76a24f1aecce806a61,3035,0-4k,25.454545043894633
learned_K2_V2_s35_step10000,learned,2,35,gov_report,Summarization,27,a82fc190d53deee032a07443b05f0df6d0818cf9fb8cb3ac,3082,0-4k,29.06403896663351
learned_K2_V2_s35_step10000,learned,2,35,gov_report,Summarization,28,315559a8549b86cb3d6d5d5211588a3b56422eb1d9c0f883,3389,0-4k,35.128805172079055
learned_K2_V2_s35_step10000,learned,2,35,gov_report,Summarization,29,ec2cc16e0e29cceb15b4450fa1f88a88fbcc5af0047d1507,3680,0-4k,36.761487495558995
learned_K2_V2_s35_step10000,learned,2,35,gov_report,Summarization,30,963b47db5071800d5cd3f7e416784db1ab922e319ead2dbd,2371,0-4k,33.21799257959077
learned_K2_V2_s35_step10000,learned,2,35,gov_report,Summarization,31,8b763a29908bd541fd5f8885ce7b8a4074f6e58f8731856f,2521,0-4k,37.74647841056934
learned_K2_V2_s35_step10000,learned,2,35,gov_report,Summarization,32,51da4ea0ddbef310da4706bfe886ec48c0419e7fb53850f7,3193,0-4k,29.91452941467602
learned_K2_V2_s35_step10000,learned,2,35,gov_report,Summarization,33,7930c673af4e162c59d74dc6c633ee8db732b4f9165f6c1d,3878,0-4k,27.298049667305506
learned_K2_V2_s35_step10000,learned,2,35,gov_report,Summarization,34,44e76272e7e0bc1edf1bfd769fe4ba5889b59ff374b16630,1609,0-4k,33.33333283360375
learned_K2_V2_s35_step10000,learned,2,35,gov_report,Summarization,35,d0f4bf28d9fae91a2281f6f06b61ffa7fcaee2880f451c77,2993,0-4k,31.578946929711112
learned_K2_V2_s35_step10000,learned,2,35,gov_report,Summarization,36,ebda9c3124b57e62c596151d4c9be2183f4f696ce1c09211,2545,0-4k,23.684210072908595
learned_K2_V2_s35_step10000,learned,2,35,gov_report,Summarization,37,71c9c954fd82ec75215de34d755dbea67bd0c78388d8caef,2998,0-4k,33.5051542159103
learned_K2_V2_s35_step10000,learned,2,35,gov_report,Summarization,38,fb97d33ec1b899ebdf723a1b853c450327052d219847fb26,3325,0-4k,35.061727948983396
learned_K2_V2_s35_step10000,learned,2,35,gov_report,Summarization,39,a33514dfe20b25170efaa64675b03f13f73ad74f2a72eeaa,3152,0-4k,49.70059830757647
learned_K2_V2_s35_step10000,learned,2,35,gov_report,Summarization,40,7732eca37bfe38bb9847d064f8d42ef9071dd337632ca149,3917,0-4k,28.571428116620673
learned_K2_V2_s35_step10000,learned,2,35,gov_report,Summarization,41,d84a12d7167676ad022cb901284b58a21fcd8208b545c348,2478,0-4k,32.679738154195206
learned_K2_V2_s35_step10000,learned,2,35,gov_report,Summarization,42,e590c1f5c3246e8822dc120c17ff9599e227ee1a763b2bba,2981,0-4k,24.463518892961748
learned_K2_V2_s35_step10000,learned,2,35,gov_report,Summarization,43,4f5ecfa493399d3d05b461bf13424dd8257125036b3f0f0e,3948,0-4k,34.13461492761881
learned_K2_V2_s35_step10000,learned,2,35,gov_report,Summarization,44,3843175d9cc829a846e633e388f676bddb15c0d2d731e6f2,2773,0-4k,32.70777432250645
learned_K2_V2_s35_step10000,learned,2,35,gov_report,Summarization,45,2259b53bc7012fc13efc14900104cdb445aac92b7d64464e,2435,0-4k,39.99999951615447
learned_K2_V2_s35_step10000,learned,2,35,gov_report,Summarization,46,41e4b254869a0f7f23eb68ddd57ff4fca6066f8d71840fa2,2238,0-4k,27.272726820064552
learned_K2_V2_s35_step10000,learned,2,35,gov_report,Summarization,47,a3e31f3e367f2a3c656ff833c4ec78e6560f8d8f2fa4c168,2326,0-4k,41.445782632881404
learned_K2_V2_s35_step10000,learned,2,35,gov_report,Summarization,48,ac3beec6d8ea16fc38a432eef50ad9d8df9c5b7d3334123f,2622,0-4k,33.82789268652538
learned_K2_V2_s35_step10000,learned,2,35,gov_report,Summarization,49,4bc237ff27097bb1872f494816e8494583bf4edd6dfff967,2641,0-4k,32.92181024227337
learned_K2_V2_s35_step10000,learned,2,35,gov_report,Summarization,50,7e42261546f2eb341113e5be328e6632f031045ae99366fb,3200,0-4k,36.45083883337072
learned_K2_V2_s35_step10000,learned,2,35,gov_report,Summarization,51,821fe0fbbfa68c23b966fcab396ed0824ca081e744a53b6d,1261,0-4k,20.58823487490389
learned_K2_V2_s35_step10000,learned,2,35,gov_report,Summarization,52,f619938fdfeefc99309ca89ff35bb7d774d4c562c4e25dbe,3607,0-4k,32.71889353267218
learned_K2_V2_s35_step10000,learned,2,35,gov_report,Summarization,53,e39320f4218829055d6b21d49dae66e043519591b2fb7651,2982,0-4k,32.929781637343254
learned_K2_V2_s35_step10000,learned,2,35,gov_report,Summarization,54,a3a11ee5de13be1f6ab405e8e1b29f2cd07929fe9112561a,3679,0-4k,25.36382495822546
learned_K2_V2_s35_step10000,learned,2,35,gov_report,Summarization,55,38d000a747d3ec34ff55e72e59170c3d7e140db4e57d8bcb,3525,0-4k,29.032257616545266
learned_K2_V2_s35_step10000,learned,2,35,gov_report,Summarization,56,a52b972a6051b61f61eefad3a6358e3f4f89c1a6872dd5a9,2999,0-4k,30.905076818248716
learned_K2_V2_s35_step10000,learned,2,35,gov_report,Summarization,57,5a1f14be3b3a06a0573d307579eda8216fb13f3e418abe97,2790,0-4k,34.14634100343844
learned_K2_V2_s35_step10000,learned,2,35,gov_report,Summarization,58,36dc87af316023680644ff7828414683f49c81830bf6193b,3961,0-4k,40.48192721899841
learned_K2_V2_s35_step10000,learned,2,35,gov_report,Summarization,59,b404ba909fd6c4404b7e997d659e1be7bc9ce80d469de3f0,3607,0-4k,28.099173089421647
learned_K2_V2_s35_step10000,learned,2,35,gov_report,Summarization,60,32ad6299b8d6ce84c15670ba9487d9222e69cefbdf035cee,3556,0-4k,34.497816147518165
learned_K2_V2_s35_step10000,learned,2,35,gov_report,Summarization,61,9a51004402fbc478d05aae259cf5dddb70821aedbc62d7b2,3503,0-4k,39.21568582284678
learned_K2_V2_s35_step10000,learned,2,35,gov_report,Summarization,62,cbfb6adb329dc4ee23dd0c5972f9596f0ba7a6fa2895431d,2578,0-4k,28.77697796967031
learned_K2_V2_s35_step10000,learned,2,35,gov_report,Summarization,63,f7270d5ce192416ef3845ebae55ed10a991b3f99e12ddd0a,3706,0-4k,30.878859385130987
learned_K2_V2_s35_step10000,learned,2,35,gov_report,Summarization,64,379dc6805591c1522105dd84c4f1e281dc68fc7608ffec1c,2098,0-4k,21.908126785401247
learned_K2_V2_s35_step10000,learned,2,35,gov_report,Summarization,65,bd727508db8c0b1b05787d759390ccddb60c284d2331d057,3067,0-4k,46.206896060309155
learned_K2_V2_s35_step10000,learned,2,35,gov_report,Summarization,66,04edae7bf8afca9405e313dc9e94fd4388588df9b2dc6f05,3009,0-4k,32.797427164152566
learned_K2_V2_s35_step10000,learned,2,35,gov_report,Summarization,67,32653016b3ed5a73c18e2a91ce74db9db8a55f1c7c005f56,3025,0-4k,34.33242458478421
learned_K2_V2_s35_step10000,learned,2,35,gov_report,Summarization,68,0244bc8e634ffd31a57a2d1489838de1d92750cf2823b10f,3339,0-4k,25.10288022252706
learned_K2_V2_s35_step10000,learned,2,35,gov_report,Summarization,69,db16fc26b2d7fe46dfad58d4022c88cd1b7e50270b9e8fbc,3383,0-4k,28.256070240584
learned_K2_V2_s35_step10000,learned,2,35,gov_report,Summarization,70,cb54f1c0ff19c8db20adc2dbe42b0e52ab5898d99a123a38,3880,0-4k,24.454148009458255
learned_K2_V2_s35_step10000,learned,2,35,gov_report,Summarization,71,2e9e99d63c73ff3f35e9949ebd217e7f19949591bc45f558,3891,0-4k,26.455026015999
learned_K2_V2_s35_step10000,learned,2,35,gov_report,Summarization,72,75dc6cf404ef349b77d2b336aa429d67dbb8a5cf68cef804,2710,0-4k,41.15044200333816
learned_K2_V2_s35_step10000,learned,2,35,gov_report,Summarization,73,13416da54e1ad4f7681a4e30e66a3973ed3f812bf2af6f7a,1799,0-4k,36.094674061885094
learned_K2_V2_s35_step10000,learned,2,35,gov_report,Summarization,74,5ceebd22b8088b51e107158a0abee9f03eef1fff3a8fbd90,3397,0-4k,30.10033394941892
learned_K2_V2_s35_step10000,learned,2,35,gov_report,Summarization,75,268d4b10ebc5d37798cfc3e35420eaf76cbc2eeb34fa5a1e,3039,0-4k,24.915824419957154
learned_K2_V2_s35_step10000,learned,2,35,gov_report,Summarization,76,cd96d8a3dbb09bac127d9aa3bb5c62856940380d8722160e,2961,0-4k,28.409090414918005
learned_K2_V2_s35_step10000,learned,2,35,gov_report,Summarization,77,ef4740263d17ac0f2efd5d40bf9d2d62384c6826227aee50,2371,0-4k,41.40624950195313
learned_K2_V2_s35_step10000,learned,2,35,gov_report,Summarization,78,20805632774864599776db2756dd833bf77890b1b9bc29be,3917,0-4k,34.48275812392655
learned_K2_V2_s35_step10000,learned,2,35,gov_report,Summarization,79,ccf692dbfe40b63bf3a97185921f097b8feb95d23a417a2a,2634,0-4k,30.285713791608167
learned_K2_V2_s35_step10000,learned,2,35,gov_report,Summarization,80,b0e9d2c8c2359989437802df27dcaf61793a478db5d42e9d,2719,0-4k,18.888888497777785
learned_K2_V2_s35_step10000,learned,2,35,gov_report,Summarization,81,202172acdf25c88cb64f19022a0c5d5633fc19a53385ed05,2939,0-4k,34.30962295940198
learned_K2_V2_s35_step10000,learned,2,35,gov_report,Summarization,82,caf71c812aee782e1de5a1092f377c96c1cec13842b312e5,2456,0-4k,28.87139060852434
learned_K2_V2_s35_step10000,learned,2,35,gov_report,Summarization,83,08e24375adffea14cbb67ca5482af502e39144b4bce2d989,3187,0-4k,33.56009028349299
learned_K2_V2_s35_step10000,learned,2,35,gov_report,Summarization,84,fd1f1c02306fcfb5b5417d74c2b20e758e5637f9f9cd4a01,1652,0-4k,19.444444020061738
learned_K2_V2_s35_step10000,learned,2,35,gov_report,Summarization,85,6b782f748364b697ad4c66e324cb17b3f1db176162272733,1706,0-4k,29.864252918244922
learned_K2_V2_s35_step10000,learned,2,35,gov_report,Summarization,86,1383a998d90865a428c7473962d244e68debb1045b9896ed,3820,0-4k,26.1261257083029
learned_K2_V2_s35_step10000,learned,2,35,gov_report,Summarization,87,e698d4b3f2a959f8318aaa3a0d5d6d7f090e77c6ca05c17f,3415,0-4k,25.631067546694318
learned_K2_V2_s35_step10000,learned,2,35,gov_report,Summarization,88,2a4ae3cc469d7961253601a36bfddf890f8f57643e7dceae,3162,0-4k,30.20134179379308
learned_K2_V2_s35_step10000,learned,2,35,gov_report,Summarization,89,c84b609f8cf56bb43f5b4926321d96f4e6a1dee06e37dfcd,2702,0-4k,30.63063021526031
learned_K2_V2_s35_step10000,learned,2,35,gov_report,Summarization,90,bb8fb3def4d0c95ac4f38319cb5222f4c0ae7eb65403480c,2811,0-4k,31.68831124798111
learned_K2_V2_s35_step10000,learned,2,35,gov_report,Summarization,91,d117dc36b553cb1a57a406a870a9bf83575c74c5138f4622,3299,0-4k,27.665705571643322
learned_K2_V2_s35_step10000,learned,2,35,gov_report,Summarization,92,bbdd0be50db54d79bb53aaae46360d9aa157779cddbbb6b3,3161,0-4k,41.44144098386675
learned_K2_V2_s35_step10000,learned,2,35,gov_report,Summarization,93,954367708a9ca3e7a6ac3e47a86bfcdf183fd199e5a54137,2524,0-4k,27.1999995454009
learned_K2_V2_s35_step10000,learned,2,35,gov_report,Summarization,94,06b7e18cf06f5e69ec00eac07af44f2f895ef671a07b0a5b,2983,0-4k,30.806845510990495
learned_K2_V2_s35_step10000,learned,2,35,gov_report,Summarization,95,31b89332c3a8d2bbc08ae88e1472c8b20649515e9f3f7b48,3216,0-4k,29.3785305952951
learned_K2_V2_s35_step10000,learned,2,35,gov_report,Summarization,96,a4d57f54f9f3a810aa558a4a3895407987f77ee8d3642b3c,3156,0-4k,35.32008785144901
learned_K2_V2_s35_step10000,learned,2,35,gov_report,Summarization,97,3a320618d5e6fda3846d7bdc900cbbac60f0a6a686696917,3937,0-4k,32.6436776946598
learned_K2_V2_s35_step10000,learned,2,35,gov_report,Summarization,98,9109471d244170c7df2c1bef1f8bd51a11e4c7e89812b0f8,2951,0-4k,27.480915557342563
learned_K2_V2_s35_step10000,learned,2,35,gov_report,Summarization,99,9f9ae0a4dfba72ce9072abea1ca9c7d9df1d71be3da490c0,3736,0-4k,32.110091328339365
learned_K2_V2_s35_step10000,learned,2,35,gov_report,Summarization,100,e48a970bf10bbd3d38cc0790fc2c1be600aacbfceefc2ce5,7852,4-8k,26.511627413207144
learned_K2_V2_s35_step10000,learned,2,35,gov_report,Summarization,101,0cc65ede09b9e7b90e4cfae55ff5fd655dcb080ff695cca5,6036,4-8k,30.941703622835774
learned_K2_V2_s35_step10000,learned,2,35,gov_report,Summarization,102,117a2b9d8c8e3acae1f98ece49be831311df2909531472f7,4452,4-8k,31.182795220907046
learned_K2_V2_s35_step10000,learned,2,35,gov_report,Summarization,103,d5e09c7a5155d25dc6320e9dd1a5b62766cc3ebd2a5e38b2,5949,4-8k,42.96296247920744
learned_K2_V2_s35_step10000,learned,2,35,gov_report,Summarization,104,e7e1f1f9a6e146e6ebe8d48bdc077647df9e3c2b0251a6d5,7674,4-8k,23.62204681453008
learned_K2_V2_s35_step10000,learned,2,35,gov_report,Summarization,105,bb02cffdbe43c202f95f4e90ccbdca9de7b40903b401c0db,7132,4-8k,32.701421331315565
learned_K2_V2_s35_step10000,learned,2,35,gov_report,Summarization,106,2fdfe61259a94b407ba903d149468c6fdb41942bfaec19d6,4527,4-8k,33.48214240737604
learned_K2_V2_s35_step10000,learned,2,35,gov_report,Summarization,107,7b837a8611cd287fac63a3c99bf14a30846c2b43cdc89b7a,6930,4-8k,39.49367041876622
learned_K2_V2_s35_step10000,learned,2,35,gov_report,Summarization,108,61a783e1bd3bbe159042de9b9c5028d504cdfb98fa2c6524,4796,4-8k,26.063829305568138
learned_K2_V2_s35_step10000,learned,2,35,gov_report,Summarization,109,228f9186ad04ada9d0af76bbdf86395380c348f5d8e8d67f,6195,4-8k,37.825058654103024
learned_K2_V2_s35_step10000,learned,2,35,gov_report,Summarization,110,f0cd9b760455bba1fbd2ff38eab1ac00e91b350fcf0fcb80,6898,4-8k,28.705881890834604
learned_K2_V2_s35_step10000,learned,2,35,gov_report,Summarization,111,bdbebb2c94702c393b619f9146005d58fe1291474800355f,7173,4-8k,24.99999956732083
learned_K2_V2_s35_step10000,learned,2,35,gov_report,Summarization,112,357977aac62ac12b4958584d44cddcdeeb3c3b2835ed1358,7426,4-8k,31.50984636103597
learned_K2_V2_s35_step10000,learned,2,35,gov_report,Summarization,113,b95961dee2a7d15fab177df45adb9f812ec28e870f216c35,7177,4-8k,37.06421980349129
learned_K2_V2_s35_step10000,learned,2,35,gov_report,Summarization,114,1231ee78575d7c89cedcde393289ddeada21418687316722,7628,4-8k,32.35294070616482
learned_K2_V2_s35_step10000,learned,2,35,gov_report,Summarization,115,853f2aeea6f082063fb56b19aed190649d4c860388489296,7063,4-8k,39.44315504858393
learned_K2_V2_s35_step10000,learned,2,35,gov_report,Summarization,116,d663d362cf66bb7ff5184a2186df6b6a8ce6c85a7f6091e0,4959,4-8k,32.01970396887816
learned_K2_V2_s35_step10000,learned,2,35,gov_report,Summarization,117,f32c632cbdad9751714801ef4e2c8549db4b37d6f15857ba,4027,4-8k,38.41807861238789
learned_K2_V2_s35_step10000,learned,2,35,gov_report,Summarization,118,6072c66babdeec69117aaa8acb79ce5d5e35269f2031c8a8,6032,4-8k,27.40899313252847
learned_K2_V2_s35_step10000,learned,2,35,gov_report,Summarization,119,e1c3cc7ce5dcbe10bb907e13bf9c2f669f27e5549a8a6f90,5031,4-8k,37.24137888054961
learned_K2_V2_s35_step10000,learned,2,35,gov_report,Summarization,120,d29b6ac32a7607a085562f87143a9bad41b7f2338a81a2c5,7350,4-8k,37.0709377290555
learned_K2_V2_s35_step10000,learned,2,35,gov_report,Summarization,121,909c4c1ec52c09ac4e2bda864eecef21e6ead9b2a605bb77,5096,4-8k,36.09756052901844
learned_K2_V2_s35_step10000,learned,2,35,gov_report,Summarization,122,6dfde0e263206eb1653c11474298bbc3a9c4d1d2baab95b8,7304,4-8k,23.721880973398413
learned_K2_V2_s35_step10000,learned,2,35,gov_report,Summarization,123,8308db40d49c17134ee09bf6be699889b81b1b1b63c15199,6306,4-8k,31.57894690057463
learned_K2_V2_s35_step10000,learned,2,35,gov_report,Summarization,124,dde4c26d473a17c454c5c730561ec833a66d7b0ebe936520,7405,4-8k,35.45454500809918
learned_K2_V2_s35_step10000,learned,2,35,gov_report,Summarization,125,9c560a0cfeaf22e7d161b627e8eb74dfad8d7f62e5c82187,7999,4-8k,26.767676349301095
learned_K2_V2_s35_step10000,learned,2,35,gov_report,Summarization,126,d3b3b72a2836731984ddaeedef02d1d523ca0b4fdea81a28,5415,4-8k,20.96436019433128
learned_K2_V2_s35_step10000,learned,2,35,gov_report,Summarization,127,d0ebbf0768d67267de5c1225baf397d8b7db2292a473835c,6368,4-8k,36.717062178766525
learned_K2_V2_s35_step10000,learned,2,35,gov_report,Summarization,128,b23be46f45b3917b16937b3a3534f8272b81de6f92844e0b,5291,4-8k,37.68844178787153
learned_K2_V2_s35_step10000,learned,2,35,gov_report,Summarization,129,9b87bbfa9757b3bd7f408045015700759c7139394c1b2efa,5427,4-8k,25.41966378390813
learned_K2_V2_s35_step10000,learned,2,35,gov_report,Summarization,130,3793e20cade34027c3047925aec9f328e0d7a01ac2943def,5200,4-8k,31.223628265698167
learned_K2_V2_s35_step10000,learned,2,35,gov_report,Summarization,131,dbab3df405d97fedf5c666c85dc74eb3a36d3a919417edba,4722,4-8k,27.042253070009924
learned_K2_V2_s35_step10000,learned,2,35,gov_report,Summarization,132,47bf44b70ff7f01b0d0ebf8cf9fa785f1ae8a31c4af23621,5317,4-8k,27.088035665200845
learned_K2_V2_s35_step10000,learned,2,35,gov_report,Summarization,133,0cf41123735ff291e9a6f237f8a8b91ebd2e2ce1b49c4486,6873,4-8k,34.28571382518141
learned_K2_V2_s35_step10000,learned,2,35,gov_report,Summarization,134,937ff7955ad87662089803829251ca2ddfaddd1bcd17646a,6907,4-8k,33.19672089213249
learned_K2_V2_s35_step10000,learned,2,35,gov_report,Summarization,135,acedef873fba608d4397c28049713804576ddf429189010e,6747,4-8k,34.394904015578724
learned_K2_V2_s35_step10000,learned,2,35,gov_report,Summarization,136,6689cd9ec5dbc1a8b102c09bb30b00bdbe215106ad940756,6274,4-8k,38.44393544481042
learned_K2_V2_s35_step10000,learned,2,35,gov_report,Summarization,137,bf5966522d1f39820a9b2dc2c26507bffd2b71a3d17137ec,5220,4-8k,40.566037271994034
learned_K2_V2_s35_step10000,learned,2,35,gov_report,Summarization,138,3ca12548c266a8022efa2abbd534fa0570e92a7f63a209c6,7396,4-8k,27.312774923586723
learned_K2_V2_s35_step10000,learned,2,35,gov_report,Summarization,139,25e3311e87f666cef19fbbd2c3d031085dedcd05321b63da,6951,4-8k,26.175868659900225
learned_K2_V2_s35_step10000,learned,2,35,gov_report,Summarization,140,01ab6a956f2e31f1b007e3887d3f448c5a5930deefe198fb,7271,4-8k,23.64531978470723
learned_K2_V2_s35_step10000,learned,2,35,gov_report,Summarization,141,c9cc773ad0a5a58e10ceb1296f013cb0264f93cf47484548,7618,4-8k,32.18390758595323
learned_K2_V2_s35_step10000,learned,2,35,gov_report,Summarization,142,f834b32d69422847913a39da5df46701738207e5d073d58b,4490,4-8k,32.17158128755329
learned_K2_V2_s35_step10000,learned,2,35,gov_report,Summarization,143,fdddcc53b230f5d1b6df992a615d7d88b00d3ece079ea347,6391,4-8k,30.6122444198381
learned_K2_V2_s35_step10000,learned,2,35,gov_report,Summarization,144,24581c7640a62446ef310e19c657fde28f428e2cdde9927c,4743,4-8k,32.394365782527714
learned_K2_V2_s35_step10000,learned,2,35,gov_report,Summarization,145,584437196476ace5a3285e50caeae67804811fe5f5b3a2ae,7355,4-8k,36.50793606002072
learned_K2_V2_s35_step10000,learned,2,35,gov_report,Summarization,146,8e78d005bfbfaca303c6029b27bde6175687866f9dbb4657,7094,4-8k,26.4501156014018
learned_K2_V2_s35_step10000,learned,2,35,gov_report,Summarization,147,b45a9df1dc00de40afb7cd67bb8ff4fe723cf02e36c9c370,5889,4-8k,15.419500780641817
learned_K2_V2_s35_step10000,learned,2,35,gov_report,Summarization,148,712f89dafdd3fcd0156ec5d0848be0b9ee37fece82f54774,5155,4-8k,34.497816131728996
learned_K2_V2_s35_step10000,learned,2,35,gov_report,Summarization,149,7ffa85e003044e11090ad08d235338a567204a03491feb99,6108,4-8k,35.950412798579336
learned_K2_V2_s35_step10000,learned,2,35,gov_report,Summarization,150,609e3a6ca980bae9979a9ea91e2fa43ccc0e59d3dd3b6113,5662,4-8k,28.571428106256125
learned_K2_V2_s35_step10000,learned,2,35,gov_report,Summarization,151,ac0a8e87aeea6c9cf9269e14c30968561173afe52c992ff2,6004,4-8k,37.99472249499795
learned_K2_V2_s35_step10000,learned,2,35,gov_report,Summarization,152,db8c6c1378651fe1a0aacd9b434bdf9b848182e0c462da80,6616,4-8k,27.419354406030504
learned_K2_V2_s35_step10000,learned,2,35,gov_report,Summarization,153,e518a1571f52207845539dc76fae72fb24ed5087ee0b293a,7842,4-8k,18.444845881710485
learned_K2_V2_s35_step10000,learned,2,35,gov_report,Summarization,154,bb9138ad9c4ec49fb050ec8baa524435605afad182147d09,4386,4-8k,31.80428085870064
learned_K2_V2_s35_step10000,learned,2,35,gov_report,Summarization,155,4846d9b998033f885da12bcdde29cf57031907ae8bcb108a,7479,4-8k,25.221238494596292
learned_K2_V2_s35_step10000,learned,2,35,gov_report,Summarization,156,e3d9ae01b7e6922801225adcf673e8fc655cd8d5b1da3dbf,6036,4-8k,29.007633122130933
learned_K2_V2_s35_step10000,learned,2,35,gov_report,Summarization,157,6a4df5db4204d77f678c26035809b43d436523368ed6911d,7146,4-8k,31.175059554750444
learned_K2_V2_s35_step10000,learned,2,35,gov_report,Summarization,158,78bd40bc1941dfa756213525eb8497a29457cf86a3b26010,4503,4-8k,30.022074616785815
learned_K2_V2_s35_step10000,learned,2,35,gov_report,Summarization,159,93976b3d6c09c86df9d0b685ae6bc5805ae0246316558548,5036,4-8k,31.963469852327936
learned_K2_V2_s35_step10000,learned,2,35,gov_report,Summarization,160,276a4316425b84e8746a7d77a36428327adc9d69d917caf9,5769,4-8k,34.36754133277893
learned_K2_V2_s35_step10000,learned,2,35,gov_report,Summarization,161,51232ad0be3390c225516c391dbf39c2fb7fd941457cb153,6588,4-8k,32.0185610384311
learned_K2_V2_s35_step10000,learned,2,35,gov_report,Summarization,162,3c09f44fe2f7dc7563ac11f27610cf4893b251a8617b2ce1,6933,4-8k,34.229828389022074
learned_K2_V2_s35_step10000,learned,2,35,gov_report,Summarization,163,fa7c7c6a924cdbc5049dfb3b1ba1dc4f6e47dd90adee85ce,4903,4-8k,25.850339682909905
learned_K2_V2_s35_step10000,learned,2,35,gov_report,Summarization,164,d2e8a0bf1ca38eebdedd1c0a6c6b8456d2175591f5dd2f2f,5875,4-8k,30.59866924750616
learned_K2_V2_s35_step10000,learned,2,35,gov_report,Summarization,165,e1a46224afa51ddc3933425a7c4986c32ea4cf5cedb451b9,6877,4-8k,41.318680838681324
learned_K2_V2_s35_step10000,learned,2,35,gov_report,Summarization,166,e157e39da98d14c64b06e1bd313dd4eabc7316c1594e164e,4670,4-8k,37.41339446634203
learned_K2_V2_s35_step10000,learned,2,35,gov_report,Summarization,167,44828c298dd259f28fcdfc8737577ba10cc29da4ff17a806,4594,4-8k,30.87885940156059
learned_K2_V2_s35_step10000,learned,2,35,gov_report,Summarization,168,5b170c819d911108f2f99ffa084f6e92da8830b0d71f8790,7059,4-8k,41.37930986768132
learned_K2_V2_s35_step10000,learned,2,35,gov_report,Summarization,169,0933b50ebdf4565eaf510aad662be7dc9e8da831eae836a1,6462,4-8k,32.603405888267304
learned_K2_V2_s35_step10000,learned,2,35,gov_report,Summarization,170,7bd08c647abd58bb482cb17e283469e5fcb55b545bb0b49f,7071,4-8k,33.474575819026505
learned_K2_V2_s35_step10000,learned,2,35,gov_report,Summarization,171,b204a5760688891ab38a661093b98c76996a6dc2d6ac56b2,7028,4-8k,29.880477615275954
learned_K2_V2_s35_step10000,learned,2,35,gov_report,Summarization,172,f769d4fdec413c8188c77b0f8e934bc70051f42dd1954c8c,5281,4-8k,26.464207799473943
learned_K2_V2_s35_step10000,learned,2,35,gov_report,Summarization,173,08dcfdfabfd61a119a2e4c4dfe5b5075a00447da0ef11adb,5642,4-8k,36.11859791835282
learned_K2_V2_s35_step10000,learned,2,35,gov_report,Summarization,174,41377c889af26748393fa4497cff69da8b95a22f3434014b,5569,4-8k,38.74091959931758
learned_K2_V2_s35_step10000,learned,2,35,gov_report,Summarization,175,925cc92d4d68438d5beff9441c206f98fbf1adf8c3a2319c,4349,4-8k,31.23644203840562
learned_K2_V2_s35_step10000,learned,2,35,gov_report,Summarization,176,1bbf6375f98efb9be3b8e91039a20691117815e9c23c465a,5179,4-8k,31.999999519069906
learned_K2_V2_s35_step10000,learned,2,35,gov_report,Summarization,177,b716585874fd4ea952aaff2c04a0726ca9301c9911de3e18,4736,4-8k,29.268292241225463
learned_K2_V2_s35_step10000,learned,2,35,gov_report,Summarization,178,eb85bff13d65a7e4fead4c3574ab9f36e1bf62d07fd5dd9a,5917,4-8k,31.088082448280492
learned_K2_V2_s35_step10000,learned,2,35,gov_report,Summarization,179,e228db9d2df0a3ff46c616ddb9123fdb80b7066a208344a9,4933,4-8k,28.76106154284792
learned_K2_V2_s35_step10000,learned,2,35,gov_report,Summarization,180,03fa0e008c0b6a617f95e212a09c153921ff039b01f271bd,4894,4-8k,31.16279025374798
learned_K2_V2_s35_step10000,learned,2,35,gov_report,Summarization,181,7806bed7a3daad1acda13018f5ad561d4186399290a48362,4910,4-8k,25.26690348308026
learned_K2_V2_s35_step10000,learned,2,35,gov_report,Summarization,182,380b8a11402167f3806aee3eca9dbd8feae82a13a1e009d8,5455,4-8k,34.44730032450222
learned_K2_V2_s35_step10000,learned,2,35,gov_report,Summarization,183,f55cf200e3844776073c0daef44b8d603dbf9916528b5a56,6852,4-8k,30.452674470355134
learned_K2_V2_s35_step10000,learned,2,35,gov_report,Summarization,184,f8314527157c394541116119c9f7be2be62e779305ba660b,7696,4-8k,34.66666620463211
learned_K2_V2_s35_step10000,learned,2,35,gov_report,Summarization,185,c66c3557ff429afaf6842a95c912f151575eef229d5220c1,5192,4-8k,36.13138642527572
learned_K2_V2_s35_step10000,learned,2,35,gov_report,Summarization,186,7619b6c90166f09424fd9a1583a46a3bf1e88b9883195fe9,4831,4-8k,24.524312440836912
learned_K2_V2_s35_step10000,learned,2,35,gov_report,Summarization,187,19c9b7691a5a3e6c4abfc9b6da8b33f8d7de47d1548e0404,7375,4-8k,47.38040956730197
learned_K2_V2_s35_step10000,learned,2,35,gov_report,Summarization,188,b675e7ec77274569230340a34a9d3ffeeef7c805713f47fb,7506,4-8k,37.7952751409814
learned_K2_V2_s35_step10000,learned,2,35,gov_report,Summarization,189,abbf8c9f065979e10b55d2af4068e6edd071449e326902b4,6075,4-8k,33.08270631290005
learned_K2_V2_s35_step10000,learned,2,35,gov_report,Summarization,190,9d91dd2ebac9d14087522162c1d64c997addc21fe5e4288a,7327,4-8k,22.268040781804665
learned_K2_V2_s35_step10000,learned,2,35,gov_report,Summarization,191,bfca48810bc57fb39b4438b3179415c9abdbd61648edad11,4048,4-8k,30.769230329142015
learned_K2_V2_s35_step10000,learned,2,35,gov_report,Summarization,192,1052e6b92ffad54b8b4c6a050a3a9fa56e584c75e0471afe,4347,4-8k,27.853880853860435
learned_K2_V2_s35_step10000,learned,2,35,gov_report,Summarization,193,3ad0e8d0b40518bda31c6f65d39a43da03e1bb04a6635e08,5455,4-8k,25.36023005104271
learned_K2_V2_s35_step10000,learned,2,35,gov_report,Summarization,194,1345903bbe6b1a4bc816f5b2431912f0377f2e1c188ad933,6790,4-8k,28.415300071545886
learned_K2_V2_s35_step10000,learned,2,35,gov_report,Summarization,195,9e125ceebc835431bd6a537a6fcd9a4b37fa6f1ceb11555e,6795,4-8k,28.256070191404863
learned_K2_V2_s35_step10000,learned,2,35,gov_report,Summarization,196,2084ccca80d0bedc2c77fbe476b17c962266b61ebaffdddc,4706,4-8k,31.31313084130446
learned_K2_V2_s35_step10000,learned,2,35,gov_report,Summarization,197,604c6d90c71a924e30cd6059a164a4ee66cb0818b1ec1c69,6683,4-8k,38.03418757276829
learned_K2_V2_s35_step10000,learned,2,35,gov_report,Summarization,198,3cf49476ac900d784d92b50749c634b53475752c22e81b05,4421,4-8k,31.26843614399457
learned_K2_V2_s35_step10000,learned,2,35,gov_report,Summarization,199,273507e66a5ae0c757e7438e994cbfbeb1f7068a7dd7a3d4,5234,4-8k,35.44303751275758
learned_K2_V2_s35_step10000,learned,2,35,gov_report,Summarization,200,c638b70d5510d1575c94763622b9c49f2e3de77086e16d17,18756,8k+,37.03703658289072
learned_K2_V2_s35_step10000,learned,2,35,gov_report,Summarization,201,e19cfadbbc6c94cd84bacd6bd5bb0fef3158224e97965f8f,16628,8k+,29.126213194139417
learned_K2_V2_s35_step10000,learned,2,35,gov_report,Summarization,202,5e778432bce8f95e2666438aeb9328bf7b2a25a8ff1a84af,12147,8k+,29.237287674698365
learned_K2_V2_s35_step10000,learned,2,35,gov_report,Summarization,203,d92b6c39187030727aa7417f722b1b31853383935a6af7c1,15174,8k+,29.577464303015283
learned_K2_V2_s35_step10000,learned,2,35,gov_report,Summarization,204,085df89ecf6661813ba3b736f6a220914abbddef2319ace1,16891,8k+,20.463320043939422
learned_K2_V2_s35_step10000,learned,2,35,gov_report,Summarization,205,adfe552eef14103cfb54b03aab01e8ac813a684867e14c00,8385,8k+,35.662650172158514
learned_K2_V2_s35_step10000,learned,2,35,gov_report,Summarization,206,eb747512b90c22440f828b0c8d4c7d1373f18bb3213dd04b,9458,8k+,30.167597341827662
learned_K2_V2_s35_step10000,learned,2,35,gov_report,Summarization,207,02b7582767c101b98fac43ea50a9cc739eeef42070abc1b6,10074,8k+,34.24317573311824
learned_K2_V2_s35_step10000,learned,2,35,gov_report,Summarization,208,3cd2e850cddd4722470f29c62dd23ec7e5740d89575b4128,8253,8k+,35.343034901871974
learned_K2_V2_s35_step10000,learned,2,35,gov_report,Summarization,209,993c62b6063cbb6a3a99f14be76faab03fc9da02bd29e4c8,14544,8k+,31.788079033356237
learned_K2_V2_s35_step10000,learned,2,35,gov_report,Summarization,210,4a411d3fe4d09321113ed30452f76548cf883a5a7d5b2f7a,16073,8k+,22.75711114100619
learned_K2_V2_s35_step10000,learned,2,35,gov_report,Summarization,211,966e3aa974ecc6c406ac789a802b6c290145282552ad4ab2,13102,8k+,30.70175392660242
learned_K2_V2_s35_step10000,learned,2,35,gov_report,Summarization,212,7818b51ddb71c3a8037a6d7c9a43dc1c4309424b5b126d5a,10062,8k+,20.444444045195066
learned_K2_V2_s35_step10000,learned,2,35,gov_report,Summarization,213,0f690372679819c2971c5a80e2b7b6bb97c5b3fe4702315e,8494,8k+,29.677418914778592
learned_K2_V2_s35_step10000,learned,2,35,gov_report,Summarization,214,b1274054fb47283a1ffc0894563d06b581293b6bb9674b95,9047,8k+,31.180400444462087
learned_K2_V2_s35_step10000,learned,2,35,gov_report,Summarization,215,a45171285df0194fff7ebccdfde7c82851e6d0188a783cfe,8266,8k+,35.73333285782756
learned_K2_V2_s35_step10000,learned,2,35,gov_report,Summarization,216,c0025b2f065aca8171d9a1be5b23070a1d79954e5ae9a322,11433,8k+,33.41067239588503
learned_K2_V2_s35_step10000,learned,2,35,gov_report,Summarization,217,b073c347732c38ae44b8ccb9b6664161388ead11645ddc91,11274,8k+,23.37662294179795
learned_K2_V2_s35_step10000,learned,2,35,gov_report,Summarization,218,d2f057d0becaeb349213d4b09976c249baa802aa6e4f6081,9687,8k+,34.013604989032345
learned_K2_V2_s35_step10000,learned,2,35,gov_report,Summarization,219,a8e6903495a2ac129d6aef61dccf71daa9ff7bc5baf44575,12396,8k+,23.499999537812506
learned_K2_V2_s35_step10000,learned,2,35,gov_report,Summarization,220,a9c8e74141b902aa30130359b86bddc7baaae28104aa8a55,11549,8k+,25.776397158192204
learned_K2_V2_s35_step10000,learned,2,35,gov_report,Summarization,221,3c67dc61dbad42f69a88aa3bd5d4d25d13a616859b07a260,10490,8k+,30.37974641443359
learned_K2_V2_s35_step10000,learned,2,35,gov_report,Summarization,222,a94415d7dfcbdd5cadb20601b19afe7fb26b966b7907f042,9397,8k+,33.69330408467642
learned_K2_V2_s35_step10000,learned,2,35,gov_report,Summarization,223,34d6199113a9218d80796ba47796252cf4fb8ba7d7c76bd2,9455,8k+,35.42116585847767
learned_K2_V2_s35_step10000,learned,2,35,gov_report,Summarization,224,c9bc53e89144a8c1b03d01e02e1ea97fc9c7296d40c68b9d,8958,8k+,29.4736837815313
learned_K2_V2_s35_step10000,learned,2,35,gov_report,Summarization,225,b9d32b8eac76f53d6ccd328743485fd92ef34beba90d4952,15237,8k+,32.52427139755161
learned_K2_V2_s35_step10000,learned,2,35,gov_report,Summarization,226,ab8e72ef92c2b085ced6106c2d13616a8399d5c5bde7dd72,15028,8k+,45.62499953445313
learned_K2_V2_s35_step10000,learned,2,35,gov_report,Summarization,227,271a9c0cfb468525ee2b1d0dd2465702ff45d5d26aa4ae7b,9038,8k+,21.081080617604098
learned_K2_V2_s35_step10000,learned,2,35,gov_report,Summarization,228,04dc2cbe67858ef0a1e4f1f311c67c734c591efc85488cfc,8289,8k+,33.59173087074094
learned_K2_V2_s35_step10000,learned,2,35,gov_report,Summarization,229,d78a643b8035216611256f13da49d6d06363b3e34c3b7ef1,13357,8k+,33.73015830424068
learned_K2_V2_s35_step10000,learned,2,35,gov_report,Summarization,230,41c40bc8b19ff6458959bedb0b2bfd542c760ff4c09345a4,10113,8k+,30.541871456562898
learned_K2_V2_s35_step10000,learned,2,35,gov_report,Summarization,231,a337c9455e708c9d42d7a281c9696a63275e4e44fcd46f76,12639,8k+,28.37528557952338
learned_K2_V2_s35_step10000,learned,2,35,gov_report,Summarization,232,6ef79996c146c061588377d597d61805a4b88e0dab0851c5,14039,8k+,19.529836804920727
learned_K2_V2_s35_step10000,learned,2,35,gov_report,Summarization,233,d536e0118e2ccb5d48ad407aad1e2b188209fc8bb8cb30d3,13779,8k+,32.01856103397377
learned_K2_V2_s35_step10000,learned,2,35,gov_report,Summarization,234,7d70d5d7c4e4a4f94d1d28839027945928ebe62326a4bc75,22479,8k+,28.140703104568072
learned_K2_V2_s35_step10000,learned,2,35,gov_report,Summarization,235,9d116632584b954519e62193c46a5db159eeffc19dc702d5,9070,8k+,32.71889361119371
learned_K2_V2_s35_step10000,learned,2,35,gov_report,Summarization,236,fabb238c5ee34601c06d95a8ef66bceec13eaff260d4f68f,16749,8k+,27.83300156321712
learned_K2_V2_s35_step10000,learned,2,35,gov_report,Summarization,237,8111a67100f8e21ee10bfd25fd1e70fc4411565dfe702c3d,9041,8k+,26.08695606673913
learned_K2_V2_s35_step10000,learned,2,35,gov_report,Summarization,238,931127a19bd12e3e1831db946f7f0d3f6a8e8a2760708c03,10555,8k+,28.6666661816889
learned_K2_V2_s35_step10000,learned,2,35,gov_report,Summarization,239,95108834ba59cae5c2f46634c3785c3aefe9fdd1d8656b9e,8737,8k+,33.25061993325493
learned_K2_V2_s35_step10000,learned,2,35,gov_report,Summarization,240,80e056a801eebf48e313d1f3f298f696b452f5935d758189,17863,8k+,28.314606296134325
learned_K2_V2_s35_step10000,learned,2,35,gov_report,Summarization,241,240dd75857b3223d6b13f5a4406658635925c5a91573fa7d,9875,8k+,32.482598132180605
learned_K2_V2_s35_step10000,learned,2,35,gov_report,Summarization,242,9e2f00f9d4e9260a36fd263ddfabad32e5b52bac4e3e4166,18933,8k+,17.84386568499607
learned_K2_V2_s35_step10000,learned,2,35,gov_report,Summarization,243,d5e9ecaf1749f2d6fee7110e69f7e2b9959bd1123c588d1f,8816,8k+,40.65420514050354
learned_K2_V2_s35_step10000,learned,2,35,gov_report,Summarization,244,9558cdc42e5d0eef948ebbb81976c85e2bc3456ae434f570,10410,8k+,34.693877099450745
learned_K2_V2_s35_step10000,learned,2,35,gov_report,Summarization,245,3aa99b8b25354c1ac2ae8d73af1b345446fdc1e1bced0bdf,10210,8k+,34.256926480772044
learned_K2_V2_s35_step10000,learned,2,35,gov_report,Summarization,246,44a30f9afa4b27bee79f93fc89826dc7f09d20b63121d53f,9312,8k+,39.812645902604636
learned_K2_V2_s35_step10000,learned,2,35,gov_report,Summarization,247,d58fb219c1ed63c879b350f4b624008a423422dd2206869c,14973,8k+,20.734340772872955
learned_K2_V2_s35_step10000,learned,2,35,gov_report,Summarization,248,782cb7c6f5b157404c00cb304695508b8bc60abb3a7ed1fa,10110,8k+,24.41314508504707
learned_K2_V2_s35_step10000,learned,2,35,gov_report,Summarization,249,61926eab1bd79fe5c4eb1c37944964fc8f372db469472e4e,8179,8k+,34.02061813546871
learned_K2_V2_s35_step10000,learned,2,35,gov_report,Summarization,250,893b76a295d41320f5cb2b2ece66e89ba0be89c182e32aac,13205,8k+,36.61971787588177
learned_K2_V2_s35_step10000,learned,2,35,gov_report,Summarization,251,e7fa1c22e35f9e15c0eb82900dd88c5b868a9749a4c4686d,9990,8k+,35.08771887789513
learned_K2_V2_s35_step10000,learned,2,35,gov_report,Summarization,252,e0d30f5d0e84860441e212e50bbb3e3bc0c517d4d5dbce49,11067,8k+,27.74049177932926
learned_K2_V2_s35_step10000,learned,2,35,gov_report,Summarization,253,1ceb7a918fdde1d23c6e0bd035132905de2675f4bb0466ce,10063,8k+,32.05417564159818
learned_K2_V2_s35_step10000,learned,2,35,gov_report,Summarization,254,00e1a8b8cfeaabd963a2c0596046c334791e0d0b4ce7b99d,10211,8k+,32.061068231506844
learned_K2_V2_s35_step10000,learned,2,35,gov_report,Summarization,255,704c24c81cfd9cf9a184a0d5861dad0423c9232458e3a32a,11032,8k+,26.326129281853945
learned_K2_V2_s35_step10000,learned,2,35,gov_report,Summarization,256,90e9a561c955322033cf2569c32e193bc7fdb52cc4126a80,9757,8k+,34.14634101946402
learned_K2_V2_s35_step10000,learned,2,35,gov_report,Summarization,257,c40c350f0ed3bdb1262fa475b4a106b6f0c90af166f83682,13010,8k+,30.373831329199056
learned_K2_V2_s35_step10000,learned,2,35,gov_report,Summarization,258,1902e6908e7d9b96cfabbfd9fd507bb3b8fbcd0e310527f3,22987,8k+,28.117913373666326
learned_K2_V2_s35_step10000,learned,2,35,gov_report,Summarization,259,2dcbd9bb3ba23090597032398d14e82e0935c9105220f5f1,17063,8k+,33.816424686410414
learned_K2_V2_s35_step10000,learned,2,35,gov_report,Summarization,260,07521f00b5acdae45f839b04a94d6fd31357d2a71b3337a5,23442,8k+,25.859246749258684
learned_K2_V2_s35_step10000,learned,2,35,gov_report,Summarization,261,0561733d60198a9ec4ef0dc11f3f7c410f6d98a262c51846,18698,8k+,28.505746643773293
learned_K2_V2_s35_step10000,learned,2,35,gov_report,Summarization,262,67e536503ee7729e0ccb6047e4cbafacb77f1aab21513af8,10419,8k+,29.268292255312318
learned_K2_V2_s35_step10000,learned,2,35,gov_report,Summarization,263,e3befb8b3ab749be5c00517a3eee10509e98d8dad5499a8d,8085,8k+,34.6420318566316
learned_K2_V2_s35_step10000,learned,2,35,gov_report,Summarization,264,e7f3d934b411e2396ed824a8ce3fb3214ad145b541a721d1,16185,8k+,34.080717059733765
learned_K2_V2_s35_step10000,learned,2,35,gov_report,Summarization,265,009e8130134cd82ca09bd7ca7aabd5c583c65de5024270eb,10657,8k+,31.86274461448722
learned_K2_V2_s35_step10000,learned,2,35,gov_report,Summarization,266,671618f0994ac2ebb6200595a9c19f635f6e6f812629b34f,17130,8k+,34.878586772802365
learned_K2_V2_s35_step10000,learned,2,35,gov_report,Summarization,267,019d5738b0948c84b4df21b30b0eea500ffbc35e53dd190c,9596,8k+,29.767441400713906
learned_K2_V2_s35_step10000,learned,2,35,gov_report,Summarization,268,09c7b45f481ffbd659fad1c1d5d233f89f1b4cb8eb772913,11727,8k+,29.26829224807853
learned_K2_V2_s35_step10000,learned,2,35,gov_report,Summarization,269,41f2a60858668bb262159148aa5e988d1f037c32bc352a71,9697,8k+,32.58655760264808
learned_K2_V2_s35_step10000,learned,2,35,gov_report,Summarization,270,9411dd1584cf45d833630af2c02fb099988b5a76d658c7a0,8256,8k+,32.15129977083648
learned_K2_V2_s35_step10000,learned,2,35,gov_report,Summarization,271,7ae531670a9820f79525e82025cbb622e67cf448dce93aae,8802,8k+,30.898875929743724
learned_K2_V2_s35_step10000,learned,2,35,gov_report,Summarization,272,f982fcfc0dd7784ba8c8dc0225874a468d8dc8e5dee2f430,8340,8k+,43.06220048671047
learned_K2_V2_s35_step10000,learned,2,35,gov_report,Summarization,273,b37813b9db7ea6d005c2a969c67626301d5656a0e247b313,8904,8k+,33.33333291810842
learned_K2_V2_s35_step10000,learned,2,35,gov_report,Summarization,274,92155eb7e703c3f8ca35566d0181fa2c884015d27852b563,9483,8k+,37.583892147180556
learned_K2_V2_s35_step10000,learned,2,35,gov_report,Summarization,275,2036210c582c207ea1c73b805810940c96d93637594bcedd,9359,8k+,35.807859855456606
learned_K2_V2_s35_step10000,learned,2,35,gov_report,Summarization,276,9390bf94b7a10035b814b9c7b3e1eb79c9f1415ace35b44a,18930,8k+,35.436892747726
learned_K2_V2_s35_step10000,learned,2,35,gov_report,Summarization,277,0ef480167de27350bae8c9a67f5a7e008c5e5b97f0a0e80e,8419,8k+,39.892182854614546
learned_K2_V2_s35_step10000,learned,2,35,gov_report,Summarization,278,d29286ef8be9914d7c001ac07cab328f5ed59139030ae2b7,11619,8k+,27.462686085987976
learned_K2_V2_s35_step10000,learned,2,35,gov_report,Summarization,279,15ee6947e6e133b2807ddcc01eb9c40dff28aa7b082746e9,15501,8k+,25.86872545566554
learned_K2_V2_s35_step10000,learned,2,35,gov_report,Summarization,280,42e71d5aa0c5c74c2a39066ae556458834977699a11ad4b6,8308,8k+,34.496919457433314
learned_K2_V2_s35_step10000,learned,2,35,gov_report,Summarization,281,69bc8c8d9b16d6a0c9a3764f296461a70afdbe9608b8fbc0,13520,8k+,28.962817644540273
learned_K2_V2_s35_step10000,learned,2,35,gov_report,Summarization,282,c5c210ddec4060eb22838fc07edff58ba0d3fd885be85960,13426,8k+,29.69432270666082
learned_K2_V2_s35_step10000,learned,2,35,gov_report,Summarization,283,e4608543b0671a4a847bcf24ce695148d69c921a74a97dea,11191,8k+,32.16080359691675
learned_K2_V2_s35_step10000,learned,2,35,gov_report,Summarization,284,84924f0b35dc0fd3cc41302edace24ddb864f9eee9c52557,11742,8k+,33.6886989042603
learned_K2_V2_s35_step10000,learned,2,35,gov_report,Summarization,285,098e8f086cf52576f51b25aaf299f3c3b0d2ab8bf19c43ed,14665,8k+,26.405867501150766
learned_K2_V2_s35_step10000,learned,2,35,gov_report,Summarization,286,60060c32fea9fff6dd13e19a2da782a14aa3eaa1aea528ec,19021,8k+,30.265848224957242
learned_K2_V2_s35_step10000,learned,2,35,gov_report,Summarization,287,7bb19ba82bff13f027337b76e32661a2028a80f224f1d7b9,10552,8k+,25.112107272969496
learned_K2_V2_s35_step10000,learned,2,35,gov_report,Summarization,288,c55ca51268e0f84423b3328bc1ef92739fe3947de428bf00,12926,8k+,27.69230734935395
learned_K2_V2_s35_step10000,learned,2,35,gov_report,Summarization,289,9882ebb3c909a4c156f884dc720fc7c6410d1586fd7f7148,15492,8k+,33.00492565807227
learned_K2_V2_s35_step10000,learned,2,35,gov_report,Summarization,290,ba6567bdb74b0dc2048315126532d985693003e70c12b2cc,9310,8k+,28.378377960555156
learned_K2_V2_s35_step10000,learned,2,35,gov_report,Summarization,291,510f3bff47e64fd8de03466deb03947f1ed6ee87685fe3fb,13241,8k+,29.399585474154378
learned_K2_V2_s35_step10000,learned,2,35,gov_report,Summarization,292,778aa903897024d2ad3ec44debf0c00f572f4bb446b13786,17793,8k+,35.97122256094406
learned_K2_V2_s35_step10000,learned,2,35,gov_report,Summarization,293,262fe05e8fa77e62dbce844564aed1dc86f4c7f6de9155e5,21515,8k+,27.765726246742677
learned_K2_V2_s35_step10000,learned,2,35,gov_report,Summarization,294,3b1543ff19d17116246cdbe33d99666c11b69116fbdc372f,9112,8k+,37.43589696877055
learned_K2_V2_s35_step10000,learned,2,35,gov_report,Summarization,295,0faed6bbeb105220a194756bd2260b5aaa1798ce13234d08,11756,8k+,27.92792744416039
learned_K2_V2_s35_step10000,learned,2,35,gov_report,Summarization,296,2d74ce64491ea67c0b42a06ef439cd49bc7da7f9768661a4,22560,8k+,26.086956084135753
learned_K2_V2_s35_step10000,learned,2,35,gov_report,Summarization,297,c5e2c9e4fb59bf37eeafcab5cc9dc3d18327eab8d5719587,13400,8k+,28.571428252922342
learned_K2_V2_s35_step10000,learned,2,35,gov_report,Summarization,298,ae9682b730c5b83813918f08f144e6b90e0ab9b5e4af0a3e,11359,8k+,24.120602534279445
learned_K2_V2_s35_step10000,learned,2,35,gov_report,Summarization,299,615b86063863952bd39f41c4b5d2cd0ab4d2f71780b76527,8054,8k+,30.018082722941447
learned_K2_V2_s35_step10000,learned,2,35,multi_news,Summarization,0,3cfe6d5139ea2e17d17b9c8d040c015c3db4936578091cf6,951,0-4k,21.76470539897925
learned_K2_V2_s35_step10000,learned,2,35,multi_news,Summarization,1,3cdb9ee2c7cd7b125c274234e29c319b831ab836bd40616e,1950,0-4k,27.586206410353682
learned_K2_V2_s35_step10000,learned,2,35,multi_news,Summarization,2,c954dc7458c76e0d160906b15f13f8c19cba5c0a7b15ce12,637,0-4k,25.482624984779605
learned_K2_V2_s35_step10000,learned,2,35,multi_news,Summarization,3,bcbcfbff074db79f720de2185eecacc2835c5d38c01cc282,2518,0-4k,22.395832837253156
learned_K2_V2_s35_step10000,learned,2,35,multi_news,Summarization,4,b9c07d16abc8c0cae817b5c196e3edb358f2dfe70d61b7b5,1017,0-4k,22.662889034339425
learned_K2_V2_s35_step10000,learned,2,35,multi_news,Summarization,5,3358fb88c31046f04005237c69fcb14adb6b6b9ff68ca036,2033,0-4k,21.513943777781314
learned_K2_V2_s35_step10000,learned,2,35,multi_news,Summarization,6,90b8b7c6a6efa52bc14a7f9d74cd35b148dfc15610b85c15,2229,0-4k,17.03469986227349
learned_K2_V2_s35_step10000,learned,2,35,multi_news,Summarization,7,db2897f4cc329f058df547f296d35814c4d56f7f8793d0f7,652,0-4k,31.223628220904775
learned_K2_V2_s35_step10000,learned,2,35,multi_news,Summarization,8,085a98bc87cecb5a34bc4bad17eb8a0e90bc5d577f58086d,1543,0-4k,33.82789267518425
learned_K2_V2_s35_step10000,learned,2,35,multi_news,Summarization,9,7d60cab38bf3dfe2d804fb4fb9b74d4b7303468a3b3de025,1122,0-4k,29.283488600110648
learned_K2_V2_s35_step10000,learned,2,35,multi_news,Summarization,10,deebcbd46f217610456458a7e7d0b33690be57f740600f61,1770,0-4k,20.817843387073157
learned_K2_V2_s35_step10000,learned,2,35,multi_news,Summarization,11,c2488f5c54c48f0c50fa314134062ac0ed9dd3dcd8cc824d,428,0-4k,30.769230293685286
learned_K2_V2_s35_step10000,learned,2,35,multi_news,Summarization,12,9df3009239e0ccbeae886e39945f9e286d629a1f6de49c91,731,0-4k,39.436619223170005
learned_K2_V2_s35_step10000,learned,2,35,multi_news,Summarization,13,807321dfa9380577a0cbb72fb937ad0bd864971a2120df52,2297,0-4k,24.767801402678074
learned_K2_V2_s35_step10000,learned,2,35,multi_news,Summarization,14,f8c2fa45ea9e6d07078900a611b79bac87e4fc30dbec430b,2028,0-4k,29.126213093929685
learned_K2_V2_s35_step10000,learned,2,35,multi_news,Summarization,15,59333c53ef8bdf5638bc42e164ae1ae9bf801b53e2883fc1,3691,0-4k,22.94264289289247
learned_K2_V2_s35_step10000,learned,2,35,multi_news,Summarization,16,da18f092af6180c41fd3cde6110090948ab26331363ae788,1555,0-4k,29.1970798086206
learned_K2_V2_s35_step10000,learned,2,35,multi_news,Summarization,17,14edd8362c39ef794ee53eb8f5e70a29a71b687708664bb5,696,0-4k,31.617646559256062
learned_K2_V2_s35_step10000,learned,2,35,multi_news,Summarization,18,cabd4d9425ab2913031b5d840d61f45e1c6e8a8197170fe4,1223,0-4k,29.54545404676202
learned_K2_V2_s35_step10000,learned,2,35,multi_news,Summarization,19,84657617cef5cbfc4cfdb3f62beb99c2dd0969da3b61faf6,1782,0-4k,20.883533662747386
learned_K2_V2_s35_step10000,learned,2,35,multi_news,Summarization,20,2b92ef036e7d59ed6ca49cd1ba1d3136c398a8d46d15a723,2660,0-4k,30.882352441188495
learned_K2_V2_s35_step10000,learned,2,35,multi_news,Summarization,21,05a58d486d48da4b72444e0fb4fd3eb4a29111ac4abf3f15,2132,0-4k,30.670926021292455
learned_K2_V2_s35_step10000,learned,2,35,multi_news,Summarization,22,fe10841c2c1514f5f805e367fa7f77e26934491ff7e60b50,1292,0-4k,41.09588991433665
learned_K2_V2_s35_step10000,learned,2,35,multi_news,Summarization,23,da9b37248c21f872b6fbeddd7a617c7fd054701a54d1cc94,1536,0-4k,21.379309879167664
learned_K2_V2_s35_step10000,learned,2,35,multi_news,Summarization,24,a46ce664ac3ac7403a8489795e6d3c3e2271b59a6dcc8b3c,1000,0-4k,27.491408442791187
learned_K2_V2_s35_step10000,learned,2,35,multi_news,Summarization,25,7a583216f10de86a7447d31eac510c9ee604fc97daa07879,1396,0-4k,22.813687778166525
learned_K2_V2_s35_step10000,learned,2,35,multi_news,Summarization,26,4839ff39cdaf3da4b0dd25dec600eedc51120558e476d876,2343,0-4k,30.487804378959698
learned_K2_V2_s35_step10000,learned,2,35,multi_news,Summarization,27,15a1763a270aaf9575fc3d2e9bdeb742f45ae41c5eb445b4,1345,0-4k,24.550897724317835
learned_K2_V2_s35_step10000,learned,2,35,multi_news,Summarization,28,c95f88ab1a088c2be4b40996b02b5f1494d54ad1654db11c,3188,0-4k,32.79569842525148
learned_K2_V2_s35_step10000,learned,2,35,multi_news,Summarization,29,8df78078e29034333f411ce1c024f3af276f7a5d47bfc157,2749,0-4k,22.72727222727274
learned_K2_V2_s35_step10000,learned,2,35,multi_news,Summarization,30,d3b7a67d65bc4d90fc56c0775b7cdea8afdd2dbebb403c0e,1514,0-4k,28.39879104411242
learned_K2_V2_s35_step10000,learned,2,35,multi_news,Summarization,31,b723a6f6b48314b21c4142104e17776b8d24371546fd842e,1804,0-4k,27.586206404025127
learned_K2_V2_s35_step10000,learned,2,35,multi_news,Summarization,32,0aaaec0e1427468641b57b47d9e86733e878fa1b3f5bde56,1201,0-4k,31.683167821411846
learned_K2_V2_s35_step10000,learned,2,35,multi_news,Summarization,33,fec43c9d6b2e735c38ef4a9f53d4a0530d0f17d2b7ae1adf,1594,0-4k,31.921823605767706
learned_K2_V2_s35_step10000,learned,2,35,multi_news,Summarization,34,6d1f6f804985c159261a12d7d91b0bd67f8543ceb1ac2cf1,1013,0-4k,25.30864148919754
learned_K2_V2_s35_step10000,learned,2,35,multi_news,Summarization,35,da6315966c68231b74145219de133a6cfc1155ec94d76b48,1231,0-4k,33.01587251672462
learned_K2_V2_s35_step10000,learned,2,35,multi_news,Summarization,36,ff6ac494f54bcf9e324650210475e017cdf11fe08bcb780e,788,0-4k,27.731091941247094
learned_K2_V2_s35_step10000,learned,2,35,multi_news,Summarization,37,8f32f2a573c4e53f83de2117ee90645c553abc0027202b5e,1394,0-4k,32.615384124970426
learned_K2_V2_s35_step10000,learned,2,35,multi_news,Summarization,38,c226967dace7bed3a9520d2d6b51d545db7b0928adff93aa,1125,0-4k,21.940927775605772
learned_K2_V2_s35_step10000,learned,2,35,multi_news,Summarization,39,014f39d92b835f194baf7c422778f745ff1cbe6c57648266,1049,0-4k,29.25373084328804
learned_K2_V2_s35_step10000,learned,2,35,multi_news,Summarization,40,5c8c8d3158f3342ca74e9ce9da1508e49fe9a5abb156a80c,2356,0-4k,18.974358486995413
learned_K2_V2_s35_step10000,learned,2,35,multi_news,Summarization,41,d64ef83b83733b86a499359529ca33e1a16a19759f09bab2,1919,0-4k,30.06992957618955
learned_K2_V2_s35_step10000,learned,2,35,multi_news,Summarization,42,ec58dcb04b364683f40eeb64794aaff6fe15747269d3bb5c,1431,0-4k,22.222221725620184
learned_K2_V2_s35_step10000,learned,2,35,multi_news,Summarization,43,4947ea4dadca9054cadfeb469154d220596eae43004ad65b,2879,0-4k,34.71074330402447
learned_K2_V2_s35_step10000,learned,2,35,multi_news,Summarization,44,1bd857782a24a8f5d1f53bc514beea66bc1586a9767c5f62,511,0-4k,20.363635893315713
learned_K2_V2_s35_step10000,learned,2,35,multi_news,Summarization,45,e15e50d70d4a64727bc687f79114263f60d4e3c57987a5df,1817,0-4k,33.77483393710802
learned_K2_V2_s35_step10000,learned,2,35,multi_news,Summarization,46,b512878e8e93311926e4fae69f7aca10293ebd6914cd69c5,2672,0-4k,30.252100353992585
learned_K2_V2_s35_step10000,learned,2,35,multi_news,Summarization,47,55d4e4e086681c7149319ab3bd7a595df8ff6923c8d8875b,2085,0-4k,23.783783296070133
learned_K2_V2_s35_step10000,learned,2,35,multi_news,Summarization,48,c25dcbeaf05a9fa1d89c499fb3d3099ed2cf00bed267d6e1,2343,0-4k,29.906541557826504
learned_K2_V2_s35_step10000,learned,2,35,multi_news,Summarization,49,1387aaf6e6cbf0b8fc1d2097fa7194a42a045f371bb2b1df,1756,0-4k,17.94019890853303
learned_K2_V2_s35_step10000,learned,2,35,multi_news,Summarization,50,d8e915016dbc87a36f776d03063c07e7ee1aa2b74a60a296,2177,0-4k,32.69961928650118
learned_K2_V2_s35_step10000,learned,2,35,multi_news,Summarization,51,44664ca17064aab8ab0587c18d65f54d29acd8da0859f4aa,1133,0-4k,18.360655245063167
learned_K2_V2_s35_step10000,learned,2,35,multi_news,Summarization,52,0cd1c788a9390f3cd21d86b9e4092d1852e2d6023967356a,1317,0-4k,24.83660080823616
learned_K2_V2_s35_step10000,learned,2,35,multi_news,Summarization,53,eaeb9ff324ddd2e892aaf08f67036c726e171b21ffe66da3,890,0-4k,25.503355205508765
learned_K2_V2_s35_step10000,learned,2,35,multi_news,Summarization,54,7716f4cbdbd22287cc1d0793d5870a7cf511e68bf6d63283,1460,0-4k,30.267061818770973
learned_K2_V2_s35_step10000,learned,2,35,multi_news,Summarization,55,0e5555e7f19b59bd0ba60d6d61d0b7fdfcf94cf31a1f11c3,765,0-4k,24.99999953360769
learned_K2_V2_s35_step10000,learned,2,35,multi_news,Summarization,56,0195c0227a32697a1242e4546e1cebc083c9ca870bc5fc91,1254,0-4k,31.419939081424964
learned_K2_V2_s35_step10000,learned,2,35,multi_news,Summarization,57,93621b53a784f9068eb966ac4a559dd2ff3e7493a6834581,2303,0-4k,27.244581546339
learned_K2_V2_s35_step10000,learned,2,35,multi_news,Summarization,58,47194c604863e57177c42d12cc8424493e6b1d6c320d4713,2465,0-4k,17.808218678457514
learned_K2_V2_s35_step10000,learned,2,35,multi_news,Summarization,59,346f66c7206983d874731f6dddfa8b58d937ba82aef62fde,934,0-4k,19.52662672035294
learned_K2_V2_s35_step10000,learned,2,35,multi_news,Summarization,60,f7a80199602fd125d0170e159ef8cf03b2850f0261096690,1551,0-4k,22.038567000796856
learned_K2_V2_s35_step10000,learned,2,35,multi_news,Summarization,61,8895d1f480857e711338a9ff60e5dd435a949c4a7ada0b04,535,0-4k,26.794257896385165
learned_K2_V2_s35_step10000,learned,2,35,multi_news,Summarization,62,d9f437028f67a9850f6c0e6696e528c919e62f72b8a59081,2344,0-4k,18.023255317756234
learned_K2_V2_s35_step10000,learned,2,35,multi_news,Summarization,63,3fca42831fd78b50edcecd41b56417aeca908a1fdffc7a3a,1889,0-4k,23.42342292353616
learned_K2_V2_s35_step10000,learned,2,35,multi_news,Summarization,64,2f13c7d5d5dd0c8ebcd2a184fc40100c7994136a13108836,1840,0-4k,28.75399312149762
learned_K2_V2_s35_step10000,learned,2,35,multi_news,Summarization,65,f5f0493131002aa8c232df022d7bd9acb83286b9903d0fbb,1504,0-4k,23.295454050684413
learned_K2_V2_s35_step10000,learned,2,35,multi_news,Summarization,66,c70c9410b19b4c48c19c3ed79b2b9809a0f8795fd126d4eb,2493,0-4k,19.018404415503042
learned_K2_V2_s35_step10000,learned,2,35,multi_news,Summarization,67,c7b19e9605a0e09e05aaa0fc17800668347f695af85d462f,379,0-4k,23.63636315822315
learned_K2_V2_s35_step10000,learned,2,35,multi_news,Summarization,68,f753ca32e641414f1aa464ba63252c379a66ed02c742cb28,1518,0-4k,13.986013502121827
learned_K2_V2_s35_step10000,learned,2,35,multi_news,Summarization,69,445a75d1328511d00de0aaab23e1dd154d2c1dd95c9970f3,787,0-4k,44.604316059287825
learned_K2_V2_s35_step10000,learned,2,35,multi_news,Summarization,70,47596cd99de1ecb63b6e8ef284911b98f3c9e54e02a39a11,936,0-4k,22.307691808431965
learned_K2_V2_s35_step10000,learned,2,35,multi_news,Summarization,71,3455e1199f3faffcda39f610bad404ad9b8498c3be697826,1564,0-4k,36.723163349532385
learned_K2_V2_s35_step10000,learned,2,35,multi_news,Summarization,72,4f9fb40ba3a4ea202edfe8c7c1c19c80a5afa8f0ffb8d9a2,3153,0-4k,27.363183581693523
learned_K2_V2_s35_step10000,learned,2,35,multi_news,Summarization,73,2ce8406f8eeb3ee91ab7ae5e66bb5e2817c9bf57eefeda02,1446,0-4k,27.507162832850305
learned_K2_V2_s35_step10000,learned,2,35,multi_news,Summarization,74,24d9493a7ace6240fa898f9385c1ff4a71bf83f6d8285180,650,0-4k,29.59183625348814
learned_K2_V2_s35_step10000,learned,2,35,multi_news,Summarization,75,695bd898b537097a64ffaf19050579a5fabc5bf2fd1539b8,3541,0-4k,27.76203916095949
learned_K2_V2_s35_step10000,learned,2,35,multi_news,Summarization,76,09d3c69156b703bf00cead059865f12fdd36d83b3b050bc2,1440,0-4k,41.89189141526662
learned_K2_V2_s35_step10000,learned,2,35,multi_news,Summarization,77,247e6209d36f68f5a79c7c4cbfe02c7c95f12c3666004825,875,0-4k,30.86419703774197
learned_K2_V2_s35_step10000,learned,2,35,multi_news,Summarization,78,5955f2dfdf4e38a31b4986f240a6c1ad302f3cb4813d2cae,3754,0-4k,33.43283533073736
learned_K2_V2_s35_step10000,learned,2,35,multi_news,Summarization,79,d524b05b36e1b0e241279768a7a1b595ea5f85b1ea5291a7,1839,0-4k,28.99408234086692
learned_K2_V2_s35_step10000,learned,2,35,multi_news,Summarization,80,b54c7e03934058ecfb683f2affb28f16ae13c506f7c2cea8,1256,0-4k,27.41935440751822
learned_K2_V2_s35_step10000,learned,2,35,multi_news,Summarization,81,abeaa5e864f3e3719f5e18f54fab2f62560e27050a2d84f3,1573,0-4k,30.449826489673264
learned_K2_V2_s35_step10000,learned,2,35,multi_news,Summarization,82,d2edac914c4f8cd4291f5c305a0fefcba4b229a662469cf6,1958,0-4k,31.518624143644146
learned_K2_V2_s35_step10000,learned,2,35,multi_news,Summarization,83,999a929550bbb919ffde7b96ba635730393fd4f66ba83134,1736,0-4k,35.01483629546796
learned_K2_V2_s35_step10000,learned,2,35,multi_news,Summarization,84,f8f03e369cc6325e8ddddc203767afe6f33b532dde410f51,2270,0-4k,32.78688474827197
learned_K2_V2_s35_step10000,learned,2,35,multi_news,Summarization,85,fc1bacc152bd93aad864e2e0bc3c4858fc37a87742ec2230,803,0-4k,30.943395731605563
learned_K2_V2_s35_step10000,learned,2,35,multi_news,Summarization,86,8ac1d9818ae6fa046e069ea28dc5b09c76f84778c5ea08b6,2954,0-4k,26.219511695289267
learned_K2_V2_s35_step10000,learned,2,35,multi_news,Summarization,87,a013092fbe82d418f6bf29df588f5e85650109c9b87ad51c,978,0-4k,24.24242375494565
learned_K2_V2_s35_step10000,learned,2,35,multi_news,Summarization,88,129345ac116bd3d12d86321b7bb7d8ec257ec2d4ee951b79,695,0-4k,27.69230720085799
learned_K2_V2_s35_step10000,learned,2,35,multi_news,Summarization,89,2acea90b3a2c38a54f6a65b51163ba1507bdd5c3ac03db00,3215,0-4k,16.260162149348943
learned_K2_V2_s35_step10000,learned,2,35,multi_news,Summarization,90,b284f77807027c80d9052f3116a5f1945a921b333262a44f,1375,0-4k,27.405247317495267
learned_K2_V2_s35_step10000,learned,2,35,multi_news,Summarization,91,abb3079c764e90fd2df95c2ce1f19c1ff1265823cd2d6d55,563,0-4k,24.545454058842985
learned_K2_V2_s35_step10000,learned,2,35,multi_news,Summarization,92,00e7033c449e3fea219fb4684fffc5d4c8b6b4c6d1e03581,1111,0-4k,30.35019405889568
learned_K2_V2_s35_step10000,learned,2,35,multi_news,Summarization,93,8b2628d7b4f5c1c01d3bfba4b4708d876fd1639fbb31d034,2745,0-4k,21.31147491319539
learned_K2_V2_s35_step10000,learned,2,35,multi_news,Summarization,94,9c2a184dc0a66671be27a414a1f7c636442dec872193125e,1067,0-4k,23.054754543331487
learned_K2_V2_s35_step10000,learned,2,35,multi_news,Summarization,95,034a7eee7ac4bfb7d4e20328058e5e0853b9b86ff280a960,374,0-4k,45.50898154899781
learned_K2_V2_s35_step10000,learned,2,35,multi_news,Summarization,96,4df578eab381a9fc7acab6e3dd9e278ee76cbac0a23321b1,999,0-4k,26.578072593150193
learned_K2_V2_s35_step10000,learned,2,35,multi_news,Summarization,97,9b05a23597d81978bb62a7d42cf8a829ab8c00dbd9936af1,836,0-4k,31.893687224335277
learned_K2_V2_s35_step10000,learned,2,35,multi_news,Summarization,98,cdc606b8d73dab2f7c21155bbca338cbfc154df6e84b1f50,674,0-4k,30.830039033198464
learned_K2_V2_s35_step10000,learned,2,35,multi_news,Summarization,99,ce74377f679c97edbdd3ebae3fed7e431a2704e971709577,1503,0-4k,27.98833771384373
learned_K2_V2_s35_step10000,learned,2,35,multi_news,Summarization,100,a7679b6195dde9c6472dfcb5a9b0f7301010ad575d82f481,5411,4-8k,18.543045857966767
learned_K2_V2_s35_step10000,learned,2,35,multi_news,Summarization,101,e8ae3a32f6723be9e54aa66700703b5010e6a24337e6387c,5553,4-8k,28.082191281666365
learned_K2_V2_s35_step10000,learned,2,35,multi_news,Summarization,102,9005598c4642fdbc4cc9a30fd556b50c6c14df00d64051f2,5759,4-8k,22.707423105585335
learned_K2_V2_s35_step10000,learned,2,35,multi_news,Summarization,103,43d11cc5e60d30b11191af188cbee9b4ed98d327b381d7ae,6707,4-8k,28.117913357397388
learned_K2_V2_s35_step10000,learned,2,35,multi_news,Summarization,104,beea6e536ce8906ffba72181a2a5231f31b72709beec8381,7213,4-8k,26.392961391800906
learned_K2_V2_s35_step10000,learned,2,35,multi_news,Summarization,105,e241ae9461f4dee7da1f0cd651b3364af6804feb3e4cb2be,4603,4-8k,31.48687996651056
learned_K2_V2_s35_step10000,learned,2,35,multi_news,Summarization,106,fc064e44767f515177a8fbf4fc2c2c628aa41dc2eed4b351,4291,4-8k,24.581005092225595
learned_K2_V2_s35_step10000,learned,2,35,multi_news,Summarization,107,a0eda52afcd3721a2791dacaee59ff9d0b57b2f89744e190,4795,4-8k,14.942528236969894
learned_K2_V2_s35_step10000,learned,2,35,multi_news,Summarization,108,3909b39ee589824733bcbab63b1b3949577bb2f71ee2116d,7447,4-8k,29.921259343294693
learned_K2_V2_s35_step10000,learned,2,35,multi_news,Summarization,109,a16c4c4f21a8aff6700f991f55c90a2d442db96d3fbbf7e4,5180,4-8k,32.571428079330616
learned_K2_V2_s35_step10000,learned,2,35,multi_news,Summarization,110,2953c375f34a8b7df250ffe58d651245f2004f4fc7d96553,5167,4-8k,22.317596075954622
learned_K2_V2_s35_step10000,learned,2,35,multi_news,Summarization,111,7adab2cabfaaa094e1fb04c9a878a7fa3725a000a553ff81,6552,4-8k,23.411370737911223
learned_K2_V2_s35_step10000,learned,2,35,multi_news,Summarization,112,92f03bf75ff8d696eb70222162e04041752b1248ef677dfe,4628,4-8k,28.29581944132092
learned_K2_V2_s35_step10000,learned,2,35,multi_news,Summarization,113,d1850b7f177d4eddd8967eec921ffe4887e6aa0ee66f584e,4138,4-8k,29.1390723513881
learned_K2_V2_s35_step10000,learned,2,35,multi_news,Summarization,114,625c2c90507e8a464bdd6e3bce47f1068380610424409fd4,7900,4-8k,29.431437675462252
learned_K2_V2_s35_step10000,learned,2,35,multi_news,Summarization,115,82cd344df0762192b60c923e26497916ffd90cc8a6f2c5c0,4346,4-8k,19.178081748868884
learned_K2_V2_s35_step10000,learned,2,35,multi_news,Summarization,116,d53cc3caa29484c24f7d1693a6221767d1eb4811179bcbd8,6133,4-8k,21.99488441404754
learned_K2_V2_s35_step10000,learned,2,35,multi_news,Summarization,117,f34e72277caa57ce9bc01a2dc9fcce07fe2849903f1244a0,4695,4-8k,20.812182241438855
learned_K2_V2_s35_step10000,learned,2,35,multi_news,Summarization,118,c0a8a1d30915b87ad83276cbbd6c2fd8661fc3f222da6803,6733,4-8k,28.10810760812273
learned_K2_V2_s35_step10000,learned,2,35,multi_news,Summarization,119,d9cec6ce22fb450c177b618193791a4b17d4adfef3ed7982,4037,4-8k,30.769230273130905
learned_K2_V2_s35_step10000,learned,2,35,multi_news,Summarization,120,76a22580c924a14073a119c8d24ed89e0a4e68d68325225a,4910,4-8k,22.388059201743165
learned_K2_V2_s35_step10000,learned,2,35,multi_news,Summarization,121,f4a2ca446392424def82aedb5cd9c48b73dead7e3ac5e14d,4329,4-8k,17.1581764639148
learned_K2_V2_s35_step10000,learned,2,35,multi_news,Summarization,122,e4248a577665c8f67f2875981264fc46e9aa1ff2c97621c4,4501,4-8k,14.785991731896035
learned_K2_V2_s35_step10000,learned,2,35,multi_news,Summarization,123,8f79c55fc3fd0c61f353bc81b406766c207af188193934bb,5883,4-8k,13.44537776597699
learned_K2_V2_s35_step10000,learned,2,35,multi_news,Summarization,124,e1fbb01b1869db16e8f5b9209844a8488038ed59c7618022,7378,4-8k,19.047618557081282
learned_K2_V2_s35_step10000,learned,2,35,multi_news,Summarization,125,585e359bf509666e59bb762820a1383b173c128af9945aec,5444,4-8k,24.90565987770738
learned_K2_V2_s35_step10000,learned,2,35,multi_news,Summarization,126,74fdfb7a4a43254b997018ef2e33371cf09558f5e8ab5853,5527,4-8k,23.849371907704707
learned_K2_V2_s35_step10000,learned,2,35,multi_news,Summarization,127,484a15585089737a19044cb002da7c29a7455eaf9269658b,4697,4-8k,28.859059904125946
learned_K2_V2_s35_step10000,learned,2,35,multi_news,Summarization,128,ba707f6e091dcd49e7b9fbf66b803e825c1422458e1cfe2e,7229,4-8k,21.848739005217784
learned_K2_V2_s35_step10000,learned,2,35,multi_news,Summarization,129,89f76a25124525470ca9ee302957b683273e9e44c61e4e20,5931,4-8k,20.433436050340763
learned_K2_V2_s35_step10000,learned,2,35,multi_news,Summarization,130,e880f7262e9424589d5140d4886d7400301bde59e1176312,4933,4-8k,30.198019303462907
learned_K2_V2_s35_step10000,learned,2,35,multi_news,Summarization,131,86939b49973f38a6c76ebc40a3db6143e5dfc66f1dd9949f,4659,4-8k,20.347394052398585
learned_K2_V2_s35_step10000,learned,2,35,multi_news,Summarization,132,99f78195bf169943f5f09a2082f1c44badf7de94fe8ddad2,6349,4-8k,25.95078255037561
learned_K2_V2_s35_step10000,learned,2,35,multi_news,Summarization,133,0cc803bf449c7c83013f18bfd0301e1cde02c809a0bbd0a8,4511,4-8k,25.617977030516354
learned_K2_V2_s35_step10000,learned,2,35,multi_news,Summarization,134,bf96ae0995507dc8d7eb53109e4d8395e83b94133d2f8d10,4372,4-8k,23.404254820860697
learned_K2_V2_s35_step10000,learned,2,35,multi_news,Summarization,135,c73e8174e5abc833097bf49f3351ab4ef5aa82d097d63a80,4056,4-8k,19.70443299813149
learned_K2_V2_s35_step10000,learned,2,35,multi_news,Summarization,136,ae3d9107874d4e79213c04dbc9a55856b15d9c59167ab559,6473,4-8k,30.769230274581545
learned_K2_V2_s35_step10000,learned,2,35,multi_news,Summarization,137,2f3624559381ed04d06b7317a3cf3c824a16cbfe3430e838,5611,4-8k,14.379084501495168
learned_K2_V2_s35_step10000,learned,2,35,multi_news,Summarization,138,55d106e1c9ce1aa86bb9fe837c128e989ea653bc049b9f08,4115,4-8k,20.21276546203034
learned_K2_V2_s35_step10000,learned,2,35,multi_news,Summarization,139,b58b45ecbbfa56268401e290b66cd1d79bdda971f116d881,6169,4-8k,28.840124895431458
learned_K2_V2_s35_step10000,learned,2,35,multi_news,Summarization,140,22c4f915fbec56cff0c26b9814a2e8ef79640588ac70d521,6253,4-8k,22.16216166334552
learned_K2_V2_s35_step10000,learned,2,35,multi_news,Summarization,141,03a19bf0991fdabffd7ffcd1013e2842dde4e002b5da1c9e,5651,4-8k,31.09756047679953
learned_K2_V2_s35_step10000,learned,2,35,multi_news,Summarization,142,6ddeb90fe709bbc97dc4292cbaf7a8616ed394a3671db2e3,4573,4-8k,25.153373733204116
learned_K2_V2_s35_step10000,learned,2,35,multi_news,Summarization,143,ee95a9f188195138609dd8bd5f339b14d37a1ccab0e881fd,4011,4-8k,24.128685828978867
learned_K2_V2_s35_step10000,learned,2,35,multi_news,Summarization,144,d8c8b00b838325c225d453753a78172b2c02d68a5f6a1a12,4052,4-8k,30.39999950043023
learned_K2_V2_s35_step10000,learned,2,35,multi_news,Summarization,145,89497b26904c039c466d51f9ad9694fb5ffcd1eb31f1d4c3,6903,4-8k,25.433525559676422
learned_K2_V2_s35_step10000,learned,2,35,multi_news,Summarization,146,1edbe11b5a2d2f70bd299d3d1277d08f3c73635803a5bc25,5123,4-8k,24.215246177954523
learned_K2_V2_s35_step10000,learned,2,35,multi_news,Summarization,147,59b239f39dccea621d6e581c6df110bad126be5258d0da11,4873,4-8k,28.328611401391555
learned_K2_V2_s35_step10000,learned,2,35,multi_news,Summarization,148,62acd5a0a4e284719eb3c9006639274f017753bf369635b8,4591,4-8k,37.014924875491204
learned_K2_V2_s35_step10000,learned,2,35,multi_news,Summarization,149,efdd48a95cab2b87767bd194ede5acf88e618582daee3d06,4436,4-8k,28.34224548936201
learned_K2_V2_s35_step10000,learned,2,35,multi_news,Summarization,150,59df27d85702fc9a36a3fb9843febf36fc5220ed6b4dd3d1,4580,4-8k,37.87878737982094
learned_K2_V2_s35_step10000,learned,2,35,multi_news,Summarization,151,a5c474ace7060b141dfa53df450493781a39eb978308d2b1,4971,4-8k,23.09859107932554
learned_K2_V2_s35_step10000,learned,2,35,multi_news,Summarization,152,4f36f612ec657e49a982c771b255d9fbc194d32eec386329,7074,4-8k,14.836794759626324
learned_K2_V2_s35_step10000,learned,2,35,multi_news,Summarization,153,e6428339303ad2f09a020a58ee4c78ee03995a73be5aedb9,6819,4-8k,28.71536473955168
learned_K2_V2_s35_step10000,learned,2,35,multi_news,Summarization,154,f268844ee19ae37398a8d4df6e613b52a07f1df15b2e3ee0,4339,4-8k,18.67469829519888
learned_K2_V2_s35_step10000,learned,2,35,multi_news,Summarization,155,11c4ec5eb86ca495cf4c6d0bd74f20059893179392643ec4,5652,4-8k,22.222221755468542
learned_K2_V2_s35_step10000,learned,2,35,multi_news,Summarization,156,f7431c0b06be738121014ffc051dfdab356590a5694b41ac,4344,4-8k,15.141955367015308
learned_K2_V2_s35_step10000,learned,2,35,multi_news,Summarization,157,3eed975e61a930aeafa932c046f731360b647a453a8b9847,6399,4-8k,24.434388661002032
learned_K2_V2_s35_step10000,learned,2,35,multi_news,Summarization,158,dc1fb7559a52f92e5cd684dc2ec9f96fe821b2cf1b1f8619,4100,4-8k,20.74468035129019
learned_K2_V2_s35_step10000,learned,2,35,multi_news,Summarization,159,b8dd53c9ef374c714ee3de534cc19b29621eae2623ee3a88,4630,4-8k,21.52974454541808
learned_K2_V2_s35_step10000,learned,2,35,multi_news,Summarization,160,fbe04e6aaec586d01aedd000f6f486a4911178c96439972f,4643,4-8k,19.302948562269563
learned_K2_V2_s35_step10000,learned,2,35,multi_news,Summarization,161,0b83c4eda1b00e8a82ead5f2d385d81441562bf0deeab5a3,4718,4-8k,21.287128269532406
learned_K2_V2_s35_step10000,learned,2,35,multi_news,Summarization,162,d61efe8bd67835d8dba650811c2920f3a550fe5bd1eac4cc,5636,4-8k,24.8337023831938
learned_K2_V2_s35_step10000,learned,2,35,multi_news,Summarization,163,1139c29ed1042dbdf8ec7a05c0d9e85cc9fb1c8fe0d719a5,4792,4-8k,21.943573169485376
learned_K2_V2_s35_step10000,learned,2,35,multi_news,Summarization,164,23d2310138b1897a018af026757aa339963aa196252a582e,5758,4-8k,28.198432920450756
learned_K2_V2_s35_step10000,learned,2,35,multi_news,Summarization,165,645daed1591dacaa807e3216369bafe0dc2b7a4ee026c9c9,4410,4-8k,27.6029050854962
learned_K2_V2_s35_step10000,learned,2,35,multi_news,Summarization,166,bc507643aee26b221e7b2cc654b4b4d28ae8f991aa226d56,5720,4-8k,21.28851491558193
learned_K2_V2_s35_step10000,learned,2,35,multi_news,Summarization,167,2407d140d430e142a03111f4259af97377a650e99cd5c0a4,4673,4-8k,16.546762102453304
learned_K2_V2_s35_step10000,learned,2,35,multi_news,Summarization,168,1c449ce36cc85ff8d217a13b0d2762600b6bd40382f769d0,6123,4-8k,27.488151164203412
learned_K2_V2_s35_step10000,learned,2,35,multi_news,Summarization,169,83cfbb0d6107641b58854bcd9f8fe84a0da855a3c259b2af,7287,4-8k,15.270935464097665
learned_K2_V2_s35_step10000,learned,2,35,multi_news,Summarization,170,cc7dc7559ed5f668331b0d6b341b45ed873b80826c7b0cd8,4365,4-8k,24.5524291702697
learned_K2_V2_s35_step10000,learned,2,35,multi_news,Summarization,171,02397dc39074e6ccbf0abe90cdb9f169c42664bf0cb76ebc,4260,4-8k,28.301886311459207
learned_K2_V2_s35_step10000,learned,2,35,multi_news,Summarization,172,21b08f30f8fd7c008ae5a60213e0346161c2f28cc1ae5b7e,4032,4-8k,27.380951881820447
learned_K2_V2_s35_step10000,learned,2,35,multi_news,Summarization,173,5207b32a4aba9126ab7641d1946ae3a4deb23d5e97c86c15,4727,4-8k,25.322996916184266
learned_K2_V2_s35_step10000,learned,2,35,multi_news,Summarization,174,37a9e5592dcebd2195415e0ec933058aa6e4924e7b765081,6750,4-8k,26.92307643177153
learned_K2_V2_s35_step10000,learned,2,35,multi_news,Summarization,175,fc603a82fb649d5fecb6cd02cb312c6b3277d0af67fec812,4655,4-8k,23.65591348752747
learned_K2_V2_s35_step10000,learned,2,35,multi_news,Summarization,176,c4a9e8c40dd776bf7d13f0f6da0db5922ac35d59499a77ad,7492,4-8k,25.742573774201066
learned_K2_V2_s35_step10000,learned,2,35,multi_news,Summarization,177,3147d488dd7d9efe32b7189340c2d5514712153eed8b485e,5355,4-8k,24.117646562214542
learned_K2_V2_s35_step10000,learned,2,35,multi_news,Summarization,178,2ccb15b3b24c8978e8055339c1dd4394372f0433047265e3,6018,4-8k,25.272330658293825
learned_K2_V2_s35_step10000,learned,2,35,multi_news,Summarization,179,cfbb7126d0e41456131e2e5c1d9fd4049fe9360b38c34272,6685,4-8k,22.28412206314353
learned_K2_V2_s35_step10000,learned,2,35,multi_news,Summarization,180,1365037de20e30d7ee6df9d00387897593be59d3664892ac,5503,4-8k,25.495750214318395
learned_K2_V2_s35_step10000,learned,2,35,multi_news,Summarization,181,5ce4ea0dd572af70857de7a51c9a746a3cf08d99cd7b07e8,6028,4-8k,27.84810077641805
learned_K2_V2_s35_step10000,learned,2,35,multi_news,Summarization,182,0b45b934e77d72ba196d30a9332f3465d71d31e26c3205e5,5665,4-8k,30.120481452551175
learned_K2_V2_s35_step10000,learned,2,35,multi_news,Summarization,183,3cfef44a9fe771019e5309a98cd559ee1170766b781731d3,5691,4-8k,34.40233186866017
learned_K2_V2_s35_step10000,learned,2,35,multi_news,Summarization,184,b819834ec0fb0e44cd936945b9c0bc3df01098961e5c321c,4068,4-8k,24.175823682271343
learned_K2_V2_s35_step10000,learned,2,35,multi_news,Summarization,185,df787018ccd7e7e89c0197791eebe43539f167352890f246,6005,4-8k,19.704432998519756
learned_K2_V2_s35_step10000,learned,2,35,multi_news,Summarization,186,11eb676f3b4d98fc1eb41687ed8bfbe45550e4c9c9603357,7800,4-8k,25.925925500517906
learned_K2_V2_s35_step10000,learned,2,35,multi_news,Summarization,187,682752793b2c600521dae3843ce722f869f7d1bc98684944,5592,4-8k,18.539325388713557
learned_K2_V2_s35_step10000,learned,2,35,multi_news,Summarization,188,4c97cd533b8d5e8a88fca1075ef5f06051254c6b39035831,6723,4-8k,28.888888452098765
learned_K2_V2_s35_step10000,learned,2,35,multi_news,Summarization,189,0495055c9c2fc357caf6debda31a80edec4e9e024952c654,4159,4-8k,23.931623488613127
learned_K2_V2_s35_step10000,learned,2,35,multi_news,Summarization,190,08fd858ac2a2fe76b679bacf9a505745fba306bc5d153bb8,5085,4-8k,24.5231602629762
learned_K2_V2_s35_step10000,learned,2,35,multi_news,Summarization,191,3944ddbbeada6ffb25b5f014b2f426e62598995782c6d783,6571,4-8k,23.204419389502775
learned_K2_V2_s35_step10000,learned,2,35,multi_news,Summarization,192,0765266c0d12e9d0e2997ba1d448336fafe965be8c62cf02,4334,4-8k,27.55101991696169
learned_K2_V2_s35_step10000,learned,2,35,multi_news,Summarization,193,f5c2b24dba551adbcd8073f94eb266f133be7afe9c42381d,4638,4-8k,16.793892663452027
learned_K2_V2_s35_step10000,learned,2,35,multi_news,Summarization,194,b95db3863cfffde9184567d9aa209e84934aee7a4d20812d,4944,4-8k,22.740524293279172
learned_K2_V2_s35_step10000,learned,2,35,multi_news,Summarization,195,a9297f2eab1e5d41164060ae1a31594cb46223eae4072136,6654,4-8k,17.14285675830664
learned_K2_V2_s35_step10000,learned,2,35,multi_news,Summarization,196,29930ff7fc60809fcb40fa0d8fc2415ba9d1dc6435cdea4f,7740,4-8k,18.279569405480416
learned_K2_V2_s35_step10000,learned,2,35,multi_news,Summarization,197,3b8b3100ed423724ea490fa7333dbd71cfcb64aee300d959,7121,4-8k,16.52421603834386
learned_K2_V2_s35_step10000,learned,2,35,multi_news,Summarization,198,8c4266ab879869dde3f2ae3d1b4dafe762adfc6eb0594589,5075,4-8k,28.571428072146816
learned_K2_V2_s35_step10000,learned,2,35,multi_news,Summarization,199,25642cf19493c43a72a65276f168786874e0a303b8f2cf21,5008,4-8k,27.710842885759913
learned_K2_V2_s35_step10000,learned,2,35,multi_news,Summarization,200,0e05cc18a8cb83168b2027b1734f77c9328fac1b3f6ff608,26589,8k+,23.448275366088
learned_K2_V2_s35_step10000,learned,2,35,multi_news,Summarization,201,86c4bb00f0554854be4707a223482d2c06e46a12bfad92a5,8230,8k+,22.388059203274683
learned_K2_V2_s35_step10000,learned,2,35,multi_news,Summarization,202,7dad5d21905bf9898b12b88c7537f77974361435b3213355,10540,8k+,28.318583576126215
learned_K2_V2_s35_step10000,learned,2,35,multi_news,Summarization,203,ce8ce4970efeb9ca50ff59b8a06d540802a9685e1becf427,8133,8k+,25.641025176776832
learned_K2_V2_s35_step10000,learned,2,35,multi_news,Summarization,204,ec9629215af23958acaf61953bf5e3671d94602b26335a2c,9802,8k+,23.948219564981528
learned_K2_V2_s35_step10000,learned,2,35,multi_news,Summarization,205,b969d44361ef74b7f1a1d7f3918a1a8a42be06e7762d61eb,10933,8k+,15.984405039499345
learned_K2_V2_s35_step10000,learned,2,35,multi_news,Summarization,206,4ece65094f5966163ea99468657a520941af3279f608fdb0,12810,8k+,24.82269453608974
learned_K2_V2_s35_step10000,learned,2,35,multi_news,Summarization,207,a4510e232a483663f0007bfe48b844ddbd5cfd8b13d9f2eb,13444,8k+,15.61712796545884
learned_K2_V2_s35_step10000,learned,2,35,multi_news,Summarization,208,51f103fc29004b9dd5bdba49a80cd7ddef4ed0a7321cb251,9763,8k+,17.985611029656866
learned_K2_V2_s35_step10000,learned,2,35,multi_news,Summarization,209,0e0a0eea7931b12a54f968dec16970d291a10c0ee9699920,17295,8k+,22.485206603112648
learned_K2_V2_s35_step10000,learned,2,35,multi_news,Summarization,210,993905ef7d46ad422e0b751a3003dc0c9c7ac6064fca0381,11867,8k+,29.069766943905496
learned_K2_V2_s35_step10000,learned,2,35,multi_news,Summarization,211,7a7ac6f92c0538761001be16e100a086bd4a38f305116b2c,9422,8k+,31.496062569626137
learned_K2_V2_s35_step10000,learned,2,35,multi_news,Summarization,212,cc0902ef8249488de1f275c27396fb67b6edb9455af49623,12149,8k+,18.696883354813874
learned_K2_V2_s35_step10000,learned,2,35,multi_news,Summarization,213,3b3c748f3eb38ad864d61971e37e3a353350c67bbf60705f,8992,8k+,14.24332295545441
learned_K2_V2_s35_step10000,learned,2,35,multi_news,Summarization,214,7e67283535da954db448324ee34bed1d96e5e3d3587f671e,16385,8k+,17.228463940692126
learned_K2_V2_s35_step10000,learned,2,35,multi_news,Summarization,215,4d2e3653c3c14982a2a316fdec16de82af22d4e610f04842,9464,8k+,13.986013544721029
learned_K2_V2_s35_step10000,learned,2,35,multi_news,Summarization,216,057825ccae08914141f814474a579f5ecbb2c7a68770bce9,9058,8k+,23.26732628130821
learned_K2_V2_s35_step10000,learned,2,35,multi_news,Summarization,217,32bc186e5418d5fb839b66d88bdde145d94af05b8567e870,9063,8k+,15.70247886018716
learned_K2_V2_s35_step10000,learned,2,35,multi_news,Summarization,218,bea4c2bf389184de812226267cbc54b4a32cdbdb6fc042bf,8334,8k+,27.41116702011132
learned_K2_V2_s35_step10000,learned,2,35,multi_news,Summarization,219,aeebef7adfe41e4367bbc94213b9a7748fafda7bb918e78e,11232,8k+,15.778251183818961
learned_K2_V2_s35_step10000,learned,2,35,multi_news,Summarization,220,4517ed026801bdf0e67ebb2bff8db4fdd8c8a690df81ac8b,8745,8k+,18.292682433540318
learned_K2_V2_s35_step10000,learned,2,35,multi_news,Summarization,221,4f5bef9de35675cccb7f0ab2422f5766b9f8a0c6fb983678,10507,8k+,22.572177978465305
learned_K2_V2_s35_step10000,learned,2,35,multi_news,Summarization,222,517caab5f74dc1fe2442341e01a49e02026d886f3e39382c,8009,8k+,29.943502349133393
learned_K2_V2_s35_step10000,learned,2,35,multi_news,Summarization,223,13fffaa30c5a70c301713331b10614be7aedbcbad29afce4,8290,8k+,26.01156020172743
learned_K2_V2_s35_step10000,learned,2,35,multi_news,Summarization,224,cd14de08cd3a12087e08f44ad778fc740a266d0933d1031b,9206,8k+,22.018348147424938
learned_K2_V2_s35_step10000,learned,2,35,multi_news,Summarization,225,763f10fd22d7aa6a6b7f8342783ce138fcdd00fbbf05b91e,8392,8k+,22.11055226837707
learned_K2_V2_s35_step10000,learned,2,35,multi_news,Summarization,226,d7a887575fd560c637df062eba428da550ee09fd2f533f8d,11402,8k+,27.920227423186507
learned_K2_V2_s35_step10000,learned,2,35,multi_news,Summarization,227,d9883d3c3ca0bdca86d0575f437cfc6ac660a00075b5b08e,8620,8k+,26.31578899969222
learned_K2_V2_s35_step10000,learned,2,35,multi_news,Summarization,228,a2e7da4aad2326c788ea9f40701a870155e5358ac4426924,12573,8k+,27.485379625235122
learned_K2_V2_s35_step10000,learned,2,35,multi_news,Summarization,229,ead1d9eaea3634444dd2387c0f9db71d206b6645744a07fb,11703,8k+,28.961748134417277
learned_K2_V2_s35_step10000,learned,2,35,multi_news,Summarization,230,6ffd667f56771966d69444d453a0ea47155c7fd5edb229f9,8604,8k+,27.548208903581273
learned_K2_V2_s35_step10000,learned,2,35,multi_news,Summarization,231,c44cd4b3d05e349d96d0107750992323e358891d05732948,8571,8k+,21.49253681472044
learned_K2_V2_s35_step10000,learned,2,35,multi_news,Summarization,232,1806555d40d51d7d18fc6a1feb2f2ec16faea8a0a008a1f0,8841,8k+,23.59881957313286
learned_K2_V2_s35_step10000,learned,2,35,multi_news,Summarization,233,36d45c8b83d13f8f73567ce5dac6de6925f322002503dcf4,10827,8k+,21.333332863755565
learned_K2_V2_s35_step10000,learned,2,35,multi_news,Summarization,234,902f0954213482512f8d7737a2cd7b97528284ce3a7528cb,10366,8k+,21.73912997111532
learned_K2_V2_s35_step10000,learned,2,35,multi_news,Summarization,235,9cdb9793762874fe187cde7864ac7ed06137db0e33f61b40,9746,8k+,27.07182270785386
learned_K2_V2_s35_step10000,learned,2,35,multi_news,Summarization,236,b4b2f8cc86acce7961fd4a36f0c444aa3278aa12143bd289,12301,8k+,16.74641101302627
learned_K2_V2_s35_step10000,learned,2,35,multi_news,Summarization,237,0e6ceee93e8d0ca2b37af1593344755c9e61ac2508878951,10635,8k+,28.494623165683898
learned_K2_V2_s35_step10000,learned,2,35,multi_news,Summarization,238,5bb5eef35268996a15327046c09c0c83000af20ff094db34,26063,8k+,7.382550022071091
learned_K2_V2_s35_step10000,learned,2,35,multi_news,Summarization,239,d06b413b4770e73677d90d503cb2878cf8d00477401952f6,8503,8k+,23.09859105104544
learned_K2_V2_s35_step10000,learned,2,35,multi_news,Summarization,240,183f975473276ac5455b59d398da0659f11160be1a4f6435,14781,8k+,12.324929474440777
learned_K2_V2_s35_step10000,learned,2,35,multi_news,Summarization,241,bc08361f92738025fd980821bd90b1777dfd4694e1fb63ce,10817,8k+,20.888888410706187
learned_K2_V2_s35_step10000,learned,2,35,multi_news,Summarization,242,4064cef5f752d950aa88210d5bc2ace488ba4389f229a3e2,9611,8k+,15.976330868667077
learned_K2_V2_s35_step10000,learned,2,35,multi_news,Summarization,243,96a4cbe073bb3ae562b57e7b52a8eb7986a556b79fe49cdc,9424,8k+,22.456139913671905
learned_K2_V2_s35_step10000,learned,2,35,multi_news,Summarization,244,c7ab9f8ea8568f9891ccac553ff506895c1a9581d5c7f17f,11187,8k+,13.173652261321681
learned_K2_V2_s35_step10000,learned,2,35,multi_news,Summarization,245,cf64d6489c1e598088be607be02bde338aa477458eee6e0e,9576,8k+,29.130434310170138
learned_K2_V2_s35_step10000,learned,2,35,multi_news,Summarization,246,5e4c1e6dfbaf05769678d572a5b097e015acce99a9632a15,14436,8k+,28.571428116906027
learned_K2_V2_s35_step10000,learned,2,35,multi_news,Summarization,247,04d861fe1f0be7aa64a7920e80b741ed0dfebfe73e149f35,9420,8k+,28.220858395724346
learned_K2_V2_s35_step10000,learned,2,35,multi_news,Summarization,248,3d608ebdc29dfca9428ab6f4df0e049cb43f45d02eed8ffb,8921,8k+,20.689654678432813
learned_K2_V2_s35_step10000,learned,2,35,multi_news,Summarization,249,8e9e362f4930c3272f2e5108d68cf6dbceff3c23db4232a8,20774,8k+,22.662889021788164
learned_K2_V2_s35_step10000,learned,2,35,multi_news,Summarization,250,7e911118ea780cfea35be3e95b1ee859e615e71725880ffd,8297,8k+,14.48467918529498
learned_K2_V2_s35_step10000,learned,2,35,multi_news,Summarization,251,6d197388e718b7a33ce23cf29bdcd8b116074a8f33296fcf,9525,8k+,16.260162108415788
learned_K2_V2_s35_step10000,learned,2,35,multi_news,Summarization,252,ceda957dd07f5ce14bcb4aa39398030bd058f4458c96f41c,8684,8k+,11.406843649322694
learned_K2_V2_s35_step10000,learned,2,35,multi_news,Summarization,253,928d14dff96c5f6c99a1f9d845d00c2642bc704d7434506e,10683,8k+,16.818181330836794
learned_K2_V2_s35_step10000,learned,2,35,multi_news,Summarization,254,4d8950f9c37cd484a3da6a9ce7184ea2a051f294ba62e039,17134,8k+,29.16666617375284
learned_K2_V2_s35_step10000,learned,2,35,multi_news,Summarization,255,d9ed3b7dd158b7466f89b8306eb873441872b58b4fb84f2d,10466,8k+,28.272250810558923
learned_K2_V2_s35_step10000,learned,2,35,multi_news,Summarization,256,cd8ca2bf5c54f18e6951edcdefeb1f3513d2d7f88bf6f218,10147,8k+,30.88607548077552
learned_K2_V2_s35_step10000,learned,2,35,multi_news,Summarization,257,cce3218a9cad572b66a3f824031607a4e5ea5d8495a41b05,22467,8k+,26.285713795918376
learned_K2_V2_s35_step10000,learned,2,35,multi_news,Summarization,258,43c1b8ceec6ef5fe933eae8a2c4a8c9257a5c120d6b969e8,9687,8k+,24.64454926331395
learned_K2_V2_s35_step10000,learned,2,35,multi_news,Summarization,259,b22189533c27ba0a810969211e53747d68392c6e765f928f,8135,8k+,25.6578942417114
learned_K2_V2_s35_step10000,learned,2,35,multi_news,Summarization,260,02513c860fc404c6b1699996b4050baf146fb6922fb8b365,15090,8k+,27.79456143353931
learned_K2_V2_s35_step10000,learned,2,35,multi_news,Summarization,261,c3a37a8ef0d4a05484b055ff9613a1fd7c979ffa6a4f60ee,10681,8k+,28.66043564872236
learned_K2_V2_s35_step10000,learned,2,35,multi_news,Summarization,262,4158f89e1101af28ce1adee5fa5063b07cfd153cdfa54db2,8130,8k+,19.526626719565158
learned_K2_V2_s35_step10000,learned,2,35,multi_news,Summarization,263,bdaddc2a7890f334604f25c851178459ca0eb40e386aff1d,27973,8k+,18.69688336396249
learned_K2_V2_s35_step10000,learned,2,35,multi_news,Summarization,264,e5dd96e502d78f8f514e850d401879c3e553cf8660976051,8813,8k+,25.301204345478308
learned_K2_V2_s35_step10000,learned,2,35,multi_news,Summarization,265,7194e2ee9642d5da316a5083bb465d4489b472252e5090c2,9280,8k+,29.893237957725972
learned_K2_V2_s35_step10000,learned,2,35,multi_news,Summarization,266,6c92d02a0f3d8f3d32f6e4fb81c4ec2f86971626af26ad80,12075,8k+,21.550094065430024
learned_K2_V2_s35_step10000,learned,2,35,multi_news,Summarization,267,2c65023a50d1c41ee518d051aaa5a773cdba4630c5a85aba,10244,8k+,12.92134781500128
learned_K2_V2_s35_step10000,learned,2,35,multi_news,Summarization,268,99c30b80371a921a8a9b0cb49df4f713357a63dc17215d43,16368,8k+,23.28042279062737
learned_K2_V2_s35_step10000,learned,2,35,multi_news,Summarization,269,32122db7ae55f564f38f97c0906d82d50e82a8ab1ed9da64,11500,8k+,18.181817681818195
learned_K2_V2_s35_step10000,learned,2,35,multi_news,Summarization,270,6c6af9fdbd21aea264a79c89ccc9e00aadafbc249534cfdc,13626,8k+,28.762541312110606
learned_K2_V2_s35_step10000,learned,2,35,multi_news,Summarization,271,3e590aa29bec33a345a40b611c09e46606a11ed569e6c15a,10705,8k+,23.57894691123768
learned_K2_V2_s35_step10000,learned,2,35,multi_news,Summarization,272,3d2f56d693482abcbfa8e14df398e6d02a8e96e28c532cbb,14439,8k+,18.36734644210747
learned_K2_V2_s35_step10000,learned,2,35,multi_news,Summarization,273,855cf350caa4edbab9eff41cfb10e85cb4946c6b99af07a3,8909,8k+,20.61068654111067
learned_K2_V2_s35_step10000,learned,2,35,multi_news,Summarization,274,925eae6bd0f5e4849645069156cf5282396b7824dfb7d2b6,8570,8k+,29.74137883264901
learned_K2_V2_s35_step10000,learned,2,35,multi_news,Summarization,275,59baeee76ed425ea9c6a72d4454b239b94ba4924ff4dfa67,11143,8k+,30.769230299034696
learned_K2_V2_s35_step10000,learned,2,35,multi_news,Summarization,276,7ef8ae291a20f75f948322f978297ed50d37d60cfbd9aef4,8859,8k+,15.671641291295407
learned_K2_V2_s35_step10000,learned,2,35,multi_news,Summarization,277,727bbbc94903435f3c815c3f7f9a768ea6a75bed958a499b,11353,8k+,25.066666173240897
learned_K2_V2_s35_step10000,learned,2,35,multi_news,Summarization,278,4fca9bbd86b97f400db75c61747602326c0584c4427c3665,8642,8k+,22.797926962227184
learned_K2_V2_s35_step10000,learned,2,35,multi_news,Summarization,279,c4cf8320e9aea35ad498b6ca5170c628195fbf59e608df71,9364,8k+,21.408450208545936
learned_K2_V2_s35_step10000,learned,2,35,multi_news,Summarization,280,c98264a0d737c7b6fa05c849dbf6478898edb999de893025,8065,8k+,24.84472001664674
learned_K2_V2_s35_step10000,learned,2,35,multi_news,Summarization,281,ef7ea636cb08eb10f75d4aef09ff2d5a16263c4583e6d036,12436,8k+,23.361822862509243
learned_K2_V2_s35_step10000,learned,2,35,multi_news,Summarization,282,79e062f9caf7232a763a307b6a8bd19fc94cbf0393cee992,8827,8k+,24.848484350321407
learned_K2_V2_s35_step10000,learned,2,35,multi_news,Summarization,283,c66705ce6d727cef25c32c37fefdc94bbc61dea14455147d,11177,8k+,25.641025191029303
learned_K2_V2_s35_step10000,learned,2,35,multi_news,Summarization,284,e02f2954918c0d99d1a9691e69c9a0b67322cdb55ddcd85c,8964,8k+,14.79099628461246
learned_K2_V2_s35_step10000,learned,2,35,multi_news,Summarization,285,36d22cb2e8c77fb9faec8164461b1c8ee08a3783d06e2f97,10869,8k+,27.536231386345083
learned_K2_V2_s35_step10000,learned,2,35,multi_news,Summarization,286,ae0d3bc7bb2aae17a86d43e6a3be2fb4118ad5d4f1d07cd1,13327,8k+,21.882951154206253
learned_K2_V2_s35_step10000,learned,2,35,multi_news,Summarization,287,2ad4d5cf45396bfb434bfe4c15cadd38df9b5eca7d88a8bb,10236,8k+,17.19745173175384
learned_K2_V2_s35_step10000,learned,2,35,multi_news,Summarization,288,681ad4e4b0d8d807d19af1b98ed6281bf1f12d007c974080,8480,8k+,24.516128532778367
learned_K2_V2_s35_step10000,learned,2,35,multi_news,Summarization,289,bc7d64cd697d6337ea796624b94229516b9ff841f4567750,10405,8k+,24.761904270375418
learned_K2_V2_s35_step10000,learned,2,35,multi_news,Summarization,290,123cebeb23a94c7b3a290baaad191751d66935805a4d9e6e,9104,8k+,27.936507439173603
learned_K2_V2_s35_step10000,learned,2,35,multi_news,Summarization,291,5a4359431d2bc605786270d1b27b3f58cd7c886e33b1e6ab,11553,8k+,20.388349015317196
learned_K2_V2_s35_step10000,learned,2,35,multi_news,Summarization,292,df71a9bea55b9c0d96718d6584509aae2aa3fdb35f702a03,8472,8k+,29.569891975950984
learned_K2_V2_s35_step10000,learned,2,35,multi_news,Summarization,293,8d238de9659ccb9a26289f9ae0026cff7ced000ef58fcda1,11899,8k+,23.728813063510497
learned_K2_V2_s35_step10000,learned,2,35,trec,Few-shot,0,37ada5a32aa71f2b906e18d53a6b0e82ab87ba4590b65583,1093,0-4k,100.0
learned_K2_V2_s35_step10000,learned,2,35,trec,Few-shot,1,df03b10db69a1beab3fbdf1343e701db841fac48df1a98a2,3449,0-4k,100.0
learned_K2_V2_s35_step10000,learned,2,35,trec,Few-shot,2,d737e335f7fd3d45fd9a07f23845711d21ce9dc038223ddf,3301,0-4k,100.0
learned_K2_V2_s35_step10000,learned,2,35,trec,Few-shot,3,40baa4766047cbbb543226998d7748c3140e8103efa2dcd6,1138,0-4k,0.0
learned_K2_V2_s35_step10000,learned,2,35,trec,Few-shot,4,62688dc5e30342cd7187ae479288426b1b428deac7aa7475,2636,0-4k,100.0
learned_K2_V2_s35_step10000,learned,2,35,trec,Few-shot,5,21c2f78a7e1b691f6d4ef789173f793c9f5cdec5d0dc65fc,1192,0-4k,100.0
learned_K2_V2_s35_step10000,learned,2,35,trec,Few-shot,6,7d9e6fb8b13da9cbdb9b68a727a1d563c29e85d0caf06b47,3077,0-4k,0.0
learned_K2_V2_s35_step10000,learned,2,35,trec,Few-shot,7,c3c32af8000a37fd732810ea4f05a24fe184e7b81e6875f2,815,0-4k,0.0
learned_K2_V2_s35_step10000,learned,2,35,trec,Few-shot,8,d5c9beedd5762aded651031b86e781db2dfda2c183e5447d,3174,0-4k,100.0
learned_K2_V2_s35_step10000,learned,2,35,trec,Few-shot,9,21d24478b75563ed4b4f34a7243684f591ee3376f89dc0cf,1323,0-4k,100.0
learned_K2_V2_s35_step10000,learned,2,35,trec,Few-shot,10,e660419e55969f5f323ad0dd25559df5127ac5ec4d792757,1967,0-4k,100.0
learned_K2_V2_s35_step10000,learned,2,35,trec,Few-shot,11,d283dc56865539cced5ee86f61e03296434babf4134ac492,3586,0-4k,100.0
learned_K2_V2_s35_step10000,learned,2,35,trec,Few-shot,12,0c65aac0b0df9df0dacdc70b054d75c836cabdb5471a2c00,3193,0-4k,100.0
learned_K2_V2_s35_step10000,learned,2,35,trec,Few-shot,13,bd02a7d391b34c4b158c381bc4b6bcbfc84bd5260a4dd718,1040,0-4k,0.0
learned_K2_V2_s35_step10000,learned,2,35,trec,Few-shot,14,84ff8506c130bf6985e0b423cc9fd841c21c64a8a79dc8d4,3454,0-4k,100.0
learned_K2_V2_s35_step10000,learned,2,35,trec,Few-shot,15,00bdd19a5f75ed386ea9a5bd5941e2ffaaebf2a447d5a294,1299,0-4k,100.0
learned_K2_V2_s35_step10000,learned,2,35,trec,Few-shot,16,7fc9a3c7417bd1de2e3dccd3e5c7044eb9cbfe4e6f45841f,3925,0-4k,100.0
learned_K2_V2_s35_step10000,learned,2,35,trec,Few-shot,17,a73f9622799addf2bea4304a8772b05f77dbde5ccb9ab240,3609,0-4k,100.0
learned_K2_V2_s35_step10000,learned,2,35,trec,Few-shot,18,e61fc1b69e987bbb38ad20c037bf33d3a0603f8d330a9b5f,1045,0-4k,100.0
learned_K2_V2_s35_step10000,learned,2,35,trec,Few-shot,19,1256ab95ac3bb8836c5143fe28b4eee4c50ede485801de68,2824,0-4k,0.0
learned_K2_V2_s35_step10000,learned,2,35,trec,Few-shot,20,15b9a0e65f5d63a1bd8e2a7011be96c28593401281a1737a,2270,0-4k,0.0
learned_K2_V2_s35_step10000,learned,2,35,trec,Few-shot,21,66973bc5aa3d8128ae0ff6203a825cc0ab11cbd19af2f2a4,2378,0-4k,100.0
learned_K2_V2_s35_step10000,learned,2,35,trec,Few-shot,22,7c23598d1969c809dc61b21067f96177bbc1276e54dfbb8b,1990,0-4k,0.0
learned_K2_V2_s35_step10000,learned,2,35,trec,Few-shot,23,2c803c3186a4e1274de0fd098886ecd042b944e8337a4b85,808,0-4k,0.0
learned_K2_V2_s35_step10000,learned,2,35,trec,Few-shot,24,4889ccd2b4d2920490066e05f9850b226f9e8c037862d630,2640,0-4k,100.0
learned_K2_V2_s35_step10000,learned,2,35,trec,Few-shot,25,68494dc8c7c64fbdf4abdba7d18e3caf02a4c30dc0d11c7f,2235,0-4k,100.0
learned_K2_V2_s35_step10000,learned,2,35,trec,Few-shot,26,9946e7057309cc6a5178c200d31bbc6b6d14b298700b4c77,2430,0-4k,100.0
learned_K2_V2_s35_step10000,learned,2,35,trec,Few-shot,27,3f210c79fb95d23d329ead587ff0c8bf452bbae7f8abab01,1128,0-4k,0.0
learned_K2_V2_s35_step10000,learned,2,35,trec,Few-shot,28,c4aa8c23d63b2888f14928352f12d04a28e553b22197a188,2078,0-4k,100.0
learned_K2_V2_s35_step10000,learned,2,35,trec,Few-shot,29,1d03483680feacd45ac2d98f45ad6d7da6602b225d4170c8,2544,0-4k,0.0
learned_K2_V2_s35_step10000,learned,2,35,trec,Few-shot,30,5d8a9782c9331bc3e4fa863e10a4733d79a24b4e0ee2a0ba,1626,0-4k,0.0
learned_K2_V2_s35_step10000,learned,2,35,trec,Few-shot,31,3e17d816c8a63d4e67b69c6222c4003208218b070b0cf3db,2866,0-4k,100.0
learned_K2_V2_s35_step10000,learned,2,35,trec,Few-shot,32,a208cb2e43d1ed4ff69bd69e39e27ae21d2bb33a020f2cfc,2655,0-4k,0.0
learned_K2_V2_s35_step10000,learned,2,35,trec,Few-shot,33,146826ad2a404abd00a94fe3f8adde6876b499234a602f2f,2212,0-4k,0.0
learned_K2_V2_s35_step10000,learned,2,35,trec,Few-shot,34,739a6e9805d027428e9a688a0a9493ab11ebfab966c8097e,3494,0-4k,100.0
learned_K2_V2_s35_step10000,learned,2,35,trec,Few-shot,35,cf44f50f02719ada5c6ca386183b52a0c42550bdb7165205,2907,0-4k,100.0
learned_K2_V2_s35_step10000,learned,2,35,trec,Few-shot,36,5c80b4970e4e81dc421a11a6f349944a5951ce7d37138bac,3320,0-4k,100.0
learned_K2_V2_s35_step10000,learned,2,35,trec,Few-shot,37,000cbbd276a0783e96e7b1bdac8c038e26aced25ee9157d7,987,0-4k,100.0
learned_K2_V2_s35_step10000,learned,2,35,trec,Few-shot,38,18bc8db5972a262bb1887ab9e28eb186ee0cae46872178b4,1670,0-4k,0.0
learned_K2_V2_s35_step10000,learned,2,35,trec,Few-shot,39,4721bfff9aa6ee1c5b9737c7888d75537210d4c301f19fa2,3349,0-4k,0.0
learned_K2_V2_s35_step10000,learned,2,35,trec,Few-shot,40,03a75ed7e84617b2520fdce403832b3f3ca515a2de4e5fbe,1102,0-4k,100.0
learned_K2_V2_s35_step10000,learned,2,35,trec,Few-shot,41,9fbd7ac098ed29cb3e1c81084c512f52b33c963dc1d75265,1329,0-4k,0.0
learned_K2_V2_s35_step10000,learned,2,35,trec,Few-shot,42,461788fd69a99e5f89905760c0f8650e9bc1d75cc68e9c4f,3349,0-4k,100.0
learned_K2_V2_s35_step10000,learned,2,35,trec,Few-shot,43,d45071af7c0eee893b0c716e6848499c6ce3497eb9f22abb,3576,0-4k,100.0
learned_K2_V2_s35_step10000,learned,2,35,trec,Few-shot,44,d5eedab3ea042c1c08dc641703128ae000c375975c37a2b8,3314,0-4k,100.0
learned_K2_V2_s35_step10000,learned,2,35,trec,Few-shot,45,eaeba0c805904cea6c3b89f9067d4dd6e35d9914c2dd9d5b,2503,0-4k,100.0
learned_K2_V2_s35_step10000,learned,2,35,trec,Few-shot,46,f22beadff20b7f9e53d6b956dabb1c50563e481f098f8c98,1054,0-4k,0.0
learned_K2_V2_s35_step10000,learned,2,35,trec,Few-shot,47,f19f00ecedfed2f4ed6bd87c1ea239d0a369c7d1b1e4173b,3721,0-4k,0.0
learned_K2_V2_s35_step10000,learned,2,35,trec,Few-shot,48,f7c6f844b06e8bc924cfe7803a600c39727a3664eea8437c,746,0-4k,100.0
learned_K2_V2_s35_step10000,learned,2,35,trec,Few-shot,49,7dfc677d5d152f68d56844b67c26eae5ade79afb3e99f801,3725,0-4k,0.0
learned_K2_V2_s35_step10000,learned,2,35,trec,Few-shot,50,6920dc5ab1fc7c4eb0768f2ac5ba7f65fa1ad44168b31380,1870,0-4k,100.0
learned_K2_V2_s35_step10000,learned,2,35,trec,Few-shot,51,3d4dc80b1c9866bfb630c7d6cf48f993abded0a7dda95612,1921,0-4k,100.0
learned_K2_V2_s35_step10000,learned,2,35,trec,Few-shot,52,d3e1dcadd28bf1a4b036c1669fb527ec547d0bd80dbfed1a,1742,0-4k,0.0
learned_K2_V2_s35_step10000,learned,2,35,trec,Few-shot,53,6ae279e06bb45ad1dbaf412f956a018d363cdc1f6d7329dd,1696,0-4k,100.0
learned_K2_V2_s35_step10000,learned,2,35,trec,Few-shot,54,e81063916b2de11e44c8a5e17061f930064566097744110e,2328,0-4k,0.0
learned_K2_V2_s35_step10000,learned,2,35,trec,Few-shot,55,0074204de5a6f82e4932c137c0d654f0119265b40828309c,1746,0-4k,100.0
learned_K2_V2_s35_step10000,learned,2,35,trec,Few-shot,56,0ca1752026a4d97eefda78e5af2a062dd953311a0c4cc88e,3809,0-4k,0.0
learned_K2_V2_s35_step10000,learned,2,35,trec,Few-shot,57,5c940fc687fb4ea5e04bfeed128601b7794d62111dbb257c,1058,0-4k,0.0
learned_K2_V2_s35_step10000,learned,2,35,trec,Few-shot,58,4060ef089906f8090a7c706290292b0553e2314e407106a5,3389,0-4k,0.0
learned_K2_V2_s35_step10000,learned,2,35,trec,Few-shot,59,5c1b1f677c29055827b0ebb3927f776026b40d18c18d7fdf,3563,0-4k,0.0
learned_K2_V2_s35_step10000,learned,2,35,trec,Few-shot,60,6d4d182000c451bec72c390a9cc6240d1d6d787888507a3f,819,0-4k,0.0
learned_K2_V2_s35_step10000,learned,2,35,trec,Few-shot,61,e4416d9871d9eb0d99b2d6b0eb13812ece07db49063ac175,1450,0-4k,100.0
learned_K2_V2_s35_step10000,learned,2,35,trec,Few-shot,62,308ac215d767aca4aa6b5e88582e82ac3c8766563dddc971,1224,0-4k,0.0
learned_K2_V2_s35_step10000,learned,2,35,trec,Few-shot,63,67e0121d83e2b8f3f87ece5a9c26d92cfde36a552b0067c9,1229,0-4k,100.0
learned_K2_V2_s35_step10000,learned,2,35,trec,Few-shot,64,6ca9796e90b35732f2cb065253bb25cd5fea45cb4b9fbb6b,3988,0-4k,100.0
learned_K2_V2_s35_step10000,learned,2,35,trec,Few-shot,65,46277319e9552e62f870ccefb9cc905c5d00813866e923e7,1843,0-4k,0.0
learned_K2_V2_s35_step10000,learned,2,35,trec,Few-shot,66,f90df17e4122b728a6b93c319d99abe5051761551ab9383a,1602,0-4k,100.0
learned_K2_V2_s35_step10000,learned,2,35,trec,Few-shot,67,68092da2a4729b3ceec74cdbeee8f882103816527070990f,3432,0-4k,100.0
learned_K2_V2_s35_step10000,learned,2,35,trec,Few-shot,68,cc1fd9655676aa4001298d0d4635d157b581cae5718c9356,1623,0-4k,100.0
learned_K2_V2_s35_step10000,learned,2,35,trec,Few-shot,69,a5d6f6e9587c607bdc44ebac221ffba75123bf2f07e2162a,884,0-4k,0.0
learned_K2_V2_s35_step10000,learned,2,35,trec,Few-shot,70,e944823f527a6856cff5bbe8a61b922b22a9eeff2c3c80aa,3787,0-4k,100.0
learned_K2_V2_s35_step10000,learned,2,35,trec,Few-shot,71,eaff86ddc0602001d7010d77157cb05431c313b7a51feb01,3743,0-4k,100.0
learned_K2_V2_s35_step10000,learned,2,35,trec,Few-shot,72,6bf7613c871a1cf7b019fcb13e622e34b8d5f1b2130ca617,2594,0-4k,100.0
learned_K2_V2_s35_step10000,learned,2,35,trec,Few-shot,73,e1acdf8bc70360b3450db3f445787253ef82e47ad92801af,2661,0-4k,0.0
learned_K2_V2_s35_step10000,learned,2,35,trec,Few-shot,74,2b2f0ca1e20f6ff8114ae89d62d0f7d510a6d50aac79de79,3083,0-4k,100.0
learned_K2_V2_s35_step10000,learned,2,35,trec,Few-shot,75,1a30dab66377ea5fae4c30e3eb58b8db9c7b56011b8eeb55,2880,0-4k,0.0
learned_K2_V2_s35_step10000,learned,2,35,trec,Few-shot,76,3224876a6b70a8e3e635cf65c150705e62f8e739a1c04c7d,3519,0-4k,100.0
learned_K2_V2_s35_step10000,learned,2,35,trec,Few-shot,77,132ca4e56241140797d3153d618d254a15a41bd3d5ce936b,1395,0-4k,0.0
learned_K2_V2_s35_step10000,learned,2,35,trec,Few-shot,78,29f2ff6cdf9a399e99ff9d965a68e61f47db0917bb73b4bc,1563,0-4k,100.0
learned_K2_V2_s35_step10000,learned,2,35,trec,Few-shot,79,8aaf0d6fd5b8bc24e21328d23bf3b47114761a1e00b5cf2b,1610,0-4k,100.0
learned_K2_V2_s35_step10000,learned,2,35,trec,Few-shot,80,d8c3b3d8d70e0ee13ed66bf3117c19f4c2dddde0ab129424,3304,0-4k,100.0
learned_K2_V2_s35_step10000,learned,2,35,trec,Few-shot,81,50b0727a8d2d3aa9ebdc8e9f32b2b2dc322355758a94f5c7,1619,0-4k,0.0
learned_K2_V2_s35_step10000,learned,2,35,trec,Few-shot,82,eb548665f583ae753fa16467442291d1c7269175640acd88,3981,0-4k,100.0
learned_K2_V2_s35_step10000,learned,2,35,trec,Few-shot,83,ce50cdb71513f617f6b0d478b1814c913e97c9b0fd1938ef,1017,0-4k,100.0
learned_K2_V2_s35_step10000,learned,2,35,trec,Few-shot,84,4db36be19060fa5f208a897712f3a92ab72c0037eff11550,2714,0-4k,0.0
learned_K2_V2_s35_step10000,learned,2,35,trec,Few-shot,85,e43c1a5bf319b3a969871d6624100a04e12cf10db6410991,2815,0-4k,0.0
learned_K2_V2_s35_step10000,learned,2,35,trec,Few-shot,86,86d546fcbaf6cc0222ca8b582f7a34ba97cff503adc675d0,3872,0-4k,0.0
learned_K2_V2_s35_step10000,learned,2,35,trec,Few-shot,87,00d89171ccd33d74d91ade71aa13472c0c5167620f61a1db,3630,0-4k,0.0
learned_K2_V2_s35_step10000,learned,2,35,trec,Few-shot,88,481c3cee7ff60c4ae9263d8ff692ee4c855c317781fdb574,1272,0-4k,100.0
learned_K2_V2_s35_step10000,learned,2,35,trec,Few-shot,89,d3aa20c4c8d175a76a5d4ae23e5d562b1a9bfc6f0fad956f,1322,0-4k,100.0
learned_K2_V2_s35_step10000,learned,2,35,trec,Few-shot,90,cc60f81dd326ff09f58f43be2dce0697c64584436e134134,2738,0-4k,0.0
learned_K2_V2_s35_step10000,learned,2,35,trec,Few-shot,91,b3a8ce4f30c4a63469a0962d399578dd19822991df5f0c8f,3201,0-4k,100.0
learned_K2_V2_s35_step10000,learned,2,35,trec,Few-shot,92,981f2f24bc0aa30712e0a70188dead5c69809b77c84675ee,3034,0-4k,100.0
learned_K2_V2_s35_step10000,learned,2,35,trec,Few-shot,93,079dd8f6c84901a1045879a85d96693d9e7dd705da76e558,1154,0-4k,100.0
learned_K2_V2_s35_step10000,learned,2,35,trec,Few-shot,94,d1b12e1faba4b29cec17d78d0ae53f7d85433c4ec578c924,2316,0-4k,100.0
learned_K2_V2_s35_step10000,learned,2,35,trec,Few-shot,95,b967a4b44305ea8742c859228f75ab758ee3010ca106413b,2941,0-4k,100.0
learned_K2_V2_s35_step10000,learned,2,35,trec,Few-shot,96,48bc43cd5d201e2e0b946d7a698c57d60a243df5d687de12,3238,0-4k,0.0
learned_K2_V2_s35_step10000,learned,2,35,trec,Few-shot,97,483d36e9e9465600f4a862f1f3c3e967c9b5038b91fcfde8,2844,0-4k,0.0
learned_K2_V2_s35_step10000,learned,2,35,trec,Few-shot,98,f6928484791855eaafa05bf0e14fda717f1326cd4a5b954d,1764,0-4k,100.0
learned_K2_V2_s35_step10000,learned,2,35,trec,Few-shot,99,018e31364b25fa5765b72b046540d7aa47ea3510a226b71e,2112,0-4k,0.0
learned_K2_V2_s35_step10000,learned,2,35,trec,Few-shot,100,3b24f23cb02226ef6f6e2f738626b55fb558e32d7766d8d1,6430,4-8k,0.0
learned_K2_V2_s35_step10000,learned,2,35,trec,Few-shot,101,a1c964702b1d4bc09a734ccd4957fe5f6ee031d0f288cf40,4870,4-8k,100.0
learned_K2_V2_s35_step10000,learned,2,35,trec,Few-shot,102,7251500f72710ca72783a609b2f89375857258fb74e3aec4,4049,4-8k,100.0
learned_K2_V2_s35_step10000,learned,2,35,trec,Few-shot,103,1534a0cf8f4004c66f8d53a2492af37a5f5ed1ead384a0fa,5037,4-8k,100.0
learned_K2_V2_s35_step10000,learned,2,35,trec,Few-shot,104,a88195c3c1e4547b09f774c381e0609be75acc9547168d0e,6569,4-8k,100.0
learned_K2_V2_s35_step10000,learned,2,35,trec,Few-shot,105,da8974387b8257cf36d89a6de731401708800d616a743629,6613,4-8k,100.0
learned_K2_V2_s35_step10000,learned,2,35,trec,Few-shot,106,d98f9cf9fd1c559d3c5689dcaf10466dee67e6357fe9744a,6823,4-8k,0.0
learned_K2_V2_s35_step10000,learned,2,35,trec,Few-shot,107,04067f8ca06a86d82f165364cd696629f138f14a06e1afe9,7790,4-8k,100.0
learned_K2_V2_s35_step10000,learned,2,35,trec,Few-shot,108,b043d930e85cc26a03cace6f9fdabcd1c56263eca9f31bff,4190,4-8k,100.0
learned_K2_V2_s35_step10000,learned,2,35,trec,Few-shot,109,91c3702d9b848f0b68ac10c98c2fa7292a0ad2f91f6a924b,5376,4-8k,0.0
learned_K2_V2_s35_step10000,learned,2,35,trec,Few-shot,110,d0a8d0fa039e5627a905e3fff798989b1b22e9584c123a55,5032,4-8k,0.0
learned_K2_V2_s35_step10000,learned,2,35,trec,Few-shot,111,c780f7e58052f4278cc5d3e8108accc4f31a4440fa8332af,6393,4-8k,100.0
learned_K2_V2_s35_step10000,learned,2,35,trec,Few-shot,112,c3a645e685cb9106b3964c1569558c168a14fbc5411de63a,7362,4-8k,100.0
learned_K2_V2_s35_step10000,learned,2,35,trec,Few-shot,113,2d3decd7c5e7a0daaa9be62250b942181e10155b35f2a4bb,4314,4-8k,0.0
learned_K2_V2_s35_step10000,learned,2,35,trec,Few-shot,114,ea94d7e0583c781d5315d6c2b18360f68dbb193970c46a3a,6038,4-8k,100.0
learned_K2_V2_s35_step10000,learned,2,35,trec,Few-shot,115,047e72df3b20b45f9d12a1e9ebde2f68543874f9dc47408b,7983,4-8k,0.0
learned_K2_V2_s35_step10000,learned,2,35,trec,Few-shot,116,33d23ee379e8b0ef3f0ebdae3fadb74eb39fa80cb759237b,7624,4-8k,100.0
learned_K2_V2_s35_step10000,learned,2,35,trec,Few-shot,117,b2dd53b1174c0d5199840d4c4a5027129016506708dd7ed2,6399,4-8k,100.0
learned_K2_V2_s35_step10000,learned,2,35,trec,Few-shot,118,3359d75c3d48898cc401d4f40a784e1e50db579892f79a62,4799,4-8k,100.0
learned_K2_V2_s35_step10000,learned,2,35,trec,Few-shot,119,f5bfddd2fece4be4fa362a8488c27697d145d956ce263073,4562,4-8k,100.0
learned_K2_V2_s35_step10000,learned,2,35,trec,Few-shot,120,8659604bd54ba8899bbc8e9f91cd76b9e5f591bf1558addd,7701,4-8k,100.0
learned_K2_V2_s35_step10000,learned,2,35,trec,Few-shot,121,94a8661be1cf2e682bd868625ca4a8d010dff98320a96ae4,7071,4-8k,100.0
learned_K2_V2_s35_step10000,learned,2,35,trec,Few-shot,122,4029f6395e9048f5f683b213797a38915b76ecfeaf5c9972,6112,4-8k,0.0
learned_K2_V2_s35_step10000,learned,2,35,trec,Few-shot,123,7d9045e583add8b7d96f688cea44c79f0de78cf5e8baf006,5620,4-8k,100.0
learned_K2_V2_s35_step10000,learned,2,35,trec,Few-shot,124,515749c999fc11267e44295d0098d503d23e2b6057457f4c,5430,4-8k,0.0
learned_K2_V2_s35_step10000,learned,2,35,trec,Few-shot,125,38595c21ed5dfd17fdc30c4a71647d67568ea09e52abb406,6381,4-8k,100.0
learned_K2_V2_s35_step10000,learned,2,35,trec,Few-shot,126,7c835b9977ad40ca15ac8764cc44bca7263a33d27906fd2f,5849,4-8k,0.0
learned_K2_V2_s35_step10000,learned,2,35,trec,Few-shot,127,a6480d55c324790d692cf500a9edd062f7852bbbddca2e1f,4524,4-8k,100.0
learned_K2_V2_s35_step10000,learned,2,35,trec,Few-shot,128,46d7ef5efe1f16c5232e719f1b62f7480a27f753de01874f,6505,4-8k,100.0
learned_K2_V2_s35_step10000,learned,2,35,trec,Few-shot,129,57c88575ffedab88e8cb704933363d23d4dbdda76193c3fb,5328,4-8k,100.0
learned_K2_V2_s35_step10000,learned,2,35,trec,Few-shot,130,205dcfa17ddcc18d23777ed3094a06ae1d609eb4c4113c5a,6842,4-8k,100.0
learned_K2_V2_s35_step10000,learned,2,35,trec,Few-shot,131,136435c9ee9baf7acc297fbe8ab901c4b43b2485b151dd95,7702,4-8k,100.0
learned_K2_V2_s35_step10000,learned,2,35,trec,Few-shot,132,167b5426a284198ca6ac7a76ae5c545f18a2b9dc7ef7ddea,7271,4-8k,100.0
learned_K2_V2_s35_step10000,learned,2,35,trec,Few-shot,133,ef0ae8f94c1a1c52fdf33757247f76967fa6ab78091af24b,5317,4-8k,100.0
learned_K2_V2_s35_step10000,learned,2,35,trec,Few-shot,134,2f884872dc18b6360c3fb0de41b17f288ee0834d3f34bff4,4711,4-8k,100.0
learned_K2_V2_s35_step10000,learned,2,35,trec,Few-shot,135,fac553ce8a7c108a1de56506c4c2e3f2324ee3ba2e568c48,5695,4-8k,100.0
learned_K2_V2_s35_step10000,learned,2,35,trec,Few-shot,136,ba6d2d5af063f31cb149cbda9e9beab01de7af583af0c214,7264,4-8k,100.0
learned_K2_V2_s35_step10000,learned,2,35,trec,Few-shot,137,97b7a005d77ba555139b13e36540c4a184f665d8e59b5c63,5866,4-8k,100.0
learned_K2_V2_s35_step10000,learned,2,35,trec,Few-shot,138,7ff90e43c609a8775c6c9cfda28512a962956833a3afc212,6594,4-8k,100.0
learned_K2_V2_s35_step10000,learned,2,35,trec,Few-shot,139,3c7f85d2d7e731a7d8b88e6adf81de079507c57a9de30414,6356,4-8k,100.0
learned_K2_V2_s35_step10000,learned,2,35,trec,Few-shot,140,2b49f773a00a252824e51703b83dc9bc8066c5d1dbd0af0f,6795,4-8k,100.0
learned_K2_V2_s35_step10000,learned,2,35,trec,Few-shot,141,2f430bd7590a63da52d1de97399425187c50b3f4aa31e76b,5353,4-8k,0.0
learned_K2_V2_s35_step10000,learned,2,35,trec,Few-shot,142,8530cde5f502247e2a2b43883ccffe213ea281147f0bd6c1,4702,4-8k,100.0
learned_K2_V2_s35_step10000,learned,2,35,trec,Few-shot,143,71633c0f6ed6a2e8e85e700040de594a18e850343a370214,4501,4-8k,0.0
learned_K2_V2_s35_step10000,learned,2,35,trec,Few-shot,144,d48bdadde67f73518786f0df7a1f2e79d58b6615ce9985b6,6553,4-8k,100.0
learned_K2_V2_s35_step10000,learned,2,35,trec,Few-shot,145,4027c8f3e8d129cc4fa885511e1413bf9ea55ac6f5fec884,4161,4-8k,100.0
learned_K2_V2_s35_step10000,learned,2,35,trec,Few-shot,146,e3c4d8887cd3d87222e531a3338dcb65c9afbb8945388982,7877,4-8k,100.0
learned_K2_V2_s35_step10000,learned,2,35,trec,Few-shot,147,334bf7924ab500f10b8fcdb06062a2e81150d3669be26bf9,4372,4-8k,100.0
learned_K2_V2_s35_step10000,learned,2,35,trec,Few-shot,148,654e92e7f6abd5428f55061ee584ced7dfb4a2b2611c440c,6451,4-8k,100.0
learned_K2_V2_s35_step10000,learned,2,35,trec,Few-shot,149,be012d8ec9ecb6f924d8ae8001eda13fdf65ffdbd1332a81,7331,4-8k,100.0
learned_K2_V2_s35_step10000,learned,2,35,trec,Few-shot,150,c2d2cee674504295a25bc73db0b361641b50a1325ce8a308,4194,4-8k,0.0
learned_K2_V2_s35_step10000,learned,2,35,trec,Few-shot,151,6e70bede9da423c098179dd992a1c019ce1810d9a1a7767b,5424,4-8k,0.0
learned_K2_V2_s35_step10000,learned,2,35,trec,Few-shot,152,a64cf571e7f6f15870f7ee31da2427ac2f4183e6616d3b14,7138,4-8k,100.0
learned_K2_V2_s35_step10000,learned,2,35,trec,Few-shot,153,062aaffcb762ca5559b3f11c9a7f9d28133ccf814df7be2f,4835,4-8k,100.0
learned_K2_V2_s35_step10000,learned,2,35,trec,Few-shot,154,d26298ed658704328cfa0e3cefbc74d8bb9a2a1669f28d1d,7783,4-8k,100.0
learned_K2_V2_s35_step10000,learned,2,35,trec,Few-shot,155,907e96acdaa8343c0646bc138a4cec4a70b60728894d7817,4371,4-8k,100.0
learned_K2_V2_s35_step10000,learned,2,35,trec,Few-shot,156,bcbffe17ceec28da3eb6fa709b12c30926867319d49c299a,7718,4-8k,0.0
learned_K2_V2_s35_step10000,learned,2,35,trec,Few-shot,157,ad3a0f37af7e9df6a117d0c558a5f1f8a6d903eab9a3e188,5118,4-8k,0.0
learned_K2_V2_s35_step10000,learned,2,35,trec,Few-shot,158,c7898d7f30d63f9eb641d8d12611c113e7da23ebfd0a75a0,6884,4-8k,100.0
learned_K2_V2_s35_step10000,learned,2,35,trec,Few-shot,159,93d19f1f81db95b3a1c5b2fc098973de242ec19e9eb3f266,5754,4-8k,100.0
learned_K2_V2_s35_step10000,learned,2,35,trec,Few-shot,160,555c27c6c1b5c9c211f002305c32ee1a2aceffbdd4dbb147,4214,4-8k,100.0
learned_K2_V2_s35_step10000,learned,2,35,trec,Few-shot,161,3e34947d55c7afe595d09530ff519cb6cc02c09fd804a74e,5142,4-8k,0.0
learned_K2_V2_s35_step10000,learned,2,35,trec,Few-shot,162,84335c91ee227d9381288bf67a9a34585e2f468b214b0d15,5540,4-8k,100.0
learned_K2_V2_s35_step10000,learned,2,35,trec,Few-shot,163,97674cda8a07805819c70f7b8b2db02a1f4cccbaec0c6038,7188,4-8k,100.0
learned_K2_V2_s35_step10000,learned,2,35,trec,Few-shot,164,2e2edce8b64916d1a6a8a454a310c923b3cd04b963e6811b,7250,4-8k,100.0
learned_K2_V2_s35_step10000,learned,2,35,trec,Few-shot,165,e98774b7ed8318a2aaf9c9cfd7d2666c6bc6214da8bae1f5,4241,4-8k,0.0
learned_K2_V2_s35_step10000,learned,2,35,trec,Few-shot,166,bdb0869eef5dc63a1ce764131748e9c0c51245fdf7dffb02,6672,4-8k,100.0
learned_K2_V2_s35_step10000,learned,2,35,trec,Few-shot,167,4a318078c552864ccd4dbc99ac5b3c21c509258d4bffd94d,7299,4-8k,0.0
learned_K2_V2_s35_step10000,learned,2,35,trec,Few-shot,168,ce7f21253f5b6998c0649a4315be625c7a9c0ff6e327e9ff,5440,4-8k,100.0
learned_K2_V2_s35_step10000,learned,2,35,trec,Few-shot,169,d4cd648b59acb911f9862234d3d23007ed063614cede02b1,4642,4-8k,100.0
learned_K2_V2_s35_step10000,learned,2,35,trec,Few-shot,170,62610f7d831f12b3ce9c466dccc2aba5f93839dd0abc9bc5,4814,4-8k,0.0
learned_K2_V2_s35_step10000,learned,2,35,trec,Few-shot,171,edcb2dbd826a447417d2a219848fb6405f4f7174641aa1e5,4255,4-8k,0.0
learned_K2_V2_s35_step10000,learned,2,35,trec,Few-shot,172,c54b4dda18bcd3c86798f673857e54a1b55035dcf3bc6285,5236,4-8k,100.0
learned_K2_V2_s35_step10000,learned,2,35,trec,Few-shot,173,2c55cee4ca19b0228d7fc3bf213143eb1b2c9e659410bb32,5810,4-8k,100.0
learned_K2_V2_s35_step10000,learned,2,35,trec,Few-shot,174,442dc17cdf684975b5edf810e3f7eaadef34c40f0b59c162,7383,4-8k,100.0
learned_K2_V2_s35_step10000,learned,2,35,trec,Few-shot,175,fee1d49dabfe3c43a89947d6932c20cf9fdf0b359d48039e,7433,4-8k,100.0
learned_K2_V2_s35_step10000,learned,2,35,trec,Few-shot,176,9675fef9b4fe163692b249c040670706b17cd5d1bb99dbae,7085,4-8k,100.0
learned_K2_V2_s35_step10000,learned,2,35,trec,Few-shot,177,cfeca2b089f80691984685165a6ca899925c9a0de9ea1c82,5062,4-8k,100.0
learned_K2_V2_s35_step10000,learned,2,35,trec,Few-shot,178,a35bb195b7e3776af77e2cfeaef4ab133e0b6a227ebcd937,5747,4-8k,100.0
learned_K2_V2_s35_step10000,learned,2,35,trec,Few-shot,179,3d24aa7e7377dd3e41c89096e8ca95fda2cfc71205d3617b,7876,4-8k,0.0
learned_K2_V2_s35_step10000,learned,2,35,trec,Few-shot,180,89cc3be8275670235382381c544b8f749a1e7a7cda03dc83,4094,4-8k,0.0
learned_K2_V2_s35_step10000,learned,2,35,trec,Few-shot,181,77d830a673820558be81adf3a89d36f123aece8bdfe791e1,7394,4-8k,0.0
learned_K2_V2_s35_step10000,learned,2,35,trec,Few-shot,182,2243fc11d9985728ccd7b667cb920d5fc22eb26ef03d8c01,4605,4-8k,100.0
learned_K2_V2_s35_step10000,learned,2,35,trec,Few-shot,183,f6d3c92d21c053cfbb18ae6d19a63b1394570d2b8893c482,6085,4-8k,0.0
learned_K2_V2_s35_step10000,learned,2,35,trec,Few-shot,184,c771efaaaa65f424accdf148fe2d7392d9b9367e368949f0,7877,4-8k,100.0
learned_K2_V2_s35_step10000,learned,2,35,trec,Few-shot,185,be3fdb069dd3b070468b595f581bb653bbc5f91304ee5d3b,6622,4-8k,100.0
learned_K2_V2_s35_step10000,learned,2,35,trec,Few-shot,186,069032c6bf96e26e56bb810a655bd09af87ab639cbcaa56b,6615,4-8k,100.0
learned_K2_V2_s35_step10000,learned,2,35,trec,Few-shot,187,ea8fcb2ba61055dda735f829215a77c20c2a2b1d35e5c22a,5134,4-8k,100.0
learned_K2_V2_s35_step10000,learned,2,35,trec,Few-shot,188,099dc6f0b644df54a941b3b679a687b35248d76fc85d319c,6401,4-8k,100.0
learned_K2_V2_s35_step10000,learned,2,35,trec,Few-shot,189,734f1501c0004bce496ba3f2491c745753fdd51c0225382a,4973,4-8k,0.0
learned_K2_V2_s35_step10000,learned,2,35,trec,Few-shot,190,9ec92bc9a565f0f8c2d066835334179d9d459e381596c1c5,7797,4-8k,100.0
learned_K2_V2_s35_step10000,learned,2,35,trec,Few-shot,191,f47939830736693550562fc4175300ca187e950624716588,5778,4-8k,100.0
learned_K2_V2_s35_step10000,learned,2,35,trec,Few-shot,192,0c625d9e4abd8c39548ebd7d0d4024bbb55eca5d07e62a1b,6928,4-8k,100.0
learned_K2_V2_s35_step10000,learned,2,35,trec,Few-shot,193,0023905a3e6bf9fc386fc43dbdc2f7aa7ed15e6f45098305,4022,4-8k,100.0
learned_K2_V2_s35_step10000,learned,2,35,trec,Few-shot,194,918ee8ad13b1b12aca96b76a0c0013162100d8851cc9a74e,5653,4-8k,100.0
learned_K2_V2_s35_step10000,learned,2,35,trec,Few-shot,195,4d03cbc7314e3a389dca377ce87c9ec4258c7fe43aec20c9,6215,4-8k,100.0
learned_K2_V2_s35_step10000,learned,2,35,trec,Few-shot,196,09f692cea356fed7f1ab1821256e7b3b965e31325b1eb027,6073,4-8k,100.0
learned_K2_V2_s35_step10000,learned,2,35,trec,Few-shot,197,50456a7c27c94c95d96ef4d681ba513cda242b95dc75f3a1,4038,4-8k,100.0
learned_K2_V2_s35_step10000,learned,2,35,trec,Few-shot,198,25f8ee01870d4f76f2554be60627124192b6461c328dc05a,6630,4-8k,100.0
learned_K2_V2_s35_step10000,learned,2,35,trec,Few-shot,199,94c912d844649c333e88d675191216d264d29e2901d1c215,6009,4-8k,100.0
learned_K2_V2_s35_step10000,learned,2,35,trec,Few-shot,200,0e230470a8a6d4474c583da5a0eeb4f2331752f44c624c04,8735,8k+,100.0
learned_K2_V2_s35_step10000,learned,2,35,trec,Few-shot,201,bc2ccda7eb5aff4c837dd84794da989c9099b692183ae3cb,12604,8k+,0.0
learned_K2_V2_s35_step10000,learned,2,35,trec,Few-shot,202,516ceaa79f2964227decc8b62e1924532bcab71dfcd02161,12284,8k+,100.0
learned_K2_V2_s35_step10000,learned,2,35,trec,Few-shot,203,750e50e6904ec7d16da3e16c81d392fad299f3bda2860189,10644,8k+,100.0
learned_K2_V2_s35_step10000,learned,2,35,trec,Few-shot,204,ae4cc6dd54de82c93ecd6c6d139386e206f44c5cc61c802c,11578,8k+,0.0
learned_K2_V2_s35_step10000,learned,2,35,trec,Few-shot,205,a0eb41542118b995f7307113aa5620058223fb8621637170,10730,8k+,100.0
learned_K2_V2_s35_step10000,learned,2,35,trec,Few-shot,206,9de729a8f3f2817e417b4ac0ea3812d988fed35c66e225be,9264,8k+,100.0
learned_K2_V2_s35_step10000,learned,2,35,trec,Few-shot,207,dad1f1c38bf5fcf9c341f68ef995f98acba22ee61cfd086c,11731,8k+,100.0
learned_K2_V2_s35_step10000,learned,2,35,trec,Few-shot,208,c07e3a822f41b3410400e6c810d4d37ef515062925cfcfb5,8710,8k+,100.0
learned_K2_V2_s35_step10000,learned,2,35,trec,Few-shot,209,da1759a1f0a9e54830b6de603ec5a93d28b43734f64996bb,12631,8k+,100.0
learned_K2_V2_s35_step10000,learned,2,35,trec,Few-shot,210,e018bfe8bed7b83adcfc5c486eb046fdfc98e6fcdbde539a,12375,8k+,0.0
learned_K2_V2_s35_step10000,learned,2,35,trec,Few-shot,211,d0dadaf42e55eb0474c55d5bb00e3b69bd251e66d3ca372b,12029,8k+,100.0
learned_K2_V2_s35_step10000,learned,2,35,trec,Few-shot,212,52207f5497fd4f5a909dca465b15c77c397ce75fcd6b91aa,10508,8k+,100.0
learned_K2_V2_s35_step10000,learned,2,35,trec,Few-shot,213,5ca30983675abf1e3a361b73ed0d82eef3ed1054b82179a4,8785,8k+,100.0
learned_K2_V2_s35_step10000,learned,2,35,trec,Few-shot,214,8052b9a5b8a1cca192616d5cffc9ae696270f2f352139e2b,8963,8k+,0.0
learned_K2_V2_s35_step10000,learned,2,35,trec,Few-shot,215,d074d61b2146beb0c66be8ba8eb7755c02092397059fee66,8020,8k+,100.0
learned_K2_V2_s35_step10000,learned,2,35,trec,Few-shot,216,d0aa87d8b8c731cfb2960a06c0e44d399dd33b815ea75f63,9447,8k+,100.0
learned_K2_V2_s35_step10000,learned,2,35,trec,Few-shot,217,258d9a8a7ae6938881999b39e940a9a81bc27e2e276c1e67,9384,8k+,100.0
learned_K2_V2_s35_step10000,learned,2,35,trec,Few-shot,218,5755a3c0fd086cb68ac130fc5155f339ca02bb65255d8fef,12802,8k+,100.0
learned_K2_V2_s35_step10000,learned,2,35,trec,Few-shot,219,ec2ed94183697432b5d1ae33da6778d630fa3d7e650ace18,10269,8k+,100.0
learned_K2_V2_s35_step10000,learned,2,35,trec,Few-shot,220,93a82c3a411b3965a2ec056ee7196b227bbbf88973745e51,9589,8k+,100.0
learned_K2_V2_s35_step10000,learned,2,35,trec,Few-shot,221,3b6b720f00e71031e285ae597e39356a707ad00a4c3e8112,12633,8k+,100.0
learned_K2_V2_s35_step10000,learned,2,35,trec,Few-shot,222,05f8c21e623c7e59c92bc6c592d85bea2217b76e760a5702,13034,8k+,100.0
learned_K2_V2_s35_step10000,learned,2,35,trec,Few-shot,223,2c25353fd74ff64d441b3f1fcebacaac17039ca29f7b9ff7,9492,8k+,100.0
learned_K2_V2_s35_step10000,learned,2,35,trec,Few-shot,224,3f722f164e4da34ebc2b0eb6bc60ef25687c13fbb33bc30a,10670,8k+,0.0
learned_K2_V2_s35_step10000,learned,2,35,trec,Few-shot,225,39ab1a4a69c4e05686ed2552b41e2caf4e708448e13a315e,9045,8k+,100.0
learned_K2_V2_s35_step10000,learned,2,35,trec,Few-shot,226,6683d2f0eb53a102a621f9963ddd7a887949606f40ca8992,8932,8k+,100.0
learned_K2_V2_s35_step10000,learned,2,35,trec,Few-shot,227,fbfe7e45212065ed65d4eb6c80f802bed1651dbc8c1e8b55,9449,8k+,0.0
learned_K2_V2_s35_step10000,learned,2,35,trec,Few-shot,228,488608745263a305f9cae95a45436003e3ddac8035de8673,11013,8k+,100.0
learned_K2_V2_s35_step10000,learned,2,35,trec,Few-shot,229,14e67264f205f5e05e5a623a4dd6d9b7d5216f328e8c2984,8991,8k+,100.0
learned_K2_V2_s35_step10000,learned,2,35,trec,Few-shot,230,48025a5bfb9c7712539abe4e8d4c2ff64c09b7f0ec69ae51,12683,8k+,100.0
learned_K2_V2_s35_step10000,learned,2,35,trec,Few-shot,231,071058df5a49fa6c1fab1c30758ab6ad733057bf4ef4b1ac,8611,8k+,100.0
learned_K2_V2_s35_step10000,learned,2,35,trec,Few-shot,232,4237e4633fd7cec3eee0ec915db09a89651595d19972e91e,8543,8k+,100.0
learned_K2_V2_s35_step10000,learned,2,35,trec,Few-shot,233,499be0794b6f4b61459998f6682e61b8e613e50869bbc1d7,11312,8k+,0.0
learned_K2_V2_s35_step10000,learned,2,35,trec,Few-shot,234,d25f1c9cd2abacee913c557afcaa49b80c3b7f906732e51c,8132,8k+,100.0
learned_K2_V2_s35_step10000,learned,2,35,trec,Few-shot,235,a6b8105716b1c4759aff1965a80f5cfc339c49b8e286d7b3,9757,8k+,100.0
learned_K2_V2_s35_step10000,learned,2,35,trec,Few-shot,236,e757cea52dbfc0bf28348bf0f1d0f1beff5191e16368463c,12921,8k+,0.0
learned_K2_V2_s35_step10000,learned,2,35,trec,Few-shot,237,664caf98651afdaf2a753b8d11c74b1c840eb2e5f17a06b2,12622,8k+,100.0
learned_K2_V2_s35_step10000,learned,2,35,trec,Few-shot,238,4f3e10d290b1674a4cdc255e483615651c28067d815ae56d,12580,8k+,100.0
learned_K2_V2_s35_step10000,learned,2,35,trec,Few-shot,239,85becb1cf0dda646aa19939edbc6f805ffd8aa985f229705,10494,8k+,100.0
learned_K2_V2_s35_step10000,learned,2,35,trec,Few-shot,240,c5972a21cd0ee92040a8716b376dfd1dfe9852ab1e5d8b21,9454,8k+,100.0
learned_K2_V2_s35_step10000,learned,2,35,trec,Few-shot,241,d395acf86c300e844f6c49160568b1d1fadc04bd53a0b362,11531,8k+,100.0
learned_K2_V2_s35_step10000,learned,2,35,trec,Few-shot,242,534084197c9adbfe83fb20a747e80de9064891e0f4c26003,12599,8k+,100.0
learned_K2_V2_s35_step10000,learned,2,35,trec,Few-shot,243,c116b9fad380b16c1da5f567d789ff269fff9bc579389801,12462,8k+,100.0
learned_K2_V2_s35_step10000,learned,2,35,trec,Few-shot,244,66bea5f7417676c613a721add9ff79146555f1538209e12e,8458,8k+,100.0
learned_K2_V2_s35_step10000,learned,2,35,trec,Few-shot,245,8fc8f79b2b90be9ba10d84882b2b9701e8ef71bde626bcd7,8793,8k+,100.0
learned_K2_V2_s35_step10000,learned,2,35,trec,Few-shot,246,a5b64f47f950684224b3208f99b96a3f31d2e629e686edaf,12862,8k+,100.0
learned_K2_V2_s35_step10000,learned,2,35,trec,Few-shot,247,2c4e775e38588b675d33626859f37f67be1c52406fbf3177,9226,8k+,100.0
learned_K2_V2_s35_step10000,learned,2,35,trec,Few-shot,248,8527a897ec3971c07602651856606c2d9fc4473b8e429a2d,11980,8k+,100.0
learned_K2_V2_s35_step10000,learned,2,35,trec,Few-shot,249,5f059b6dfed7ba3af1a304b69c764a7a2f956cfc1b09b000,8864,8k+,100.0
learned_K2_V2_s35_step10000,learned,2,35,trec,Few-shot,250,65f6c36f87e4c4c7a76a5bcfd94727aa2249f13a1ca36b19,9011,8k+,0.0
learned_K2_V2_s35_step10000,learned,2,35,trec,Few-shot,251,73bf29c6d6dc71ddf4acd7bfcb2a965a85abc1ff12f3a7cc,9218,8k+,100.0
learned_K2_V2_s35_step10000,learned,2,35,trec,Few-shot,252,496cfe454ee4b6c960f15ce6af8cec7f5b446c456ed0823d,12100,8k+,0.0
learned_K2_V2_s35_step10000,learned,2,35,trec,Few-shot,253,b0ce14e1e020ae4905092a0d20ec4d9e4f4fe69c61b68ed5,9256,8k+,100.0
learned_K2_V2_s35_step10000,learned,2,35,trec,Few-shot,254,0357f912c10ffe52c178fdda9ed442434fa9ba6b5dfb6dc3,8553,8k+,0.0
learned_K2_V2_s35_step10000,learned,2,35,trec,Few-shot,255,7291dbe748c8bd29d7394071860a6c0caa882e30b27b8a0f,10231,8k+,100.0
learned_K2_V2_s35_step10000,learned,2,35,trec,Few-shot,256,b6f05ab9460a567a56cd7291c81036cbcda6593722dbaf7c,9643,8k+,0.0
learned_K2_V2_s35_step10000,learned,2,35,trec,Few-shot,257,25897bc1a2816418d58c775a0582301e97e0ae26dd6ee50d,10446,8k+,0.0
learned_K2_V2_s35_step10000,learned,2,35,trec,Few-shot,258,05e531e8aa028bc5551b4e8f56f4384fc2c85504fe9032f8,10920,8k+,100.0
learned_K2_V2_s35_step10000,learned,2,35,trec,Few-shot,259,20d248c436ac163161e71dbd2b13bd5090d82f385549611d,11240,8k+,100.0
learned_K2_V2_s35_step10000,learned,2,35,trec,Few-shot,260,e4e692a7a8d063e08d9c0325343d90e92d7c3fb59148e898,9733,8k+,0.0
learned_K2_V2_s35_step10000,learned,2,35,trec,Few-shot,261,f84dda7bd6decc80e34ba65b8af0eecdcc8707f83eaaf359,10354,8k+,100.0
learned_K2_V2_s35_step10000,learned,2,35,trec,Few-shot,262,49d3a1bf97e4beace53a6b779c909b82e9f67b6c074fe57f,10362,8k+,100.0
learned_K2_V2_s35_step10000,learned,2,35,trec,Few-shot,263,6dc9b3bf7243e6e325f90c152dd79a4268a3296047390f8c,12916,8k+,100.0
learned_K2_V2_s35_step10000,learned,2,35,trec,Few-shot,264,a03d0f4191d5e9c3a79d281bd110eddeaa93f667c84259e0,8725,8k+,0.0
learned_K2_V2_s35_step10000,learned,2,35,trec,Few-shot,265,02a5b41ac6a951f498e3911700aa9f20a1f4c1fac98df2ad,10380,8k+,0.0
learned_K2_V2_s35_step10000,learned,2,35,trec,Few-shot,266,078678bdcbe78c340c2a37aab1d14ddc687387adfebe061c,8820,8k+,100.0
learned_K2_V2_s35_step10000,learned,2,35,trec,Few-shot,267,1bf27d1e48e7006f3b7f382cf3e91427cef1a74623a09816,8357,8k+,0.0
learned_K2_V2_s35_step10000,learned,2,35,trec,Few-shot,268,da6cd00849b9492c0551f9a00c71111d401c422f28a8b65a,8216,8k+,100.0
learned_K2_V2_s35_step10000,learned,2,35,trec,Few-shot,269,94ec889107e0acd79e2170ddb231298551065f05730aaee8,13237,8k+,0.0
learned_K2_V2_s35_step10000,learned,2,35,trec,Few-shot,270,5e58ff1515261ae7ed493f212c894749dd03c8bcadac517e,11040,8k+,100.0
learned_K2_V2_s35_step10000,learned,2,35,trec,Few-shot,271,93eaa7953207a8d9c7217d8e6632eabf31556df385f7dd45,10149,8k+,100.0
learned_K2_V2_s35_step10000,learned,2,35,trec,Few-shot,272,c394d29d2d6df5949cdab451eb80aed7510c8f68d0716487,9699,8k+,0.0
learned_K2_V2_s35_step10000,learned,2,35,trec,Few-shot,273,5c4edd68039dfa71fcd29990b54ddcbbe9ef6f33c733d46d,8058,8k+,100.0
learned_K2_V2_s35_step10000,learned,2,35,trec,Few-shot,274,69f8627e7cf73662ee81e6a58fbcb9e3d0d9af9bbd2dbbc9,9442,8k+,0.0
learned_K2_V2_s35_step10000,learned,2,35,trec,Few-shot,275,bd29104981f5f6482ee573db2b131194efb29e2089023579,8493,8k+,100.0
learned_K2_V2_s35_step10000,learned,2,35,trec,Few-shot,276,a584e2d9a3ce1da83f601f50955cbc10b83e38dc78115728,11065,8k+,100.0
learned_K2_V2_s35_step10000,learned,2,35,trec,Few-shot,277,55a2580a6718c35da3618fcd5429fb3d2ad1196cce039dd5,9577,8k+,100.0
learned_K2_V2_s35_step10000,learned,2,35,trec,Few-shot,278,9ccc59f1d6cfa837bcb644fedcb2fd9b4808942dc18348a7,8620,8k+,0.0
learned_K2_V2_s35_step10000,learned,2,35,trec,Few-shot,279,14eeb43fbd075e012b037eb6dd4918db56b92588ed8a9545,11000,8k+,100.0
learned_K2_V2_s35_step10000,learned,2,35,trec,Few-shot,280,4a7ac075e32f903449611fde9e4767dc7a99f1dc66d68e16,10371,8k+,100.0
learned_K2_V2_s35_step10000,learned,2,35,trec,Few-shot,281,722e4db10b8b8ddbdff94bbcb1932550f5e5ecd5f3a9272b,12613,8k+,100.0
learned_K2_V2_s35_step10000,learned,2,35,trec,Few-shot,282,74e24f089073fe4049fb67529984a93d76044bae7a03da06,8325,8k+,0.0
learned_K2_V2_s35_step10000,learned,2,35,trec,Few-shot,283,d16895449ad9a3158e766773eac2396a1150fc01ea7c50fa,11953,8k+,100.0
learned_K2_V2_s35_step10000,learned,2,35,trec,Few-shot,284,288453825e8b0b66c70a395db34b6b19216679b2c768e9be,11425,8k+,100.0
learned_K2_V2_s35_step10000,learned,2,35,trec,Few-shot,285,0acbe230ab8268ce07ec24819cb6e5715bd7a7cccb8edfab,12055,8k+,0.0
learned_K2_V2_s35_step10000,learned,2,35,trec,Few-shot,286,750fcdb14e106ee340c61f52cd1eb62c7c7d9d387c8f864b,9900,8k+,100.0
learned_K2_V2_s35_step10000,learned,2,35,trec,Few-shot,287,f2c55263fa6385a759ffcf65e5c8619bb40ad2b0f3203af2,10452,8k+,100.0
learned_K2_V2_s35_step10000,learned,2,35,trec,Few-shot,288,41a8875c0b2680a6aa5cf14f205c5df7e46d99712af7d9e3,9536,8k+,100.0
learned_K2_V2_s35_step10000,learned,2,35,trec,Few-shot,289,9bd7e517959b6885e4d6c014d1e7c45f2219369975f70b8d,12313,8k+,0.0
learned_K2_V2_s35_step10000,learned,2,35,trec,Few-shot,290,5bb5dc6d40c4c410c40d74f4f2db74d7d51abd67f2fba765,8757,8k+,100.0
learned_K2_V2_s35_step10000,learned,2,35,trec,Few-shot,291,fa3a1a79b0dc72557d06afa841b7bbd02bf6e0c06b3f9e2e,8793,8k+,100.0
learned_K2_V2_s35_step10000,learned,2,35,trec,Few-shot,292,be4a9a08a522a063a020bfeac1563093d76d85d10ab0f3ad,10576,8k+,100.0
learned_K2_V2_s35_step10000,learned,2,35,trec,Few-shot,293,5621b4b49632163698c252c3ab3042ae87d1e88497c3c5f4,12806,8k+,100.0
learned_K2_V2_s35_step10000,learned,2,35,trec,Few-shot,294,97746f61c35bf4cfea4f51a5dc1d6f4906145f21eca21f14,11268,8k+,100.0
learned_K2_V2_s35_step10000,learned,2,35,trec,Few-shot,295,1dfdafd2c4d8fe6dd3c5ef2730270f9eae90e48d9a528b79,12454,8k+,100.0
learned_K2_V2_s35_step10000,learned,2,35,trec,Few-shot,296,7f14040216648f38daf6dad4ad6855c2d1668ed095c906d3,11933,8k+,0.0
learned_K2_V2_s35_step10000,learned,2,35,trec,Few-shot,297,296462cf2d588617c449ef9d4a96d40c57ea48b65782788a,10407,8k+,100.0
learned_K2_V2_s35_step10000,learned,2,35,trec,Few-shot,298,d05be8a38f1ea2533f7902935e1f6c99d1194450d10d45e7,11425,8k+,100.0
learned_K2_V2_s35_step10000,learned,2,35,trec,Few-shot,299,1ab0849637c9250315f37bb43ccd35f578409edbf219d399,10267,8k+,100.0
learned_K2_V2_s35_step10000,learned,2,35,triviaqa,Few-shot,0,a6b0e6b9bf53f05d1569572cebd9359a0d4136a026613c7d,3953,0-4k,50.0
learned_K2_V2_s35_step10000,learned,2,35,triviaqa,Few-shot,1,2a54de979ab1eec474e0411cd269f9600f54b1557608a94f,2682,0-4k,100.0
learned_K2_V2_s35_step10000,learned,2,35,triviaqa,Few-shot,2,4eea3cbcc28d2e2b3588987ce428800a798ba798e2eb6f5d,2992,0-4k,100.0
learned_K2_V2_s35_step10000,learned,2,35,triviaqa,Few-shot,3,aab1cff310983b25545878f2438b7487b96b3620302985e3,1174,0-4k,100.0
learned_K2_V2_s35_step10000,learned,2,35,triviaqa,Few-shot,4,33c79da6f8ac2588e1854e914143b1bca191c90d51db2236,3058,0-4k,100.0
learned_K2_V2_s35_step10000,learned,2,35,triviaqa,Few-shot,5,ae3ca6c00bc0c3a46831d809a0572f9290dd1c59012988a4,1952,0-4k,100.0
learned_K2_V2_s35_step10000,learned,2,35,triviaqa,Few-shot,6,23a916c6baeec0418263933f9f4394874f2db2b399ccafe3,3908,0-4k,30.76923076923077
learned_K2_V2_s35_step10000,learned,2,35,triviaqa,Few-shot,7,982dc7ed8cae23e3d313386625475a22776e813116e4ca52,3861,0-4k,100.0
learned_K2_V2_s35_step10000,learned,2,35,triviaqa,Few-shot,8,b905fd37b7ff3be088f96529a40cb48faab9fe584a6544a8,2408,0-4k,100.0
learned_K2_V2_s35_step10000,learned,2,35,triviaqa,Few-shot,9,c392f62eb05235efcd5d07680c3cd7acc53f50726004165d,3056,0-4k,66.66666666666666
learned_K2_V2_s35_step10000,learned,2,35,triviaqa,Few-shot,10,c4b386c53685937af74499b525d67f81ae166c5503849214,3756,0-4k,100.0
learned_K2_V2_s35_step10000,learned,2,35,triviaqa,Few-shot,11,4fc920ecc4a96c675b3893a91b364f3e161e7bd5bfa50214,1920,0-4k,100.0
learned_K2_V2_s35_step10000,learned,2,35,triviaqa,Few-shot,12,649a8c0ed52d328838bf66bac9bf291fbe586df09d8ae890,2599,0-4k,88.8888888888889
learned_K2_V2_s35_step10000,learned,2,35,triviaqa,Few-shot,13,58cff152249fc6c5b994bf016d4fe88a54d016459b46e86d,2960,0-4k,100.0
learned_K2_V2_s35_step10000,learned,2,35,triviaqa,Few-shot,14,272d17f5b9a949f2d81ac2b23f0cfa94fd1bd4dabfe9e68b,3568,0-4k,100.0
learned_K2_V2_s35_step10000,learned,2,35,triviaqa,Few-shot,15,36dc16385a8001a7ae51f38c895b844764f00aed07cdc47c,1445,0-4k,0.0
learned_K2_V2_s35_step10000,learned,2,35,triviaqa,Few-shot,16,9508e9685fd6b984c56ddddb5eb90f235715dd801272c375,3816,0-4k,0.0
learned_K2_V2_s35_step10000,learned,2,35,triviaqa,Few-shot,17,46eb0700ef679ac4c0b0227798204656d888bf3bdadba412,3639,0-4k,100.0
learned_K2_V2_s35_step10000,learned,2,35,triviaqa,Few-shot,18,b099e7017b5ca90fd7733d19de6c73cf43458bb5527fb695,2600,0-4k,100.0
learned_K2_V2_s35_step10000,learned,2,35,triviaqa,Few-shot,19,10b46ba322d1d3087af3ac259c78251ce11034c65818348d,3121,0-4k,100.0
learned_K2_V2_s35_step10000,learned,2,35,triviaqa,Few-shot,20,2ca581fb7a1d9e083931024c5d71d9cda1fdde3a227d206e,2883,0-4k,100.0
learned_K2_V2_s35_step10000,learned,2,35,triviaqa,Few-shot,21,1757dd4a643627e0441e62284868bc9c5ba99dbcbcc1eb42,858,0-4k,66.66666666666666
learned_K2_V2_s35_step10000,learned,2,35,triviaqa,Few-shot,22,82d85120ef2ed109d3762ea0854d298edd9272ba92785b4e,2018,0-4k,0.0
learned_K2_V2_s35_step10000,learned,2,35,triviaqa,Few-shot,23,265ea3f54487af5925b96621ea6996f05d7bb855acf0b462,3405,0-4k,100.0
learned_K2_V2_s35_step10000,learned,2,35,triviaqa,Few-shot,24,43c422d9cef2d1e15c3e13aa540c027512d990abdb28615c,3078,0-4k,100.0
learned_K2_V2_s35_step10000,learned,2,35,triviaqa,Few-shot,25,37a77de08c5dc62fc4b4d08ab6066e178e82d32387ce084f,3179,0-4k,100.0
learned_K2_V2_s35_step10000,learned,2,35,triviaqa,Few-shot,26,789d690195c7bb2e809c741d9f2127180416b00dfee6a380,2764,0-4k,100.0
learned_K2_V2_s35_step10000,learned,2,35,triviaqa,Few-shot,27,2b9a049db0565a8f0bd235b9aca39aeff569172a40f2985c,3750,0-4k,100.0
learned_K2_V2_s35_step10000,learned,2,35,triviaqa,Few-shot,28,e7926c10fef2c78fa1c333f97c4a0d4f35d3fd619cbcdb45,2424,0-4k,100.0
learned_K2_V2_s35_step10000,learned,2,35,triviaqa,Few-shot,29,57663fa1a43ca8e9a70a74ac8092e58a16fabdf00b3e7985,1599,0-4k,100.0
learned_K2_V2_s35_step10000,learned,2,35,triviaqa,Few-shot,30,be06c90585e9b02afbb1700cfeff9bb36128f184b6756e43,3632,0-4k,40.0
learned_K2_V2_s35_step10000,learned,2,35,triviaqa,Few-shot,31,a73fb21e88b89752cf78e2ff4f158b13c6d0deca71b088fc,1657,0-4k,100.0
learned_K2_V2_s35_step10000,learned,2,35,triviaqa,Few-shot,32,f59935dcbf0164432f91845606f42c9b88f1c79fb162ff55,993,0-4k,0.0
learned_K2_V2_s35_step10000,learned,2,35,triviaqa,Few-shot,33,0c9128c480839b43dd99fb22888b05db288af1a8de80a9fa,3758,0-4k,66.66666666666666
learned_K2_V2_s35_step10000,learned,2,35,triviaqa,Few-shot,34,9cec815da4ad7cb64e558c547dc65805f6e5280432d5ba9c,3377,0-4k,100.0
learned_K2_V2_s35_step10000,learned,2,35,triviaqa,Few-shot,35,81a1df4f0a4f0c0b88f8d18b04f3acc32d03da6490715ac3,1895,0-4k,100.0
learned_K2_V2_s35_step10000,learned,2,35,triviaqa,Few-shot,36,4e0e4aaf78f098a5fe4f7881039a5110f4f08296e89309f4,2576,0-4k,100.0
learned_K2_V2_s35_step10000,learned,2,35,triviaqa,Few-shot,37,b3182e843bd08825f414556b4fd067f3cf34a65785392907,3436,0-4k,100.0
learned_K2_V2_s35_step10000,learned,2,35,triviaqa,Few-shot,38,2e9bfbba26870e0db404ee32f0daf065604c5723d5715558,3788,0-4k,100.0
learned_K2_V2_s35_step10000,learned,2,35,triviaqa,Few-shot,39,db616c3e69c66cbc24ecf7b5b88799cee02ef2083f97dfad,2838,0-4k,100.0
learned_K2_V2_s35_step10000,learned,2,35,triviaqa,Few-shot,40,23b7ccb5590eb11ee3d48ccc517d217bf7505280d57b96f1,3652,0-4k,100.0
learned_K2_V2_s35_step10000,learned,2,35,triviaqa,Few-shot,41,5bdfd3dc7b17d9ed95cc3654c22bb667038f27e8ccf5957e,2768,0-4k,100.0
learned_K2_V2_s35_step10000,learned,2,35,triviaqa,Few-shot,42,23d035ba5f61183dfaa98d4e94fcdbc16586fc12da5fafbe,3806,0-4k,100.0
learned_K2_V2_s35_step10000,learned,2,35,triviaqa,Few-shot,43,bb1b9a7e2f3d5939ac44a1a69b414e4001c63b8c3d01f026,1859,0-4k,100.0
learned_K2_V2_s35_step10000,learned,2,35,triviaqa,Few-shot,44,ee44b5deec1b77320d472c5592779c5910f5c6ab1d53de0e,1606,0-4k,0.0
learned_K2_V2_s35_step10000,learned,2,35,triviaqa,Few-shot,45,07ad9f5ccc6a03a32c84278956e139f47af88fa05fe941b4,3811,0-4k,100.0
learned_K2_V2_s35_step10000,learned,2,35,triviaqa,Few-shot,46,70ac7675b0747602cd69a04263e985c771529f7826c33c98,2670,0-4k,100.0
learned_K2_V2_s35_step10000,learned,2,35,triviaqa,Few-shot,47,6359409f0e33c469d4e8dde9944bb31533a42c8371f2c086,3817,0-4k,100.0
learned_K2_V2_s35_step10000,learned,2,35,triviaqa,Few-shot,48,38db404cb50c0735836a42f1711352ea46eaa21c62cabc3f,2181,0-4k,100.0
learned_K2_V2_s35_step10000,learned,2,35,triviaqa,Few-shot,49,2dfb8c6ad47144c07050d7707ba7bd71896c09947f5c9e49,1546,0-4k,27.27272727272727
learned_K2_V2_s35_step10000,learned,2,35,triviaqa,Few-shot,50,6f68ee22e2693924e0fc951e6be951c6853baf4f5d84833a,2432,0-4k,66.66666666666666
learned_K2_V2_s35_step10000,learned,2,35,triviaqa,Few-shot,51,6208eb75045ec9575bcb39d4ab709fe963e6d4a99ca45181,1170,0-4k,100.0
learned_K2_V2_s35_step10000,learned,2,35,triviaqa,Few-shot,52,58c8ffdb48c5c214f8afe8869a0df52eb59dda0992f229ba,2114,0-4k,100.0
learned_K2_V2_s35_step10000,learned,2,35,triviaqa,Few-shot,53,56b097737d08613d78232a2a58730e833a7d1d66957a6c73,1341,0-4k,100.0
learned_K2_V2_s35_step10000,learned,2,35,triviaqa,Few-shot,54,634f159c9bdab6794b97c0d969edd3577a2cf97eb6c4babb,3538,0-4k,100.0
learned_K2_V2_s35_step10000,learned,2,35,triviaqa,Few-shot,55,fded39416a15e878b8681f6daa22176facc6e5c16ed70d51,804,0-4k,0.0
learned_K2_V2_s35_step10000,learned,2,35,triviaqa,Few-shot,56,a5719ddf7c824e782242b1b5e36d837ec83d36095f4d54b8,2979,0-4k,100.0
learned_K2_V2_s35_step10000,learned,2,35,triviaqa,Few-shot,57,ee2996f41b7110c2bb1b6ca10cff17a420246c5b1a12463a,2591,0-4k,100.0
learned_K2_V2_s35_step10000,learned,2,35,triviaqa,Few-shot,58,d3f8c92fa9344b00c0a12320fa42bc986a3049e38e067906,2967,0-4k,100.0
learned_K2_V2_s35_step10000,learned,2,35,triviaqa,Few-shot,59,4a9440725900aeadadca5f69630e6bff299394ede178ee7e,1013,0-4k,18.181818181818183
learned_K2_V2_s35_step10000,learned,2,35,triviaqa,Few-shot,60,108c5fba3e6f442ee6e0a2e9495934a7e1ac483c1f4fadc2,1438,0-4k,100.0
learned_K2_V2_s35_step10000,learned,2,35,triviaqa,Few-shot,61,35d5132c126a2bef8991410216b5980a9c20273a9ff1ab1a,3872,0-4k,100.0
learned_K2_V2_s35_step10000,learned,2,35,triviaqa,Few-shot,62,49006540ee321ad906ffe885ce8e608d1caeb0f15789a6b8,1558,0-4k,100.0
learned_K2_V2_s35_step10000,learned,2,35,triviaqa,Few-shot,63,d62a5ab5a527adac732059daec61d725d3af4393ef7d4eaa,2660,0-4k,0.0
learned_K2_V2_s35_step10000,learned,2,35,triviaqa,Few-shot,64,abe9b676cfd78b5ef768fa0d8df981d4984c3eb55abbb325,3972,0-4k,100.0
learned_K2_V2_s35_step10000,learned,2,35,triviaqa,Few-shot,65,117c66e159c960220d0d5ac83eefe1a6ca6f86b0361fd941,3978,0-4k,100.0
learned_K2_V2_s35_step10000,learned,2,35,triviaqa,Few-shot,66,cd2940418f466c436556186454ba4b530a05629dfce2da7f,3961,0-4k,100.0
learned_K2_V2_s35_step10000,learned,2,35,triviaqa,Few-shot,67,d2d2ebf55a7929757e873a2a114c831a2fd52009cda1bc74,2494,0-4k,100.0
learned_K2_V2_s35_step10000,learned,2,35,triviaqa,Few-shot,68,e86cb93200c65d0af2aff6b84ff91f62000d839575de34a1,3764,0-4k,100.0
learned_K2_V2_s35_step10000,learned,2,35,triviaqa,Few-shot,69,5dd94f8e7bc9f8a743374ec79d3fe48491ff21944da577f6,3136,0-4k,100.0
learned_K2_V2_s35_step10000,learned,2,35,triviaqa,Few-shot,70,a1987fffb6803d8120926025052e85d3f7e043ff9efe697a,3334,0-4k,100.0
learned_K2_V2_s35_step10000,learned,2,35,triviaqa,Few-shot,71,536ec3a69e822e4e5c7dedc777166cd4a90647bfb1523a51,2084,0-4k,100.0
learned_K2_V2_s35_step10000,learned,2,35,triviaqa,Few-shot,72,440395c634b58504737e51777692235a4b0f49e2f1a3b12a,1438,0-4k,0.0
learned_K2_V2_s35_step10000,learned,2,35,triviaqa,Few-shot,73,b8dd3e8a46f8c1af662475c0e261fe8209e2dfa6412623ea,1913,0-4k,100.0
learned_K2_V2_s35_step10000,learned,2,35,triviaqa,Few-shot,74,4522468d6e11cd54a28f76692fd48e31b1634720ce56b6bf,1980,0-4k,100.0
learned_K2_V2_s35_step10000,learned,2,35,triviaqa,Few-shot,75,73ac95b50862953bff6e7a350902f65a52c57e176acc8a36,3800,0-4k,80.0
learned_K2_V2_s35_step10000,learned,2,35,triviaqa,Few-shot,76,6c2f9f5ca19e79e79ab103ff8c7f0e8f317e2c0cb31adc7f,2443,0-4k,100.0
learned_K2_V2_s35_step10000,learned,2,35,triviaqa,Few-shot,77,160950609bcb843a8d7b7ed9247f325cd7558dc7e2fa9e15,1310,0-4k,100.0
learned_K2_V2_s35_step10000,learned,2,35,triviaqa,Few-shot,78,263235109504b70e68a96a6105a23f0dd07598d53ab0bfbd,3655,0-4k,100.0
learned_K2_V2_s35_step10000,learned,2,35,triviaqa,Few-shot,79,613de1cb7d58d9f7a96b1e4f903c923f56f4c6bf588e9595,3304,0-4k,100.0
learned_K2_V2_s35_step10000,learned,2,35,triviaqa,Few-shot,80,6e69d198ca0848e40be166b102d12edc3120a04b0f5da0c0,3453,0-4k,100.0
learned_K2_V2_s35_step10000,learned,2,35,triviaqa,Few-shot,81,f51fef9942324253a6125258f8af60841e3df1fcaf75899e,2142,0-4k,100.0
learned_K2_V2_s35_step10000,learned,2,35,triviaqa,Few-shot,82,2ea08bc5ceee85b405eae7c75cb183360bcf724a217e124a,3484,0-4k,100.0
learned_K2_V2_s35_step10000,learned,2,35,triviaqa,Few-shot,83,5764e32b8ed672af63cfdeb0bff37eacebf90324c6bc9869,3164,0-4k,0.0
learned_K2_V2_s35_step10000,learned,2,35,triviaqa,Few-shot,84,260be5617540bc6a8bd8ac0fc2a4f4348ec654423451d530,1113,0-4k,100.0
learned_K2_V2_s35_step10000,learned,2,35,triviaqa,Few-shot,85,795e52fdea85f2b7973085b0fdc6fa3fc7ead7962c473a83,3641,0-4k,100.0
learned_K2_V2_s35_step10000,learned,2,35,triviaqa,Few-shot,86,1b0b11265477a99de84c136ec25f4f8b73733c2e26bc7ec1,1973,0-4k,100.0
learned_K2_V2_s35_step10000,learned,2,35,triviaqa,Few-shot,87,f0ce383eafdaab798f51122c0e4119d19a725fc6c5654169,3960,0-4k,100.0
learned_K2_V2_s35_step10000,learned,2,35,triviaqa,Few-shot,88,bf9bb06a5049fed427190379f112eae8f41053f58a8a1fcb,3842,0-4k,100.0
learned_K2_V2_s35_step10000,learned,2,35,triviaqa,Few-shot,89,e7c62cf25d5d1da0eea6a08b1e4d8a78b9d0f5d6e29fae00,3440,0-4k,100.0
learned_K2_V2_s35_step10000,learned,2,35,triviaqa,Few-shot,90,5fb15940295be04d377d24c988a6308c0f5c552a8354735f,3272,0-4k,40.0
learned_K2_V2_s35_step10000,learned,2,35,triviaqa,Few-shot,91,f6f381412c3dcdb7a9c1c7739cf02528d435ee9f152e0ea0,1113,0-4k,100.0
learned_K2_V2_s35_step10000,learned,2,35,triviaqa,Few-shot,92,2d6d3dafd53c0d19c8209cffa9634e26c60b5bbb96cf7a51,3931,0-4k,100.0
learned_K2_V2_s35_step10000,learned,2,35,triviaqa,Few-shot,93,7ae03d222be84a341bbfcbfd50ed0f6bbc0a4c4c3ac9f7e3,2616,0-4k,100.0
learned_K2_V2_s35_step10000,learned,2,35,triviaqa,Few-shot,94,164a23bc00045e95a08da074c80679e0c861d48a7f49a6a7,1530,0-4k,40.0
learned_K2_V2_s35_step10000,learned,2,35,triviaqa,Few-shot,95,1ee1da1f940c225dc962b4d1bcc9097a4b58516d36a09350,1238,0-4k,100.0
learned_K2_V2_s35_step10000,learned,2,35,triviaqa,Few-shot,96,68d5d0ad374c5fd4714eb3344e7ed1b90b80322bbbffa848,1694,0-4k,100.0
learned_K2_V2_s35_step10000,learned,2,35,triviaqa,Few-shot,97,1a61756a389c0fa418663b0e087074f2daa76faf7e74809f,3413,0-4k,100.0
learned_K2_V2_s35_step10000,learned,2,35,triviaqa,Few-shot,98,3a66677af4922630bafdd1f0e7e6e54cfc1725c8fbf1b4fb,1889,0-4k,100.0
learned_K2_V2_s35_step10000,learned,2,35,triviaqa,Few-shot,99,125c30881451c149972622516769741a212e415865f40465,1937,0-4k,50.0
learned_K2_V2_s35_step10000,learned,2,35,triviaqa,Few-shot,100,febbf7e46065811b46026d452b97e044ca606e665d92279a,5953,4-8k,100.0
learned_K2_V2_s35_step10000,learned,2,35,triviaqa,Few-shot,101,236cc54c26437eae7a80deedd8ab93cc756e44f787c9994b,7493,4-8k,0.0
learned_K2_V2_s35_step10000,learned,2,35,triviaqa,Few-shot,102,fa2666d5e42eda29f2e6cf4263659cb40c8a98020481cc65,7446,4-8k,100.0
learned_K2_V2_s35_step10000,learned,2,35,triviaqa,Few-shot,103,24e4a2bb6b981fad0bd71c8974512c65ee7defd515f0af47,5625,4-8k,100.0
learned_K2_V2_s35_step10000,learned,2,35,triviaqa,Few-shot,104,8ab5f2128793381da73aef50ff6a9ddfd7bd8de00aa8c1e1,4599,4-8k,100.0
learned_K2_V2_s35_step10000,learned,2,35,triviaqa,Few-shot,105,268943a624b0ca707695707556953c919587ab5bb0d01b58,5252,4-8k,100.0
learned_K2_V2_s35_step10000,learned,2,35,triviaqa,Few-shot,106,9a8bc0c49f0b07039e660b4995db9bd828ff102e0d5c1f06,5831,4-8k,100.0
learned_K2_V2_s35_step10000,learned,2,35,triviaqa,Few-shot,107,6b056473c38137074b7af33c57f2101b4c8056453db8cfd9,7654,4-8k,100.0
learned_K2_V2_s35_step10000,learned,2,35,triviaqa,Few-shot,108,8ab0169f638e98dc69b9bf89237c12a1fee1e417b2ae802c,6085,4-8k,100.0
learned_K2_V2_s35_step10000,learned,2,35,triviaqa,Few-shot,109,5017fee61674b1742d97686ff880f1043b046928db193799,4379,4-8k,100.0
learned_K2_V2_s35_step10000,learned,2,35,triviaqa,Few-shot,110,fd0480424369d3ea8d6b3958bde1a23a75980cf3413f7164,7944,4-8k,100.0
learned_K2_V2_s35_step10000,learned,2,35,triviaqa,Few-shot,111,9a3a82a8ed02095e6377c229d228b6d7b7e3e6cdc6dbcbd6,6077,4-8k,100.0
learned_K2_V2_s35_step10000,learned,2,35,triviaqa,Few-shot,112,20a3700899015182a533e684e40a3220bb3f00dc86cf72cb,7505,4-8k,100.0
learned_K2_V2_s35_step10000,learned,2,35,triviaqa,Few-shot,113,179d557aab9ff286290d8435b55a322856d73ad12f69d556,4726,4-8k,50.0
learned_K2_V2_s35_step10000,learned,2,35,triviaqa,Few-shot,114,87cbaa751a783b3da883c30dd314f044b283782710bd980d,6383,4-8k,66.66666666666666
learned_K2_V2_s35_step10000,learned,2,35,triviaqa,Few-shot,115,a7198035b53cd6ec54546bea8760f09b5908276fa4f8df1d,5247,4-8k,100.0
learned_K2_V2_s35_step10000,learned,2,35,triviaqa,Few-shot,116,1d347d486496d155a5ed7ac64f6b9d1c8a5d377e86de260e,6766,4-8k,100.0
learned_K2_V2_s35_step10000,learned,2,35,triviaqa,Few-shot,117,142f9c48307ea2927785bbf97a35c9201248b926d5a5c6cd,6238,4-8k,100.0
learned_K2_V2_s35_step10000,learned,2,35,triviaqa,Few-shot,118,f1cf5033f1022a49b43c20ceacd71cd7f02011b455420013,7151,4-8k,100.0
learned_K2_V2_s35_step10000,learned,2,35,triviaqa,Few-shot,119,623b035273f966a7dff623055b9bbd23e485210a92e92ec7,7310,4-8k,100.0
learned_K2_V2_s35_step10000,learned,2,35,triviaqa,Few-shot,120,2766b25313efd8c16c0a519250151c0e23906747b659c1d9,4191,4-8k,100.0
learned_K2_V2_s35_step10000,learned,2,35,triviaqa,Few-shot,121,fc156f28c196018bc6583845fbb02e4442f842f867b14e54,4980,4-8k,100.0
learned_K2_V2_s35_step10000,learned,2,35,triviaqa,Few-shot,122,565c79f32aac554fabbc844df8702d54322d7b53d3c8eaef,7220,4-8k,0.0
learned_K2_V2_s35_step10000,learned,2,35,triviaqa,Few-shot,123,e952d435861e3435ec4744727c161eeabb4f914c56e0a8a1,4715,4-8k,0.0
learned_K2_V2_s35_step10000,learned,2,35,triviaqa,Few-shot,124,f8fe0336d5b6887b01203f2c6d1aed2d4a419591f4001151,5431,4-8k,0.0
learned_K2_V2_s35_step10000,learned,2,35,triviaqa,Few-shot,125,fcd8a6cf66e95d9d4b6604c17cf5d9dc4f90ec6d4415440e,4493,4-8k,100.0
learned_K2_V2_s35_step10000,learned,2,35,triviaqa,Few-shot,126,24d45304ef61fee3ef388a4a3db86ca441e650453b329cbc,7376,4-8k,100.0
learned_K2_V2_s35_step10000,learned,2,35,triviaqa,Few-shot,127,968538bca4885160e5064bc185b1f003b64d25ff044e254f,6836,4-8k,100.0
learned_K2_V2_s35_step10000,learned,2,35,triviaqa,Few-shot,128,75668e18a807df87a9564b831f33d3d1ccb96256950cf0ea,5448,4-8k,0.0
learned_K2_V2_s35_step10000,learned,2,35,triviaqa,Few-shot,129,c9550d3f26ecccb2d0b8eac7ca9edaaa8cec81eaf676359e,5913,4-8k,100.0
learned_K2_V2_s35_step10000,learned,2,35,triviaqa,Few-shot,130,9f8aa958b9d79e088683e604801f71a7a71471b52b9eb620,5642,4-8k,66.66666666666666
learned_K2_V2_s35_step10000,learned,2,35,triviaqa,Few-shot,131,889d404515b7875dfb894f1f3bd59406374a3a275ea9b584,5408,4-8k,100.0
learned_K2_V2_s35_step10000,learned,2,35,triviaqa,Few-shot,132,bd51313596feec0e2ed933c6b481888897651f922ad46ad9,4392,4-8k,100.0
learned_K2_V2_s35_step10000,learned,2,35,triviaqa,Few-shot,133,b96fa0f48d421e116d9b032d66693c545be5045525ca4565,7966,4-8k,100.0
learned_K2_V2_s35_step10000,learned,2,35,triviaqa,Few-shot,134,87223379cc26e2178c405f62a71aad884dd99c7de7a3720d,7450,4-8k,100.0
learned_K2_V2_s35_step10000,learned,2,35,triviaqa,Few-shot,135,90a6831f079f795ee9e86a9772c3cd07ee0708823982f4a6,4735,4-8k,40.0
learned_K2_V2_s35_step10000,learned,2,35,triviaqa,Few-shot,136,12853912a7aeb218a05358be6e786682808d91bab3072504,7979,4-8k,100.0
learned_K2_V2_s35_step10000,learned,2,35,triviaqa,Few-shot,137,e2ce8e9dd9e643426297a20ab6baf750ccf9f062863b558e,6365,4-8k,100.0
learned_K2_V2_s35_step10000,learned,2,35,triviaqa,Few-shot,138,d1db4289254706f04bf71dbac334bbfbf495eace4e68d55a,4385,4-8k,100.0
learned_K2_V2_s35_step10000,learned,2,35,triviaqa,Few-shot,139,5e0662c2d74a00c60f0a7a84228b0337b6a9582caf266d3e,7220,4-8k,100.0
learned_K2_V2_s35_step10000,learned,2,35,triviaqa,Few-shot,140,9f677771a5ea66139e03e7b0d9b832d827fb385af0c87789,7451,4-8k,100.0
learned_K2_V2_s35_step10000,learned,2,35,triviaqa,Few-shot,141,9605771a090d9b7a2347ec8d8ca5ff88c4689d60ccf3df14,4974,4-8k,66.66666666666666
learned_K2_V2_s35_step10000,learned,2,35,triviaqa,Few-shot,142,338a919fca9020df306535087efd95a77d5cd1d8d1a57cb2,6470,4-8k,100.0
learned_K2_V2_s35_step10000,learned,2,35,triviaqa,Few-shot,143,bcb9c0cb0f3e0eb7281de5496a8a07951b5e4201cf7b24f1,5811,4-8k,0.0
learned_K2_V2_s35_step10000,learned,2,35,triviaqa,Few-shot,144,71069cefda6d2caad36055e762419287784983bfed031128,5834,4-8k,100.0
learned_K2_V2_s35_step10000,learned,2,35,triviaqa,Few-shot,145,d9a73c2c6b5c31afbe4ac092921725cb8d5382415378d7c5,5363,4-8k,100.0
learned_K2_V2_s35_step10000,learned,2,35,triviaqa,Few-shot,146,1402024a3ee1e58153e44e8f472dfaf23ab070c5cb912be2,6893,4-8k,100.0
learned_K2_V2_s35_step10000,learned,2,35,triviaqa,Few-shot,147,9018807f19ee02d865950c595bf1a259de22640430bc74ed,6427,4-8k,100.0
learned_K2_V2_s35_step10000,learned,2,35,triviaqa,Few-shot,148,48b08c1c2589755fdf9d79724acf3e9c56500438dfe2012b,5588,4-8k,100.0
learned_K2_V2_s35_step10000,learned,2,35,triviaqa,Few-shot,149,a087cf6febd8868d7efc755d30e7fdae77cce41cef815912,4785,4-8k,100.0
learned_K2_V2_s35_step10000,learned,2,35,triviaqa,Few-shot,150,36755f0ed678d668c02f7fa02cd678397afb847484964acb,5156,4-8k,40.0
learned_K2_V2_s35_step10000,learned,2,35,triviaqa,Few-shot,151,c2af6bef28c208a40d08c1b37f30641fe0cb5784a057b634,7843,4-8k,100.0
learned_K2_V2_s35_step10000,learned,2,35,triviaqa,Few-shot,152,f65cfa9585af67313194973a9d2f1678ae4f26fb3494bc1c,7284,4-8k,100.0
learned_K2_V2_s35_step10000,learned,2,35,triviaqa,Few-shot,153,c03298c08561b603751865d02874272e2480acfe4301f31c,6116,4-8k,100.0
learned_K2_V2_s35_step10000,learned,2,35,triviaqa,Few-shot,154,7844c6a595cec2d42b33b13843b35b980e593f581f66da97,4132,4-8k,100.0
learned_K2_V2_s35_step10000,learned,2,35,triviaqa,Few-shot,155,aa418785236c164c63a38a2d4e086ebf6bc1122c22b3ead6,4339,4-8k,100.0
learned_K2_V2_s35_step10000,learned,2,35,triviaqa,Few-shot,156,8b0de29df8fb70f15ed65a40bce4217222a1546fe7a8182c,6908,4-8k,100.0
learned_K2_V2_s35_step10000,learned,2,35,triviaqa,Few-shot,157,398d902f8270438f3888432b4a16fbea24414840fd61d94a,7086,4-8k,100.0
learned_K2_V2_s35_step10000,learned,2,35,triviaqa,Few-shot,158,3ac258e34104978d0d362640f8c92ad9c61772f6de741b6f,5256,4-8k,100.0
learned_K2_V2_s35_step10000,learned,2,35,triviaqa,Few-shot,159,4faf9576d851ff48686f0237c88900a6c127217633b765f3,5865,4-8k,100.0
learned_K2_V2_s35_step10000,learned,2,35,triviaqa,Few-shot,160,9acac9b3419885af73a008db96789ae6cb9eba4376c038ce,4670,4-8k,100.0
learned_K2_V2_s35_step10000,learned,2,35,triviaqa,Few-shot,161,6a7cbd4fdaa0c0826812d0b24929b9d0558184520be4cf33,5532,4-8k,0.0
learned_K2_V2_s35_step10000,learned,2,35,triviaqa,Few-shot,162,35b238576cc74a72aa356405aebe58ff8b486e8642933a85,7036,4-8k,100.0
learned_K2_V2_s35_step10000,learned,2,35,triviaqa,Few-shot,163,ddff3655b6d29132f991bc6f4f6552c2e252f0ffac1bafba,6011,4-8k,100.0
learned_K2_V2_s35_step10000,learned,2,35,triviaqa,Few-shot,164,a93f05731ea0a875edb882c2792c9b6c0022fb3c8844de19,6390,4-8k,100.0
learned_K2_V2_s35_step10000,learned,2,35,triviaqa,Few-shot,165,db9d845e2f53a23f7b33b9267c50d2e4cf1f7415a97f84f4,6614,4-8k,100.0
learned_K2_V2_s35_step10000,learned,2,35,triviaqa,Few-shot,166,d948e1db48ba0fed56e1a7c3b65027d057b09be90d935021,4661,4-8k,40.0
learned_K2_V2_s35_step10000,learned,2,35,triviaqa,Few-shot,167,fe5b93046168ed79813830cf73af5beb18ad006bd63a41c4,7057,4-8k,100.0
learned_K2_V2_s35_step10000,learned,2,35,triviaqa,Few-shot,168,8e99db0c68c29c8ff686632b85456132846e83fa5f1e05ce,6658,4-8k,100.0
learned_K2_V2_s35_step10000,learned,2,35,triviaqa,Few-shot,169,f7fe4a550c1d73c89f2e26373608a6f47f59b9b4dd05cb10,5296,4-8k,100.0
learned_K2_V2_s35_step10000,learned,2,35,triviaqa,Few-shot,170,5ac2e654864815d1c06fa1e15434579db305a9e74ff70ffd,5971,4-8k,66.66666666666666
learned_K2_V2_s35_step10000,learned,2,35,triviaqa,Few-shot,171,6c3854fc6c64a01c1c738ed10b29b0065a39f1b4173eb3a0,5925,4-8k,33.333333333333336
learned_K2_V2_s35_step10000,learned,2,35,triviaqa,Few-shot,172,9a726cf649dec1e2457dc41269e05e1fdbcbb36f21a9999d,4538,4-8k,100.0
learned_K2_V2_s35_step10000,learned,2,35,triviaqa,Few-shot,173,cac004055a09b7695807e9b9bfac551caec28b3f1e1b6639,7896,4-8k,100.0
learned_K2_V2_s35_step10000,learned,2,35,triviaqa,Few-shot,174,5d9daf059684377c07d55c91821277691a716319de2069d3,7936,4-8k,100.0
learned_K2_V2_s35_step10000,learned,2,35,triviaqa,Few-shot,175,fb1a847e1745c2eef2ead570491a14abdec66e8240083a32,6675,4-8k,100.0
learned_K2_V2_s35_step10000,learned,2,35,triviaqa,Few-shot,176,0bf8a6212dd569f188ff012e431ec50e46fe64b317209bd7,7857,4-8k,100.0
learned_K2_V2_s35_step10000,learned,2,35,triviaqa,Few-shot,177,baecc08d58bfa79e6ba36cbde8cfcd3d7f7f453e267eddef,6615,4-8k,100.0
learned_K2_V2_s35_step10000,learned,2,35,triviaqa,Few-shot,178,c0edb1b7affecedb7e06da7204ab3db9a3d5a3c4053dbfeb,6196,4-8k,100.0
learned_K2_V2_s35_step10000,learned,2,35,triviaqa,Few-shot,179,7871a1c45d67904e89a04cf1b047664dc12660249bc951e6,4445,4-8k,100.0
learned_K2_V2_s35_step10000,learned,2,35,triviaqa,Few-shot,180,19468b6e4998b6c859111004f751c6b4eee4f4d929c5f153,4948,4-8k,100.0
learned_K2_V2_s35_step10000,learned,2,35,triviaqa,Few-shot,181,67290aecab367c0164952148005c73b267733c71c4652502,6741,4-8k,0.0
learned_K2_V2_s35_step10000,learned,2,35,triviaqa,Few-shot,182,6ddeb0462f3616751eb6495b571ab2dfe8ab2be659debc09,4380,4-8k,0.0
learned_K2_V2_s35_step10000,learned,2,35,triviaqa,Few-shot,183,be36d3cd74149db1e9a0f84a74a32fb37a1f31ef93fb87a5,7490,4-8k,100.0
learned_K2_V2_s35_step10000,learned,2,35,triviaqa,Few-shot,184,c05989b7756c51729fb16584586a5e7b3cc6e4c942b41c1a,5396,4-8k,100.0
learned_K2_V2_s35_step10000,learned,2,35,triviaqa,Few-shot,185,7b99e6245b6e2c5a8f76575fcd78f78274d23587914c84dd,4989,4-8k,100.0
learned_K2_V2_s35_step10000,learned,2,35,triviaqa,Few-shot,186,b9bc7db885a84af15d2ac1178f19100ffc52a85309db25ca,6689,4-8k,100.0
learned_K2_V2_s35_step10000,learned,2,35,triviaqa,Few-shot,187,354d9591b3f36ad57e6bfe8ebf66d6783d8dd02b17f07148,4298,4-8k,100.0
learned_K2_V2_s35_step10000,learned,2,35,triviaqa,Few-shot,188,2279e534b772720e6828aa4ec65540704015fbc3f560a5ad,6343,4-8k,100.0
learned_K2_V2_s35_step10000,learned,2,35,triviaqa,Few-shot,189,1f90431476fee2a1acfc9e0c0f44c925358056b62116ca12,6101,4-8k,0.0
learned_K2_V2_s35_step10000,learned,2,35,triviaqa,Few-shot,190,874ab452b75fbe0d4e59605c8071c1a08d946823d924cee1,5621,4-8k,100.0
learned_K2_V2_s35_step10000,learned,2,35,triviaqa,Few-shot,191,a1e87ccf8ad3654f0bc2a98103204403f6742cd1c13b3977,4002,4-8k,100.0
learned_K2_V2_s35_step10000,learned,2,35,triviaqa,Few-shot,192,8dd7e008bda0f1085ad933907ff73985a4d50c50d6578815,4185,4-8k,100.0
learned_K2_V2_s35_step10000,learned,2,35,triviaqa,Few-shot,193,eaf61ce991ed4ecaa8e2fac517f2faf5d9957c80ed6487af,7333,4-8k,100.0
learned_K2_V2_s35_step10000,learned,2,35,triviaqa,Few-shot,194,5ceb8d29dd47855415c92fed9fa62d9014f73b8fa8a73c39,7255,4-8k,100.0
learned_K2_V2_s35_step10000,learned,2,35,triviaqa,Few-shot,195,5075dc895ac98e7497eb342617c093623d60f273511fa31b,5767,4-8k,100.0
learned_K2_V2_s35_step10000,learned,2,35,triviaqa,Few-shot,196,33c03f43fb0765298f9d05a37fcb6db01c2209fd89d61208,6341,4-8k,100.0
learned_K2_V2_s35_step10000,learned,2,35,triviaqa,Few-shot,197,496eeee755cf08dccbf00532c5f7e095a1e56f22fd62f286,7266,4-8k,100.0
learned_K2_V2_s35_step10000,learned,2,35,triviaqa,Few-shot,198,3928e8c8dc5fba6e92fbc1767b746b11e52b364f6075f175,7795,4-8k,100.0
learned_K2_V2_s35_step10000,learned,2,35,triviaqa,Few-shot,199,32eacd7023944716bfe3babf52454bdfdd66b547a8bfe16e,5655,4-8k,100.0
learned_K2_V2_s35_step10000,learned,2,35,triviaqa,Few-shot,200,04c03d81c1505c2adfec59e4eda1cde76fe908827c6a9117,11896,8k+,100.0
learned_K2_V2_s35_step10000,learned,2,35,triviaqa,Few-shot,201,4df0f62fe91c8542bc1776f0f8400f26ba07afc20239d48a,12712,8k+,100.0
learned_K2_V2_s35_step10000,learned,2,35,triviaqa,Few-shot,202,0afd18e8143aff5535b07a000a580a11073ca1deab18b9ea,8822,8k+,0.0
learned_K2_V2_s35_step10000,learned,2,35,triviaqa,Few-shot,203,f66defba8c5ffbb800c3bb72e8d1f0fccbb40aa1531933f7,10798,8k+,100.0
learned_K2_V2_s35_step10000,learned,2,35,triviaqa,Few-shot,204,9467ae2aa04fbd772de222aad6136c7d0b6ff04986585c80,8430,8k+,100.0
learned_K2_V2_s35_step10000,learned,2,35,triviaqa,Few-shot,205,90fb7f90febf4c016c84a29b14ce0faf2bcf13bf86927828,10504,8k+,100.0
learned_K2_V2_s35_step10000,learned,2,35,triviaqa,Few-shot,206,b76cc838bf517e13bdf35517a991e7dadab853cdbf3951d2,10091,8k+,100.0
learned_K2_V2_s35_step10000,learned,2,35,triviaqa,Few-shot,207,22c3d8dbb2fa492ca5040ee9583829f88cf38740d9bcedee,8774,8k+,100.0
learned_K2_V2_s35_step10000,learned,2,35,triviaqa,Few-shot,208,10a463a23d667e31a9660f2f0493fa4a9a6e42cab4aee1c3,8018,8k+,100.0
learned_K2_V2_s35_step10000,learned,2,35,triviaqa,Few-shot,209,a24663bee54d383f800222f99608fbab85b3f927b6673d79,11215,8k+,100.0
learned_K2_V2_s35_step10000,learned,2,35,triviaqa,Few-shot,210,6de29b2f34cee0756efda04e9eb1dc39811fa93d4bd43c49,10706,8k+,100.0
learned_K2_V2_s35_step10000,learned,2,35,triviaqa,Few-shot,211,beeecce51a6a327771865f33923d910df9a1874881233c61,12055,8k+,100.0
learned_K2_V2_s35_step10000,learned,2,35,triviaqa,Few-shot,212,c661975e59415a0e173716eb83bb97cef0aa8d1d8f87ab89,10109,8k+,100.0
learned_K2_V2_s35_step10000,learned,2,35,triviaqa,Few-shot,213,e30ad59f95cbb84b8832a3450ed7f34279e80a87fdec24a9,8108,8k+,100.0
learned_K2_V2_s35_step10000,learned,2,35,triviaqa,Few-shot,214,3d8a1bd46977f4168076696bd03da092bf8f1644a7fd30df,11741,8k+,100.0
learned_K2_V2_s35_step10000,learned,2,35,triviaqa,Few-shot,215,ffb5aab6fe43940f339b04e1552f1cdd0515cc73ae46f7cc,13912,8k+,50.0
learned_K2_V2_s35_step10000,learned,2,35,triviaqa,Few-shot,216,fcc0a44fdd6c497a2babc1e9f8ce3a580742e3f6312af1e9,14297,8k+,100.0
learned_K2_V2_s35_step10000,learned,2,35,triviaqa,Few-shot,217,4bdc8db250f8bcaf78b1b321985e68a1b592243ea0543d28,13337,8k+,100.0
learned_K2_V2_s35_step10000,learned,2,35,triviaqa,Few-shot,218,a2260ca83726418391f3c1f7610c57e415fec5a002b8900e,12921,8k+,100.0
learned_K2_V2_s35_step10000,learned,2,35,triviaqa,Few-shot,219,d5b5ac79af67b0d5b48430694de20d2bd3fe451b8ade78a2,12659,8k+,66.66666666666666
learned_K2_V2_s35_step10000,learned,2,35,triviaqa,Few-shot,220,6cd14f9a2d53c3054ab9a9aecb2a83fac0638d3b8c50cbba,10706,8k+,0.0
learned_K2_V2_s35_step10000,learned,2,35,triviaqa,Few-shot,221,0b5df49e696141bf973440ae0b0d253a848d804994121035,11882,8k+,100.0
learned_K2_V2_s35_step10000,learned,2,35,triviaqa,Few-shot,222,bb61178533c5be953add89714a94f63d8859e509ca065dc9,11581,8k+,100.0
learned_K2_V2_s35_step10000,learned,2,35,triviaqa,Few-shot,223,1bfa4aab7069c46290fd1c8cb9a0b01b981ca77650aa6a90,11324,8k+,100.0
learned_K2_V2_s35_step10000,learned,2,35,triviaqa,Few-shot,224,2a9467f9ddd6efa01069b920521869c454347e5a2b2f9281,11856,8k+,100.0
learned_K2_V2_s35_step10000,learned,2,35,triviaqa,Few-shot,225,c826ffc5720e70dd169c36e5bc1a1c10ea866b165dc1fe35,13577,8k+,100.0
learned_K2_V2_s35_step10000,learned,2,35,triviaqa,Few-shot,226,a14acc130b6f9fafa9fad828a40751edad4d1a283ffcac30,8033,8k+,100.0
learned_K2_V2_s35_step10000,learned,2,35,triviaqa,Few-shot,227,30a7c163062f3583dd62e389484b79f7e7fe51f6e69cc47a,13611,8k+,0.0
learned_K2_V2_s35_step10000,learned,2,35,triviaqa,Few-shot,228,263b9c9c27b92df93edce15f6c63f48f00fd2d550d09c0f1,9446,8k+,100.0
learned_K2_V2_s35_step10000,learned,2,35,triviaqa,Few-shot,229,d8761aecea17ff51005b8c45619106989fb1410edc0e2803,11222,8k+,66.66666666666666
learned_K2_V2_s35_step10000,learned,2,35,triviaqa,Few-shot,230,09e524beddfe901aa1373960ef19a71c469ed3ac51a2ead9,9928,8k+,100.0
learned_K2_V2_s35_step10000,learned,2,35,triviaqa,Few-shot,231,74954204ef941c4ba2c4383cb48140898e4b5319a5e7a80f,14272,8k+,100.0
learned_K2_V2_s35_step10000,learned,2,35,triviaqa,Few-shot,232,6f480ba320c86ed13156854c5770ceaf5290efe5a87c759b,13294,8k+,100.0
learned_K2_V2_s35_step10000,learned,2,35,triviaqa,Few-shot,233,2729bc2ff839ce8703c5837bd66b569ceb0b545ea33363dc,14189,8k+,100.0
learned_K2_V2_s35_step10000,learned,2,35,triviaqa,Few-shot,234,6b37bddf49f92ed989d2364d6e0e6eff0bca746f126e289d,12212,8k+,100.0
learned_K2_V2_s35_step10000,learned,2,35,triviaqa,Few-shot,235,1c44d74bc08aa55c7e1ad8fa3020b9927fe493860f19956b,8017,8k+,100.0
learned_K2_V2_s35_step10000,learned,2,35,triviaqa,Few-shot,236,a083a818556d33c8936eb6548f9a7add08293dd945541925,8266,8k+,100.0
learned_K2_V2_s35_step10000,learned,2,35,triviaqa,Few-shot,237,2e4a52f08d91a9e27e03f90283ed060ddb238c9a9a4f7346,10482,8k+,80.0
learned_K2_V2_s35_step10000,learned,2,35,triviaqa,Few-shot,238,10139de10fc6fe7e1fed08528f508b2856472376409da892,9729,8k+,100.0
learned_K2_V2_s35_step10000,learned,2,35,triviaqa,Few-shot,239,2ab37cba00c32f78c19c74ccedbf3f914de6b4549f2f661d,9347,8k+,100.0
learned_K2_V2_s35_step10000,learned,2,35,triviaqa,Few-shot,240,2edf7b5e290e4e6db9d048280d672cf3232b014d202a32df,11850,8k+,100.0
learned_K2_V2_s35_step10000,learned,2,35,triviaqa,Few-shot,241,78f1d78b4fb78f2183c920a91fff0b4078b0bf974d8abb10,8175,8k+,100.0
learned_K2_V2_s35_step10000,learned,2,35,triviaqa,Few-shot,242,69c40eade19a4b17e873767d0f0b8864c0e460d4ea473a58,10392,8k+,100.0
learned_K2_V2_s35_step10000,learned,2,35,triviaqa,Few-shot,243,b2da9181c42552ce12740bebfed03acdcf07db339a24da82,12089,8k+,100.0
learned_K2_V2_s35_step10000,learned,2,35,triviaqa,Few-shot,244,1709da4d547be39f12232053ba5730320e3d9527546092dc,12163,8k+,100.0
learned_K2_V2_s35_step10000,learned,2,35,triviaqa,Few-shot,245,d61f1ba97f67c0bd3bc357f91060520f9ccbe191131c0e5a,12932,8k+,100.0
learned_K2_V2_s35_step10000,learned,2,35,triviaqa,Few-shot,246,81dd6866be533dce07ebdd1efda9624c2e8e983681fdb3cb,11303,8k+,100.0
learned_K2_V2_s35_step10000,learned,2,35,triviaqa,Few-shot,247,8301cddbc64e22f4169bf768b6365f13f3f25c574ad58a63,11883,8k+,100.0
learned_K2_V2_s35_step10000,learned,2,35,triviaqa,Few-shot,248,1be41635f109463aad4ac2d71b524edcbdeabced54a0cdc3,12438,8k+,100.0
learned_K2_V2_s35_step10000,learned,2,35,triviaqa,Few-shot,249,49f17319272be52068b1b9a22d02c70ad07e5118cc418d2b,11107,8k+,100.0
learned_K2_V2_s35_step10000,learned,2,35,triviaqa,Few-shot,250,bd8a96aa58c93ef2128a424f1cc9c700e0d9db5b72018c04,11993,8k+,100.0
learned_K2_V2_s35_step10000,learned,2,35,triviaqa,Few-shot,251,a3086b4652ba183421b2278329658a836f880821b5477626,10010,8k+,100.0
learned_K2_V2_s35_step10000,learned,2,35,triviaqa,Few-shot,252,093cd8f1baf69945945edab70ffeea2f79e602eb010d29e0,9867,8k+,100.0
learned_K2_V2_s35_step10000,learned,2,35,triviaqa,Few-shot,253,4a89fffedfd996923f22dc8237ee29c63a146bee8a90abfa,10755,8k+,100.0
learned_K2_V2_s35_step10000,learned,2,35,triviaqa,Few-shot,254,fd75a9b53e258f8766bfd581fc7d75e0294874b7507760be,11979,8k+,100.0
learned_K2_V2_s35_step10000,learned,2,35,triviaqa,Few-shot,255,3a455900285582bb4b0ff0b368b2734992a41a8521602b41,11606,8k+,100.0
learned_K2_V2_s35_step10000,learned,2,35,triviaqa,Few-shot,256,3ce398376d1a64072763eacac6167d3d44cbf46567607c9e,14355,8k+,100.0
learned_K2_V2_s35_step10000,learned,2,35,triviaqa,Few-shot,257,d27c1236948fd51c77bf085b4aa7da59c3c9c462be72cc2b,8675,8k+,100.0
learned_K2_V2_s35_step10000,learned,2,35,triviaqa,Few-shot,258,c5e835c6d30d0278c1832351580689ffdd46d71bda1bbdfd,14026,8k+,100.0
learned_K2_V2_s35_step10000,learned,2,35,triviaqa,Few-shot,259,27ea0af3aa719495ffff9a77549d32db9316f1954d6fdb3d,9844,8k+,100.0
learned_K2_V2_s35_step10000,learned,2,35,triviaqa,Few-shot,260,404e8df45cb609b12a48f91e822740329e92c578fc923da6,11472,8k+,100.0
learned_K2_V2_s35_step10000,learned,2,35,triviaqa,Few-shot,261,b1a93c6c6e5eeb2b9892318c9956da5319e8695bb61dffb6,13629,8k+,100.0
learned_K2_V2_s35_step10000,learned,2,35,triviaqa,Few-shot,262,3e0259a59b6bf5581ced15b76ed9e0754c2ad0cb0d9c1914,11439,8k+,100.0
learned_K2_V2_s35_step10000,learned,2,35,triviaqa,Few-shot,263,2f7e46ad2e56242be38c2b33ba7a5d9f6e554533e033f8ae,13179,8k+,100.0
learned_K2_V2_s35_step10000,learned,2,35,triviaqa,Few-shot,264,907f2c4f6b83279b01ac51237af9cabccee8783ab7d1056d,10359,8k+,100.0
learned_K2_V2_s35_step10000,learned,2,35,triviaqa,Few-shot,265,045f6bbd5f7a8470d6b3f4cc56af7b790695fff2cd6629dc,15960,8k+,100.0
learned_K2_V2_s35_step10000,learned,2,35,triviaqa,Few-shot,266,f0e68fba69cde58557b8eb2084fed9c8d0d45499288b6077,9089,8k+,100.0
learned_K2_V2_s35_step10000,learned,2,35,triviaqa,Few-shot,267,a3903fe7b43c056c702d3131e738e5db68ddd1e1aab3f287,8045,8k+,100.0
learned_K2_V2_s35_step10000,learned,2,35,triviaqa,Few-shot,268,f2739690f5008cb146921368aa7ccc12fdd2e53e1e953283,10580,8k+,100.0
learned_K2_V2_s35_step10000,learned,2,35,triviaqa,Few-shot,269,396c89e6165f977f7195ceec0487f65d34bad3e19b0ccfae,13732,8k+,0.0
learned_K2_V2_s35_step10000,learned,2,35,triviaqa,Few-shot,270,80f0f25da0109067669aae2fa094e07da142a01a15b22bcd,8788,8k+,100.0
learned_K2_V2_s35_step10000,learned,2,35,triviaqa,Few-shot,271,d8ddb4f2e1cd943212face175e5e6232288f9d5919ab0cfd,14125,8k+,100.0
learned_K2_V2_s35_step10000,learned,2,35,triviaqa,Few-shot,272,b57e3801c9928c68a3f5df5f7d56431ba94a6b0fff0d13aa,8353,8k+,100.0
learned_K2_V2_s35_step10000,learned,2,35,triviaqa,Few-shot,273,10985e1f237cd98d8d5a7b103e9bae9aea49d2c68b952280,15767,8k+,0.0
learned_K2_V2_s35_step10000,learned,2,35,triviaqa,Few-shot,274,de1768c42ec5a2c3cd4beb89d7e83dbac715f7a03714d710,10305,8k+,100.0
learned_K2_V2_s35_step10000,learned,2,35,triviaqa,Few-shot,275,2689672207176d5754e9cb670b812ae5405b1fb4d4be01af,12788,8k+,100.0
learned_K2_V2_s35_step10000,learned,2,35,triviaqa,Few-shot,276,c6018417059d58ad7cf398138c33839739385c8cbf19d36e,11806,8k+,50.0
learned_K2_V2_s35_step10000,learned,2,35,triviaqa,Few-shot,277,30ff94bafae574dc57db9db4644f01450a2428a187a3ea70,12564,8k+,100.0
learned_K2_V2_s35_step10000,learned,2,35,triviaqa,Few-shot,278,6c2b7716779cb8ad7ede8ece0b03c6aaab0f0a4687fdb7e1,13093,8k+,100.0
learned_K2_V2_s35_step10000,learned,2,35,triviaqa,Few-shot,279,48bcfa812683f00f25e2a63a4db1c1617c26df7cff2ae6dc,8170,8k+,100.0
learned_K2_V2_s35_step10000,learned,2,35,triviaqa,Few-shot,280,ffe15a2d56911ccc844bf605db08069c8cbfbb794f5af801,10474,8k+,100.0
learned_K2_V2_s35_step10000,learned,2,35,triviaqa,Few-shot,281,fef0f525a1219e2c680651576bd4c640bde9af8dbde54f55,10315,8k+,100.0
learned_K2_V2_s35_step10000,learned,2,35,triviaqa,Few-shot,282,d93587c634285ad34c18ed30610529bea6fa9f4c358209ff,8075,8k+,100.0
learned_K2_V2_s35_step10000,learned,2,35,triviaqa,Few-shot,283,4d3bace164938b170f182ab458d264ce58fbafc982be0ec3,9520,8k+,100.0
learned_K2_V2_s35_step10000,learned,2,35,triviaqa,Few-shot,284,94ea6f86f889ea05d149c6cc953d18147b6ea6aad2dd5432,10342,8k+,100.0
learned_K2_V2_s35_step10000,learned,2,35,triviaqa,Few-shot,285,69a47830fd68c93315c96624f51db535aa6ae5963a88252c,11016,8k+,100.0
learned_K2_V2_s35_step10000,learned,2,35,triviaqa,Few-shot,286,9a8dd49792ba39ea28f9c777f8a493a6314050e74a0156f7,11614,8k+,100.0
learned_K2_V2_s35_step10000,learned,2,35,triviaqa,Few-shot,287,47fc43c22f610ac75f754effc1093c5cbfeef0ba7ad3cdaf,13255,8k+,100.0
learned_K2_V2_s35_step10000,learned,2,35,triviaqa,Few-shot,288,a9f5654bca4d674cb4e7a35d1e59df67b003d6e35275b26f,9440,8k+,100.0
learned_K2_V2_s35_step10000,learned,2,35,triviaqa,Few-shot,289,c64a8d1aa1e723dd57890de5d5fb62c987aa40809e615a4e,14945,8k+,100.0
learned_K2_V2_s35_step10000,learned,2,35,triviaqa,Few-shot,290,ee606dca7a956b661e19b36859b1916cd0f1cfbef4352380,9846,8k+,85.71428571428571
learned_K2_V2_s35_step10000,learned,2,35,triviaqa,Few-shot,291,81c5d4503db01278f3a5b64fbb24a43b4bc000f78d4f48c7,11906,8k+,100.0
learned_K2_V2_s35_step10000,learned,2,35,triviaqa,Few-shot,292,54e43b5221fc578ba8fe2ba07d169aa2e20ffaf50a5e1912,12807,8k+,100.0
learned_K2_V2_s35_step10000,learned,2,35,triviaqa,Few-shot,293,f69c205d4b7b0dd84640f3cf3ed69b760e312b5d3076dd31,13156,8k+,0.0
learned_K2_V2_s35_step10000,learned,2,35,triviaqa,Few-shot,294,b6343ffee0cee984c4160333f9efcecd3b0300016593c8fd,10087,8k+,100.0
learned_K2_V2_s35_step10000,learned,2,35,triviaqa,Few-shot,295,8c0ab9a9c836614a52b35d606b176043723bffe63f3890d8,12921,8k+,100.0
learned_K2_V2_s35_step10000,learned,2,35,triviaqa,Few-shot,296,7fa20d3c2484f91fa78ea704192bd6636a0d477af2d284ac,9915,8k+,66.66666666666666
learned_K2_V2_s35_step10000,learned,2,35,triviaqa,Few-shot,297,62eb241385e1ed5e18c57856380c22ba7dc44881381cec86,10080,8k+,100.0
learned_K2_V2_s35_step10000,learned,2,35,triviaqa,Few-shot,298,eab0726220f16d8ec7bae7cddfbaee0467f069783a451dfb,10145,8k+,100.0
learned_K2_V2_s35_step10000,learned,2,35,triviaqa,Few-shot,299,006ecdf0575e2872db18a87823c21443a15d5016696dd0c8,14813,8k+,100.0
learned_K2_V2_s35_step10000,learned,2,35,samsum,Few-shot,0,158b7db2e111643f66315da64d8459f61ad6dd62f5f24c2c,1909,0-4k,30.76923026923078
learned_K2_V2_s35_step10000,learned,2,35,samsum,Few-shot,1,c80d4bf6971ba2e7a0b3a5affdaa50a01a03faa368077524,3931,0-4k,27.69230719810652
learned_K2_V2_s35_step10000,learned,2,35,samsum,Few-shot,2,66fe3774d3686f64c487b2b42c83421d10367deeb6bfed00,1714,0-4k,26.666666180555566
learned_K2_V2_s35_step10000,learned,2,35,samsum,Few-shot,3,3e88932ea0fc3ba56044a3bbbe58e0125f77c63e929c284d,3986,0-4k,0.0
learned_K2_V2_s35_step10000,learned,2,35,samsum,Few-shot,4,836f2e990814543003cdaf823f07767e7ad065aa6ae2bb09,2285,0-4k,25.806451113423527
learned_K2_V2_s35_step10000,learned,2,35,samsum,Few-shot,5,baf241ba78d0f6bba3199805902dc2c27e7d98dfdae1cf0c,2756,0-4k,21.7391299357278
learned_K2_V2_s35_step10000,learned,2,35,samsum,Few-shot,6,3ea532ab0addd3b00ccff7e7f4c09e0644067bf1acf1453a,3170,0-4k,61.538461112426035
learned_K2_V2_s35_step10000,learned,2,35,samsum,Few-shot,7,e5b2529de4edb475662403295e8fb4c639067de48ea3fa13,1794,0-4k,95.23809473922903
learned_K2_V2_s35_step10000,learned,2,35,samsum,Few-shot,8,fb314b022597826c4b6edb9a1eb59a81cfc29aaecbe9ceff,1669,0-4k,45.45454497107439
learned_K2_V2_s35_step10000,learned,2,35,samsum,Few-shot,9,5f86fde517cb1bb6803596ffd30eff78d16d3f4a1a56b3e8,2648,0-4k,18.181817683305802
learned_K2_V2_s35_step10000,learned,2,35,samsum,Few-shot,10,0f3011032cd6da5738f9e0299aa66b848e70052442e472bc,1594,0-4k,35.71428530612245
learned_K2_V2_s35_step10000,learned,2,35,samsum,Few-shot,11,2515cecdd8be7b91008f8563446511069fec11469d88493e,3446,0-4k,61.818181391074376
learned_K2_V2_s35_step10000,learned,2,35,samsum,Few-shot,12,2eba946bb02cd774187fc4ebab19ece079c25fe95f6ba846,1985,0-4k,23.529411280276825
learned_K2_V2_s35_step10000,learned,2,35,samsum,Few-shot,13,c8173da8a75ab3c6675ee6c68956da1e42996a4f2ede632d,2904,0-4k,31.111110666666676
learned_K2_V2_s35_step10000,learned,2,35,samsum,Few-shot,14,4079d3ba1f9c75c05a32d55bf024aeb9111d4f757e514771,2236,0-4k,40.90909043491735
learned_K2_V2_s35_step10000,learned,2,35,samsum,Few-shot,15,afc97c9ba3cf7a6a59797f18ddf3fb8f6c3d1bb5e596249b,2380,0-4k,39.9999995392
learned_K2_V2_s35_step10000,learned,2,35,samsum,Few-shot,16,4b8f0021028368a37b2ae640d2f0811f61b51f9ff94ea1de,3481,0-4k,45.45454495500459
learned_K2_V2_s35_step10000,learned,2,35,samsum,Few-shot,17,93fed7486289a18c34997eaf2ef48fb87a98e88e730e0708,2148,0-4k,53.33333283555556
learned_K2_V2_s35_step10000,learned,2,35,samsum,Few-shot,18,745c536cfcd6f88d588216c38f08bc928bd36d957e589724,3135,0-4k,73.68421002770083
learned_K2_V2_s35_step10000,learned,2,35,samsum,Few-shot,19,0bf52d18ccff2e111ad516892321685343c9dac7140bdef0,3439,0-4k,49.99999950086805
learned_K2_V2_s35_step10000,learned,2,35,samsum,Few-shot,20,4ce53ed05cf46a6f6fc1a4372f9e9ed80c3aa05f51ee185a,3771,0-4k,33.33333285802469
learned_K2_V2_s35_step10000,learned,2,35,samsum,Few-shot,21,40232983571b8ce83adcb03ef9ef55c99dc4a019a368f310,2053,0-4k,36.363635941230484
learned_K2_V2_s35_step10000,learned,2,35,samsum,Few-shot,22,1ed76938cedc5b6d40b0ed90820994457cdd68365fc99df9,1355,0-4k,43.999999528800004
learned_K2_V2_s35_step10000,learned,2,35,samsum,Few-shot,23,c910db156d1c638ac324cc0c8f5a7b4206ecde338160e362,3271,0-4k,22.222221777777783
learned_K2_V2_s35_step10000,learned,2,35,samsum,Few-shot,24,229813fd42feee3e7b2aac3de3ada57331ab038272eba2e1,2550,0-4k,21.052631191135738
learned_K2_V2_s35_step10000,learned,2,35,samsum,Few-shot,25,223fde1aeb7007a6e1f27eab60c1b647fffe96f09330eef3,1604,0-4k,77.77777727777779
learned_K2_V2_s35_step10000,learned,2,35,samsum,Few-shot,26,ec7a0fbe67acce6c15c8ae6a4b1a389c9b7cefc6483babdf,3815,0-4k,25.641025152859964
learned_K2_V2_s35_step10000,learned,2,35,samsum,Few-shot,27,b2b3903cc4020eaef687c516d4a21297b9deb76c22bd7616,2797,0-4k,41.37930985017836
learned_K2_V2_s35_step10000,learned,2,35,samsum,Few-shot,28,cea67f9e6218dd3c850accfd096dfa916a46025d2c824072,936,0-4k,28.571428112244902
learned_K2_V2_s35_step10000,learned,2,35,samsum,Few-shot,29,b53742a671ce3241d6893fce02835a0abb2ca54a01464dfd,3685,0-4k,37.037036554183814
learned_K2_V2_s35_step10000,learned,2,35,samsum,Few-shot,30,1937c256433911ec3025e6383525c9c4ef22d52b445a0a0c,3507,0-4k,29.268292183224276
learned_K2_V2_s35_step10000,learned,2,35,samsum,Few-shot,31,018c19631933484203fb50ea1c66e51f3d6e3b1ce9420578,2337,0-4k,41.025640525969756
learned_K2_V2_s35_step10000,learned,2,35,samsum,Few-shot,32,be4d4959d7949617c60514aca9532e4ae10310e63a99f05a,2374,0-4k,42.10526265927979
learned_K2_V2_s35_step10000,learned,2,35,samsum,Few-shot,33,5fed2d5bd961c33a264b95103ae6f6b5aa67688f5123f3b8,2558,0-4k,34.78260819659736
learned_K2_V2_s35_step10000,learned,2,35,samsum,Few-shot,34,d379ce2929c951da1c6732a9d7f038baeba38d2d9f8dbe16,3760,0-4k,27.777777302469143
learned_K2_V2_s35_step10000,learned,2,35,samsum,Few-shot,35,a300ad045cf083fbe6763b240ff4820702d08b0deb2b8df5,3974,0-4k,36.36363596694215
learned_K2_V2_s35_step10000,learned,2,35,samsum,Few-shot,36,27487258c5d930225a5cb2dee846adde91655231360ab56b,2858,0-4k,37.93103402080857
learned_K2_V2_s35_step10000,learned,2,35,samsum,Few-shot,37,b175e2b6f0c5e9d51910afa58a39612a5a48feafdefd6522,3451,0-4k,60.86956474102081
learned_K2_V2_s35_step10000,learned,2,35,samsum,Few-shot,38,c815603523a7c99e72b8ebe2c4385c492cdce46b23326fde,2519,0-4k,53.6585360856633
learned_K2_V2_s35_step10000,learned,2,35,samsum,Few-shot,39,50e755b71c1ca97fb7837c8a343decc593602117151d4daf,2723,0-4k,14.28571381405897
learned_K2_V2_s35_step10000,learned,2,35,samsum,Few-shot,40,9c103cfd0c600a5a53e7f2218e99b9bfe2c212b1396d1b8b,2522,0-4k,17.647058339100358
learned_K2_V2_s35_step10000,learned,2,35,samsum,Few-shot,41,892bbc511e625c02abd5957eddc93b2a63cf5449abd41110,3429,0-4k,48.14814764883402
learned_K2_V2_s35_step10000,learned,2,35,samsum,Few-shot,42,7d3ff9374f966baf1b3cb0df8bd86d8a5784dbf06390d705,1919,0-4k,44.44444394513032
learned_K2_V2_s35_step10000,learned,2,35,samsum,Few-shot,43,5bea521dc0d750a9265b40101f50d118854dbce941e3cefd,1544,0-4k,42.10526269252078
learned_K2_V2_s35_step10000,learned,2,35,samsum,Few-shot,44,2eca17c0ad9eb000e038d0185667c9025256b9535b9c5422,3139,0-4k,51.06382929289273
learned_K2_V2_s35_step10000,learned,2,35,samsum,Few-shot,45,460d2ee10d28f86f802dbae69b5b354d4df1098cb45630ce,3882,0-4k,45.45454497107439
learned_K2_V2_s35_step10000,learned,2,35,samsum,Few-shot,46,faa641b2339029552240283cb3eb9f815bd90a06ac135dbc,2519,0-4k,20.689654677764576
learned_K2_V2_s35_step10000,learned,2,35,samsum,Few-shot,47,c5495b749f851f856c4abbaf40bd972fe86baddd642cdb87,2318,0-4k,16.32653024239901
learned_K2_V2_s35_step10000,learned,2,35,samsum,Few-shot,48,931e5f2beb974aed1ab27bc5d09a898d58494710f5dbd74f,2004,0-4k,40.5063286204134
learned_K2_V2_s35_step10000,learned,2,35,samsum,Few-shot,49,35cb0314151086c1c7e25fae71ed0d94b8c6ba4fa33727c6,1820,0-4k,49.230768730887576
learned_K2_V2_s35_step10000,learned,2,35,samsum,Few-shot,50,584a1aadbc7520610c42df9039a637414d43ed693264739f,3108,0-4k,49.999999509297524
learned_K2_V2_s35_step10000,learned,2,35,samsum,Few-shot,51,16ea5f2d8d66f201800ce672bb72c3492ca2b78675701375,1481,0-4k,24.24242382001837
learned_K2_V2_s35_step10000,learned,2,35,samsum,Few-shot,52,33b5275063c0ae964e8af26c274845630bd7d350f4dd9f7e,2030,0-4k,33.3333328888889
learned_K2_V2_s35_step10000,learned,2,35,samsum,Few-shot,53,1727a872e23e1bdc6e32030ff5643e04808dd390473c3e73,2236,0-4k,7.1428566658163595
learned_K2_V2_s35_step10000,learned,2,35,samsum,Few-shot,54,7272a8026aa61ce7ec59783c729c65c90d0077ec54d4cdd3,2581,0-4k,28.57142808163266
learned_K2_V2_s35_step10000,learned,2,35,samsum,Few-shot,55,0b61c23fde58a1a29920fd2cf13ba9caf9dec377481563df,2154,0-4k,36.363635864669426
learned_K2_V2_s35_step10000,learned,2,35,samsum,Few-shot,56,10f9417eff2bc0fc8b50765a24223de2ba162e688f4fae2e,1865,0-4k,36.36363591140496
learned_K2_V2_s35_step10000,learned,2,35,samsum,Few-shot,57,18f709954ce24e3e9318a94afb37d91475b7e76d321d2be9,2735,0-4k,29.99999950500001
learned_K2_V2_s35_step10000,learned,2,35,samsum,Few-shot,58,6c84687f5e462dafdbedfd4f327621f998a1a6374280cabc,1849,0-4k,12.499999503472239
learned_K2_V2_s35_step10000,learned,2,35,samsum,Few-shot,59,f610a9277f835ce98ed109bc091260a7df3f1005aca8ec55,2483,0-4k,13.33333285333335
learned_K2_V2_s35_step10000,learned,2,35,samsum,Few-shot,60,3f55e1b69060323006cc97bb7791a4fc54be43bc25531bc9,1901,0-4k,22.85714235755103
learned_K2_V2_s35_step10000,learned,2,35,samsum,Few-shot,61,cac5403c472c03fc6effadef4863f7cbc4442b0eee9be481,2126,0-4k,26.315788986149585
learned_K2_V2_s35_step10000,learned,2,35,samsum,Few-shot,62,55e91195438bd97d9a4179737b2e0f0fb453c877e10a8e2a,1922,0-4k,76.47058774221455
learned_K2_V2_s35_step10000,learned,2,35,samsum,Few-shot,63,dfe05502cbf34317ee38a9ffbf20b827efa9ad7a4d67eeb8,2155,0-4k,29.99999950500001
learned_K2_V2_s35_step10000,learned,2,35,samsum,Few-shot,64,e7a2c1671fe34a94fe9e11841fef86e37ba165e965549065,1927,0-4k,27.27272683884298
learned_K2_V2_s35_step10000,learned,2,35,samsum,Few-shot,65,2b739f373d44d8f8925d26449fd0eb1a32d67e167d29b257,3318,0-4k,84.6153841183432
learned_K2_V2_s35_step10000,learned,2,35,samsum,Few-shot,66,ca6fb212b9d2438c491347edeb4c831574dbce05156acabb,1918,0-4k,42.1052627700831
learned_K2_V2_s35_step10000,learned,2,35,samsum,Few-shot,67,0cc86af86bf2f87cf6bdc9f2170a08b5118ffb254b54ff67,3570,0-4k,25.641025196581204
learned_K2_V2_s35_step10000,learned,2,35,samsum,Few-shot,68,512416358b1bb5ca246f442509a7fb3e60d402ef690fa8d9,2816,0-4k,39.99999952000001
learned_K2_V2_s35_step10000,learned,2,35,samsum,Few-shot,69,9a2a043d899e78803d16a155bd1ff92406a3e025df82c9ae,2981,0-4k,31.99999950080001
learned_K2_V2_s35_step10000,learned,2,35,samsum,Few-shot,70,b11d90d8797bd3624a7222663cb644c0647c47031d4ccdb4,1577,0-4k,26.6666661688889
learned_K2_V2_s35_step10000,learned,2,35,samsum,Few-shot,71,b2ea4ae9763cf5da58c58dae10d1d42ba51db94b3906a69e,3249,0-4k,22.222221777777783
learned_K2_V2_s35_step10000,learned,2,35,samsum,Few-shot,72,b745e28f3a3be23c7d0bf138c0cad693d7549a26bd34e0e2,3692,0-4k,37.037036620027436
learned_K2_V2_s35_step10000,learned,2,35,samsum,Few-shot,73,5b7a49358e2cdb10ee1a4d3950e7866b25ea48d3237b552f,3938,0-4k,45.71428521795918
learned_K2_V2_s35_step10000,learned,2,35,samsum,Few-shot,74,73e2fe6a331e4b18f9844dcf78b3e6f9fc7ce860e57f1830,3271,0-4k,20.51282015779093
learned_K2_V2_s35_step10000,learned,2,35,samsum,Few-shot,75,7ab38fee6e84e1f7961171ce1ba210db3b0ab4068a075f17,2109,0-4k,42.85714237308674
learned_K2_V2_s35_step10000,learned,2,35,samsum,Few-shot,76,1a26cd1fe53083ffcb6d0f7fddcdaa4d801c9d37aa19eb92,2077,0-4k,20.833332841145847
learned_K2_V2_s35_step10000,learned,2,35,samsum,Few-shot,77,c0216bffc4a5fa4339862cfc4ee336ecb7ff160d9eca754b,1747,0-4k,45.45454495867769
learned_K2_V2_s35_step10000,learned,2,35,samsum,Few-shot,78,3919f97612dcb9ebedf0fefc4da2eac6652d1358b7f1243f,2442,0-4k,47.368420565096955
learned_K2_V2_s35_step10000,learned,2,35,samsum,Few-shot,79,8472c0f50c9bd0807a8451d91c18bb7dde7634a8e3f7ecf7,3928,0-4k,46.51162741373716
learned_K2_V2_s35_step10000,learned,2,35,samsum,Few-shot,80,e27d681e57e3119e47840d60fe4747f472280e4cfa974fe3,3741,0-4k,53.061224014993755
learned_K2_V2_s35_step10000,learned,2,35,samsum,Few-shot,81,402063f52632615c2195ebbfcbff9e0c93d7ab1eafb500d8,1241,0-4k,46.153845680473374
learned_K2_V2_s35_step10000,learned,2,35,samsum,Few-shot,82,8085db06bb055a126c86d7f90801ab95a7803f8fd1b67751,3835,0-4k,34.4827581587396
learned_K2_V2_s35_step10000,learned,2,35,samsum,Few-shot,83,4fbd0db82451a079a9ba81252f94fd002ff8e3deb7a207b6,2713,0-4k,46.51162740724716
learned_K2_V2_s35_step10000,learned,2,35,samsum,Few-shot,84,7a85937d2e1ac3215ab2518db4dc4d633fbb81f042776780,1162,0-4k,62.85714236081633
learned_K2_V2_s35_step10000,learned,2,35,samsum,Few-shot,85,7b0ef84c18f5bdf432b1744ee0584d79314eb1c81100bd23,2064,0-4k,44.44444394513032
learned_K2_V2_s35_step10000,learned,2,35,samsum,Few-shot,86,ba1966202b724727298438271f4d2cd6f1e23395b6305202,3638,0-4k,22.222221728395073
learned_K2_V2_s35_step10000,learned,2,35,samsum,Few-shot,87,182a7ce1ff46dcba27ab7fd26a0ea73c04f36ed7bc775a5d,2091,0-4k,43.74999954882812
learned_K2_V2_s35_step10000,learned,2,35,samsum,Few-shot,88,95d0c2004805a0f406b92cd01b11b761424dc313c2140a4a,2027,0-4k,27.999999635200002
learned_K2_V2_s35_step10000,learned,2,35,samsum,Few-shot,89,982a8057dcf8707ee1d1f2d3bcb3f295bb2751a1eca7dbcd,2784,0-4k,34.78260820415879
learned_K2_V2_s35_step10000,learned,2,35,samsum,Few-shot,90,80e7aa59af9083431568031f1e8f1201062a14237d7ebfee,2168,0-4k,21.62162116581447
learned_K2_V2_s35_step10000,learned,2,35,samsum,Few-shot,91,78dc20ba76a6a721df775d4aadcb5782b70c7b0bdca3a5d3,2309,0-4k,57.142856646530625
learned_K2_V2_s35_step10000,learned,2,35,samsum,Few-shot,92,0b17925cad5c3390e9294b318b7049338619abe2362a1b07,3776,0-4k,66.66666616699541
learned_K2_V2_s35_step10000,learned,2,35,samsum,Few-shot,93,8e8f49c9467266bcd89798452bfbc83e03e294269c3dd311,2024,0-4k,76.19047569160999
learned_K2_V2_s35_step10000,learned,2,35,samsum,Few-shot,94,4e7e1be065408cb208f304b1fc7e2bb7768d823f179fafe9,1369,0-4k,61.904761405895705
learned_K2_V2_s35_step10000,learned,2,35,samsum,Few-shot,95,e6cc6a21b621c3c279844baa1ba824321ecfb62f09a02a54,2012,0-4k,24.999999507812507
learned_K2_V2_s35_step10000,learned,2,35,samsum,Few-shot,96,109dc0da021db0a9005c342c41d510c759e09bcb61a85d85,3022,0-4k,29.78723354277954
learned_K2_V2_s35_step10000,learned,2,35,samsum,Few-shot,97,ce076718afba5580459aec288f9304bd3c51bb604906e30a,3135,0-4k,49.99999956377552
learned_K2_V2_s35_step10000,learned,2,35,samsum,Few-shot,98,11aca763fd6332ddf46869c31c90a7ace34a9cedf0c133a9,2572,0-4k,37.49999953125
learned_K2_V2_s35_step10000,learned,2,35,samsum,Few-shot,99,0611957d03da43dab021f7b77b8a0af388f488d09a920ed1,3058,0-4k,70.58823480968859
learned_K2_V2_s35_step10000,learned,2,35,samsum,Few-shot,100,0d79233b66a481ef19d2e5fae70e1de06167fe85969cc97c,4134,4-8k,15.384614896449719
learned_K2_V2_s35_step10000,learned,2,35,samsum,Few-shot,101,1d9fb27951de9fb70263971b8f7249740ff64cc70907ed0c,7391,4-8k,59.99999950320001
learned_K2_V2_s35_step10000,learned,2,35,samsum,Few-shot,102,3907166a807e952c279420346a95f5292bbea0e3864c01fc,7941,4-8k,39.999999510204084
learned_K2_V2_s35_step10000,learned,2,35,samsum,Few-shot,103,cfbe808f54499b12e2ab25660cc59240c87670779cb06cc5,6746,4-8k,44.444444033580254
learned_K2_V2_s35_step10000,learned,2,35,samsum,Few-shot,104,19e6abce1673b4d7ebe9239e305566f9a955bf9dedcaa6fd,7024,4-8k,57.14285665306124
learned_K2_V2_s35_step10000,learned,2,35,samsum,Few-shot,105,f2dff218dc2302934af8537670b9d267336dc449394e2a3a,5048,4-8k,39.9999995392
learned_K2_V2_s35_step10000,learned,2,35,samsum,Few-shot,106,c05392d0bf42dc12a56d14d7b3a33e7baf3cae0f03c629a5,6754,4-8k,30.555555055555562
learned_K2_V2_s35_step10000,learned,2,35,samsum,Few-shot,107,b184e114b5ede89628a5648e1cb5c1378e768fdac373a411,7111,4-8k,29.99999950500001
learned_K2_V2_s35_step10000,learned,2,35,samsum,Few-shot,108,1e32138890907e004b364bafa16ceb3e1bacb44cce9f55c2,7575,4-8k,43.999999539200005
learned_K2_V2_s35_step10000,learned,2,35,samsum,Few-shot,109,bb61b1b89cac294c9b46f18a8067e61ed0382068ccd56a3b,7784,4-8k,44.99999956125001
learned_K2_V2_s35_step10000,learned,2,35,samsum,Few-shot,110,54668fd7a0e40fa94648787206d9a7866309aa521c3da3dc,4289,4-8k,52.631578448753466
learned_K2_V2_s35_step10000,learned,2,35,samsum,Few-shot,111,7f5a663f7012ae00b68ef23b5a17ed08331b038403637357,4378,4-8k,46.51162741373716
learned_K2_V2_s35_step10000,learned,2,35,samsum,Few-shot,112,a2e1fe73dcec4210d841e0611be5356397659df3a2b60adf,6036,4-8k,43.478260378071845
learned_K2_V2_s35_step10000,learned,2,35,samsum,Few-shot,113,12ed449be6a18cd41754ffc6fa39ef8d5455e514836b789e,6914,4-8k,47.05882303883122
learned_K2_V2_s35_step10000,learned,2,35,samsum,Few-shot,114,85f534f560fcc2c776886170875f46353c2f0b5a3538f760,5183,4-8k,22.222221728395073
learned_K2_V2_s35_step10000,learned,2,35,samsum,Few-shot,115,8c995c7d12ab2f91f198dc6d8f34523294a725773e57745d,6777,4-8k,44.444443946666674
learned_K2_V2_s35_step10000,learned,2,35,samsum,Few-shot,116,96760018e2d7dfb95f0d5e6a5718bf7a32e1f9ea75386f16,6184,4-8k,15.789473184210543
learned_K2_V2_s35_step10000,learned,2,35,samsum,Few-shot,117,50796351521625a874d62f3f0d81fa017c0cd4806ad95908,4458,4-8k,45.71428522448981
learned_K2_V2_s35_step10000,learned,2,35,samsum,Few-shot,118,abc60ae45334a8a53455fedbf3cebff05321569ecbe7f2bc,4297,4-8k,47.619047120181406
learned_K2_V2_s35_step10000,learned,2,35,samsum,Few-shot,119,f550ce653b0b4cb6dd5bf1e6580cf5bdb2481a54197866a2,5869,4-8k,26.6666661688889
learned_K2_V2_s35_step10000,learned,2,35,samsum,Few-shot,120,0ad135d1961b38c572729173dc10abfec8ab56de7d88176e,5226,4-8k,21.052631091412756
learned_K2_V2_s35_step10000,learned,2,35,samsum,Few-shot,121,f245d6f2aa2b5150408f3bebb5b9d0213f14a2e760a0186c,6218,4-8k,42.85714235969388
learned_K2_V2_s35_step10000,learned,2,35,samsum,Few-shot,122,08f5ae9140be52467a52dccb6ba19710a755e5eea7be4fce,7157,4-8k,30.769230285338594
learned_K2_V2_s35_step10000,learned,2,35,samsum,Few-shot,123,dfefeb15f4224f3f78742a443e5916314bc157f84833676c,5285,4-8k,44.44444395061729
learned_K2_V2_s35_step10000,learned,2,35,samsum,Few-shot,124,578e697b3dff561483ea47e8e0c53533f70e7c74cc0aaab6,7235,4-8k,22.22222174691359
learned_K2_V2_s35_step10000,learned,2,35,samsum,Few-shot,125,d8bc1fe5d87faf89930b8a8e7bb543085b469cb84c2ebdee,5913,4-8k,19.999999535555567
learned_K2_V2_s35_step10000,learned,2,35,samsum,Few-shot,126,a394928779feb1130e83d43c4d07cb46a8331ed8bd63c478,4971,4-8k,39.130434283553875
learned_K2_V2_s35_step10000,learned,2,35,samsum,Few-shot,127,e3765236a30f7d09067ea53877373f8e2a405cc832030557,6002,4-8k,29.62962914060357
learned_K2_V2_s35_step10000,learned,2,35,samsum,Few-shot,128,2a231dae3dc568f78e7f72f308cfc9cb6bd6288b0f4b7d88,6498,4-8k,18.867924042719842
learned_K2_V2_s35_step10000,learned,2,35,samsum,Few-shot,129,9516c31a18bc3b0fa0e5952a41946799179b5b91ef678ec5,4495,4-8k,37.209301832341815
learned_K2_V2_s35_step10000,learned,2,35,samsum,Few-shot,130,1fb3a58424e2d55f1d93079cfb842d97d2f3f42b5b36101a,6369,4-8k,33.33333286458334
learned_K2_V2_s35_step10000,learned,2,35,samsum,Few-shot,131,5f699daf837a4559b885743c3d3e8d0b14ba4f2a690d3f7e,7897,4-8k,56.41025592636425
learned_K2_V2_s35_step10000,learned,2,35,samsum,Few-shot,132,6f9b39ec94a4146a978018f7d86a47913119393854ef90d2,7656,4-8k,47.058823040224915
learned_K2_V2_s35_step10000,learned,2,35,samsum,Few-shot,133,457cedebbb17fab4127c5a5a7542f9ab932ca37c586cbd52,4826,4-8k,38.297871940244455
learned_K2_V2_s35_step10000,learned,2,35,samsum,Few-shot,134,4a4c7c55c7fb1952ff95cbf97499ae21eb93ff1c37e68458,7565,4-8k,56.41025595003287
learned_K2_V2_s35_step10000,learned,2,35,samsum,Few-shot,135,28773b875bd9d22d069c1949665b888f206a3e9ddd6a7b47,6928,4-8k,95.9999995008
learned_K2_V2_s35_step10000,learned,2,35,samsum,Few-shot,136,207ab0f785fa3f7629724f783487d5d9afe07ebf9037d5a9,7035,4-8k,38.09523759637189
learned_K2_V2_s35_step10000,learned,2,35,samsum,Few-shot,137,e797432c9ad673849ca152edf1960b239233c7da3dc5d322,6422,4-8k,29.629629245541842
learned_K2_V2_s35_step10000,learned,2,35,samsum,Few-shot,138,46cbb91f855819d2efe512e789fdd8b396e01410b16a2362,7924,4-8k,49.99999950500001
learned_K2_V2_s35_step10000,learned,2,35,samsum,Few-shot,139,d9641c5b7e289d5464663828c7cca399bf586a604874331e,5848,4-8k,36.3636358640955
learned_K2_V2_s35_step10000,learned,2,35,samsum,Few-shot,140,f191123529d4af95da1b1c340fd762ffc8e51911d24917e4,7150,4-8k,32.258064133194594
learned_K2_V2_s35_step10000,learned,2,35,samsum,Few-shot,141,fb91433989b3e6b6dfd3b472e891b59d6f672c566ff25ede,5322,4-8k,25.641025214990144
learned_K2_V2_s35_step10000,learned,2,35,samsum,Few-shot,142,d1de08b3e1bb31374dd174ae57809dcb059546fa829a69bf,4834,4-8k,33.962263655393386
learned_K2_V2_s35_step10000,learned,2,35,samsum,Few-shot,143,cf9464373a128bf26c8d2778f9e4a37c5a15dbed12ad01ae,7046,4-8k,44.44444395061729
learned_K2_V2_s35_step10000,learned,2,35,samsum,Few-shot,144,5a4fef30bbae884f96744b9254ab736c6022d19e8e706d2c,7539,4-8k,35.71428521428572
learned_K2_V2_s35_step10000,learned,2,35,samsum,Few-shot,145,9c58ab784b95ea229f4b363c8eb6360e2680df59a1f2108d,5597,4-8k,30.303029814508726
learned_K2_V2_s35_step10000,learned,2,35,samsum,Few-shot,146,fbbbbb320af7ffe847f5dc002b45c4d6376962e5035afc74,6181,4-8k,29.268292207019638
learned_K2_V2_s35_step10000,learned,2,35,samsum,Few-shot,147,0d071fdce0e38731a8ce8e4c2e0d8d7b56bcc9e547d7ee2d,7781,4-8k,47.99999952000001
learned_K2_V2_s35_step10000,learned,2,35,samsum,Few-shot,148,27c8eb48640c4ae71bcae2896d8a76aa2418704132d90f61,6238,4-8k,45.16128984807493
learned_K2_V2_s35_step10000,learned,2,35,samsum,Few-shot,149,c66ba5a51d22fd790683d85542dc51d1054755ae0730b92c,7209,4-8k,73.68421002770083
learned_K2_V2_s35_step10000,learned,2,35,samsum,Few-shot,150,3d57887e9bb04d7648a0091d39175cc3acd3b4c1d5e8d98b,7008,4-8k,28.57142808163266
learned_K2_V2_s35_step10000,learned,2,35,samsum,Few-shot,151,b7ae56266199a707fdf23df4b8db02a7f80f40c5fa92a349,6091,4-8k,21.621621227173122
learned_K2_V2_s35_step10000,learned,2,35,samsum,Few-shot,152,72a96c063148945084113640464ca167e910bdef06bb28a1,6247,4-8k,21.052631091412756
learned_K2_V2_s35_step10000,learned,2,35,samsum,Few-shot,153,4cd838f61ed5e8e5e572f344e33fb2a20b938f86dbbc12b9,7110,4-8k,28.57142812081633
learned_K2_V2_s35_step10000,learned,2,35,samsum,Few-shot,154,fa2c3e8009a275c4b1263f41043d94b748ddba1755dc2c20,4428,4-8k,75.86206847086801
learned_K2_V2_s35_step10000,learned,2,35,samsum,Few-shot,155,55a2550c5994d0dc89295210d4ecea34554c34e53b633977,5382,4-8k,49.99999957031251
learned_K2_V2_s35_step10000,learned,2,35,samsum,Few-shot,156,e4d502c274f661ba2e4a9f8685be590ffbd49627a1a61753,5685,4-8k,16.666666168209893
learned_K2_V2_s35_step10000,learned,2,35,samsum,Few-shot,157,3ad453a1442785b073b5a417a67a1497fb6011a406250408,5739,4-8k,32.653060729695966
learned_K2_V2_s35_step10000,learned,2,35,samsum,Few-shot,158,2fd49a8746513d5068ab090891bb9fecbf72bb270477c193,7445,4-8k,22.85714236734695
learned_K2_V2_s35_step10000,learned,2,35,samsum,Few-shot,159,e882b085581c16d79b9fe816338a5e28fa9bada73da157b4,4688,4-8k,26.086956030245755
learned_K2_V2_s35_step10000,learned,2,35,samsum,Few-shot,160,dabeddfc68c9c74648835cc7ecda79777e47334ff9f95281,4566,4-8k,71.42857092857143
learned_K2_V2_s35_step10000,learned,2,35,samsum,Few-shot,161,1b992f20e93e0d79de187fa27d695a4a1603ddb06bcaf0d8,6749,4-8k,50.79365034920635
learned_K2_V2_s35_step10000,learned,2,35,samsum,Few-shot,162,c3316bc1ff3252c22237a01fb2206840b6f8d139c1c50edc,7526,4-8k,21.276595272068825
learned_K2_V2_s35_step10000,learned,2,35,samsum,Few-shot,163,1225253c145f6b2b01a6544c9848658ca97bd508b453de21,4068,4-8k,41.66666618055556
learned_K2_V2_s35_step10000,learned,2,35,samsum,Few-shot,164,acb677cf87e701ac72bb4f218e584ae0b21b5b8bf7ae628d,4342,4-8k,48.88888839111111
learned_K2_V2_s35_step10000,learned,2,35,samsum,Few-shot,165,7747eef801b1df708103e99224e3ab36d2cfcebb84cf4ae7,6751,4-8k,19.99999950500001
learned_K2_V2_s35_step10000,learned,2,35,samsum,Few-shot,166,3c795fa4fd70c7f0e141ab0872c8f0457fee01c8d15d78a9,5618,4-8k,33.33333295833334
learned_K2_V2_s35_step10000,learned,2,35,samsum,Few-shot,167,8a977a28e317f94495fdd2011be61b432a3ebb96157f6fe6,4300,4-8k,38.70967696149844
learned_K2_V2_s35_step10000,learned,2,35,samsum,Few-shot,168,719eee42955c9d3602c720f8644ffd10e0af4776be3dc046,6750,4-8k,31.99999950080001
learned_K2_V2_s35_step10000,learned,2,35,samsum,Few-shot,169,f97af10c71b76f48b1f7c01c222ddd55881873cb3478c13f,6782,4-8k,47.05882305709343
learned_K2_V2_s35_step10000,learned,2,35,samsum,Few-shot,170,51c7ceec70dcbd7ebbae5f57e04cd2c99f252e450597c167,5888,4-8k,31.24999954882813
learned_K2_V2_s35_step10000,learned,2,35,samsum,Few-shot,171,2867305b1bbfe001a8fcab739f97fdc7704d60ebfe05963b,4694,4-8k,21.052631084487544
learned_K2_V2_s35_step10000,learned,2,35,samsum,Few-shot,172,694acb099ad12bae7161cf4ac8d7fb920d6de7ce1857a246,6608,4-8k,49.99999951757813
learned_K2_V2_s35_step10000,learned,2,35,samsum,Few-shot,173,a8797aec1b49dd0d481d8baf29329b3f52fe24beb389abae,5083,4-8k,60.606060110192836
learned_K2_V2_s35_step10000,learned,2,35,samsum,Few-shot,174,2a39c78569f861d5ca3902c63213b3d63e7857f1b9db3815,5944,4-8k,31.578946936288094
learned_K2_V2_s35_step10000,learned,2,35,samsum,Few-shot,175,d2b0b748b88344136e0e6273d18ba982557efe9495807aeb,7746,4-8k,53.33333283555556
learned_K2_V2_s35_step10000,learned,2,35,samsum,Few-shot,176,98d5d1852f3a11a8edd234719b36892b493ec4f61af06869,6382,4-8k,34.78260819659736
learned_K2_V2_s35_step10000,learned,2,35,samsum,Few-shot,177,838c429ae24c4723861b0f074f871f52db83f0747f772d5d,6582,4-8k,57.89473634210527
learned_K2_V2_s35_step10000,learned,2,35,samsum,Few-shot,178,53288fa1b74f9e294d25fda05653264869576b9ac133a49f,4187,4-8k,40.7407402962963
learned_K2_V2_s35_step10000,learned,2,35,samsum,Few-shot,179,8a8c02c3e5b212ad133f2b0a957fac6e3dffcc6ec5152d2e,5954,4-8k,44.44444395061729
learned_K2_V2_s35_step10000,learned,2,35,samsum,Few-shot,180,8abe1c4709a847592b11feecf5513c7c759357d58fcb6545,7867,4-8k,41.7910443083092
learned_K2_V2_s35_step10000,learned,2,35,samsum,Few-shot,181,3ba1ef46ad45638248842e95574774b741c89955b4d87680,6053,4-8k,18.749999625000004
learned_K2_V2_s35_step10000,learned,2,35,samsum,Few-shot,182,4338da57863a4a1efb8e84ceb47cee5e35bae933d7e4b42f,6800,4-8k,34.48275812128419
learned_K2_V2_s35_step10000,learned,2,35,samsum,Few-shot,183,4b5de29413fcfa078971cbb788bdcbd16fdc6520470f8be4,5133,4-8k,35.135134636596064
learned_K2_V2_s35_step10000,learned,2,35,samsum,Few-shot,184,315a1cc18761a79409ff4b9aa6f042ade47bd66ed38f2d19,4081,4-8k,30.76923026923078
learned_K2_V2_s35_step10000,learned,2,35,samsum,Few-shot,185,ff7614bd5ef81f179c6a6d2cd81f4c8cb28b61c5f8d3dfd0,5433,4-8k,63.99999952
learned_K2_V2_s35_step10000,learned,2,35,samsum,Few-shot,186,c97ac6d74c9a68c6bc2cdaff2a770b02373b1fd971dbef1b,7032,4-8k,21.052631191135738
learned_K2_V2_s35_step10000,learned,2,35,samsum,Few-shot,187,6d5429a5b27cea3adfebd9e5f9ff980fb9f2506e4065f5c5,5287,4-8k,41.02564056541749
learned_K2_V2_s35_step10000,learned,2,35,samsum,Few-shot,188,1a4e9b1218353f3e3aa39ade5cdb8e7ba1a08cad6371a751,7832,4-8k,49.31506799774817
learned_K2_V2_s35_step10000,learned,2,35,samsum,Few-shot,189,bd1a2f216d0bc9861fefbed0e2d606be5a5404afec3fabe1,7909,4-8k,8.333332836805587
learned_K2_V2_s35_step10000,learned,2,35,samsum,Few-shot,190,c4199640b2f017d470c8f1a2e2b91ad294bf054a4b91c93c,5696,4-8k,29.99999950000001
learned_K2_V2_s35_step10000,learned,2,35,samsum,Few-shot,191,e60860646fe75f129cabcc856ebcae7bc1a78e5432b92019,7541,4-8k,24.24242374288339
learned_K2_V2_s35_step10000,learned,2,35,samsum,Few-shot,192,47690e4efc6cc108d2920cbf7d115b69f373c18e1e4e8327,4339,4-8k,51.4285709289796
learned_K2_V2_s35_step10000,learned,2,35,samsum,Few-shot,193,0c5c30b4c88619fb92253d7be739b6e694c2091cc5dd20df,7014,4-8k,39.99999950000001
learned_K2_V2_s35_step10000,learned,2,35,samsum,Few-shot,194,4de277f16be3a9e4bd9a7e59f75599ebca199a86b015958c,4234,4-8k,24.242423753902674
learned_K2_V2_s35_step10000,learned,2,35,samsum,Few-shot,195,08a9881a615a3ec040eaf48a7575b320ae0bb1b4d1ab71bb,4686,4-8k,29.787233548211862
learned_K2_V2_s35_step10000,learned,2,35,samsum,Few-shot,196,56bd5af32afde842d0a310baf07def08b8b7d87096baefd0,7532,4-8k,24.999999517578132
learned_K2_V2_s35_step10000,learned,2,35,samsum,Few-shot,197,9f23c657fed0a96028cdb7c81cdfa829991368b74657313f,7276,4-8k,43.478260415879014
learned_K2_V2_s35_step10000,learned,2,35,samsum,Few-shot,198,001917899daa12caa0813b2530f568a652eea16745381f4a,6875,4-8k,47.619047129251705
learned_K2_V2_s35_step10000,learned,2,35,samsum,Few-shot,199,b8139d1e1135e40488cb223e0c60c55a66a43d367ce46558,7160,4-8k,43.33333290055557
learned_K2_V2_s35_step10000,learned,2,35,samsum,Few-shot,200,5534a08ffd96c9021306e916aa416881712bd59bc3ffdee1,8520,8k+,27.027026793279767
learned_K2_V2_s35_step10000,learned,2,35,samsum,Few-shot,201,9680349a96fc7e561ea885a2f9bcc92f4e1d681f6f44b19f,9769,8k+,39.28571378635205
learned_K2_V2_s35_step10000,learned,2,35,samsum,Few-shot,202,eff8a85ede13ab11df6e505dad77103540fb8530388240a2,9352,8k+,44.444444000000004
learned_K2_V2_s35_step10000,learned,2,35,samsum,Few-shot,203,044ce9c5d0ab90fa103d01936f59132dcd72f4a580ffeffa,11337,8k+,31.999999507200005
learned_K2_V2_s35_step10000,learned,2,35,samsum,Few-shot,204,bb30629a509a73f045ad973fc4f0b2cc09294bba0b9b3d9c,10235,8k+,22.857142475102048
learned_K2_V2_s35_step10000,learned,2,35,samsum,Few-shot,205,5e92a882f4774e6c529b52f48d2420fb62748521166e5564,8206,8k+,12.499999517578143
learned_K2_V2_s35_step10000,learned,2,35,samsum,Few-shot,206,16ff3352a53ea4245bdd2d2c11c919adfba58c722cea8b99,8834,8k+,38.095237623582776
learned_K2_V2_s35_step10000,learned,2,35,samsum,Few-shot,207,6f91e1d2c7e68d45f7a396cc86e746791b71c821d2dd2bdc,9918,8k+,51.61290273048908
learned_K2_V2_s35_step10000,learned,2,35,samsum,Few-shot,208,0e15c19a6d349f04767da430e9c1e65a4cd3320019c2c3a3,8562,8k+,36.84210478531856
learned_K2_V2_s35_step10000,learned,2,35,samsum,Few-shot,209,dbfcf6c0136180aafa80753ea858c1d9471e592c870a4bda,9944,8k+,47.99999950080001
learned_K2_V2_s35_step10000,learned,2,35,samsum,Few-shot,210,4c0ad91bc1e96516658ee87ec06e75492306b7e922c9a3bc,9870,8k+,25.925925459533612
learned_K2_V2_s35_step10000,learned,2,35,samsum,Few-shot,211,73fc8f3207db472aa0864f5e3ab37b553e9f885e7fc3b60b,10068,8k+,26.41509389106444
learned_K2_V2_s35_step10000,learned,2,35,samsum,Few-shot,212,6f05cadc0e89a8dd3f392e99af6ca146cf4b7d235f0245e7,11366,8k+,28.571428094387763
learned_K2_V2_s35_step10000,learned,2,35,samsum,Few-shot,213,9bf5ec25c9083445fde0d0fefe625a718dd06703c633df5e,8818,8k+,29.999999527222226
learned_K2_V2_s35_step10000,learned,2,35,samsum,Few-shot,214,a1518985bae2f9526d5abfdfce426e102cec7bb94bf8210b,8528,8k+,31.578946880886434
learned_K2_V2_s35_step10000,learned,2,35,samsum,Few-shot,215,04964a5fefa4ee8e434769f3a928c8b72d7ed3aeb182ed46,8363,8k+,21.052631146814413
learned_K2_V2_s35_step10000,learned,2,35,samsum,Few-shot,216,759b79d19572ac61ca01fe026fb1da19559d6e9989a04329,8430,8k+,35.29411716262976
learned_K2_V2_s35_step10000,learned,2,35,samsum,Few-shot,217,4a36bb00aa2318c3fbafdd12168c2631cf36dfc04848d5fa,10630,8k+,28.571428071428578
learned_K2_V2_s35_step10000,learned,2,35,samsum,Few-shot,218,a3b55d2048d35befeb8ebb08930c372546d87f69a6bef08c,9360,8k+,24.489795478550604
learned_K2_V2_s35_step10000,learned,2,35,samsum,Few-shot,219,ac2278501a0f4e664a2de75c667ededeeebafdcf10b6a112,10399,8k+,60.37735800498398
learned_K2_V2_s35_step10000,learned,2,35,samsum,Few-shot,220,0c5ef0430cfb35865d7a7089d0680dffca5c6fc47617d4d1,9891,8k+,26.66666618666667
learned_K2_V2_s35_step10000,learned,2,35,samsum,Few-shot,221,2e59cbcfdf19eddf4a0c709df6b0687290a425b1b6eced30,8724,8k+,54.05405355734113
learned_K2_V2_s35_step10000,learned,2,35,samsum,Few-shot,222,8dc3aacf4a9d43b7776a62f87488386af96641ffa717b6a8,9176,8k+,49.99999954500001
learned_K2_V2_s35_step10000,learned,2,35,samsum,Few-shot,223,0eccaa2a8dbdee58e8ab354921b2d9b074c33bf138e4e4cd,10786,8k+,14.814814315500705
learned_K2_V2_s35_step10000,learned,2,35,samsum,Few-shot,224,1fae82934e7bb33ecc120cd19430271cfdead4a5c5f3e71e,10130,8k+,33.3333328888889
learned_K2_V2_s35_step10000,learned,2,35,samsum,Few-shot,225,837e3a4c1e6c89bde58e774c0ffcc4408b3d79c907958583,12134,8k+,44.44444397432099
learned_K2_V2_s35_step10000,learned,2,35,samsum,Few-shot,226,c016e1f9b824428a4b555cd4e5901a69b32a03dbb6098e57,9216,8k+,51.85185140740741
learned_K2_V2_s35_step10000,learned,2,35,samsum,Few-shot,227,4430289b72b4b32e81c5fccf01473b29b5d1482b127da172,11125,8k+,42.10526265927979
learned_K2_V2_s35_step10000,learned,2,35,samsum,Few-shot,228,b2511670a4ccc1403baa33711fe2dbd5892eababde2e39ee,12403,8k+,45.45454499173554
learned_K2_V2_s35_step10000,learned,2,35,samsum,Few-shot,229,7a4ed7da24b29b481ebddd5f5b8d93a2770d0a755aff1991,9180,8k+,38.70967692403746
learned_K2_V2_s35_step10000,learned,2,35,samsum,Few-shot,230,491fc015ee162eea0ba137c066441d7e2181c23b9f96a0b2,9070,8k+,64.28571382653062
learned_K2_V2_s35_step10000,learned,2,35,samsum,Few-shot,231,b9c9792aad21a57b3ece5d25a60c97879f903ff80c3d7b72,10198,8k+,31.24999950781251
learned_K2_V2_s35_step10000,learned,2,35,samsum,Few-shot,232,8f1d3a2ccb5d7a79dc0f6de9b6680e6b28aef9cdb2d07375,10612,8k+,33.33333285802469
learned_K2_V2_s35_step10000,learned,2,35,samsum,Few-shot,233,8f09965339330a3b40819d7f9facc78e96d50f204f91bd60,10956,8k+,34.48275814982165
learned_K2_V2_s35_step10000,learned,2,35,samsum,Few-shot,234,b6419898fc1fea15c20c2784252de85a771000b8d3d8e702,10557,8k+,9.523809079365101
learned_K2_V2_s35_step10000,learned,2,35,samsum,Few-shot,235,8d75676bac227bb8b78f6999426b3341bbe7f5299dfac19d,8291,8k+,74.9999995
learned_K2_V2_s35_step10000,learned,2,35,samsum,Few-shot,236,058710443fd5b6f3a94146acff79ade2dba7367d406253eb,10214,8k+,33.333332987654316
learned_K2_V2_s35_step10000,learned,2,35,samsum,Few-shot,237,ac012674f6e72a474f8b26f8a18f486dc25fded070ef49d9,11138,8k+,38.80596964936512
learned_K2_V2_s35_step10000,learned,2,35,samsum,Few-shot,238,e71b52987084498c9648479c80b4e36f0bbfc32ce639022e,8009,8k+,34.999999531250005
learned_K2_V2_s35_step10000,learned,2,35,samsum,Few-shot,239,ba62aae576872914f06b60f2772cac02ded2d25a377f0454,11167,8k+,32.25806402081166
learned_K2_V2_s35_step10000,learned,2,35,samsum,Few-shot,240,60d0a3878eead6fe432913d730e74877bc988d3292ee46f4,8752,8k+,26.31578897506926
learned_K2_V2_s35_step10000,learned,2,35,samsum,Few-shot,241,94d09a2a180177bfebf3b9f9834e8b04043c5944353114b9,8520,8k+,66.66666617120181
learned_K2_V2_s35_step10000,learned,2,35,samsum,Few-shot,242,4d68dcf2ddc22917a641aeea6d3d9edca79be7fbfde17210,8868,8k+,38.46153796449705
learned_K2_V2_s35_step10000,learned,2,35,samsum,Few-shot,243,9a0f3b17cc9ffc5d83be7b385540deb6fdfb288d78825b8c,9328,8k+,41.17647009515571
learned_K2_V2_s35_step10000,learned,2,35,samsum,Few-shot,244,8f521e5317c37ac48fd1b2e162aae646f3108fa3fe1a3188,11171,8k+,14.814814331961607
learned_K2_V2_s35_step10000,learned,2,35,samsum,Few-shot,245,d22518dfe89088bd53eaa40bfa606b93c528380f0ec968ea,9695,8k+,55.55555511111112
learned_K2_V2_s35_step10000,learned,2,35,samsum,Few-shot,246,ed0dbfbd96ff65e7bb50b0a271e0f3c1f839a2ceebfce1d7,8499,8k+,37.49999962500001
learned_K2_V2_s35_step10000,learned,2,35,samsum,Few-shot,247,ee982eb6556c91f207286901273a03aeab6be45fd21c70ed,11695,8k+,43.999999539200005
learned_K2_V2_s35_step10000,learned,2,35,samsum,Few-shot,248,97dc4f308b6ee7615535ce1adea91eb4f43f6c1861bba84c,8082,8k+,21.052631091412756
learned_K2_V2_s35_step10000,learned,2,35,samsum,Few-shot,249,ecaccb6fd9abb96842a1872d5482b91c687ac4546b6da026,10256,8k+,33.33333284722222
learned_K2_V2_s35_step10000,learned,2,35,samsum,Few-shot,250,de700de87d76ae412973710d769dea014d66debf5bb42fdc,8630,8k+,44.44444394598766
learned_K2_V2_s35_step10000,learned,2,35,samsum,Few-shot,251,d892eb242120def9ebab8237646eb676698bf8858aed7d38,10722,8k+,39.99999953306123
learned_K2_V2_s35_step10000,learned,2,35,samsum,Few-shot,252,870783cfa1307020d6951ef34d3cd57906580ff04ae57302,8091,8k+,24.39024341701369
learned_K2_V2_s35_step10000,learned,2,35,samsum,Few-shot,253,ea5bfc8df5bf982b84d7efcb2fe719dd0778794341b06bb4,9478,8k+,39.99999952000001
learned_K2_V2_s35_step10000,learned,2,35,samsum,Few-shot,254,e9a4efff9424101558a5750b3ef08850785d3d5f07469a11,8697,8k+,35.55555505580247
learned_K2_V2_s35_step10000,learned,2,35,samsum,Few-shot,255,0399e2e21173244141acc52212b96029f10b6d80dcf479e0,8860,8k+,45.45454502066116
learned_K2_V2_s35_step10000,learned,2,35,samsum,Few-shot,256,0613384adefba029ff64432c6add378e3576744bc860e68e,8823,8k+,38.46153796449705
learned_K2_V2_s35_step10000,learned,2,35,samsum,Few-shot,257,1893a577539617a31f49735422c235b4db2b8e84f3d7c3c3,10584,8k+,45.71428522448981
learned_K2_V2_s35_step10000,learned,2,35,samsum,Few-shot,258,591c67f8aff93224840f4533e3b7ebf43125139c1b4aac75,10231,8k+,19.354838214360054
learned_K2_V2_s35_step10000,learned,2,35,samsum,Few-shot,259,e0ab2d440118a4be47f34bc71e3b63ae8c37e5c64260ba99,11743,8k+,26.31578897506926
learned_K2_V2_s35_step10000,learned,2,35,samsum,Few-shot,260,cfbc7723019e86e098f6f3652ce53259e2dde17bc87568b5,9357,8k+,35.294117147058834
learned_K2_V2_s35_step10000,learned,2,35,samsum,Few-shot,261,5f569d58abfd0b9fcae8290d1d91995966539c836ac3b6cd,10489,8k+,24.999999531250005
learned_K2_V2_s35_step10000,learned,2,35,samsum,Few-shot,262,68562e3a35dc1bbbf43566b3c41bae5063a40b2fc0487715,11302,8k+,48.64864821037255
learned_K2_V2_s35_step10000,learned,2,35,samsum,Few-shot,263,5d140a66331465f2b930b483c61898d963547dc2e37dad17,10448,8k+,33.333332868888895
learned_K2_V2_s35_step10000,learned,2,35,samsum,Few-shot,264,0eae3b14e63c0c4c614692bba1eb71a17221bdf271227001,10432,8k+,41.02564062064431
learned_K2_V2_s35_step10000,learned,2,35,samsum,Few-shot,265,695b553aabf087b6349bb22d44cc9a1f55f9fc783f55ad6b,9936,8k+,76.92307642307694
learned_K2_V2_s35_step10000,learned,2,35,samsum,Few-shot,266,bdc7aa0d30ac0241bc79cab089c586b38b9bf3a3124ff9ae,10023,8k+,19.999999500000015
learned_K2_V2_s35_step10000,learned,2,35,samsum,Few-shot,267,026af6b27965bf8a6572d64fc70cc2269b01b37509086d74,9666,8k+,32.43243194156319
learned_K2_V2_s35_step10000,learned,2,35,samsum,Few-shot,268,f8c3191fa99b86e7f980d14f373f9b98d312405b7d96b99d,9352,8k+,59.57446761249435
learned_K2_V2_s35_step10000,learned,2,35,samsum,Few-shot,269,6c4fae59a6e4e095992cbd0e942380a5bcda5c6e4fd9a286,9475,8k+,42.10526265927979
learned_K2_V2_s35_step10000,learned,2,35,samsum,Few-shot,270,c397fd04b0eb132a414108a73344e4027b7d29646854846a,9694,8k+,53.33333284222223
learned_K2_V2_s35_step10000,learned,2,35,samsum,Few-shot,271,79263f81377ef5e48059808dc794c0a0483228254c480e9b,8089,8k+,52.380951885487534
learned_K2_V2_s35_step10000,learned,2,35,samsum,Few-shot,272,161f623d47c57df96c4405ae3340e4ed2bba28b5b197a77c,10562,8k+,34.9999995
learned_K2_V2_s35_step10000,learned,2,35,samsum,Few-shot,273,408b26d61a4bae6cbe28823c23ac28ea0d2138b7053a6179,9256,8k+,26.66666622222223
learned_K2_V2_s35_step10000,learned,2,35,samsum,Few-shot,274,af19e045fcf39f5960a93edf37f3e42d11e7b8ddb8ce4109,10087,8k+,51.851851352537736
learned_K2_V2_s35_step10000,learned,2,35,samsum,Few-shot,275,aa6ae4dbf2f39dd67e8047162a6d20d211fe6bb6cf293b06,8247,8k+,39.99999950617284
learned_K2_V2_s35_step10000,learned,2,35,samsum,Few-shot,276,7a8d202c95e78b1936b66c827ff1392f461f7594b7f0f2cd,10847,8k+,42.105262680055404
learned_K2_V2_s35_step10000,learned,2,35,samsum,Few-shot,277,26dacc7d2c754a32fa56f92af04384484188df035cb30e1c,9997,8k+,41.86046462303949
learned_K2_V2_s35_step10000,learned,2,35,samsum,Few-shot,278,95b1a2ddbee09df194078af17fc50b5d3914e262d44b7336,11057,8k+,39.9999995088889
learned_K2_V2_s35_step10000,learned,2,35,samsum,Few-shot,279,4cd9ee9d3b87f33bf529a4f4b072436dff87278548a9519c,11074,8k+,49.9999995138889
learned_K2_V2_s35_step10000,learned,2,35,samsum,Few-shot,280,c21c13d3b677378ed986de245e248e8980283b73d810001c,9512,8k+,34.28571379591837
learned_K2_V2_s35_step10000,learned,2,35,samsum,Few-shot,281,6b19c96d39e0b8834f6fb3b63fb47134d5029cc082ac21c8,8121,8k+,48.27586158382878
learned_K2_V2_s35_step10000,learned,2,35,samsum,Few-shot,282,552da5b67514d0111059f21d052434f2e10760afc1ef559c,9882,8k+,37.83783739956173
learned_K2_V2_s35_step10000,learned,2,35,samsum,Few-shot,283,7af7246701130f0eb2a76bd4b15664820e989acefe181a5e,10072,8k+,31.24999950781251
learned_K2_V2_s35_step10000,learned,2,35,samsum,Few-shot,284,a501f8735e8dbf40347a3f2674cb5de0b7ffb2e807397966,8851,8k+,47.05882303114187
learned_K2_V2_s35_step10000,learned,2,35,samsum,Few-shot,285,892d48d5012948c29054d894e895d3f28045b41a30a30eab,10731,8k+,36.36363586776859
learned_K2_V2_s35_step10000,learned,2,35,samsum,Few-shot,286,e207f0cd648c4dd4516b519a490faacd3dae921aac636340,9574,8k+,29.411764212802773
learned_K2_V2_s35_step10000,learned,2,35,samsum,Few-shot,287,25effe605950acf4a41981782da1092f10d8e3faf635872a,8513,8k+,42.10526265927979
learned_K2_V2_s35_step10000,learned,2,35,samsum,Few-shot,288,77304e965d3b1f961a103e6cdbfb27c926df2ff6d4615aa7,9554,8k+,33.33333291092747
learned_K2_V2_s35_step10000,learned,2,35,samsum,Few-shot,289,aaf4938b43d60e19478a27285d60fe7b794b232d4076e117,8885,8k+,39.13043431663517
learned_K2_V2_s35_step10000,learned,2,35,samsum,Few-shot,290,0e8106d6977e213b0841509e63cbdd2dca8d0e83ab191cd7,11635,8k+,29.999999520000003
learned_K2_V2_s35_step10000,learned,2,35,samsum,Few-shot,291,c1e968aa16f65b67251f8867a3167edb731b6ab8be974298,8772,8k+,43.90243854848305
learned_K2_V2_s35_step10000,learned,2,35,samsum,Few-shot,292,cf203265b2f7360e8c6c39cc20e793bb8300265617250ae9,8715,8k+,33.33333284722222
learned_K2_V2_s35_step10000,learned,2,35,samsum,Few-shot,293,52e27d2b66b408508abd8e420ebfc63ceed6ea55f292ea3e,10963,8k+,74.9999995078125
learned_K2_V2_s35_step10000,learned,2,35,samsum,Few-shot,294,ba3090092e06b6abb702bed899d67bd54ff9b3619ac38d80,8118,8k+,16.216215745799868
learned_K2_V2_s35_step10000,learned,2,35,samsum,Few-shot,295,c08f2666099350ba9dbc05457ad0b2d4c80cba1cf5a949e4,11182,8k+,41.37930985017836
learned_K2_V2_s35_step10000,learned,2,35,samsum,Few-shot,296,e27b2372f67f5a30bcd86f6110cfaf279b7f4e1d5e7c3e62,8599,8k+,24.24242374288339
learned_K2_V2_s35_step10000,learned,2,35,samsum,Few-shot,297,49c26433c93ad989d703a2d5352dc93c03fb999ef18979f6,9724,8k+,51.063829368945235
learned_K2_V2_s35_step10000,learned,2,35,samsum,Few-shot,298,6cc5b3611ecaff0d89ee96573450dab7b8e661fa94e7ea70,11317,8k+,52.6315784529086
learned_K2_V2_s35_step10000,learned,2,35,samsum,Few-shot,299,7826b625addca117e3ec116f641420ada08bee24a5069b84,8908,8k+,24.390243402736473
learned_K2_V2_s35_step10000,learned,2,35,passage_count,Synthetic,0,0358aa51ab38acc1b97405f4307203e982cbb19500435368,3615,0-4k,0.0
learned_K2_V2_s35_step10000,learned,2,35,passage_count,Synthetic,1,ec5670be0aea90e8e1a05d687158371f45f64a07f6177b69,3667,0-4k,0.0
learned_K2_V2_s35_step10000,learned,2,35,passage_count,Synthetic,2,1a276604ab10692c64480e83d99a53c121f3dca26d05e5ff,1973,0-4k,33.33333333333333
learned_K2_V2_s35_step10000,learned,2,35,passage_count,Synthetic,3,60608c75686cb0a1d59dd3b64ccec4655757bfaf1b54ee03,3503,0-4k,0.0
learned_K2_V2_s35_step10000,learned,2,35,passage_count,Synthetic,4,7d28069ded012b00d0d149edb38235620f24e7edb3bcdb74,3053,0-4k,0.0
learned_K2_V2_s35_step10000,learned,2,35,passage_count,Synthetic,5,8319b481fb2b8c0c4ab4903f7418b4086c3b0a2860906fa1,3034,0-4k,0.0
learned_K2_V2_s35_step10000,learned,2,35,passage_count,Synthetic,6,5c1ef546343d32b3fc2d85aa5578d7560c255fb44141cede,3299,0-4k,33.33333333333333
learned_K2_V2_s35_step10000,learned,2,35,passage_count,Synthetic,7,90444c751218b9ac6717a3ae82579e53476b085ae47887fa,3757,0-4k,0.0
learned_K2_V2_s35_step10000,learned,2,35,passage_count,Synthetic,8,0d42be0ec18776870876934959bda7c4a4856061bc7cb427,3328,0-4k,0.0
learned_K2_V2_s35_step10000,learned,2,35,passage_count,Synthetic,9,974b68875af8d477173b49c00c716b7003a35b345f7d5a62,3758,0-4k,0.0
learned_K2_V2_s35_step10000,learned,2,35,passage_count,Synthetic,10,6eba84932b263f1702cf77340cfaac4dbba70f3fa8cedb80,2179,0-4k,0.0
learned_K2_V2_s35_step10000,learned,2,35,passage_count,Synthetic,11,ee7eb82c5b9d3d6ae888089f6fc6975ab3aa99eb06d029f5,3450,0-4k,0.0
learned_K2_V2_s35_step10000,learned,2,35,passage_count,Synthetic,12,f9fc0cddc210b1dfb44bfd42b9f94e64fec43cce04e69d64,3293,0-4k,0.0
learned_K2_V2_s35_step10000,learned,2,35,passage_count,Synthetic,13,a7a94aecaea08f0d2799fe3ca3af73a9fc5317a7860d7909,3849,0-4k,25.0
learned_K2_V2_s35_step10000,learned,2,35,passage_count,Synthetic,14,bf7fc7dae69baf3f18bcc7a2d0c7a975730fd7ab04b028cb,3450,0-4k,0.0
learned_K2_V2_s35_step10000,learned,2,35,passage_count,Synthetic,15,1795269f5f7efef8da447c1797cfe8082c5fec5fbc13a587,1940,0-4k,0.0
learned_K2_V2_s35_step10000,learned,2,35,passage_count,Synthetic,16,0b87678ce1ae85acc57a914550242f987932afd1abda2831,3746,0-4k,25.0
learned_K2_V2_s35_step10000,learned,2,35,passage_count,Synthetic,17,1aa7aac093fccb8c81b386b732131d7369ea691d6fde9a49,2906,0-4k,0.0
learned_K2_V2_s35_step10000,learned,2,35,passage_count,Synthetic,18,6dc5076fc7d36d9f827f67041432c34085c45dd86395bdb1,2855,0-4k,0.0
learned_K2_V2_s35_step10000,learned,2,35,passage_count,Synthetic,19,de5a944fe7d91577daaf979663b17492c26441b905456c63,3857,0-4k,0.0
learned_K2_V2_s35_step10000,learned,2,35,passage_count,Synthetic,20,558eb0f077b73689c0ebdecd6835412bea8d7c84cba3e834,3516,0-4k,0.0
learned_K2_V2_s35_step10000,learned,2,35,passage_count,Synthetic,21,c728edcdddef5c2dcb6df4bf4531ddddb351f094ff62b5ec,2138,0-4k,0.0
learned_K2_V2_s35_step10000,learned,2,35,passage_count,Synthetic,22,288f4e37f101d146d77c62f996e4e9570b2771c27bc81979,2375,0-4k,0.0
learned_K2_V2_s35_step10000,learned,2,35,passage_count,Synthetic,23,b840b98f785681073e1294d070f22aef0fbffd88593251b7,2028,0-4k,0.0
learned_K2_V2_s35_step10000,learned,2,35,passage_count,Synthetic,24,79a3950607bd55a0c9d640bca5e886ecef6b8c1548d72010,3076,0-4k,0.0
learned_K2_V2_s35_step10000,learned,2,35,passage_count,Synthetic,25,0e4b6fd7e9532b62224647c07b72d1ef61b5442a96507314,3830,0-4k,0.0
learned_K2_V2_s35_step10000,learned,2,35,passage_count,Synthetic,26,ce3b44c862cb686ac5aa193be6ded32cab696d2caf89ba48,2836,0-4k,0.0
learned_K2_V2_s35_step10000,learned,2,35,passage_count,Synthetic,27,bc84939098d7b7b2a9281c2d3285c4c14fc400828c526597,2567,0-4k,25.0
learned_K2_V2_s35_step10000,learned,2,35,passage_count,Synthetic,28,89d39f31cc4adedb47a9e9308e30a02cb7fb96d0ce18e69e,2609,0-4k,0.0
learned_K2_V2_s35_step10000,learned,2,35,passage_count,Synthetic,29,bfce730da941bc2f088c4d892f9ba2628c380a9e88d8e773,2971,0-4k,0.0
learned_K2_V2_s35_step10000,learned,2,35,passage_count,Synthetic,30,adcc795638d85833e743ac9d8b1eb6ee866f03c43a1b5bff,2753,0-4k,0.0
learned_K2_V2_s35_step10000,learned,2,35,passage_count,Synthetic,31,159da58eb5686ecce86672c0afccf29e6cd388280a01846f,2914,0-4k,0.0
learned_K2_V2_s35_step10000,learned,2,35,passage_count,Synthetic,32,415813a9629f6a8b5f0a2741d906b989493b55d9bc52d04d,3169,0-4k,16.666666666666664
learned_K2_V2_s35_step10000,learned,2,35,passage_count,Synthetic,33,2d2848f2540d8bd30f8c7a45ec7d9bc501aad849fd70854b,2879,0-4k,0.0
learned_K2_V2_s35_step10000,learned,2,35,passage_count,Synthetic,34,66ad65384cc56d1cc0248007f6ae4e1153ebad02c3ca86d6,3773,0-4k,0.0
learned_K2_V2_s35_step10000,learned,2,35,passage_count,Synthetic,35,d6da336516d72144d20a564e479f9df7af8801b04ed93750,2737,0-4k,0.0
learned_K2_V2_s35_step10000,learned,2,35,passage_count,Synthetic,36,935778f03f2632c87b080ee9b2f452ea83fbbfb5c77332a2,1851,0-4k,0.0
learned_K2_V2_s35_step10000,learned,2,35,passage_count,Synthetic,37,dcab2f7f14e5de08bfa5baf40fb4ab0d455ff613cd8651fa,2055,0-4k,0.0
learned_K2_V2_s35_step10000,learned,2,35,passage_count,Synthetic,38,93ef798766f5c0b64ef9f76af5df9443006d742ffddaca69,3324,0-4k,0.0
learned_K2_V2_s35_step10000,learned,2,35,passage_count,Synthetic,39,2d42519cde960e97c7fbac956fb3de191fe12ce75dd5576a,3202,0-4k,0.0
learned_K2_V2_s35_step10000,learned,2,35,passage_count,Synthetic,40,a5b91208502dbf155e966bc108c0f5c639f2302b3daf397e,2257,0-4k,33.33333333333333
learned_K2_V2_s35_step10000,learned,2,35,passage_count,Synthetic,41,91403e4f72e0fbbd112e8fe689ca5de5b0abb5aa0a2cd94c,3487,0-4k,0.0
learned_K2_V2_s35_step10000,learned,2,35,passage_count,Synthetic,42,f136b8a5c0e851a6991647b31ae9f9fd0344ac054d8350a9,2904,0-4k,0.0
learned_K2_V2_s35_step10000,learned,2,35,passage_count,Synthetic,43,3e1812cd381a9bf8ed824129c7f5573a38750f193f53259c,1488,0-4k,33.33333333333333
learned_K2_V2_s35_step10000,learned,2,35,passage_count,Synthetic,44,eaa6f4f5a40f8dc1fbeba6b1a529af732b893f94cf07b2d1,3080,0-4k,0.0
learned_K2_V2_s35_step10000,learned,2,35,passage_count,Synthetic,45,4fb0504b375e752cdb7a29672e54edaee0637d835c0d519d,3453,0-4k,40.0
learned_K2_V2_s35_step10000,learned,2,35,passage_count,Synthetic,46,3efa1632c6c972106fdbc825cb4f48bb326dea5b7cceacc7,3911,0-4k,0.0
learned_K2_V2_s35_step10000,learned,2,35,passage_count,Synthetic,47,a1e7977a29492b5e0d19bc3bc169fdb536104e36675be0ad,2291,0-4k,0.0
learned_K2_V2_s35_step10000,learned,2,35,passage_count,Synthetic,48,9dd6dce168fd5151a9c1f8a776fbce5e92b85611edbdfb5f,3923,0-4k,0.0
learned_K2_V2_s35_step10000,learned,2,35,passage_count,Synthetic,49,4f33f4d1d7d8ae1101daea37320fc52e5df9fec8d8d544bf,3413,0-4k,33.33333333333333
learned_K2_V2_s35_step10000,learned,2,35,passage_count,Synthetic,50,65f2a63e597e3c77ae2ec7a4fb27dfe749c2c85b572957ef,3735,0-4k,0.0
learned_K2_V2_s35_step10000,learned,2,35,passage_count,Synthetic,51,c9f6a11ff94e485480ef3e6fc327c0081d0c6c90740c2a15,2792,0-4k,0.0
learned_K2_V2_s35_step10000,learned,2,35,passage_count,Synthetic,52,c9cb79a1b336b3dd72f967dd07e38bc20e9a5941b2121148,2472,0-4k,33.33333333333333
learned_K2_V2_s35_step10000,learned,2,35,passage_count,Synthetic,53,7634a6043dbae284c058945acd97de1732480116c17b09a6,2989,0-4k,0.0
learned_K2_V2_s35_step10000,learned,2,35,passage_count,Synthetic,54,49b38732bbcae35978fd4c6cfdf9c27b7383109c4b6ad6a9,3388,0-4k,0.0
learned_K2_V2_s35_step10000,learned,2,35,passage_count,Synthetic,55,b5632108341c1ca7995b00fe559e6281d6076c327973356f,2124,0-4k,0.0
learned_K2_V2_s35_step10000,learned,2,35,passage_count,Synthetic,56,a46222a353586063b55253f67f37183ce1ee0e0b76ed0a73,3102,0-4k,0.0
learned_K2_V2_s35_step10000,learned,2,35,passage_count,Synthetic,57,55708f724c66bd79f483659193c607f7905dcfd5877fe8ac,3592,0-4k,0.0
learned_K2_V2_s35_step10000,learned,2,35,passage_count,Synthetic,58,985dbc1e6123878a5510288a86c9719b74242b088cab5d60,3990,0-4k,0.0
learned_K2_V2_s35_step10000,learned,2,35,passage_count,Synthetic,59,8b209b21bfc10469d1ed116cd3e10d1b930f23a8d5d11f6a,3127,0-4k,0.0
learned_K2_V2_s35_step10000,learned,2,35,passage_count,Synthetic,60,2658274202c512a4327340881d767e0afb70b3dbfe13a12d,2594,0-4k,0.0
learned_K2_V2_s35_step10000,learned,2,35,passage_count,Synthetic,61,1f71b6dbebefc18f8a5b188cec6be25cd20dc0cff599b430,3592,0-4k,0.0
learned_K2_V2_s35_step10000,learned,2,35,passage_count,Synthetic,62,02dfad85bf01af369a8fc0b29e487839de2011faecc2e811,3966,0-4k,50.0
learned_K2_V2_s35_step10000,learned,2,35,passage_count,Synthetic,63,0fec84b109bb1fbbf2490312c18ac288b7bb5256887d59cd,3741,0-4k,0.0
learned_K2_V2_s35_step10000,learned,2,35,passage_count,Synthetic,64,1b686413964841c81ac3906d53cd4583c834f38b7a417676,1906,0-4k,0.0
learned_K2_V2_s35_step10000,learned,2,35,passage_count,Synthetic,65,4a4f5b1c8cb47aa585ea5335ded68388760a56212e31b943,3977,0-4k,0.0
learned_K2_V2_s35_step10000,learned,2,35,passage_count,Synthetic,66,3fcf9538bb0130b5249aed121f0abb25d47228991bc99347,3188,0-4k,33.33333333333333
learned_K2_V2_s35_step10000,learned,2,35,passage_count,Synthetic,67,e91fb674b5b0ec9b0f9c37424c00a7fa292f7fe3d24a3735,3404,0-4k,0.0
learned_K2_V2_s35_step10000,learned,2,35,passage_count,Synthetic,68,d8c82d9718d94504ad800eba373d15f227831550a6c62391,1407,0-4k,0.0
learned_K2_V2_s35_step10000,learned,2,35,passage_count,Synthetic,69,f1405e58115865757f93e3e1aba86e546d594fb7bc99f26c,2383,0-4k,0.0
learned_K2_V2_s35_step10000,learned,2,35,passage_count,Synthetic,70,9584a211dbcfaf17a9930234c99741c120dbf19b7e5134d9,2953,0-4k,0.0
learned_K2_V2_s35_step10000,learned,2,35,passage_count,Synthetic,71,e59eb57e3956b5ac15c830a60f333c4ac99a54c1e5e75b62,3276,0-4k,0.0
learned_K2_V2_s35_step10000,learned,2,35,passage_count,Synthetic,72,70de565b3fe6a60eaf2569d9e7894cceebe75549b27a04cf,3286,0-4k,0.0
learned_K2_V2_s35_step10000,learned,2,35,passage_count,Synthetic,73,7a8c90c196abc2d5f33e512e7308c47f229a59b8bda36158,3845,0-4k,0.0
learned_K2_V2_s35_step10000,learned,2,35,passage_count,Synthetic,74,b7dd8ed217e148fa3d3c78e82a83645300bfda7fe86a9140,3153,0-4k,0.0
learned_K2_V2_s35_step10000,learned,2,35,passage_count,Synthetic,75,0ec5cac2f838e70ee74e2442bb604526573b3eb9dc482eaf,3480,0-4k,0.0
learned_K2_V2_s35_step10000,learned,2,35,passage_count,Synthetic,76,c3f4a166fb45e2679b7bc6547fbd129a89a56927b3e58cf6,3873,0-4k,0.0
learned_K2_V2_s35_step10000,learned,2,35,passage_count,Synthetic,77,6e76455fc56cd6f7caac93703e8a2e1d2e56277099188e37,3262,0-4k,0.0
learned_K2_V2_s35_step10000,learned,2,35,passage_count,Synthetic,78,a856257dbe75aece5a0e1d84429c1b253bc3276cda17a070,3644,0-4k,0.0
learned_K2_V2_s35_step10000,learned,2,35,passage_count,Synthetic,79,cab713d4812f7c19a4e2fa511895ac02eff30509bb174327,2725,0-4k,50.0
learned_K2_V2_s35_step10000,learned,2,35,passage_count,Synthetic,80,a5069607226aff388bb09acae7ae0804028e8182f3b54fe6,3805,0-4k,0.0
learned_K2_V2_s35_step10000,learned,2,35,passage_count,Synthetic,81,d2fcd75fd9aaf968081ef5184880a2db0e7abc4d5308b37c,3637,0-4k,0.0
learned_K2_V2_s35_step10000,learned,2,35,passage_count,Synthetic,82,916506bee252ce51947e3007c9b4ac7862407ea4428dc065,3359,0-4k,0.0
learned_K2_V2_s35_step10000,learned,2,35,passage_count,Synthetic,83,7c6c68496e0a8cc6d1fef9b164d038bd4f19f26f0e75a43c,3031,0-4k,0.0
learned_K2_V2_s35_step10000,learned,2,35,passage_count,Synthetic,84,292511097c2acdea2de38487c8e58c3e907c3a1509eb2671,3900,0-4k,100.0
learned_K2_V2_s35_step10000,learned,2,35,passage_count,Synthetic,85,c82315b20e4cb32976563f568c88cc44afe97ddc6ade258a,3634,0-4k,0.0
learned_K2_V2_s35_step10000,learned,2,35,passage_count,Synthetic,86,023784d1d72cb34fc8f776ac2d46c9e280686e6ac39e3c58,2731,0-4k,0.0
learned_K2_V2_s35_step10000,learned,2,35,passage_count,Synthetic,87,4d7c80fd8edacc4b4cd8f30f0a795c6db7046c002bbcfb54,3963,0-4k,0.0
learned_K2_V2_s35_step10000,learned,2,35,passage_count,Synthetic,88,d50e378285ffe6f2eb6ea81e130fe710246d93408b867267,1627,0-4k,100.0
learned_K2_V2_s35_step10000,learned,2,35,passage_count,Synthetic,89,e3b5e66382adff58b4bb667378610ea770d1c7b513024220,3929,0-4k,0.0
learned_K2_V2_s35_step10000,learned,2,35,passage_count,Synthetic,90,76518693dd0e54940760545b20931ac42128b6ed70a0c175,3569,0-4k,0.0
learned_K2_V2_s35_step10000,learned,2,35,passage_count,Synthetic,91,0bcc458ed54b58e54442eda5d83a809d8114f6dd74bc42f2,3170,0-4k,14.285714285714285
learned_K2_V2_s35_step10000,learned,2,35,passage_count,Synthetic,92,ceb5722eb84fcc841ea454ae645027a5c080f18662f2dd45,3120,0-4k,0.0
learned_K2_V2_s35_step10000,learned,2,35,passage_count,Synthetic,93,35fc98f020eced6fe7ea47ca14e7371dd78198c7c868dc49,3602,0-4k,0.0
learned_K2_V2_s35_step10000,learned,2,35,passage_count,Synthetic,94,c0745e289534ab19ddc5ea86feb36a1d4b193fb79fa299db,2012,0-4k,0.0
learned_K2_V2_s35_step10000,learned,2,35,passage_count,Synthetic,95,68fb1a1c33cad3fd3e944ed7b2b46d85c00e3260e4e6a7eb,3519,0-4k,0.0
learned_K2_V2_s35_step10000,learned,2,35,passage_count,Synthetic,96,20dae6354cb2c1073ec330effa3aece90a9a457b73be31dd,3459,0-4k,0.0
learned_K2_V2_s35_step10000,learned,2,35,passage_count,Synthetic,97,bf1b0a93802e558790a7ecacb1c167698cd8b5158104ca69,3224,0-4k,0.0
learned_K2_V2_s35_step10000,learned,2,35,passage_count,Synthetic,98,08c1a056f3f9a89b40b851c180e8658a19f1e14b2edd9e95,3916,0-4k,0.0
learned_K2_V2_s35_step10000,learned,2,35,passage_count,Synthetic,99,5699783485e204c5168993c11f0698f1f13936b2418fb3d3,3541,0-4k,0.0
learned_K2_V2_s35_step10000,learned,2,35,passage_count,Synthetic,100,f20754d36635a430e5f13d5a550f3621a80724c78db2f47f,5080,4-8k,0.0
learned_K2_V2_s35_step10000,learned,2,35,passage_count,Synthetic,101,df5d21ba8a0c55a59e500bd46f8c019ec30bc9c23cf9e1e7,5968,4-8k,0.0
learned_K2_V2_s35_step10000,learned,2,35,passage_count,Synthetic,102,06fb0cfed204fbb2fd5120e6e3088d9c41e39c234b976a99,4826,4-8k,0.0
learned_K2_V2_s35_step10000,learned,2,35,passage_count,Synthetic,103,90a34e79c780c2df4d2dad95609a596c6098240e94842bf6,7562,4-8k,0.0
learned_K2_V2_s35_step10000,learned,2,35,passage_count,Synthetic,104,6a36f42bcb88b37b980d9ea8d72d0e53e518e31b7fffd39b,6563,4-8k,0.0
learned_K2_V2_s35_step10000,learned,2,35,passage_count,Synthetic,105,bef7f39f2932da728bdceb9c15f65f7c6c5d636336c92477,7066,4-8k,0.0
learned_K2_V2_s35_step10000,learned,2,35,passage_count,Synthetic,106,c8232ae864b19888b28efa3ef862c56ad8f1ffec470377b7,7154,4-8k,0.0
learned_K2_V2_s35_step10000,learned,2,35,passage_count,Synthetic,107,e0345e7ae80ae6adc1d7b44ea92e9a4463ccaafd88a6eec7,4831,4-8k,0.0
learned_K2_V2_s35_step10000,learned,2,35,passage_count,Synthetic,108,71ac013c8555828d33f28509f6641b9471f94730565377a4,5904,4-8k,0.0
learned_K2_V2_s35_step10000,learned,2,35,passage_count,Synthetic,109,7ff28d71a9f01fa3c22a85a55a9aab15ad353c412087dc4e,5199,4-8k,0.0
learned_K2_V2_s35_step10000,learned,2,35,passage_count,Synthetic,110,17d6f48e63f240e11d49f87a37b686e487aa5330773c83b3,4471,4-8k,0.0
learned_K2_V2_s35_step10000,learned,2,35,passage_count,Synthetic,111,ec42df1dd4a8be4502339260c265a799c464c8a1cb7c25e1,7079,4-8k,0.0
learned_K2_V2_s35_step10000,learned,2,35,passage_count,Synthetic,112,060b2ee2ae4859bf8d06c2a1a7234862deac6d9908c506c2,5738,4-8k,33.33333333333333
learned_K2_V2_s35_step10000,learned,2,35,passage_count,Synthetic,113,b663180eb540c7a1cfecc13b032d5e636bd71e8247925ad2,5177,4-8k,0.0
learned_K2_V2_s35_step10000,learned,2,35,passage_count,Synthetic,114,868be693c00bf9e07fd904315a64cd6faaf678029d05f8b6,4538,4-8k,0.0
learned_K2_V2_s35_step10000,learned,2,35,passage_count,Synthetic,115,e4b07315b113665eb97e64314d6b8480ee976e6569875d08,6257,4-8k,0.0
learned_K2_V2_s35_step10000,learned,2,35,passage_count,Synthetic,116,11a2e0a6b13812d3da7ded0175f95cd6e76b0b1923721de4,7229,4-8k,0.0
learned_K2_V2_s35_step10000,learned,2,35,passage_count,Synthetic,117,33bca46d0c8fabd850be92e94db318fdd113b7334fdf1a66,5182,4-8k,0.0
learned_K2_V2_s35_step10000,learned,2,35,passage_count,Synthetic,118,b2aa09d297f3e6655a417d39984949891b9f3fd36809debb,4523,4-8k,33.33333333333333
learned_K2_V2_s35_step10000,learned,2,35,passage_count,Synthetic,119,9512ca779f519aebfa07a9f90ce689daa359a4bde1151349,4295,4-8k,0.0
learned_K2_V2_s35_step10000,learned,2,35,passage_count,Synthetic,120,4b3d448ef335d8be747a106d3014837f0fac3dc3ff912459,5948,4-8k,0.0
learned_K2_V2_s35_step10000,learned,2,35,passage_count,Synthetic,121,ceb066ebbc96e274687159b83728f06a4c4aebe46376d687,4692,4-8k,0.0
learned_K2_V2_s35_step10000,learned,2,35,passage_count,Synthetic,122,636b437dc1dda53d82b5325c7b0b284e109d7d98577d4e1c,5798,4-8k,0.0
learned_K2_V2_s35_step10000,learned,2,35,passage_count,Synthetic,123,d639e371fe2c80347a14bd63ea66b725db3177445fb325bf,5341,4-8k,0.0
learned_K2_V2_s35_step10000,learned,2,35,passage_count,Synthetic,124,250ef8a8d6ae3e72c860f38817dc19700f4be55498de887b,5078,4-8k,33.33333333333333
learned_K2_V2_s35_step10000,learned,2,35,passage_count,Synthetic,125,e98c5baea7322b00b22d84d5e1d79ccb756fcc9578108734,6087,4-8k,0.0
learned_K2_V2_s35_step10000,learned,2,35,passage_count,Synthetic,126,98f5057b32fc0207ebe06ddf1bf9c58a7d2fe82874d43aa5,4588,4-8k,0.0
learned_K2_V2_s35_step10000,learned,2,35,passage_count,Synthetic,127,f095709382914a3fb45f07e0cfcc21407125b22239f2b38e,7520,4-8k,0.0
learned_K2_V2_s35_step10000,learned,2,35,passage_count,Synthetic,128,e2f7189604414e3a11f30404b5953204ecc9c0966ef4a5b6,5686,4-8k,0.0
learned_K2_V2_s35_step10000,learned,2,35,passage_count,Synthetic,129,a1426d2fa0f78082a4add09db890181e4f32725cb8c0730a,6538,4-8k,0.0
learned_K2_V2_s35_step10000,learned,2,35,passage_count,Synthetic,130,2a01c257489baade78e35ef9ae48df06709108019a179fb8,6445,4-8k,12.5
learned_K2_V2_s35_step10000,learned,2,35,passage_count,Synthetic,131,d938d96ee910fb4c2764196973e8f955413654464b6097a6,4855,4-8k,0.0
learned_K2_V2_s35_step10000,learned,2,35,passage_count,Synthetic,132,399c1693d887bc15ed45f43ac7d8fcac1ec208a003abb0c5,4831,4-8k,0.0
learned_K2_V2_s35_step10000,learned,2,35,passage_count,Synthetic,133,4be94a242018e3e06070b24408e255717ecd2ca6cd457b3c,4527,4-8k,0.0
learned_K2_V2_s35_step10000,learned,2,35,passage_count,Synthetic,134,d80be523f42b1d87a001eb95b1c99062583e94731a70cd46,4576,4-8k,0.0
learned_K2_V2_s35_step10000,learned,2,35,passage_count,Synthetic,135,5fd0e225ba6f3bd4ac743d20bcdb62a170b22f908c827bce,7561,4-8k,0.0
learned_K2_V2_s35_step10000,learned,2,35,passage_count,Synthetic,136,ae53acdaaa8e21f9bd80eb36ee9330c85bbe2c9c459ac5f1,6803,4-8k,25.0
learned_K2_V2_s35_step10000,learned,2,35,passage_count,Synthetic,137,0fe50c4cb9a0307d602232a617b539d841e27a7899aa842d,4504,4-8k,0.0
learned_K2_V2_s35_step10000,learned,2,35,passage_count,Synthetic,138,1b08a0e5fcbc5212bca614169c510091f48f0302423c8a2a,7410,4-8k,0.0
learned_K2_V2_s35_step10000,learned,2,35,passage_count,Synthetic,139,9d703a4b1cd581a19fe6dcb7f15e1f8d9bc5e87b954a3435,4978,4-8k,0.0
learned_K2_V2_s35_step10000,learned,2,35,passage_count,Synthetic,140,fc52a482d54936907360a856f4c37efc79e6d5aac81bb9da,7285,4-8k,0.0
learned_K2_V2_s35_step10000,learned,2,35,passage_count,Synthetic,141,bce8c873b0e03d7987901a434e532bcf2f1fcf70d68272f0,6779,4-8k,0.0
learned_K2_V2_s35_step10000,learned,2,35,passage_count,Synthetic,142,88688b1c3d24dbea862ad924f474de6f5893c1c5840ee1d7,7358,4-8k,0.0
learned_K2_V2_s35_step10000,learned,2,35,passage_count,Synthetic,143,9ebc3a6f150952348eb740b9e6d28eecf317f5fdb0523055,4073,4-8k,0.0
learned_K2_V2_s35_step10000,learned,2,35,passage_count,Synthetic,144,87276bfa8b5067110b2772486370a95ffccfef575398dda2,6737,4-8k,0.0
learned_K2_V2_s35_step10000,learned,2,35,passage_count,Synthetic,145,e164bbfae4797c150768eb186a17cdefe153cff2d08c6dc3,4783,4-8k,0.0
learned_K2_V2_s35_step10000,learned,2,35,passage_count,Synthetic,146,23cca509b2edf677e5722e16d55b20287682bd80ea129f3e,4248,4-8k,0.0
learned_K2_V2_s35_step10000,learned,2,35,passage_count,Synthetic,147,c2e9d59c15884f71e6381e7baa10c81cc5ded2a47593b5f0,6007,4-8k,0.0
learned_K2_V2_s35_step10000,learned,2,35,passage_count,Synthetic,148,103f315b90c835eb1f52e5a361379322b1e0f4fb23b7854f,7392,4-8k,0.0
learned_K2_V2_s35_step10000,learned,2,35,passage_count,Synthetic,149,7144fdb2d97389bc649d25ee8c6b1e00518fd3c4f2b7d439,6347,4-8k,0.0
learned_K2_V2_s35_step10000,learned,2,35,passage_count,Synthetic,150,8575285a2b5a20e990699e06d98b87f90cdf4ec1876d9d46,6910,4-8k,0.0
learned_K2_V2_s35_step10000,learned,2,35,passage_count,Synthetic,151,8729be8d01378c0ba2d0178d2587b53d8256423adff55cc5,7198,4-8k,0.0
learned_K2_V2_s35_step10000,learned,2,35,passage_count,Synthetic,152,692ddd9a69d835195877606cb2df22722d3408e3e5bef86d,5814,4-8k,0.0
learned_K2_V2_s35_step10000,learned,2,35,passage_count,Synthetic,153,4c69531287b15a15a5cb187668647a24a11ca897bd7ba4e2,7657,4-8k,0.0
learned_K2_V2_s35_step10000,learned,2,35,passage_count,Synthetic,154,b807aeec5a27ff6d845dc2ed40e70ffe28709534ef1eae38,4631,4-8k,0.0
learned_K2_V2_s35_step10000,learned,2,35,passage_count,Synthetic,155,741cb2c3e808fe3dce2bf119bb0a580b5f5c4aa50202d55f,5469,4-8k,0.0
learned_K2_V2_s35_step10000,learned,2,35,passage_count,Synthetic,156,d29151e13c85b9d39b3a4f0ba124ef3794262ae4a217231d,4876,4-8k,0.0
learned_K2_V2_s35_step10000,learned,2,35,passage_count,Synthetic,157,d379df525321ef1f6c2f96e239fe70da8bb7ff39c73d6f64,5228,4-8k,0.0
learned_K2_V2_s35_step10000,learned,2,35,passage_count,Synthetic,158,bc627c8d1e0ecce74510f82c83d6c5612f0502e63613e7f9,5636,4-8k,0.0
learned_K2_V2_s35_step10000,learned,2,35,passage_count,Synthetic,159,06252c9a219038a4f56c1a004636e907e962be200baa3bb1,6154,4-8k,0.0
learned_K2_V2_s35_step10000,learned,2,35,passage_count,Synthetic,160,bc2418fbba5df2e53627335d6c324b7e229516f256ea2d07,7804,4-8k,0.0
learned_K2_V2_s35_step10000,learned,2,35,passage_count,Synthetic,161,0ff36bd718bd5a7dd6b4723ccc56966668801c2930ef43b3,6496,4-8k,0.0
learned_K2_V2_s35_step10000,learned,2,35,passage_count,Synthetic,162,df03259ee832852cfaeace2e18551d494beede8e30fa72d6,6762,4-8k,0.0
learned_K2_V2_s35_step10000,learned,2,35,passage_count,Synthetic,163,976b6bcff19f3ae5ea1f8a9816d8273d1867e202000a85e5,6039,4-8k,0.0
learned_K2_V2_s35_step10000,learned,2,35,passage_count,Synthetic,164,c5671a1f6453fcbf768f89353522b2aa2b800ab1402ff237,4256,4-8k,0.0
learned_K2_V2_s35_step10000,learned,2,35,passage_count,Synthetic,165,d44feacbaca3aa4cf1d8efbb430ff97e6745f550bcc7db4b,7217,4-8k,0.0
learned_K2_V2_s35_step10000,learned,2,35,passage_count,Synthetic,166,e95b44e03a430067feee2f94d0a931a5d3e1da7454a614ed,4987,4-8k,0.0
learned_K2_V2_s35_step10000,learned,2,35,passage_count,Synthetic,167,e4c5b7927a87de32a0986530a7130fd0760ccd57f93494b4,6250,4-8k,0.0
learned_K2_V2_s35_step10000,learned,2,35,passage_count,Synthetic,168,f585832d9c78624dd328e1ad307cb6a6a33f3ef90f350c42,6770,4-8k,0.0
learned_K2_V2_s35_step10000,learned,2,35,passage_count,Synthetic,169,9c308506d70bfd96dd4676f0597473990a2b3238b04019a2,6245,4-8k,0.0
learned_K2_V2_s35_step10000,learned,2,35,passage_count,Synthetic,170,5672710f5d7ce14ff913bdd287525147ed962c186cbfcbe2,6293,4-8k,0.0
learned_K2_V2_s35_step10000,learned,2,35,passage_count,Synthetic,171,07155cad2ef4c11ce9c0241e9d3abca00824b937f9b6a201,5154,4-8k,0.0
learned_K2_V2_s35_step10000,learned,2,35,passage_count,Synthetic,172,0386ce05b2d7210e4e16c73fc25389bf52ee91843f3f07e9,4432,4-8k,0.0
learned_K2_V2_s35_step10000,learned,2,35,passage_count,Synthetic,173,7c9da72ba8e17e94224909bc17b169a385f58f72b6b239b5,4674,4-8k,0.0
learned_K2_V2_s35_step10000,learned,2,35,passage_count,Synthetic,174,1ba3c7d2289f41ae19e49e96698a80a4bcf5497d520dbc87,6726,4-8k,0.0
learned_K2_V2_s35_step10000,learned,2,35,passage_count,Synthetic,175,424346bf21040bf9924e5c6220ea1990e3211c13d50a6622,4261,4-8k,0.0
learned_K2_V2_s35_step10000,learned,2,35,passage_count,Synthetic,176,f9a97ca23996119d97f8b9edfb5f8dd67ccff11a5e54ac6f,7147,4-8k,0.0
learned_K2_V2_s35_step10000,learned,2,35,passage_count,Synthetic,177,e2816184127a1fb943910d00d4f4105e8a31eed3a018eb2e,6252,4-8k,0.0
learned_K2_V2_s35_step10000,learned,2,35,passage_count,Synthetic,178,5c754e2df4f3826530dd09a85e0c5bdc1d80b27b57ebf5a5,4690,4-8k,0.0
learned_K2_V2_s35_step10000,learned,2,35,passage_count,Synthetic,179,ddbf563c2d5871c336c330689e7fc5da7c4346e5ffe49317,4069,4-8k,0.0
learned_K2_V2_s35_step10000,learned,2,35,passage_count,Synthetic,180,9b6846a1d9852cde9edeb5f914944098d2b66a90ede3ab39,6407,4-8k,0.0
learned_K2_V2_s35_step10000,learned,2,35,passage_count,Synthetic,181,a765c82c290e80d5315ce09e6f73ccec1977db872d22229f,4196,4-8k,0.0
learned_K2_V2_s35_step10000,learned,2,35,passage_count,Synthetic,182,e7c32ebbfa5319736f5e86c8da7854e47220a79626fae869,6597,4-8k,0.0
learned_K2_V2_s35_step10000,learned,2,35,passage_count,Synthetic,183,62bec0ed21c9de3347a7c810b6c70fa58275a7cef20716f9,6381,4-8k,0.0
learned_K2_V2_s35_step10000,learned,2,35,passage_count,Synthetic,184,1c1c0e0a10ab3ad3f49b0abe2600d755e9f607dd3d668e5f,5795,4-8k,0.0
learned_K2_V2_s35_step10000,learned,2,35,passage_count,Synthetic,185,88debd0831e598a71dfbe6f77e851301be10b574b88d9a73,4713,4-8k,0.0
learned_K2_V2_s35_step10000,learned,2,35,passage_count,Synthetic,186,643be8acb975a5c41656754b71aa97c1e72e4dba01b27025,6738,4-8k,0.0
learned_K2_V2_s35_step10000,learned,2,35,passage_count,Synthetic,187,26fefe9c83377ca66b0df2de8c7ecc994ccd706f889aff2d,4930,4-8k,33.33333333333333
learned_K2_V2_s35_step10000,learned,2,35,passage_count,Synthetic,188,56a5a010746a740e2264b161a05a76315881b85aff2313d0,6491,4-8k,0.0
learned_K2_V2_s35_step10000,learned,2,35,passage_count,Synthetic,189,79387080d5060e45034f4b9e48849de320ee5987f5ecc0a4,4638,4-8k,0.0
learned_K2_V2_s35_step10000,learned,2,35,passage_count,Synthetic,190,93da95ca395f92d06ddf973c2855bb877361a519167db25f,6540,4-8k,0.0
learned_K2_V2_s35_step10000,learned,2,35,passage_count,Synthetic,191,0e028b402b459a53470b2a94bc2f677ff1469cf05db1ccf5,7346,4-8k,0.0
learned_K2_V2_s35_step10000,learned,2,35,passage_count,Synthetic,192,fdd481e9c693f2be4edfaeb72c9a8e53b744443af854d1af,6597,4-8k,0.0
learned_K2_V2_s35_step10000,learned,2,35,passage_count,Synthetic,193,17921c2c7541f9c43afd733648640e56cb7c04fa01cf845d,6934,4-8k,100.0
learned_K2_V2_s35_step10000,learned,2,35,passage_count,Synthetic,194,862137333531afb33f1574a121a0861517e32c8f4918e6e3,4287,4-8k,0.0
learned_K2_V2_s35_step10000,learned,2,35,passage_count,Synthetic,195,965c084901ab3e093e057dfe806affec32c1d9014ceb9552,5715,4-8k,0.0
learned_K2_V2_s35_step10000,learned,2,35,passage_count,Synthetic,196,53661c732fa906aa46e0998cff26faf31e7bc6d3b8c8c9e8,6301,4-8k,0.0
learned_K2_V2_s35_step10000,learned,2,35,passage_count,Synthetic,197,b604692f9fea74a6cf6f28ae605a11a0741d09b2d5764417,6709,4-8k,0.0
learned_K2_V2_s35_step10000,learned,2,35,passage_count,Synthetic,198,a55631b580c6a14bc7d9fc007d5c92c845e6fcc88164040c,7683,4-8k,0.0
learned_K2_V2_s35_step10000,learned,2,35,passage_count,Synthetic,199,b32e312b4c8285da48dbaa610531473fa949f7025426ca4d,7505,4-8k,0.0
learned_K2_V2_s35_step10000,learned,2,35,passage_count,Synthetic,200,aefb4e68aa0930f4080679e986ec40b0c9b6736310c688eb,8657,8k+,0.0
learned_K2_V2_s35_step10000,learned,2,35,passage_count,Synthetic,201,b1511093ae8702333e467940c81f289c6b6930b0a53e78df,8402,8k+,0.0
learned_K2_V2_s35_step10000,learned,2,35,passage_count,Synthetic,202,cf42618fd7afcae9079bf9e45ecf7b4a8d101be1407aa8f6,8602,8k+,0.0
learned_K2_V2_s35_step10000,learned,2,35,passage_count,Synthetic,203,1515a4183be281231aa3288063597dde66bce7786409a6c5,8559,8k+,0.0
learned_K2_V2_s35_step10000,learned,2,35,passage_count,Synthetic,204,11637fb14c76933275bc023e43227f0f549039f2d636cb26,8579,8k+,0.0
learned_K2_V2_s35_step10000,learned,2,35,passage_count,Synthetic,205,2d36e68689abc056d336b83d9d02286edc397834702cf132,8263,8k+,0.0
learned_K2_V2_s35_step10000,learned,2,35,passage_count,Synthetic,206,a63961442b8474b552da851ead93a24eaf27ad38c045c4dc,9229,8k+,0.0
learned_K2_V2_s35_step10000,learned,2,35,passage_count,Synthetic,207,37d560e7014953b5ad3cc4c8bc6ec44c0fb9814826ffd204,9457,8k+,0.0
learned_K2_V2_s35_step10000,learned,2,35,passage_count,Synthetic,208,cd87f7257c1643160d16a29ba42d67f828eaea3930ac0450,9343,8k+,0.0
learned_K2_V2_s35_step10000,learned,2,35,passage_count,Synthetic,209,d2735fff15b086728cac4400c5e3e30a72187ec3ac68c87a,9421,8k+,0.0
learned_K2_V2_s35_step10000,learned,2,35,passage_count,Synthetic,210,08d035ccf02d40a98c12dcf92b043535d422831faa4bb9fa,10930,8k+,0.0
learned_K2_V2_s35_step10000,learned,2,35,passage_count,Synthetic,211,c162e545256b7b2c7e15d2210d7e09d679bf4fc869042a2d,9452,8k+,0.0
learned_K2_V2_s35_step10000,learned,2,35,passage_count,Synthetic,212,842cd3791189fe808db2aa3f171ebe9286567f3dc0a16699,8078,8k+,0.0
learned_K2_V2_s35_step10000,learned,2,35,passage_count,Synthetic,213,de8a80fb6e57a84a8adbe7df8f36fdef64fa996624ee550b,9464,8k+,0.0
learned_K2_V2_s35_step10000,learned,2,35,passage_count,Synthetic,214,8ea4a507b131b2f8770360c9568652bad67e1411207d48ab,14537,8k+,0.0
learned_K2_V2_s35_step10000,learned,2,35,passage_count,Synthetic,215,52b607e833dc69f47744b132fde49642fd4cde8b2d1742c7,8945,8k+,0.0
learned_K2_V2_s35_step10000,learned,2,35,passage_count,Synthetic,216,a573ff8333f03b1002689809210d6f929c5b2a7b46e4ffdb,8762,8k+,0.0
learned_K2_V2_s35_step10000,learned,2,35,passage_count,Synthetic,217,4228dc8fb19a16014cbdcf98f42554bc1ceb1ad702f00254,9775,8k+,0.0
learned_K2_V2_s35_step10000,learned,2,35,passage_count,Synthetic,218,8b6ab91458d220f124734203b1a88fb8239a4d312d91b364,9031,8k+,0.0
learned_K2_V2_s35_step10000,learned,2,35,passage_count,Synthetic,219,839205ea78e016cbe768f55c93e913b9739da13111cd5203,9999,8k+,0.0
learned_K2_V2_s35_step10000,learned,2,35,passage_count,Synthetic,220,3a3162b573104a0eabb272046a80d94549536b0fa5d1efd0,10235,8k+,0.0
learned_K2_V2_s35_step10000,learned,2,35,passage_count,Synthetic,221,6cd9e99b1214827e24c3b0d2fbacadb7f2d0e47c75783162,8606,8k+,100.0
learned_K2_V2_s35_step10000,learned,2,35,passage_count,Synthetic,222,15aef50d9425f0159d267e8628af8fbfedc95f0b1e7ed652,8294,8k+,0.0
learned_K2_V2_s35_step10000,learned,2,35,passage_count,Synthetic,223,95c45216c0f6fd534fa4f5cb96edef2119590564929e9a18,8947,8k+,0.0
learned_K2_V2_s35_step10000,learned,2,35,passage_count,Synthetic,224,2aa27b5270319819e7e4941cab74cb57213670b4ed370ae0,9620,8k+,0.0
learned_K2_V2_s35_step10000,learned,2,35,passage_count,Synthetic,225,26c1cd88f8414d94b52829acc3bcf45b22234c8cf6a50b5f,11716,8k+,0.0
learned_K2_V2_s35_step10000,learned,2,35,passage_count,Synthetic,226,950d1c486e058932a87fa49d51cf4dd872556f81acbcd361,12317,8k+,0.0
learned_K2_V2_s35_step10000,learned,2,35,passage_count,Synthetic,227,1139af7f4ece24b2c877f0cafb12c3952907d387002b5e44,9506,8k+,0.0
learned_K2_V2_s35_step10000,learned,2,35,passage_count,Synthetic,228,4f93d9ce4442c0815272ebc7aced8b27c18de44027e06bca,8555,8k+,0.0
learned_K2_V2_s35_step10000,learned,2,35,passage_count,Synthetic,229,4017b3011a1614c59792948267de259286d7cfdecc207444,9453,8k+,0.0
learned_K2_V2_s35_step10000,learned,2,35,passage_count,Synthetic,230,ccfbefbb4dea70d947f8f6be0b9d863fec425473ac03afe2,8265,8k+,0.0
learned_K2_V2_s35_step10000,learned,2,35,passage_count,Synthetic,231,9660b7ff848abe562af53fb121188100163a69ec3b662480,9318,8k+,0.0
learned_K2_V2_s35_step10000,learned,2,35,passage_count,Synthetic,232,9da5946385cd7495320e056d0f102592e5ef446d3fa98c86,8121,8k+,0.0
learned_K2_V2_s35_step10000,learned,2,35,passage_count,Synthetic,233,f9534665d63e8f039785074cf28456ae23acc875437e70b4,8451,8k+,0.0
learned_K2_V2_s35_step10000,learned,2,35,passage_count,Synthetic,234,d15fb8bf1ecb3383177eb275c5c345b7dd1c0c9505654a26,8386,8k+,0.0
learned_K2_V2_s35_step10000,learned,2,35,passage_count,Synthetic,235,a8b5b729750aecfb1909a9ea005dfe9ba23241a20037f815,12724,8k+,100.0
learned_K2_V2_s35_step10000,learned,2,35,passage_count,Synthetic,236,2058adb1a1542341e3df181bcca1c789a8ed960a2bba0e97,8572,8k+,0.0
learned_K2_V2_s35_step10000,learned,2,35,passage_count,Synthetic,237,4d3037ff49a1421c85433918a63a6249468d0415c2052d1a,8524,8k+,0.0
learned_K2_V2_s35_step10000,learned,2,35,passage_count,Synthetic,238,4baf5a64776125f718d05d2d4770bca105dc96427d93fd8d,8351,8k+,0.0
learned_K2_V2_s35_step10000,learned,2,35,passage_count,Synthetic,239,3d36594c8240315162acf6b5c29b97d14d09aac705fba31c,8016,8k+,0.0
learned_K2_V2_s35_step10000,learned,2,35,passage_count,Synthetic,240,5174bc1cc6ea51111bc1abfc62632a93d5843fe4bb4be6b0,9442,8k+,0.0
learned_K2_V2_s35_step10000,learned,2,35,passage_count,Synthetic,241,0665b7c7138f0dd2f2222166cbe52d250b8c73f51d4c2468,8951,8k+,0.0
learned_K2_V2_s35_step10000,learned,2,35,passage_count,Synthetic,242,54702bfd1ce876f425fed07d4ee651fb00e47630ee0f4d39,9763,8k+,0.0
learned_K2_V2_s35_step10000,learned,2,35,passage_count,Synthetic,243,80d910c6efd8fef8f501bf61614cdcc5a52f3dee45ecc76d,9759,8k+,0.0
learned_K2_V2_s35_step10000,learned,2,35,passage_count,Synthetic,244,b084419755bf84261b81b5470045b2c4b419f845a762e5f0,9137,8k+,0.0
learned_K2_V2_s35_step10000,learned,2,35,passage_count,Synthetic,245,f59c295c468512bea0deed52a9d93b626e35e34ececaa42c,10249,8k+,0.0
learned_K2_V2_s35_step10000,learned,2,35,passage_count,Synthetic,246,d309e35893ff9fcde18af2faba077ee05ef3c7bcc05f31b4,8941,8k+,0.0
learned_K2_V2_s35_step10000,learned,2,35,passage_count,Synthetic,247,9bd7cc6188a48bb4e6b2354d1f71dcfa69a14f5c246163ef,8514,8k+,0.0
learned_K2_V2_s35_step10000,learned,2,35,passage_count,Synthetic,248,9257294f738fd5ccbed674b18aa2f4ab0301d77e4e3d8290,8152,8k+,33.33333333333333
learned_K2_V2_s35_step10000,learned,2,35,passage_count,Synthetic,249,0dcae479e86babd8fd813ff55ce139ee76e64568450bd024,8688,8k+,0.0
learned_K2_V2_s35_step10000,learned,2,35,passage_count,Synthetic,250,60d0b4328dee7a106a3910bd85b35dccd539e118316cd44a,8498,8k+,33.33333333333333
learned_K2_V2_s35_step10000,learned,2,35,passage_count,Synthetic,251,0b115916b563da5969fdb6b833b0af8f1009842ee66c2d9d,8645,8k+,20.0
learned_K2_V2_s35_step10000,learned,2,35,passage_count,Synthetic,252,d9d9ed4c666deb02016eac700dd099a5d29270e9e439f714,11162,8k+,0.0
learned_K2_V2_s35_step10000,learned,2,35,passage_count,Synthetic,253,63b669f647fa37cce7ecb2748f3cf4bed91003927830b488,10081,8k+,0.0
learned_K2_V2_s35_step10000,learned,2,35,passage_count,Synthetic,254,955448cee6b0af873a810966bce07ef9913f833747b8689f,10280,8k+,0.0
learned_K2_V2_s35_step10000,learned,2,35,passage_count,Synthetic,255,4e8aa35e86c6fe785b0f991909a35f4e8df3398214580f72,8684,8k+,0.0
learned_K2_V2_s35_step10000,learned,2,35,passage_count,Synthetic,256,d41083d380f93a5a049358d3012f5acba96174dad44a157f,13417,8k+,0.0
learned_K2_V2_s35_step10000,learned,2,35,passage_count,Synthetic,257,8041f459bf8570173d461b909735356d06ff64d510806517,8691,8k+,0.0
learned_K2_V2_s35_step10000,learned,2,35,passage_count,Synthetic,258,bd4cc2f0ee54ff30ca7c9989eb2f04fbe131bf5e5ca1b497,11059,8k+,100.0
learned_K2_V2_s35_step10000,learned,2,35,passage_count,Synthetic,259,b155aecffb5e1ef74521b93b394a762711865da783069804,8434,8k+,0.0
learned_K2_V2_s35_step10000,learned,2,35,passage_count,Synthetic,260,6e72d39d10695af7823c548450a52e854b0245720978166d,8701,8k+,0.0
learned_K2_V2_s35_step10000,learned,2,35,passage_count,Synthetic,261,a3ca75dd7ac61edfdef33139f9df9dee0df371c2f5d1338b,10126,8k+,0.0
learned_K2_V2_s35_step10000,learned,2,35,passage_count,Synthetic,262,7902f2b0c07de6b1d07cefd3ad34c6620d18f5109a061af4,9867,8k+,0.0
learned_K2_V2_s35_step10000,learned,2,35,passage_count,Synthetic,263,ee121c54831da8c1ba2c525d6a9d3b57b1c61e19b9d08ce8,8302,8k+,0.0
learned_K2_V2_s35_step10000,learned,2,35,passage_count,Synthetic,264,eadd57b579a946b2a57a44fe09179711ff589d1ebed72901,8195,8k+,0.0
learned_K2_V2_s35_step10000,learned,2,35,passage_count,Synthetic,265,a2b046ae757b358217c8772ade69c1430b7e21ff8fbc174d,10708,8k+,0.0
learned_K2_V2_s35_step10000,learned,2,35,passage_count,Synthetic,266,1aa027d84d22ec5c38578709f98d75613d4e51097b7e0230,8257,8k+,0.0
learned_K2_V2_s35_step10000,learned,2,35,passage_count,Synthetic,267,e1ae4a4f72237062a4fb609d1b8699981447754d4dad536a,9017,8k+,0.0
learned_K2_V2_s35_step10000,learned,2,35,passage_count,Synthetic,268,d8ff90515777f716866d59d9822361483bdd2b5c63205a25,8698,8k+,0.0
learned_K2_V2_s35_step10000,learned,2,35,passage_count,Synthetic,269,cd9b55be02c9647cbe709fa46802a2ae4a6dae9262b30862,8334,8k+,0.0
learned_K2_V2_s35_step10000,learned,2,35,passage_count,Synthetic,270,826bbdb89bc83ba8c88478c367418e3a3a690cb4f0bbe1fc,8108,8k+,0.0
learned_K2_V2_s35_step10000,learned,2,35,passage_count,Synthetic,271,f584c3548a79a6e81a0b5092bd38dc9ff2c3e597994319d8,9051,8k+,0.0
learned_K2_V2_s35_step10000,learned,2,35,passage_count,Synthetic,272,96a08683cd0973b1cff767d9773190d242904a95276a5c1e,8716,8k+,0.0
learned_K2_V2_s35_step10000,learned,2,35,passage_count,Synthetic,273,d7e8fa65749e6c6aa48c22af653e256dad3b1383c833c855,8995,8k+,0.0
learned_K2_V2_s35_step10000,learned,2,35,passage_count,Synthetic,274,953733c8084fc1908860dcc7ea1f3dd22102aa3f94a83958,10039,8k+,0.0
learned_K2_V2_s35_step10000,learned,2,35,passage_count,Synthetic,275,8c4dfac0e855df3a264f1edaad5b76e057e7ec9a788aab37,8352,8k+,0.0
learned_K2_V2_s35_step10000,learned,2,35,passage_count,Synthetic,276,0ba96d23e98c54a69e934a599069d2e090e2c4599f2a37f9,9681,8k+,0.0
learned_K2_V2_s35_step10000,learned,2,35,passage_count,Synthetic,277,6b7245c15e3f2c2227ea6eb29a7d018c8e9240fdb4e02169,10058,8k+,0.0
learned_K2_V2_s35_step10000,learned,2,35,passage_count,Synthetic,278,e87b7cdc1371e98b59f6663ee1c788a5cbc322e77bd78bbe,11296,8k+,0.0
learned_K2_V2_s35_step10000,learned,2,35,passage_count,Synthetic,279,b9a9ae2a9739c3e390f189627b9ed194d05ae952944a891f,8329,8k+,0.0
learned_K2_V2_s35_step10000,learned,2,35,passage_count,Synthetic,280,e67140a69fde941b124423492902371d06823f7d8f4ed50d,9199,8k+,0.0
learned_K2_V2_s35_step10000,learned,2,35,passage_count,Synthetic,281,9d50b2c1a006ddb92d6771f886b8b462d7ee7a67578673c3,9365,8k+,0.0
learned_K2_V2_s35_step10000,learned,2,35,passage_count,Synthetic,282,d84598e0b0927f96e2dda650c13e6e65e96097e05cae0f93,9245,8k+,0.0
learned_K2_V2_s35_step10000,learned,2,35,passage_count,Synthetic,283,370753eb8839de39ee2ded6a2e8723bf24c302f6aac95026,11832,8k+,0.0
learned_K2_V2_s35_step10000,learned,2,35,passage_count,Synthetic,284,e02faa4cd81e74dd0ec086017bf249f192cd6f0205f8fbfb,9904,8k+,0.0
learned_K2_V2_s35_step10000,learned,2,35,passage_count,Synthetic,285,5fa7279af0b7c141a24d84d9bcc40979e93333831d8af6c4,8089,8k+,0.0
learned_K2_V2_s35_step10000,learned,2,35,passage_count,Synthetic,286,494aac3eb9f54b71b4993d15fdc20b882625c8c6f8b831e8,9587,8k+,0.0
learned_K2_V2_s35_step10000,learned,2,35,passage_count,Synthetic,287,052c1aac57e79fd7527edae9cd17907b8f82cdd93199eebd,9763,8k+,0.0
learned_K2_V2_s35_step10000,learned,2,35,passage_count,Synthetic,288,f43d1540325d9fbaf6c3bef9fcd553cb7c6c2ad12dc22196,8123,8k+,0.0
learned_K2_V2_s35_step10000,learned,2,35,passage_count,Synthetic,289,d140101c2b8ed617f3a0fe728f0a3f9c9e46aae23293ead1,8809,8k+,0.0
learned_K2_V2_s35_step10000,learned,2,35,passage_count,Synthetic,290,7347982cc9d221657f7e54fe8464f4f4883b5fca2d74c461,9044,8k+,0.0
learned_K2_V2_s35_step10000,learned,2,35,passage_count,Synthetic,291,53a3c26f4719d91da1e33111082c179b27f4ecaf5860e317,8393,8k+,0.0
learned_K2_V2_s35_step10000,learned,2,35,passage_count,Synthetic,292,5b89c59e612d5a2d2425c427a2e2d8e22c4145e38c3fb6c4,9224,8k+,0.0
learned_K2_V2_s35_step10000,learned,2,35,passage_count,Synthetic,293,16f8004d0691348f4b37da3359f75613e5174aeabcfb99ea,8844,8k+,0.0
learned_K2_V2_s35_step10000,learned,2,35,passage_count,Synthetic,294,39cfecfa17b70e9db9b622316f1e6fcf24742933e815ca14,8534,8k+,0.0
learned_K2_V2_s35_step10000,learned,2,35,passage_count,Synthetic,295,a6d2bcb48d66f4986ffc710ed4206ec90b4e2c1f2c9a94cb,9720,8k+,0.0
learned_K2_V2_s35_step10000,learned,2,35,passage_count,Synthetic,296,581cc1a47b60e96df0ad9dbadcba4b232c863b0f08513e1e,8803,8k+,0.0
learned_K2_V2_s35_step10000,learned,2,35,passage_count,Synthetic,297,6b6a341d0aef088398b126242104d33854bfd54f968d93f5,12180,8k+,0.0
learned_K2_V2_s35_step10000,learned,2,35,passage_count,Synthetic,298,d49ef835b43a8b034db19c0b68604476a2772433f36e3c34,9896,8k+,0.0
learned_K2_V2_s35_step10000,learned,2,35,passage_count,Synthetic,299,d52ef6dd3056e2c645a22c266262eeddbed92b310a741bf1,8745,8k+,0.0
learned_K2_V2_s35_step10000,learned,2,35,passage_retrieval_en,Synthetic,0,f363b5cfe63d7095514d7273aaa2e31dbfa73f10a71fd7d8,3446,0-4k,100.0
learned_K2_V2_s35_step10000,learned,2,35,passage_retrieval_en,Synthetic,1,721b6ef6b4641a7517d4228be3a141ddb2e698348da36083,3490,0-4k,100.0
learned_K2_V2_s35_step10000,learned,2,35,passage_retrieval_en,Synthetic,2,871d9417ba06b98b501a20f626a0744f6ba0713376630258,3315,0-4k,100.0
learned_K2_V2_s35_step10000,learned,2,35,passage_retrieval_en,Synthetic,3,707ae2fed6a206720c3afb70facc02c376eeca4fd6859740,3428,0-4k,100.0
learned_K2_V2_s35_step10000,learned,2,35,passage_retrieval_en,Synthetic,4,f188797ab3b6f303be0812325eba96240df0d516abfb1082,3728,0-4k,100.0
learned_K2_V2_s35_step10000,learned,2,35,passage_retrieval_en,Synthetic,5,fefcad13768b159709cc708cc673812231936f33aaf5da15,3580,0-4k,100.0
learned_K2_V2_s35_step10000,learned,2,35,passage_retrieval_en,Synthetic,6,af70b30ba43f632ce620eb63182db1425846d21beb586ae4,3941,0-4k,100.0
learned_K2_V2_s35_step10000,learned,2,35,passage_retrieval_en,Synthetic,7,1ffe6e79a2ddb2071ed1e89427b5a130ed9c86e6fd11165e,3995,0-4k,100.0
learned_K2_V2_s35_step10000,learned,2,35,passage_retrieval_en,Synthetic,8,83f6186ca8e6173b7466b5dd60738f6810d9b900642e6476,3711,0-4k,100.0
learned_K2_V2_s35_step10000,learned,2,35,passage_retrieval_en,Synthetic,9,cb4941250aa5d9ff63e5df845c241daee60510ebb252a28e,3477,0-4k,100.0
learned_K2_V2_s35_step10000,learned,2,35,passage_retrieval_en,Synthetic,10,46a23c4e0aac896a129ec04f2958247d5110ed8f6f40fa57,3803,0-4k,100.0
learned_K2_V2_s35_step10000,learned,2,35,passage_retrieval_en,Synthetic,11,914f104aa00de19ab09e6fa1214ed7eeb0c50e7f0078fddf,3934,0-4k,100.0
learned_K2_V2_s35_step10000,learned,2,35,passage_retrieval_en,Synthetic,12,df98d0ca8b3caa0df1decac9bc11da941ff31b72bd677e8b,3578,0-4k,100.0
learned_K2_V2_s35_step10000,learned,2,35,passage_retrieval_en,Synthetic,13,7a554a7c3661c5c14da1314246d92a7de88725f7c1550958,3555,0-4k,0.0
learned_K2_V2_s35_step10000,learned,2,35,passage_retrieval_en,Synthetic,14,6736067383c905ddb7655f4830a0675cb524527792b92e9e,2844,0-4k,100.0
learned_K2_V2_s35_step10000,learned,2,35,passage_retrieval_en,Synthetic,15,3608f565a4136a4dd8104c179c720511472115c346c3b236,3337,0-4k,100.0
learned_K2_V2_s35_step10000,learned,2,35,passage_retrieval_en,Synthetic,16,86724a5db38528dd5331f3dafb4aac4ff68001d0224fbe9f,2819,0-4k,100.0
learned_K2_V2_s35_step10000,learned,2,35,passage_retrieval_en,Synthetic,17,e41768e9f22646b40a3170cb313c7705d97fb96d32d49729,3845,0-4k,100.0
learned_K2_V2_s35_step10000,learned,2,35,passage_retrieval_en,Synthetic,18,25a2b2062ac25f6c99611b2c28ca9ff3eec251ec176c1fb0,3576,0-4k,100.0
learned_K2_V2_s35_step10000,learned,2,35,passage_retrieval_en,Synthetic,19,0eafb6689a5f8285604cf0da2cb84bfba1be73a552c744a4,3590,0-4k,100.0
learned_K2_V2_s35_step10000,learned,2,35,passage_retrieval_en,Synthetic,20,5492d5792ccb7a5559cb09e430da6e887d990355510e94ac,3919,0-4k,100.0
learned_K2_V2_s35_step10000,learned,2,35,passage_retrieval_en,Synthetic,21,f7283c7ed455b72043cc6e010a544b9ad03d11bd317966a6,3861,0-4k,100.0
learned_K2_V2_s35_step10000,learned,2,35,passage_retrieval_en,Synthetic,22,92e2b4456d9d03b10b4cdc1d676ac1a811dcccc6210d5503,3797,0-4k,100.0
learned_K2_V2_s35_step10000,learned,2,35,passage_retrieval_en,Synthetic,23,16106ae2e02795fc384e6fb4725e099b89a3349ae5e26580,3541,0-4k,100.0
learned_K2_V2_s35_step10000,learned,2,35,passage_retrieval_en,Synthetic,24,9366ed74e314180c3b8e8e60911b382761d83c503de3a83a,2718,0-4k,100.0
learned_K2_V2_s35_step10000,learned,2,35,passage_retrieval_en,Synthetic,25,c7eeea5b285b2c95ce8e80fb2937bc5027dd7ef9835b1e68,3675,0-4k,0.0
learned_K2_V2_s35_step10000,learned,2,35,passage_retrieval_en,Synthetic,26,b6d6fccbf020898cff9ee83be5e758916e44fa23e876acfa,3856,0-4k,100.0
learned_K2_V2_s35_step10000,learned,2,35,passage_retrieval_en,Synthetic,27,6c7f1f61caca40be72b7fb9e4a04ab71251506686722806c,3608,0-4k,100.0
learned_K2_V2_s35_step10000,learned,2,35,passage_retrieval_en,Synthetic,28,7a85ca09f913abf631ad11da35f0322fa04019e6413f0eaf,3225,0-4k,100.0
learned_K2_V2_s35_step10000,learned,2,35,passage_retrieval_en,Synthetic,29,67f2724f91d6268e2ce088bf931eed87b81f44d4f975e420,3059,0-4k,100.0
learned_K2_V2_s35_step10000,learned,2,35,passage_retrieval_en,Synthetic,30,59054ee2c7da9a42a8f6b4009048079b71ed077a7b8a9cac,3231,0-4k,100.0
learned_K2_V2_s35_step10000,learned,2,35,passage_retrieval_en,Synthetic,31,a1d308c5c355e0fdb4ba546280e459a5a50b696a3a6eb10b,3116,0-4k,100.0
learned_K2_V2_s35_step10000,learned,2,35,passage_retrieval_en,Synthetic,32,3a40d35c65b9ce79803469088ac7204019af121390116684,2524,0-4k,100.0
learned_K2_V2_s35_step10000,learned,2,35,passage_retrieval_en,Synthetic,33,03a2ca693db1158290762a5a6f4713826956d330753de4d6,3292,0-4k,100.0
learned_K2_V2_s35_step10000,learned,2,35,passage_retrieval_en,Synthetic,34,411771705a8c584adfda256f30514ebaf8a587eac6be9623,3022,0-4k,100.0
learned_K2_V2_s35_step10000,learned,2,35,passage_retrieval_en,Synthetic,35,916e58a4b5eef032cd0395c65303980fcbb0ae42a18b3482,3994,0-4k,100.0
learned_K2_V2_s35_step10000,learned,2,35,passage_retrieval_en,Synthetic,36,19f648fad34cba29007b0cc95933721f7f8b6a81c237b433,3860,0-4k,100.0
learned_K2_V2_s35_step10000,learned,2,35,passage_retrieval_en,Synthetic,37,6db5d771ecd6ffbbc157fb27596a8e1ebda3cf41dde1173b,3599,0-4k,100.0
learned_K2_V2_s35_step10000,learned,2,35,passage_retrieval_en,Synthetic,38,0fad908bd27911fe79e7d2195b2ae05d784e8b75388478f3,3368,0-4k,100.0
learned_K2_V2_s35_step10000,learned,2,35,passage_retrieval_en,Synthetic,39,b5029fc27862396d45a7b698154c52c544f31b48d899fca3,2887,0-4k,100.0
learned_K2_V2_s35_step10000,learned,2,35,passage_retrieval_en,Synthetic,40,a35eebf8716855e761d5f58072b019af39e2ebe765bfba6f,3001,0-4k,100.0
learned_K2_V2_s35_step10000,learned,2,35,passage_retrieval_en,Synthetic,41,8c7d9e2095cbf464787cbec4a819d49d4ca29ea14c327701,3466,0-4k,100.0
learned_K2_V2_s35_step10000,learned,2,35,passage_retrieval_en,Synthetic,42,e76dfa479902ed7538fd64855456b7d4ff3831d2d2c701aa,3351,0-4k,100.0
learned_K2_V2_s35_step10000,learned,2,35,passage_retrieval_en,Synthetic,43,1ff726e8ab922a46ba5dc09c8ab8325d22e1488aa716e4fd,3517,0-4k,100.0
learned_K2_V2_s35_step10000,learned,2,35,passage_retrieval_en,Synthetic,44,b7aa9e70f9ea13e69382d01309135000ab1c13bf5eb6ceb6,3673,0-4k,100.0
learned_K2_V2_s35_step10000,learned,2,35,passage_retrieval_en,Synthetic,45,316d3826b9288f42d2ef943cebc2d6bbfd98124168b4c555,3999,0-4k,100.0
learned_K2_V2_s35_step10000,learned,2,35,passage_retrieval_en,Synthetic,46,be43e175180a48abca2fb2fe065596afb06f7e4efc660c65,3907,0-4k,100.0
learned_K2_V2_s35_step10000,learned,2,35,passage_retrieval_en,Synthetic,47,b87a17caac9f72707af0dd2218b9a39ca0aeb134d1343e7f,3239,0-4k,100.0
learned_K2_V2_s35_step10000,learned,2,35,passage_retrieval_en,Synthetic,48,760463707ecc7878b6bce579b11979852925136277fecc79,3565,0-4k,100.0
learned_K2_V2_s35_step10000,learned,2,35,passage_retrieval_en,Synthetic,49,efa95f747f8774928e61ed59a3b80ed0e151c647f1f73c5b,2358,0-4k,100.0
learned_K2_V2_s35_step10000,learned,2,35,passage_retrieval_en,Synthetic,50,31426afc717058adc13fce3a7307c5bdad89bc5be71735b1,3535,0-4k,0.0
learned_K2_V2_s35_step10000,learned,2,35,passage_retrieval_en,Synthetic,51,738adf7528d9ff85f5bc4dfeaf51eefa1e5a3d98599496f4,3910,0-4k,100.0
learned_K2_V2_s35_step10000,learned,2,35,passage_retrieval_en,Synthetic,52,0913c23df6327ee89b13d666f5fff0196a565240ce6e0bf4,3883,0-4k,100.0
learned_K2_V2_s35_step10000,learned,2,35,passage_retrieval_en,Synthetic,53,be1a0259ffec8e9179a935bc326d893db1ceacc80042b881,3095,0-4k,0.0
learned_K2_V2_s35_step10000,learned,2,35,passage_retrieval_en,Synthetic,54,78824d6a6e98a0e1e2ae5e37b4e333652aefacc1b13098c0,3208,0-4k,100.0
learned_K2_V2_s35_step10000,learned,2,35,passage_retrieval_en,Synthetic,55,4cd0cbfbaa33938fc02e2da2ea0825caa6c729cdfa00b495,3937,0-4k,0.0
learned_K2_V2_s35_step10000,learned,2,35,passage_retrieval_en,Synthetic,56,7c2bc6975ffbb0e157a9dace1c5d20f977768415e12138d2,3520,0-4k,100.0
learned_K2_V2_s35_step10000,learned,2,35,passage_retrieval_en,Synthetic,57,b02043e458708e181adaab89d3f5353bdf341fc9f59a81b1,3622,0-4k,100.0
learned_K2_V2_s35_step10000,learned,2,35,passage_retrieval_en,Synthetic,58,14401d92671b49bad0f04dd9f6b18106b13f9d2bed624f1a,3925,0-4k,100.0
learned_K2_V2_s35_step10000,learned,2,35,passage_retrieval_en,Synthetic,59,cc3afdddf51c3def11af4ba5df8c9718becd1ebb4fa3ca4f,3611,0-4k,100.0
learned_K2_V2_s35_step10000,learned,2,35,passage_retrieval_en,Synthetic,60,45287f8324f3b5dd565eaa3bd76efb753646da77fcbff46e,3875,0-4k,100.0
learned_K2_V2_s35_step10000,learned,2,35,passage_retrieval_en,Synthetic,61,5767b2c7f945aa35b3b6949cf5fc2b54d36f4eecc88e6dc7,3621,0-4k,100.0
learned_K2_V2_s35_step10000,learned,2,35,passage_retrieval_en,Synthetic,62,f49faf714e393b121cde34594203f150390524a8ba41d294,3010,0-4k,100.0
learned_K2_V2_s35_step10000,learned,2,35,passage_retrieval_en,Synthetic,63,531d85162bd54a203fabe5eb30c244f3fe52cf9a5c7786a9,3578,0-4k,100.0
learned_K2_V2_s35_step10000,learned,2,35,passage_retrieval_en,Synthetic,64,e13d21137403ad4098329587af936a642e3f40a6dc99b2d0,2721,0-4k,100.0
learned_K2_V2_s35_step10000,learned,2,35,passage_retrieval_en,Synthetic,65,477378915d07764d2b45b9bbef22ed26d78ba8c63a612481,3491,0-4k,100.0
learned_K2_V2_s35_step10000,learned,2,35,passage_retrieval_en,Synthetic,66,e15a6117bec61cf603a6212bef62878edad2a6c94df93f6e,3238,0-4k,100.0
learned_K2_V2_s35_step10000,learned,2,35,passage_retrieval_en,Synthetic,67,ac021596bfb8c87447cbf799822f6c321dd710b9a7475437,3236,0-4k,100.0
learned_K2_V2_s35_step10000,learned,2,35,passage_retrieval_en,Synthetic,68,848f9f0f5679f0bbc744980580904454b6776cc361d2e847,2957,0-4k,100.0
learned_K2_V2_s35_step10000,learned,2,35,passage_retrieval_en,Synthetic,69,d640c2f17111a0c5de38117a2bcbb631a62b6890b386ffc7,3565,0-4k,100.0
learned_K2_V2_s35_step10000,learned,2,35,passage_retrieval_en,Synthetic,70,c061333422958078686828eac8506ea4cc2fb98266390ffa,3213,0-4k,100.0
learned_K2_V2_s35_step10000,learned,2,35,passage_retrieval_en,Synthetic,71,c4286c67441459fa029c52f9e62f1bb16e348da4d623dec9,3272,0-4k,100.0
learned_K2_V2_s35_step10000,learned,2,35,passage_retrieval_en,Synthetic,72,5b4d74d9c3484eadef42c44e46584db5a2ade72966863fb2,2698,0-4k,100.0
learned_K2_V2_s35_step10000,learned,2,35,passage_retrieval_en,Synthetic,73,767e3cb26ec64fc48f521770469e909d47b6fdd515ad6a9a,3543,0-4k,100.0
learned_K2_V2_s35_step10000,learned,2,35,passage_retrieval_en,Synthetic,74,b03301855f97a3c45e36a4b9ea7bc6bbad82d1e7b8ea660c,3652,0-4k,0.0
learned_K2_V2_s35_step10000,learned,2,35,passage_retrieval_en,Synthetic,75,ea5586b6e23b0aa0e9fe7b18cfb767310a0f674b8cc50728,3288,0-4k,100.0
learned_K2_V2_s35_step10000,learned,2,35,passage_retrieval_en,Synthetic,76,cc2d03e9e525a33463fd9bf7412d2155b02e14ac87261d1a,3396,0-4k,100.0
learned_K2_V2_s35_step10000,learned,2,35,passage_retrieval_en,Synthetic,77,27dd8f0741120a6e40c949d3bc15aa5b7b1728e8a77a7e8c,3389,0-4k,0.0
learned_K2_V2_s35_step10000,learned,2,35,passage_retrieval_en,Synthetic,78,a83340ad80a9e187029262c34b831c17116cf743c30a2d26,3686,0-4k,100.0
learned_K2_V2_s35_step10000,learned,2,35,passage_retrieval_en,Synthetic,79,23c6743defc01d7bb8a905ab4c147906f10eef786d360d9b,2421,0-4k,100.0
learned_K2_V2_s35_step10000,learned,2,35,passage_retrieval_en,Synthetic,80,0e8c69019805819444bf646f6b76ad392e294a7973c4a542,2949,0-4k,100.0
learned_K2_V2_s35_step10000,learned,2,35,passage_retrieval_en,Synthetic,81,1871d3f08523229c63046369c673822eeaa03b218dc7fee3,3113,0-4k,100.0
learned_K2_V2_s35_step10000,learned,2,35,passage_retrieval_en,Synthetic,82,031a0eeb0ec2beb89d7262db6ed715ffea285eec518f8a8d,3720,0-4k,100.0
learned_K2_V2_s35_step10000,learned,2,35,passage_retrieval_en,Synthetic,83,8d095b9848f32168203471bf49153f48102b017e10abc3c5,3609,0-4k,100.0
learned_K2_V2_s35_step10000,learned,2,35,passage_retrieval_en,Synthetic,84,20d651867eadef96fc6d5ace1d9389167297044ff32bdcd7,3144,0-4k,0.0
learned_K2_V2_s35_step10000,learned,2,35,passage_retrieval_en,Synthetic,85,fd8cea3706521e6a6d1bb9df1037d233d3413fd2fbbb497f,3120,0-4k,100.0
learned_K2_V2_s35_step10000,learned,2,35,passage_retrieval_en,Synthetic,86,5ade245338ca8897c7d0951de6823381b6c7f9e0217bbb36,3565,0-4k,100.0
learned_K2_V2_s35_step10000,learned,2,35,passage_retrieval_en,Synthetic,87,3360840c325e1ae8dd1d73e490c11b9d69f463e2ebec9e89,3478,0-4k,100.0
learned_K2_V2_s35_step10000,learned,2,35,passage_retrieval_en,Synthetic,88,89c41e6f996726b65faf0a95464cb93699a397eaff092614,3079,0-4k,100.0
learned_K2_V2_s35_step10000,learned,2,35,passage_retrieval_en,Synthetic,89,d1a3433f92c83bfdb6f55cc101113b8e1a616035fc72ccf3,3405,0-4k,100.0
learned_K2_V2_s35_step10000,learned,2,35,passage_retrieval_en,Synthetic,90,be85d896160c8ef24cae3a35456934d592ebc381d4f221b8,3014,0-4k,100.0
learned_K2_V2_s35_step10000,learned,2,35,passage_retrieval_en,Synthetic,91,9fb4b8ec1064b4d898c5abdce7ede9d94b95648d42a8b36c,3308,0-4k,100.0
learned_K2_V2_s35_step10000,learned,2,35,passage_retrieval_en,Synthetic,92,f499993290da21987d19ce8b47d71a699649d282ee281564,3532,0-4k,100.0
learned_K2_V2_s35_step10000,learned,2,35,passage_retrieval_en,Synthetic,93,d5bd5d2ad15e7edc9fd2520b1969650c3c53e472f8784275,3991,0-4k,100.0
learned_K2_V2_s35_step10000,learned,2,35,passage_retrieval_en,Synthetic,94,8c7047997447850eb5acd4ae683572e97283cc6080506384,3266,0-4k,100.0
learned_K2_V2_s35_step10000,learned,2,35,passage_retrieval_en,Synthetic,95,d9dea1ce2f354fa4142bb4d7954bd700da304d90c9df818a,2906,0-4k,100.0
learned_K2_V2_s35_step10000,learned,2,35,passage_retrieval_en,Synthetic,96,2583defc05b3391a278f0344456fa63c2102f91dc7a9871f,3344,0-4k,100.0
learned_K2_V2_s35_step10000,learned,2,35,passage_retrieval_en,Synthetic,97,e000641ea859405cfea09c7ca509e38e4afc118e2fc0495b,3352,0-4k,0.0
learned_K2_V2_s35_step10000,learned,2,35,passage_retrieval_en,Synthetic,98,3a6ed5187ca2fafdb79e89237a2b88424d813c20fa16ee9b,3384,0-4k,0.0
learned_K2_V2_s35_step10000,learned,2,35,passage_retrieval_en,Synthetic,99,bb0168a6df65a94b8d59c2cf43301e5221e42adfb523e6e3,2801,0-4k,100.0
learned_K2_V2_s35_step10000,learned,2,35,passage_retrieval_en,Synthetic,100,80f5922b0e4edfbcf94b81ab942f21dc5b3c7fc0b9f9e7a5,7257,4-8k,100.0
learned_K2_V2_s35_step10000,learned,2,35,passage_retrieval_en,Synthetic,101,8e14dccc08e40bb309d48d155645f1cc5252d94a6c90041d,7254,4-8k,100.0
learned_K2_V2_s35_step10000,learned,2,35,passage_retrieval_en,Synthetic,102,655a606b442004ce01f02fd3060d8d243c5659a44908178e,6605,4-8k,100.0
learned_K2_V2_s35_step10000,learned,2,35,passage_retrieval_en,Synthetic,103,2bb1002fdbce02944e4226abeaa9f429bac2497eb0435fb6,4442,4-8k,0.0
learned_K2_V2_s35_step10000,learned,2,35,passage_retrieval_en,Synthetic,104,2f6ead24e100e1ae4b0a7bcc6d437927033643acb271f911,5138,4-8k,100.0
learned_K2_V2_s35_step10000,learned,2,35,passage_retrieval_en,Synthetic,105,75af1e1d5ca8b10eaaef234354b68ae5a94ec40041bfeb97,7068,4-8k,100.0
learned_K2_V2_s35_step10000,learned,2,35,passage_retrieval_en,Synthetic,106,c0fe2309ca55ac01442fa28387a766461a40e92ccba36c1f,6262,4-8k,100.0
learned_K2_V2_s35_step10000,learned,2,35,passage_retrieval_en,Synthetic,107,f1799ce8d663da589aab85598cf2c296b7c64b17a992bda8,6111,4-8k,0.0
learned_K2_V2_s35_step10000,learned,2,35,passage_retrieval_en,Synthetic,108,125f26720fb54335c6e5c1aae7bc1020eeea28c46dd4ed55,4149,4-8k,100.0
learned_K2_V2_s35_step10000,learned,2,35,passage_retrieval_en,Synthetic,109,63f51ad777ae342acc9df26f0224daf5b469ddb0087c2692,7218,4-8k,100.0
learned_K2_V2_s35_step10000,learned,2,35,passage_retrieval_en,Synthetic,110,de23e2b1d2dd91ee82fbc68d8a5a15aca03f8c6afccc5c91,6093,4-8k,100.0
learned_K2_V2_s35_step10000,learned,2,35,passage_retrieval_en,Synthetic,111,d932037fab091439091ecc68806cef10ee85edb5caf384ee,4486,4-8k,100.0
learned_K2_V2_s35_step10000,learned,2,35,passage_retrieval_en,Synthetic,112,dad39ff56af22fac2c8f08b17739a3b8efc42eae70184022,6616,4-8k,100.0
learned_K2_V2_s35_step10000,learned,2,35,passage_retrieval_en,Synthetic,113,647ab0f2c3a376dff61e86bd0414403a4efefa8e921ce2a3,6436,4-8k,100.0
learned_K2_V2_s35_step10000,learned,2,35,passage_retrieval_en,Synthetic,114,923e80008e2cfe06d0f669a635a78abbc816e81c3b1bb4bf,6938,4-8k,100.0
learned_K2_V2_s35_step10000,learned,2,35,passage_retrieval_en,Synthetic,115,60d2c6e9463cd84ae115b1012d7d759d810a4686ef6ab22d,6188,4-8k,100.0
learned_K2_V2_s35_step10000,learned,2,35,passage_retrieval_en,Synthetic,116,3a954452167cc7e8aaa9c563fc2f88628bd5397745218cea,4707,4-8k,100.0
learned_K2_V2_s35_step10000,learned,2,35,passage_retrieval_en,Synthetic,117,ab5ca22dfbcc05424bd3332f2cd56343c8ef7c7487a99561,4637,4-8k,100.0
learned_K2_V2_s35_step10000,learned,2,35,passage_retrieval_en,Synthetic,118,2eb19ed6e5997f36d76f5cbde0f21d8106162c8268550c0e,4616,4-8k,0.0
learned_K2_V2_s35_step10000,learned,2,35,passage_retrieval_en,Synthetic,119,e068d7d120cdbe14e54c8fe95823a94ca4388f5ac10874a9,5264,4-8k,100.0
learned_K2_V2_s35_step10000,learned,2,35,passage_retrieval_en,Synthetic,120,f05b3f579a3853667208609ceace8f84b34f39c90d29f662,6576,4-8k,100.0
learned_K2_V2_s35_step10000,learned,2,35,passage_retrieval_en,Synthetic,121,15bea5614344e37d6157ed6d2b604496555f0c35ef84c94a,6421,4-8k,100.0
learned_K2_V2_s35_step10000,learned,2,35,passage_retrieval_en,Synthetic,122,bb469eea1b241dce1641a7372d9b8671386fe80daca8d0b5,6728,4-8k,100.0
learned_K2_V2_s35_step10000,learned,2,35,passage_retrieval_en,Synthetic,123,cfdc31e732f122a22691783a1de0e98d5ba8b215d74cb420,7033,4-8k,100.0
learned_K2_V2_s35_step10000,learned,2,35,passage_retrieval_en,Synthetic,124,7ee700ad65b275d5c264f0231371cdde892cd44171a96878,7962,4-8k,100.0
learned_K2_V2_s35_step10000,learned,2,35,passage_retrieval_en,Synthetic,125,a4e106517f2a6a49ea1e90bb825378d25f0bb4860659ee46,4200,4-8k,100.0
learned_K2_V2_s35_step10000,learned,2,35,passage_retrieval_en,Synthetic,126,98128b5d464dd5a30eb929bc1ca75a0d819acd21cdd943f6,7282,4-8k,100.0
learned_K2_V2_s35_step10000,learned,2,35,passage_retrieval_en,Synthetic,127,e826584988dcbc94b9a767cac28746e64b655255dadf9634,5911,4-8k,100.0
learned_K2_V2_s35_step10000,learned,2,35,passage_retrieval_en,Synthetic,128,75d62409adf5d12d5cb6702c93c57aeca9f83aa1e5d3f24d,4281,4-8k,100.0
learned_K2_V2_s35_step10000,learned,2,35,passage_retrieval_en,Synthetic,129,335e3c30462f98d07ba39dd18c4aef80b7279198980645fb,7798,4-8k,100.0
learned_K2_V2_s35_step10000,learned,2,35,passage_retrieval_en,Synthetic,130,51bdcb569167e631c5fb86916697817ff63307efe0ddf9cc,4878,4-8k,100.0
learned_K2_V2_s35_step10000,learned,2,35,passage_retrieval_en,Synthetic,131,21c59f105a9c8a999757df4f3c7329cfe58e7bec4640f1be,6375,4-8k,100.0
learned_K2_V2_s35_step10000,learned,2,35,passage_retrieval_en,Synthetic,132,b7b47f3da1b114fc381f933fa989d36958adc0ae8926b860,5568,4-8k,100.0
learned_K2_V2_s35_step10000,learned,2,35,passage_retrieval_en,Synthetic,133,b176927e778d209dafcb9bb1e12e323c17eec0a7dd7a01ac,6212,4-8k,100.0
learned_K2_V2_s35_step10000,learned,2,35,passage_retrieval_en,Synthetic,134,d73b6b36aaf7889cfbb502b51ef38cb44bd10ee59a67fbe2,7320,4-8k,100.0
learned_K2_V2_s35_step10000,learned,2,35,passage_retrieval_en,Synthetic,135,403bf116be6dd08bb42a52072139e56f7559dd4c840c76a5,6353,4-8k,100.0
learned_K2_V2_s35_step10000,learned,2,35,passage_retrieval_en,Synthetic,136,a72a10a8c0014d791bc4cf4509c3165a78dc937ccfd271b9,7107,4-8k,0.0
learned_K2_V2_s35_step10000,learned,2,35,passage_retrieval_en,Synthetic,137,b6f32a6ace22dcd51530fe9820ec6c8eb7baee2f76003232,5318,4-8k,0.0
learned_K2_V2_s35_step10000,learned,2,35,passage_retrieval_en,Synthetic,138,dceaeffaa2c1642798423e7b0095576a7a49286f8a781b62,7096,4-8k,100.0
learned_K2_V2_s35_step10000,learned,2,35,passage_retrieval_en,Synthetic,139,559199af4c138e1c3963137db2be988e53bfda850a0206e3,4702,4-8k,100.0
learned_K2_V2_s35_step10000,learned,2,35,passage_retrieval_en,Synthetic,140,16bcc9af2a8f19f978c8fbcd54f5eb16ec1020e53b32ff71,7707,4-8k,100.0
learned_K2_V2_s35_step10000,learned,2,35,passage_retrieval_en,Synthetic,141,50817d909c975851a8000a825bd44a68a61aaa65f1864f3f,5279,4-8k,100.0
learned_K2_V2_s35_step10000,learned,2,35,passage_retrieval_en,Synthetic,142,33299d35937a468625623f198d3b800951cf021f2761ea45,7054,4-8k,100.0
learned_K2_V2_s35_step10000,learned,2,35,passage_retrieval_en,Synthetic,143,fe575b2439b40ae9d16ea644ab171cd1fd9a56f464db2545,6117,4-8k,100.0
learned_K2_V2_s35_step10000,learned,2,35,passage_retrieval_en,Synthetic,144,f4ac42564f5627bcd9cf1493711f23c5a26f173ee3c17fae,6576,4-8k,100.0
learned_K2_V2_s35_step10000,learned,2,35,passage_retrieval_en,Synthetic,145,028d0d3411fcc9c1eb801adb04137e71976b26af8c29d172,7252,4-8k,100.0
learned_K2_V2_s35_step10000,learned,2,35,passage_retrieval_en,Synthetic,146,9d4dbee146588a444b7bac1c05908a6a9a6e2e3c1b865990,5719,4-8k,0.0
learned_K2_V2_s35_step10000,learned,2,35,passage_retrieval_en,Synthetic,147,9e2103bcb271186d966c6302ca6a8c7e54ad67ed72f751ca,4150,4-8k,100.0
learned_K2_V2_s35_step10000,learned,2,35,passage_retrieval_en,Synthetic,148,998de60d22e3ab433c0b86dfc567d6fdebee06f169400499,7684,4-8k,100.0
learned_K2_V2_s35_step10000,learned,2,35,passage_retrieval_en,Synthetic,149,d7d4d2b381a5246dc634bf94034f09302280fe4e040cbe08,6672,4-8k,100.0
learned_K2_V2_s35_step10000,learned,2,35,passage_retrieval_en,Synthetic,150,51b2970c7f18c673ba7cd30ddf4f04217f12e1daa65fa87d,4088,4-8k,100.0
learned_K2_V2_s35_step10000,learned,2,35,passage_retrieval_en,Synthetic,151,12ebf35ca0e71e4fcbee2b3244ceeb08bc0da9242ca65906,6235,4-8k,100.0
learned_K2_V2_s35_step10000,learned,2,35,passage_retrieval_en,Synthetic,152,896abad7f02cb16de432968554810e1e69546a23458b984b,5731,4-8k,100.0
learned_K2_V2_s35_step10000,learned,2,35,passage_retrieval_en,Synthetic,153,706887714c35ef4282c80ff88cc55c27ec7e84c638a2a928,6907,4-8k,100.0
learned_K2_V2_s35_step10000,learned,2,35,passage_retrieval_en,Synthetic,154,122c2ffc7a79d71726b4a5273557a1907f9b1097d22c1902,6126,4-8k,100.0
learned_K2_V2_s35_step10000,learned,2,35,passage_retrieval_en,Synthetic,155,5b673de0df9a7bf45541ebdb36eca2b13dc8c08db6efd042,4417,4-8k,100.0
learned_K2_V2_s35_step10000,learned,2,35,passage_retrieval_en,Synthetic,156,57df6dd4f4fb60eedfce8abf6ace7ac82f3cb89b1a6cda40,6092,4-8k,100.0
learned_K2_V2_s35_step10000,learned,2,35,passage_retrieval_en,Synthetic,157,4927cc4d3a3558dd52e9c254291bd819a0e3ed8877afb2b7,6030,4-8k,100.0
learned_K2_V2_s35_step10000,learned,2,35,passage_retrieval_en,Synthetic,158,b52d3d1c47ff59df9f5cd58c7ac3c1d19d4ad3f5dddbfdd5,4283,4-8k,100.0
learned_K2_V2_s35_step10000,learned,2,35,passage_retrieval_en,Synthetic,159,8c5149ee8fa0851bc325350c7204cdca9375d2fb86e893c5,7688,4-8k,100.0
learned_K2_V2_s35_step10000,learned,2,35,passage_retrieval_en,Synthetic,160,971a21dceec4d97e08b3c19d1d200ebe3c2abb45c474eb66,7297,4-8k,100.0
learned_K2_V2_s35_step10000,learned,2,35,passage_retrieval_en,Synthetic,161,5c8445d116a92b66f72e6ed0d00adf08c37d1752e72f73d3,5406,4-8k,100.0
learned_K2_V2_s35_step10000,learned,2,35,passage_retrieval_en,Synthetic,162,655609dfd4afeb6059edf1578c12c2886e1f1f126bdacf51,4123,4-8k,100.0
learned_K2_V2_s35_step10000,learned,2,35,passage_retrieval_en,Synthetic,163,3a8b64fa04bd449ee25d54147b3f235c583a91d256d5d95a,7551,4-8k,100.0
learned_K2_V2_s35_step10000,learned,2,35,passage_retrieval_en,Synthetic,164,10436d4ad7f45022e2ecdd2255830fdbf6437e7af665d26d,4896,4-8k,100.0
learned_K2_V2_s35_step10000,learned,2,35,passage_retrieval_en,Synthetic,165,588255186a3ae655dc705fb5f4df7eae9876c407f98416d8,4479,4-8k,100.0
learned_K2_V2_s35_step10000,learned,2,35,passage_retrieval_en,Synthetic,166,e7596d778593209ee184c3f53949342c29801fb2a1a52f88,5504,4-8k,100.0
learned_K2_V2_s35_step10000,learned,2,35,passage_retrieval_en,Synthetic,167,5c2968eebd97540e670df59c656da9f1406ff6d5d50ddef3,7020,4-8k,100.0
learned_K2_V2_s35_step10000,learned,2,35,passage_retrieval_en,Synthetic,168,07320f7fe1a1b3d1c153f508ebec58b5d57d702b1f73c197,4325,4-8k,100.0
learned_K2_V2_s35_step10000,learned,2,35,passage_retrieval_en,Synthetic,169,6643e514e454e85491bbdac3a52955ef916568e019cb3a98,4166,4-8k,100.0
learned_K2_V2_s35_step10000,learned,2,35,passage_retrieval_en,Synthetic,170,ed0a4f4d4c13359bf230b6e1f401c85d8ff180ff8a7c02ce,4193,4-8k,100.0
learned_K2_V2_s35_step10000,learned,2,35,passage_retrieval_en,Synthetic,171,c59d8408496c77bf92378db1a541d7cc91af72b882a468a3,7552,4-8k,100.0
learned_K2_V2_s35_step10000,learned,2,35,passage_retrieval_en,Synthetic,172,e76d7773479217bc8bfe72c28b02a9fc4dd6aff61204039a,5064,4-8k,100.0
learned_K2_V2_s35_step10000,learned,2,35,passage_retrieval_en,Synthetic,173,5c3c65235a6f6585dd229cf69283c1e2105626aac2d1dd71,7071,4-8k,100.0
learned_K2_V2_s35_step10000,learned,2,35,passage_retrieval_en,Synthetic,174,fd1e59ad559a3fee19e4e9ff0ee6cf34d449bb948a456bbb,4832,4-8k,100.0
learned_K2_V2_s35_step10000,learned,2,35,passage_retrieval_en,Synthetic,175,625febc7f6ca99af7674c71157c6c5a3441395427361c873,7303,4-8k,100.0
learned_K2_V2_s35_step10000,learned,2,35,passage_retrieval_en,Synthetic,176,792a6a2e2954fabd061b492ca8746afdf0837b9f5e530173,6777,4-8k,100.0
learned_K2_V2_s35_step10000,learned,2,35,passage_retrieval_en,Synthetic,177,a22e317a7995aac5232721e3744c2db0089ba31c6c17390b,5669,4-8k,100.0
learned_K2_V2_s35_step10000,learned,2,35,passage_retrieval_en,Synthetic,178,ca0bd2e051c7d9d9a2df34f77f45993d24f473bcad0c70bd,5410,4-8k,100.0
learned_K2_V2_s35_step10000,learned,2,35,passage_retrieval_en,Synthetic,179,c251cd289476f231235d8bb5c0026551756c08419582928e,5721,4-8k,100.0
learned_K2_V2_s35_step10000,learned,2,35,passage_retrieval_en,Synthetic,180,a8c00e2277ac82ad33737c28a02f53badd5d5f909232f92c,5977,4-8k,100.0
learned_K2_V2_s35_step10000,learned,2,35,passage_retrieval_en,Synthetic,181,ff5dfd7c00d60fe9f8f6fc7224f42c8b1cf4d4d3ea008c3c,6315,4-8k,100.0
learned_K2_V2_s35_step10000,learned,2,35,passage_retrieval_en,Synthetic,182,71f0963b7a33d2e8c0bb539d5955b426813a97e6ad2f2479,5287,4-8k,100.0
learned_K2_V2_s35_step10000,learned,2,35,passage_retrieval_en,Synthetic,183,6c67b45e947ec5561a6fb036f5567f88904853a172d8303e,4148,4-8k,100.0
learned_K2_V2_s35_step10000,learned,2,35,passage_retrieval_en,Synthetic,184,20abfe1e2d178e67c2a8a9871e735df4b419e063c491937a,4943,4-8k,100.0
learned_K2_V2_s35_step10000,learned,2,35,passage_retrieval_en,Synthetic,185,24d4b18df735e7da567c674b10bb33fe732f6adb1a771bdf,5196,4-8k,100.0
learned_K2_V2_s35_step10000,learned,2,35,passage_retrieval_en,Synthetic,186,71ef196f5b8bb5e849c8a389d6111225a6bf8d762e032369,4832,4-8k,100.0
learned_K2_V2_s35_step10000,learned,2,35,passage_retrieval_en,Synthetic,187,dd9b5e65e2433ed329d1dca1dad4376defdcdb7b50424a38,7061,4-8k,100.0
learned_K2_V2_s35_step10000,learned,2,35,passage_retrieval_en,Synthetic,188,ceb97529eee36474c9eebdef0de0b37d21dc9f5132a2b801,6588,4-8k,100.0
learned_K2_V2_s35_step10000,learned,2,35,passage_retrieval_en,Synthetic,189,8142e5cbe70485dd0cd6a67551ef7a993ae1f9a390e018d6,4257,4-8k,100.0
learned_K2_V2_s35_step10000,learned,2,35,passage_retrieval_en,Synthetic,190,29285e0cf79a2eb39be64dd871d0ce449699f3fa7723a678,5099,4-8k,100.0
learned_K2_V2_s35_step10000,learned,2,35,passage_retrieval_en,Synthetic,191,3456c7fc96965c586f667a9f54003f201a622f5264a28282,6073,4-8k,100.0
learned_K2_V2_s35_step10000,learned,2,35,passage_retrieval_en,Synthetic,192,b0d37699c35b7f083e4f2dcbb275dc758d6126eae72f5a08,4354,4-8k,100.0
learned_K2_V2_s35_step10000,learned,2,35,passage_retrieval_en,Synthetic,193,e694ba69ad244fe9778736f6e32e7a3fe5d825287bb3f37f,7880,4-8k,100.0
learned_K2_V2_s35_step10000,learned,2,35,passage_retrieval_en,Synthetic,194,25acb3749765e2827ffb105da857a646a2e19952abe53cde,4480,4-8k,100.0
learned_K2_V2_s35_step10000,learned,2,35,passage_retrieval_en,Synthetic,195,6166423e45a780bb852595d66e2703f9feac69f6fabfaacf,6027,4-8k,0.0
learned_K2_V2_s35_step10000,learned,2,35,passage_retrieval_en,Synthetic,196,4a0adf4475f99736045f5c9897e6249a2360c76781efeda9,6045,4-8k,100.0
learned_K2_V2_s35_step10000,learned,2,35,passage_retrieval_en,Synthetic,197,29a6187aed28add2394331237c75aeeb95a9d799373d11e8,6969,4-8k,100.0
learned_K2_V2_s35_step10000,learned,2,35,passage_retrieval_en,Synthetic,198,96c535f3110469f9c88dbfa58e25f951d15c17a7cbd605b1,4573,4-8k,100.0
learned_K2_V2_s35_step10000,learned,2,35,passage_retrieval_en,Synthetic,199,f0f2083eb50e306b1ec337b12b29d58105027431dd69db09,7848,4-8k,100.0
learned_K2_V2_s35_step10000,learned,2,35,passage_retrieval_en,Synthetic,200,d392f885c2cf1c39f2081c1fb9cd4b8256173ae23791ea1e,9299,8k+,100.0
learned_K2_V2_s35_step10000,learned,2,35,passage_retrieval_en,Synthetic,201,f0b6ef7b4ffe315044731a6fa330fb11d434ee20d4d1a1bd,8579,8k+,100.0
learned_K2_V2_s35_step10000,learned,2,35,passage_retrieval_en,Synthetic,202,b16a9a96338268881e620f843f84ad6d52079f5a39798333,8583,8k+,0.0
learned_K2_V2_s35_step10000,learned,2,35,passage_retrieval_en,Synthetic,203,1192bf5f4fe40460fd759dd049995a5219c6fa78f95233e6,8248,8k+,100.0
learned_K2_V2_s35_step10000,learned,2,35,passage_retrieval_en,Synthetic,204,94ee6cf6875b4bdf4e8126bdd5d7f8fc6ecd9f72858ad383,8815,8k+,0.0
learned_K2_V2_s35_step10000,learned,2,35,passage_retrieval_en,Synthetic,205,20c4969159193b8834b5a24760c6929c0a8fd2a78534146c,9838,8k+,100.0
learned_K2_V2_s35_step10000,learned,2,35,passage_retrieval_en,Synthetic,206,d4f8e84b07568f0867c42dfdfe39c6687b8f338ea96dfc4d,8727,8k+,100.0
learned_K2_V2_s35_step10000,learned,2,35,passage_retrieval_en,Synthetic,207,5b535188caad3a4ec79a1a56d8d47a185fcb2210d7645cf0,9786,8k+,100.0
learned_K2_V2_s35_step10000,learned,2,35,passage_retrieval_en,Synthetic,208,3c7f53b6b11d7f189b1656e90598ef9c556a93c739ecec71,10607,8k+,100.0
learned_K2_V2_s35_step10000,learned,2,35,passage_retrieval_en,Synthetic,209,381d7ddfb59de8e8180f57b78d4a8d6fc090e5b2b32ce06e,8891,8k+,100.0
learned_K2_V2_s35_step10000,learned,2,35,passage_retrieval_en,Synthetic,210,7ac43cb8b7511fe54e44982cd92c3ae4fcedc242b06c9aaa,10244,8k+,100.0
learned_K2_V2_s35_step10000,learned,2,35,passage_retrieval_en,Synthetic,211,baba8d80630d1272e7e3b5b229f2f5b2c80265ebd7823202,9136,8k+,100.0
learned_K2_V2_s35_step10000,learned,2,35,passage_retrieval_en,Synthetic,212,092a68871d1f3029026db3d7d1e7e07bc6e97b332326ca5f,9504,8k+,0.0
learned_K2_V2_s35_step10000,learned,2,35,passage_retrieval_en,Synthetic,213,db3a99ab5855daf16f120952fb3f3e7e7be482525f286254,9292,8k+,100.0
learned_K2_V2_s35_step10000,learned,2,35,passage_retrieval_en,Synthetic,214,4c4a226811e4bdb07227adb0ac3efc888a362f2b2de7695b,8804,8k+,100.0
learned_K2_V2_s35_step10000,learned,2,35,passage_retrieval_en,Synthetic,215,82060678770f245e181f7a45c0ff2d6a4ba702cce762ff31,9025,8k+,100.0
learned_K2_V2_s35_step10000,learned,2,35,passage_retrieval_en,Synthetic,216,2fce3dc2d09a9709dc5bc0708f978790426eaab05b82636f,8695,8k+,100.0
learned_K2_V2_s35_step10000,learned,2,35,passage_retrieval_en,Synthetic,217,602e05890f8b25ce305b93fa9da6ef669fca6f4e165f7b92,8941,8k+,100.0
learned_K2_V2_s35_step10000,learned,2,35,passage_retrieval_en,Synthetic,218,3d2097f7f8c56eeaabe2dc6b60aae3ebbd0dd739edd3d5be,8290,8k+,100.0
learned_K2_V2_s35_step10000,learned,2,35,passage_retrieval_en,Synthetic,219,a97f628ca17673f7825a877c36d3df1092415c4261c4f626,9414,8k+,0.0
learned_K2_V2_s35_step10000,learned,2,35,passage_retrieval_en,Synthetic,220,62419a34c63e8b5c583352a1aa5e43cc881f7546c5c5f442,8185,8k+,0.0
learned_K2_V2_s35_step10000,learned,2,35,passage_retrieval_en,Synthetic,221,b4c8d20db342d15e024889c29d64198f1ae8f95066230c68,8768,8k+,0.0
learned_K2_V2_s35_step10000,learned,2,35,passage_retrieval_en,Synthetic,222,70712c8bb0c3ddf3201e65d53964b5a27f29995b063af04e,8144,8k+,100.0
learned_K2_V2_s35_step10000,learned,2,35,passage_retrieval_en,Synthetic,223,9eba244ea866a12d4ec0adc207d01c96adbff5fa29c00ee3,9072,8k+,0.0
learned_K2_V2_s35_step10000,learned,2,35,passage_retrieval_en,Synthetic,224,ae58b22e9648e7f5daebad76cdb8c58831243ba861b55a65,9183,8k+,0.0
learned_K2_V2_s35_step10000,learned,2,35,passage_retrieval_en,Synthetic,225,971ed5f97fe768247f47d72cec70b9a3b99e83ade7d24375,10544,8k+,0.0
learned_K2_V2_s35_step10000,learned,2,35,passage_retrieval_en,Synthetic,226,4fd6921ffabefc741e72edae1e5cd966dbbec2af821bd750,8775,8k+,100.0
learned_K2_V2_s35_step10000,learned,2,35,passage_retrieval_en,Synthetic,227,7a9ddf54745489ecf53e03c2f052aaa982e5530b79a08281,8061,8k+,100.0
learned_K2_V2_s35_step10000,learned,2,35,passage_retrieval_en,Synthetic,228,3dde67cecb164861ade173a27c8147ceeb4b4a8c44c75b66,8611,8k+,100.0
learned_K2_V2_s35_step10000,learned,2,35,passage_retrieval_en,Synthetic,229,2015a4f08f1a08223de27abb94879edfe9bc8e2a70790f50,8979,8k+,100.0
learned_K2_V2_s35_step10000,learned,2,35,passage_retrieval_en,Synthetic,230,59df062dfb56b0cc20d53ab22838411559e1fb58fbab7124,10088,8k+,100.0
learned_K2_V2_s35_step10000,learned,2,35,passage_retrieval_en,Synthetic,231,17b9dc10bc31a90c2d5529d5642fccb76de4607c8aededb3,8383,8k+,0.0
learned_K2_V2_s35_step10000,learned,2,35,passage_retrieval_en,Synthetic,232,2f972383a6a198e9fcbddd1fec64e0521f9d213ab5541030,9098,8k+,100.0
learned_K2_V2_s35_step10000,learned,2,35,passage_retrieval_en,Synthetic,233,b0e30100ad044b361a1680a2be41aa9ec823a166c79e2a3a,8708,8k+,100.0
learned_K2_V2_s35_step10000,learned,2,35,passage_retrieval_en,Synthetic,234,e7811d73665185de5603a598104524b57714146d3f462bae,8638,8k+,100.0
learned_K2_V2_s35_step10000,learned,2,35,passage_retrieval_en,Synthetic,235,5be547e3fb54332f5639cfb8d1c13906e27a7580ac319fd8,9172,8k+,100.0
learned_K2_V2_s35_step10000,learned,2,35,passage_retrieval_en,Synthetic,236,47af148be987a0780183628c2734a9e2d44f99e15bda7fe4,9869,8k+,100.0
learned_K2_V2_s35_step10000,learned,2,35,passage_retrieval_en,Synthetic,237,e29f85061c2d66a466358e35ef47ffb42a6085c517018881,8060,8k+,100.0
learned_K2_V2_s35_step10000,learned,2,35,passage_retrieval_en,Synthetic,238,415a10c74fb2d85f85aef57d8d66dbed71813985fc957aa6,9333,8k+,100.0
learned_K2_V2_s35_step10000,learned,2,35,passage_retrieval_en,Synthetic,239,763cf6ac464e16d4f5d61b69b685a6771fef3cfbe5fc326d,8723,8k+,100.0
learned_K2_V2_s35_step10000,learned,2,35,passage_retrieval_en,Synthetic,240,422f36512315b153088ad4e9146e94869b0835c6d5440ba7,9537,8k+,100.0
learned_K2_V2_s35_step10000,learned,2,35,passage_retrieval_en,Synthetic,241,be00adeeffcad8daaccc6a38ebed198d6fb9ec7a5c9b45e7,8313,8k+,100.0
learned_K2_V2_s35_step10000,learned,2,35,passage_retrieval_en,Synthetic,242,c529ffc0301329806babf5d6dc7c8ab8eb451d2f4d1411ae,8683,8k+,100.0
learned_K2_V2_s35_step10000,learned,2,35,passage_retrieval_en,Synthetic,243,a35fcbe303f196bb4b6435dbb0a0055b8b9e81eb422a819f,8586,8k+,100.0
learned_K2_V2_s35_step10000,learned,2,35,passage_retrieval_en,Synthetic,244,d7e7f1a580211adc3e285436ea0ea050f517295b44b3873d,8138,8k+,0.0
learned_K2_V2_s35_step10000,learned,2,35,passage_retrieval_en,Synthetic,245,10278647adcbb165edfeb5af5aee5b8b212051b7ccfb12cb,9406,8k+,0.0
learned_K2_V2_s35_step10000,learned,2,35,passage_retrieval_en,Synthetic,246,210b006c4913daa66428e245125552a02eb32a741f79523d,8825,8k+,100.0
learned_K2_V2_s35_step10000,learned,2,35,passage_retrieval_en,Synthetic,247,f7fe6cd9f927f45de9318d4fadfa02f9bf4f0743f8473680,8171,8k+,100.0
learned_K2_V2_s35_step10000,learned,2,35,passage_retrieval_en,Synthetic,248,cfd9273652ceada962fe020878004ea6d6c827a9156c1dfc,9118,8k+,100.0
learned_K2_V2_s35_step10000,learned,2,35,passage_retrieval_en,Synthetic,249,8ce28981a810ac001ec894df6120579686c777aee793e545,10509,8k+,0.0
learned_K2_V2_s35_step10000,learned,2,35,passage_retrieval_en,Synthetic,250,e43207ead78dff438a2c02a45fe0036e58262d649ad77cd9,8300,8k+,100.0
learned_K2_V2_s35_step10000,learned,2,35,passage_retrieval_en,Synthetic,251,11e3256a06c5495dca4e66245e18be3102d9886d52ef27b9,9887,8k+,100.0
learned_K2_V2_s35_step10000,learned,2,35,passage_retrieval_en,Synthetic,252,2867e51cd3925271742d3cdd0af030eb55134485e04a638c,8968,8k+,0.0
learned_K2_V2_s35_step10000,learned,2,35,passage_retrieval_en,Synthetic,253,c81a493635e9580bf6db7dc4eaf006499efead7cd7eae370,9353,8k+,0.0
learned_K2_V2_s35_step10000,learned,2,35,passage_retrieval_en,Synthetic,254,e417144467cc3d21b9d3ad5f41ba77782828cf9f1ffa8b84,8066,8k+,100.0
learned_K2_V2_s35_step10000,learned,2,35,passage_retrieval_en,Synthetic,255,528ed101c1cf3cae57e2a67d6d2087335337f17124ff0268,9541,8k+,100.0
learned_K2_V2_s35_step10000,learned,2,35,passage_retrieval_en,Synthetic,256,0558770af31e1af3d7754b33a2e2fd09c21452664bffd536,8791,8k+,100.0
learned_K2_V2_s35_step10000,learned,2,35,passage_retrieval_en,Synthetic,257,39baddd024bff34c01e5e07a9a024a3ae2389bd352deaf68,9809,8k+,0.0
learned_K2_V2_s35_step10000,learned,2,35,passage_retrieval_en,Synthetic,258,c848a7c74ee135b06b89debd82c6e6dfd6c68d04c03b2f91,8219,8k+,0.0
learned_K2_V2_s35_step10000,learned,2,35,passage_retrieval_en,Synthetic,259,9142db865d2f509abdc2dcbf8af5ee713171aca6b1731c81,9429,8k+,100.0
learned_K2_V2_s35_step10000,learned,2,35,passage_retrieval_en,Synthetic,260,7d4c7c904678cf8898716f328d52df3f9fc259f3583b3ad8,8769,8k+,100.0
learned_K2_V2_s35_step10000,learned,2,35,passage_retrieval_en,Synthetic,261,52deb25708b3c79d5ea332aba73024f1a7c92d23aa4569f2,9885,8k+,100.0
learned_K2_V2_s35_step10000,learned,2,35,passage_retrieval_en,Synthetic,262,1a6239dc8cb490c94e9939d1fa29d2df0031690a6fe6a47d,8191,8k+,100.0
learned_K2_V2_s35_step10000,learned,2,35,passage_retrieval_en,Synthetic,263,a7ca75d26bbb708790fd703c5fdd44478a183517417c34c8,8207,8k+,100.0
learned_K2_V2_s35_step10000,learned,2,35,passage_retrieval_en,Synthetic,264,60b661fbeade30470d1e8ae555244b25a79c51b391d6601b,9316,8k+,100.0
learned_K2_V2_s35_step10000,learned,2,35,passage_retrieval_en,Synthetic,265,22670523b69fec669cb2cd374ac8b1e71bc151223b520314,8709,8k+,100.0
learned_K2_V2_s35_step10000,learned,2,35,passage_retrieval_en,Synthetic,266,12a3582eafa8ed4c04e820bce51dab92cc4aed3c7111db81,9807,8k+,100.0
learned_K2_V2_s35_step10000,learned,2,35,passage_retrieval_en,Synthetic,267,6801ef085bce7cbf2561b9019892784dde99bc33059de016,9849,8k+,100.0
learned_K2_V2_s35_step10000,learned,2,35,passage_retrieval_en,Synthetic,268,f48de29cd3f95821264d243f271f2e20835d4f7535735cb8,8088,8k+,100.0
learned_K2_V2_s35_step10000,learned,2,35,passage_retrieval_en,Synthetic,269,36b54b792b373bfbb2128d71616077430b9d490ea86dbe5e,8723,8k+,100.0
learned_K2_V2_s35_step10000,learned,2,35,passage_retrieval_en,Synthetic,270,7551e675231726fccf04a19b6f519dae8772bd95b98e6aca,8910,8k+,100.0
learned_K2_V2_s35_step10000,learned,2,35,passage_retrieval_en,Synthetic,271,ca930cc5a87a4c30583b3ea148cde22fd39cafe0eb74d6b3,9926,8k+,100.0
learned_K2_V2_s35_step10000,learned,2,35,passage_retrieval_en,Synthetic,272,aaade4add8c7db17c2d36ddca6b8c1c9a0271e7862caebff,9313,8k+,100.0
learned_K2_V2_s35_step10000,learned,2,35,passage_retrieval_en,Synthetic,273,a8840415a24e555ee60651465471bd97740ab86966ce31ae,8711,8k+,100.0
learned_K2_V2_s35_step10000,learned,2,35,passage_retrieval_en,Synthetic,274,d334c493b20339d6f22b011133f9943d33ed9d1992043c41,9315,8k+,100.0
learned_K2_V2_s35_step10000,learned,2,35,passage_retrieval_en,Synthetic,275,b8d2397c0354a59eb2ab05bb3edecdcb42c6296718f84abd,8771,8k+,0.0
learned_K2_V2_s35_step10000,learned,2,35,passage_retrieval_en,Synthetic,276,7c06aa0e03724cadd034716dd789fef4900e01a3e125bf84,9495,8k+,100.0
learned_K2_V2_s35_step10000,learned,2,35,passage_retrieval_en,Synthetic,277,484956db2df8ef49cbad908c6e11042ecf3bfb51d56516d9,8337,8k+,0.0
learned_K2_V2_s35_step10000,learned,2,35,passage_retrieval_en,Synthetic,278,01532f21ff89635b1f3507a5b34dfc0554cee87e27663994,10446,8k+,0.0
learned_K2_V2_s35_step10000,learned,2,35,passage_retrieval_en,Synthetic,279,957fa93800b608d5a8c2c4bdcb199f5ae2ac4238e3a60212,9274,8k+,100.0
learned_K2_V2_s35_step10000,learned,2,35,passage_retrieval_en,Synthetic,280,d506ba70d78af571a3772f7b28b3eee4c34a87d8ab3dfba4,8565,8k+,100.0
learned_K2_V2_s35_step10000,learned,2,35,passage_retrieval_en,Synthetic,281,d33bbbcd5871126b551f3307f79c353bf30ec0f18fa96cb7,8192,8k+,100.0
learned_K2_V2_s35_step10000,learned,2,35,passage_retrieval_en,Synthetic,282,dbbd9ea025ea1ec353c81949218e1d0ba1336093f15b43db,8348,8k+,100.0
learned_K2_V2_s35_step10000,learned,2,35,passage_retrieval_en,Synthetic,283,d96162e71c0c7ca058d966d55d179067363b26ed39d9141f,8409,8k+,100.0
learned_K2_V2_s35_step10000,learned,2,35,passage_retrieval_en,Synthetic,284,9ffc457a98f9ff48c1c671e361202f819337c35d1c825f4c,8415,8k+,100.0
learned_K2_V2_s35_step10000,learned,2,35,passage_retrieval_en,Synthetic,285,2dca86e4858483b4b2dde86f486bb055c47e4921ca331621,8539,8k+,100.0
learned_K2_V2_s35_step10000,learned,2,35,passage_retrieval_en,Synthetic,286,98a4c6c7ea28ee9e0449a410de10021ac24a4b25f0c77c7e,8571,8k+,100.0
learned_K2_V2_s35_step10000,learned,2,35,passage_retrieval_en,Synthetic,287,4f09c0da692e5d61b538d79b7491b73f34b5b271ad7e5895,10201,8k+,100.0
learned_K2_V2_s35_step10000,learned,2,35,passage_retrieval_en,Synthetic,288,dad48481e1f11b872a0aba904e6717977df25aa36afa021e,8583,8k+,100.0
learned_K2_V2_s35_step10000,learned,2,35,passage_retrieval_en,Synthetic,289,78669e1670765effee7264f80f7ef2fbda4aaba17c18d1d7,8380,8k+,100.0
learned_K2_V2_s35_step10000,learned,2,35,passage_retrieval_en,Synthetic,290,4dae3af31a87bcdc941a1549facf04cf218a573d30c47f0c,9735,8k+,100.0
learned_K2_V2_s35_step10000,learned,2,35,passage_retrieval_en,Synthetic,291,9675333523695435bf3b171d7c98beee14b81c5a02c66682,9416,8k+,100.0
learned_K2_V2_s35_step10000,learned,2,35,passage_retrieval_en,Synthetic,292,ada20f275abf28ffa3a00cac8250f57073850d4439c34b1d,8871,8k+,100.0
learned_K2_V2_s35_step10000,learned,2,35,passage_retrieval_en,Synthetic,293,9f0af99cc14eda16266159a1a5505c0664c7bdeb6b34a34d,9125,8k+,100.0
learned_K2_V2_s35_step10000,learned,2,35,passage_retrieval_en,Synthetic,294,c7880564d3d71cb923440fd02809cf2438f020258cc92219,8788,8k+,0.0
learned_K2_V2_s35_step10000,learned,2,35,passage_retrieval_en,Synthetic,295,cd102ddc34369064ebc9c83cfc1ae5e62a149db89caf9d42,8625,8k+,100.0
learned_K2_V2_s35_step10000,learned,2,35,passage_retrieval_en,Synthetic,296,3c929080c5f6b1003a7c80270889faeb6f27908d4343787e,9632,8k+,100.0
learned_K2_V2_s35_step10000,learned,2,35,passage_retrieval_en,Synthetic,297,850f393b81346a9cdb875d1b63b57d07427edda34c5e2165,8524,8k+,100.0
learned_K2_V2_s35_step10000,learned,2,35,passage_retrieval_en,Synthetic,298,02028456d1e96b38270ca099d5b26b59dfad767d6314f035,9120,8k+,100.0
learned_K2_V2_s35_step10000,learned,2,35,passage_retrieval_en,Synthetic,299,3f222fd481265de0c5a8ff816cd0b78ac6dd5bad24d6c062,9653,8k+,0.0
learned_K2_V2_s35_step10000,learned,2,35,lcc,Code,0,5a3807e791e54f080c852b4a4ffaa104dc61429725efd608,451,0-4k,68.0
learned_K2_V2_s35_step10000,learned,2,35,lcc,Code,1,d1cdb285b1f1b73f8d637fde4adf331aa839bb2e31eb8599,475,0-4k,63.0
learned_K2_V2_s35_step10000,learned,2,35,lcc,Code,2,2332b1a0569df7051e4f8442139c2dbbdf7b27bf1ef7cd16,545,0-4k,0.0
learned_K2_V2_s35_step10000,learned,2,35,lcc,Code,3,da4a2050450c0e6dbb46728a24c2681051dcf60db99aed6b,850,0-4k,52.0
learned_K2_V2_s35_step10000,learned,2,35,lcc,Code,4,3a9e8b1453db3c2f6454e9ee3926124b1bbca244e7f8e637,502,0-4k,21.0
learned_K2_V2_s35_step10000,learned,2,35,lcc,Code,5,aa15f3d4eeb6f0c28379f41721521940dfe5d3eb6bc898b9,756,0-4k,79.0
learned_K2_V2_s35_step10000,learned,2,35,lcc,Code,6,683bf49a8cf91c2074fdb7f2c850ab08b6ffa7c6c32f736a,1800,0-4k,20.0
learned_K2_V2_s35_step10000,learned,2,35,lcc,Code,7,01ae6097833c3bcf2b2bd049d9fd87c92875de1e0f90be36,511,0-4k,0.0
learned_K2_V2_s35_step10000,learned,2,35,lcc,Code,8,aa71378f81d8fee260faf0e1cf25590c02b8a2f4ff5ded68,1042,0-4k,34.0
learned_K2_V2_s35_step10000,learned,2,35,lcc,Code,9,8470084fed939b4e4fcf2f79678790b3986d9ec82bc29985,703,0-4k,26.0
learned_K2_V2_s35_step10000,learned,2,35,lcc,Code,10,2477e626c89426f565807bbc5e35a472279f3e388787ac17,1196,0-4k,23.0
learned_K2_V2_s35_step10000,learned,2,35,lcc,Code,11,e59f877d3863977e0c9a383546007617a3bcb1d48ab84132,885,0-4k,96.0
learned_K2_V2_s35_step10000,learned,2,35,lcc,Code,12,ac6445bc3b2ff172ac4c503cce9895134c79147da4766d14,678,0-4k,66.0
learned_K2_V2_s35_step10000,learned,2,35,lcc,Code,13,19ce7eea60fb00ea9e13296e05d1b64301152439fb8a88f2,3344,0-4k,20.0
learned_K2_V2_s35_step10000,learned,2,35,lcc,Code,14,bcd0194211a51191ba420ba81d1fbd3578d39821783bd335,1316,0-4k,98.0
learned_K2_V2_s35_step10000,learned,2,35,lcc,Code,15,c6886216f6449ef370d3a3478bd5092fbf6fd825bf157d43,1336,0-4k,100.0
learned_K2_V2_s35_step10000,learned,2,35,lcc,Code,16,ac75f42af7295a6d31f508d44bcc5ac42fd665147ac86554,1718,0-4k,65.0
learned_K2_V2_s35_step10000,learned,2,35,lcc,Code,17,e7f7901dba75ce27695abf8291df5b472f155e4b7cf57569,939,0-4k,30.0
learned_K2_V2_s35_step10000,learned,2,35,lcc,Code,18,641865af25c8de94ab830220ebc7d004999bbdc21b3bcb43,805,0-4k,100.0
learned_K2_V2_s35_step10000,learned,2,35,lcc,Code,19,e6b1d5e9d123fc27b813342bb2b6767d2f8e9b9671110766,1426,0-4k,74.0
learned_K2_V2_s35_step10000,learned,2,35,lcc,Code,20,163ba9ab3a8720b6b3e391e3fd85f582977e28ed27e2a9c2,825,0-4k,40.0
learned_K2_V2_s35_step10000,learned,2,35,lcc,Code,21,a9b4285cd9b366f640dd9663e9dd44dfdc153065ee32a6d8,609,0-4k,45.0
learned_K2_V2_s35_step10000,learned,2,35,lcc,Code,22,eed31a60b2b619d0d6e7f0a366fbd64a29d110c6a51d5a73,960,0-4k,37.0
learned_K2_V2_s35_step10000,learned,2,35,lcc,Code,23,afc69ae78edec70b690890e285882cf26620106e9a4ecc3d,577,0-4k,48.0
learned_K2_V2_s35_step10000,learned,2,35,lcc,Code,24,a236838dfe66d927229ed6bf16cacdca43cf1adcd2053b02,591,0-4k,16.0
learned_K2_V2_s35_step10000,learned,2,35,lcc,Code,25,da7e49792f3a2d27863309727df4e926e397b98ea5c7a30e,783,0-4k,45.0
learned_K2_V2_s35_step10000,learned,2,35,lcc,Code,26,e83d8e6549baa04775753f6402e0715161e3d39fda558112,813,0-4k,28.999999999999996
learned_K2_V2_s35_step10000,learned,2,35,lcc,Code,27,114d27bc1c5c375830eed8e2d634b216f42f616f439cecb8,933,0-4k,23.0
learned_K2_V2_s35_step10000,learned,2,35,lcc,Code,28,471d9cb59a1c21652129c86006d9d0c5592f5e0867def0cb,919,0-4k,49.0
learned_K2_V2_s35_step10000,learned,2,35,lcc,Code,29,f3072fdefd4e8da2e7e9faf48cffb40392217553f43722a7,1853,0-4k,96.0
learned_K2_V2_s35_step10000,learned,2,35,lcc,Code,30,c3473f752e488d5fcb55350bb590bda3a33c09fd69d308d1,1053,0-4k,60.0
learned_K2_V2_s35_step10000,learned,2,35,lcc,Code,31,ccc7e6259fdffd163ebd0d5779c4ced9624d7b3d215079cf,795,0-4k,22.0
learned_K2_V2_s35_step10000,learned,2,35,lcc,Code,32,17f8060bda3eea4e6b94e07ca7850afadc2a42895f40a08a,897,0-4k,18.0
learned_K2_V2_s35_step10000,learned,2,35,lcc,Code,33,4896ad1befbd50e27e04ff67bc71f68ed6b7d9842a7f38ef,569,0-4k,100.0
learned_K2_V2_s35_step10000,learned,2,35,lcc,Code,34,7ae84ee3dc227ab3ad301914db5aa12c8e0ecb2042da37aa,546,0-4k,0.0
learned_K2_V2_s35_step10000,learned,2,35,lcc,Code,35,04e295ceba60a64b82588ffaa2a96d5c35e2e469380e6944,756,0-4k,74.0
learned_K2_V2_s35_step10000,learned,2,35,lcc,Code,36,372cbea864b598e206205434a3c9016ac96913fb9e29fd56,968,0-4k,99.0
learned_K2_V2_s35_step10000,learned,2,35,lcc,Code,37,926cb6e2ce08c9cc6aed3080e1deed10bb9e7c63376255df,1476,0-4k,50.0
learned_K2_V2_s35_step10000,learned,2,35,lcc,Code,38,86663145e9262154f0a3a437a533c6207187300f593522f9,1283,0-4k,100.0
learned_K2_V2_s35_step10000,learned,2,35,lcc,Code,39,4534467d40d89c9981629937ab5e1a62b76d61371ebfced8,1319,0-4k,90.0
learned_K2_V2_s35_step10000,learned,2,35,lcc,Code,40,7be7d972146bae6e379a2e75d85d7a8103d8d6cef2e618fd,625,0-4k,99.0
learned_K2_V2_s35_step10000,learned,2,35,lcc,Code,41,016acda6d2273fce43a10dc6e2ad33d83b7ffccc9151ac09,805,0-4k,3.0
learned_K2_V2_s35_step10000,learned,2,35,lcc,Code,42,94f103d8d6177a4ab0d0ed90f9dbd86d375978f8e3f81181,386,0-4k,34.0
learned_K2_V2_s35_step10000,learned,2,35,lcc,Code,43,1ef3a11455a548ccc5b3fe424116b8593283921dec3bfc62,1243,0-4k,100.0
learned_K2_V2_s35_step10000,learned,2,35,lcc,Code,44,635e4f1dc48ffce9128bd8cbcd3ebbfe4e90b46737bedd94,585,0-4k,100.0
learned_K2_V2_s35_step10000,learned,2,35,lcc,Code,45,ecd48baa4a497babfba22d34a8573435473cc05532027f66,803,0-4k,14.000000000000002
learned_K2_V2_s35_step10000,learned,2,35,lcc,Code,46,61d1532f1b1f27850e6b4a51d10754f0cd32ef74d49068e3,653,0-4k,28.999999999999996
learned_K2_V2_s35_step10000,learned,2,35,lcc,Code,47,fa98e25097942caf06cc9c4f3a8f47e7fb90868e2997af7b,1113,0-4k,100.0
learned_K2_V2_s35_step10000,learned,2,35,lcc,Code,48,01df75f64f2de91cabe668cb549a380cbc848055c7a057fd,1748,0-4k,25.0
learned_K2_V2_s35_step10000,learned,2,35,lcc,Code,49,679f7e9fbff5d78f3c5e8e268644626790d4fa5fa3997cae,1374,0-4k,18.0
learned_K2_V2_s35_step10000,learned,2,35,lcc,Code,50,558f671494850fdb1783371aa9016d6202151b1b538c13a5,676,0-4k,33.0
learned_K2_V2_s35_step10000,learned,2,35,lcc,Code,51,0f2c56e3d13561090844f206bc74c145b07fe9bf0f0e7121,866,0-4k,96.0
learned_K2_V2_s35_step10000,learned,2,35,lcc,Code,52,32695d486ee42a0b353779c1630f31bd4c2d1f8cedfd08a6,1212,0-4k,64.0
learned_K2_V2_s35_step10000,learned,2,35,lcc,Code,53,868c857f4c55cf95b3e5964786bc9bfb558a134958ed9614,919,0-4k,100.0
learned_K2_V2_s35_step10000,learned,2,35,lcc,Code,54,8fe9a6e7bbe15b1499c3e2d3136b10141ef6bcda47070ace,516,0-4k,90.0
learned_K2_V2_s35_step10000,learned,2,35,lcc,Code,55,c737e0826af057af7bdde835b7d29b5b6e193c58c82a25f4,982,0-4k,0.0
learned_K2_V2_s35_step10000,learned,2,35,lcc,Code,56,29b2e321a12be20e63e344757c8cd860b742481bec433349,3890,0-4k,100.0
learned_K2_V2_s35_step10000,learned,2,35,lcc,Code,57,041b37993bb94365c75994e98a46916bd4bd610bd9513f76,3677,0-4k,99.0
learned_K2_V2_s35_step10000,learned,2,35,lcc,Code,58,b2821f4a0fef62fd70ef5f4e22b1d56b272a3581d330dac8,1336,0-4k,30.0
learned_K2_V2_s35_step10000,learned,2,35,lcc,Code,59,1e606083f157674b5fdd85784f3fa96e7f6b84f14c8f1711,1298,0-4k,56.00000000000001
learned_K2_V2_s35_step10000,learned,2,35,lcc,Code,60,e199272f351e3f6118b8425dc96ee820466bf95092f4e4a1,1009,0-4k,34.0
learned_K2_V2_s35_step10000,learned,2,35,lcc,Code,61,15f8dc07ac00de89bef4a540779a97a1c2e491a16ec5d225,568,0-4k,32.0
learned_K2_V2_s35_step10000,learned,2,35,lcc,Code,62,bf095bb46d18ac9f79888148e8d0f8bdcbbb0badb419e01b,781,0-4k,44.0
learned_K2_V2_s35_step10000,learned,2,35,lcc,Code,63,aab6e3b1dcab2261ae6d783a39b356522fa6e32c6b4b0579,648,0-4k,96.0
learned_K2_V2_s35_step10000,learned,2,35,lcc,Code,64,0d3afb189bb00a990623e240ef8ba5471967cad0f74be49a,524,0-4k,32.0
learned_K2_V2_s35_step10000,learned,2,35,lcc,Code,65,d2b99a092efbc978ff9dd59d6420db92fd3f7d95a5769348,450,0-4k,92.0
learned_K2_V2_s35_step10000,learned,2,35,lcc,Code,66,c48d09a8554b241e4d79956b75662da87b99458aa872b0de,1198,0-4k,60.0
learned_K2_V2_s35_step10000,learned,2,35,lcc,Code,67,415a8b5c18b1c180690a95f67d9abf7573db364515f13fc6,1184,0-4k,25.0
learned_K2_V2_s35_step10000,learned,2,35,lcc,Code,68,0dbaaf220a43d380ab98e7c30ef71300ad2847802aa0d67a,535,0-4k,56.99999999999999
learned_K2_V2_s35_step10000,learned,2,35,lcc,Code,69,5765b9a091de53b533ad54ae8ddd21d102b5f2a4c6aeff62,698,0-4k,41.0
learned_K2_V2_s35_step10000,learned,2,35,lcc,Code,70,94882776509c3517b2a5b0fb0011ad7ad9274ec93f92e897,1270,0-4k,42.0
learned_K2_V2_s35_step10000,learned,2,35,lcc,Code,71,d63d19ecf556ea2e1d2bd315c79a39046985507ff2dd2eb9,1142,0-4k,34.0
learned_K2_V2_s35_step10000,learned,2,35,lcc,Code,72,4d31e91889e97c54c4b6c414d91d0006e804cd0858d92cc4,1934,0-4k,28.000000000000004
learned_K2_V2_s35_step10000,learned,2,35,lcc,Code,73,50511e2d36d05cdb890a54b72403a62d4a131cdfd6350426,833,0-4k,36.0
learned_K2_V2_s35_step10000,learned,2,35,lcc,Code,74,4dd6d387cd79be7f92c54f193f47ae6ab681a0ecc6ae3dba,1164,0-4k,30.0
learned_K2_V2_s35_step10000,learned,2,35,lcc,Code,75,9499834a3f9444cd6cdbe4f12cf9812bfb42271bb905f2ca,880,0-4k,100.0
learned_K2_V2_s35_step10000,learned,2,35,lcc,Code,76,3d45583570fe909ea0d2c1bf2c40c8229d6d03bf8d6f4821,533,0-4k,23.0
learned_K2_V2_s35_step10000,learned,2,35,lcc,Code,77,9b62a0422f784adaa2234811ed5515339a3798bfeeb5e44b,888,0-4k,4.0
learned_K2_V2_s35_step10000,learned,2,35,lcc,Code,78,2d9194c77a619cfea6ab57817de1e00fa23d7a47b317043a,2176,0-4k,100.0
learned_K2_V2_s35_step10000,learned,2,35,lcc,Code,79,06103688eb5c15bdd43b1c517fd37a89a292f4373b449db4,737,0-4k,100.0
learned_K2_V2_s35_step10000,learned,2,35,lcc,Code,80,2f4b3c5fc9ed076b95ed19ce205e786f9d4793438d046e27,1545,0-4k,36.0
learned_K2_V2_s35_step10000,learned,2,35,lcc,Code,81,56844ac1504cf5c0deead58918e34e5d20b9652dad86277c,798,0-4k,73.0
learned_K2_V2_s35_step10000,learned,2,35,lcc,Code,82,7a627326b6cbfae5c43eed0af5bcb833c7ed1f0b3af986c6,2539,0-4k,24.0
learned_K2_V2_s35_step10000,learned,2,35,lcc,Code,83,799707ed17eb6a0f6361e6c3ae5dd107c5027232204aca8f,849,0-4k,41.0
learned_K2_V2_s35_step10000,learned,2,35,lcc,Code,84,9e99b91db2d990fbd559f63ba39622bf1c97aaa7f105a287,599,0-4k,26.0
learned_K2_V2_s35_step10000,learned,2,35,lcc,Code,85,087a12a2ee41ab7a59bdf67a92f3e49b77514c4b6dc1816e,655,0-4k,39.0
learned_K2_V2_s35_step10000,learned,2,35,lcc,Code,86,9d1ef6b62bf709d7490cbf236f15ee8ef609e6aff8c231cf,1032,0-4k,38.0
learned_K2_V2_s35_step10000,learned,2,35,lcc,Code,87,fbe826b34c95bf5c383820196e9cee3bc1f39dfe0642d1d3,3860,0-4k,37.0
learned_K2_V2_s35_step10000,learned,2,35,lcc,Code,88,c03431732946ef009a870d3fa6296ec7808001f35d8eda89,1468,0-4k,57.99999999999999
learned_K2_V2_s35_step10000,learned,2,35,lcc,Code,89,392bc40495cce43e82745cc6f8d7f02004f5da0ce7f5f85a,773,0-4k,38.0
learned_K2_V2_s35_step10000,learned,2,35,lcc,Code,90,6ea1e33ef782f9f0b6368ddf7a3596cceda9cbefe6f4f336,526,0-4k,10.0
learned_K2_V2_s35_step10000,learned,2,35,lcc,Code,91,9f424a7d645e6ec5a11ebf96bec9e38738764ba0a9b8d063,488,0-4k,100.0
learned_K2_V2_s35_step10000,learned,2,35,lcc,Code,92,dc6be0ef58abc3144c039a40c84dddabd1490e8457051e1c,648,0-4k,24.0
learned_K2_V2_s35_step10000,learned,2,35,lcc,Code,93,325d8cd412858d285318eb3b241589512f014a8dd81c9dca,772,0-4k,4.0
learned_K2_V2_s35_step10000,learned,2,35,lcc,Code,94,e50ed194324643c764552efee061210fc51ecec8d54a5a64,1437,0-4k,54.0
learned_K2_V2_s35_step10000,learned,2,35,lcc,Code,95,f543c290a8be15fe20be426000cfed4819911e0cccae9626,983,0-4k,50.0
learned_K2_V2_s35_step10000,learned,2,35,lcc,Code,96,62a58f0fc96f0960c26b962cb44a918eb0501adec6123f55,2936,0-4k,100.0
learned_K2_V2_s35_step10000,learned,2,35,lcc,Code,97,b1a3b5f96b79841d13ee9fa68ce3fa8ff64333803d491dd6,1411,0-4k,34.0
learned_K2_V2_s35_step10000,learned,2,35,lcc,Code,98,50c8a624b72c93ccf1b9dc94cc56cefefc09ed423276260c,826,0-4k,26.0
learned_K2_V2_s35_step10000,learned,2,35,lcc,Code,99,bb930587e12f029a24404d35679f8e99696f13f661ef2e3c,3987,0-4k,41.0
learned_K2_V2_s35_step10000,learned,2,35,lcc,Code,100,dffd4a8b00955ae07c4ff880a14e7b34a2af5c49d13555ee,5265,4-8k,6.0
learned_K2_V2_s35_step10000,learned,2,35,lcc,Code,101,c5b81ba8430b7e7547bcdb1f18b7b7b19ce68f64a44ea88a,5629,4-8k,88.0
learned_K2_V2_s35_step10000,learned,2,35,lcc,Code,102,e14e35f177d9ba393959b9d478b3ae2f2d56e104c871bd73,5586,4-8k,40.0
learned_K2_V2_s35_step10000,learned,2,35,lcc,Code,103,99a5312912d8af14418c3beb93dd8fdebd2654a2f1e3357a,4724,4-8k,100.0
learned_K2_V2_s35_step10000,learned,2,35,lcc,Code,104,8315f5f7696d567019104d0bca173bb58486f52c04ab7202,4119,4-8k,36.0
learned_K2_V2_s35_step10000,learned,2,35,lcc,Code,105,e34212aa3077645a24fe01119b2d8f3d6d7e068bc2300179,6878,4-8k,38.0
learned_K2_V2_s35_step10000,learned,2,35,lcc,Code,106,edc5a05e949253312fe2af3c4fcdab85f5bf23272d2a6b86,4053,4-8k,68.0
learned_K2_V2_s35_step10000,learned,2,35,lcc,Code,107,a4bf3f805b8466b1223216081b5cf014eeddec9df3c3867e,6204,4-8k,52.0
learned_K2_V2_s35_step10000,learned,2,35,lcc,Code,108,e6ef26f48ff864846fd354ceed186901245ee88c5aa2b90f,4346,4-8k,22.0
learned_K2_V2_s35_step10000,learned,2,35,lcc,Code,109,9bc86f68e09ca098de1e1d2d7675bcc53668be74a87866a4,4200,4-8k,35.0
learned_K2_V2_s35_step10000,learned,2,35,lcc,Code,110,b5c5b301413a1cf82e1459ab5cd80e6d76c457e5f0d2562b,6963,4-8k,41.0
learned_K2_V2_s35_step10000,learned,2,35,lcc,Code,111,6c7fc0dfbb754f9bc08f08a9190c83e8e7012dfd598e020a,4005,4-8k,100.0
learned_K2_V2_s35_step10000,learned,2,35,lcc,Code,112,2acc02028b0c25ff2f1ace54d857911f96bec894b1ad5a29,4973,4-8k,42.0
learned_K2_V2_s35_step10000,learned,2,35,lcc,Code,113,1d864d8dd6e3b3f8fae4066f5f2cf765b3cf2c43bb7c4751,5074,4-8k,100.0
learned_K2_V2_s35_step10000,learned,2,35,lcc,Code,114,bb235bd95d03dbe1d46ebbd40cea9c6aac1b5ad1bce81e2e,4527,4-8k,97.0
learned_K2_V2_s35_step10000,learned,2,35,lcc,Code,115,271ef4fcd93c2d0dcdf4e07cc25ce775594a0c381c7b448f,4289,4-8k,27.0
learned_K2_V2_s35_step10000,learned,2,35,lcc,Code,116,64bac47b1e1bb0e0c8c9689439872cd09890eb9060b9d0cb,4434,4-8k,79.0
learned_K2_V2_s35_step10000,learned,2,35,lcc,Code,117,008e8692b825d1aaabfc2ca2c8a3d716f4dbc2a6b2ea8efd,6390,4-8k,43.0
learned_K2_V2_s35_step10000,learned,2,35,lcc,Code,118,f686b35e3b09eb7785a0f43edd85d7fed87d4fd197e2ff59,4714,4-8k,94.0
learned_K2_V2_s35_step10000,learned,2,35,lcc,Code,119,dee90a7e3755a4c3061fa35d675acf7c6a75c00d09833f8f,4128,4-8k,24.0
learned_K2_V2_s35_step10000,learned,2,35,lcc,Code,120,e800ea48fec113b50dc111d07e6b46585b6994a24785482f,4169,4-8k,54.0
learned_K2_V2_s35_step10000,learned,2,35,lcc,Code,121,d67076d9d7bf62b5c38c0440629a0ded22f13c821ac9e30b,4578,4-8k,25.0
learned_K2_V2_s35_step10000,learned,2,35,lcc,Code,122,ab03358f6e613cba200aeb44b3d7298905aacdb98f8dd268,4390,4-8k,97.0
learned_K2_V2_s35_step10000,learned,2,35,lcc,Code,123,a8420508e955202ef3f7b66a3f9bc88371acb0b5888f242b,6868,4-8k,66.0
learned_K2_V2_s35_step10000,learned,2,35,lcc,Code,124,dfbb21535cde376bfd1da7e9880da6a98efa9fdae69ded34,5167,4-8k,15.0
learned_K2_V2_s35_step10000,learned,2,35,lcc,Code,125,a9e464837370ca19c97405285a0c2d75e5a33c11a1aafc12,5175,4-8k,36.0
learned_K2_V2_s35_step10000,learned,2,35,lcc,Code,126,503394b89352f288b2d2b572aef9690fe2ab19aeae8434aa,4122,4-8k,21.0
learned_K2_V2_s35_step10000,learned,2,35,lcc,Code,127,b90d31f3f388a502c05114a705677264035403df509fc19e,5148,4-8k,56.99999999999999
learned_K2_V2_s35_step10000,learned,2,35,lcc,Code,128,e5b346ef24cdc3b57d72ee0486138cbbff59e510eda53949,4205,4-8k,96.0
learned_K2_V2_s35_step10000,learned,2,35,lcc,Code,129,765d865700417e8e7ee23737c814cff3934686c2bca70a43,5940,4-8k,30.0
learned_K2_V2_s35_step10000,learned,2,35,lcc,Code,130,6db294b63c7ab23de37dff9e04724eb68d907ebb6dae1161,4072,4-8k,28.999999999999996
learned_K2_V2_s35_step10000,learned,2,35,lcc,Code,131,6ea52774132b615d8515f9555aa2ce43bf26f6e415cc1be5,4165,4-8k,80.0
learned_K2_V2_s35_step10000,learned,2,35,lcc,Code,132,811329a16ff2d3a22ff0d09ca64e9653d8c42c93e0a05f02,4513,4-8k,21.0
learned_K2_V2_s35_step10000,learned,2,35,lcc,Code,133,94bb9fcc9960c219f0729ff1ef8ec12d68b4b09712b835f4,4363,4-8k,22.0
learned_K2_V2_s35_step10000,learned,2,35,lcc,Code,134,dc69884722b73150bb62984666db56f2f16f5f14793e8856,4561,4-8k,44.0
learned_K2_V2_s35_step10000,learned,2,35,lcc,Code,135,ae667a5a4bffc8975a68061a5a1c23f1a578be8735b76653,6347,4-8k,35.0
learned_K2_V2_s35_step10000,learned,2,35,lcc,Code,136,bb1bd3c077e648b3344f219ca187ca7214cc79803cf4e4c9,5088,4-8k,94.0
learned_K2_V2_s35_step10000,learned,2,35,lcc,Code,137,56b385465332a528caae3270a6110cc55e44dcbc066fade2,6831,4-8k,13.0
learned_K2_V2_s35_step10000,learned,2,35,lcc,Code,138,7ee41d167b9013f2f2b803434f95932a5681b00d38e17be2,4064,4-8k,39.0
learned_K2_V2_s35_step10000,learned,2,35,lcc,Code,139,f5f19d1c553c670fe18818d7516b73ee0a9b3cef03faf566,5688,4-8k,94.0
learned_K2_V2_s35_step10000,learned,2,35,lcc,Code,140,ae7446eeb8a43b396c665c525781802b2e3d98e4ffb4661b,4140,4-8k,32.0
learned_K2_V2_s35_step10000,learned,2,35,lcc,Code,141,192744c2c14f9572bfc3d71ced42504e69ccf49d2ec9d39a,7755,4-8k,60.0
learned_K2_V2_s35_step10000,learned,2,35,lcc,Code,142,14180b9b6ba9d1a95f31df1bd92d18980e65d8a62e9e24e1,5112,4-8k,38.0
learned_K2_V2_s35_step10000,learned,2,35,lcc,Code,143,8afbe6ee70d65b0d06f18bf058397cc00553bd48d1fd179d,4569,4-8k,95.0
learned_K2_V2_s35_step10000,learned,2,35,lcc,Code,144,03cceaae7e78f9d216abf00dd46b4252a23ef664a49a90af,4433,4-8k,53.0
learned_K2_V2_s35_step10000,learned,2,35,lcc,Code,145,552839118bb432b4361b161ee0d9c7fd26ecd05b38d6c538,6006,4-8k,80.0
learned_K2_V2_s35_step10000,learned,2,35,lcc,Code,146,5455869eec2d0c881812fbf248aa937ad8c14f035b582329,5791,4-8k,24.0
learned_K2_V2_s35_step10000,learned,2,35,lcc,Code,147,e4aaf09b338925df4ce99eda83b1f874c1966d772d7f2b8f,5677,4-8k,24.0
learned_K2_V2_s35_step10000,learned,2,35,lcc,Code,148,87e75cc2012fecb0f328356d63aafe9bd5c8945fb34e5c09,4101,4-8k,48.0
learned_K2_V2_s35_step10000,learned,2,35,lcc,Code,149,63d973d14e2cb59ec34670bb1ff04f733f3634cd4625ce3a,5727,4-8k,55.00000000000001
learned_K2_V2_s35_step10000,learned,2,35,lcc,Code,150,10d1ce2fbc64ad6348a543e7c083b1f4e2ca1ddccb4828e9,7766,4-8k,98.0
learned_K2_V2_s35_step10000,learned,2,35,lcc,Code,151,060882b8cc432e75ba0598f93c046e65e923b25d3b0fb4d4,4367,4-8k,100.0
learned_K2_V2_s35_step10000,learned,2,35,lcc,Code,152,752810f3c699f5d0c43979ff990a3efa5574fa10a2e4c194,6803,4-8k,18.0
learned_K2_V2_s35_step10000,learned,2,35,lcc,Code,153,a5259ab50b36a4e831982b6a99431c696ecaced8866bf553,5413,4-8k,71.0
learned_K2_V2_s35_step10000,learned,2,35,lcc,Code,154,d1af3dd4346c66c30de596db4e8af100659ecd4ff4229d2e,5328,4-8k,36.0
learned_K2_V2_s35_step10000,learned,2,35,lcc,Code,155,dacd21514a5f3df4693975193338f4a10d81f39af653e3ec,5233,4-8k,100.0
learned_K2_V2_s35_step10000,learned,2,35,lcc,Code,156,21405bcb0f54a498ebb6e9f11b1e758727cedabc95437800,4129,4-8k,0.0
learned_K2_V2_s35_step10000,learned,2,35,lcc,Code,157,5c2f3c43e60cd6c50e8162ba0f808bc36b19a2dedeaf2393,7770,4-8k,74.0
learned_K2_V2_s35_step10000,learned,2,35,lcc,Code,158,ab9f11f130356f1ee62b40f00df1c6fe791ce6533e8c69f4,5717,4-8k,19.0
learned_K2_V2_s35_step10000,learned,2,35,lcc,Code,159,0fd6aac78cdfa2fb9a9ac3a10e3db70a4cc8dae9ee378bc5,5677,4-8k,76.0
learned_K2_V2_s35_step10000,learned,2,35,lcc,Code,160,ecaeaa9e3094860fecd69a5572e6bac80ccc445e259a0bf1,4854,4-8k,13.0
learned_K2_V2_s35_step10000,learned,2,35,lcc,Code,161,204fd277634e75128cc716b888d5e939b6e324ce3685825d,5053,4-8k,39.0
learned_K2_V2_s35_step10000,learned,2,35,lcc,Code,162,bea3e6434537ec26ee529f03d6d90ccab7907c14571acea7,4267,4-8k,98.0
learned_K2_V2_s35_step10000,learned,2,35,lcc,Code,163,f484b776361a67723ef4de6a273430f985cd6550ff64dfad,5181,4-8k,28.000000000000004
learned_K2_V2_s35_step10000,learned,2,35,lcc,Code,164,d11b4d760bd1b3107de6dfc8bd9a39d24c7696400da19e90,7674,4-8k,25.0
learned_K2_V2_s35_step10000,learned,2,35,lcc,Code,165,2a39703131e8541ff29487b26d6b1a3f4eaeb5d61a7399f4,4268,4-8k,46.0
learned_K2_V2_s35_step10000,learned,2,35,lcc,Code,166,2197048d64edac7618fb8a6df59fb407b0a27af2a7c74a9a,4125,4-8k,76.0
learned_K2_V2_s35_step10000,learned,2,35,lcc,Code,167,a363e21e464e5110be3b3f4cf865cccac4c92da1a120477f,7135,4-8k,78.0
learned_K2_V2_s35_step10000,learned,2,35,lcc,Code,168,5a749e396f550f4bec16d4540fa6a5f7481f7eefc63ad143,4282,4-8k,100.0
learned_K2_V2_s35_step10000,learned,2,35,lcc,Code,169,5c980dbc0012574eaa8ee7bd2ee4ef0354bdb9c2396e6b0e,4201,4-8k,53.0
learned_K2_V2_s35_step10000,learned,2,35,lcc,Code,170,439fbc9cb88cc21b405b43d66d63ba60c7640c45f6fb3857,5391,4-8k,46.0
learned_K2_V2_s35_step10000,learned,2,35,lcc,Code,171,f1fe6dc9ec6cdbfafe1198c95f84c94b74003d0a8f0893a3,4518,4-8k,100.0
learned_K2_V2_s35_step10000,learned,2,35,lcc,Code,172,81d4954c159fd26217cf1fad09bf74e524b82d5e62cfb94c,4288,4-8k,93.0
learned_K2_V2_s35_step10000,learned,2,35,lcc,Code,173,79fac7a67bf561fad2926a8b3e1c38beea3336e81b0a6e5b,5623,4-8k,31.0
learned_K2_V2_s35_step10000,learned,2,35,lcc,Code,174,e1b112d616b059ff486075e78c1ffcc5bfdf138794daab13,5620,4-8k,97.0
learned_K2_V2_s35_step10000,learned,2,35,lcc,Code,175,46ba2c23ca5984bb56fbeb9a70646d61964386c670e81ec1,4463,4-8k,50.0
learned_K2_V2_s35_step10000,learned,2,35,lcc,Code,176,933a81430106f5e4e53aef7d76f8ede54492413f6722c87e,5532,4-8k,33.0
learned_K2_V2_s35_step10000,learned,2,35,lcc,Code,177,48082869402e908f6e340d43c01e6181442241c97d6255bf,5653,4-8k,57.99999999999999
learned_K2_V2_s35_step10000,learned,2,35,lcc,Code,178,45b4cb0f1e6ff6cf19ff04c4dc78debf5eb295f9fb1033e7,6955,4-8k,53.0
learned_K2_V2_s35_step10000,learned,2,35,lcc,Code,179,61bc02fbe356889a4067be03f12c702876aabfc432b2b80a,5023,4-8k,40.0
learned_K2_V2_s35_step10000,learned,2,35,lcc,Code,180,0d52630e4b8b8418201f09be8c73715227b54b43c2bf01eb,6113,4-8k,100.0
learned_K2_V2_s35_step10000,learned,2,35,lcc,Code,181,bdc4619a8c7ccc8f1bd2cd02a0bd2f148097dbef786aed3d,7132,4-8k,45.0
learned_K2_V2_s35_step10000,learned,2,35,lcc,Code,182,82e4116c4cb2527ebc12511ad6b3d5c309b77542a64f69ff,7643,4-8k,28.999999999999996
learned_K2_V2_s35_step10000,learned,2,35,lcc,Code,183,379cdfa5e2acd75e6860db55b7af098fa342ac10dc3cbdc2,4323,4-8k,45.0
learned_K2_V2_s35_step10000,learned,2,35,lcc,Code,184,8c6ea8a1244dc3cdcdb73c893e4496a60dacd26b57a7b28c,7764,4-8k,57.99999999999999
learned_K2_V2_s35_step10000,learned,2,35,lcc,Code,185,ccfda5c5b2193dd53acce9410d3fbb305d423d4917c636b1,4956,4-8k,28.999999999999996
learned_K2_V2_s35_step10000,learned,2,35,lcc,Code,186,645ab552d4c99e65670b1301bf0b423dc7ee6b9d178f1386,4276,4-8k,45.0
learned_K2_V2_s35_step10000,learned,2,35,lcc,Code,187,4189db9c56d2c78001f372323a80282fe9e88bbc31bf9670,5050,4-8k,100.0
learned_K2_V2_s35_step10000,learned,2,35,lcc,Code,188,565c67214cc2708315f1cc7c7ebc698d2249e6e6bee5101c,4888,4-8k,99.0
learned_K2_V2_s35_step10000,learned,2,35,lcc,Code,189,bc7c2e1d3739cafeb1efd7a2d8283ffdb76f722350be3089,5367,4-8k,52.0
learned_K2_V2_s35_step10000,learned,2,35,lcc,Code,190,9d2dc3f573ad7cc64d1c54bc8ecdfbb2868c114b8086c98c,6278,4-8k,48.0
learned_K2_V2_s35_step10000,learned,2,35,lcc,Code,191,6e65ba37cab17e000e9cd179b485808a47a6068c1e996bb3,6540,4-8k,26.0
learned_K2_V2_s35_step10000,learned,2,35,lcc,Code,192,b12ef08689195e4cc8f175bda64fb4109ab1345bf685b23e,4978,4-8k,92.0
learned_K2_V2_s35_step10000,learned,2,35,lcc,Code,193,594c693ecfddc23819ec6a8d933d0930ccc6bb544441a19b,5678,4-8k,42.0
learned_K2_V2_s35_step10000,learned,2,35,lcc,Code,194,59a49da765dafb5ad356fec3ad80972bd68fb6a3424f8da5,5044,4-8k,56.99999999999999
learned_K2_V2_s35_step10000,learned,2,35,lcc,Code,195,f6aafe7a334d58da576edc01661027783996a0b4164e3508,5265,4-8k,61.0
learned_K2_V2_s35_step10000,learned,2,35,lcc,Code,196,7bcf617f9d1073b25c946c3305b8241c16d31cdc269c74c7,6068,4-8k,100.0
learned_K2_V2_s35_step10000,learned,2,35,lcc,Code,197,b4feaf2337431cb4419f0d7df21d25806409b1bf806e7339,4941,4-8k,37.0
learned_K2_V2_s35_step10000,learned,2,35,lcc,Code,198,2a92d790a85caf339156fe3897d0198a6b211798490142c5,4173,4-8k,100.0
learned_K2_V2_s35_step10000,learned,2,35,lcc,Code,199,f93daa5dbe08aa298983c023dec68ad1a5f97538b706c000,4728,4-8k,92.0
learned_K2_V2_s35_step10000,learned,2,35,lcc,Code,200,692e9501102ef27c44a9accb212ec7031a41e5324cd843a2,9124,8k+,55.00000000000001
learned_K2_V2_s35_step10000,learned,2,35,lcc,Code,201,c39c8ce5bb3ecea7093b620844eb10baf34aebda37104493,8996,8k+,61.0
learned_K2_V2_s35_step10000,learned,2,35,lcc,Code,202,31482c3de325468dbb5d1581a10a5f93f5cd8421770b89bb,8648,8k+,26.0
learned_K2_V2_s35_step10000,learned,2,35,lcc,Code,203,aee61b8e337fbd57c0aa65062681f9c27e866db0b017b51c,8608,8k+,97.0
learned_K2_V2_s35_step10000,learned,2,35,lcc,Code,204,6fbc14fb9561eb8fa28cc69fbce940bc349c14bfe4c279e1,11089,8k+,27.0
learned_K2_V2_s35_step10000,learned,2,35,lcc,Code,205,801671b5a69a2c02e24e0b874f50d93613e0d5fdd104c618,9909,8k+,28.999999999999996
learned_K2_V2_s35_step10000,learned,2,35,lcc,Code,206,98441e52ae8b2f4779e061b396ef5e1055e14eed627ad52a,14097,8k+,99.0
learned_K2_V2_s35_step10000,learned,2,35,lcc,Code,207,d5119d291024c6c23d0a2c14f328ff4cd89641fb653fb509,8020,8k+,47.0
learned_K2_V2_s35_step10000,learned,2,35,lcc,Code,208,a2578e61e6b5d25ae80d36c044bb63669ffa35e99835aab4,8992,8k+,37.0
learned_K2_V2_s35_step10000,learned,2,35,lcc,Code,209,1f82635fa73c4dfcf97ed3cc926641f71d98aa4e5fa64e78,8172,8k+,91.0
learned_K2_V2_s35_step10000,learned,2,35,lcc,Code,210,9d961758e8228e308bc1ef5f04f834404c61ebc3304e17d2,8122,8k+,67.0
learned_K2_V2_s35_step10000,learned,2,35,lcc,Code,211,953522f0b63ada6e270130bbdab5621a8c8ea6297a5a80f8,9893,8k+,42.0
learned_K2_V2_s35_step10000,learned,2,35,lcc,Code,212,b7c83555f1f00555ceef46d6319dc71e0266c7d558ce3450,10298,8k+,71.0
learned_K2_V2_s35_step10000,learned,2,35,lcc,Code,213,991a53e6106c32cd609f2df254db230c6c15625deb0f59fd,8006,8k+,73.0
learned_K2_V2_s35_step10000,learned,2,35,lcc,Code,214,0ee32f9c7663728a983414194af5bcb08ab9c1355f840fe2,9193,8k+,95.0
learned_K2_V2_s35_step10000,learned,2,35,lcc,Code,215,7c1d987234bd47a1969ea67753bfa0ffb14cad24f25278df,9895,8k+,18.0
learned_K2_V2_s35_step10000,learned,2,35,lcc,Code,216,3c7bc02c365f5f8a98e9f29a9401a0b90832b709781e22c1,8696,8k+,38.0
learned_K2_V2_s35_step10000,learned,2,35,lcc,Code,217,d700d0a6c77d8cec0b9ffe05f9eea7b58a8b2af36fbaa29d,11431,8k+,20.0
learned_K2_V2_s35_step10000,learned,2,35,lcc,Code,218,08254d402718372f2006f443171046f4b45b8f2cfc4d194f,9240,8k+,98.0
learned_K2_V2_s35_step10000,learned,2,35,lcc,Code,219,6f9a8edd3fd36514e0f97c5636010a72ca702a45290ab421,9147,8k+,84.0
learned_K2_V2_s35_step10000,learned,2,35,lcc,Code,220,d537b12e34726bd7fd3d290f562034080e073a7cee27c943,8136,8k+,32.0
learned_K2_V2_s35_step10000,learned,2,35,lcc,Code,221,e2895e568551293781414fe52b2571117dff76a79196d8e6,8661,8k+,49.0
learned_K2_V2_s35_step10000,learned,2,35,lcc,Code,222,c435fccb13c9a0f4b24c6050e2e3e6fa3de242d148e8c201,8360,8k+,57.99999999999999
learned_K2_V2_s35_step10000,learned,2,35,lcc,Code,223,8152cfa361486a6a6f2953cf6740d89650cb310719efcbb1,10029,8k+,42.0
learned_K2_V2_s35_step10000,learned,2,35,lcc,Code,224,5e257dacb588eede1548b87c86d7d1948fce16bb407c74bc,10722,8k+,33.0
learned_K2_V2_s35_step10000,learned,2,35,lcc,Code,225,5ba8ec5d5b9b8452e2ab810a4cd3519514dbf1a01014d1c9,9144,8k+,59.0
learned_K2_V2_s35_step10000,learned,2,35,lcc,Code,226,eee09581dea638e2a685f7e9b37953efe38841179a885009,9784,8k+,77.0
learned_K2_V2_s35_step10000,learned,2,35,lcc,Code,227,43332efaef30a408cc9cab9136931131d536dab1b4bb3735,9108,8k+,43.0
learned_K2_V2_s35_step10000,learned,2,35,lcc,Code,228,f7f9c73cbeb87190ba7533fe99a7e1d11d8e9b15427feb37,8094,8k+,34.0
learned_K2_V2_s35_step10000,learned,2,35,lcc,Code,229,2464cb7581c702419271bf4ba18dabb8197774104ba40a1e,8696,8k+,44.0
learned_K2_V2_s35_step10000,learned,2,35,lcc,Code,230,927dbd70a755e5e339b4ffbb4cb56098b546fbec2b368570,11879,8k+,80.0
learned_K2_V2_s35_step10000,learned,2,35,lcc,Code,231,64c3a69e7851fde8cc6d137194738274c4b0e07c38266f93,10845,8k+,42.0
learned_K2_V2_s35_step10000,learned,2,35,lcc,Code,232,02fa887706420d04baac1896a028bd74ff94ed29cd375ad1,11459,8k+,56.00000000000001
learned_K2_V2_s35_step10000,learned,2,35,lcc,Code,233,7ba93fa3c3cda095310c1e86d1f964e467c2b744a03c2d3f,14106,8k+,40.0
learned_K2_V2_s35_step10000,learned,2,35,lcc,Code,234,025058e5614926d2a3260c6c6d6be4de20862be5abe0eb2f,11534,8k+,69.0
learned_K2_V2_s35_step10000,learned,2,35,lcc,Code,235,7c4c9949f60f4f327a48f2671410466485a03f060befc851,9452,8k+,100.0
learned_K2_V2_s35_step10000,learned,2,35,lcc,Code,236,bcd12fc83b049649e4609d18f3c25490db2d34e90d3517d7,8611,8k+,0.0
learned_K2_V2_s35_step10000,learned,2,35,lcc,Code,237,e65923436029545cea5a8cace78ca888a20b9b6981ff40d8,8405,8k+,95.0
learned_K2_V2_s35_step10000,learned,2,35,lcc,Code,238,416048f78a3be5be5fdef7a8d39c04ebbbdfa50703b682bb,8276,8k+,62.0
learned_K2_V2_s35_step10000,learned,2,35,lcc,Code,239,4153f18fee97c0eb47424079b1ffa719c9b6836ae55a6ad1,10246,8k+,27.0
learned_K2_V2_s35_step10000,learned,2,35,lcc,Code,240,0952fb1cf4d43242a0ca796a775a4bbd7612664101b5441e,8562,8k+,74.0
learned_K2_V2_s35_step10000,learned,2,35,lcc,Code,241,012422383d90c298fd3fd38e1b2c549e2461e562255ff77d,18518,8k+,56.00000000000001
learned_K2_V2_s35_step10000,learned,2,35,lcc,Code,242,36bdcc2b91c64df0fef0c7181e283236c21ef2ce7b834b84,9945,8k+,33.0
learned_K2_V2_s35_step10000,learned,2,35,lcc,Code,243,1fc52a605c2339692497389ae8415624af2aa9f420e6efab,8933,8k+,66.0
learned_K2_V2_s35_step10000,learned,2,35,lcc,Code,244,a650514c9f435ab364b6442c3205b71e9e853eec0257a7f9,10896,8k+,32.0
learned_K2_V2_s35_step10000,learned,2,35,lcc,Code,245,701ed131754f378cb475d2bf14781dce01be23f9bb956f4d,8489,8k+,20.0
learned_K2_V2_s35_step10000,learned,2,35,lcc,Code,246,cd9c5ebc544ca1c92142cfa8e3c50e240e3bf5573ebbe13d,10276,8k+,72.0
learned_K2_V2_s35_step10000,learned,2,35,lcc,Code,247,209e74b85df5f578309a7c9d543f7244f663f07342936dfd,13691,8k+,19.0
learned_K2_V2_s35_step10000,learned,2,35,lcc,Code,248,6d55774a7b795f0d1a2176c865eabae3b00229a1ef474e7a,8052,8k+,65.0
learned_K2_V2_s35_step10000,learned,2,35,lcc,Code,249,63e11b185b4a4678fb60b510a916fad3d5a0c78f2fe82ac4,9234,8k+,34.0
learned_K2_V2_s35_step10000,learned,2,35,lcc,Code,250,062118817bdc9a092da1d4524629824f4e88305dc9eb112e,9014,8k+,62.0
learned_K2_V2_s35_step10000,learned,2,35,lcc,Code,251,535811df87cc2c220d0a938fc30f07a3d4f4ebac092632b7,8622,8k+,100.0
learned_K2_V2_s35_step10000,learned,2,35,lcc,Code,252,679ef4b1fae6eaa15678ae98c33491d123b5216a81d14d44,8049,8k+,70.0
learned_K2_V2_s35_step10000,learned,2,35,lcc,Code,253,510fda46c7dd55d3196a9e71e2f528e1627ff2d61c2ef425,9425,8k+,39.0
learned_K2_V2_s35_step10000,learned,2,35,lcc,Code,254,8415cc3776003fa5588524600aadaafdfed4c6921b110ca0,23278,8k+,100.0
learned_K2_V2_s35_step10000,learned,2,35,lcc,Code,255,fc73c9efea98568ceb6be090daf2a83234c653b1c0aa5303,8031,8k+,53.0
learned_K2_V2_s35_step10000,learned,2,35,lcc,Code,256,38cd3e2cf8256291ffa65453250d3756eead761a8ca8761a,16705,8k+,30.0
learned_K2_V2_s35_step10000,learned,2,35,lcc,Code,257,5aa904241ceb318da41a26ce573b2842824733d61c10c768,8290,8k+,48.0
learned_K2_V2_s35_step10000,learned,2,35,lcc,Code,258,44ad206402cbad485db6d26a02afd264eaa149f17e5c574b,8301,8k+,88.0
learned_K2_V2_s35_step10000,learned,2,35,lcc,Code,259,ddbfe085c46c1c7882246aeb0e735bb4d4f1c449cbfc2851,12254,8k+,33.0
learned_K2_V2_s35_step10000,learned,2,35,lcc,Code,260,d7dd4f7df2a201bc16d5be4579c3fe4469912e1cbfa0868f,11936,8k+,35.0
learned_K2_V2_s35_step10000,learned,2,35,lcc,Code,261,f08a124a114577d3ad44ab0eb8109ad143afa1725e636790,20316,8k+,93.0
learned_K2_V2_s35_step10000,learned,2,35,lcc,Code,262,9e747fea1debf6f541b01de454b85d07f988ccaa14d308f4,10689,8k+,22.0
learned_K2_V2_s35_step10000,learned,2,35,lcc,Code,263,866ef2395db510677aaf95209d2798262b2f5f6057fa4995,8249,8k+,88.0
learned_K2_V2_s35_step10000,learned,2,35,lcc,Code,264,139f57683edf8f8a05836622c4222ad2da0a394e14225f24,9563,8k+,47.0
learned_K2_V2_s35_step10000,learned,2,35,lcc,Code,265,4a23a751a0bff426399edf5c44aacb53e4e2681ed59da98c,10316,8k+,100.0
learned_K2_V2_s35_step10000,learned,2,35,lcc,Code,266,f02cb7479ef7bd9de982ba97759cba6fa04fd340f5bd7e6d,14273,8k+,91.0
learned_K2_V2_s35_step10000,learned,2,35,lcc,Code,267,2be6935dd6a6e49e7e067e44aa9ef7c8a5677502409bf580,14028,8k+,100.0
learned_K2_V2_s35_step10000,learned,2,35,lcc,Code,268,30a04290b1f6162c1c31eb593bee66ff7d5c041b95aea826,9133,8k+,48.0
learned_K2_V2_s35_step10000,learned,2,35,lcc,Code,269,2dcbe3f1e795cf4752a0ce542c306fd7bd0fb436d4434e10,8273,8k+,19.0
learned_K2_V2_s35_step10000,learned,2,35,lcc,Code,270,6fe5153eaa63a0b535fb9ad0eadbb35360017cadd331084b,8040,8k+,45.0
learned_K2_V2_s35_step10000,learned,2,35,lcc,Code,271,5000466fd0e978528df5dc9cc04c64e82de28800ef7404d1,9404,8k+,44.0
learned_K2_V2_s35_step10000,learned,2,35,lcc,Code,272,8b7ce360028e8b36fb6f5ee805af7d92897c3d743f66e101,11381,8k+,99.0
learned_K2_V2_s35_step10000,learned,2,35,lcc,Code,273,47372aee575d933a7ca74a66c0300cb8016920d00cc89938,10347,8k+,60.0
learned_K2_V2_s35_step10000,learned,2,35,lcc,Code,274,17306687a40f0d095672642ef1a138abe1b6a336b902c82f,11922,8k+,64.0
learned_K2_V2_s35_step10000,learned,2,35,lcc,Code,275,b716a299c1c7658241057478b48c06af6a5c86f62fbb472a,9203,8k+,89.0
learned_K2_V2_s35_step10000,learned,2,35,lcc,Code,276,577a4c909063c202931b73a07cb7a471c32960397b0dad48,9007,8k+,72.0
learned_K2_V2_s35_step10000,learned,2,35,lcc,Code,277,4acaa1cc0eaecac61c46991ccee0538cc3a734b7d5f2ef0a,9441,8k+,34.0
learned_K2_V2_s35_step10000,learned,2,35,lcc,Code,278,71331528c62d298dbe8bec79a50ac4116f0816bb3cac52cc,15198,8k+,39.0
learned_K2_V2_s35_step10000,learned,2,35,lcc,Code,279,2666edb375a0bdb0c84b3a8c808c36f7ada53856d1793385,8731,8k+,41.0
learned_K2_V2_s35_step10000,learned,2,35,lcc,Code,280,db8d11f01f0697b23d79322936fc79196f680f842e451927,8316,8k+,36.0
learned_K2_V2_s35_step10000,learned,2,35,lcc,Code,281,97922b4712e75d3ccb3aa9f13810419e96cb0e8b0b64d408,9110,8k+,21.0
learned_K2_V2_s35_step10000,learned,2,35,lcc,Code,282,86b264a2ec648672d83fa96468c8a42c48366faaee30fb97,8378,8k+,59.0
learned_K2_V2_s35_step10000,learned,2,35,lcc,Code,283,93f6174b3813a43229cb32258038d980e42a151b11a8e2fb,11744,8k+,30.0
learned_K2_V2_s35_step10000,learned,2,35,lcc,Code,284,faf4c765c2effbe043cfaeea52bf775d59a0d58b6c264566,10644,8k+,44.0
learned_K2_V2_s35_step10000,learned,2,35,lcc,Code,285,915da6ca76bf0fe2d6117c5742cf91309668d67a8ad2f4e7,9883,8k+,30.0
learned_K2_V2_s35_step10000,learned,2,35,lcc,Code,286,c22bbb8b620d3e532336a4156c32fa969eee9f2b673c904a,10915,8k+,49.0
learned_K2_V2_s35_step10000,learned,2,35,lcc,Code,287,159cba14587e078a610b48e99d0f8d694307d76d8cca95d8,8853,8k+,86.0
learned_K2_V2_s35_step10000,learned,2,35,lcc,Code,288,71bfe59ca4860459f952a18d9b6e5157e15660d9f44959f0,12510,8k+,42.0
learned_K2_V2_s35_step10000,learned,2,35,lcc,Code,289,84cc071c6bef98207a5ba6686d302d89c377a6f4b67e1ad2,8415,8k+,100.0
learned_K2_V2_s35_step10000,learned,2,35,lcc,Code,290,df25e087755cc3bb4588c4ffaecfffd54b600834c2ab1d4b,9989,8k+,95.0
learned_K2_V2_s35_step10000,learned,2,35,lcc,Code,291,d3bda8bd9c3ce1ffdc215e1e4dc7392b2fe45f550de6a40b,10923,8k+,99.0
learned_K2_V2_s35_step10000,learned,2,35,lcc,Code,292,f5869c40e6769b067b8cf2c23ce1c62ac89b3f7e7e05c2fb,9034,8k+,18.0
learned_K2_V2_s35_step10000,learned,2,35,lcc,Code,293,208bc59af9ce3db6265eaef0301428fb220b6fa7f2ebefb5,14660,8k+,50.0
learned_K2_V2_s35_step10000,learned,2,35,lcc,Code,294,fa8289b90db6aae9ef4cd2c0bfcc0341eb222f7622ff3f0d,16751,8k+,95.0
learned_K2_V2_s35_step10000,learned,2,35,lcc,Code,295,36919b13c3a8cdb0492789ddaeae1450ea7f735464deb701,8017,8k+,25.0
learned_K2_V2_s35_step10000,learned,2,35,lcc,Code,296,2bbc212878118c2972d737090772aba379e9208561b5640b,8754,8k+,100.0
learned_K2_V2_s35_step10000,learned,2,35,lcc,Code,297,30922507f4cf04fb9cee281bf7b38fcf920bdc0b39a32f81,8018,8k+,28.999999999999996
learned_K2_V2_s35_step10000,learned,2,35,lcc,Code,298,f736c3024578d2be3616b0d4713bc1309fe7a527c3969dbe,8128,8k+,89.0
learned_K2_V2_s35_step10000,learned,2,35,lcc,Code,299,056351f8553a75ef1f3616070faa31f09fdb5d4a1fc276d2,9136,8k+,52.0
learned_K2_V2_s35_step10000,learned,2,35,repobench-p,Code,0,2f63d9a3d25c12812b10eb407a92d3744aaa94835463eb5b,2646,0-4k,28.000000000000004
learned_K2_V2_s35_step10000,learned,2,35,repobench-p,Code,1,4d2668d05f3f636a1bb6b0389a03b382f3f3e06b19dec51d,2012,0-4k,43.0
learned_K2_V2_s35_step10000,learned,2,35,repobench-p,Code,2,22cc5edeea2a251a75ec8950fd9bd0000a1dc7ee084af4ce,1608,0-4k,42.0
learned_K2_V2_s35_step10000,learned,2,35,repobench-p,Code,3,6b4f4a52ac5e336182dc4a4f91a06a0476144355eda7d4f7,3291,0-4k,33.0
learned_K2_V2_s35_step10000,learned,2,35,repobench-p,Code,4,557d3ab70793b587bdf62fa00270e094d9787de7fba71c44,3929,0-4k,37.0
learned_K2_V2_s35_step10000,learned,2,35,repobench-p,Code,5,baa8de84ab065678542bc7eba856ad8688646323f9d230bd,2526,0-4k,78.0
learned_K2_V2_s35_step10000,learned,2,35,repobench-p,Code,6,26eec314bf72b6e3629b958f58e6dae01e8b6d3c3515566c,3536,0-4k,62.0
learned_K2_V2_s35_step10000,learned,2,35,repobench-p,Code,7,169dde6aa6a69a92950ca0529c356ab33884183329f88574,925,0-4k,3.0
learned_K2_V2_s35_step10000,learned,2,35,repobench-p,Code,8,d6e0fb2ff8a19c243e92b7242fece0adc5425bb8cc6722a6,2130,0-4k,59.0
learned_K2_V2_s35_step10000,learned,2,35,repobench-p,Code,9,3a25616cb5ea03ff9da80a9e67105c5d33a5d27f5481b048,2640,0-4k,41.0
learned_K2_V2_s35_step10000,learned,2,35,repobench-p,Code,10,e8ad768522188255a99ba4610f9077423b54dc653a1b122c,2166,0-4k,32.0
learned_K2_V2_s35_step10000,learned,2,35,repobench-p,Code,11,131139402cad5bfc8744b35012d307b9976737a536cf7a0c,2032,0-4k,18.0
learned_K2_V2_s35_step10000,learned,2,35,repobench-p,Code,12,b974e05782cc4c69c850e9554fcfe817a8cc14530563f3b4,2174,0-4k,57.99999999999999
learned_K2_V2_s35_step10000,learned,2,35,repobench-p,Code,13,96d3a6a8d00b1872187fb51f60ee407ddf78fa068d259332,1186,0-4k,31.0
learned_K2_V2_s35_step10000,learned,2,35,repobench-p,Code,14,f81c4342fdf64aab3c695157e30a0a0879ff2586d042f718,1353,0-4k,5.0
learned_K2_V2_s35_step10000,learned,2,35,repobench-p,Code,15,b17456c5d586663c22b6d7f85f55ea076645fbc26390d24f,2514,0-4k,42.0
learned_K2_V2_s35_step10000,learned,2,35,repobench-p,Code,16,1dc911da7eb7c3c6b8336d06b4112a69343babb1b98f436a,2269,0-4k,26.0
learned_K2_V2_s35_step10000,learned,2,35,repobench-p,Code,17,0c717f4722b891e7a785825ab5c74a953f360b5849e9620b,3046,0-4k,85.0
learned_K2_V2_s35_step10000,learned,2,35,repobench-p,Code,18,5342b06bc9ef391b79807b10296251b1b02924ec256969ac,1868,0-4k,41.0
learned_K2_V2_s35_step10000,learned,2,35,repobench-p,Code,19,f665afe71c506cbe15d8afc63ccfea2ed597744f019d0580,2334,0-4k,46.0
learned_K2_V2_s35_step10000,learned,2,35,repobench-p,Code,20,f4b1a640cc8ba965011a362255c3157375b90cdb0f7c4e06,3894,0-4k,36.0
learned_K2_V2_s35_step10000,learned,2,35,repobench-p,Code,21,f35d58d8b2eedeca1020fb62df444121f7538f16cbf4c6e8,1740,0-4k,45.0
learned_K2_V2_s35_step10000,learned,2,35,repobench-p,Code,22,f2ab2a6c79345e3d81232052faa44fa8cca237e4b7fb8dff,1774,0-4k,25.0
learned_K2_V2_s35_step10000,learned,2,35,repobench-p,Code,23,f5bb8a22c323dc3c8d8cc24286d5ceeba4148421f6a2a7f4,2464,0-4k,23.0
learned_K2_V2_s35_step10000,learned,2,35,repobench-p,Code,24,4d7181e8ffb8e3cffa637ee6edb7a1f5cad3f2ac4ffcafa7,824,0-4k,35.0
learned_K2_V2_s35_step10000,learned,2,35,repobench-p,Code,25,540e570d6c2fc76fbe07ffed28b8a4e856ede57ac633d5f7,1561,0-4k,9.0
learned_K2_V2_s35_step10000,learned,2,35,repobench-p,Code,26,200c2fc3a21636526a740d1b20d357aafb5abbb7a9fea050,2979,0-4k,27.0
learned_K2_V2_s35_step10000,learned,2,35,repobench-p,Code,27,79af7cff189954221087bcc053d4108db366d8742eba6b91,2714,0-4k,22.0
learned_K2_V2_s35_step10000,learned,2,35,repobench-p,Code,28,10293155fe04c32cb8085fd71357b5f0ca2693104e6232aa,3533,0-4k,25.0
learned_K2_V2_s35_step10000,learned,2,35,repobench-p,Code,29,057de216e0e7575eec3457f9e92a67f4bf7157d2b0c6edbe,1743,0-4k,41.0
learned_K2_V2_s35_step10000,learned,2,35,repobench-p,Code,30,1e8551566f7917e7fea1ac7582d10458b2b270ca63b455bf,3889,0-4k,31.0
learned_K2_V2_s35_step10000,learned,2,35,repobench-p,Code,31,f362d7ca9f6cbc26ea032bb9b7623345c2e5b9c5e87cdd83,2184,0-4k,0.0
learned_K2_V2_s35_step10000,learned,2,35,repobench-p,Code,32,42112168fb1213c3b53dd4bf6da5239697e148f9aa0a79bc,3452,0-4k,10.0
learned_K2_V2_s35_step10000,learned,2,35,repobench-p,Code,33,5c667f62e932d52dfea55380d5ef3eb5d7ecc614f0535502,3104,0-4k,32.0
learned_K2_V2_s35_step10000,learned,2,35,repobench-p,Code,34,eb65a3ee4f1ec1c6aff46fab2b3de3dce21df05326bace5d,931,0-4k,21.0
learned_K2_V2_s35_step10000,learned,2,35,repobench-p,Code,35,bcaa9f716f84f9b5980acf0cb06cb64a431557744a2cdcd5,1723,0-4k,100.0
learned_K2_V2_s35_step10000,learned,2,35,repobench-p,Code,36,0e17116b140929a4283790fafcf855b10b0dc27fd76c6c21,3710,0-4k,0.0
learned_K2_V2_s35_step10000,learned,2,35,repobench-p,Code,37,d5bd0c27f711122cb9cbd09ffdc1eed1cd7eb6ce796320e0,3454,0-4k,83.0
learned_K2_V2_s35_step10000,learned,2,35,repobench-p,Code,38,9fd276bb1833fcb51da9b0a822cac1057449cf3536d0b155,1547,0-4k,47.0
learned_K2_V2_s35_step10000,learned,2,35,repobench-p,Code,39,985bfdff7b49656cb85b7bbb0f4f402657b3e14d7b1ec8ae,1540,0-4k,22.0
learned_K2_V2_s35_step10000,learned,2,35,repobench-p,Code,40,c44a1e83e9fde0b0a74c65a72921c5f8692fe870cbeebb50,3790,0-4k,31.0
learned_K2_V2_s35_step10000,learned,2,35,repobench-p,Code,41,cbeeacca7dd3282ff5b99092e6d16314f09ad0f42b1ab069,2715,0-4k,94.0
learned_K2_V2_s35_step10000,learned,2,35,repobench-p,Code,42,ffec24014c6eb244b321380e67b69e0c927a2190d241b3c4,2534,0-4k,22.0
learned_K2_V2_s35_step10000,learned,2,35,repobench-p,Code,43,f949655ebd54e3a718afd2bc502e1b633727db03b86ffd26,1043,0-4k,30.0
learned_K2_V2_s35_step10000,learned,2,35,repobench-p,Code,44,3b59dbf771fc39f7e1456064fcacde47bb01e6e192c1d9c3,1562,0-4k,28.999999999999996
learned_K2_V2_s35_step10000,learned,2,35,repobench-p,Code,45,3f9e90234859286c74cea178dbf97af76c56e50727e0f49d,1381,0-4k,22.0
learned_K2_V2_s35_step10000,learned,2,35,repobench-p,Code,46,88a9a2fd897099b9188ea9e362ef12ca36bf8bf75c2a3382,2260,0-4k,82.0
learned_K2_V2_s35_step10000,learned,2,35,repobench-p,Code,47,281545dd015defdcfc5daf9f7dc2b02a9e3e3a2ac5bda2f5,1936,0-4k,38.0
learned_K2_V2_s35_step10000,learned,2,35,repobench-p,Code,48,35b8b3e1d188f90143d0e0b703b62d29e51691ca88cb2595,1417,0-4k,40.0
learned_K2_V2_s35_step10000,learned,2,35,repobench-p,Code,49,e52768fb279b3ee3b37bd0b166cbb82d47024e30438a8563,1771,0-4k,68.0
learned_K2_V2_s35_step10000,learned,2,35,repobench-p,Code,50,017079ca32bc1ead1efd76a1264b6a028b9c258b09f6cfa9,3430,0-4k,38.0
learned_K2_V2_s35_step10000,learned,2,35,repobench-p,Code,51,ea34735f9ac205293023394877d630555a04b487a2cf6036,1318,0-4k,17.0
learned_K2_V2_s35_step10000,learned,2,35,repobench-p,Code,52,48d855bfde920e5e4c41f42a9495916d2d62c50a40d29eaa,2248,0-4k,37.0
learned_K2_V2_s35_step10000,learned,2,35,repobench-p,Code,53,803514a49c5cd69c77ec60f52cfd6829a0e8e58b1b40104e,2042,0-4k,35.0
learned_K2_V2_s35_step10000,learned,2,35,repobench-p,Code,54,12e8bbb259d78efa8de3bcd57ceb0b4d255e0b3f6d93d68c,1874,0-4k,25.0
learned_K2_V2_s35_step10000,learned,2,35,repobench-p,Code,55,19a0159bcf2092543f018ce3258b50af6fd35ed61f66b525,2705,0-4k,11.0
learned_K2_V2_s35_step10000,learned,2,35,repobench-p,Code,56,f7c98836f7de7b92a5f535192ca0ed21ff4947c8dead620d,3108,0-4k,82.0
learned_K2_V2_s35_step10000,learned,2,35,repobench-p,Code,57,5f821555b06138e64ff9cac2865bf4ee66e16ffa34a74a1f,2674,0-4k,4.0
learned_K2_V2_s35_step10000,learned,2,35,repobench-p,Code,58,0af8a4d6da92d00ea240eb42cd7be0a8acb7aaad5f5df9e3,2616,0-4k,34.0
learned_K2_V2_s35_step10000,learned,2,35,repobench-p,Code,59,5793684b2e55650422bc523a52fe1a347210a02d3fc1a27c,1393,0-4k,100.0
learned_K2_V2_s35_step10000,learned,2,35,repobench-p,Code,60,4840cdfd00ab7f23aa464a424033100ed937a3558567acb6,1433,0-4k,24.0
learned_K2_V2_s35_step10000,learned,2,35,repobench-p,Code,61,2a5eb8bb3174281996b1e200e17a4ee1935b6c7300fff41f,3275,0-4k,74.0
learned_K2_V2_s35_step10000,learned,2,35,repobench-p,Code,62,c27c0c36d78034f1a4755d22cea9dd1ea50ead1a9454a279,3252,0-4k,24.0
learned_K2_V2_s35_step10000,learned,2,35,repobench-p,Code,63,f69aefc95d38f5b289043282c44611c96b533e97a8a7f48b,3197,0-4k,22.0
learned_K2_V2_s35_step10000,learned,2,35,repobench-p,Code,64,8bdb4903740c13b8b28717dd2d3042830565ce341f6041ca,1700,0-4k,66.0
learned_K2_V2_s35_step10000,learned,2,35,repobench-p,Code,65,56c45bfed224c26bb617b8089df613586ae55fa518b1a991,2605,0-4k,48.0
learned_K2_V2_s35_step10000,learned,2,35,repobench-p,Code,66,39da528c23289d7eb9520128b82be35afc0c6491a307b734,2828,0-4k,78.0
learned_K2_V2_s35_step10000,learned,2,35,repobench-p,Code,67,fe7d2539537cd6edb5932502090d38c322e1fe8d75b0570c,1277,0-4k,27.0
learned_K2_V2_s35_step10000,learned,2,35,repobench-p,Code,68,57fe3a1a96903bf9ba1d1fb027d6f8cce220608050122d4b,3914,0-4k,0.0
learned_K2_V2_s35_step10000,learned,2,35,repobench-p,Code,69,8172299ff0fbe70a20a9b2d39ef0f8a2f7e392b066860346,3898,0-4k,24.0
learned_K2_V2_s35_step10000,learned,2,35,repobench-p,Code,70,e3031e6ce9192b7214d3d491b233f14b1a454bcbb2150950,1390,0-4k,38.0
learned_K2_V2_s35_step10000,learned,2,35,repobench-p,Code,71,664c7b340621fd4b844f523e3d2a36f5fd09e8424cc28edc,2542,0-4k,100.0
learned_K2_V2_s35_step10000,learned,2,35,repobench-p,Code,72,fd5b1517bbe1ff9079ed0366be6020dc5a362128d7633468,1818,0-4k,86.0
learned_K2_V2_s35_step10000,learned,2,35,repobench-p,Code,73,68f47d51d86f9370e438fdc919e3bc0e02e8d82aa51fd37e,1644,0-4k,24.0
learned_K2_V2_s35_step10000,learned,2,35,repobench-p,Code,74,1713a1e7e70dfae6b241613191c5027d45803111e94d3630,1549,0-4k,12.0
learned_K2_V2_s35_step10000,learned,2,35,repobench-p,Code,75,4827ff2b613068a75697610c1c3d4ac77a8befeba28544ef,2047,0-4k,21.0
learned_K2_V2_s35_step10000,learned,2,35,repobench-p,Code,76,d3e06b7c06b53895a9f8832f583702defd61235a3fb53cf6,1863,0-4k,21.0
learned_K2_V2_s35_step10000,learned,2,35,repobench-p,Code,77,9d912c9ff24198c839f9847ca95470d7b95e994ccf65622f,1727,0-4k,84.0
learned_K2_V2_s35_step10000,learned,2,35,repobench-p,Code,78,12f13f14cd495b2645aef74b13719393fa6ce6c656a6504d,2783,0-4k,11.0
learned_K2_V2_s35_step10000,learned,2,35,repobench-p,Code,79,3a98a3f1b3ee260ac74cd5bc1e04e9f88bdaa51a3018ae14,2141,0-4k,20.0
learned_K2_V2_s35_step10000,learned,2,35,repobench-p,Code,80,af9cba93ba2b9008e40f16ce750a28454b8fea8d315e87fa,1623,0-4k,35.0
learned_K2_V2_s35_step10000,learned,2,35,repobench-p,Code,81,27cd0a16be37c12e0e06753c69a76d29a06204fb969890c3,3764,0-4k,21.0
learned_K2_V2_s35_step10000,learned,2,35,repobench-p,Code,82,28cc0558deb112476f35aadd40309503e6fd131e89a9bcf2,3804,0-4k,100.0
learned_K2_V2_s35_step10000,learned,2,35,repobench-p,Code,83,44dc5f3f2f9865c0cfc54a1183f7ada12efc6a75990e2858,3762,0-4k,27.0
learned_K2_V2_s35_step10000,learned,2,35,repobench-p,Code,84,75a520ca63f7d7b62dfa6a66173ae4a11cb566c02c56da16,785,0-4k,67.0
learned_K2_V2_s35_step10000,learned,2,35,repobench-p,Code,85,d9c599f39fb4ea5788fbdf8739f5ab2ea9e25b411c1e2bdd,1523,0-4k,91.0
learned_K2_V2_s35_step10000,learned,2,35,repobench-p,Code,86,c9cf3a57b672fc6cd15147185d157bf8b9c55f73e82d70dc,2784,0-4k,66.0
learned_K2_V2_s35_step10000,learned,2,35,repobench-p,Code,87,bee428fb7bb5ddfeac36cb9792f82abae80eae1b8c9df850,1696,0-4k,47.0
learned_K2_V2_s35_step10000,learned,2,35,repobench-p,Code,88,88f4d3b90d76a35d06c424d2eeb431e044023108dde98a97,1468,0-4k,19.0
learned_K2_V2_s35_step10000,learned,2,35,repobench-p,Code,89,dc61536f13d40f843c5651cf0c7057d8d1cfed4d72fafafa,1292,0-4k,44.0
learned_K2_V2_s35_step10000,learned,2,35,repobench-p,Code,90,3cc7b1e8bb5e60cc54f7b53afb7dac2a38b2dea35ff9a17f,917,0-4k,97.0
learned_K2_V2_s35_step10000,learned,2,35,repobench-p,Code,91,691073ae373f94981965a86263715485057df4c64956fce7,1467,0-4k,49.0
learned_K2_V2_s35_step10000,learned,2,35,repobench-p,Code,92,8857338affe2d9fe32dc189b478b4aa891b3905618953f5b,2045,0-4k,43.0
learned_K2_V2_s35_step10000,learned,2,35,repobench-p,Code,93,306a6e06089f2be5a32c6f2b6ca575cff54ca90f6b05f205,3757,0-4k,42.0
learned_K2_V2_s35_step10000,learned,2,35,repobench-p,Code,94,f0ca080f15d553f478512eac08fa2e780178a73fa091b569,2071,0-4k,44.0
learned_K2_V2_s35_step10000,learned,2,35,repobench-p,Code,95,575cb85f0d0daced2e3372a6afa034adfcf4a6545208c89c,2265,0-4k,57.99999999999999
learned_K2_V2_s35_step10000,learned,2,35,repobench-p,Code,96,4ff1104206a9b1f6a1cb7d9678a99f21614ecc8091c224c4,2012,0-4k,100.0
learned_K2_V2_s35_step10000,learned,2,35,repobench-p,Code,97,5339ec1fe1b1ff7b6215857f2518f13d4520b1bdecbb1329,3043,0-4k,50.0
learned_K2_V2_s35_step10000,learned,2,35,repobench-p,Code,98,f9f2f3fc1cfbc4e08ed95a2581f0c0a4065a201e9e2fb216,3038,0-4k,30.0
learned_K2_V2_s35_step10000,learned,2,35,repobench-p,Code,99,6f578376c647ce1e8a15c43c80c7f57b577dea55de6d3140,3924,0-4k,47.0
learned_K2_V2_s35_step10000,learned,2,35,repobench-p,Code,100,74dd4be422031471c7a6854f35d1041be35bafaf3b30d5b9,6404,4-8k,0.0
learned_K2_V2_s35_step10000,learned,2,35,repobench-p,Code,101,0f4ce9705fa57b00ac0cc35bce6b5ac343ddea20b4b1686f,5015,4-8k,52.0
learned_K2_V2_s35_step10000,learned,2,35,repobench-p,Code,102,03c058a20159fdf73dc14630c73f180f26da1a71f65876a8,5219,4-8k,17.0
learned_K2_V2_s35_step10000,learned,2,35,repobench-p,Code,103,755c8af62ba1528c7a39909b198190d1910c3ff87da8cfb8,4522,4-8k,11.0
learned_K2_V2_s35_step10000,learned,2,35,repobench-p,Code,104,677bde9f020bc621af7726d5b5f14f837192716098abc080,6293,4-8k,28.999999999999996
learned_K2_V2_s35_step10000,learned,2,35,repobench-p,Code,105,c28849c629ab83f232c73883e2121800640c59fc008e934a,4416,4-8k,28.999999999999996
learned_K2_V2_s35_step10000,learned,2,35,repobench-p,Code,106,f9995eaffa540176c0bc53bde76e56246499269896303281,5914,4-8k,0.0
learned_K2_V2_s35_step10000,learned,2,35,repobench-p,Code,107,651bb02029218b51403b67f9768560d4b833803bc6fff5cc,7328,4-8k,81.0
learned_K2_V2_s35_step10000,learned,2,35,repobench-p,Code,108,3f78b436825f344aca3f79fa8fc4f4bfa601dbe4fc9c1847,6924,4-8k,32.0
learned_K2_V2_s35_step10000,learned,2,35,repobench-p,Code,109,8e635ccf7e4d00e3456db6f6a6773360ed6dce093f54207a,6491,4-8k,82.0
learned_K2_V2_s35_step10000,learned,2,35,repobench-p,Code,110,d9857d64f2dfa3c3822abfa78e09e4856be5d473e3dbd04e,6104,4-8k,64.0
learned_K2_V2_s35_step10000,learned,2,35,repobench-p,Code,111,113bedfbb018ffcbcd06b0cd9ffaa127f53fd0744aa0bab0,5131,4-8k,13.0
learned_K2_V2_s35_step10000,learned,2,35,repobench-p,Code,112,de1827f3dc949dc364e48b69417b93450cb54f5edc982eb5,7178,4-8k,73.0
learned_K2_V2_s35_step10000,learned,2,35,repobench-p,Code,113,ad606a8f7fd390de011af01bb7459bdf5fff4facf4eecbd0,6610,4-8k,33.0
learned_K2_V2_s35_step10000,learned,2,35,repobench-p,Code,114,654982cd2be11b2c69458f3878cdf85b478490a68d175f25,4716,4-8k,41.0
learned_K2_V2_s35_step10000,learned,2,35,repobench-p,Code,115,8ae893d18b0b6fa0be811cf336dea0171b786f286ab0ef52,5986,4-8k,41.0
learned_K2_V2_s35_step10000,learned,2,35,repobench-p,Code,116,5264ce24ca0b79e68f36d4f4b043f17a9903f760d2cc80f6,4523,4-8k,36.0
learned_K2_V2_s35_step10000,learned,2,35,repobench-p,Code,117,9cff1c20d932d81148ef94c9e4e9575dcab5ca0ac46930ce,6234,4-8k,24.0
learned_K2_V2_s35_step10000,learned,2,35,repobench-p,Code,118,c3d0c9a14b73cde3ce17d1a6516d5b7cdcd6ed61ddd0a2f4,5032,4-8k,17.0
learned_K2_V2_s35_step10000,learned,2,35,repobench-p,Code,119,1197edc4a216f5ac4fab10c0c6e8446af2b437fd842379f3,5226,4-8k,21.0
learned_K2_V2_s35_step10000,learned,2,35,repobench-p,Code,120,173b55559952c0fa3878498ba9bd9108695b52d9552c6db2,4403,4-8k,0.0
learned_K2_V2_s35_step10000,learned,2,35,repobench-p,Code,121,a4cbb205232cd61a4b535a7e609fec850d758d9a8591092d,4644,4-8k,34.0
learned_K2_V2_s35_step10000,learned,2,35,repobench-p,Code,122,520db0dd4549cdb43ec7990ec537959a3b97daedbbe823b3,4641,4-8k,27.0
learned_K2_V2_s35_step10000,learned,2,35,repobench-p,Code,123,7aa86a108ef34cf8bafdee908514a60ac218203d8c7c0dab,5064,4-8k,24.0
learned_K2_V2_s35_step10000,learned,2,35,repobench-p,Code,124,ddef85987756dc1bb67dcb2378d22fef73e412672cecf8ee,5691,4-8k,47.0
learned_K2_V2_s35_step10000,learned,2,35,repobench-p,Code,125,da920e22d518ddbf4cc07219f9e38f94f95f8964ef3ae455,5272,4-8k,28.999999999999996
learned_K2_V2_s35_step10000,learned,2,35,repobench-p,Code,126,6be916e353b46483c181ef52e63b82a1b30edf08ded51e81,5932,4-8k,8.0
learned_K2_V2_s35_step10000,learned,2,35,repobench-p,Code,127,e755162b251a745c460dd18d59dd0e47a185f0561a921727,6396,4-8k,39.0
learned_K2_V2_s35_step10000,learned,2,35,repobench-p,Code,128,a7bada0f3bdd1fe69fe0ab6d4e5b9b0d5ebfab8989eed375,7406,4-8k,27.0
learned_K2_V2_s35_step10000,learned,2,35,repobench-p,Code,129,8638c2fc710731408c07ce83f68f85fb91e887a6ccbfa1fe,5382,4-8k,31.0
learned_K2_V2_s35_step10000,learned,2,35,repobench-p,Code,130,008eb95f1459927c95fb70f08d94baf11d70d73e9d078af2,4025,4-8k,44.0
learned_K2_V2_s35_step10000,learned,2,35,repobench-p,Code,131,8657a31325b202a10721b1134cdcd72f438eab0c65d980a5,5470,4-8k,13.0
learned_K2_V2_s35_step10000,learned,2,35,repobench-p,Code,132,6c6d4c0309b4c7a05d179b62b0d512c886d01563b36da427,5279,4-8k,100.0
learned_K2_V2_s35_step10000,learned,2,35,repobench-p,Code,133,1988b0250bccaa631658bad2ead4cd8fc62e80cad97a1955,6070,4-8k,0.0
learned_K2_V2_s35_step10000,learned,2,35,repobench-p,Code,134,384dba46d9e00109866ff9e090c991d3b03c573a848f0b36,6232,4-8k,31.0
learned_K2_V2_s35_step10000,learned,2,35,repobench-p,Code,135,25e27a4553ca2c4de07c1adc6668d82e9973eeb747409030,4307,4-8k,21.0
learned_K2_V2_s35_step10000,learned,2,35,repobench-p,Code,136,45d46a317a6af5516a9f431be6958eccfb6e8ef5f8a5a1cf,6424,4-8k,11.0
learned_K2_V2_s35_step10000,learned,2,35,repobench-p,Code,137,ad9072f73e374683362450332b33f64ca57bcf51f4aa619c,4405,4-8k,50.0
learned_K2_V2_s35_step10000,learned,2,35,repobench-p,Code,138,06abd6a731c50d0ca0c26f3a2cab786097c6d54284a9f8dd,4976,4-8k,38.0
learned_K2_V2_s35_step10000,learned,2,35,repobench-p,Code,139,7155bb8419c09969cf66ef0157bc2b5d0829437fc4d1aedb,4388,4-8k,17.0
learned_K2_V2_s35_step10000,learned,2,35,repobench-p,Code,140,2d63cc05f3535b31ef584d8f750e324ed2302a91e612ed9c,4127,4-8k,34.0
learned_K2_V2_s35_step10000,learned,2,35,repobench-p,Code,141,b06a6d64d3cb7159808afcd42a55bbc557e424884f7dfe4b,6239,4-8k,30.0
learned_K2_V2_s35_step10000,learned,2,35,repobench-p,Code,142,140fa0d01e0e9718ec2a5e01465116897da4e5872a0117df,7114,4-8k,42.0
learned_K2_V2_s35_step10000,learned,2,35,repobench-p,Code,143,a2ed9fac7e00146af143608355de935559661a84bc2a6aac,4410,4-8k,7.000000000000001
learned_K2_V2_s35_step10000,learned,2,35,repobench-p,Code,144,bb375123104319f61b44812039e72ae694d26bdc182372ac,6117,4-8k,30.0
learned_K2_V2_s35_step10000,learned,2,35,repobench-p,Code,145,e704e9f70d7fa9c3e922049ac8c129d6f8f74308cb7533eb,6686,4-8k,72.0
learned_K2_V2_s35_step10000,learned,2,35,repobench-p,Code,146,51f5443428badef0102b317df381e1443df3596db921b84a,4629,4-8k,25.0
learned_K2_V2_s35_step10000,learned,2,35,repobench-p,Code,147,520f333a74054cf846dc3d3e12cb4869524d337a6828e3e1,4537,4-8k,10.0
learned_K2_V2_s35_step10000,learned,2,35,repobench-p,Code,148,9b443e56f937e207382be2c91d508e1529188262e1995b56,6927,4-8k,28.999999999999996
learned_K2_V2_s35_step10000,learned,2,35,repobench-p,Code,149,dbbcc3c204563d13808a0f0fdc991d3d26e17a19e0139237,7206,4-8k,34.0
learned_K2_V2_s35_step10000,learned,2,35,repobench-p,Code,150,b8e128aaed5d1739e634f9f52baff22313a9bb84643584c8,4300,4-8k,44.0
learned_K2_V2_s35_step10000,learned,2,35,repobench-p,Code,151,dabc1f7fe94225fe3412cc51086c58df8b335ea920a5c794,6183,4-8k,52.0
learned_K2_V2_s35_step10000,learned,2,35,repobench-p,Code,152,984400e426bed8697810c3bfb0fff610ef9ae493bd9c8d16,4312,4-8k,18.0
learned_K2_V2_s35_step10000,learned,2,35,repobench-p,Code,153,d368a750f282d5e918697cde3fdb6a0b7076ce17776ba294,7363,4-8k,38.0
learned_K2_V2_s35_step10000,learned,2,35,repobench-p,Code,154,73a828cc285aef79e5b37a19eb5a92e63f0f68d2cf3675d2,7566,4-8k,37.0
learned_K2_V2_s35_step10000,learned,2,35,repobench-p,Code,155,8bf6196e94c104b3e34ddd1c5b02b9edd82eaa1e038f8c37,4734,4-8k,89.0
learned_K2_V2_s35_step10000,learned,2,35,repobench-p,Code,156,ce1e509610a5432ab5f65a5bd39006d56c814d27bbefa3b9,5323,4-8k,19.0
learned_K2_V2_s35_step10000,learned,2,35,repobench-p,Code,157,9f6872317773ed743975547a17d67bcd94d078ef3e2eca84,5462,4-8k,36.0
learned_K2_V2_s35_step10000,learned,2,35,repobench-p,Code,158,1f6635c856ff5aeb48fb64aa39b33687c0418121a322f4d9,4197,4-8k,87.0
learned_K2_V2_s35_step10000,learned,2,35,repobench-p,Code,159,d161ab1fd8c25a40d3ed45dddc65636f9b08980300291d14,4455,4-8k,100.0
learned_K2_V2_s35_step10000,learned,2,35,repobench-p,Code,160,c5b3c8bd713b960704e3fe39f8f59a429f3f8b431eab3ca8,4364,4-8k,22.0
learned_K2_V2_s35_step10000,learned,2,35,repobench-p,Code,161,d6c4bdbf2fc9d8d152ac1d2e26e45347dfc698b69170e1e3,6588,4-8k,39.0
learned_K2_V2_s35_step10000,learned,2,35,repobench-p,Code,162,6d077016bcb31a0169e2c293fde4241710445909db33168f,7327,4-8k,55.00000000000001
learned_K2_V2_s35_step10000,learned,2,35,repobench-p,Code,163,eed3e30e13987f5e7d2b8bf2cda2d8ee48d304525a90d4eb,5188,4-8k,26.0
learned_K2_V2_s35_step10000,learned,2,35,repobench-p,Code,164,b5b47455a3cbedf4293a13fc33b4f66aefafc81f6fd4d650,4642,4-8k,50.0
learned_K2_V2_s35_step10000,learned,2,35,repobench-p,Code,165,5126bf8256db3f2ef7f4a98b91961828b9ce0aeded932b71,6656,4-8k,40.0
learned_K2_V2_s35_step10000,learned,2,35,repobench-p,Code,166,464872552175df4a46266f8b8dca41007afaf9a065aadcf7,5299,4-8k,0.0
learned_K2_V2_s35_step10000,learned,2,35,repobench-p,Code,167,0c03cc2fefc10ab70cbb3e2010964d7bbc2049c92d932d73,4364,4-8k,50.0
learned_K2_V2_s35_step10000,learned,2,35,repobench-p,Code,168,2a6a9a9c66e8c05869ca46c3e874054726d9ca5c2e522131,4752,4-8k,19.0
learned_K2_V2_s35_step10000,learned,2,35,repobench-p,Code,169,82c3d45ab6121d5484d65a44e019b990924e4355af152701,4554,4-8k,61.0
learned_K2_V2_s35_step10000,learned,2,35,repobench-p,Code,170,cad925e0e44204f47a3b0d7babc19fe1e029d7a43cfb7781,5436,4-8k,47.0
learned_K2_V2_s35_step10000,learned,2,35,repobench-p,Code,171,2931cca9d82a07c2aff14fbbb683953254fc04f87e86d47a,4735,4-8k,5.0
learned_K2_V2_s35_step10000,learned,2,35,repobench-p,Code,172,3cd8fefa66ffe61edf15dd8ce125f6e4933fb96d398da6b5,7126,4-8k,61.0
learned_K2_V2_s35_step10000,learned,2,35,repobench-p,Code,173,3ec27fa0b6811ebb4cbd5a27005d199fab52de196d3ac149,7332,4-8k,40.0
learned_K2_V2_s35_step10000,learned,2,35,repobench-p,Code,174,9d8bc9d2914e20e6f88e90c25c44e13e23263a2cd4793ab6,4012,4-8k,6.0
learned_K2_V2_s35_step10000,learned,2,35,repobench-p,Code,175,b94cad6cf69da79e78d8b7aa217519b8715a2a1b310487c0,6327,4-8k,60.0
learned_K2_V2_s35_step10000,learned,2,35,repobench-p,Code,176,426d3effdee3dfd03c32b5e9f6a65361edb400c46663ad9c,7485,4-8k,92.0
learned_K2_V2_s35_step10000,learned,2,35,repobench-p,Code,177,3a5359a37cb2d160360181c16fe0f90930c05e6d94fed37a,4505,4-8k,43.0
learned_K2_V2_s35_step10000,learned,2,35,repobench-p,Code,178,09982db6d638e00fe6f341b1162bfbab92340c15c96a08da,4050,4-8k,39.0
learned_K2_V2_s35_step10000,learned,2,35,repobench-p,Code,179,33b0106c47181bf647ce37ad61f25f9386d92addb2647653,4012,4-8k,25.0
learned_K2_V2_s35_step10000,learned,2,35,repobench-p,Code,180,32c591e8da2afc58b628726539446fc65aa69d94919d231e,4740,4-8k,32.0
learned_K2_V2_s35_step10000,learned,2,35,repobench-p,Code,181,9f0926a83d9f5923b7a6256e32c0c4a9b37c6cd9b8cd7567,4219,4-8k,42.0
learned_K2_V2_s35_step10000,learned,2,35,repobench-p,Code,182,1ab6a322a84453de73d9af729a764cf44106a159dcf9f76a,4486,4-8k,20.0
learned_K2_V2_s35_step10000,learned,2,35,repobench-p,Code,183,7686290d8831069ac049811d9fa15b506884bb2139647eb7,4579,4-8k,52.0
learned_K2_V2_s35_step10000,learned,2,35,repobench-p,Code,184,8114311aa58bcd587416ce6fe26f07ea475b03217bc075a6,7215,4-8k,37.0
learned_K2_V2_s35_step10000,learned,2,35,repobench-p,Code,185,2980b7644ae898643d310f09451c0a8863f8454382edb655,6987,4-8k,54.0
learned_K2_V2_s35_step10000,learned,2,35,repobench-p,Code,186,d423e584803ba3093566869aa47e726a0b86718b9f58ad2f,5205,4-8k,67.0
learned_K2_V2_s35_step10000,learned,2,35,repobench-p,Code,187,edfeef43b4655c9775f2aacdf86c861ffc25873b38557885,5300,4-8k,50.0
learned_K2_V2_s35_step10000,learned,2,35,repobench-p,Code,188,95c93d8bf0d22407d9091273d27b2775d33301978125f6a1,4182,4-8k,100.0
learned_K2_V2_s35_step10000,learned,2,35,repobench-p,Code,189,0ea247796f1a05f03fdf0d9030f9ee90f92532c00dd3c9a1,6833,4-8k,34.0
learned_K2_V2_s35_step10000,learned,2,35,repobench-p,Code,190,e7614759e2f3cea6f0170b61076e1fe9778d51b5759592a8,5969,4-8k,100.0
learned_K2_V2_s35_step10000,learned,2,35,repobench-p,Code,191,08bcd7878c5c8b4d4f7f470671b1d87afeef0ab65ec1ef76,5170,4-8k,24.0
learned_K2_V2_s35_step10000,learned,2,35,repobench-p,Code,192,a529bc9ac51b70286575bc750d8926a8a8df235711088401,7424,4-8k,34.0
learned_K2_V2_s35_step10000,learned,2,35,repobench-p,Code,193,4518bfc339e5258b92b49b1eb715e0fb08e7ee42c084945a,4061,4-8k,56.99999999999999
learned_K2_V2_s35_step10000,learned,2,35,repobench-p,Code,194,915b569209150a57c61ece9b15675656fb7cfa15917d4ec6,4580,4-8k,70.0
learned_K2_V2_s35_step10000,learned,2,35,repobench-p,Code,195,aa584baec400985cc4d067d4d61a5b85e3a418209fb35c96,4100,4-8k,28.999999999999996
learned_K2_V2_s35_step10000,learned,2,35,repobench-p,Code,196,1641fadf141430b3f3c83e2a2dfd77e44c41f1b426a856a3,6072,4-8k,26.0
learned_K2_V2_s35_step10000,learned,2,35,repobench-p,Code,197,664be289b58916348701663f638c235e8ccaf434a0a6d438,5620,4-8k,33.0
learned_K2_V2_s35_step10000,learned,2,35,repobench-p,Code,198,3338d76855859f2b827662abe35e38291b8e47a799a0ac34,4542,4-8k,45.0
learned_K2_V2_s35_step10000,learned,2,35,repobench-p,Code,199,50c0c72ba2c72a40d02884b4df66eb2ec701a1f2d416f47c,4700,4-8k,23.0
learned_K2_V2_s35_step10000,learned,2,35,repobench-p,Code,200,7dc6eb492792197b595eb1b0d40e4926aef02b780310f3a7,8603,8k+,64.0
learned_K2_V2_s35_step10000,learned,2,35,repobench-p,Code,201,7ca94b19c8c697de18a445a1a09fa395ded7a8b8b0d3380b,12839,8k+,46.0
learned_K2_V2_s35_step10000,learned,2,35,repobench-p,Code,202,27812d6ea02f9e98707f2f03c0e379417a196e4de5c96493,10351,8k+,76.0
learned_K2_V2_s35_step10000,learned,2,35,repobench-p,Code,203,42ffa63239ab45a9d13de1e56c611095c1f2d2182c1576b0,9418,8k+,42.0
learned_K2_V2_s35_step10000,learned,2,35,repobench-p,Code,204,ace65979c3c0ae8afbc6363afc51e185369db91ce49614eb,12028,8k+,3.0
learned_K2_V2_s35_step10000,learned,2,35,repobench-p,Code,205,22f5aea8b6300db6b50933d82d5cd686b36e251c2bb8fff7,8436,8k+,32.0
learned_K2_V2_s35_step10000,learned,2,35,repobench-p,Code,206,596e24ef726ad1fc60f115b2ef016011e9b0cd6c9d193dba,8457,8k+,34.0
learned_K2_V2_s35_step10000,learned,2,35,repobench-p,Code,207,051c07c519c9513382df22dd0030c51fbda4d0b6799ac79a,9164,8k+,84.0
learned_K2_V2_s35_step10000,learned,2,35,repobench-p,Code,208,e4d473ab6343594881910ad85fb9d42b7bb10a731ded1dce,9098,8k+,20.0
learned_K2_V2_s35_step10000,learned,2,35,repobench-p,Code,209,bfde0c2112623ac7299ffb791e3e50c2356273d1afc941cc,8069,8k+,95.0
learned_K2_V2_s35_step10000,learned,2,35,repobench-p,Code,210,edbc65a6a5b4765614734a1b94bd58ec93555add91cef2fa,12238,8k+,40.0
learned_K2_V2_s35_step10000,learned,2,35,repobench-p,Code,211,1e569d939518f81d0bf0c0fe1943f1f754a82de0d2d8ed11,8337,8k+,50.0
learned_K2_V2_s35_step10000,learned,2,35,repobench-p,Code,212,e580f1302397c5a647df488751f1f0cad31dfe99f7ea7390,8488,8k+,100.0
learned_K2_V2_s35_step10000,learned,2,35,repobench-p,Code,213,599d5d99acf5c7c5a0b663ac243de2923d943e7d14725ac9,8390,8k+,94.0
learned_K2_V2_s35_step10000,learned,2,35,repobench-p,Code,214,fb6abf12a93daeaf7c543730fb57ae9e6cc3499101233623,10073,8k+,100.0
learned_K2_V2_s35_step10000,learned,2,35,repobench-p,Code,215,9919593ce4d8e1ed1f0fd045cb876793a93fa009619e6fb8,10770,8k+,57.99999999999999
learned_K2_V2_s35_step10000,learned,2,35,repobench-p,Code,216,8aea8877e306036cae02eb7b51698639fc1965690e3a96d6,12407,8k+,69.0
learned_K2_V2_s35_step10000,learned,2,35,repobench-p,Code,217,2285f4ac300733e49a164a8d4f60130e48e69515a67d742c,9934,8k+,19.0
learned_K2_V2_s35_step10000,learned,2,35,repobench-p,Code,218,1b25dff6cd197d25f840fb9e2c8e4eaee56b5e830c1ff99e,9079,8k+,47.0
learned_K2_V2_s35_step10000,learned,2,35,repobench-p,Code,219,a8200418132996de3cec4b30ef10a18b4456d76e31e06f66,8189,8k+,24.0
learned_K2_V2_s35_step10000,learned,2,35,repobench-p,Code,220,35fb074abd772db388fd92868d850141e4188e3075c57fb2,8622,8k+,51.0
learned_K2_V2_s35_step10000,learned,2,35,repobench-p,Code,221,caade0cccec0b03cb92e0de4e8595e6884ac9944d46c8ad5,10496,8k+,38.0
learned_K2_V2_s35_step10000,learned,2,35,repobench-p,Code,222,51a72fc3408bef3237b72152798ea93e7b13b038dd5b9302,17128,8k+,42.0
learned_K2_V2_s35_step10000,learned,2,35,repobench-p,Code,223,ae7f62b2885477cee198daf63f804869b4e74e9fb8b73e67,9910,8k+,0.0
learned_K2_V2_s35_step10000,learned,2,35,repobench-p,Code,224,e702061391ff2f5bdeeccae56c126b936bf45b330e06c7a0,8315,8k+,30.0
learned_K2_V2_s35_step10000,learned,2,35,repobench-p,Code,225,5b1ab9769030721fce8ca47929b15f930cd1e67a1200bab7,8535,8k+,71.0
learned_K2_V2_s35_step10000,learned,2,35,repobench-p,Code,226,6cf31cb3f92f7ac63df364c4281eeb9141e84c115f376b66,11065,8k+,17.0
learned_K2_V2_s35_step10000,learned,2,35,repobench-p,Code,227,8ae564674f461a0b5195f8b1b60931fa55cbb3938e223fc8,14618,8k+,83.0
learned_K2_V2_s35_step10000,learned,2,35,repobench-p,Code,228,66c0ee8e8ef0addcb8ebd18626026c48304750b9cd46d7ba,8034,8k+,54.0
learned_K2_V2_s35_step10000,learned,2,35,repobench-p,Code,229,596e1b18108003d10cf5b594c1ffe6d7872d60538c778368,9007,8k+,60.0
learned_K2_V2_s35_step10000,learned,2,35,repobench-p,Code,230,1847319eac798af8c285ad27bb4d446fb438ae2c01f5c3a7,9080,8k+,38.0
learned_K2_V2_s35_step10000,learned,2,35,repobench-p,Code,231,c8f28ecfb46df5c310e8561babf1e314f1453ef65c465e0f,8703,8k+,22.0
learned_K2_V2_s35_step10000,learned,2,35,repobench-p,Code,232,237a051b8b39934ca4736f1a64671635bd71bf4ca1663754,12679,8k+,100.0
learned_K2_V2_s35_step10000,learned,2,35,repobench-p,Code,233,1da47799bd0798ae40d92a3f0b13cc2b30a5e5b041b04e92,11285,8k+,81.0
learned_K2_V2_s35_step10000,learned,2,35,repobench-p,Code,234,6b59948f0b606ee84508598fa62ded8ff1ab3533c8e6f7b9,10510,8k+,41.0
learned_K2_V2_s35_step10000,learned,2,35,repobench-p,Code,235,dfd81436fc1edafcb9f79f131fe481a91fe33821fc84c164,8379,8k+,33.0
learned_K2_V2_s35_step10000,learned,2,35,repobench-p,Code,236,b5271019b3a67f3c13a75600f85857eabff628a25ecb684b,11348,8k+,52.0
learned_K2_V2_s35_step10000,learned,2,35,repobench-p,Code,237,8d6ecf9924a0b0008bc5112687f3a6c790598bc8961f0df3,10466,8k+,70.0
learned_K2_V2_s35_step10000,learned,2,35,repobench-p,Code,238,21351fb3700c906f31d90899eeb4b6f1e0d45658d33e3c6c,13574,8k+,28.000000000000004
learned_K2_V2_s35_step10000,learned,2,35,repobench-p,Code,239,a5d862e0d00cfebf00ff255752d9183d577f897cbd6075bb,18864,8k+,30.0
learned_K2_V2_s35_step10000,learned,2,35,repobench-p,Code,240,c78d6422e7b4f461cf0d1f74777142f5e4155e16dfff8b29,9998,8k+,57.99999999999999
learned_K2_V2_s35_step10000,learned,2,35,repobench-p,Code,241,3f0a3affaef00a88e1110409cdf9d1fe854cf27ec40e5afd,12968,8k+,37.0
learned_K2_V2_s35_step10000,learned,2,35,repobench-p,Code,242,8d077d16f8ed3248b4a4325e635d6a0e6dd4d071d641e60b,10205,8k+,100.0
learned_K2_V2_s35_step10000,learned,2,35,repobench-p,Code,243,75d23e78ccc018dcfe8ee25ebe3199500550408604a971f2,16486,8k+,28.999999999999996
learned_K2_V2_s35_step10000,learned,2,35,repobench-p,Code,244,e202f6186b7856bd79c4980b1d1f21087801c9c5a559232b,10879,8k+,28.999999999999996
learned_K2_V2_s35_step10000,learned,2,35,repobench-p,Code,245,d3ad1721e3e171eef61670f48b819ed05cb3a6262e0f90f5,10347,8k+,8.0
learned_K2_V2_s35_step10000,learned,2,35,repobench-p,Code,246,af2669b222596585e3a2e8823efbf477fa9095c9f44b95c0,12610,8k+,40.0
learned_K2_V2_s35_step10000,learned,2,35,repobench-p,Code,247,f43f78d4b64eb12efa7bb91ad18b40533ffb0599ba3d85c9,8124,8k+,93.0
learned_K2_V2_s35_step10000,learned,2,35,repobench-p,Code,248,3893f041045cdb1cf452d9cd0ee3796c17cfd0ef17d88e27,9129,8k+,25.0
learned_K2_V2_s35_step10000,learned,2,35,repobench-p,Code,249,77101393b64ad20d4f113262f76b4bc09cf9c9528190f7ab,12388,8k+,30.0
learned_K2_V2_s35_step10000,learned,2,35,repobench-p,Code,250,82835656a00f4dec3b750a7d2b33452f34c511d6ac6d56fa,11914,8k+,4.0
learned_K2_V2_s35_step10000,learned,2,35,repobench-p,Code,251,70c137eeab0c8c3c075daaa2c0105e9cfcf2c719f7eabcf0,8371,8k+,37.0
learned_K2_V2_s35_step10000,learned,2,35,repobench-p,Code,252,5829ad887bad026190dbd3ef02f586b05826e8ec720bbc47,8881,8k+,68.0
learned_K2_V2_s35_step10000,learned,2,35,repobench-p,Code,253,b2acea6b02472a0a56410ca98ebc6dd1cdbf06755ca7e0d1,9203,8k+,94.0
learned_K2_V2_s35_step10000,learned,2,35,repobench-p,Code,254,c9ddce1043c19f3505599e0426a4bd742f1c29b699317c52,12670,8k+,26.0
learned_K2_V2_s35_step10000,learned,2,35,repobench-p,Code,255,321582582277171985817a7c2cd4b5ce868cb7e5b638e407,16841,8k+,39.0
learned_K2_V2_s35_step10000,learned,2,35,repobench-p,Code,256,f70935ca2bb4bfd5f2b1628052f2b1e4b2d8217a917eb500,8691,8k+,25.0
learned_K2_V2_s35_step10000,learned,2,35,repobench-p,Code,257,f78cb58c59ce1b9785211f39084f3c2887400a91dc71ed7a,10269,8k+,99.0
learned_K2_V2_s35_step10000,learned,2,35,repobench-p,Code,258,f206845f51e8a4ef5ee79e4d183cd893656443ff4dc0c013,13065,8k+,56.99999999999999
learned_K2_V2_s35_step10000,learned,2,35,repobench-p,Code,259,26e040543f75936db238acc31df350123e8c4beb5118af81,12659,8k+,70.0
learned_K2_V2_s35_step10000,learned,2,35,repobench-p,Code,260,b198a96effa37bfaebdf6b93b46a5d87a339bbda32162ab4,9080,8k+,39.0
learned_K2_V2_s35_step10000,learned,2,35,repobench-p,Code,261,027011596a47932189f8367cad4c0090652c2cbf42dbec7a,11336,8k+,21.0
learned_K2_V2_s35_step10000,learned,2,35,repobench-p,Code,262,1ab81614b3588968d22bc9d08ca7d69fb43fcfcfc31ab2f3,10740,8k+,71.0
learned_K2_V2_s35_step10000,learned,2,35,repobench-p,Code,263,7e3c1dc1e7c3c2d80065d7180b2ea0500ee25016a829609c,13200,8k+,28.000000000000004
learned_K2_V2_s35_step10000,learned,2,35,repobench-p,Code,264,fc656fa998ceda307221fa1b97d296c5e36b5ed57f657a21,10021,8k+,53.0
learned_K2_V2_s35_step10000,learned,2,35,repobench-p,Code,265,a66cf5253f8cd1588ee6d306cff3268245d8ed1630cd1a01,11315,8k+,36.0
learned_K2_V2_s35_step10000,learned,2,35,repobench-p,Code,266,5678977d0978197c0890878dbd17c42f33260ccfe723c128,8721,8k+,84.0
learned_K2_V2_s35_step10000,learned,2,35,repobench-p,Code,267,4154207ba26c35e2d53bc4509af214cfdb47acb5d6d5482f,14166,8k+,26.0
learned_K2_V2_s35_step10000,learned,2,35,repobench-p,Code,268,65c587dff450a80d98e86510e33c63415f05354a15e04618,8086,8k+,40.0
learned_K2_V2_s35_step10000,learned,2,35,repobench-p,Code,269,e5b40d119cb626c1a0d681b036b7e6f43d6f4b32865b4479,9272,8k+,100.0
learned_K2_V2_s35_step10000,learned,2,35,repobench-p,Code,270,1b791282c240deaa2bbe4edd9c6d0deee486f96c2d250baa,9025,8k+,0.0
learned_K2_V2_s35_step10000,learned,2,35,repobench-p,Code,271,95fc22c34f45934e74ed3b97d82833d24a6ee184e5fa8b1b,8118,8k+,100.0
learned_K2_V2_s35_step10000,learned,2,35,repobench-p,Code,272,7aac33bb3a8181a12ecc54c36593cf6f0c45b014f0cf7526,10686,8k+,61.0
learned_K2_V2_s35_step10000,learned,2,35,repobench-p,Code,273,fa7d63448a31dca4ccd439a59395d9ade0afd3d935d086ea,10687,8k+,100.0
learned_K2_V2_s35_step10000,learned,2,35,repobench-p,Code,274,5bc390bfcafda3be4ae8e911eee81947e536a3d62ec07887,10319,8k+,42.0
learned_K2_V2_s35_step10000,learned,2,35,repobench-p,Code,275,9c495d9b81c7973294d8a767c44bc337c1f6a0e716313d1a,9821,8k+,94.0
learned_K2_V2_s35_step10000,learned,2,35,repobench-p,Code,276,3f7ee1f4f34a645dbe506c2cefdd92884333284e3a2946a8,10553,8k+,87.0
learned_K2_V2_s35_step10000,learned,2,35,repobench-p,Code,277,aeaf4c8cb1044d9ff2bc315c35347177521ad54cad257826,10245,8k+,24.0
learned_K2_V2_s35_step10000,learned,2,35,repobench-p,Code,278,55e70573d6e9ccc8cd9b3bc03e88ca9679e9867f4ac4dfda,10194,8k+,46.0
learned_K2_V2_s35_step10000,learned,2,35,repobench-p,Code,279,d952c9ca069aaca0f5b0540f09f2231a48256902f99a06a6,8212,8k+,36.0
learned_K2_V2_s35_step10000,learned,2,35,repobench-p,Code,280,7dfdc7caf64d860cd483b2355b82e2c98a215667dc09d664,8743,8k+,30.0
learned_K2_V2_s35_step10000,learned,2,35,repobench-p,Code,281,701223d49dbc5dd678d97d16e2b44a5a200e2ac04440fa11,11062,8k+,67.0
learned_K2_V2_s35_step10000,learned,2,35,repobench-p,Code,282,4823aca10d0763a7b08c41954ac07e543372a12208093db1,8403,8k+,56.00000000000001
learned_K2_V2_s35_step10000,learned,2,35,repobench-p,Code,283,34c853dd5a262fdc66b091e0946ad6c5c58991728782c695,9452,8k+,30.0
learned_K2_V2_s35_step10000,learned,2,35,repobench-p,Code,284,4eb04b862f6fffb7299c1a987056c63eff803416c2ac5473,9587,8k+,100.0
learned_K2_V2_s35_step10000,learned,2,35,repobench-p,Code,285,4c667a6f9af0cb850bffa54e78193f6656b0bf2b2ecaa2a7,9923,8k+,36.0
learned_K2_V2_s35_step10000,learned,2,35,repobench-p,Code,286,c4ca1f6d0716b8baff76cd5578d5f845090a8cd59b82b86c,8208,8k+,36.0
learned_K2_V2_s35_step10000,learned,2,35,repobench-p,Code,287,c7ef7ef7335b078d204b54463c0704524f51064f74d53cfc,13095,8k+,45.0
learned_K2_V2_s35_step10000,learned,2,35,repobench-p,Code,288,c98de72c1b8ae06c57173dd77ef1d92da2f8d8ad7c6af2ab,8603,8k+,26.0
learned_K2_V2_s35_step10000,learned,2,35,repobench-p,Code,289,b0bfd0e22f92bf374dd7f62679cdb7e91299470a53bf3e0e,10557,8k+,25.0
learned_K2_V2_s35_step10000,learned,2,35,repobench-p,Code,290,28f17c59f18e1ce4342a7dac5bbbe5a2bd0dcbb5d0f0ae94,8703,8k+,27.0
learned_K2_V2_s35_step10000,learned,2,35,repobench-p,Code,291,01f7b97f4816935c226b88e63484f4f48a98b76054d3cf45,9175,8k+,84.0
learned_K2_V2_s35_step10000,learned,2,35,repobench-p,Code,292,16b5ec5ab3d64bb7e55f0025816d75912be3c7d0f3d2c8b3,8304,8k+,35.0
learned_K2_V2_s35_step10000,learned,2,35,repobench-p,Code,293,463d5f3984448a09143842dd8cf8d55fc378e35ba7c6d3db,11016,8k+,23.0
learned_K2_V2_s35_step10000,learned,2,35,repobench-p,Code,294,93e89f8969308dba0b7072d562ca5016db1cd42e56bf9460,13176,8k+,81.0
learned_K2_V2_s35_step10000,learned,2,35,repobench-p,Code,295,795902f84c476ebe347847600c44f2b1c07d3adb65132c76,8655,8k+,0.0
learned_K2_V2_s35_step10000,learned,2,35,repobench-p,Code,296,23c5c348762ecc46a961e091688cef2d95f1461685be7a15,11257,8k+,24.0
learned_K2_V2_s35_step10000,learned,2,35,repobench-p,Code,297,cf28c80b87584eacdcef040a1590d84fc69a1553143ce6c3,10622,8k+,0.0
learned_K2_V2_s35_step10000,learned,2,35,repobench-p,Code,298,553c20ea76a0beb31750e0d3d3ca7fe8ede6cffd572446a0,8102,8k+,22.0
learned_K2_V2_s35_step10000,learned,2,35,repobench-p,Code,299,d7cae55843c5e53d3370c433c52fc94278fbc87ecb6c8450,8086,8k+,92.0
