condition_id,method,bit_width,seed,task,category,example_index,example_id,dataset_length,length_bucket,score
learned_K2_V2_s35_step10000,learned,2,35,narrativeqa,Single QA,0,341d214a2c377691bf20e5a30b8f7979696bd19141ad9c9f,22692,8k+,50.0
learned_K2_V2_s35_step10000,learned,2,35,narrativeqa,Single QA,1,26c6325283dece0b557e34cde9a5c57999ec5c68782e8194,23316,8k+,62.500000000000014
learned_K2_V2_s35_step10000,learned,2,35,narrativeqa,Single QA,2,5b8d6fdd30a297e508ebb484f172ca5bce8d31b340eb3506,5397,4-8k,28.571428571428577
learned_K2_V2_s35_step10000,learned,2,35,narrativeqa,Single QA,3,68fc4dee839213b5259d41718909195c2f5274665bc18036,6592,4-8k,33.33333333333333
learned_K2_V2_s35_step10000,learned,2,35,narrativeqa,Single QA,4,36232c9c63d19d282643657b3da5b688cb14e3b44009c494,27745,8k+,25.0
learned_K2_V2_s35_step10000,learned,2,35,narrativeqa,Single QA,5,0bf1995158cbf08134d5dc15475c27f38b3ab5441c422419,10020,8k+,66.66666666666666
learned_K2_V2_s35_step10000,learned,2,35,narrativeqa,Single QA,6,9fbcbb5460066a68460ba92626c25371e0a1ff65b3bd5e84,18054,8k+,40.0
learned_K2_V2_s35_step10000,learned,2,35,narrativeqa,Single QA,7,f9cfda8abcc78f9e2f492d4f58ee4996430e9a8911e29726,25090,8k+,0.0
learned_K2_V2_s35_step10000,learned,2,35,narrativeqa,Single QA,8,58b8a46c20c05540367b90490846c4f9808db630026b28d4,22692,8k+,50.0
learned_K2_V2_s35_step10000,learned,2,35,narrativeqa,Single QA,9,c89fd516348b68f96538948b052cb10d5b6f21bc441f5a55,5403,4-8k,66.66666666666666
learned_K2_V2_s35_step10000,learned,2,35,narrativeqa,Single QA,10,67933dc11fce5ce5b80acc04541f0442117aca5eccc06b6f,27521,8k+,37.5
learned_K2_V2_s35_step10000,learned,2,35,narrativeqa,Single QA,11,b097807317fd6df3e69b46d4332b558f2d6c7f1f893770a6,11201,8k+,0.0
learned_K2_V2_s35_step10000,learned,2,35,narrativeqa,Single QA,12,24c995f1a10e348519cdc6cd24685ab64bcf6454554de945,8147,8k+,50.0
learned_K2_V2_s35_step10000,learned,2,35,narrativeqa,Single QA,13,8134d2aaf4e735e59f38656a3c804171a8d1084faef2da93,7903,4-8k,66.66666666666666
learned_K2_V2_s35_step10000,learned,2,35,narrativeqa,Single QA,14,321a85aa34669657c041d72547da9f30764447d789bf0e2d,7899,4-8k,20.0
learned_K2_V2_s35_step10000,learned,2,35,narrativeqa,Single QA,15,31a2673d857b4ae705288436804dd94343b7f7d9bfdd1298,25088,8k+,85.71428571428571
learned_K2_V2_s35_step10000,learned,2,35,narrativeqa,Single QA,16,7e1df407b7018ef82e2ade488c601066798bbe67a39a6da4,14760,8k+,11.111111111111112
learned_K2_V2_s35_step10000,learned,2,35,narrativeqa,Single QA,17,7efd1cc4cce3770765ac6c7304b68cfe28c83aec18c01577,27521,8k+,12.121212121212121
learned_K2_V2_s35_step10000,learned,2,35,narrativeqa,Single QA,18,677af5490eddd9e1d2ecd66ab0d1e038d1f7e7c5e985accf,17505,8k+,28.571428571428577
learned_K2_V2_s35_step10000,learned,2,35,narrativeqa,Single QA,19,8a46cc12564386606f3162cd88cae3ec0f868009efce1d33,6592,4-8k,0.0
learned_K2_V2_s35_step10000,learned,2,35,narrativeqa,Single QA,20,af8f267654c2ca703d2044593d63c658c8716e66306dd65a,10015,8k+,14.285714285714285
learned_K2_V2_s35_step10000,learned,2,35,narrativeqa,Single QA,21,b92c3f3f94368153267f267845b8140ccac30015795b574d,27514,8k+,0.0
learned_K2_V2_s35_step10000,learned,2,35,narrativeqa,Single QA,22,949abce7e7abc634fc08ff28f996a235ddd6041358bee155,31692,8k+,0.0
learned_K2_V2_s35_step10000,learned,2,35,narrativeqa,Single QA,23,e39f9c371b47fb74a202d1f30bc46e806791d0ee81b1b2d4,6594,4-8k,0.0
learned_K2_V2_s35_step10000,learned,2,35,narrativeqa,Single QA,24,60cacef36b194be88d2a8a4fa816324ffcb672f336197584,22695,8k+,72.72727272727272
learned_K2_V2_s35_step10000,learned,2,35,narrativeqa,Single QA,25,d22828536f4d6bee11bd1f15f636bddd18fa8f246ef1be6c,17490,8k+,0.0
learned_K2_V2_s35_step10000,learned,2,35,narrativeqa,Single QA,26,585ce1f974c0a35526da31a0cdc1541728ffc2df6a73b4f3,6595,4-8k,14.285714285714285
learned_K2_V2_s35_step10000,learned,2,35,narrativeqa,Single QA,27,880269c856197f51942d2649c32e0c37955409d7fdb3f369,29630,8k+,60.0
learned_K2_V2_s35_step10000,learned,2,35,narrativeqa,Single QA,28,0cb4ddf1bedade882d28e7940531bbac3ec45efb1f668635,22698,8k+,37.49999999999999
learned_K2_V2_s35_step10000,learned,2,35,narrativeqa,Single QA,29,562b8f8423dfb1c0fe308445710a9018f3d4e7508ef87e52,17497,8k+,16.666666666666664
learned_K2_V2_s35_step10000,learned,2,35,narrativeqa,Single QA,30,ea7825ba7cc9beff14746f8a82ec525b3b9d536b467cdaba,11196,8k+,14.285714285714288
learned_K2_V2_s35_step10000,learned,2,35,narrativeqa,Single QA,31,b8c1df9064532860efef843054433b6588ec8c89071c027f,17501,8k+,0.0
learned_K2_V2_s35_step10000,learned,2,35,narrativeqa,Single QA,32,08eb5808e99ec50b74a3b2779c65c533fec812a1e70f5ed3,18053,8k+,0.0
learned_K2_V2_s35_step10000,learned,2,35,narrativeqa,Single QA,33,13bff0d53a16f0e4ea96e342a517d30aab0357d624ee1ceb,23319,8k+,30.76923076923077
learned_K2_V2_s35_step10000,learned,2,35,narrativeqa,Single QA,34,478201dd5ae2b46b44caacaa387140a11bf5437332820d41,8721,8k+,0.0
learned_K2_V2_s35_step10000,learned,2,35,narrativeqa,Single QA,35,b91ede2d2d08ea6f5f3b894c932b70e141665dd59d334dc8,22762,8k+,18.181818181818183
learned_K2_V2_s35_step10000,learned,2,35,narrativeqa,Single QA,36,fd7551a90b78405f6b71079bb8565a2c9f60db1b7e4179c8,31690,8k+,40.00000000000001
learned_K2_V2_s35_step10000,learned,2,35,narrativeqa,Single QA,37,627d4b1bf8c78ab08d4da01abc81be9e724d1e8bcb2d2e6b,10014,8k+,0.0
learned_K2_V2_s35_step10000,learned,2,35,narrativeqa,Single QA,38,414ea192da69d6665e5ad41f59b34c6e1a8b5a59fa0703e5,25089,8k+,100.0
learned_K2_V2_s35_step10000,learned,2,35,narrativeqa,Single QA,39,507378fadb4447d3f857ab09512a7bf0cae2c34083e449c6,23312,8k+,11.76470588235294
learned_K2_V2_s35_step10000,learned,2,35,narrativeqa,Single QA,40,73705494f8a477420b27dee08ab2c02f30cad6025cd3e388,25088,8k+,0.0
learned_K2_V2_s35_step10000,learned,2,35,narrativeqa,Single QA,41,a8a172aa00eb9de7d74042b9cd27d07cf537b2056b93cf62,17492,8k+,33.333333333333336
learned_K2_V2_s35_step10000,learned,2,35,narrativeqa,Single QA,42,0efa676797a76ec31f8888ffea26cffe75b602ee3a38b7a2,6591,4-8k,0.0
learned_K2_V2_s35_step10000,learned,2,35,narrativeqa,Single QA,43,887b45fe14ce901239d9ec0eee625ec5f02c410b1eb426b4,17491,8k+,100.0
learned_K2_V2_s35_step10000,learned,2,35,narrativeqa,Single QA,44,62fc0808be185047c6e6ec24c916c59def5d1acd30a95861,8727,8k+,0.0
learned_K2_V2_s35_step10000,learned,2,35,narrativeqa,Single QA,45,41d2d4a499eabd3034b061845ae3c279f5befd0fce60f757,11202,8k+,37.5
learned_K2_V2_s35_step10000,learned,2,35,narrativeqa,Single QA,46,a5e44b1e2b98f80aabab5f1b8296d0fe66d53b31c1f3e332,27737,8k+,100.0
learned_K2_V2_s35_step10000,learned,2,35,narrativeqa,Single QA,47,cf6cd2d8526658bac5ee4a39bc0237021c54eec652d27d1b,23312,8k+,18.181818181818183
learned_K2_V2_s35_step10000,learned,2,35,narrativeqa,Single QA,48,923329f49e6ae0c9f11914e9b90d01a64bc74f6c0dd663bd,14762,8k+,0.0
learned_K2_V2_s35_step10000,learned,2,35,narrativeqa,Single QA,49,ba016e084e6954d21521889759d81e159d1977cbf2b3354a,13954,8k+,0.0
learned_K2_V2_s35_step10000,learned,2,35,narrativeqa,Single QA,50,787d7fce3ea3a5afc996204942227e91ad057b882c3d3633,27741,8k+,21.05263157894737
learned_K2_V2_s35_step10000,learned,2,35,narrativeqa,Single QA,51,040a455faa539cf124460b1b37165be70269fc8b8a9a0c60,17490,8k+,0.0
learned_K2_V2_s35_step10000,learned,2,35,narrativeqa,Single QA,52,19ec182d75e69f6f85cc7a4fa8f9ca22b124800bc8736b1d,17497,8k+,42.857142857142854
learned_K2_V2_s35_step10000,learned,2,35,narrativeqa,Single QA,53,86d2cd2994feadad471854df8ce765545fe6bab1cee02259,27510,8k+,100.0
learned_K2_V2_s35_step10000,learned,2,35,narrativeqa,Single QA,54,b03244c8cc2681df1008d27c974d81415336396dff81f06d,31691,8k+,0.0
learned_K2_V2_s35_step10000,learned,2,35,narrativeqa,Single QA,55,973ac7fc4eb400348ec30dae56ba4d177d0ade45a3529d3e,25093,8k+,12.5
learned_K2_V2_s35_step10000,learned,2,35,narrativeqa,Single QA,56,3ab2add236bd7cba3c5f398e53ab0b6581fa82dae827c871,22694,8k+,8.333333333333334
learned_K2_V2_s35_step10000,learned,2,35,narrativeqa,Single QA,57,9420daeb72715dee209b0b33539597d033d14ca5fa6b2365,22764,8k+,100.0
learned_K2_V2_s35_step10000,learned,2,35,narrativeqa,Single QA,58,e726a44d5d159de71612e7733d453f36d881d6f19f484fe4,8722,8k+,37.49999999999999
learned_K2_V2_s35_step10000,learned,2,35,narrativeqa,Single QA,59,1e06ea4077ecabcd5cc72281c2a3e843f0c17dccd8af3183,25089,8k+,0.0
learned_K2_V2_s35_step10000,learned,2,35,narrativeqa,Single QA,60,cffc706d1ed5ecaa2b18b058e30ec11b1f8fc8a42f455048,5397,4-8k,0.0
learned_K2_V2_s35_step10000,learned,2,35,narrativeqa,Single QA,61,deaf226b06424a0b0603f5aba885cb4420774c9df944bbf1,8139,8k+,18.18181818181818
learned_K2_V2_s35_step10000,learned,2,35,narrativeqa,Single QA,62,acc4bde34060bc451a73e0e1e0d0bc7e1ca93695bc8112a1,36418,8k+,0.0
learned_K2_V2_s35_step10000,learned,2,35,narrativeqa,Single QA,63,15ff32c8af396eaac6495b631f649886830d897c008bdc84,14761,8k+,0.0
learned_K2_V2_s35_step10000,learned,2,35,narrativeqa,Single QA,64,077293776804b7d32e78db5ef172d5c960716006e8b446da,10016,8k+,0.0
learned_K2_V2_s35_step10000,learned,2,35,narrativeqa,Single QA,65,f4e1da583a42af305bdf0bca385229d260cc7b93af90a426,36405,8k+,0.0
learned_K2_V2_s35_step10000,learned,2,35,narrativeqa,Single QA,66,90cd90dd2b5ecaa57b899f172cabca1baa2db41646acedd2,8721,8k+,0.0
learned_K2_V2_s35_step10000,learned,2,35,narrativeqa,Single QA,67,8ac0d86e207a81bc5c11e419220042c59535dc8f50204439,22697,8k+,30.76923076923077
learned_K2_V2_s35_step10000,learned,2,35,narrativeqa,Single QA,68,89fa29fe98311bcd10f72a7d965065e2527f282e89594c37,13953,8k+,80.0
learned_K2_V2_s35_step10000,learned,2,35,narrativeqa,Single QA,69,aab61294906308c2c4f4410552bfe47885450370839736ad,17501,8k+,0.0
learned_K2_V2_s35_step10000,learned,2,35,narrativeqa,Single QA,70,c549a937e1ff08308e3afe359c4db27ba066adcabb4b2425,7896,4-8k,0.0
learned_K2_V2_s35_step10000,learned,2,35,narrativeqa,Single QA,71,91c715bd83e23bb735511450936df79969d1871bd0dda0cc,17500,8k+,49.999999999999986
learned_K2_V2_s35_step10000,learned,2,35,narrativeqa,Single QA,72,5eaa334fa7a1d55b36d65745662a6d44a0b13c32a8a773a8,18050,8k+,0.0
learned_K2_V2_s35_step10000,learned,2,35,narrativeqa,Single QA,73,5e4a40a8b41c5d30f46458198614c34f7f789a67796d050d,6598,4-8k,15.384615384615383
learned_K2_V2_s35_step10000,learned,2,35,narrativeqa,Single QA,74,f8c64a0b7b14d8547ec79d736d74a5be64f611f65bd96988,22762,8k+,22.222222222222225
learned_K2_V2_s35_step10000,learned,2,35,narrativeqa,Single QA,75,26c58dd3a2eb5eb56503bf26f523dd9017bc802edc1d4223,17499,8k+,88.8888888888889
learned_K2_V2_s35_step10000,learned,2,35,narrativeqa,Single QA,76,e4763b2d20ad1b86e79d853759b3c68636b69b8fc58c9a5e,10014,8k+,66.66666666666666
learned_K2_V2_s35_step10000,learned,2,35,narrativeqa,Single QA,77,8341f7a6590de673c41b1847546ba9a2b7bef46906443a29,8148,8k+,18.181818181818183
learned_K2_V2_s35_step10000,learned,2,35,narrativeqa,Single QA,78,1f4e0b8679c63575a052299e5d266741fe47c6eb672ece9e,23324,8k+,12.5
learned_K2_V2_s35_step10000,learned,2,35,narrativeqa,Single QA,79,7570a52d69ab93c5f54eba4c45d44a3411650c1e4694760a,29630,8k+,100.0
learned_K2_V2_s35_step10000,learned,2,35,narrativeqa,Single QA,80,d660c82758a6d8d265d8214e779593755f968c1f75acfb87,27508,8k+,28.571428571428577
learned_K2_V2_s35_step10000,learned,2,35,narrativeqa,Single QA,81,141a3f0713e008f2b19cb78757c28d61c8f71427d4613c44,17497,8k+,33.33333333333333
learned_K2_V2_s35_step10000,learned,2,35,narrativeqa,Single QA,82,3b93fd7360b75c5207a3de730296a6a1a968289c27ea1d6c,29633,8k+,25.0
learned_K2_V2_s35_step10000,learned,2,35,narrativeqa,Single QA,83,ef34f858c45b105916d82027347c397ca58151b0a6bd37aa,11198,8k+,0.0
learned_K2_V2_s35_step10000,learned,2,35,narrativeqa,Single QA,84,00e523b3da92cec012d5262c1d0c98507f6c4b67e3c8aaf4,10016,8k+,0.0
learned_K2_V2_s35_step10000,learned,2,35,narrativeqa,Single QA,85,b7b3b83227d5bd105ada694c356855ffe9e2a5e09dd613ab,6598,4-8k,0.0
learned_K2_V2_s35_step10000,learned,2,35,narrativeqa,Single QA,86,effb0e0c603a8569abcfe4078c09c8c63f3c6f57e85df43c,22761,8k+,66.66666666666666
learned_K2_V2_s35_step10000,learned,2,35,narrativeqa,Single QA,87,0db2f34454b48e055fc1f54e54f6f19c4e2bd41c2e52795f,25086,8k+,0.0
learned_K2_V2_s35_step10000,learned,2,35,narrativeqa,Single QA,88,add987fbf4b13d64b945bf44fb0b7cc5a9284a6a5b75d71c,11194,8k+,25.0
learned_K2_V2_s35_step10000,learned,2,35,narrativeqa,Single QA,89,971da5c683ec66c727895dbbab133b42bd4aff3e75c8eda5,23312,8k+,100.0
learned_K2_V2_s35_step10000,learned,2,35,narrativeqa,Single QA,90,7b71f8fab58b267e1a174412725a0d0df25f260d596d9c70,27516,8k+,0.0
learned_K2_V2_s35_step10000,learned,2,35,narrativeqa,Single QA,91,ac44a02780985754f0c439cdc0fa9b0ed3a9f80e76da0304,29635,8k+,40.0
learned_K2_V2_s35_step10000,learned,2,35,narrativeqa,Single QA,92,e1514d530becf70246cb43e50b44a1c615cbbded416ccb15,25086,8k+,0.0
learned_K2_V2_s35_step10000,learned,2,35,narrativeqa,Single QA,93,fb2d8ee43b24c62eaa479e62d1ac1fabdbb461cc1a60099b,6602,4-8k,0.0
learned_K2_V2_s35_step10000,learned,2,35,narrativeqa,Single QA,94,99ff684ab5baa313a2e0a02355fa055b0c4ae1137b44a153,8146,8k+,33.333333333333336
learned_K2_V2_s35_step10000,learned,2,35,narrativeqa,Single QA,95,ba3c942a713b66ab70a132aed673b0e9f46faf4727d59f6b,8724,8k+,0.0
learned_K2_V2_s35_step10000,learned,2,35,narrativeqa,Single QA,96,a1d871fbe70ac6b9dcec5a8c89c6bf0cf26230b0b4f1968b,7902,4-8k,0.0
learned_K2_V2_s35_step10000,learned,2,35,narrativeqa,Single QA,97,8317d375904e2fcba00401b32177f783d5f8d348a1ef503f,7896,4-8k,25.0
learned_K2_V2_s35_step10000,learned,2,35,narrativeqa,Single QA,98,dd97ebb3408847191356780310676099e897a13ba1b1b4d0,29633,8k+,74.99999999999999
learned_K2_V2_s35_step10000,learned,2,35,narrativeqa,Single QA,99,fa81b8a2b6a29cc83f00088ce2bca908175658075648bad2,22768,8k+,15.384615384615383
learned_K2_V2_s35_step10000,learned,2,35,narrativeqa,Single QA,100,e3828e0aa23a133903295abea7fdf8d449ce1edf2f202593,22766,8k+,66.66666666666666
learned_K2_V2_s35_step10000,learned,2,35,narrativeqa,Single QA,101,1842b0ff1882e545a6d41d5caf67bba5312872423fa48e74,29631,8k+,0.0
learned_K2_V2_s35_step10000,learned,2,35,narrativeqa,Single QA,102,d298b30eedffe37aa3082a45a8be4cc7dfe4f2b9cba5dc96,23319,8k+,0.0
learned_K2_V2_s35_step10000,learned,2,35,narrativeqa,Single QA,103,cb76250ae8598592d1baa7ca35e914646a3d5dcbf8220896,18050,8k+,0.0
learned_K2_V2_s35_step10000,learned,2,35,narrativeqa,Single QA,104,04f150c4bf11012af442b15c455ff708641861c80bd7e7dc,8723,8k+,0.0
learned_K2_V2_s35_step10000,learned,2,35,narrativeqa,Single QA,105,de0f895b76472481f0f37ea6b4a386d3f6cde97ae64e0516,23315,8k+,0.0
learned_K2_V2_s35_step10000,learned,2,35,narrativeqa,Single QA,106,3cef32e4b61eee93ced7c533804485d3c49ee09560b72120,18050,8k+,0.0
learned_K2_V2_s35_step10000,learned,2,35,narrativeqa,Single QA,107,cb00113ac346ae33f58e2d4729f7c2bc5ef5a6e32adc193b,23312,8k+,18.181818181818183
learned_K2_V2_s35_step10000,learned,2,35,narrativeqa,Single QA,108,28e5088749902173994fdcde40990b3f316d69bdbdaea0f8,10016,8k+,0.0
learned_K2_V2_s35_step10000,learned,2,35,narrativeqa,Single QA,109,eb73d93ce14c59f39742a50530616f774ff426eab7427f99,36409,8k+,36.36363636363636
learned_K2_V2_s35_step10000,learned,2,35,narrativeqa,Single QA,110,1cf24ba18f6900bb1f182594f614a8da725a8467d6255e08,22692,8k+,100.0
learned_K2_V2_s35_step10000,learned,2,35,narrativeqa,Single QA,111,d844057a13c2cc7018e8328dfe10767938b3e28689e359ff,27506,8k+,50.0
learned_K2_V2_s35_step10000,learned,2,35,narrativeqa,Single QA,112,76ebc13c929fa3fb7b51d0c58d1d1f86214b096b53f8351b,17495,8k+,0.0
learned_K2_V2_s35_step10000,learned,2,35,narrativeqa,Single QA,113,16cbcc8b763a701d2c65eb13cb180e3195868e65de706ea5,22695,8k+,50.0
learned_K2_V2_s35_step10000,learned,2,35,narrativeqa,Single QA,114,1309d6cce29b59587533ab35e031789c33f1186e988ebc91,14768,8k+,30.769230769230766
learned_K2_V2_s35_step10000,learned,2,35,narrativeqa,Single QA,115,640cd8b132ca6e7906758f1b7401c6f0512e5350af0ecbbe,27739,8k+,33.333333333333336
learned_K2_V2_s35_step10000,learned,2,35,narrativeqa,Single QA,116,d96a627657534494f9c586e0c1b74d6b746c29e35f12a2c4,17492,8k+,0.0
learned_K2_V2_s35_step10000,learned,2,35,narrativeqa,Single QA,117,f833f7b0219b25a96177a2aa6c9b30afadcb6d3fc95235f9,22766,8k+,0.0
learned_K2_V2_s35_step10000,learned,2,35,narrativeqa,Single QA,118,979294831f2e204dd0340f8017a76400d0e67bf7feb92629,22692,8k+,50.0
learned_K2_V2_s35_step10000,learned,2,35,narrativeqa,Single QA,119,0a567230f3e2096d313699858dc654ee517ed5acbc9d96ce,8139,8k+,18.18181818181818
learned_K2_V2_s35_step10000,learned,2,35,narrativeqa,Single QA,120,42a2c14632d52bae9db7d4ba4ee0e76a033d95762dc7b88b,7901,4-8k,34.48275862068966
learned_K2_V2_s35_step10000,learned,2,35,narrativeqa,Single QA,121,24b64b063d69befcdfb40fc1cfedc18591ca72fbf30b8d76,17494,8k+,20.0
learned_K2_V2_s35_step10000,learned,2,35,narrativeqa,Single QA,122,9b7e93c37eda3b907a9caa5eba250f8b25484613a10f8d95,29630,8k+,66.66666666666666
learned_K2_V2_s35_step10000,learned,2,35,narrativeqa,Single QA,123,968946b19201f80e7a25eab638238ca70ec79b905d22bf38,36405,8k+,0.0
learned_K2_V2_s35_step10000,learned,2,35,narrativeqa,Single QA,124,287326088a17e7eb46973099e2a58e3374d50280f6cb1e27,36411,8k+,40.0
learned_K2_V2_s35_step10000,learned,2,35,narrativeqa,Single QA,125,a24cee35ff6ec6914bf94c1ef8b6cd4f9730a77d4caaa8b2,6594,4-8k,20.0
learned_K2_V2_s35_step10000,learned,2,35,narrativeqa,Single QA,126,6400c535cd592c9e7e30d15803baa5c7f98e2c06e7ea1da6,7902,4-8k,11.11111111111111
learned_K2_V2_s35_step10000,learned,2,35,narrativeqa,Single QA,127,6207b43d3369505e941b78f47a230efea8edde3b68bf50f4,14761,8k+,0.0
learned_K2_V2_s35_step10000,learned,2,35,narrativeqa,Single QA,128,a4d4338ea46bcf775691966f2308ed8e1eae9d4f21581279,14763,8k+,10.0
learned_K2_V2_s35_step10000,learned,2,35,narrativeqa,Single QA,129,563e90502f5614d7c6767f0d1c54677e8ad7523dd9627bc6,23317,8k+,0.0
learned_K2_V2_s35_step10000,learned,2,35,narrativeqa,Single QA,130,de8d64e55be4e4abc78ab3c27e7f28ebd28c7484c111b435,27740,8k+,0.0
learned_K2_V2_s35_step10000,learned,2,35,narrativeqa,Single QA,131,cb33b635d4a123fa9708b209bbfa323f19af169d0b71bb2f,23311,8k+,40.0
learned_K2_V2_s35_step10000,learned,2,35,narrativeqa,Single QA,132,5fdcf93eab07256e5d12a724f77d59505203dda0a1b89a0a,27511,8k+,100.0
learned_K2_V2_s35_step10000,learned,2,35,narrativeqa,Single QA,133,a5a146aef10058746200bd69eda1c3dc093261cc97ec32ce,11197,8k+,28.571428571428577
learned_K2_V2_s35_step10000,learned,2,35,narrativeqa,Single QA,134,0431126a12d83a266d88603f505ac4f1014bcb3d8cc02c10,10015,8k+,14.285714285714285
learned_K2_V2_s35_step10000,learned,2,35,narrativeqa,Single QA,135,5c19d56ccc3fd2563e9d5ff9a5683a6ed8ee9ff506797a01,8724,8k+,0.0
learned_K2_V2_s35_step10000,learned,2,35,narrativeqa,Single QA,136,82c3336e4f0ee4fc778e163032ecdfcd091dd8c91f50929c,7900,4-8k,0.0
learned_K2_V2_s35_step10000,learned,2,35,narrativeqa,Single QA,137,7284b797cdd8a5d15d986be4fc7ed72512fe1d164bb8c0db,8143,8k+,36.36363636363636
learned_K2_V2_s35_step10000,learned,2,35,narrativeqa,Single QA,138,989c68a5afa115a48dd9edac8b946a517fae775b6062b3be,17495,8k+,8.695652173913045
learned_K2_V2_s35_step10000,learned,2,35,narrativeqa,Single QA,139,78e1602679a5ca1b22f32e665e8c31039b1a0c16a099efe5,8139,8k+,0.0
learned_K2_V2_s35_step10000,learned,2,35,narrativeqa,Single QA,140,d41198bdebd7b9472ae77beecbe8b7e1b7a46dca92d2d8f2,22703,8k+,16.666666666666664
learned_K2_V2_s35_step10000,learned,2,35,narrativeqa,Single QA,141,3aeebc5be470ddd2eafefee76cf25d8e6b08cbd669adc9e4,13958,8k+,0.0
learned_K2_V2_s35_step10000,learned,2,35,narrativeqa,Single QA,142,9b448b0d8f056d1ddebb9503e4560a913dc529309759b358,31699,8k+,0.0
learned_K2_V2_s35_step10000,learned,2,35,narrativeqa,Single QA,143,9faec974fe4711c5b929ebc90f89336aeafe4ad8c5801872,17497,8k+,33.33333333333333
learned_K2_V2_s35_step10000,learned,2,35,narrativeqa,Single QA,144,33a9901ae9f88659b67c4f203e1a37b1c346d54c42b5b507,27510,8k+,44.44444444444444
learned_K2_V2_s35_step10000,learned,2,35,narrativeqa,Single QA,145,327947f2fade3b7bda5cfa6d24919d42d2afe66dc15d98d4,7900,4-8k,23.076923076923073
learned_K2_V2_s35_step10000,learned,2,35,narrativeqa,Single QA,146,c0442bb0d481a92b102c0a19f1b9ffeb338f9094d0fdea97,36413,8k+,0.0
learned_K2_V2_s35_step10000,learned,2,35,narrativeqa,Single QA,147,b3234117bf4b7f313d5f79d32cb3a7ad90abf474d9baa814,6595,4-8k,0.0
learned_K2_V2_s35_step10000,learned,2,35,narrativeqa,Single QA,148,2f4afd346731e656a9ea321b5a004ffc71da657b2cf2bb5f,5400,4-8k,33.333333333333336
learned_K2_V2_s35_step10000,learned,2,35,narrativeqa,Single QA,149,d99cd0d28d5737d137c97f32cd4f4938884b389d7a382687,27511,8k+,40.0
learned_K2_V2_s35_step10000,learned,2,35,narrativeqa,Single QA,150,e944eedcb7ca073f4325399091571bdfc54a9492d964fe25,27742,8k+,8.0
learned_K2_V2_s35_step10000,learned,2,35,narrativeqa,Single QA,151,07dc816717f2e2e35ef0d53c75e5c1985eb54cb342416357,29632,8k+,0.0
learned_K2_V2_s35_step10000,learned,2,35,narrativeqa,Single QA,152,e7d4896765966f6a5c728acac7feaacf20b9424a57be29ba,14762,8k+,0.0
learned_K2_V2_s35_step10000,learned,2,35,narrativeqa,Single QA,153,b379cad63ae59ca3d948327329ba6481b0205675a4669a26,8144,8k+,85.71428571428571
learned_K2_V2_s35_step10000,learned,2,35,narrativeqa,Single QA,154,b4fc3cd3603720687018d2b4ec677a948aa3555ed8b218f9,22694,8k+,0.0
learned_K2_V2_s35_step10000,learned,2,35,narrativeqa,Single QA,155,1c4fffbc6acfb659de69246ce9d1e1a47a7e0df4f07c467e,11211,8k+,9.090909090909092
learned_K2_V2_s35_step10000,learned,2,35,narrativeqa,Single QA,156,616db78bbe044951aa6dd2cf7694fa9cb2679093fa94bb25,5397,4-8k,100.0
learned_K2_V2_s35_step10000,learned,2,35,narrativeqa,Single QA,157,497f82e4a0a991e4a4dbf9c120e4b0e1b8c0aec1d0eecd15,10015,8k+,0.0
learned_K2_V2_s35_step10000,learned,2,35,narrativeqa,Single QA,158,43867169c16323f8898535ee903c8541238c249da965d6f8,29630,8k+,100.0
learned_K2_V2_s35_step10000,learned,2,35,narrativeqa,Single QA,159,38169ee3afb1356b30f468b13f180aa30364be96506f31ba,31693,8k+,0.0
learned_K2_V2_s35_step10000,learned,2,35,narrativeqa,Single QA,160,6feac558ee5f3ecb14b0b926193cc88a083acf356292b42d,7898,4-8k,0.0
learned_K2_V2_s35_step10000,learned,2,35,narrativeqa,Single QA,161,70b284b8df3a6b792b62c91b56a951f6ec946b73a14e8250,25090,8k+,0.0
learned_K2_V2_s35_step10000,learned,2,35,narrativeqa,Single QA,162,cd10cf90d7eb19a9f362b7075c408e6c24e66663e051ee57,7906,4-8k,85.71428571428571
learned_K2_V2_s35_step10000,learned,2,35,narrativeqa,Single QA,163,7098b345b24738b291638f32aa4638357c96f0298ae4a1a0,23311,8k+,0.0
learned_K2_V2_s35_step10000,learned,2,35,narrativeqa,Single QA,164,0f21dd0fa76866f8616c3241e94707bb5096f62eac7b22d7,8139,8k+,0.0
learned_K2_V2_s35_step10000,learned,2,35,narrativeqa,Single QA,165,8afafdee3d1ecc8c8c3ed128add65835b825bc8958b760a2,25097,8k+,0.0
learned_K2_V2_s35_step10000,learned,2,35,narrativeqa,Single QA,166,ec7663a53f4cf9f8b08db6e01c53149998f86870fa5e2bf2,8140,8k+,40.0
learned_K2_V2_s35_step10000,learned,2,35,narrativeqa,Single QA,167,bf3efe2d554a3bc0403a12e8b7789b4a1fd36857536a302c,14761,8k+,0.0
learned_K2_V2_s35_step10000,learned,2,35,narrativeqa,Single QA,168,21584219f298228a2f511fdf76d201926a3f3a1878562e90,36406,8k+,0.0
learned_K2_V2_s35_step10000,learned,2,35,narrativeqa,Single QA,169,54f2f879348f7aee93be9a778ebe8a61a072c924be745986,27740,8k+,15.384615384615383
learned_K2_V2_s35_step10000,learned,2,35,narrativeqa,Single QA,170,0269d09695c64f23e4e0555aad0e972d86289e6ad01e92dd,5401,4-8k,44.44444444444445
learned_K2_V2_s35_step10000,learned,2,35,narrativeqa,Single QA,171,1a3461af057c1e598b8c78ce5227e30baa7d706e6dcebf9e,7898,4-8k,0.0
learned_K2_V2_s35_step10000,learned,2,35,narrativeqa,Single QA,172,379ccfa193f4938199579c116c1faa1fa5a90c370c02c280,27739,8k+,66.66666666666666
learned_K2_V2_s35_step10000,learned,2,35,narrativeqa,Single QA,173,fbeb825de92309788269da33aa6bd189c7b1d46b997746f4,31690,8k+,60.0
learned_K2_V2_s35_step10000,learned,2,35,narrativeqa,Single QA,174,a4ec8d17e607318bd203d7bf1dd2b9230d7d97641cf1d9c2,14761,8k+,0.0
learned_K2_V2_s35_step10000,learned,2,35,narrativeqa,Single QA,175,2647b0dec2c7dcf97dede643e97d1e4235093b77165c692d,11198,8k+,0.0
learned_K2_V2_s35_step10000,learned,2,35,narrativeqa,Single QA,176,32e116c58a3c59fc170aa5f4e1dde414c8f3881872889826,31692,8k+,100.0
learned_K2_V2_s35_step10000,learned,2,35,narrativeqa,Single QA,177,45662812b248370fa585a5422dfbf7866258845c93e7819f,25088,8k+,50.0
learned_K2_V2_s35_step10000,learned,2,35,narrativeqa,Single QA,178,9ccdedc1bdfe2f5c9c2783c15663113648879dff0f68e94c,11204,8k+,0.0
learned_K2_V2_s35_step10000,learned,2,35,narrativeqa,Single QA,179,dc14ba3e85c6c3400f0d61e663b1948b8893b106c37403e5,36410,8k+,36.36363636363636
learned_K2_V2_s35_step10000,learned,2,35,narrativeqa,Single QA,180,48745b35fb74c5b08e6ee08d609f6acc4d2968e0140e0a6c,23315,8k+,0.0
learned_K2_V2_s35_step10000,learned,2,35,narrativeqa,Single QA,181,e76cb4d216f09e3bab6d769ae770429fe10498e6a2ca9aad,29630,8k+,50.0
learned_K2_V2_s35_step10000,learned,2,35,narrativeqa,Single QA,182,f12f81dc7e8c1770eabc4532db20617e6697be92f1df70f6,36418,8k+,18.749999999999996
learned_K2_V2_s35_step10000,learned,2,35,narrativeqa,Single QA,183,cfed47773fbf92534a78d3d5ab856bdaac7cab28c348ab3f,8151,8k+,7.407407407407408
learned_K2_V2_s35_step10000,learned,2,35,narrativeqa,Single QA,184,599409eeecf634d84a56ff6b47703f235f0f655a318e44b0,5397,4-8k,33.33333333333333
learned_K2_V2_s35_step10000,learned,2,35,narrativeqa,Single QA,185,86ee167f1c1b90775808f5d595a56d8c0fe1b2ff3cc46197,27742,8k+,13.333333333333334
learned_K2_V2_s35_step10000,learned,2,35,narrativeqa,Single QA,186,a4f3fcfc5fd3a7c726e59cebfa848065b74902ab3517fdff,6598,4-8k,0.0
learned_K2_V2_s35_step10000,learned,2,35,narrativeqa,Single QA,187,fdf07620fd1004f6da364b2f495439949740b9ea217ba467,13955,8k+,15.384615384615383
learned_K2_V2_s35_step10000,learned,2,35,narrativeqa,Single QA,188,034d2735a442e6790227916fa064860a57daf365d3d30f2c,5401,4-8k,22.222222222222225
learned_K2_V2_s35_step10000,learned,2,35,narrativeqa,Single QA,189,df6c6350671baab25c635bfa495eea90c69a7d201b5fe460,31695,8k+,33.333333333333336
learned_K2_V2_s35_step10000,learned,2,35,narrativeqa,Single QA,190,a8c929d6037b84d914b05d984865cbd3651b578544f0e3bf,13957,8k+,0.0
learned_K2_V2_s35_step10000,learned,2,35,narrativeqa,Single QA,191,f3f4f8f810afa5e12cd332360f52d4f4fe63919cb3fe7b26,22769,8k+,50.0
learned_K2_V2_s35_step10000,learned,2,35,narrativeqa,Single QA,192,cfc986e72c167c2a8f3bff0498f2f2234bfa038cc8ca9f7f,10016,8k+,21.05263157894737
learned_K2_V2_s35_step10000,learned,2,35,narrativeqa,Single QA,193,d41b617b77c8dddd9d04661856245994ab1c78e88b111632,17492,8k+,40.0
learned_K2_V2_s35_step10000,learned,2,35,narrativeqa,Single QA,194,d4bc46084679d5f1301df1a824097be4c5c47203e0ca2682,14762,8k+,0.0
learned_K2_V2_s35_step10000,learned,2,35,narrativeqa,Single QA,195,52c910fb919a865d201b4d6a723f624290e2c663d282315a,10011,8k+,40.0
learned_K2_V2_s35_step10000,learned,2,35,narrativeqa,Single QA,196,c22368c99a8cf7d7a3a2bc96d1faeffd21403576f605519b,10013,8k+,0.0
learned_K2_V2_s35_step10000,learned,2,35,narrativeqa,Single QA,197,230ec746dd2dce443e9338acc52ffc45c3b79b6708ae7c0e,27512,8k+,0.0
learned_K2_V2_s35_step10000,learned,2,35,narrativeqa,Single QA,198,a3bfcf39ca219cf1af8a91c3f3e30bdcf3f16f7f8f0f1adb,18053,8k+,0.0
learned_K2_V2_s35_step10000,learned,2,35,narrativeqa,Single QA,199,a813ddeac39b98eaa48da96b448ec147298ac8b1f370f212,17495,8k+,24.0
learned_K2_V2_s35_step10000,learned,2,35,qasper,Single QA,0,3ac3eef636db11635a21a61804cb28e92c546a5686dd1e12,3141,0-4k,0.0
learned_K2_V2_s35_step10000,learned,2,35,qasper,Single QA,1,db6c4d611b78c840972b57ee0b245003566b982feaff1084,2454,0-4k,48.275862068965516
learned_K2_V2_s35_step10000,learned,2,35,qasper,Single QA,2,e419f2bff9d2ab7c3b60b3250caccd2d9ae1285ec3e8e818,3207,0-4k,11.76470588235294
learned_K2_V2_s35_step10000,learned,2,35,qasper,Single QA,3,9fb085a1f47673d1907f2378c90843b4b6e8622a14fe1fa9,2060,0-4k,37.49999999999999
learned_K2_V2_s35_step10000,learned,2,35,qasper,Single QA,4,14e88916523197e066dbb743339685621db47c4beb503abb,3411,0-4k,15.0
learned_K2_V2_s35_step10000,learned,2,35,qasper,Single QA,5,c109a25d23a8c5c95af8697ef1ac51cd3bee93c67521af6d,3735,0-4k,100.0
learned_K2_V2_s35_step10000,learned,2,35,qasper,Single QA,6,072d3de1a7122730a13a31db3eede4113af2d920814f0aaa,4263,4-8k,12.5
learned_K2_V2_s35_step10000,learned,2,35,qasper,Single QA,7,8fa5af6a36dd0b6b73900b2ec6f6e43a652a3e7d2b827a58,4369,4-8k,33.33333333333333
learned_K2_V2_s35_step10000,learned,2,35,qasper,Single QA,8,5f00d4f6e62f4b99484eb78491f803f8143cc1b13ad33816,2189,0-4k,38.46153846153847
learned_K2_V2_s35_step10000,learned,2,35,qasper,Single QA,9,91dd7b7a6ead4025763812d70dc51c6674b0acf31bd5a5f0,4212,4-8k,13.793103448275861
learned_K2_V2_s35_step10000,learned,2,35,qasper,Single QA,10,fe6e5087f91071369646d9d868d784a290d0d13013292b61,3185,0-4k,44.44444444444445
learned_K2_V2_s35_step10000,learned,2,35,qasper,Single QA,11,51b9066a5f2845e2fdf0d1dcde6833f70ae49ed01aa306db,2243,0-4k,100.0
learned_K2_V2_s35_step10000,learned,2,35,qasper,Single QA,12,bae15e10e0f414a92fb0e943871ed25c3fc16183a3028012,2327,0-4k,66.66666666666666
learned_K2_V2_s35_step10000,learned,2,35,qasper,Single QA,13,d022dfe02fb2a55b4baa40fe436f616aecd3f3ced1a58d7c,5310,4-8k,40.0
learned_K2_V2_s35_step10000,learned,2,35,qasper,Single QA,14,43279ddf85ada1b163aa1b316a4df1418957058206501c26,3445,0-4k,0.0
learned_K2_V2_s35_step10000,learned,2,35,qasper,Single QA,15,f27a64d129091a6c8973c001ff789b8f68955b8ff0ae70af,13401,8k+,0.0
learned_K2_V2_s35_step10000,learned,2,35,qasper,Single QA,16,c47ca982b6c4681c4741d4708801fa79a3e1cab17d0a2c4a,10349,8k+,0.0
learned_K2_V2_s35_step10000,learned,2,35,qasper,Single QA,17,1614ea21f8d039debfc655015f8133d0ef220837804ddf62,3708,0-4k,75.0
learned_K2_V2_s35_step10000,learned,2,35,qasper,Single QA,18,159a474e0a7155a2d0b984cbb5215cdc853d721605b90154,3604,0-4k,84.00000000000001
learned_K2_V2_s35_step10000,learned,2,35,qasper,Single QA,19,d426a2d42f3dffc8771498ba64ed0e383b91939398e83dce,4512,4-8k,76.59574468085107
learned_K2_V2_s35_step10000,learned,2,35,qasper,Single QA,20,680ef767fe2a990615d0bc1cb1bf5f7d23c8766209138826,2735,0-4k,0.0
learned_K2_V2_s35_step10000,learned,2,35,qasper,Single QA,21,8b6bf313950a892cbda035f2c7b3d8b01472ff34749f028d,4902,4-8k,0.0
learned_K2_V2_s35_step10000,learned,2,35,qasper,Single QA,22,04af9dc96013a1bc7faecbc589f7ea5c207e92c7d9a3495e,3716,0-4k,31.57894736842105
learned_K2_V2_s35_step10000,learned,2,35,qasper,Single QA,23,3b069a546d5417be546f57d02981cf5ac68b4d3d6c55624a,3402,0-4k,0.0
learned_K2_V2_s35_step10000,learned,2,35,qasper,Single QA,24,ebd4ae480fe1596841b2132e96f40eac8437c800db8ef59e,4656,4-8k,0.0
learned_K2_V2_s35_step10000,learned,2,35,qasper,Single QA,25,036bfbdbfff8294f59afd5860663bbb4349924c9853b2151,3543,0-4k,100.0
learned_K2_V2_s35_step10000,learned,2,35,qasper,Single QA,26,8595332098adaabcfd8ae199f754a9b06cdde08cdd4cc64a,2289,0-4k,100.0
learned_K2_V2_s35_step10000,learned,2,35,qasper,Single QA,27,3ca65b23b3cb316653709b469b4a9b42b790e0350c76ae1a,6391,4-8k,100.0
learned_K2_V2_s35_step10000,learned,2,35,qasper,Single QA,28,39352d304bd452de69fcc492ad458b72614e329b4509eb48,1856,0-4k,100.0
learned_K2_V2_s35_step10000,learned,2,35,qasper,Single QA,29,18576b9ee9994a46dc0c7d916a009ff6d0964991541010ee,4160,4-8k,40.0
learned_K2_V2_s35_step10000,learned,2,35,qasper,Single QA,30,86c75d2a9157cb601a49f8424fa1e6e90fcd724132490bbd,2673,0-4k,9.75609756097561
learned_K2_V2_s35_step10000,learned,2,35,qasper,Single QA,31,b72f9154e71c03d0403e06e50063325961ea2ad27c245763,3424,0-4k,3.9215686274509802
learned_K2_V2_s35_step10000,learned,2,35,qasper,Single QA,32,2ecd2808617740f222a4e2f3b2df546da046d876b1580952,4371,4-8k,0.0
learned_K2_V2_s35_step10000,learned,2,35,qasper,Single QA,33,11be2f14f540e957e9797cc962203b8186ca10561228f81f,4898,4-8k,40.0
learned_K2_V2_s35_step10000,learned,2,35,qasper,Single QA,34,bfc5d4d72997fdcc0107cd5cab9b9718777c43b86be45eb2,3290,0-4k,0.0
learned_K2_V2_s35_step10000,learned,2,35,qasper,Single QA,35,65f7bdb541fd6f01fe866dcf694891f92533186085fcba20,8506,8k+,100.0
learned_K2_V2_s35_step10000,learned,2,35,qasper,Single QA,36,091b4028a3b5e9d8248c58f17a62fd16c878da69693cfbfb,2239,0-4k,100.0
learned_K2_V2_s35_step10000,learned,2,35,qasper,Single QA,37,93004cdb0e6d24f5de0568ed952fd50655e42900dc9dbfdb,1877,0-4k,71.42857142857143
learned_K2_V2_s35_step10000,learned,2,35,qasper,Single QA,38,3598040772b4950e6241b50125f7ab7038a8149060e3c381,4286,4-8k,0.0
learned_K2_V2_s35_step10000,learned,2,35,qasper,Single QA,39,ecf37304ab84334d46491b0bd3d8bdc7cda33d54a15870f0,4187,4-8k,26.08695652173913
learned_K2_V2_s35_step10000,learned,2,35,qasper,Single QA,40,1a1daeb5809cde7c7131d972f42ee43654a378c78d5182c8,5344,4-8k,21.62162162162162
learned_K2_V2_s35_step10000,learned,2,35,qasper,Single QA,41,d1d93cefe6e2c643ecf128643f9362e3fa137ff54253a3ec,4472,4-8k,100.0
learned_K2_V2_s35_step10000,learned,2,35,qasper,Single QA,42,92da01e7242f30f5266e431b4269fee1b0ca5fcc23aee095,1873,0-4k,62.16216216216217
learned_K2_V2_s35_step10000,learned,2,35,qasper,Single QA,43,b5f62b7acf975c5454df077adf727c1bcc62985be5e5a660,3044,0-4k,80.0
learned_K2_V2_s35_step10000,learned,2,35,qasper,Single QA,44,c92d96ed55bc5dcd92f963d3c5d26e52661b74e71090f24a,5061,4-8k,0.0
learned_K2_V2_s35_step10000,learned,2,35,qasper,Single QA,45,eeab2b9167f294f68d3058752acc01e1145eb7d89437d5c4,3319,0-4k,0.0
learned_K2_V2_s35_step10000,learned,2,35,qasper,Single QA,46,d5280384a4496ef3358dc45dc0199b9198bd0d927be302ef,1678,0-4k,84.21052631578948
learned_K2_V2_s35_step10000,learned,2,35,qasper,Single QA,47,0b90a0a4b2cdceda62a9e2b165f0cfa1a34d34d800a46086,3244,0-4k,76.92307692307692
learned_K2_V2_s35_step10000,learned,2,35,qasper,Single QA,48,c9d48df129798d2aed0161fa805a289e5f75306af3e22336,2215,0-4k,0.0
learned_K2_V2_s35_step10000,learned,2,35,qasper,Single QA,49,443d051a54d96c296d9135dad3794d09f89ff91d6433d092,4086,4-8k,60.0
learned_K2_V2_s35_step10000,learned,2,35,qasper,Single QA,50,c2df5ec4b6b7dd1c56e05d6b3c0e244d0c44d68f117caf0e,2473,0-4k,0.0
learned_K2_V2_s35_step10000,learned,2,35,qasper,Single QA,51,e0a92574e7c31adb9146851dcc95729b585305d15cf491d4,4457,4-8k,100.0
learned_K2_V2_s35_step10000,learned,2,35,qasper,Single QA,52,f545e80cf01375e891406755e35019032cb4b7621338b707,2738,0-4k,0.0
learned_K2_V2_s35_step10000,learned,2,35,qasper,Single QA,53,43ffd7775c3b4a541e227c120bffcc7c7b31fb184ba94d69,1440,0-4k,0.0
learned_K2_V2_s35_step10000,learned,2,35,qasper,Single QA,54,90b2dc5aba0e95b2f541da4efa36c414b93bb33d56f2c31e,14472,8k+,0.0
learned_K2_V2_s35_step10000,learned,2,35,qasper,Single QA,55,7e339da53449dbd58a1e815d55e440e712af6a1950f342b7,3827,0-4k,0.0
learned_K2_V2_s35_step10000,learned,2,35,qasper,Single QA,56,a3aadf47eb153a70559416ba375c57883aec1538a2b17fb5,3721,0-4k,66.66666666666666
learned_K2_V2_s35_step10000,learned,2,35,qasper,Single QA,57,388c857ed1b4175e114a0ce9f3489766797a32cd183f10ff,14660,8k+,73.33333333333334
learned_K2_V2_s35_step10000,learned,2,35,qasper,Single QA,58,2589b46ee58a7600e17fa89a0d4fffd9a0faf1df49b3c035,4718,4-8k,45.0
learned_K2_V2_s35_step10000,learned,2,35,qasper,Single QA,59,4c9552eec5c238657f8ed5237bf66067d3fdda2409a903b6,2276,0-4k,100.0
learned_K2_V2_s35_step10000,learned,2,35,qasper,Single QA,60,bee3efb92996570d990ab04bfdf054835ef720b9dd1c6f5a,2435,0-4k,27.027027027027025
learned_K2_V2_s35_step10000,learned,2,35,qasper,Single QA,61,7e2663bb13493e18205f6aab469fee8b2a9df281a0ba0e2a,3201,0-4k,61.53846153846153
learned_K2_V2_s35_step10000,learned,2,35,qasper,Single QA,62,6b9d0c1e63714067fc0b54c024dc065e63f64cbaf44ab4d0,2271,0-4k,43.75000000000001
learned_K2_V2_s35_step10000,learned,2,35,qasper,Single QA,63,ea58638e132307bb3f2c24abeb0e2d07eaf162e3e1d12b57,3711,0-4k,100.0
learned_K2_V2_s35_step10000,learned,2,35,qasper,Single QA,64,51cd01004f7bc29798a9671b991c5223ada1d40ccb8141e0,3144,0-4k,52.17391304347826
learned_K2_V2_s35_step10000,learned,2,35,qasper,Single QA,65,3dd2d62c046f3b559c34003f570ed35211000500b8f0145f,1507,0-4k,100.0
learned_K2_V2_s35_step10000,learned,2,35,qasper,Single QA,66,d230ce079b2e4ecf5d9a987fb750dcbc319a537bdcfcc3d4,3795,0-4k,0.0
learned_K2_V2_s35_step10000,learned,2,35,qasper,Single QA,67,89a4fd3fce6114c3401790c6f9b5243fda094597657f348a,7257,4-8k,28.571428571428577
learned_K2_V2_s35_step10000,learned,2,35,qasper,Single QA,68,9c46084d667b60a92a3cebfb8fa56436fa1497668ce2af56,2242,0-4k,0.0
learned_K2_V2_s35_step10000,learned,2,35,qasper,Single QA,69,f755dcbd288905ec07a63f18ddee7ed22103c45e887a091e,2289,0-4k,33.333333333333336
learned_K2_V2_s35_step10000,learned,2,35,qasper,Single QA,70,db4afd55783aaf6d069c5228152492cf0804e9cf310cb238,3838,0-4k,0.0
learned_K2_V2_s35_step10000,learned,2,35,qasper,Single QA,71,d25cf05e9fda9bdadb01c26a57122079766a565269fac749,1541,0-4k,0.0
learned_K2_V2_s35_step10000,learned,2,35,qasper,Single QA,72,f55efaaee938369fc4be8a430e531c164168be643b3cfe57,4542,4-8k,0.0
learned_K2_V2_s35_step10000,learned,2,35,qasper,Single QA,73,6ceab4edd1d0e37d217958e7e962697124ccb6a4f449f4af,6810,4-8k,100.0
learned_K2_V2_s35_step10000,learned,2,35,qasper,Single QA,74,710f7452388fe5d22e2329697dbc4fa17d2c9a53daedafa6,4259,4-8k,0.0
learned_K2_V2_s35_step10000,learned,2,35,qasper,Single QA,75,d7fcca67f5487a55282f8217e4f05bc54ee67e2ddb578e73,2231,0-4k,0.0
learned_K2_V2_s35_step10000,learned,2,35,qasper,Single QA,76,901f735b1582acacb606002ab77c6c7a3fe6017d38349aa2,3035,0-4k,0.0
learned_K2_V2_s35_step10000,learned,2,35,qasper,Single QA,77,17a2b96e126ab914e1179b4794d18513627ade82d5c35554,3846,0-4k,66.66666666666666
learned_K2_V2_s35_step10000,learned,2,35,qasper,Single QA,78,6eec5b0ef38f64f6a545677f730b4ea1c980db6d380de966,1653,0-4k,0.0
learned_K2_V2_s35_step10000,learned,2,35,qasper,Single QA,79,d696cd0b146419d53d72071d8b8949fc562ea4addb87eb96,2655,0-4k,28.57142857142857
learned_K2_V2_s35_step10000,learned,2,35,qasper,Single QA,80,04174ea6c9849bfa946452cdbc20fc0c4ff9d27596099dcc,4127,4-8k,100.0
learned_K2_V2_s35_step10000,learned,2,35,qasper,Single QA,81,b805e336d2e8cce895100cfde3a536e632ddd5296ddece21,3244,0-4k,88.8888888888889
learned_K2_V2_s35_step10000,learned,2,35,qasper,Single QA,82,06baf6c4ae0f97a3131aa06bfa2b4878bd99ef96659cbf9c,2435,0-4k,53.96825396825397
learned_K2_V2_s35_step10000,learned,2,35,qasper,Single QA,83,ac6538e9c173ba7b453d6bf62480d56eb3761b5f6f73c328,2851,0-4k,0.0
learned_K2_V2_s35_step10000,learned,2,35,qasper,Single QA,84,8f650cd8021e553a4106d292af9908f29595f88fc39385b2,4399,4-8k,0.0
learned_K2_V2_s35_step10000,learned,2,35,qasper,Single QA,85,07484380079dcec47eb573ab62eaff39a1a44b32006ec74e,4055,4-8k,0.0
learned_K2_V2_s35_step10000,learned,2,35,qasper,Single QA,86,65e11f98300887fc3b0d3912db406f8d8825d3f61c7a12a2,1833,0-4k,100.0
learned_K2_V2_s35_step10000,learned,2,35,qasper,Single QA,87,4f6f6dfa672ed697a94d1d1ee528e50645f01f568707b0b5,3629,0-4k,0.0
learned_K2_V2_s35_step10000,learned,2,35,qasper,Single QA,88,4a244628cbffa02d2240d412aeeed45c53fec95e66595a00,4475,4-8k,88.8888888888889
learned_K2_V2_s35_step10000,learned,2,35,qasper,Single QA,89,4f1d5a7b6c42269c845959f8a8d7ef95cb7e0c122c9a721c,1452,0-4k,30.0
learned_K2_V2_s35_step10000,learned,2,35,qasper,Single QA,90,5f7af98db66df4388108e26cde4781423ca2580bb48de4fa,3757,0-4k,66.66666666666666
learned_K2_V2_s35_step10000,learned,2,35,qasper,Single QA,91,a80067307d72e349f14a1f6765d914acf0b43764afe77ab7,4658,4-8k,0.0
learned_K2_V2_s35_step10000,learned,2,35,qasper,Single QA,92,f3aba3579b9e3373ce708f10b33510d6a198c3bae58c5ad7,1687,0-4k,100.0
learned_K2_V2_s35_step10000,learned,2,35,qasper,Single QA,93,466bd29bcab1cdfdef327777808236bd2677e2a54414a32a,2652,0-4k,61.53846153846154
learned_K2_V2_s35_step10000,learned,2,35,qasper,Single QA,94,e7efd3969adf95459805233e580d6e0c7539a4de09b4441e,3432,0-4k,88.8888888888889
learned_K2_V2_s35_step10000,learned,2,35,qasper,Single QA,95,6a78dbe4f8e30d35c13ea1f80e52df286f9e1f664f9c3d98,1464,0-4k,100.0
learned_K2_V2_s35_step10000,learned,2,35,qasper,Single QA,96,188fe9331293312465b4564e11ab36dfbcb37191e62a969c,1441,0-4k,100.0
learned_K2_V2_s35_step10000,learned,2,35,qasper,Single QA,97,0e83a6f7ee840931e1851402cc87bd34f52fe8bfa4dc1cab,4323,4-8k,43.47826086956522
learned_K2_V2_s35_step10000,learned,2,35,qasper,Single QA,98,894a0e08b526f2093c854d91c680190c898ae6acbc1ba131,4958,4-8k,14.285714285714285
learned_K2_V2_s35_step10000,learned,2,35,qasper,Single QA,99,0ce1ee7ab0f1557704a9d7f937e6f5182c665687a3e2b0d9,2266,0-4k,65.38461538461539
learned_K2_V2_s35_step10000,learned,2,35,qasper,Single QA,100,ecb62b0ffa918a2faef02edcbcab0090da78c2c6e92612d1,4704,4-8k,94.11764705882352
learned_K2_V2_s35_step10000,learned,2,35,qasper,Single QA,101,03ac54754b9162f6632212ca481920db17fc953e73af3a1f,4513,4-8k,100.0
learned_K2_V2_s35_step10000,learned,2,35,qasper,Single QA,102,32e71ab83380bf828bc42ff6e76f4e8ae42d356a6988a79c,2250,0-4k,42.85714285714285
learned_K2_V2_s35_step10000,learned,2,35,qasper,Single QA,103,37f06d3a413beef1661730ae1049e7adccd6308032ae1fc5,1561,0-4k,100.0
learned_K2_V2_s35_step10000,learned,2,35,qasper,Single QA,104,d17f6335089f3dd922f3d5400e3fc2ad1ca15202f4ac6467,1771,0-4k,54.54545454545454
learned_K2_V2_s35_step10000,learned,2,35,qasper,Single QA,105,d3dac3676da5685f20bae39814f760368752f5bd8db93500,2666,0-4k,5.555555555555555
learned_K2_V2_s35_step10000,learned,2,35,qasper,Single QA,106,4eb3ad14a5fbb16b03f54ef42febd2f167f8b2a9f5a26343,4592,4-8k,20.000000000000004
learned_K2_V2_s35_step10000,learned,2,35,qasper,Single QA,107,3b83a9c5c4dc7fa170724ce8378a276b8cbef90a62b13603,1651,0-4k,53.65853658536586
learned_K2_V2_s35_step10000,learned,2,35,qasper,Single QA,108,88d89e5b02c860bd1fdac17796e2b6048a6d2b86950c4c12,3390,0-4k,94.11764705882352
learned_K2_V2_s35_step10000,learned,2,35,qasper,Single QA,109,5663b4bd81cbb6b052e49e8df64f91f4fa3146f4067b2f94,3164,0-4k,36.11111111111111
learned_K2_V2_s35_step10000,learned,2,35,qasper,Single QA,110,3278efeb1fb7f569dfd6ef8627cdefb5955b93b612fe2902,3756,0-4k,0.0
learned_K2_V2_s35_step10000,learned,2,35,qasper,Single QA,111,06feabc1e5ca23dbfd79cbb2ea42b436c85bf6ac6a8d4b14,3794,0-4k,100.0
learned_K2_V2_s35_step10000,learned,2,35,qasper,Single QA,112,26eccf323630722b689e91abd27fbbae0da4097e74865c33,5151,4-8k,10.526315789473685
learned_K2_V2_s35_step10000,learned,2,35,qasper,Single QA,113,8861331a4438449d0fd62132eff72f24413fab1daf990780,7891,4-8k,3.6363636363636362
learned_K2_V2_s35_step10000,learned,2,35,qasper,Single QA,114,3bb91d7f22ae15ff9fc6475233052ad0981ad7e812f7eaa7,2000,0-4k,0.0
learned_K2_V2_s35_step10000,learned,2,35,qasper,Single QA,115,e73ea6012e4dfc66d353142915ef35e7ea2c315e1566adfe,2410,0-4k,100.0
learned_K2_V2_s35_step10000,learned,2,35,qasper,Single QA,116,981e544c9c90888f266707622e41e2c06b1b9b8ce6af525f,2738,0-4k,50.0
learned_K2_V2_s35_step10000,learned,2,35,qasper,Single QA,117,168484fbdc83fc2e0c374e1d92ed08edca0c33669cd88a33,1999,0-4k,0.0
learned_K2_V2_s35_step10000,learned,2,35,qasper,Single QA,118,a65a814bec0bd2085660d75fc5eeb39935a7cea44abab2b1,6391,4-8k,0.0
learned_K2_V2_s35_step10000,learned,2,35,qasper,Single QA,119,df3b5e07ec132472a8fc5b7f30b6ce3d942c8488a3d8ff7c,3472,0-4k,100.0
learned_K2_V2_s35_step10000,learned,2,35,qasper,Single QA,120,f4aa62dcbb2bac20bc9ef1361ad811d6822f66df83f0930d,3410,0-4k,7.4074074074074066
learned_K2_V2_s35_step10000,learned,2,35,qasper,Single QA,121,c276162e5903240b254238163922fb0ef59df8b8c706790f,2974,0-4k,52.17391304347826
learned_K2_V2_s35_step10000,learned,2,35,qasper,Single QA,122,b69e327bf637183397c7d975df8e1c45fa1ad9866b71e6d1,2413,0-4k,100.0
learned_K2_V2_s35_step10000,learned,2,35,qasper,Single QA,123,6f949074854fa472b5be66cc1c3cf9d2c3dfe301bd437515,3609,0-4k,44.44444444444444
learned_K2_V2_s35_step10000,learned,2,35,qasper,Single QA,124,c509e3bda123ac08967781ad78a55a157b876e9d0aa97adc,3862,0-4k,76.92307692307692
learned_K2_V2_s35_step10000,learned,2,35,qasper,Single QA,125,76f663a13234c9da9f1d78c72b52d73ab37da0977e0001d8,3586,0-4k,23.52941176470588
learned_K2_V2_s35_step10000,learned,2,35,qasper,Single QA,126,e57ea6390f796b88ab34da666c6576609db900eb9d0d9b24,2577,0-4k,72.72727272727273
learned_K2_V2_s35_step10000,learned,2,35,qasper,Single QA,127,debdd11c3c5802df0fbef5055ef8d57888c833e2a230e0b9,4781,4-8k,30.303030303030305
learned_K2_V2_s35_step10000,learned,2,35,qasper,Single QA,128,f028740d1aa46f5337578cc37bb55f6c8ac0864856b26096,4527,4-8k,18.181818181818183
learned_K2_V2_s35_step10000,learned,2,35,qasper,Single QA,129,78ec3790de7582388e6f9f2e428ddd2f6cccef851a8fcd57,2655,0-4k,80.0
learned_K2_V2_s35_step10000,learned,2,35,qasper,Single QA,130,c6464e3b2dbf1c8412496fdef56cafcccd0ccb9dd1937886,2204,0-4k,6.25
learned_K2_V2_s35_step10000,learned,2,35,qasper,Single QA,131,aaaf5a6e22afc0f84ee63ab9e8dfe9484462ef105aa44ec6,2285,0-4k,66.66666666666666
learned_K2_V2_s35_step10000,learned,2,35,qasper,Single QA,132,1b96562949f4722fed7766bb0be032ca10cb98c89192068f,3210,0-4k,0.0
learned_K2_V2_s35_step10000,learned,2,35,qasper,Single QA,133,08034d93200eb0b2207fc07921f81e95f4a801c0961f3724,6169,4-8k,0.0
learned_K2_V2_s35_step10000,learned,2,35,qasper,Single QA,134,36dd6c4714fb80bd70d4dc3805324eb2055fe272b85fa5c0,3045,0-4k,36.36363636363636
learned_K2_V2_s35_step10000,learned,2,35,qasper,Single QA,135,37555b3a43b9c65a02a522310fe737913a5863a33bf81c32,3725,0-4k,0.0
learned_K2_V2_s35_step10000,learned,2,35,qasper,Single QA,136,c6bf18dbbe6ad2c777f3b2db9f35a1b23c9e3ec2d138b186,4180,4-8k,0.0
learned_K2_V2_s35_step10000,learned,2,35,qasper,Single QA,137,d0c52dceef7d3b347e2f4543e601576d4d68324e7c543a6d,1908,0-4k,10.0
learned_K2_V2_s35_step10000,learned,2,35,qasper,Single QA,138,5acdda9ea1342cee04400bab5f4e3d23f394c14fa42f784d,2453,0-4k,93.33333333333333
learned_K2_V2_s35_step10000,learned,2,35,qasper,Single QA,139,7fc2e4d78ed71fd9cb767560f9f8f69124754bf212e2e3dc,2492,0-4k,17.142857142857142
learned_K2_V2_s35_step10000,learned,2,35,qasper,Single QA,140,c3dc6e575eeee19145547b339ae1c7af914dfde59a652000,5151,4-8k,0.0
learned_K2_V2_s35_step10000,learned,2,35,qasper,Single QA,141,a8f155f6d0b86040e21fdb913b07c5fa675b82dbacc0674e,3796,0-4k,0.0
learned_K2_V2_s35_step10000,learned,2,35,qasper,Single QA,142,f7c52845824592155b90b879209bfaf82e6a8598c9cb9db0,4119,4-8k,5.555555555555555
learned_K2_V2_s35_step10000,learned,2,35,qasper,Single QA,143,e48405471fa8e3af3ddf67e7e9deb109523dfab05dc9d659,3855,0-4k,0.0
learned_K2_V2_s35_step10000,learned,2,35,qasper,Single QA,144,9c060535b14310dff1d863489d6ecd52f7ecffda0dcc9fcb,2843,0-4k,47.05882352941176
learned_K2_V2_s35_step10000,learned,2,35,qasper,Single QA,145,c624b6d8a5c2cbf6ad3c24de6e42d7b1b6504fe608ee3733,3566,0-4k,0.0
learned_K2_V2_s35_step10000,learned,2,35,qasper,Single QA,146,7fb2af0c4759875dc623bdfa5024e13f06a9288f1930470a,1971,0-4k,28.571428571428577
learned_K2_V2_s35_step10000,learned,2,35,qasper,Single QA,147,ec83bdfec205fe7374404faa05fe5420a2a7922e251c573d,2379,0-4k,25.641025641025646
learned_K2_V2_s35_step10000,learned,2,35,qasper,Single QA,148,57de270868df43af983000c70076588676aaf9bfb5fbfca5,4085,4-8k,45.45454545454545
learned_K2_V2_s35_step10000,learned,2,35,qasper,Single QA,149,bd9de91e4f20f4d0e8cbd1d442c97022e5410cc9a814aa0e,2074,0-4k,65.38461538461539
learned_K2_V2_s35_step10000,learned,2,35,qasper,Single QA,150,0d39f8e4a71796ad340444ae3e5fe23b51beb9f47247d8a1,1914,0-4k,22.222222222222225
learned_K2_V2_s35_step10000,learned,2,35,qasper,Single QA,151,677dad703988e8f26b322211803fad38ffe9e58d1725f51a,3640,0-4k,73.68421052631578
learned_K2_V2_s35_step10000,learned,2,35,qasper,Single QA,152,3c1ef39c9ae5336afa8c7d3501bd8d24dc655c17ebf6c75f,2443,0-4k,76.92307692307693
learned_K2_V2_s35_step10000,learned,2,35,qasper,Single QA,153,aad6558e94d7056e2b8acd03fbdac6448c16b0bf28d1f033,3701,0-4k,36.36363636363636
learned_K2_V2_s35_step10000,learned,2,35,qasper,Single QA,154,4b9e15e7e39589f3a953e9e6637e00c28269be034f93c00b,3018,0-4k,100.0
learned_K2_V2_s35_step10000,learned,2,35,qasper,Single QA,155,715229da03cdd7077f0ea02c5b4f67489abe24d42e4ece22,4186,4-8k,0.0
learned_K2_V2_s35_step10000,learned,2,35,qasper,Single QA,156,b96a5e2e8d4b32aff5401e97c66942bf33f6c3c62a43609d,2697,0-4k,88.88888888888889
learned_K2_V2_s35_step10000,learned,2,35,qasper,Single QA,157,914ecea04fa73d3a61afe04a4dabd1dc5b80a0aa66784a9b,4113,4-8k,0.0
learned_K2_V2_s35_step10000,learned,2,35,qasper,Single QA,158,757c3e92861be1ad45a06d157bb10fe162bd2163bc3baa6c,4592,4-8k,100.0
learned_K2_V2_s35_step10000,learned,2,35,qasper,Single QA,159,1fc62062641bf85a160d7465aefb91870235e6c815b392cf,2132,0-4k,76.92307692307693
learned_K2_V2_s35_step10000,learned,2,35,qasper,Single QA,160,e7860b94e9aedb1f9b1e5a8839cb1424486c3f2dd69ee124,3432,0-4k,0.0
learned_K2_V2_s35_step10000,learned,2,35,qasper,Single QA,161,ea4db579b5224fe0fa413ee436a5f4f56777dfa3e25d99d7,3919,0-4k,45.00000000000001
learned_K2_V2_s35_step10000,learned,2,35,qasper,Single QA,162,f3b5a2a6642523c5347d7612ee64a3378c6592ea58a0857e,1902,0-4k,100.0
learned_K2_V2_s35_step10000,learned,2,35,qasper,Single QA,163,10f50fd914b227d12f503b3ef4ac5fe772e70f44557c17b5,2108,0-4k,0.0
learned_K2_V2_s35_step10000,learned,2,35,qasper,Single QA,164,a49d38fea6e6ffd631d227f17753ce20624d17bd8a04ee03,1947,0-4k,48.00000000000001
learned_K2_V2_s35_step10000,learned,2,35,qasper,Single QA,165,591249c5522d87dcf4eeb6e1fc35bbf56a2290d23c83544d,2800,0-4k,0.0
learned_K2_V2_s35_step10000,learned,2,35,qasper,Single QA,166,c09598fc924dab440fb92fcd82dff116759ed11f5947b3c0,2423,0-4k,71.42857142857143
learned_K2_V2_s35_step10000,learned,2,35,qasper,Single QA,167,679cbfcf05ceb304bfbc0f4ea24597aeff90611a76a374a2,4177,4-8k,33.333333333333336
learned_K2_V2_s35_step10000,learned,2,35,qasper,Single QA,168,03e03cd498cae30eb47667209de54bfe6545647ddfe4457d,3001,0-4k,28.57142857142857
learned_K2_V2_s35_step10000,learned,2,35,qasper,Single QA,169,2561836b391d69be52ba4d97583238407f2fa80afef9a15b,2991,0-4k,5.128205128205128
learned_K2_V2_s35_step10000,learned,2,35,qasper,Single QA,170,acb71edfecd0645219cfd258956141fe666557f8debad399,4882,4-8k,0.0
learned_K2_V2_s35_step10000,learned,2,35,qasper,Single QA,171,72bf7a9599ea8ea1cf309f0dfe07f16f2e05d59ff82f4a37,3722,0-4k,97.14285714285714
learned_K2_V2_s35_step10000,learned,2,35,qasper,Single QA,172,85a7083bae278e83df0fea37003937a9294638f488a18a83,2240,0-4k,100.0
learned_K2_V2_s35_step10000,learned,2,35,qasper,Single QA,173,6ab7a0f094ebc681c85b0bdbf251970c5fc6bc638da5e3b5,2545,0-4k,0.0
learned_K2_V2_s35_step10000,learned,2,35,qasper,Single QA,174,c8ddf1d2e1192893ee5bf9e0ffdeb6762a7a2f719d299c28,4487,4-8k,0.0
learned_K2_V2_s35_step10000,learned,2,35,qasper,Single QA,175,3f3d64d45cd4761fa7a9da94fbc4c41b27f3a7b856117638,4661,4-8k,0.0
learned_K2_V2_s35_step10000,learned,2,35,qasper,Single QA,176,806667777a33e5aede1bd3a62cbb5562f99b2223f68b98fe,4528,4-8k,80.0
learned_K2_V2_s35_step10000,learned,2,35,qasper,Single QA,177,ed98266f89745750cb92ebc16c941888f1b0291d405d14e2,3543,0-4k,100.0
learned_K2_V2_s35_step10000,learned,2,35,qasper,Single QA,178,ede810c7fa069014dc1b6fe66c54079ce1fe81903c684600,5869,4-8k,41.66666666666667
learned_K2_V2_s35_step10000,learned,2,35,qasper,Single QA,179,be6e56c9310a931e883d529da75b125058563bcf4d8d16d0,1910,0-4k,100.0
learned_K2_V2_s35_step10000,learned,2,35,qasper,Single QA,180,9694f6b846301d401e87c4d0456a400913361db16c05503c,2234,0-4k,80.0
learned_K2_V2_s35_step10000,learned,2,35,qasper,Single QA,181,78224546bfb859e5412a0d5ef1b030ea0b3844c9987c79ff,4600,4-8k,0.0
learned_K2_V2_s35_step10000,learned,2,35,qasper,Single QA,182,34e4bb298d4e2c19c2fce8670a00196cddd9f361eeb09a9a,3612,0-4k,24.24242424242424
learned_K2_V2_s35_step10000,learned,2,35,qasper,Single QA,183,b80ef6cf65d0728f2a3a6c812d50121f97dc555c71d8871d,4005,4-8k,28.571428571428577
learned_K2_V2_s35_step10000,learned,2,35,qasper,Single QA,184,c6aff9577f2b48117cc4b4d11e8acfc1ffb55ec48717b69b,4855,4-8k,38.095238095238095
learned_K2_V2_s35_step10000,learned,2,35,qasper,Single QA,185,9c415874c0c9fba5d1111bf3d9cb379fcbeff17fcccb560a,2753,0-4k,31.57894736842105
learned_K2_V2_s35_step10000,learned,2,35,qasper,Single QA,186,021d8b537118d33026257c7aa79d0405d126e2d35962d221,2424,0-4k,0.0
learned_K2_V2_s35_step10000,learned,2,35,qasper,Single QA,187,3b3fcd0ee773501a21c5eb6159746fa29bdc3498329525e5,2669,0-4k,13.333333333333334
learned_K2_V2_s35_step10000,learned,2,35,qasper,Single QA,188,ca91b274c44baec976e7acbd926d7d823fd5a81e34dfcce1,2764,0-4k,0.0
learned_K2_V2_s35_step10000,learned,2,35,qasper,Single QA,189,eb64a6b64d9837a23cd1824be1986861b0b23d98ff1c52b1,3591,0-4k,28.571428571428577
learned_K2_V2_s35_step10000,learned,2,35,qasper,Single QA,190,b5481f9dfee2d9dd2154b3396a702c72f00b86508b001651,5838,4-8k,23.52941176470588
learned_K2_V2_s35_step10000,learned,2,35,qasper,Single QA,191,0012658ce252037bf12bb47de21ea785b1ee2731e5bd809f,3294,0-4k,33.333333333333336
learned_K2_V2_s35_step10000,learned,2,35,qasper,Single QA,192,547c0b203cd3f5e26ebf4709ca03599db12e8d1bb08bc1ba,2835,0-4k,100.0
learned_K2_V2_s35_step10000,learned,2,35,qasper,Single QA,193,d999910bed46747299b4c315cc345dc978d979252f65d39e,2474,0-4k,57.14285714285715
learned_K2_V2_s35_step10000,learned,2,35,qasper,Single QA,194,b3d9af44008c13b316e929ad00b8eeea477fdbf5aa50eab7,3784,0-4k,100.0
learned_K2_V2_s35_step10000,learned,2,35,qasper,Single QA,195,2f457d7ab54cb1afc5be7e5171425354617f49b8f75d90fa,4320,4-8k,0.0
learned_K2_V2_s35_step10000,learned,2,35,qasper,Single QA,196,160075b535e7b0c17c873ce4ffc5bfc9735ba43fcff32757,6810,4-8k,100.0
learned_K2_V2_s35_step10000,learned,2,35,qasper,Single QA,197,dd771b6e98a15ceb55e41e4c6e948e1ab1248d51111fb5c1,4327,4-8k,75.0
learned_K2_V2_s35_step10000,learned,2,35,qasper,Single QA,198,f0f715a6867aa0e4b6ef1eab6827162fba00296faa55114e,1692,0-4k,0.0
learned_K2_V2_s35_step10000,learned,2,35,qasper,Single QA,199,9de7829de79f59d8deeb2d8ecc1652d081394c258cbce691,4524,4-8k,80.0
learned_K2_V2_s35_step10000,learned,2,35,multifieldqa_en,Single QA,0,c29e95ab6195406aceecf3874186150cb1b8b26db5bcd0e4,819,0-4k,74.99999999999999
learned_K2_V2_s35_step10000,learned,2,35,multifieldqa_en,Single QA,1,1d46294ee8fcc0a64828778b04198fcbe4f75841775e1205,6900,4-8k,61.53846153846154
learned_K2_V2_s35_step10000,learned,2,35,multifieldqa_en,Single QA,2,5b978c8d5792b07ad99da0fc2639c6046051e9c29825ad25,4297,4-8k,75.0
learned_K2_V2_s35_step10000,learned,2,35,multifieldqa_en,Single QA,3,2f73cf12085e3fb879c775fc4851b72092a060cad5a927c6,8925,8k+,78.26086956521739
learned_K2_V2_s35_step10000,learned,2,35,multifieldqa_en,Single QA,4,41e27260a12cc40a778f8c1ba8bf643ee655871a458e5e1c,6250,4-8k,54.545454545454554
learned_K2_V2_s35_step10000,learned,2,35,multifieldqa_en,Single QA,5,917f18543035ee1b9161cded1d3352531dbf3b249b5f0a18,5009,4-8k,71.42857142857143
learned_K2_V2_s35_step10000,learned,2,35,multifieldqa_en,Single QA,6,b5b0eb150f44a4d7641b9adf9267ca0c2492ea46626449b3,6202,4-8k,22.857142857142858
learned_K2_V2_s35_step10000,learned,2,35,multifieldqa_en,Single QA,7,e02f6a69d7b2a96a3aa6cd84a9189c2d552f6fb089f216e1,2292,0-4k,100.0
learned_K2_V2_s35_step10000,learned,2,35,multifieldqa_en,Single QA,8,ed61bdde19a3446389e989c06ab4209f464f9484d42dbd1c,972,0-4k,0.0
learned_K2_V2_s35_step10000,learned,2,35,multifieldqa_en,Single QA,9,c7ad556387e8215bae3f8ccd30ba35e0093218fe48168718,7133,4-8k,100.0
learned_K2_V2_s35_step10000,learned,2,35,multifieldqa_en,Single QA,10,566881d2138d7e29cd6dd2b661b6f7ffe4c515c92fdaf837,5523,4-8k,10.0
learned_K2_V2_s35_step10000,learned,2,35,multifieldqa_en,Single QA,11,0f101ee4ea9d1d88998598e0405367ad95912c92a7d7a31d,8501,8k+,100.0
learned_K2_V2_s35_step10000,learned,2,35,multifieldqa_en,Single QA,12,b3f3be2f0b46c0df08868f749519635186e6e22cf054ca79,7142,4-8k,66.66666666666667
learned_K2_V2_s35_step10000,learned,2,35,multifieldqa_en,Single QA,13,4c7891d780eb3f45e8c4e5bf14fd9ed6c0bf898fb159b329,6197,4-8k,18.18181818181818
learned_K2_V2_s35_step10000,learned,2,35,multifieldqa_en,Single QA,14,04b588ff2dea15f4a9c4fdbaabc55aaad1ba3446114d6741,7565,4-8k,4.166666666666667
learned_K2_V2_s35_step10000,learned,2,35,multifieldqa_en,Single QA,15,470018af720bc15decf8f7a9643250c9a6548c8efeb394cd,2085,0-4k,100.0
learned_K2_V2_s35_step10000,learned,2,35,multifieldqa_en,Single QA,16,120cb783c796fbedbc76f04cf9be3318e54a63cd642c4401,6235,4-8k,36.36363636363636
learned_K2_V2_s35_step10000,learned,2,35,multifieldqa_en,Single QA,17,032ee1448dec7751d00cd9f752fc61c5843a47e49dd7fcb6,4982,4-8k,17.391304347826086
learned_K2_V2_s35_step10000,learned,2,35,multifieldqa_en,Single QA,18,18ef34b54d2ddc134e1be7cae3d6101432465011d016c77a,6625,4-8k,36.36363636363636
learned_K2_V2_s35_step10000,learned,2,35,multifieldqa_en,Single QA,19,74334862b5d8e2a02deb3c24aa90d5339e443fbc412453b8,3141,0-4k,0.0
learned_K2_V2_s35_step10000,learned,2,35,multifieldqa_en,Single QA,20,934162f30867844eb8d74c9d62c1e2aba3fca790b5b1d53e,1203,0-4k,47.05882352941176
learned_K2_V2_s35_step10000,learned,2,35,multifieldqa_en,Single QA,21,e568cc6d77a0a433937ab4bcf62e49b36a5cf7b3faa0d3ab,5385,4-8k,74.99999999999999
learned_K2_V2_s35_step10000,learned,2,35,multifieldqa_en,Single QA,22,daa4eb9d8b28a987b1c2c049200634cdc510636b19a64ccd,4837,4-8k,100.0
learned_K2_V2_s35_step10000,learned,2,35,multifieldqa_en,Single QA,23,191c14b84f0c8cdad3297f2bee552fb089178995208d7185,3791,0-4k,100.0
learned_K2_V2_s35_step10000,learned,2,35,multifieldqa_en,Single QA,24,9831469b98405cd1fc1bee7de6f9630ae1cbb5946fd7ca0b,6925,4-8k,23.25581395348837
learned_K2_V2_s35_step10000,learned,2,35,multifieldqa_en,Single QA,25,7ae0ad8d4ded2dee79251ff4f951ecfcabad31d8b4f896ae,5346,4-8k,40.0
learned_K2_V2_s35_step10000,learned,2,35,multifieldqa_en,Single QA,26,91c198d5820bfba5caf396532a0b30a531e9d09a7a9005a4,5088,4-8k,21.05263157894737
learned_K2_V2_s35_step10000,learned,2,35,multifieldqa_en,Single QA,27,34f9b2c3d79ced580687f9653a6908215f79b1405a918cd0,7670,4-8k,100.0
learned_K2_V2_s35_step10000,learned,2,35,multifieldqa_en,Single QA,28,8fbf0a6531d9250e6bcda0c7ba456441f6d4073bf08de826,5701,4-8k,7.4074074074074066
learned_K2_V2_s35_step10000,learned,2,35,multifieldqa_en,Single QA,29,d1f31d2998513a4552d0419e16f8eba896e9ea1c8403605b,6856,4-8k,0.0
learned_K2_V2_s35_step10000,learned,2,35,multifieldqa_en,Single QA,30,6caa98612cf0e2ddf58e1ba70daaf79a3ac616280fb48188,2947,0-4k,0.0
learned_K2_V2_s35_step10000,learned,2,35,multifieldqa_en,Single QA,31,1f3b1e37c3d2ead7ab4fe7dd9d5cddd55b2c76d28e6bfc86,2554,0-4k,44.44444444444444
learned_K2_V2_s35_step10000,learned,2,35,multifieldqa_en,Single QA,32,33bfe67a3d40e71a5e5351ea5db4ea55df61a018d071074b,6340,4-8k,52.94117647058824
learned_K2_V2_s35_step10000,learned,2,35,multifieldqa_en,Single QA,33,048c12357868d908dfb979ef3c5c6cf7f6d85053acf1cac4,4467,4-8k,73.33333333333333
learned_K2_V2_s35_step10000,learned,2,35,multifieldqa_en,Single QA,34,aeb34faf1b5507b32d6d5b49474ea5c71d4ec2aa84a82d93,5665,4-8k,63.1578947368421
learned_K2_V2_s35_step10000,learned,2,35,multifieldqa_en,Single QA,35,d70ca68d05af951cd8ff2052095597d1b4dca557bfb0b40b,2431,0-4k,100.0
learned_K2_V2_s35_step10000,learned,2,35,multifieldqa_en,Single QA,36,69e69439e349a539ca4cff96ae35aa8499ca61886801d488,1414,0-4k,100.0
learned_K2_V2_s35_step10000,learned,2,35,multifieldqa_en,Single QA,37,135b82aecda3c83cfd73d1447e8f92a8a44de50ffdb09444,3743,0-4k,38.70967741935483
learned_K2_V2_s35_step10000,learned,2,35,multifieldqa_en,Single QA,38,49d0334d26929f712de2cba070a74752f415313c08166f80,2008,0-4k,100.0
learned_K2_V2_s35_step10000,learned,2,35,multifieldqa_en,Single QA,39,751053416f74a11311a13e801634fff8fd48649d3921b368,3150,0-4k,100.0
learned_K2_V2_s35_step10000,learned,2,35,multifieldqa_en,Single QA,40,b619fa683cbbeb8db3d575fc2e261940701a530452b14eef,2115,0-4k,36.36363636363636
learned_K2_V2_s35_step10000,learned,2,35,multifieldqa_en,Single QA,41,25ebcea4435f88495b4175446d1d7d6dacb1034a8f861ca5,1489,0-4k,22.22222222222222
learned_K2_V2_s35_step10000,learned,2,35,multifieldqa_en,Single QA,42,7a503a81877d3baca86f8d7179209e4899823433ab3326f3,2748,0-4k,57.14285714285714
learned_K2_V2_s35_step10000,learned,2,35,multifieldqa_en,Single QA,43,4214e20df9d299bae4fb9ba8d1b4792d516812e86960009c,6654,4-8k,12.121212121212123
learned_K2_V2_s35_step10000,learned,2,35,multifieldqa_en,Single QA,44,ddfed65e5495d0257b22a9537993c3453d8590cc94b8e0d6,6444,4-8k,9.09090909090909
learned_K2_V2_s35_step10000,learned,2,35,multifieldqa_en,Single QA,45,e4725ed7b6df9933d5336f79d5c9d1d803a3e475831f1017,5429,4-8k,38.46153846153846
learned_K2_V2_s35_step10000,learned,2,35,multifieldqa_en,Single QA,46,79ffdceb9859803e365c3de5d24c187ed06b15f04d04ae6a,5339,4-8k,52.17391304347826
learned_K2_V2_s35_step10000,learned,2,35,multifieldqa_en,Single QA,47,9ac60cf60d4bae1dc93b09f374b74b3dec8b1b333397d7cd,6240,4-8k,11.76470588235294
learned_K2_V2_s35_step10000,learned,2,35,multifieldqa_en,Single QA,48,0e2b2bc81542b95fb86a7fe76cf11c52316937c9aac9123e,2294,0-4k,44.44444444444445
learned_K2_V2_s35_step10000,learned,2,35,multifieldqa_en,Single QA,49,910c9a02ee857c1019702818b6fa2d5c25ed432d08385ba8,898,0-4k,100.0
learned_K2_V2_s35_step10000,learned,2,35,multifieldqa_en,Single QA,50,2d48bbc2bd6052c5e67824752a9296cbbc26351616cd6d7e,2088,0-4k,100.0
learned_K2_V2_s35_step10000,learned,2,35,multifieldqa_en,Single QA,51,bda4a6b251a601b7f7f956f298b59d8e99993845c1eaf7d6,8281,8k+,70.58823529411764
learned_K2_V2_s35_step10000,learned,2,35,multifieldqa_en,Single QA,52,e84f6371f23c95f766248ac4e52b781f325f52f09c6eb9ae,6048,4-8k,25.0
learned_K2_V2_s35_step10000,learned,2,35,multifieldqa_en,Single QA,53,462011b6f9beb976aaf7b38082bcf7d70a91c3c74d2c6e95,3597,0-4k,66.66666666666666
learned_K2_V2_s35_step10000,learned,2,35,multifieldqa_en,Single QA,54,420ce59c7a0c084e938dd69dfacf59f61ac3ebbd237780c8,1856,0-4k,100.0
learned_K2_V2_s35_step10000,learned,2,35,multifieldqa_en,Single QA,55,f20114170ce5bb518f17950edb4ef828d980bba0bba01077,1201,0-4k,18.181818181818183
learned_K2_V2_s35_step10000,learned,2,35,multifieldqa_en,Single QA,56,94ccf4d54b36e7e9d4aa594a7bc426528630a5b8aff296a4,3422,0-4k,80.0
learned_K2_V2_s35_step10000,learned,2,35,multifieldqa_en,Single QA,57,a013f691a7063527fa4e7a4b357081c76656af3cd402a27a,2091,0-4k,100.0
learned_K2_V2_s35_step10000,learned,2,35,multifieldqa_en,Single QA,58,322b4b2b074049aac101086797d655a21671ef5a9f366353,669,0-4k,38.70967741935483
learned_K2_V2_s35_step10000,learned,2,35,multifieldqa_en,Single QA,59,ee53f01eb9a44de54723ab03918b7361f2eb630a35ce7b81,2184,0-4k,22.222222222222225
learned_K2_V2_s35_step10000,learned,2,35,multifieldqa_en,Single QA,60,f3374a1971e3cfb4f241e04b82d5016d892e9e32a4aa2b53,6312,4-8k,35.0
learned_K2_V2_s35_step10000,learned,2,35,multifieldqa_en,Single QA,61,46a2207a7a3f6d98effa73491cf83b63f92e29e0023c6e52,9437,8k+,72.72727272727273
learned_K2_V2_s35_step10000,learned,2,35,multifieldqa_en,Single QA,62,235a5c99cd7fae9e2b410ad99c1b1fafea43799d3f1138a8,1810,0-4k,46.15384615384615
learned_K2_V2_s35_step10000,learned,2,35,multifieldqa_en,Single QA,63,fe952dfd723c9b88f1ed4665679b7a13987729fa1c37b0e3,2409,0-4k,0.0
learned_K2_V2_s35_step10000,learned,2,35,multifieldqa_en,Single QA,64,3074f07df75f95b421d8871cb9f6448e130ad7d948b137b8,1045,0-4k,78.7878787878788
learned_K2_V2_s35_step10000,learned,2,35,multifieldqa_en,Single QA,65,3a63a9ca3248cecdeef9f43282a5162ff154b0bcdcf4ba81,6599,4-8k,41.37931034482759
learned_K2_V2_s35_step10000,learned,2,35,multifieldqa_en,Single QA,66,80a04c9306d232e6327b14f03e260d28060fe12395d87e31,8784,8k+,100.0
learned_K2_V2_s35_step10000,learned,2,35,multifieldqa_en,Single QA,67,69ea47e54e2cedec193247f452f5d3bbef2566a93f1dd353,4334,4-8k,30.0
learned_K2_V2_s35_step10000,learned,2,35,multifieldqa_en,Single QA,68,46b15f1200c46251053ec3dfa806dbdf515eb34053a5e0d1,3080,0-4k,60.0
learned_K2_V2_s35_step10000,learned,2,35,multifieldqa_en,Single QA,69,60c66572f28b071899547f0aa0b4a271969c3b153e96406b,3737,0-4k,33.33333333333333
learned_K2_V2_s35_step10000,learned,2,35,multifieldqa_en,Single QA,70,0ecdb8439f1360140995c6f5f6cc99c38cebb9216d1395e4,1504,0-4k,56.25
learned_K2_V2_s35_step10000,learned,2,35,multifieldqa_en,Single QA,71,d5422b0fdbed42c0f1d2213edb6c7637802452e4ca7287eb,812,0-4k,73.68421052631578
learned_K2_V2_s35_step10000,learned,2,35,multifieldqa_en,Single QA,72,a40877e222497d3ff2efbeb1926e20600f8aac947820063c,3996,0-4k,63.63636363636363
learned_K2_V2_s35_step10000,learned,2,35,multifieldqa_en,Single QA,73,aeb6cb26b11fc386727a529761d9d233ec7ba8dea9800b0f,6097,4-8k,44.44444444444445
learned_K2_V2_s35_step10000,learned,2,35,multifieldqa_en,Single QA,74,c18fe208b75f8f5b4214e2cb17420d75bf525e176e425fc0,6308,4-8k,54.54545454545454
learned_K2_V2_s35_step10000,learned,2,35,multifieldqa_en,Single QA,75,0da7747b164232cac911a34f6d0421028b27db0ce70e26a7,7021,4-8k,0.0
learned_K2_V2_s35_step10000,learned,2,35,multifieldqa_en,Single QA,76,f084724966601afea0017630eeee76cf0b65099356667bc2,2295,0-4k,100.0
learned_K2_V2_s35_step10000,learned,2,35,multifieldqa_en,Single QA,77,4ad542cf320f1c01a4bce92a59628789784cf9722d7d476c,5241,4-8k,45.45454545454545
learned_K2_V2_s35_step10000,learned,2,35,multifieldqa_en,Single QA,78,7d9bc0ed11dfc39ab91980d15a95fcd9f5902d25f85ec436,3508,0-4k,46.511627906976756
learned_K2_V2_s35_step10000,learned,2,35,multifieldqa_en,Single QA,79,13b04172d2261a0c9545a0e3670c1c43105ccab41ce1a726,5389,4-8k,22.22222222222222
learned_K2_V2_s35_step10000,learned,2,35,multifieldqa_en,Single QA,80,60b19bbfd875f79ca168f6db761d192ab710f9b5f395de89,5306,4-8k,72.72727272727273
learned_K2_V2_s35_step10000,learned,2,35,multifieldqa_en,Single QA,81,690d6407b1ef9f8d373370bbcb02f7ecf198379774101140,5567,4-8k,16.666666666666664
learned_K2_V2_s35_step10000,learned,2,35,multifieldqa_en,Single QA,82,edbbdb9727c3a51310d24895d08c5a90673cb9d514770878,2345,0-4k,53.84615384615385
learned_K2_V2_s35_step10000,learned,2,35,multifieldqa_en,Single QA,83,c4f2dfb06f56a185067d2f147c4d846aa0b895f1968eda12,818,0-4k,100.0
learned_K2_V2_s35_step10000,learned,2,35,multifieldqa_en,Single QA,84,ac42a5a54b029a05be6e6e13d9001a81761d7b40ad1edfe2,3247,0-4k,28.571428571428577
learned_K2_V2_s35_step10000,learned,2,35,multifieldqa_en,Single QA,85,a9f124fabc341d61e359af8e8badf79dd63a97896c28842e,9607,8k+,34.615384615384606
learned_K2_V2_s35_step10000,learned,2,35,multifieldqa_en,Single QA,86,8e79ff617e6cfd373020194ce4cb84531a6aec6ab7e6cfc2,821,0-4k,0.0
learned_K2_V2_s35_step10000,learned,2,35,multifieldqa_en,Single QA,87,f01044ae4abc16064872421a7dc9b21c98dc2bb4f4b5351a,1195,0-4k,40.0
learned_K2_V2_s35_step10000,learned,2,35,multifieldqa_en,Single QA,88,394cb48c037481d97cdf1dbd7adef475061b9e77235842e2,2556,0-4k,59.25925925925927
learned_K2_V2_s35_step10000,learned,2,35,multifieldqa_en,Single QA,89,dffb383ee06d8413ac40e2c1ec7bde5548ef07fc8f35ad2f,2619,0-4k,0.0
learned_K2_V2_s35_step10000,learned,2,35,multifieldqa_en,Single QA,90,ad753e5807afddae5d0a133de86b5224cb074edfcc9477bf,7146,4-8k,75.86206896551725
learned_K2_V2_s35_step10000,learned,2,35,multifieldqa_en,Single QA,91,2646315b4135b08675c4ab2110dc544058659b9b6aab4752,6956,4-8k,0.0
learned_K2_V2_s35_step10000,learned,2,35,multifieldqa_en,Single QA,92,c60792f391b389a1c44b0a8f62f4a792d9ed82286b1b7f95,6706,4-8k,42.42424242424242
learned_K2_V2_s35_step10000,learned,2,35,multifieldqa_en,Single QA,93,635ad5e3696e0d297f3ea8909d42975a5c1eb49a7f4a8466,2397,0-4k,100.0
learned_K2_V2_s35_step10000,learned,2,35,multifieldqa_en,Single QA,94,25d54c0a145838996b56def82126f35b3fabe3e100d10fc0,10003,8k+,8.888888888888888
learned_K2_V2_s35_step10000,learned,2,35,multifieldqa_en,Single QA,95,5a18017502d827b72fc74d91f13f6f14193b4964c3420e47,2355,0-4k,49.999999999999986
learned_K2_V2_s35_step10000,learned,2,35,multifieldqa_en,Single QA,96,238c4efe738cecd8346abfdc57707996aef30f9b43d1a577,2103,0-4k,100.0
learned_K2_V2_s35_step10000,learned,2,35,multifieldqa_en,Single QA,97,583c9765ccee578fbc4e86090b48ca54163aa00fd5911cfe,5906,4-8k,100.0
learned_K2_V2_s35_step10000,learned,2,35,multifieldqa_en,Single QA,98,b41aef2d0475f46a78a3168c6c8a614170975f82507cf2e4,2490,0-4k,0.0
learned_K2_V2_s35_step10000,learned,2,35,multifieldqa_en,Single QA,99,d2a588e420083f151239e660bd47ec0cad9732ec308ab9bc,10337,8k+,0.0
learned_K2_V2_s35_step10000,learned,2,35,multifieldqa_en,Single QA,100,0e9a32e0989483442381f0195e620fea8c5538e42f130bdb,5466,4-8k,9.523809523809526
learned_K2_V2_s35_step10000,learned,2,35,multifieldqa_en,Single QA,101,ec016e90ac78727f3c4aa176db472724bda53c07cb8cb696,682,0-4k,0.0
learned_K2_V2_s35_step10000,learned,2,35,multifieldqa_en,Single QA,102,d427e3ab7584a0e253bfb6a9d76626b726c79b57d5e39f2a,6102,4-8k,21.052631578947366
learned_K2_V2_s35_step10000,learned,2,35,multifieldqa_en,Single QA,103,67dd297408f3d52f22ede88df0b62644dac86da77f009e71,3590,0-4k,100.0
learned_K2_V2_s35_step10000,learned,2,35,multifieldqa_en,Single QA,104,7d357dddfddb09bf71c6ce3d2c6780b3380d725f534d0b91,7568,4-8k,38.70967741935483
learned_K2_V2_s35_step10000,learned,2,35,multifieldqa_en,Single QA,105,6ee1971ac8c7c0ee4a5add9ec201557d28d3c2f66b176fb4,7321,4-8k,21.428571428571427
learned_K2_V2_s35_step10000,learned,2,35,multifieldqa_en,Single QA,106,a8da0d2585bb54d571a2ab4a539b61eef56b5e271692be42,6958,4-8k,57.14285714285715
learned_K2_V2_s35_step10000,learned,2,35,multifieldqa_en,Single QA,107,47b9dbb6d85243ffdaf6d95e842986b30d49d95913f21b6a,3083,0-4k,44.44444444444444
learned_K2_V2_s35_step10000,learned,2,35,multifieldqa_en,Single QA,108,3c8e9fef2eae8f49aae38b7314a3425b99c3ca8b051e8293,6594,4-8k,61.53846153846153
learned_K2_V2_s35_step10000,learned,2,35,multifieldqa_en,Single QA,109,7f8fc6a04f8be9000b41098aa0f8d7fbfd42e2aa43bf7997,5086,4-8k,0.0
learned_K2_V2_s35_step10000,learned,2,35,multifieldqa_en,Single QA,110,c677827fc67e60c6396dceb5c4194aaba925aa1c61ad7115,6743,4-8k,15.384615384615385
learned_K2_V2_s35_step10000,learned,2,35,multifieldqa_en,Single QA,111,622b577978afc1346c315f98a18678c8e6d5ccbf82511f74,1802,0-4k,100.0
learned_K2_V2_s35_step10000,learned,2,35,multifieldqa_en,Single QA,112,8d72c6709ee1da38a65cdfb4f9d90e7348fd8e356c0a8165,5660,4-8k,0.0
learned_K2_V2_s35_step10000,learned,2,35,multifieldqa_en,Single QA,113,45e06726b160cfb851e2179017f90e37f4f4dec62f346e33,2188,0-4k,60.0
learned_K2_V2_s35_step10000,learned,2,35,multifieldqa_en,Single QA,114,6065487485ac8c59b14aeb4bfb6c0cc1c26203d0ab1d3b1b,8501,8k+,33.33333333333333
learned_K2_V2_s35_step10000,learned,2,35,multifieldqa_en,Single QA,115,c39f97567cff21a8591f02117632ea71e7b566f65d2d62ab,6567,4-8k,100.0
learned_K2_V2_s35_step10000,learned,2,35,multifieldqa_en,Single QA,116,ae5a3edc1bc76fee6fa1aa6557e83bc3cfea0c190763ecce,10325,8k+,26.666666666666668
learned_K2_V2_s35_step10000,learned,2,35,multifieldqa_en,Single QA,117,7e9ba2f426e81faad004a9aba93c714af689ed705e544d22,6819,4-8k,48.00000000000001
learned_K2_V2_s35_step10000,learned,2,35,multifieldqa_en,Single QA,118,b16c38bf627891a3bf60ee57f9f3c2f5730f4ea3a0f44b0e,6766,4-8k,50.0
learned_K2_V2_s35_step10000,learned,2,35,multifieldqa_en,Single QA,119,101225d103936ad083c5da47c3dce73ce569b62cbaa093bd,1762,0-4k,9.523809523809526
learned_K2_V2_s35_step10000,learned,2,35,multifieldqa_en,Single QA,120,c93a8eb62278ce7c575ba542b2bcd5e610fa15035906463c,2054,0-4k,63.1578947368421
learned_K2_V2_s35_step10000,learned,2,35,multifieldqa_en,Single QA,121,37dfd65b9a8316b9569875b8bcfc5a8bd65e044a88b2e894,5225,4-8k,61.53846153846153
learned_K2_V2_s35_step10000,learned,2,35,multifieldqa_en,Single QA,122,92bf77fcae3c753b768f1289eeb1e899fc8e75a14509a5f9,1865,0-4k,25.0
learned_K2_V2_s35_step10000,learned,2,35,multifieldqa_en,Single QA,123,73b9b4130b4a4931bed5ea7e24331ce61b59271eac6c6c01,2008,0-4k,100.0
learned_K2_V2_s35_step10000,learned,2,35,multifieldqa_en,Single QA,124,f1b59c798ab323ea8409ba09709de506bd83699885ce61a5,5655,4-8k,14.634146341463413
learned_K2_V2_s35_step10000,learned,2,35,multifieldqa_en,Single QA,125,59a29a109088d9bd027b8fb77c20871684aa5069abec8e20,5514,4-8k,62.500000000000014
learned_K2_V2_s35_step10000,learned,2,35,multifieldqa_en,Single QA,126,4d6cd243b10a8460d2e2239182b797420ccc36335a74d23e,4017,4-8k,25.0
learned_K2_V2_s35_step10000,learned,2,35,multifieldqa_en,Single QA,127,5914446861ce8a3d0d9204dfc9d41edd747de735c3c3fc36,5646,4-8k,0.0
learned_K2_V2_s35_step10000,learned,2,35,multifieldqa_en,Single QA,128,dee63735510f6958f4c5bf318421c9b9fac0bc8b3e341a4a,2952,0-4k,80.0
learned_K2_V2_s35_step10000,learned,2,35,multifieldqa_en,Single QA,129,df53ff06fbc99dbae6bfe13a946420321d4542480eeb56f3,6101,4-8k,66.66666666666667
learned_K2_V2_s35_step10000,learned,2,35,multifieldqa_en,Single QA,130,ce720011515773e6bd7b4b355c52a7215ad2920f18a1ec14,1852,0-4k,100.0
learned_K2_V2_s35_step10000,learned,2,35,multifieldqa_en,Single QA,131,4c9131da4fb2a9dbc8dadce39d20bdc302a092b5740c414a,1860,0-4k,22.22222222222222
learned_K2_V2_s35_step10000,learned,2,35,multifieldqa_en,Single QA,132,c6eba7d0323b89bbdb0fbad233543848add08dcbfcbd875b,505,0-4k,0.0
learned_K2_V2_s35_step10000,learned,2,35,multifieldqa_en,Single QA,133,425c85c840db6f65192aa477d41c9c18a60a4ccaf0e1e6df,8232,8k+,84.21052631578948
learned_K2_V2_s35_step10000,learned,2,35,multifieldqa_en,Single QA,134,2d0e8d88c8dcd187eb0590fb072f6a69bd774c9aa029246b,4482,4-8k,60.0
learned_K2_V2_s35_step10000,learned,2,35,multifieldqa_en,Single QA,135,f9b9a553107eed5b994a9aaf07e8ccac487feaa8ff108ec6,5917,4-8k,17.647058823529413
learned_K2_V2_s35_step10000,learned,2,35,multifieldqa_en,Single QA,136,f9e0095ae38b9c36aac766c4b82f41be5b7560ce8e544675,5970,4-8k,100.0
learned_K2_V2_s35_step10000,learned,2,35,multifieldqa_en,Single QA,137,229b5bf2402ae2950c72494dcfd5f1c825c396205b49ca50,6539,4-8k,100.0
learned_K2_V2_s35_step10000,learned,2,35,multifieldqa_en,Single QA,138,40a85211345155859f3d2f7268da928f516a65ac6f8c6e08,4468,4-8k,48.484848484848484
learned_K2_V2_s35_step10000,learned,2,35,multifieldqa_en,Single QA,139,6b35731428ea6d9b480338b90572d21690c2fbb89ebba249,5588,4-8k,28.571428571428577
learned_K2_V2_s35_step10000,learned,2,35,multifieldqa_en,Single QA,140,73debbba53d5848cdc1e726c047bb0b82c5730d747fa710c,3602,0-4k,87.50000000000001
learned_K2_V2_s35_step10000,learned,2,35,multifieldqa_en,Single QA,141,c6d0de0391867185e00e945075301d33fc1c5c05d2a7d082,2395,0-4k,100.0
learned_K2_V2_s35_step10000,learned,2,35,multifieldqa_en,Single QA,142,110688fd7522324ef26cbf3ec4f4b7ab29aa0b687aa1ade5,8366,8k+,64.70588235294117
learned_K2_V2_s35_step10000,learned,2,35,multifieldqa_en,Single QA,143,71902c8027dca26b265f12709ec21224b5abe8b9ef5750fd,1853,0-4k,61.53846153846153
learned_K2_V2_s35_step10000,learned,2,35,multifieldqa_en,Single QA,144,22034e095a602824678c4028e6f605919ce520270dc06089,663,0-4k,50.0
learned_K2_V2_s35_step10000,learned,2,35,multifieldqa_en,Single QA,145,cd0ecda68ad8031330b971fbfdd3794916e815109f004d3b,6133,4-8k,50.0
learned_K2_V2_s35_step10000,learned,2,35,multifieldqa_en,Single QA,146,fc1544761460f97af3a338bbf3e3c648c00ec27b8b297069,1193,0-4k,100.0
learned_K2_V2_s35_step10000,learned,2,35,multifieldqa_en,Single QA,147,2914f0d14be47681d3c23b975c5bdadf23943ddd2bdd99d5,6839,4-8k,100.0
learned_K2_V2_s35_step10000,learned,2,35,multifieldqa_en,Single QA,148,b321c147c0e0a8a35ee8738ad89326ecad1509bf591b4233,2616,0-4k,92.3076923076923
learned_K2_V2_s35_step10000,learned,2,35,multifieldqa_en,Single QA,149,56514cd4cf8dac4f9081927e3ffaaca1ff1231198b7b16e9,8511,8k+,58.823529411764696
learned_K2_V2_s35_step10000,learned,2,35,multifieldqa_zh,Single QA,0,5b1b8e937b83c3ff9b75ac386fae9c4575c4b9f26a4fbdad,9593,8k+,100.0
learned_K2_V2_s35_step10000,learned,2,35,multifieldqa_zh,Single QA,1,94ac1d26cf68a448f5bddf4b5400eab51717c26ab3127df0,6544,4-8k,100.0
learned_K2_V2_s35_step10000,learned,2,35,multifieldqa_zh,Single QA,2,681a3146fff714cfdc68c4a9ca0b6663d104d73e75facee1,2975,0-4k,0.0
learned_K2_V2_s35_step10000,learned,2,35,multifieldqa_zh,Single QA,3,25256db5d953fa971b88f06502dfecacbc5532aea7fb6d91,5941,4-8k,20.0
learned_K2_V2_s35_step10000,learned,2,35,multifieldqa_zh,Single QA,4,1a0baf25d7431f32becd0a34034a2b88927fa168bcccf698,4460,4-8k,100.0
learned_K2_V2_s35_step10000,learned,2,35,multifieldqa_zh,Single QA,5,ab232381202b5616f6d30abde4950fb649b32b0a36527b18,3520,0-4k,100.0
learned_K2_V2_s35_step10000,learned,2,35,multifieldqa_zh,Single QA,6,b86406918eaf3274cab9cf5032d98faa011b752087bb7415,8997,8k+,21.73913043478261
learned_K2_V2_s35_step10000,learned,2,35,multifieldqa_zh,Single QA,7,c464612fd58ce0dcdff5729d367548370b3f48076b14852c,3366,0-4k,57.14285714285715
learned_K2_V2_s35_step10000,learned,2,35,multifieldqa_zh,Single QA,8,95c1287ed87364578a97ee0a5ccc4ce95f74b24e6fef7251,2344,0-4k,20.0
learned_K2_V2_s35_step10000,learned,2,35,multifieldqa_zh,Single QA,9,4790b222821945c96a12a0d762cb39d25d2aef973f0a27c0,3675,0-4k,38.46153846153846
learned_K2_V2_s35_step10000,learned,2,35,multifieldqa_zh,Single QA,10,c9d98e3c86f1a4709342c8cc8e08681c3bf2180136c81634,4133,4-8k,6.896551724137931
learned_K2_V2_s35_step10000,learned,2,35,multifieldqa_zh,Single QA,11,0d334e5ea5df28b76fdd6c5ae46f7a7a8748d2de72f2dc60,4656,4-8k,100.0
learned_K2_V2_s35_step10000,learned,2,35,multifieldqa_zh,Single QA,12,72606964555f71890369c33645d5bc3476644121d5fe23da,8493,8k+,0.0
learned_K2_V2_s35_step10000,learned,2,35,multifieldqa_zh,Single QA,13,d96e8e188e74cee444a4ad05c931df12a05734ecdeb23dce,2140,0-4k,85.71428571428571
learned_K2_V2_s35_step10000,learned,2,35,multifieldqa_zh,Single QA,14,25a2d0bc8c62a59753aea23a7c5ee1469201d3781d3558e5,8672,8k+,0.0
learned_K2_V2_s35_step10000,learned,2,35,multifieldqa_zh,Single QA,15,5ead549d2ec119a554f7a034a136fb9ee59bfe38f597b3cd,3242,0-4k,50.0
learned_K2_V2_s35_step10000,learned,2,35,multifieldqa_zh,Single QA,16,9b68370fb6e7556f1c145af721e968061b39aeb5527880ef,2832,0-4k,100.0
learned_K2_V2_s35_step10000,learned,2,35,multifieldqa_zh,Single QA,17,8fe99f3d7b385e8a5e179b1159fa5158ff0f084c3f35360b,8489,8k+,21.052631578947366
learned_K2_V2_s35_step10000,learned,2,35,multifieldqa_zh,Single QA,18,61ada6c035b9191b469868778691b149f7ee8cb55c7aec0c,8481,8k+,70.0
learned_K2_V2_s35_step10000,learned,2,35,multifieldqa_zh,Single QA,19,386045621ce60fcf01c23339d70d9a40727f4fa8cc4aaae8,5623,4-8k,0.0
learned_K2_V2_s35_step10000,learned,2,35,multifieldqa_zh,Single QA,20,c0965efc3a3198cc3cb782ba195cb037e3ea6846aad9066a,3650,0-4k,45.714285714285715
learned_K2_V2_s35_step10000,learned,2,35,multifieldqa_zh,Single QA,21,d6245c470659e2102aca48e660e554029cdaabc97f759b34,3304,0-4k,0.0
learned_K2_V2_s35_step10000,learned,2,35,multifieldqa_zh,Single QA,22,2291b8e2aa2cdd2dde54693039d39d89aa9b22cf09f0f01c,12946,8k+,0.0
learned_K2_V2_s35_step10000,learned,2,35,multifieldqa_zh,Single QA,23,22dd5faa34d83c6e8074540e28a448e92af3791024dd4335,2725,0-4k,45.28301886792453
learned_K2_V2_s35_step10000,learned,2,35,multifieldqa_zh,Single QA,24,8c37b868ddd737ad08a0ac7665a62f2770e4fbd718b3f1f0,9870,8k+,33.33333333333333
learned_K2_V2_s35_step10000,learned,2,35,multifieldqa_zh,Single QA,25,063b7d6c23bc70fcd2d7114f86b790c88ab91fef00615f83,8481,8k+,70.0
learned_K2_V2_s35_step10000,learned,2,35,multifieldqa_zh,Single QA,26,501b4bb14f7ebcd2561e679e55c5fc29db91203ff50fca84,2176,0-4k,16.666666666666664
learned_K2_V2_s35_step10000,learned,2,35,multifieldqa_zh,Single QA,27,68f488e4502c62d3d7c3ba1ac609691bbb31c91b68064223,4340,4-8k,59.25925925925925
learned_K2_V2_s35_step10000,learned,2,35,multifieldqa_zh,Single QA,28,31c5f574ec43360f5a60fcf17441ce6267560dd577f8f5af,7489,4-8k,100.0
learned_K2_V2_s35_step10000,learned,2,35,multifieldqa_zh,Single QA,29,d982b054f226d4ed1ccc41c2e42df05e1c62449d1b85e726,7348,4-8k,100.0
learned_K2_V2_s35_step10000,learned,2,35,multifieldqa_zh,Single QA,30,c4fb658de4279a6edc9f352463e7064c7994ba6ffee8aa8f,12948,8k+,100.0
learned_K2_V2_s35_step10000,learned,2,35,multifieldqa_zh,Single QA,31,eef916bafedc4d3103c387b476675b6d465f906b82af644c,7445,4-8k,100.0
learned_K2_V2_s35_step10000,learned,2,35,multifieldqa_zh,Single QA,32,4d8bb8fce941b44e0c37bd84b4062d68ba6928e3d74c9839,7709,4-8k,100.0
learned_K2_V2_s35_step10000,learned,2,35,multifieldqa_zh,Single QA,33,e2a953330c796cf85a0e0c8070da1c96ef7e5be2f58a05ba,6727,4-8k,33.333333333333336
learned_K2_V2_s35_step10000,learned,2,35,multifieldqa_zh,Single QA,34,ecab017b3641c8111921c51f510dea9932ed70bb0a083183,7584,4-8k,100.0
learned_K2_V2_s35_step10000,learned,2,35,multifieldqa_zh,Single QA,35,b6b1bd25aa726f9936769c62f3546f7486243810c48f13c7,3251,0-4k,28.57142857142857
learned_K2_V2_s35_step10000,learned,2,35,multifieldqa_zh,Single QA,36,0ff6f47407e376cd3868364ae0b260e70bd41e1b6d416de8,10138,8k+,100.0
learned_K2_V2_s35_step10000,learned,2,35,multifieldqa_zh,Single QA,37,a9bc05b2bdf91f05ff940f3aa6daf6223c04dee6b50a81d9,2321,0-4k,100.0
learned_K2_V2_s35_step10000,learned,2,35,multifieldqa_zh,Single QA,38,29665452f5ceb1467ef13ef3e330148d6e27996b071f9edc,7672,4-8k,8.333333333333334
learned_K2_V2_s35_step10000,learned,2,35,multifieldqa_zh,Single QA,39,94998e3b1e2c834bfd79394a8f27d6def6282ad42cdaef06,2189,0-4k,100.0
learned_K2_V2_s35_step10000,learned,2,35,multifieldqa_zh,Single QA,40,fbb98ceda2b927fba0dd0c1495f3d69378198cf4dd79acdd,8505,8k+,77.41935483870968
learned_K2_V2_s35_step10000,learned,2,35,multifieldqa_zh,Single QA,41,152f5c9a5fef5b8d94abfa7b636ed176e93e4f65fdc101f4,10709,8k+,100.0
learned_K2_V2_s35_step10000,learned,2,35,multifieldqa_zh,Single QA,42,18a34cee09c942c9b68e04f91bce2c3c35f6c1398a93592e,12363,8k+,66.66666666666666
learned_K2_V2_s35_step10000,learned,2,35,multifieldqa_zh,Single QA,43,ccadc21540e5c32f812be87b10763649c0484c90011118f0,11283,8k+,80.0
learned_K2_V2_s35_step10000,learned,2,35,multifieldqa_zh,Single QA,44,ef415a65d666203c6325a5c30b694b0bb2562192aa01e7d9,8651,8k+,0.0
learned_K2_V2_s35_step10000,learned,2,35,multifieldqa_zh,Single QA,45,42488c48a2a20024449c358c413d36278cb4bcd65af349ad,2041,0-4k,16.666666666666664
learned_K2_V2_s35_step10000,learned,2,35,multifieldqa_zh,Single QA,46,792f26d086a06374cef8563d1d858ffcfcd3b5c82574555a,2104,0-4k,100.0
learned_K2_V2_s35_step10000,learned,2,35,multifieldqa_zh,Single QA,47,36bb21a3d48300f6b781991afb4ce2ae1bec990c4686ac17,6696,4-8k,26.66666666666667
learned_K2_V2_s35_step10000,learned,2,35,multifieldqa_zh,Single QA,48,7b881944ef167a57f2ef7c39784bfff3b1f36f0b1bb4f64c,3962,0-4k,35.29411764705882
learned_K2_V2_s35_step10000,learned,2,35,multifieldqa_zh,Single QA,49,41b0f7faa4092101f2c594de7fa8de1603bfe516a745f0ff,2348,0-4k,15.384615384615385
learned_K2_V2_s35_step10000,learned,2,35,multifieldqa_zh,Single QA,50,16992b77b1e5f32adb6aa94b078ab81158a4c918bf28bd76,10370,8k+,20.0
learned_K2_V2_s35_step10000,learned,2,35,multifieldqa_zh,Single QA,51,572885ea30b492ff74a095593e06280ec217de9a598d26bd,7551,4-8k,100.0
learned_K2_V2_s35_step10000,learned,2,35,multifieldqa_zh,Single QA,52,3463458467f30e9042e9da2defef45547f40159364abe782,10411,8k+,0.0
learned_K2_V2_s35_step10000,learned,2,35,multifieldqa_zh,Single QA,53,e9cf97a107a5e1f25ec30a79c83a7e894a782c7721e98e68,3084,0-4k,89.65517241379311
learned_K2_V2_s35_step10000,learned,2,35,multifieldqa_zh,Single QA,54,b81167cb8b5702c0ac456969a039745c760df78de874b943,8949,8k+,50.0
learned_K2_V2_s35_step10000,learned,2,35,multifieldqa_zh,Single QA,55,9d2576657011dd8e755c9839af967b132274559e1f8744d9,12819,8k+,0.0
learned_K2_V2_s35_step10000,learned,2,35,multifieldqa_zh,Single QA,56,6b5421aab2228197cb61f84408f30d7fea1e4ac37539f510,7342,4-8k,0.0
learned_K2_V2_s35_step10000,learned,2,35,multifieldqa_zh,Single QA,57,1f99bdc838eb913735f53a063e886af7140c0203b5f49d30,3034,0-4k,100.0
learned_K2_V2_s35_step10000,learned,2,35,multifieldqa_zh,Single QA,58,6adda189ea94bfa847c58952b19e119a12168cb2fc107f4e,3498,0-4k,100.0
learned_K2_V2_s35_step10000,learned,2,35,multifieldqa_zh,Single QA,59,5fa83d91b2b29cd45e7a15baad6c087765c1a4575e7560df,3536,0-4k,0.0
learned_K2_V2_s35_step10000,learned,2,35,multifieldqa_zh,Single QA,60,ed9a897fc2d815fbcc5c42381626ba84ca822b9852864a50,5465,4-8k,100.0
learned_K2_V2_s35_step10000,learned,2,35,multifieldqa_zh,Single QA,61,af03df7ee9efd693d849c0e9229bc2c42200e81ae9fce955,4618,4-8k,100.0
learned_K2_V2_s35_step10000,learned,2,35,multifieldqa_zh,Single QA,62,52429a8971455e70b8ff4c98de79a7399ca35295a476e1f8,3856,0-4k,70.58823529411764
learned_K2_V2_s35_step10000,learned,2,35,multifieldqa_zh,Single QA,63,a2e2006cb814e7dc3d535e0524597c0de46e0ef9f07d7824,10136,8k+,100.0
learned_K2_V2_s35_step10000,learned,2,35,multifieldqa_zh,Single QA,64,f1e6fe5057f6b384e4f7346d73f9b61b29ad252d8733c6fb,5642,4-8k,41.02564102564102
learned_K2_V2_s35_step10000,learned,2,35,multifieldqa_zh,Single QA,65,b1ed62f8c105ad4f179c02d3b72cb173efb911a68e6c0d2d,2991,0-4k,15.384615384615385
learned_K2_V2_s35_step10000,learned,2,35,multifieldqa_zh,Single QA,66,610644f1cf82301f44686b2103ed5bdcf6fcc108ab371f1a,3748,0-4k,24.324324324324323
learned_K2_V2_s35_step10000,learned,2,35,multifieldqa_zh,Single QA,67,17d8486a42a897571df2ce7d53c8b810b257408ec479da64,16791,8k+,80.0
learned_K2_V2_s35_step10000,learned,2,35,multifieldqa_zh,Single QA,68,adfaef239253068f10640814010584910a652989d98072e1,12565,8k+,33.333333333333336
learned_K2_V2_s35_step10000,learned,2,35,multifieldqa_zh,Single QA,69,96aaa308d579f7f72974f90cf2b614506c2def2659113242,3025,0-4k,66.66666666666666
learned_K2_V2_s35_step10000,learned,2,35,multifieldqa_zh,Single QA,70,90f51f024326d4e6304535021eb8f6836616a881e2b36ff5,10914,8k+,7.692307692307692
learned_K2_V2_s35_step10000,learned,2,35,multifieldqa_zh,Single QA,71,37991aa0166a830a3d6a44846bf80f38801bbf1267fc2958,2966,0-4k,59.25925925925925
learned_K2_V2_s35_step10000,learned,2,35,multifieldqa_zh,Single QA,72,a80e647a31295b2e23785719101e4cdbbf8d5952d05e46bb,4646,4-8k,100.0
learned_K2_V2_s35_step10000,learned,2,35,multifieldqa_zh,Single QA,73,8414105f165ae3a956c95b69bb375252d9c7d5b442987af1,1260,0-4k,71.42857142857143
learned_K2_V2_s35_step10000,learned,2,35,multifieldqa_zh,Single QA,74,5e79fdf76e929e1ac2c2db3e4bd1b274de7b117a30104ae4,2931,0-4k,66.66666666666666
learned_K2_V2_s35_step10000,learned,2,35,multifieldqa_zh,Single QA,75,87121067a48cb26bef61d022077239fa38f9545060d3f7e6,4576,4-8k,100.0
learned_K2_V2_s35_step10000,learned,2,35,multifieldqa_zh,Single QA,76,72cff3ad556f0563b9e4ee417118f0154de21b0b5ff2179c,6713,4-8k,63.1578947368421
learned_K2_V2_s35_step10000,learned,2,35,multifieldqa_zh,Single QA,77,c20b0d4ee1bd7dad0a2a2d37d0e4a3da486bf351fc675be7,2952,0-4k,66.66666666666666
learned_K2_V2_s35_step10000,learned,2,35,multifieldqa_zh,Single QA,78,bfa2b3ff8abc528170ad16068ab21de02fc3525c462a8510,7907,4-8k,72.72727272727273
learned_K2_V2_s35_step10000,learned,2,35,multifieldqa_zh,Single QA,79,430d3be5c7562e4fb48c4aca077343768c468ca3577aebe0,12825,8k+,66.66666666666666
learned_K2_V2_s35_step10000,learned,2,35,multifieldqa_zh,Single QA,80,77b37159d54686fb4bc4d00afb1df5f02ce46777a093b233,3535,0-4k,10.526315789473683
learned_K2_V2_s35_step10000,learned,2,35,multifieldqa_zh,Single QA,81,8c4a8e3223f3574c918e36d25e241f254fed0f7db5586e7a,8889,8k+,38.095238095238095
learned_K2_V2_s35_step10000,learned,2,35,multifieldqa_zh,Single QA,82,48f23f54bd866fcde12c8ca93adafee1ddc2103758280280,7906,4-8k,80.00000000000001
learned_K2_V2_s35_step10000,learned,2,35,multifieldqa_zh,Single QA,83,0e9b060ad7fd6d6611c9af87af9e6e471a3b4553a1647d4d,9756,8k+,14.285714285714285
learned_K2_V2_s35_step10000,learned,2,35,multifieldqa_zh,Single QA,84,d2f609117e4907f37d760a7575e2d95ce5789ae841515f41,4091,4-8k,44.44444444444445
learned_K2_V2_s35_step10000,learned,2,35,multifieldqa_zh,Single QA,85,4d2b8aaf0836b00cdac1b2793bb8b875a1095340e2ff21df,6826,4-8k,100.0
learned_K2_V2_s35_step10000,learned,2,35,multifieldqa_zh,Single QA,86,393dd0b5413281428f1ec559fea8de5a71f2d31e4083a07d,9790,8k+,100.0
learned_K2_V2_s35_step10000,learned,2,35,multifieldqa_zh,Single QA,87,00c7c19a3315779ea7d7e39753dc21c85f1fd8ef0315b025,10906,8k+,100.0
learned_K2_V2_s35_step10000,learned,2,35,multifieldqa_zh,Single QA,88,3ffd770618500268d97a2a6b829fc9c4df122a893d26c98c,9747,8k+,26.086956521739125
learned_K2_V2_s35_step10000,learned,2,35,multifieldqa_zh,Single QA,89,244f6f1271e2f0e51d359c5aba993a075344bfd3664a0efe,5107,4-8k,80.0
learned_K2_V2_s35_step10000,learned,2,35,multifieldqa_zh,Single QA,90,2dc43735375a7e4beb857bc6d2b69718458686f2d81b796e,3247,0-4k,57.14285714285715
learned_K2_V2_s35_step10000,learned,2,35,multifieldqa_zh,Single QA,91,750ed6eaf7bdac0fbe0cc3273c7d0397f0c4e06cdfdd8959,4185,4-8k,33.33333333333333
learned_K2_V2_s35_step10000,learned,2,35,multifieldqa_zh,Single QA,92,e9345d604e0c080549d84f6228dd80b98947b399c3fa21f8,4520,4-8k,88.8888888888889
learned_K2_V2_s35_step10000,learned,2,35,multifieldqa_zh,Single QA,93,82d345bd6a45ebd3e89d163d00ec6b371fc50ede32dab6e7,14815,8k+,25.0
learned_K2_V2_s35_step10000,learned,2,35,multifieldqa_zh,Single QA,94,b7241a7b766b444f8c8d20fb8151ad49bc1b342885d8c007,5399,4-8k,100.0
learned_K2_V2_s35_step10000,learned,2,35,multifieldqa_zh,Single QA,95,198b2a1122828dd5539b9c9baf7b36849ecdeff4f804b2e6,3326,0-4k,62.857142857142854
learned_K2_V2_s35_step10000,learned,2,35,multifieldqa_zh,Single QA,96,d0f71889df9e30e798986b675ac723e1bf73ddff28a5e147,9675,8k+,100.0
learned_K2_V2_s35_step10000,learned,2,35,multifieldqa_zh,Single QA,97,51e395890412de4220e781d33728cef2b194dee95ec88cd5,3523,0-4k,100.0
learned_K2_V2_s35_step10000,learned,2,35,multifieldqa_zh,Single QA,98,00ee65cc12b74ba2fa23d8052aefdf49d570db2c20b6c48d,3053,0-4k,0.0
learned_K2_V2_s35_step10000,learned,2,35,multifieldqa_zh,Single QA,99,f6ef328ce76573341223c0c5a000c8a420f2079d5fbcc5ee,6092,4-8k,100.0
learned_K2_V2_s35_step10000,learned,2,35,multifieldqa_zh,Single QA,100,a8dc2cd77df0b966551a12d7327d4ea9b924073b38a975f2,3119,0-4k,60.37735849056604
learned_K2_V2_s35_step10000,learned,2,35,multifieldqa_zh,Single QA,101,b95f188a44a6abc37e88a3305a0e7c245247c645e838bf49,6190,4-8k,20.689655172413794
learned_K2_V2_s35_step10000,learned,2,35,multifieldqa_zh,Single QA,102,7c1f7faaa594745757654e934c028f3f4f4910ebef8b2be3,10397,8k+,100.0
learned_K2_V2_s35_step10000,learned,2,35,multifieldqa_zh,Single QA,103,cd2b025da473ee639d63a744484431562aed2e6d46a0cf39,3687,0-4k,100.0
learned_K2_V2_s35_step10000,learned,2,35,multifieldqa_zh,Single QA,104,6d1a795afe9ef21c1e7f3be42d318f556c9533ed868483b3,12369,8k+,33.333333333333336
learned_K2_V2_s35_step10000,learned,2,35,multifieldqa_zh,Single QA,105,77aeccecce3f6365c319cec77229fab1e3f216b3d1fe2b71,4810,4-8k,45.454545454545446
learned_K2_V2_s35_step10000,learned,2,35,multifieldqa_zh,Single QA,106,c6ca46311bee49d57961cad544bdd086b2fb46b57db46c7d,2722,0-4k,100.0
learned_K2_V2_s35_step10000,learned,2,35,multifieldqa_zh,Single QA,107,c5dd19d2a889acfbe4bfc891a78499da637b5b29b88c4cd7,2145,0-4k,15.384615384615385
learned_K2_V2_s35_step10000,learned,2,35,multifieldqa_zh,Single QA,108,8a39a9ba5708412747dd4e2f5c23183db601405f06cd1a2b,3547,0-4k,100.0
learned_K2_V2_s35_step10000,learned,2,35,multifieldqa_zh,Single QA,109,815b1cb762d5f13120230eaf064a656a1ca14cb3e80de012,9805,8k+,13.333333333333334
learned_K2_V2_s35_step10000,learned,2,35,multifieldqa_zh,Single QA,110,f7688c5f9d7058d07841438e44793bef0fe89901391a6fbb,4147,4-8k,30.76923076923077
learned_K2_V2_s35_step10000,learned,2,35,multifieldqa_zh,Single QA,111,e2ac2e89d5bbb92fa33c1cd2ee31eee105fba65d1e78dfd5,1280,0-4k,100.0
learned_K2_V2_s35_step10000,learned,2,35,multifieldqa_zh,Single QA,112,9476cb78b666b5603bf6e69669889a6d599e42572a5b4616,10274,8k+,45.45454545454545
learned_K2_V2_s35_step10000,learned,2,35,multifieldqa_zh,Single QA,113,aa00933e772db0dba1c0198c4d3efbfbf1bf976405fa5020,2573,0-4k,81.81818181818181
learned_K2_V2_s35_step10000,learned,2,35,multifieldqa_zh,Single QA,114,b557ab306855605f6dd6fb632e59781110e866c1755eda22,3534,0-4k,100.0
learned_K2_V2_s35_step10000,learned,2,35,multifieldqa_zh,Single QA,115,d6cd321f9e0839cf266beb5f795aabb59561c9767e96f90e,8496,8k+,85.71428571428571
learned_K2_V2_s35_step10000,learned,2,35,multifieldqa_zh,Single QA,116,6fef30d338736292fec59c01b40b973a55b8e68b2162ec53,4438,4-8k,50.0
learned_K2_V2_s35_step10000,learned,2,35,multifieldqa_zh,Single QA,117,0a9d7cb6975f2ea2a07edb28b418c1efeb3413849f29b37b,6622,4-8k,100.0
learned_K2_V2_s35_step10000,learned,2,35,multifieldqa_zh,Single QA,118,f175082600b74404f64ce00afccc4fd13335deea38f7d577,7897,4-8k,0.0
learned_K2_V2_s35_step10000,learned,2,35,multifieldqa_zh,Single QA,119,a2aa7b42d5142b80a8418a9d58a310065002adf9a0b4af2a,9393,8k+,28.57142857142857
learned_K2_V2_s35_step10000,learned,2,35,multifieldqa_zh,Single QA,120,fb4809ac2adccd06d6aca2bbf578695d034099dd028a7280,9178,8k+,72.72727272727273
learned_K2_V2_s35_step10000,learned,2,35,multifieldqa_zh,Single QA,121,00c86b6ec7a4d92a2524cf61234296271b11bce5f43dcad3,5121,4-8k,53.333333333333336
learned_K2_V2_s35_step10000,learned,2,35,multifieldqa_zh,Single QA,122,248582e11779596380816518d427b6f74e6bf8971137f6c8,9796,8k+,0.0
learned_K2_V2_s35_step10000,learned,2,35,multifieldqa_zh,Single QA,123,aae9f009fce36316308223a696403d8805f7f35af5107bdf,10500,8k+,10.0
learned_K2_V2_s35_step10000,learned,2,35,multifieldqa_zh,Single QA,124,908b7ce39b31bd2330caac483bc48effdc9f815a2ba7960c,2110,0-4k,50.0
learned_K2_V2_s35_step10000,learned,2,35,multifieldqa_zh,Single QA,125,24079a282dc772a3b4d375b81e5ce704b3c894a97c179194,6312,4-8k,100.0
learned_K2_V2_s35_step10000,learned,2,35,multifieldqa_zh,Single QA,126,1a6c19fed6361cbfbfd0df3fb7ca1e01f2a2ffa0da9903bc,12385,8k+,21.428571428571423
learned_K2_V2_s35_step10000,learned,2,35,multifieldqa_zh,Single QA,127,28626bc9f8c0e612d7480c266a6a112b333126edcff20731,4955,4-8k,40.0
learned_K2_V2_s35_step10000,learned,2,35,multifieldqa_zh,Single QA,128,7145724401f6f52f7104673ca553af556df2c1addcf5478d,4747,4-8k,23.52941176470588
learned_K2_V2_s35_step10000,learned,2,35,multifieldqa_zh,Single QA,129,ee3c5a86926ee509b37d8c7ca0b66af712e742a17ac5cf25,9739,8k+,0.0
learned_K2_V2_s35_step10000,learned,2,35,multifieldqa_zh,Single QA,130,37da0ac732ae2e9541209a62eca96e5153d4d1389470e4dc,8490,8k+,33.33333333333333
learned_K2_V2_s35_step10000,learned,2,35,multifieldqa_zh,Single QA,131,f7ebcac2d92642481141f7e156bda7410277ae4288f20369,16768,8k+,0.0
learned_K2_V2_s35_step10000,learned,2,35,multifieldqa_zh,Single QA,132,bf6c003b21a8cc6cfdf70d9b6929c2d3919e743e64ce01d2,5948,4-8k,47.05882352941176
learned_K2_V2_s35_step10000,learned,2,35,multifieldqa_zh,Single QA,133,c1e727ece41ae67fbbd2b63916b7bf1235ac7fd9610f83c8,2478,0-4k,80.0
learned_K2_V2_s35_step10000,learned,2,35,multifieldqa_zh,Single QA,134,3ae4fc4e82d5d07dae328f7a128404dd5ed40be287eb3487,2957,0-4k,66.66666666666666
learned_K2_V2_s35_step10000,learned,2,35,multifieldqa_zh,Single QA,135,741f37778b75805b150988026cf24e53885d61d47a64bd05,16781,8k+,11.111111111111112
learned_K2_V2_s35_step10000,learned,2,35,multifieldqa_zh,Single QA,136,0341918eb6c15fb6a643be6f6e80c9b1d537ba54aa365485,4466,4-8k,100.0
learned_K2_V2_s35_step10000,learned,2,35,multifieldqa_zh,Single QA,137,6a5ea38b61e745244a8b1242b8a9bcb416c6fc09ff58196c,6537,4-8k,50.0
learned_K2_V2_s35_step10000,learned,2,35,multifieldqa_zh,Single QA,138,ab17d4b9cb5ff1389ae74e0269a3bc1a1837586a504b0ec2,7351,4-8k,35.55555555555556
learned_K2_V2_s35_step10000,learned,2,35,multifieldqa_zh,Single QA,139,21bb51e4ed632a1193f029610939118b6c3ed1e8b312f838,5395,4-8k,0.0
learned_K2_V2_s35_step10000,learned,2,35,multifieldqa_zh,Single QA,140,d23aec43c9275762ee0200f94f10b408b48337336beaf13a,11969,8k+,0.0
learned_K2_V2_s35_step10000,learned,2,35,multifieldqa_zh,Single QA,141,8ecffa3d29ff37c657c4e15c22ead5286cf205bc75aa3003,14317,8k+,87.50000000000001
learned_K2_V2_s35_step10000,learned,2,35,multifieldqa_zh,Single QA,142,b64dda3ae7cb3848b80cea3961a2f52320e11b19045931f9,9752,8k+,0.0
learned_K2_V2_s35_step10000,learned,2,35,multifieldqa_zh,Single QA,143,73d5823be46a51a23d52c23bc6e787c231fa3931b6446afe,3513,0-4k,0.0
learned_K2_V2_s35_step10000,learned,2,35,multifieldqa_zh,Single QA,144,c013cef337f01c06a844c957a8da2635d6bb430c9045f4e3,3563,0-4k,55.99999999999999
learned_K2_V2_s35_step10000,learned,2,35,multifieldqa_zh,Single QA,145,8b1e9575286b24ab232b3874b97a937fbbce10d6fad6e097,5457,4-8k,18.181818181818183
learned_K2_V2_s35_step10000,learned,2,35,multifieldqa_zh,Single QA,146,d629526ca57cedd97bf583c643ba3ae7f1ec858c832f7321,4559,4-8k,25.0
learned_K2_V2_s35_step10000,learned,2,35,multifieldqa_zh,Single QA,147,f22ae40da8ccd470c995266c94d875402ca20b3c853b5112,3040,0-4k,50.0
learned_K2_V2_s35_step10000,learned,2,35,multifieldqa_zh,Single QA,148,8e90f8d138a1f6eb290de68a027dea865c913b63b8f241c8,9864,8k+,15.384615384615385
learned_K2_V2_s35_step10000,learned,2,35,multifieldqa_zh,Single QA,149,eadcb6b56e5521d72b195ba41007b89e949c395c9361b4ce,2574,0-4k,11.11111111111111
learned_K2_V2_s35_step10000,learned,2,35,multifieldqa_zh,Single QA,150,18b84ab65f0d863cbe42164ae64d18fb2a240cc5dfb2b8be,3681,0-4k,66.66666666666666
learned_K2_V2_s35_step10000,learned,2,35,multifieldqa_zh,Single QA,151,40ce191b2b2d361cbdcdefed7c282049194853a77573037a,3374,0-4k,51.28205128205129
learned_K2_V2_s35_step10000,learned,2,35,multifieldqa_zh,Single QA,152,e9e89c5faa8e5d8d702ff66c48e1f267b86ad447b9914e0c,8572,8k+,28.571428571428577
learned_K2_V2_s35_step10000,learned,2,35,multifieldqa_zh,Single QA,153,335b5773fc15d4867c245804d85f3e97e77233f0692f8a12,5806,4-8k,38.70967741935483
learned_K2_V2_s35_step10000,learned,2,35,multifieldqa_zh,Single QA,154,e28357354917ba0c909320cfcf0a60e799a93d10dc9bbf2f,5117,4-8k,11.76470588235294
learned_K2_V2_s35_step10000,learned,2,35,multifieldqa_zh,Single QA,155,8050d14c49310d4a924b2e3379ee0e09899ccc6959dc6c66,5470,4-8k,72.13114754098359
learned_K2_V2_s35_step10000,learned,2,35,multifieldqa_zh,Single QA,156,b6ec754d8e2cdc8334f3d3a6e7e8968d5ccaa50abdf3be53,14809,8k+,0.0
learned_K2_V2_s35_step10000,learned,2,35,multifieldqa_zh,Single QA,157,70b977394f382bfbf272b90da86e4abb33d264f140398ce6,6109,4-8k,41.66666666666667
learned_K2_V2_s35_step10000,learned,2,35,multifieldqa_zh,Single QA,158,e05f9b7ab17a095ea7527824b6e4b5512a02f0bf2026aa9e,2106,0-4k,40.0
learned_K2_V2_s35_step10000,learned,2,35,multifieldqa_zh,Single QA,159,7c968370909be9f48cc99186f365e940de6928fcc4926ebd,9790,8k+,100.0
learned_K2_V2_s35_step10000,learned,2,35,multifieldqa_zh,Single QA,160,095b5947f7eb707ef2ef32effe0929486330d093b557bf89,3560,0-4k,20.51282051282051
learned_K2_V2_s35_step10000,learned,2,35,multifieldqa_zh,Single QA,161,3186f38ef6828f69341f07dfd8e5fa9df391d518b84793f3,2772,0-4k,30.769230769230766
learned_K2_V2_s35_step10000,learned,2,35,multifieldqa_zh,Single QA,162,a35ddc134d17b063cffc496200fff3adda2557856e3fc1e1,13666,8k+,50.0
learned_K2_V2_s35_step10000,learned,2,35,multifieldqa_zh,Single QA,163,bcedff0a6829ca68f2c33247af3bea6f5fa81c8d2d940fa2,6433,4-8k,44.44444444444444
learned_K2_V2_s35_step10000,learned,2,35,multifieldqa_zh,Single QA,164,51abd2060651563dfb6982a9e5380c6dfdf7c4917056feed,9365,8k+,100.0
learned_K2_V2_s35_step10000,learned,2,35,multifieldqa_zh,Single QA,165,b4d69195880d872f66d3ecb1bc2bd79a77a261613c5973cf,8201,8k+,8.695652173913043
learned_K2_V2_s35_step10000,learned,2,35,multifieldqa_zh,Single QA,166,f4717221b7fd38ad210dc530d831fbf2ed029610a3a974a0,8963,8k+,82.3529411764706
learned_K2_V2_s35_step10000,learned,2,35,multifieldqa_zh,Single QA,167,464f89d5c7bce539575f56018a404625af0a69fb44dd02cf,13997,8k+,30.76923076923077
learned_K2_V2_s35_step10000,learned,2,35,multifieldqa_zh,Single QA,168,49a02ee5f39f4eb423975301ff21bf813da7a197f9ef1bfb,4473,4-8k,30.0
learned_K2_V2_s35_step10000,learned,2,35,multifieldqa_zh,Single QA,169,9b7f93ecaa562151af66fb632acf0fe59600a727c5573728,6444,4-8k,100.0
learned_K2_V2_s35_step10000,learned,2,35,multifieldqa_zh,Single QA,170,85c09503fc369e433c8a3421925ca49dedaf318296d69239,4688,4-8k,0.0
learned_K2_V2_s35_step10000,learned,2,35,multifieldqa_zh,Single QA,171,5242dc58061836c3ac87de93b2a86f6f4909a73fd56000fb,4143,4-8k,0.0
learned_K2_V2_s35_step10000,learned,2,35,multifieldqa_zh,Single QA,172,c9f0f312ab94c788ac03b29bfa5dac8fcd754f9cc9ec613c,8760,8k+,30.769230769230766
learned_K2_V2_s35_step10000,learned,2,35,multifieldqa_zh,Single QA,173,a025ab6d9403746045e93b42813feb0a3af5b79c73614731,6514,4-8k,77.77777777777779
learned_K2_V2_s35_step10000,learned,2,35,multifieldqa_zh,Single QA,174,a2c470a1bd0e6f85c72262b6e0a8545ead051cbb6847ffc5,9871,8k+,100.0
learned_K2_V2_s35_step10000,learned,2,35,multifieldqa_zh,Single QA,175,f0fa2996c6ff008c6436ab91028d6ba8c46a80733cb47460,9668,8k+,100.0
learned_K2_V2_s35_step10000,learned,2,35,multifieldqa_zh,Single QA,176,8eb3fa7637dfb03b1818c9f95b1be44f70ae82e159e13f89,4679,4-8k,100.0
learned_K2_V2_s35_step10000,learned,2,35,multifieldqa_zh,Single QA,177,77c6de45b24e9de2f4ff6b8c7da1754ef6d1c8c042c019ec,12668,8k+,25.531914893617024
learned_K2_V2_s35_step10000,learned,2,35,multifieldqa_zh,Single QA,178,789a44498ad1e9d50a71c67a9765e834ba0bb364c383446d,8058,8k+,0.0
learned_K2_V2_s35_step10000,learned,2,35,multifieldqa_zh,Single QA,179,dce93db1e7ea75371e336432495a6204b634e2721f633963,5396,4-8k,100.0
learned_K2_V2_s35_step10000,learned,2,35,multifieldqa_zh,Single QA,180,faf3dbdfec16d9e76909c6b66b2ce77e590b16a2deb918f5,10709,8k+,0.0
learned_K2_V2_s35_step10000,learned,2,35,multifieldqa_zh,Single QA,181,23c6a5601028da5a35e888eb9dbf34d8858f101e8cb0e7d7,3500,0-4k,100.0
learned_K2_V2_s35_step10000,learned,2,35,multifieldqa_zh,Single QA,182,53579c829595bc116a5ec28cc670ebbad29cb829fc976fed,10456,8k+,50.0
learned_K2_V2_s35_step10000,learned,2,35,multifieldqa_zh,Single QA,183,87bc3d04c6f924a4b27560e78f8b446e19ec779ffaba1524,10095,8k+,66.66666666666666
learned_K2_V2_s35_step10000,learned,2,35,multifieldqa_zh,Single QA,184,4975716e81bd9dc4d91b2a304cafb458b032f5f0b6313ff5,2195,0-4k,25.0
learned_K2_V2_s35_step10000,learned,2,35,multifieldqa_zh,Single QA,185,6e2f25796d05295949913c53d44dc6e19a8169190f804043,10540,8k+,80.0
learned_K2_V2_s35_step10000,learned,2,35,multifieldqa_zh,Single QA,186,faf9ec42032aa97dd44dfc578d377565d20ac456b3d89e0d,5128,4-8k,50.0
learned_K2_V2_s35_step10000,learned,2,35,multifieldqa_zh,Single QA,187,fa23209b013f89ff105432563be11bca7b6007d1d54e128a,7890,4-8k,100.0
learned_K2_V2_s35_step10000,learned,2,35,multifieldqa_zh,Single QA,188,4cbd1a7cc8c9577b9c6c7e174f9aa6000b1ac26d0443bc27,11679,8k+,70.0
learned_K2_V2_s35_step10000,learned,2,35,multifieldqa_zh,Single QA,189,cf2086b8e30e2266ea8626d2d7748c0997cb5c5ad6d6e453,12567,8k+,0.0
learned_K2_V2_s35_step10000,learned,2,35,multifieldqa_zh,Single QA,190,0ae90d7c660d080de6985ef91412dfd85bbf49921f8018dd,3525,0-4k,0.0
learned_K2_V2_s35_step10000,learned,2,35,multifieldqa_zh,Single QA,191,77e804f9c8315c30f9113d42ffe96cfd657aad69d515e00d,4727,4-8k,85.71428571428571
learned_K2_V2_s35_step10000,learned,2,35,multifieldqa_zh,Single QA,192,0d98a41303990b80eef67a5857cf2748109da304137a55c6,6085,4-8k,100.0
learned_K2_V2_s35_step10000,learned,2,35,multifieldqa_zh,Single QA,193,58fb54927d4416aabbbe68479eae60d25cac42c9cc7ce869,8511,8k+,100.0
learned_K2_V2_s35_step10000,learned,2,35,multifieldqa_zh,Single QA,194,f327ab95dfcc5212a35bb9090dc7e0fdda701d4e1dc0b267,13584,8k+,66.66666666666666
learned_K2_V2_s35_step10000,learned,2,35,multifieldqa_zh,Single QA,195,8cbae6c6e367fb5efa1413111697e5693602ae2c5ce7e30b,3531,0-4k,15.789473684210526
learned_K2_V2_s35_step10000,learned,2,35,multifieldqa_zh,Single QA,196,08dc41dedac7634bd95275dc7862d72dee032e3bb0e60269,5666,4-8k,100.0
learned_K2_V2_s35_step10000,learned,2,35,multifieldqa_zh,Single QA,197,97bc495066b026bd616ee1b802c833ab82db4157d0c73d46,4969,4-8k,35.294117647058826
learned_K2_V2_s35_step10000,learned,2,35,multifieldqa_zh,Single QA,198,476d0156589a5f5e3a576f4569ae1d6b3ea9069ae2b2ea8b,7531,4-8k,29.85074626865672
learned_K2_V2_s35_step10000,learned,2,35,multifieldqa_zh,Single QA,199,ff2e8727e5515b9c72889939a8c50e1cf8e362408b1dbe91,3367,0-4k,50.0
learned_K2_V2_s35_step10000,learned,2,35,hotpotqa,Single QA,0,fc6267db9ba02bbb251960231bc87251c581110e4e2b5f3f,8616,8k+,33.33333333333333
learned_K2_V2_s35_step10000,learned,2,35,hotpotqa,Single QA,1,d542fcd45bbf5112eee9127f04ae060a887c8ef2050aa160,11525,8k+,100.0
learned_K2_V2_s35_step10000,learned,2,35,hotpotqa,Single QA,2,cb9214532284b8202912b1b75592832daef0b109593185a0,11935,8k+,0.0
learned_K2_V2_s35_step10000,learned,2,35,hotpotqa,Single QA,3,105e7f4d337799315ddf870acc4ff2a62a1e6cdf489086cd,11879,8k+,0.0
learned_K2_V2_s35_step10000,learned,2,35,hotpotqa,Single QA,4,5ff08452b84748458e71d82a6d387599969311fd61cd8fd1,9865,8k+,24.000000000000004
learned_K2_V2_s35_step10000,learned,2,35,hotpotqa,Single QA,5,97b31d6d7a9137c220726ad51a6dca3e957e2c94ce5e65b8,10034,8k+,0.0
learned_K2_V2_s35_step10000,learned,2,35,hotpotqa,Single QA,6,11a7ad9d646184c16480376226d58f1b2754b095563c8344,9438,8k+,0.0
learned_K2_V2_s35_step10000,learned,2,35,hotpotqa,Single QA,7,3dd1ade26fd583844dd2af051d61eb20856ccc8e23abae59,1267,0-4k,100.0
learned_K2_V2_s35_step10000,learned,2,35,hotpotqa,Single QA,8,f039fe9cc81a0a312f9899beca2fe26b710bf8c3aa23a4d9,7877,4-8k,100.0
learned_K2_V2_s35_step10000,learned,2,35,hotpotqa,Single QA,9,a30caa5dafcc37835bfe4093f129017adf4c814e9016e10d,6021,4-8k,100.0
learned_K2_V2_s35_step10000,learned,2,35,hotpotqa,Single QA,10,72feb2a8e5b92548a357bfc11e94050464f93f1ce286418c,12090,8k+,50.0
learned_K2_V2_s35_step10000,learned,2,35,hotpotqa,Single QA,11,77439b0a62b6de3a022b1d7a5678c1c00fa8d9af42fea1bf,11381,8k+,0.0
learned_K2_V2_s35_step10000,learned,2,35,hotpotqa,Single QA,12,21bc398556b5612bf0437043cd2800e943bab5929c4bccc5,11127,8k+,100.0
learned_K2_V2_s35_step10000,learned,2,35,hotpotqa,Single QA,13,e0998dbc2db68c7b18adff7fcc67081acc865c974b721312,6961,4-8k,50.0
learned_K2_V2_s35_step10000,learned,2,35,hotpotqa,Single QA,14,139d2fcf8763003414ebd0187eb30b94930de13c4ab754a0,11852,8k+,9.090909090909092
learned_K2_V2_s35_step10000,learned,2,35,hotpotqa,Single QA,15,c261ca6aeaf366815232e91db1ef4dc8408cec3750c38ee9,8651,8k+,40.0
learned_K2_V2_s35_step10000,learned,2,35,hotpotqa,Single QA,16,ab016faac478c4acc6e9ed3ed87f9e29dbed47fd946be244,4109,4-8k,80.0
learned_K2_V2_s35_step10000,learned,2,35,hotpotqa,Single QA,17,cae319fad2385d30d79efac0fb61e58518fbdc0703be3b0f,12697,8k+,0.0
learned_K2_V2_s35_step10000,learned,2,35,hotpotqa,Single QA,18,e4df9576e5cd102024e81baf94a43325335d0ba2d8892041,10290,8k+,0.0
learned_K2_V2_s35_step10000,learned,2,35,hotpotqa,Single QA,19,5e3362de0244d2b96c83958c4d3229151999292c369b0197,11185,8k+,0.0
learned_K2_V2_s35_step10000,learned,2,35,hotpotqa,Single QA,20,fda38e0c47dcd2b4f1de4adefeb00ab431221c0ef9adeb31,8020,8k+,40.0
learned_K2_V2_s35_step10000,learned,2,35,hotpotqa,Single QA,21,ef245cc27251f559f3cd900c11c7bf9f303eec3c4b346802,9946,8k+,0.0
learned_K2_V2_s35_step10000,learned,2,35,hotpotqa,Single QA,22,3a75aba6bc2496016339474aef28ffdc9dbebdc00ccc166b,3766,0-4k,50.0
learned_K2_V2_s35_step10000,learned,2,35,hotpotqa,Single QA,23,3dc3db870ea907282d3160c597c4d618ae6ba2a6bdd712bb,8462,8k+,100.0
learned_K2_V2_s35_step10000,learned,2,35,hotpotqa,Single QA,24,26a5366c80c3a569c474a3990f3383beb125d34149e8ed3e,10483,8k+,100.0
learned_K2_V2_s35_step10000,learned,2,35,hotpotqa,Single QA,25,6eafb48c7a974b5097cb4752eb3853dbac8f622173d24e44,6361,4-8k,0.0
learned_K2_V2_s35_step10000,learned,2,35,hotpotqa,Single QA,26,1ceb1c91662d241b3421853112a91b5868d1b81fe3b88ce4,11209,8k+,100.0
learned_K2_V2_s35_step10000,learned,2,35,hotpotqa,Single QA,27,7e525340152c2f4b26d7fba85c680dde7b75af77356a7c22,5903,4-8k,0.0
learned_K2_V2_s35_step10000,learned,2,35,hotpotqa,Single QA,28,b6352c61b4a748448ce38882861cd5ae5f7f2869a81e92a1,2045,0-4k,100.0
learned_K2_V2_s35_step10000,learned,2,35,hotpotqa,Single QA,29,4b83e873a551cd83a2e409d2b4467f74dd332326fcbca843,11886,8k+,0.0
learned_K2_V2_s35_step10000,learned,2,35,hotpotqa,Single QA,30,cb677158d6f710ab0cb440b2024cc61c942a1ea4a963087d,12070,8k+,0.0
learned_K2_V2_s35_step10000,learned,2,35,hotpotqa,Single QA,31,4b1df711ec0557b9df23de534c1ce99b7f37528f643b8c29,10275,8k+,0.0
learned_K2_V2_s35_step10000,learned,2,35,hotpotqa,Single QA,32,02c6e6b95d2a200df20bea7495469c79b1d89ed560890ee3,9811,8k+,0.0
learned_K2_V2_s35_step10000,learned,2,35,hotpotqa,Single QA,33,3056e292ff1583fe84207873be57c6ec28c28b425087ca84,11339,8k+,50.0
learned_K2_V2_s35_step10000,learned,2,35,hotpotqa,Single QA,34,9729ff4cf6a13382c88896cf5a5b176d082cc1137c66b38b,9385,8k+,10.526315789473683
learned_K2_V2_s35_step10000,learned,2,35,hotpotqa,Single QA,35,220230ff5154e6f0ccad63965d06ce69a9226bd72cc32fa4,11830,8k+,100.0
learned_K2_V2_s35_step10000,learned,2,35,hotpotqa,Single QA,36,01aff89f9ce55470c12450b595c268a225a638582dac204f,11091,8k+,0.0
learned_K2_V2_s35_step10000,learned,2,35,hotpotqa,Single QA,37,b785963089bd7f81ee294751c688af85bfe2863dba623373,9169,8k+,0.0
learned_K2_V2_s35_step10000,learned,2,35,hotpotqa,Single QA,38,72a769d6d0fd1c5c90974e60ab97e88e6853b9115a7fb85e,11865,8k+,46.15384615384615
learned_K2_V2_s35_step10000,learned,2,35,hotpotqa,Single QA,39,207efa55e96afdf705e48bc57b58fc8232bb972a47073d50,11344,8k+,22.22222222222222
learned_K2_V2_s35_step10000,learned,2,35,hotpotqa,Single QA,40,ec3b5bcfa070b047c769413b99a2f32e4f5d2f803cf81a43,8315,8k+,50.0
learned_K2_V2_s35_step10000,learned,2,35,hotpotqa,Single QA,41,ed6c85899d2a29f6dc8e02ba62bc8f1b1043a8c135fdd132,11635,8k+,35.29411764705882
learned_K2_V2_s35_step10000,learned,2,35,hotpotqa,Single QA,42,4c34b33d7a545c4eba3848d54fc4568fdf186e849897aa6e,8515,8k+,66.66666666666666
learned_K2_V2_s35_step10000,learned,2,35,hotpotqa,Single QA,43,74ae5bfc8bdac7b560ec92b71604e86654f87b8f7fcbb30a,11577,8k+,100.0
learned_K2_V2_s35_step10000,learned,2,35,hotpotqa,Single QA,44,75f3798af3596cffefe8b932a00b1976f3f25fa0f42089fc,12247,8k+,0.0
learned_K2_V2_s35_step10000,learned,2,35,hotpotqa,Single QA,45,eac05e5d0936f802e28b0c5081a2c2a1a94fe4f2c20cb2df,9574,8k+,100.0
learned_K2_V2_s35_step10000,learned,2,35,hotpotqa,Single QA,46,1a71b5a73ffb21cb52d41e09b1f861748b60f1e59273a080,6346,4-8k,100.0
learned_K2_V2_s35_step10000,learned,2,35,hotpotqa,Single QA,47,963e90eba94bba5bf5cf56755032d7bd4a3e4e225d3b8d14,7662,4-8k,0.0
learned_K2_V2_s35_step10000,learned,2,35,hotpotqa,Single QA,48,99635fd2d7a227cb3360253cf0f5759ed87bbac33593d830,6717,4-8k,13.79310344827586
learned_K2_V2_s35_step10000,learned,2,35,hotpotqa,Single QA,49,76096cce081ab5b9ef72be19076ee0a79d9e9239474e8b73,11051,8k+,0.0
learned_K2_V2_s35_step10000,learned,2,35,hotpotqa,Single QA,50,670498f9d7fd2582c5791cad2fe212f580d316fa49a8a984,3291,0-4k,0.0
learned_K2_V2_s35_step10000,learned,2,35,hotpotqa,Single QA,51,2903a54db35e788f31a967bdfa021d64ac18ed7e1aed919a,11852,8k+,100.0
learned_K2_V2_s35_step10000,learned,2,35,hotpotqa,Single QA,52,a7c311f9f6423063e02c8236bdd83cc8059fcb9fe78b4fff,10635,8k+,0.0
learned_K2_V2_s35_step10000,learned,2,35,hotpotqa,Single QA,53,afa4eccc7b711ace3270c9cbcd784c971a4f0f8d22629ebf,5187,4-8k,0.0
learned_K2_V2_s35_step10000,learned,2,35,hotpotqa,Single QA,54,fddb2049ab13cf002eb07f658ae13d9f99d83538ed881e9b,6222,4-8k,0.0
learned_K2_V2_s35_step10000,learned,2,35,hotpotqa,Single QA,55,87fd3f0590498461d595ff1823632c79b66cf313cf55fbb3,9537,8k+,0.0
learned_K2_V2_s35_step10000,learned,2,35,hotpotqa,Single QA,56,47b3fb2eb0b90839a7887fa2138662a58c0170c96479190a,10232,8k+,50.0
learned_K2_V2_s35_step10000,learned,2,35,hotpotqa,Single QA,57,4b0f3138abafd9fe2f3a16c3b2ffd55199bc3771070b5cd9,11849,8k+,100.0
learned_K2_V2_s35_step10000,learned,2,35,hotpotqa,Single QA,58,ff048b34a9405c880ccf710acdf1a53244e6039cb76c793a,11456,8k+,100.0
learned_K2_V2_s35_step10000,learned,2,35,hotpotqa,Single QA,59,d9f5437fa85841cb12798def39a30721d3d2d140b4982854,8823,8k+,11.76470588235294
learned_K2_V2_s35_step10000,learned,2,35,hotpotqa,Single QA,60,93d2774c99edbde88789a9f989642ff160871ca09e66e46a,12372,8k+,0.0
learned_K2_V2_s35_step10000,learned,2,35,hotpotqa,Single QA,61,de85aaa5c535ba20bdcad5fbabfe13a03687374265a57b44,3708,0-4k,0.0
learned_K2_V2_s35_step10000,learned,2,35,hotpotqa,Single QA,62,232c2ba7b8bb5f22b77e5c55961d0cd0fe673d26870e157b,10261,8k+,0.0
learned_K2_V2_s35_step10000,learned,2,35,hotpotqa,Single QA,63,780b1664552881f2c14a0d943e746855f83709a5399bb4aa,9594,8k+,0.0
learned_K2_V2_s35_step10000,learned,2,35,hotpotqa,Single QA,64,0a44085d7963681015a69416470b86da02135ac722d6301b,12150,8k+,100.0
learned_K2_V2_s35_step10000,learned,2,35,hotpotqa,Single QA,65,f1c0b9a9ec47ccda8ba4b1be0ca7083b961ba0f06b2a4df7,10589,8k+,80.0
learned_K2_V2_s35_step10000,learned,2,35,hotpotqa,Single QA,66,75439ed8609c12817aaee0fa4f749aebb3e4a36dfa72390e,9116,8k+,100.0
learned_K2_V2_s35_step10000,learned,2,35,hotpotqa,Single QA,67,8a5d7c131d291d2c7cf2c20ea36a629f969402e0c50a8a8a,8149,8k+,0.0
learned_K2_V2_s35_step10000,learned,2,35,hotpotqa,Single QA,68,cf16ba255ad4b7b0fdae56093ac7d5fb58487dc24f2659e2,9331,8k+,100.0
learned_K2_V2_s35_step10000,learned,2,35,hotpotqa,Single QA,69,9a19f9594aa73716dd38bcbd5ff1c04e57a6649800570f80,11899,8k+,100.0
learned_K2_V2_s35_step10000,learned,2,35,hotpotqa,Single QA,70,0879d3f078165bdc1aabca26c8526e66d3959e8ab2c6d903,9716,8k+,50.0
learned_K2_V2_s35_step10000,learned,2,35,hotpotqa,Single QA,71,98bf7e9946e86278d6d2b938d751861981c5fe14c356ea68,11550,8k+,100.0
learned_K2_V2_s35_step10000,learned,2,35,hotpotqa,Single QA,72,6320310adc4a826b1bb240c63ac1735b7b29e93a59782364,6601,4-8k,0.0
learned_K2_V2_s35_step10000,learned,2,35,hotpotqa,Single QA,73,11b4c60bf00735e20ae817b940d86aa8922e2fcdaa3a0b47,8751,8k+,100.0
learned_K2_V2_s35_step10000,learned,2,35,hotpotqa,Single QA,74,c47c8d3b1917f017cafaecbb4cddd6b92171854247957c08,8392,8k+,100.0
learned_K2_V2_s35_step10000,learned,2,35,hotpotqa,Single QA,75,f536646dd72a8a4f5ebddec61a67b8319dc9187d47bb7fc6,4029,4-8k,0.0
learned_K2_V2_s35_step10000,learned,2,35,hotpotqa,Single QA,76,6e541b3b8fc7e59da0da6548a17932b403b2e865d4036982,10490,8k+,100.0
learned_K2_V2_s35_step10000,learned,2,35,hotpotqa,Single QA,77,6eca7d7affce3375ec084f6356c6fc8ddf75eda0f6a4382f,10479,8k+,100.0
learned_K2_V2_s35_step10000,learned,2,35,hotpotqa,Single QA,78,5e7675388334946fc508c4c8ac4ab0c491910fcc0e048bfd,3945,0-4k,66.66666666666666
learned_K2_V2_s35_step10000,learned,2,35,hotpotqa,Single QA,79,8bcda9c521bb7cb5dcd9a8d4987bd5bcf4ec455a84c62f81,6415,4-8k,0.0
learned_K2_V2_s35_step10000,learned,2,35,hotpotqa,Single QA,80,1d81e1f410acc77f1d9a844f811045c2cecb0fdc9e717d41,6674,4-8k,50.0
learned_K2_V2_s35_step10000,learned,2,35,hotpotqa,Single QA,81,77a3188a3b97619e1661cc289bb1a951308223219592696b,12479,8k+,80.0
learned_K2_V2_s35_step10000,learned,2,35,hotpotqa,Single QA,82,a16ac581bde4459861c8681858b07f82363f66142beed4c2,11314,8k+,100.0
learned_K2_V2_s35_step10000,learned,2,35,hotpotqa,Single QA,83,81d43196cac0effe1645b207f826a30550efc3126c35371e,6297,4-8k,40.0
learned_K2_V2_s35_step10000,learned,2,35,hotpotqa,Single QA,84,3e4cce5082e968aec7f0c008b1acbd111f505d0579d1c9ee,11891,8k+,84.21052631578948
learned_K2_V2_s35_step10000,learned,2,35,hotpotqa,Single QA,85,9dc6d234e2406aef691ea02ddc2064f343fc30cbc534c937,3135,0-4k,100.0
learned_K2_V2_s35_step10000,learned,2,35,hotpotqa,Single QA,86,7bb5645d62fc946b46910757e007f59e87f52bbf8535da58,11424,8k+,0.0
learned_K2_V2_s35_step10000,learned,2,35,hotpotqa,Single QA,87,21849142d27a4c8410bf8e8042f016054a0a0493e0e8b6e6,11061,8k+,100.0
learned_K2_V2_s35_step10000,learned,2,35,hotpotqa,Single QA,88,73d978e7e37a9c7475daa9151f9ead2bd3042e72988cafdd,10681,8k+,0.0
learned_K2_V2_s35_step10000,learned,2,35,hotpotqa,Single QA,89,f5ca9a0360773900f848072d3d7c63034922bdd0e6925e64,7370,4-8k,0.0
learned_K2_V2_s35_step10000,learned,2,35,hotpotqa,Single QA,90,e7875d33cdf7138818681e7bb2a13310bba28ea94550d64f,7697,4-8k,0.0
learned_K2_V2_s35_step10000,learned,2,35,hotpotqa,Single QA,91,561c378ca284bab34f735f05e21dae8653ca251f6480d6e4,12308,8k+,0.0
learned_K2_V2_s35_step10000,learned,2,35,hotpotqa,Single QA,92,4aee23759e842807b156492356b920a11236c7ea3da20732,11675,8k+,100.0
learned_K2_V2_s35_step10000,learned,2,35,hotpotqa,Single QA,93,3df75e9b85781f83af8d3011cedb0c5fc6725f3489e48e54,11567,8k+,0.0
learned_K2_V2_s35_step10000,learned,2,35,hotpotqa,Single QA,94,6d8f9be94b67277442c42aa9b437edaf901efec0d0959bda,7865,4-8k,100.0
learned_K2_V2_s35_step10000,learned,2,35,hotpotqa,Single QA,95,b7af427ee230063a2aabb35691c7a81670c0b7e85ac3b7b2,11812,8k+,0.0
learned_K2_V2_s35_step10000,learned,2,35,hotpotqa,Single QA,96,666b2401378aceb59c9a4d6cc75b006f7c6af8a00c7d6f19,12038,8k+,0.0
learned_K2_V2_s35_step10000,learned,2,35,hotpotqa,Single QA,97,a2bb6c8de2a57c51b35e9d5c005cf46e1c0457f4086ef77d,9588,8k+,0.0
learned_K2_V2_s35_step10000,learned,2,35,hotpotqa,Single QA,98,9fe92e20febe504670266d638939a94fc57c3cf8fe9cf948,6509,4-8k,100.0
learned_K2_V2_s35_step10000,learned,2,35,hotpotqa,Single QA,99,203709148e7052e14bf493f95037458b606b42f2fff54c79,12402,8k+,100.0
learned_K2_V2_s35_step10000,learned,2,35,hotpotqa,Single QA,100,2bfda75e23447ca7e3213d01331c31816f30190a2ff6df71,10843,8k+,100.0
learned_K2_V2_s35_step10000,learned,2,35,hotpotqa,Single QA,101,f1ea70c4e2c13d2fda1feda75a72a345c0e91f083220e95a,10994,8k+,57.14285714285715
learned_K2_V2_s35_step10000,learned,2,35,hotpotqa,Single QA,102,60ec93a22fbcb65eeadd9f1d2b3c8e4ed44d3a2c4285b168,8209,8k+,0.0
learned_K2_V2_s35_step10000,learned,2,35,hotpotqa,Single QA,103,bcd98af30c2eb7ce1233459715d27f428b111d12fea529b4,6055,4-8k,100.0
learned_K2_V2_s35_step10000,learned,2,35,hotpotqa,Single QA,104,4636487a1855382398fe1e54284cb7dd3d7b8d178ac4a476,11592,8k+,0.0
learned_K2_V2_s35_step10000,learned,2,35,hotpotqa,Single QA,105,a93aa642fb8802a99b36cd62febe1c4e995096a9320b00c5,11463,8k+,100.0
learned_K2_V2_s35_step10000,learned,2,35,hotpotqa,Single QA,106,9336554e511e88766228ffa1acd1c6f82c9a41046514c253,12353,8k+,0.0
learned_K2_V2_s35_step10000,learned,2,35,hotpotqa,Single QA,107,fbd2e6218ec7c8fc1a90b05bf6858a15d376704a278fa79f,10626,8k+,25.0
learned_K2_V2_s35_step10000,learned,2,35,hotpotqa,Single QA,108,0aaabfd136117761896b5931d7b468ff8c61909e00140470,11201,8k+,0.0
learned_K2_V2_s35_step10000,learned,2,35,hotpotqa,Single QA,109,d18fde9d0b8da2a2febb67a679847ee4ee3259e85a9565f4,8030,8k+,0.0
learned_K2_V2_s35_step10000,learned,2,35,hotpotqa,Single QA,110,5affd6b287c8ce97502760e33a71598e8eee24b78c3dd95c,11879,8k+,0.0
learned_K2_V2_s35_step10000,learned,2,35,hotpotqa,Single QA,111,56dbceaf2e826fbb177035f03d7a263d62365856f21f39da,11993,8k+,100.0
learned_K2_V2_s35_step10000,learned,2,35,hotpotqa,Single QA,112,ee07a420f322205e992788e25c0b256cadcd99abd359ff0f,10968,8k+,100.0
learned_K2_V2_s35_step10000,learned,2,35,hotpotqa,Single QA,113,795ed5382ff9378f90123aedc2b638c049411295c5678466,10766,8k+,100.0
learned_K2_V2_s35_step10000,learned,2,35,hotpotqa,Single QA,114,4d6aafffd109cb61fd543f44bda770fda0cf1e1c3798548b,3326,0-4k,0.0
learned_K2_V2_s35_step10000,learned,2,35,hotpotqa,Single QA,115,7528b0be35e8e6007f07c98b9f2d45ee1c854298134aba5c,8556,8k+,50.0
learned_K2_V2_s35_step10000,learned,2,35,hotpotqa,Single QA,116,38bd41e515abf2a44d29c593748db043ba2276d93938fdad,8571,8k+,66.66666666666666
learned_K2_V2_s35_step10000,learned,2,35,hotpotqa,Single QA,117,e54d1e07a1fc2ce2afdf7e75f79561d8fe0abd22f4d8bd53,11970,8k+,76.1904761904762
learned_K2_V2_s35_step10000,learned,2,35,hotpotqa,Single QA,118,034b6ac41cd902b7fbde6b304eb2930d8eea616924ba461f,8524,8k+,100.0
learned_K2_V2_s35_step10000,learned,2,35,hotpotqa,Single QA,119,b4dfcf1c4f152ba5684531d0eaa43f33ec5b185b92a36884,11587,8k+,100.0
learned_K2_V2_s35_step10000,learned,2,35,hotpotqa,Single QA,120,1fd7df3ba224e985f87e976c7a4a67ddc1012a249a542bea,2491,0-4k,0.0
learned_K2_V2_s35_step10000,learned,2,35,hotpotqa,Single QA,121,3faa54c1f192293c709684aa60c6e2e8cfe34ff55c8b6248,4266,4-8k,0.0
learned_K2_V2_s35_step10000,learned,2,35,hotpotqa,Single QA,122,9303f959145f198df63d2d7ec604a9d6efcb3e8daca89e91,11168,8k+,0.0
learned_K2_V2_s35_step10000,learned,2,35,hotpotqa,Single QA,123,a18c0ece7c2ae88d2f9f3ffc5eaa13297a1b5d0125a172ad,10145,8k+,0.0
learned_K2_V2_s35_step10000,learned,2,35,hotpotqa,Single QA,124,22a4122731366b93dd7495f9cb64b9312537fbe85797efbc,11526,8k+,100.0
learned_K2_V2_s35_step10000,learned,2,35,hotpotqa,Single QA,125,c16a3dd0b5b97180359715cab5c41d528cf2a99e2744f037,8413,8k+,100.0
learned_K2_V2_s35_step10000,learned,2,35,hotpotqa,Single QA,126,d7d92c85b8becc33e60fc03507933f8eaf53b5e1067286de,3539,0-4k,57.14285714285715
learned_K2_V2_s35_step10000,learned,2,35,hotpotqa,Single QA,127,480b33cc38878ea4fe81b796d09ba2d10cca554611e323ec,5487,4-8k,0.0
learned_K2_V2_s35_step10000,learned,2,35,hotpotqa,Single QA,128,ad26b1fdaa97e8ef1c290a41a9151cc6b453756cb2715176,11738,8k+,0.0
learned_K2_V2_s35_step10000,learned,2,35,hotpotqa,Single QA,129,78e73e15102e688a5b5f43155b11658907db8caa30fdb16e,1078,0-4k,0.0
learned_K2_V2_s35_step10000,learned,2,35,hotpotqa,Single QA,130,e5e18488f0e900206332a857f70da66dc59829937c913ff0,9597,8k+,40.0
learned_K2_V2_s35_step10000,learned,2,35,hotpotqa,Single QA,131,887be3f3f2080532b3c0f1dc4d26be4f8a06030bf2e68a1a,8291,8k+,100.0
learned_K2_V2_s35_step10000,learned,2,35,hotpotqa,Single QA,132,2bf8384417cec2f1a2d43a2602326d90a97622d87898b1cc,8995,8k+,80.0
learned_K2_V2_s35_step10000,learned,2,35,hotpotqa,Single QA,133,826474c90684b1813df9324f779959a5e060d1cfc893a85f,6337,4-8k,100.0
learned_K2_V2_s35_step10000,learned,2,35,hotpotqa,Single QA,134,54d1487358089d52613d8e6970c3efdd5c56d112159d2810,11365,8k+,0.0
learned_K2_V2_s35_step10000,learned,2,35,hotpotqa,Single QA,135,5748ce1eca37fc55596e58fcff71e45363396002d28e0af9,7563,4-8k,0.0
learned_K2_V2_s35_step10000,learned,2,35,hotpotqa,Single QA,136,302ee593ca790dfb2dcbfd4341817fc64f8d106f65f61867,4556,4-8k,0.0
learned_K2_V2_s35_step10000,learned,2,35,hotpotqa,Single QA,137,efc793ac73a0341a7cc35ea6872a89be3d4fed5f64c1e043,12021,8k+,0.0
learned_K2_V2_s35_step10000,learned,2,35,hotpotqa,Single QA,138,b3647c02310a89ccb2822c163da3bead1ad3cd21948d4769,12338,8k+,100.0
learned_K2_V2_s35_step10000,learned,2,35,hotpotqa,Single QA,139,dc14a859291c1d678432626f6f7974f8ecca536f4b7bdd6c,11449,8k+,19.04761904761905
learned_K2_V2_s35_step10000,learned,2,35,hotpotqa,Single QA,140,75d66ce7bb5fbcea2d942895c0b10144ba9a94282e2e9f15,7658,4-8k,0.0
learned_K2_V2_s35_step10000,learned,2,35,hotpotqa,Single QA,141,ea58013717bdbe9f0bad1991ed03d1afe3208bf514d9a2cd,10664,8k+,0.0
learned_K2_V2_s35_step10000,learned,2,35,hotpotqa,Single QA,142,228572a285ddcbb4947f362c07531238d1eec58e0fe0cfc6,11934,8k+,0.0
learned_K2_V2_s35_step10000,learned,2,35,hotpotqa,Single QA,143,1650b91e6fb722111b6461fc9524295246c3bd3b1a342267,11398,8k+,0.0
learned_K2_V2_s35_step10000,learned,2,35,hotpotqa,Single QA,144,e9b828ee7169d1978f3bcb6de5bbb0f54f9ee3bfc0ffdb8b,12544,8k+,100.0
learned_K2_V2_s35_step10000,learned,2,35,hotpotqa,Single QA,145,88b095fb93df1d962625daa1796a46ce4721c316b0ab819b,12082,8k+,0.0
learned_K2_V2_s35_step10000,learned,2,35,hotpotqa,Single QA,146,690c31a6d6263dacd649fefc5b5cfa94210205fdcdb43905,12023,8k+,100.0
learned_K2_V2_s35_step10000,learned,2,35,hotpotqa,Single QA,147,e9348ea3d217789522ba17d5dd2c69c01bacc9d677c614a4,9364,8k+,0.0
learned_K2_V2_s35_step10000,learned,2,35,hotpotqa,Single QA,148,781060824875cb0343a110f5e6f83d46e638cbb89e2ad7c6,7336,4-8k,57.14285714285715
learned_K2_V2_s35_step10000,learned,2,35,hotpotqa,Single QA,149,8e9e0bac1908657b2f48452fe70dd4f7ab765b9633b75627,11723,8k+,0.0
learned_K2_V2_s35_step10000,learned,2,35,hotpotqa,Single QA,150,e8ba4badc3c5d30cc0942ede8df86a72257c492c07025dab,9898,8k+,100.0
learned_K2_V2_s35_step10000,learned,2,35,hotpotqa,Single QA,151,3f17f12cfde4c677f3af81362ce1df42f949bee1ceae40f4,10206,8k+,100.0
learned_K2_V2_s35_step10000,learned,2,35,hotpotqa,Single QA,152,83df22880fee9f761464404ca2ff6ab21954e6b0827b4142,11179,8k+,100.0
learned_K2_V2_s35_step10000,learned,2,35,hotpotqa,Single QA,153,3518c800877d0b8cc48ca575de745502b472a139564ffa46,8723,8k+,100.0
learned_K2_V2_s35_step10000,learned,2,35,hotpotqa,Single QA,154,3acb0cc0a04a3f71078ee120e1b7ca4f089548b7cc8a8056,4374,4-8k,0.0
learned_K2_V2_s35_step10000,learned,2,35,hotpotqa,Single QA,155,90caafc7fe51eee4143874971f67bb3e0107d26179c437f7,4002,4-8k,66.66666666666666
learned_K2_V2_s35_step10000,learned,2,35,hotpotqa,Single QA,156,8fddd32ef1d88a5f8fde49152fc015eb80b3d60d1108d073,12183,8k+,100.0
learned_K2_V2_s35_step10000,learned,2,35,hotpotqa,Single QA,157,bb5fb55b76b2e47a59f48907aca9db96fafabd5b874e83cf,11862,8k+,66.66666666666666
learned_K2_V2_s35_step10000,learned,2,35,hotpotqa,Single QA,158,e0a5da9581af9a4a573423cbdcf207c5436dc35ff8a9d380,7725,4-8k,0.0
learned_K2_V2_s35_step10000,learned,2,35,hotpotqa,Single QA,159,d136a5063f8e7f5594182b51b05d626ca0671aea2ba22226,6236,4-8k,0.0
learned_K2_V2_s35_step10000,learned,2,35,hotpotqa,Single QA,160,07f505d321fd7a7c04e158059cb69ac3ac7ecdebfb03037d,7355,4-8k,0.0
learned_K2_V2_s35_step10000,learned,2,35,hotpotqa,Single QA,161,019dbd177ddcff6752aaabc8c0e459f3ae4003f718bd672b,8104,8k+,100.0
learned_K2_V2_s35_step10000,learned,2,35,hotpotqa,Single QA,162,a1cce86489841f2514678029dbe95b7289b9d47f52f44939,7675,4-8k,100.0
learned_K2_V2_s35_step10000,learned,2,35,hotpotqa,Single QA,163,4b753aee2d76b79f12f1b8708dd61bde51405af6fe602520,10454,8k+,50.0
learned_K2_V2_s35_step10000,learned,2,35,hotpotqa,Single QA,164,0118217cf85bd94f6a5f65952212eb05e7176fd3b18c694a,10535,8k+,0.0
learned_K2_V2_s35_step10000,learned,2,35,hotpotqa,Single QA,165,c9f8b2166f7c44bf2e0843b2c77fb9fa5738af275555ca73,2496,0-4k,100.0
learned_K2_V2_s35_step10000,learned,2,35,hotpotqa,Single QA,166,a3859ad1c8ffbce9bb2952f83cb463cc7051072c38eb8d70,11183,8k+,0.0
learned_K2_V2_s35_step10000,learned,2,35,hotpotqa,Single QA,167,4567b6935bf5c64a1974b1089d67d176d9acac6b29836cb7,2808,0-4k,66.66666666666666
learned_K2_V2_s35_step10000,learned,2,35,hotpotqa,Single QA,168,f327fe18cfe320df9685d7195f33d41745a432e769476dd0,11434,8k+,100.0
learned_K2_V2_s35_step10000,learned,2,35,hotpotqa,Single QA,169,4cdf613f05eaa834f5867ee486ec94d47587f09b5a7bb6db,10461,8k+,35.294117647058826
learned_K2_V2_s35_step10000,learned,2,35,hotpotqa,Single QA,170,1df269c3eca341348a837f39c628f59aa40d663c07875d24,11212,8k+,0.0
learned_K2_V2_s35_step10000,learned,2,35,hotpotqa,Single QA,171,d6fe5bc54941b566b3c88598bbc459ee4d7098d6c6f22c4d,10878,8k+,18.181818181818183
learned_K2_V2_s35_step10000,learned,2,35,hotpotqa,Single QA,172,d3249d0550c7105bdd4ed60c9ca9d955db08d362574c2086,10355,8k+,100.0
learned_K2_V2_s35_step10000,learned,2,35,hotpotqa,Single QA,173,7d3bc2e36b406094cb586b4eeb07f13a7f1ac9dfbdce7d1f,11419,8k+,80.0
learned_K2_V2_s35_step10000,learned,2,35,hotpotqa,Single QA,174,bf8ee342564ae21a17b169023f83a20220a63198827a0232,10063,8k+,100.0
learned_K2_V2_s35_step10000,learned,2,35,hotpotqa,Single QA,175,c274ce731f680eb107c70386e2e341615378165ecc22799e,4660,4-8k,100.0
learned_K2_V2_s35_step10000,learned,2,35,hotpotqa,Single QA,176,861e7d3ba836f6a816d0265dc1c9f5566ef4d22b8de223ca,11780,8k+,10.526315789473685
learned_K2_V2_s35_step10000,learned,2,35,hotpotqa,Single QA,177,6c64a81fa526cb96d0a191d9cbd85a7e917b5d4f03b316d7,10058,8k+,0.0
learned_K2_V2_s35_step10000,learned,2,35,hotpotqa,Single QA,178,b84411acb9b2e39a68f92ed9e164eb053d3dd9ba4160f0af,5595,4-8k,0.0
learned_K2_V2_s35_step10000,learned,2,35,hotpotqa,Single QA,179,de202b6e76dc82831c7f14a6d4346d84b0c0e5e3783356cf,11759,8k+,0.0
learned_K2_V2_s35_step10000,learned,2,35,hotpotqa,Single QA,180,e0873e8c51c3e473d614f6ff9705557ec2f37972ec4be718,11577,8k+,66.66666666666666
learned_K2_V2_s35_step10000,learned,2,35,hotpotqa,Single QA,181,c1cfe7334235bf4a9ef11293d8be2d4055a70ac89334be2c,4400,4-8k,0.0
learned_K2_V2_s35_step10000,learned,2,35,hotpotqa,Single QA,182,de89026c970fbb6dff04176107b9cf20407d155bc1ae2eec,8698,8k+,25.0
learned_K2_V2_s35_step10000,learned,2,35,hotpotqa,Single QA,183,c6c1401ec6e635eac28b985621cf59bde9e416cac2b30080,9019,8k+,100.0
learned_K2_V2_s35_step10000,learned,2,35,hotpotqa,Single QA,184,3ece2c87c1ddea4a504fd1c67fe75d34ca8f818bd9ea15d0,8396,8k+,100.0
learned_K2_V2_s35_step10000,learned,2,35,hotpotqa,Single QA,185,ce14f5dd15a5819d08a11f04e015e35a6f3640119973f806,11276,8k+,100.0
learned_K2_V2_s35_step10000,learned,2,35,hotpotqa,Single QA,186,d3b2acfdec13f925424cd7d96b689557edfd08e6dd6177b7,10564,8k+,0.0
learned_K2_V2_s35_step10000,learned,2,35,hotpotqa,Single QA,187,c5d6aa8cb0ad17a88eb66d578e86f783e3ac1f3684df9425,5636,4-8k,0.0
learned_K2_V2_s35_step10000,learned,2,35,hotpotqa,Single QA,188,31386c51d334a83befff8c1264657e197fad8b2885906939,6763,4-8k,0.0
learned_K2_V2_s35_step10000,learned,2,35,hotpotqa,Single QA,189,27190bb50ab7e97f74e2feec7dc3ef037f1a1c74d335ecb1,11053,8k+,0.0
learned_K2_V2_s35_step10000,learned,2,35,hotpotqa,Single QA,190,b524574cca42824f963480aae00867719108113389d087d3,11460,8k+,66.66666666666666
learned_K2_V2_s35_step10000,learned,2,35,hotpotqa,Single QA,191,d3b197d5b4da1198fc9c232524faced0f528b89f919b8061,3506,0-4k,0.0
learned_K2_V2_s35_step10000,learned,2,35,hotpotqa,Single QA,192,0d6a7aae6f7e00180107c47a73dedda18caf3949666c4d55,8113,8k+,80.0
learned_K2_V2_s35_step10000,learned,2,35,hotpotqa,Single QA,193,c5f1f53de09eb82eae93ae68a9581141a8cc8f3df6851926,5091,4-8k,100.0
learned_K2_V2_s35_step10000,learned,2,35,hotpotqa,Single QA,194,5fc84dadeb648a27c3aaa64698a5bec5d2ef23eb32e22e44,11685,8k+,33.33333333333333
learned_K2_V2_s35_step10000,learned,2,35,hotpotqa,Single QA,195,40b5d54934bcf22bb9267e605c49d46509f3bd41b1a34c31,7720,4-8k,0.0
learned_K2_V2_s35_step10000,learned,2,35,hotpotqa,Single QA,196,c9ee71b5dc7f5a4538d7727c95f80c174d3c9819dfbeac5a,10424,8k+,100.0
learned_K2_V2_s35_step10000,learned,2,35,hotpotqa,Single QA,197,4670f2a542ac06d27e47a74a042cf57f743fba34722a7dc5,2412,0-4k,100.0
learned_K2_V2_s35_step10000,learned,2,35,hotpotqa,Single QA,198,f2da37b927d3f8ce752b69d7149a6eb31aa738d123f8fdb6,11900,8k+,57.14285714285715
learned_K2_V2_s35_step10000,learned,2,35,hotpotqa,Single QA,199,5da42038bb9d29bb30e4094504ad06dc2d43afa373568686,3777,0-4k,100.0
learned_K2_V2_s35_step10000,learned,2,35,2wikimqa,Single QA,0,41ac2a4beb0af8f58d01863a62b90692f7c7d74b5e3a58d9,4696,4-8k,100.0
learned_K2_V2_s35_step10000,learned,2,35,2wikimqa,Single QA,1,3924e4ac5039ce3fadda49604bfcb0f5238af81774616e53,4776,4-8k,0.0
learned_K2_V2_s35_step10000,learned,2,35,2wikimqa,Single QA,2,2c952e3e1ca394df975103b3135b3c38e0ee16e25d860258,4274,4-8k,0.0
learned_K2_V2_s35_step10000,learned,2,35,2wikimqa,Single QA,3,aec83da1f2faf6ec8badfd53d632f525c9ef2090d99d1c6c,8125,8k+,100.0
learned_K2_V2_s35_step10000,learned,2,35,2wikimqa,Single QA,4,4b28d517ce1c1e3cfec9282ca7b212c1cb87c254781d7c86,4621,4-8k,0.0
learned_K2_V2_s35_step10000,learned,2,35,2wikimqa,Single QA,5,81cd47ec621f2228d8bb4ec351ffd6b23d23107e5b287ffb,4625,4-8k,25.0
learned_K2_V2_s35_step10000,learned,2,35,2wikimqa,Single QA,6,048e82b64b5651b74d452db7151c2110a718128dfd12a774,5001,4-8k,0.0
learned_K2_V2_s35_step10000,learned,2,35,2wikimqa,Single QA,7,c8fd8db4d295aef41a9434299a8eeffb9af5e2bbcde4f13a,7639,4-8k,0.0
learned_K2_V2_s35_step10000,learned,2,35,2wikimqa,Single QA,8,4db5bcd1d49fce674507d9128850eb71b808b7dc4246e882,3964,0-4k,85.71428571428571
learned_K2_V2_s35_step10000,learned,2,35,2wikimqa,Single QA,9,be97290f663a83ba27007dd262ca2a6072c9156f775a24ad,5162,4-8k,54.54545454545454
learned_K2_V2_s35_step10000,learned,2,35,2wikimqa,Single QA,10,538d0eac8ec082e93d6f273237fafd1f23fb405e35bad84e,10338,8k+,100.0
learned_K2_V2_s35_step10000,learned,2,35,2wikimqa,Single QA,11,37022dee1597491021c2aa7522276a600eb0dd316f12cbb6,3596,0-4k,33.33333333333333
learned_K2_V2_s35_step10000,learned,2,35,2wikimqa,Single QA,12,90f7f51f0c27f041e730cf8893f79f3f40fcb0aab1820a4d,1280,0-4k,60.0
learned_K2_V2_s35_step10000,learned,2,35,2wikimqa,Single QA,13,ee29eb2556135405fa19a48b0abdff0aceddef7594169c33,3432,0-4k,0.0
learned_K2_V2_s35_step10000,learned,2,35,2wikimqa,Single QA,14,2a398d925d3607c94ffb2d0cf9fe2fe6da6e9970ce95578a,4442,4-8k,0.0
learned_K2_V2_s35_step10000,learned,2,35,2wikimqa,Single QA,15,8d3cf7916a2f8a2762de13a9520b6350e46464fbf7f63dd5,10444,8k+,0.0
learned_K2_V2_s35_step10000,learned,2,35,2wikimqa,Single QA,16,5844352bd3fe5898756970abec3099ec694be6ad15c498db,1696,0-4k,50.0
learned_K2_V2_s35_step10000,learned,2,35,2wikimqa,Single QA,17,4413705182b57f12dc553e0919b50fd3c3b111cb4d82d12f,5932,4-8k,100.0
learned_K2_V2_s35_step10000,learned,2,35,2wikimqa,Single QA,18,cc32d31bbeb3e0d8787e963cf0843ae6b22f33817eb5a587,535,0-4k,100.0
learned_K2_V2_s35_step10000,learned,2,35,2wikimqa,Single QA,19,b3845fcad97309850a76e3720cd829a45d2bb12ee29a9cfb,3532,0-4k,100.0
learned_K2_V2_s35_step10000,learned,2,35,2wikimqa,Single QA,20,236eb4a8c2ba63d96ed3b6aec9ff7b00fa5e4df1173dd01c,2782,0-4k,0.0
learned_K2_V2_s35_step10000,learned,2,35,2wikimqa,Single QA,21,e026b7c57d2d759c12652fae6421931fe4f8cf8745ff9bdb,7578,4-8k,0.0
learned_K2_V2_s35_step10000,learned,2,35,2wikimqa,Single QA,22,8dedfb4f00b873379cb4457d81113516b8db6c4017a1c912,9013,8k+,0.0
learned_K2_V2_s35_step10000,learned,2,35,2wikimqa,Single QA,23,7c0b13a81d9d58791b71c2d8e46d2d063de3b9e89c75335f,6026,4-8k,21.052631578947366
learned_K2_V2_s35_step10000,learned,2,35,2wikimqa,Single QA,24,655c0c4e465b47d7fd829d3a487705991f4c059cee3c9aed,6192,4-8k,0.0
learned_K2_V2_s35_step10000,learned,2,35,2wikimqa,Single QA,25,8720ebfc91b6860392a2b7b0ba954b0cd16ffd8c360a1f2b,889,0-4k,100.0
learned_K2_V2_s35_step10000,learned,2,35,2wikimqa,Single QA,26,919cc6b1e482c475dc93740aae3549bc6012d644fb29562c,3517,0-4k,100.0
learned_K2_V2_s35_step10000,learned,2,35,2wikimqa,Single QA,27,0d02726cbaab0fbd2e84b7537550154e8aa96f81abb2864b,4141,4-8k,0.0
learned_K2_V2_s35_step10000,learned,2,35,2wikimqa,Single QA,28,33e3bc2dc011e79c047553153b1ab176c6a08f923af245ec,3948,0-4k,50.0
learned_K2_V2_s35_step10000,learned,2,35,2wikimqa,Single QA,29,6275ba9fee197d2fab82671a4497b4764a461c2c7c33ac0b,4625,4-8k,0.0
learned_K2_V2_s35_step10000,learned,2,35,2wikimqa,Single QA,30,40de6f6c353c080845a8ea644039e9ba83cd481d3745395b,4383,4-8k,100.0
learned_K2_V2_s35_step10000,learned,2,35,2wikimqa,Single QA,31,35ffcf04ff64965decfcd3d34ff37b35da2a92f0b64346cd,5464,4-8k,57.14285714285715
learned_K2_V2_s35_step10000,learned,2,35,2wikimqa,Single QA,32,47ed89f40cae521df8767b1b7077fe9c547c10fd8bf1c6b2,11686,8k+,0.0
learned_K2_V2_s35_step10000,learned,2,35,2wikimqa,Single QA,33,ead67129fee9b0024c9c3f53041469d74cf8a0281e39febb,3122,0-4k,0.0
learned_K2_V2_s35_step10000,learned,2,35,2wikimqa,Single QA,34,0ef1c3ac6b07212a6d5a91bfab2c12f2823412f10f667616,4154,4-8k,0.0
learned_K2_V2_s35_step10000,learned,2,35,2wikimqa,Single QA,35,8daefc2a4f66b3614a6934857c8c8f9cfdeb3ca23d16e172,3299,0-4k,80.0
learned_K2_V2_s35_step10000,learned,2,35,2wikimqa,Single QA,36,bc40752faddd32264f8402321411881736ab5a4733eee758,4436,4-8k,50.0
learned_K2_V2_s35_step10000,learned,2,35,2wikimqa,Single QA,37,6e7d2d0700c8ec6fc15dc188c42d8104b89935219254fdaf,2896,0-4k,33.33333333333333
learned_K2_V2_s35_step10000,learned,2,35,2wikimqa,Single QA,38,9a0ab728b48d43221f196b43d2816a4dff4142fd0054a4eb,6416,4-8k,25.0
learned_K2_V2_s35_step10000,learned,2,35,2wikimqa,Single QA,39,6e7c0185fda0b6211274db748205994ee1468cfb30e2023d,4769,4-8k,0.0
learned_K2_V2_s35_step10000,learned,2,35,2wikimqa,Single QA,40,55acb15a501d22031778ff4ccb655e787668b617d911daa9,4957,4-8k,0.0
learned_K2_V2_s35_step10000,learned,2,35,2wikimqa,Single QA,41,57543e0892f90733bf97dc270cdb36eb9bf8e2230940bcb9,2540,0-4k,0.0
learned_K2_V2_s35_step10000,learned,2,35,2wikimqa,Single QA,42,2d1951b62f317038d28f6ac6a2b21e9d2e7f921ea528948b,8759,8k+,0.0
learned_K2_V2_s35_step10000,learned,2,35,2wikimqa,Single QA,43,b126cad8f81aed3c5cc29c20c25b1adc7d1f33e1c4e264c3,5527,4-8k,26.66666666666667
learned_K2_V2_s35_step10000,learned,2,35,2wikimqa,Single QA,44,188123e1b35a7de33fc44a40b55ab9ff0b59d29dc30f9148,3859,0-4k,0.0
learned_K2_V2_s35_step10000,learned,2,35,2wikimqa,Single QA,45,5ff6349ea0b2ecb882f535ff3cec2f9c012d3468fb7b912e,5695,4-8k,0.0
learned_K2_V2_s35_step10000,learned,2,35,2wikimqa,Single QA,46,314e76591d11d30d2bd59b2f12b671e873b786656f19956d,3954,0-4k,0.0
learned_K2_V2_s35_step10000,learned,2,35,2wikimqa,Single QA,47,7140432f1c424674d04ea819fa63f85aa4f154d72ab66285,3690,0-4k,0.0
learned_K2_V2_s35_step10000,learned,2,35,2wikimqa,Single QA,48,3292d2bcbbf8fc4816d168bcb7f81c13341198da1e88b903,1120,0-4k,42.857142857142854
learned_K2_V2_s35_step10000,learned,2,35,2wikimqa,Single QA,49,5421c1e591296d64636a7e99fbfe98dddfed0f83d2053380,3219,0-4k,0.0
learned_K2_V2_s35_step10000,learned,2,35,2wikimqa,Single QA,50,f67db35cb225c73bb753006bd14fab03942bbe0157a74979,10498,8k+,0.0
learned_K2_V2_s35_step10000,learned,2,35,2wikimqa,Single QA,51,96500ef697df70106798988a9065594622cdeff67156cd20,4570,4-8k,0.0
learned_K2_V2_s35_step10000,learned,2,35,2wikimqa,Single QA,52,5a867841d94c9f88f3bc0c333e93484486b09341db474bd6,3496,0-4k,0.0
learned_K2_V2_s35_step10000,learned,2,35,2wikimqa,Single QA,53,059802de84ebd63ee99284c9cb2b7db2d45ca66c55e68ee1,3934,0-4k,50.0
learned_K2_V2_s35_step10000,learned,2,35,2wikimqa,Single QA,54,fcc4a49fbe72f1b8ffef144e2e9d85bfc8897ba2864fd521,3324,0-4k,0.0
learned_K2_V2_s35_step10000,learned,2,35,2wikimqa,Single QA,55,633204c891118a6f3d1ae62d7b444c2ee02ad0cbae4876cc,2708,0-4k,100.0
learned_K2_V2_s35_step10000,learned,2,35,2wikimqa,Single QA,56,977f59ef09f7cc4ad6c71fc18d8b60e818e07a43cd7bee92,4218,4-8k,17.391304347826082
learned_K2_V2_s35_step10000,learned,2,35,2wikimqa,Single QA,57,5c3829f10f9daf565e9b5b52ca19f5c044550e916479da74,6736,4-8k,100.0
learned_K2_V2_s35_step10000,learned,2,35,2wikimqa,Single QA,58,0a64d8873482d91efc595a508218c6ce881c13c95028039e,2046,0-4k,26.66666666666667
learned_K2_V2_s35_step10000,learned,2,35,2wikimqa,Single QA,59,44b7f326c7b3c430968c237ee4017425d03eef586d5d6cb7,2898,0-4k,0.0
learned_K2_V2_s35_step10000,learned,2,35,2wikimqa,Single QA,60,85d2e8c38cc3b6f464eae6d84ef2df5f41807c9f8bf3aac8,7833,4-8k,0.0
learned_K2_V2_s35_step10000,learned,2,35,2wikimqa,Single QA,61,1038dcf795ffefdb5d947e54a7e2d3b04d73895e482fd324,2351,0-4k,0.0
learned_K2_V2_s35_step10000,learned,2,35,2wikimqa,Single QA,62,62616c28af945825f87a95c47c1783dc284b06ec2d447402,2189,0-4k,10.0
learned_K2_V2_s35_step10000,learned,2,35,2wikimqa,Single QA,63,a3c88e70534d79b432d32c0b53d0d181c957b353f658dc95,4845,4-8k,0.0
learned_K2_V2_s35_step10000,learned,2,35,2wikimqa,Single QA,64,63df7238a0005c6bffc122ca97570a95eb1d3711abaee205,1412,0-4k,0.0
learned_K2_V2_s35_step10000,learned,2,35,2wikimqa,Single QA,65,c94e0220a7c5dadee3094df576df766b6d1a15b6c6e21011,4784,4-8k,100.0
learned_K2_V2_s35_step10000,learned,2,35,2wikimqa,Single QA,66,cab5465c3f7663e5d72c15a32bc04c8a917dac3c03828814,2868,0-4k,0.0
learned_K2_V2_s35_step10000,learned,2,35,2wikimqa,Single QA,67,be0651d84c04af5de43e28cf89e78d7e87490e637167632e,3211,0-4k,0.0
learned_K2_V2_s35_step10000,learned,2,35,2wikimqa,Single QA,68,ef73e58876b94a997d928ee13b7ac7cdb8b8aa0bac856a92,4142,4-8k,0.0
learned_K2_V2_s35_step10000,learned,2,35,2wikimqa,Single QA,69,7940c60a5ff2d81b62d118253577d1d891057ca45695e91a,3277,0-4k,0.0
learned_K2_V2_s35_step10000,learned,2,35,2wikimqa,Single QA,70,a88430cef36a0222c3c30780328ff266b16325a7ec723a97,4240,4-8k,0.0
learned_K2_V2_s35_step10000,learned,2,35,2wikimqa,Single QA,71,0bcff697444354703dd1e8987a709b8ed2f44bf9d6b2d320,4966,4-8k,23.52941176470588
learned_K2_V2_s35_step10000,learned,2,35,2wikimqa,Single QA,72,24e27e943be014d4549674d581cdc20fdae92fa3d9cd256c,4350,4-8k,100.0
learned_K2_V2_s35_step10000,learned,2,35,2wikimqa,Single QA,73,0c43156b7d6bc17425a89dc6c6d48fc8c2c72ac9eba55a87,562,0-4k,0.0
learned_K2_V2_s35_step10000,learned,2,35,2wikimqa,Single QA,74,64d6357ab735a8542112f87893a6e7c89b1b307bdb0e24c7,3847,0-4k,0.0
learned_K2_V2_s35_step10000,learned,2,35,2wikimqa,Single QA,75,9ef1c9e836fb3844fe16369a346088af89b8da29e24aab1f,2779,0-4k,80.00000000000001
learned_K2_V2_s35_step10000,learned,2,35,2wikimqa,Single QA,76,f11ac580e22d7d0e3da7cf1c725c8def8aef4aa891baa07a,8314,8k+,0.0
learned_K2_V2_s35_step10000,learned,2,35,2wikimqa,Single QA,77,884614fa7d0fe723587d2f2677d3f2143cd13ab74391bea6,3761,0-4k,100.0
learned_K2_V2_s35_step10000,learned,2,35,2wikimqa,Single QA,78,ec4ba162decfc8dd03ccbca7832f3cecf985a5542e70dec1,11373,8k+,0.0
learned_K2_V2_s35_step10000,learned,2,35,2wikimqa,Single QA,79,9c5350cca5afdd1a7254dbc26b3642401551473f4b071ce6,3866,0-4k,0.0
learned_K2_V2_s35_step10000,learned,2,35,2wikimqa,Single QA,80,9ce10c5072e04cbd0d81d7e721fba8cf8062cc665fd32314,3459,0-4k,0.0
learned_K2_V2_s35_step10000,learned,2,35,2wikimqa,Single QA,81,58301315eaee3256c8f5ddefb03de59d55a75d3a37aab88a,4713,4-8k,30.0
learned_K2_V2_s35_step10000,learned,2,35,2wikimqa,Single QA,82,62453a76a4867b6d09ac435581e1a327ec5b55cf231c79f9,4261,4-8k,100.0
learned_K2_V2_s35_step10000,learned,2,35,2wikimqa,Single QA,83,e5eb5e5215ff4d3f7a036fa1a20699d85cdfb68a7908f086,5869,4-8k,0.0
learned_K2_V2_s35_step10000,learned,2,35,2wikimqa,Single QA,84,1d38c4b905f131417ce218eb86f68305a10160f9757cbeca,3504,0-4k,0.0
learned_K2_V2_s35_step10000,learned,2,35,2wikimqa,Single QA,85,c1b46a5458b15fdbfcd264b7e26e42d2cbaafb0e6dc5f48d,10582,8k+,0.0
learned_K2_V2_s35_step10000,learned,2,35,2wikimqa,Single QA,86,98ead8987446388d37301c03d7d9f24e2f511a9e0c10bcdf,5584,4-8k,0.0
learned_K2_V2_s35_step10000,learned,2,35,2wikimqa,Single QA,87,d267c5682ee42c1a570524a4b129fa908997a0ecfe07f8f6,5631,4-8k,0.0
learned_K2_V2_s35_step10000,learned,2,35,2wikimqa,Single QA,88,fac1e789f954097c329b2709c591f0b35841438b14d08784,8829,8k+,0.0
learned_K2_V2_s35_step10000,learned,2,35,2wikimqa,Single QA,89,c9e8d02824dfbdf95fe9f90c45dc13bc12f45b6969b1467b,2674,0-4k,15.384615384615385
learned_K2_V2_s35_step10000,learned,2,35,2wikimqa,Single QA,90,f77d9c5f3892f245b951dfd32e935473f63a4c6b565e31a9,6052,4-8k,0.0
learned_K2_V2_s35_step10000,learned,2,35,2wikimqa,Single QA,91,eb1478ef3d4926564e153e99fd139c87e59cfaee49caac88,6337,4-8k,100.0
learned_K2_V2_s35_step10000,learned,2,35,2wikimqa,Single QA,92,259e029da053a54f862f2455f3b92fb5f1b810647f1c1825,4501,4-8k,25.0
learned_K2_V2_s35_step10000,learned,2,35,2wikimqa,Single QA,93,70923ff731dcad518ecdcdc8b53e165e8515a96ecf8f23c7,10742,8k+,50.0
learned_K2_V2_s35_step10000,learned,2,35,2wikimqa,Single QA,94,a14e739445167b1be10d3a125f958a244c4b378261598a57,3888,0-4k,0.0
learned_K2_V2_s35_step10000,learned,2,35,2wikimqa,Single QA,95,32092cc7b80094b9c8914c1f70000295aefc4a985747b0ed,5091,4-8k,0.0
learned_K2_V2_s35_step10000,learned,2,35,2wikimqa,Single QA,96,0c4dd15b43d1061d372c11946aa71630926e2570f333f538,8386,8k+,100.0
learned_K2_V2_s35_step10000,learned,2,35,2wikimqa,Single QA,97,ececb22cb4bba60194702771c0d4de89658a4798d7efa1a1,1917,0-4k,0.0
learned_K2_V2_s35_step10000,learned,2,35,2wikimqa,Single QA,98,da746ca10a31021be62e267f4e1407178b3f4a2d340672d3,9611,8k+,0.0
learned_K2_V2_s35_step10000,learned,2,35,2wikimqa,Single QA,99,b8ffb375e75ee2976b8825d05d48c34638c7ffeb6d67baff,3208,0-4k,0.0
learned_K2_V2_s35_step10000,learned,2,35,2wikimqa,Single QA,100,259c17d6e4a5e4c74669836fec3c6de0730bf65e67e6d988,4398,4-8k,50.0
learned_K2_V2_s35_step10000,learned,2,35,2wikimqa,Single QA,101,8af3f07b73fabc0cc4ef4e6928818d1ff08ead9f41a5085a,1863,0-4k,0.0
learned_K2_V2_s35_step10000,learned,2,35,2wikimqa,Single QA,102,3816f7d8e90a5497a1c0e415bf25218037c690e8e4d0d016,3211,0-4k,0.0
learned_K2_V2_s35_step10000,learned,2,35,2wikimqa,Single QA,103,025911ff0afd34976b0a800c198c4117f95edfcd7b64bb24,4438,4-8k,40.0
learned_K2_V2_s35_step10000,learned,2,35,2wikimqa,Single QA,104,cdf0b77af7d55cc9a3424613604e8dbabe7a01e4869ad502,10562,8k+,0.0
learned_K2_V2_s35_step10000,learned,2,35,2wikimqa,Single QA,105,1ff4dc6c1f7c02445945ced1b35a08544d7ba76089675883,3401,0-4k,0.0
learned_K2_V2_s35_step10000,learned,2,35,2wikimqa,Single QA,106,c7347f362602f3a0be4b051c0b68219e0648afa64772bd30,1680,0-4k,0.0
learned_K2_V2_s35_step10000,learned,2,35,2wikimqa,Single QA,107,0cf27c68148c99571860af561ce5f64c4524fde278defc63,3026,0-4k,28.57142857142857
learned_K2_V2_s35_step10000,learned,2,35,2wikimqa,Single QA,108,93ff7c9369b6ff2f37896b54f6e4d8ff91c125f78ae8bf9a,3749,0-4k,16.666666666666668
learned_K2_V2_s35_step10000,learned,2,35,2wikimqa,Single QA,109,550f734c7ef908fcfe6b1b7e761826340f00abaa5eb305a0,2697,0-4k,100.0
learned_K2_V2_s35_step10000,learned,2,35,2wikimqa,Single QA,110,860a0ad0039969cc7f01d512df2b0ea283d8f7d0c08886e5,4003,4-8k,100.0
learned_K2_V2_s35_step10000,learned,2,35,2wikimqa,Single QA,111,3723ec96e3b1af88c73edaa0a5e87f20194d9d212a67b615,2425,0-4k,23.52941176470588
learned_K2_V2_s35_step10000,learned,2,35,2wikimqa,Single QA,112,60735709da9cbdd65bab0a11d1a0991ec842fe74d1ab583b,4134,4-8k,0.0
learned_K2_V2_s35_step10000,learned,2,35,2wikimqa,Single QA,113,76a7a3db55c966560ad3e8d34037602d4d12714980898b78,5918,4-8k,0.0
learned_K2_V2_s35_step10000,learned,2,35,2wikimqa,Single QA,114,efea9c05de081efb7ef76741d3f24da2e993d54d99677b72,4323,4-8k,0.0
learned_K2_V2_s35_step10000,learned,2,35,2wikimqa,Single QA,115,435fae9b23d8b22e85a57cfd8ceb8541dea5b0c551acc3a9,7162,4-8k,100.0
learned_K2_V2_s35_step10000,learned,2,35,2wikimqa,Single QA,116,3ee59c959e64a29c8a30263816ad47b76ffab36e5b8859ee,3129,0-4k,0.0
learned_K2_V2_s35_step10000,learned,2,35,2wikimqa,Single QA,117,43cf26663f3b4cec7a8ea68d56909201a2d1b1ad82512190,5610,4-8k,16.666666666666668
learned_K2_V2_s35_step10000,learned,2,35,2wikimqa,Single QA,118,77a79ad1902a4732e8030d79380395b7e614d65de3cdd038,1138,0-4k,100.0
learned_K2_V2_s35_step10000,learned,2,35,2wikimqa,Single QA,119,f0523a41000b43996413780968b611c3f4d28b87f4acc859,1241,0-4k,100.0
learned_K2_V2_s35_step10000,learned,2,35,2wikimqa,Single QA,120,6a60fa19187345478a447b63d8f52a1cb5341e964cda29db,2516,0-4k,0.0
learned_K2_V2_s35_step10000,learned,2,35,2wikimqa,Single QA,121,78227cb74e7b2401070e50abff8069510f5e5ccec0a2479f,3675,0-4k,0.0
learned_K2_V2_s35_step10000,learned,2,35,2wikimqa,Single QA,122,f7abcc33c22de53769935182a278a199e9f263a12e56673e,3052,0-4k,100.0
learned_K2_V2_s35_step10000,learned,2,35,2wikimqa,Single QA,123,24a43c1b071d8bb99f51fec368dbc438cf7aea1f549ea195,4756,4-8k,33.333333333333336
learned_K2_V2_s35_step10000,learned,2,35,2wikimqa,Single QA,124,89530e21fb2f36eb499cea025efa9c80b10049f72945bfb6,5772,4-8k,100.0
learned_K2_V2_s35_step10000,learned,2,35,2wikimqa,Single QA,125,e8c2e5c8d393b186e21c75788f7e93efeaef12a9c44880d9,4828,4-8k,100.0
learned_K2_V2_s35_step10000,learned,2,35,2wikimqa,Single QA,126,d7f6203bfe33e28a517ed4214f515fb80671c48edd4720a6,10456,8k+,100.0
learned_K2_V2_s35_step10000,learned,2,35,2wikimqa,Single QA,127,517da14d56782303ccf8ec057b86bf43169b6f2edcd6d0f1,2748,0-4k,66.66666666666666
learned_K2_V2_s35_step10000,learned,2,35,2wikimqa,Single QA,128,300ccba91f776e583d418d6d9ecc5e1bdca7bd80580cd36e,4526,4-8k,18.181818181818183
learned_K2_V2_s35_step10000,learned,2,35,2wikimqa,Single QA,129,81c8cd41355e5f0489dad4010b5fd414b817f7a9134affc2,3620,0-4k,21.052631578947366
learned_K2_V2_s35_step10000,learned,2,35,2wikimqa,Single QA,130,0c8d9e57340d06b13e75f1dd42ddb5f08c1203fb62632353,9479,8k+,0.0
learned_K2_V2_s35_step10000,learned,2,35,2wikimqa,Single QA,131,544828db02efd1313bfc0a1bdeb8c3df5985c299254b0222,3592,0-4k,0.0
learned_K2_V2_s35_step10000,learned,2,35,2wikimqa,Single QA,132,f5cf6d94b9e4e7adfc30d262396bc29e201d9e07ead1d088,3828,0-4k,100.0
learned_K2_V2_s35_step10000,learned,2,35,2wikimqa,Single QA,133,018c9c2d781ea2c9d57a31bd2e0ff30b55e77017a319484a,3228,0-4k,100.0
learned_K2_V2_s35_step10000,learned,2,35,2wikimqa,Single QA,134,93ef40c0bfa088c2a2dd3302976a950cba3e8d97767f65ce,2305,0-4k,100.0
learned_K2_V2_s35_step10000,learned,2,35,2wikimqa,Single QA,135,e15605da0c5b6f02c85aff9f1f683d3f85d211c083792ecb,4201,4-8k,0.0
learned_K2_V2_s35_step10000,learned,2,35,2wikimqa,Single QA,136,bf2899717e8d7d3d83d865ca5ff59e26d7f647e6025e2d52,4417,4-8k,0.0
learned_K2_V2_s35_step10000,learned,2,35,2wikimqa,Single QA,137,57db7adad0b62b8a396fd45937030d876ecd02153b8a931e,8701,8k+,0.0
learned_K2_V2_s35_step10000,learned,2,35,2wikimqa,Single QA,138,ce6a3aae400b3f5f028504fec37d7be8b447bd0cb1a0cff5,4580,4-8k,0.0
learned_K2_V2_s35_step10000,learned,2,35,2wikimqa,Single QA,139,c997d53083dff6918a3f066cc76c824e43eb4ea21de33c51,3774,0-4k,100.0
learned_K2_V2_s35_step10000,learned,2,35,2wikimqa,Single QA,140,184929a3ff00c41a966da9d53444da794af70ce90d624205,3718,0-4k,50.0
learned_K2_V2_s35_step10000,learned,2,35,2wikimqa,Single QA,141,56db201f810a3d01b7d14e8e9e6dd94820ecaf2f4a86b2b9,4854,4-8k,0.0
learned_K2_V2_s35_step10000,learned,2,35,2wikimqa,Single QA,142,fefa6cc344f63fdceda9662af921fdcdf645abb8fe87ea73,7562,4-8k,0.0
learned_K2_V2_s35_step10000,learned,2,35,2wikimqa,Single QA,143,9b0dc01a1388db020e5c5c428a002d099f8a35544e9b6261,3065,0-4k,100.0
learned_K2_V2_s35_step10000,learned,2,35,2wikimqa,Single QA,144,34896de8d6a2c70e09b6dc3d113475a58899961d2aa356b3,4040,4-8k,75.0
learned_K2_V2_s35_step10000,learned,2,35,2wikimqa,Single QA,145,0f629fbc7a6c3689ee9771af3aa81400674e673f11d47f2d,6771,4-8k,100.0
learned_K2_V2_s35_step10000,learned,2,35,2wikimqa,Single QA,146,13dde588b81d1de4a9984418bf3d6791de7d1b1edf21d61b,3140,0-4k,0.0
learned_K2_V2_s35_step10000,learned,2,35,2wikimqa,Single QA,147,cf56ec8180c3c7622a439e68704fc1ff73770f2e8ee2926e,2809,0-4k,80.0
learned_K2_V2_s35_step10000,learned,2,35,2wikimqa,Single QA,148,78d3bf98f7b05622b428940d273b8c493f24a4468d1998dd,10991,8k+,0.0
learned_K2_V2_s35_step10000,learned,2,35,2wikimqa,Single QA,149,9b0b29e391c61c570b20fae813486bc757c1fb7d25d83049,3759,0-4k,0.0
learned_K2_V2_s35_step10000,learned,2,35,2wikimqa,Single QA,150,bdb42f1c30e16bbcdf6f0ab7c1f76765ddaa5817ee5e674b,3293,0-4k,0.0
learned_K2_V2_s35_step10000,learned,2,35,2wikimqa,Single QA,151,a7b5c5d84d974a849b0d042c435bbb3fe90ff50fd5d73f79,9453,8k+,0.0
learned_K2_V2_s35_step10000,learned,2,35,2wikimqa,Single QA,152,d0b11838d26195f89d1568431f88a02b4f4d8c9cdf99e04a,3945,0-4k,0.0
learned_K2_V2_s35_step10000,learned,2,35,2wikimqa,Single QA,153,ca72ce55dc8f774617c794681dd7062eadfd14e679418cfa,9096,8k+,40.0
learned_K2_V2_s35_step10000,learned,2,35,2wikimqa,Single QA,154,10dc2bd4f7fb1b834c7f563ae3d7af5d269d84b3dfc0b056,8046,8k+,0.0
learned_K2_V2_s35_step10000,learned,2,35,2wikimqa,Single QA,155,bbaa4eb6b32bad24fc2b8639d03be8c16d1140ec8454b16a,4871,4-8k,0.0
learned_K2_V2_s35_step10000,learned,2,35,2wikimqa,Single QA,156,bc596d2ebcd25e79ca9cd689e50746e42e9a6fc579afc683,5577,4-8k,50.0
learned_K2_V2_s35_step10000,learned,2,35,2wikimqa,Single QA,157,f73db1873c311b2a38f27a52c5e05b021da0c2fe9590dac3,11622,8k+,0.0
learned_K2_V2_s35_step10000,learned,2,35,2wikimqa,Single QA,158,53f6acc70a61443a93c25c91ca7dc7f8780046d02e28c94a,4142,4-8k,80.0
learned_K2_V2_s35_step10000,learned,2,35,2wikimqa,Single QA,159,88e4806d6c6553000e3c1ff8be5c90f5309342954ce4acae,6374,4-8k,0.0
learned_K2_V2_s35_step10000,learned,2,35,2wikimqa,Single QA,160,25b5c6893c13f6e52ddd541c03f5bd6bb7b17cfeb15d9f16,10243,8k+,0.0
learned_K2_V2_s35_step10000,learned,2,35,2wikimqa,Single QA,161,3cff7074281c58717aa65021d875cc1e6a6321f71cd77742,2765,0-4k,50.0
learned_K2_V2_s35_step10000,learned,2,35,2wikimqa,Single QA,162,13c4f5388b670f6c20b168e782f7478616fa3ba2edca3081,6966,4-8k,100.0
learned_K2_V2_s35_step10000,learned,2,35,2wikimqa,Single QA,163,0c35123885c26fc474a7cd8e7c03fe75bfff4fc15845d3b9,4450,4-8k,0.0
learned_K2_V2_s35_step10000,learned,2,35,2wikimqa,Single QA,164,2a0554b724822b6c611539e39b44381f752acdecce4868ad,3131,0-4k,0.0
learned_K2_V2_s35_step10000,learned,2,35,2wikimqa,Single QA,165,acb93469117282f2d0131e19f6210e007d681bc7a78e7b64,4103,4-8k,66.66666666666666
learned_K2_V2_s35_step10000,learned,2,35,2wikimqa,Single QA,166,a7d0cfa55dce1e96490d1e6c0188398864724e96a44e4b79,2932,0-4k,60.0
learned_K2_V2_s35_step10000,learned,2,35,2wikimqa,Single QA,167,7a35ba110f4c26f7eb9d4dcc2e8c1baac383c777f0904976,2692,0-4k,0.0
learned_K2_V2_s35_step10000,learned,2,35,2wikimqa,Single QA,168,b9a9b860c0f0430853d1db2756095da274d522beed2acbeb,7443,4-8k,0.0
learned_K2_V2_s35_step10000,learned,2,35,2wikimqa,Single QA,169,a49e29926d7019e6cbaf6b0610453eda22fa1ce9043f5829,3523,0-4k,0.0
learned_K2_V2_s35_step10000,learned,2,35,2wikimqa,Single QA,170,29ec971fbdf0df2d0c41c497de945024db6159c0c30be307,3529,0-4k,0.0
learned_K2_V2_s35_step10000,learned,2,35,2wikimqa,Single QA,171,de14d0bf7b2c73f7a21875677eed84a1ef270d2f29dc5b99,4847,4-8k,50.0
learned_K2_V2_s35_step10000,learned,2,35,2wikimqa,Single QA,172,49035ecce6e78a355307dd6a1ddb11a87cab76090d655d2f,9998,8k+,0.0
learned_K2_V2_s35_step10000,learned,2,35,2wikimqa,Single QA,173,d04cc75917c9ef6b7a78b82491229023013ef3cea72bfba4,4097,4-8k,0.0
learned_K2_V2_s35_step10000,learned,2,35,2wikimqa,Single QA,174,8848d4bd1425f8bef31b6c279ec378bcbca14f10b702c4ea,9182,8k+,22.22222222222222
learned_K2_V2_s35_step10000,learned,2,35,2wikimqa,Single QA,175,72132e87102859b583fb69a8a2a6a8b026be4fec5a1437e0,6136,4-8k,0.0
learned_K2_V2_s35_step10000,learned,2,35,2wikimqa,Single QA,176,0c15fb826ac59bbde9df698db9c277def2bc72fa5b7b497d,9043,8k+,100.0
learned_K2_V2_s35_step10000,learned,2,35,2wikimqa,Single QA,177,cf5321576ab8cc1b8453991abac66aa5d46155d8ffa7ee17,8169,8k+,0.0
learned_K2_V2_s35_step10000,learned,2,35,2wikimqa,Single QA,178,6110cb2d4156df8d180fdd01e5f340c4731f7d1f4583fc5a,3593,0-4k,100.0
learned_K2_V2_s35_step10000,learned,2,35,2wikimqa,Single QA,179,b1034d8bbeeba5f9001f48311c182d2a20782462f0c2ed65,3584,0-4k,0.0
learned_K2_V2_s35_step10000,learned,2,35,2wikimqa,Single QA,180,7218faa7d718853f8df4329a7242806cf70e63ece56f8cdb,3814,0-4k,0.0
learned_K2_V2_s35_step10000,learned,2,35,2wikimqa,Single QA,181,78436f55ae9c254da5a54558ddd196c94850ba7a2b6fa637,4597,4-8k,0.0
learned_K2_V2_s35_step10000,learned,2,35,2wikimqa,Single QA,182,ddd046530f4979511397f82fe5391d0a646c0aa18225a98e,3366,0-4k,80.0
learned_K2_V2_s35_step10000,learned,2,35,2wikimqa,Single QA,183,2ce836524b90befee94e944e77ce3420878e75b5a1e14c26,4389,4-8k,33.333333333333336
learned_K2_V2_s35_step10000,learned,2,35,2wikimqa,Single QA,184,bcd3d700ef14d9a1f6b766c5d185b43ac8f3b7feffd4732f,4958,4-8k,0.0
learned_K2_V2_s35_step10000,learned,2,35,2wikimqa,Single QA,185,24591a37ff748fb849a62e6a4f4095f7089d7ced43595d01,3425,0-4k,22.22222222222222
learned_K2_V2_s35_step10000,learned,2,35,2wikimqa,Single QA,186,2e86241a9d27925aa52e039067fa83e27e305301188daef7,1945,0-4k,0.0
learned_K2_V2_s35_step10000,learned,2,35,2wikimqa,Single QA,187,c1d354f1d1855b21eb3c3cd204d5030080ef9e3c7e4b0195,3894,0-4k,100.0
learned_K2_V2_s35_step10000,learned,2,35,2wikimqa,Single QA,188,2c605656720054b6c9e6e0f15f99c1b4675db67e6e098cee,667,0-4k,100.0
learned_K2_V2_s35_step10000,learned,2,35,2wikimqa,Single QA,189,1edc61803f35344a5a4b6d273e6eb0f643fefcec0fa0a22a,10974,8k+,100.0
learned_K2_V2_s35_step10000,learned,2,35,2wikimqa,Single QA,190,d65eba4a41497416d108c17f366636efb4cbda4c215c8818,6044,4-8k,19.04761904761905
learned_K2_V2_s35_step10000,learned,2,35,2wikimqa,Single QA,191,2df722c08f52cbf987c84019f7f2e5455cd29992738441cc,592,0-4k,0.0
learned_K2_V2_s35_step10000,learned,2,35,2wikimqa,Single QA,192,814dddaa4a997380fc80cc1c72d48cb20545411924a0603f,11950,8k+,0.0
learned_K2_V2_s35_step10000,learned,2,35,2wikimqa,Single QA,193,1d554e7ae21ed7b5d142b57bcdab110cf6cea6f5256a58ee,4337,4-8k,0.0
learned_K2_V2_s35_step10000,learned,2,35,2wikimqa,Single QA,194,d0ebddd00bfc9c5747021ae27c0ea5cdf21355bc86b83753,3947,0-4k,0.0
learned_K2_V2_s35_step10000,learned,2,35,2wikimqa,Single QA,195,8f6c8de1c1518b5bdcbc4ff1cdfe035b9207971a6362574f,4441,4-8k,50.0
learned_K2_V2_s35_step10000,learned,2,35,2wikimqa,Single QA,196,59e42b2cab6da2436fae05e25c49f6f4b4893b07bb48e3c1,8935,8k+,0.0
learned_K2_V2_s35_step10000,learned,2,35,2wikimqa,Single QA,197,35cbcb102aa5b4f9188011190e0f30456df5673fcddacf49,3155,0-4k,0.0
learned_K2_V2_s35_step10000,learned,2,35,2wikimqa,Single QA,198,44864cf7bbca78294d1b24c5acfa035f30849d802356aad4,3195,0-4k,0.0
learned_K2_V2_s35_step10000,learned,2,35,2wikimqa,Single QA,199,67705e148a6e0540819f466bb4fdc73ed2e5cbcd64d80930,3719,0-4k,0.0
learned_K2_V2_s35_step10000,learned,2,35,musique,Single QA,0,4c114f84ca41284c0845705943adc10b70a4fd3e8d0ca295,11054,8k+,0.0
learned_K2_V2_s35_step10000,learned,2,35,musique,Single QA,1,4606a3d2fbbd29e034c815d51bd05e8d5481860ad8c1e7ef,11721,8k+,0.0
learned_K2_V2_s35_step10000,learned,2,35,musique,Single QA,2,b5e26a0b0703d3a7b6b9ae4fd8627043ee84005137f515cd,11753,8k+,0.0
learned_K2_V2_s35_step10000,learned,2,35,musique,Single QA,3,e9a0c409564baa2cadde3aa638d789031755b0ca9b72c63b,11358,8k+,0.0
learned_K2_V2_s35_step10000,learned,2,35,musique,Single QA,4,b129c8e6a0b184509c1a36a6b8b5703c924ee965727e79bc,11728,8k+,0.0
learned_K2_V2_s35_step10000,learned,2,35,musique,Single QA,5,685f8561239902c340fcf6b70d5ddc919b62aaf2b543ae3f,11591,8k+,0.0
learned_K2_V2_s35_step10000,learned,2,35,musique,Single QA,6,32b91f4d1aef1cc3c103e544e4fca9025ed7e6d677dbe380,10929,8k+,0.0
learned_K2_V2_s35_step10000,learned,2,35,musique,Single QA,7,936ced65be306aaccf844e11a0e0ef544d44a2a7edec8f14,11472,8k+,0.0
learned_K2_V2_s35_step10000,learned,2,35,musique,Single QA,8,e3d8c2e853ea5a5ce78f9285d01c0b9b6ba832bd1027699d,10213,8k+,0.0
learned_K2_V2_s35_step10000,learned,2,35,musique,Single QA,9,fa5051512fcaa4d026335b0dc206addf60f317d85cc8998b,11213,8k+,0.0
learned_K2_V2_s35_step10000,learned,2,35,musique,Single QA,10,220004b7b3836d023f1e416666c0d8d43ae75a77c1a8bdd0,11947,8k+,0.0
learned_K2_V2_s35_step10000,learned,2,35,musique,Single QA,11,7d7eb390be7dc75ca61b5eda6a9d9b36372273d1bd42646a,10040,8k+,66.66666666666666
learned_K2_V2_s35_step10000,learned,2,35,musique,Single QA,12,70a325ff2a0681bc4f6fd064f47bf88b4551447ac97dea96,11724,8k+,44.44444444444445
learned_K2_V2_s35_step10000,learned,2,35,musique,Single QA,13,a148671baac67e52fbe07df27c3b4293f351a1d1b5d9a517,11282,8k+,0.0
learned_K2_V2_s35_step10000,learned,2,35,musique,Single QA,14,26bd6d08ea272ac11bebcf5250b16ff90f92352cdac405c1,8507,8k+,0.0
learned_K2_V2_s35_step10000,learned,2,35,musique,Single QA,15,1f4b2eebc578880d3f401476be8e933f743e77a865a31902,10991,8k+,9.523809523809526
learned_K2_V2_s35_step10000,learned,2,35,musique,Single QA,16,606e28838e5641e3dab2482d21f65cf2915cacdf6d63b454,10779,8k+,0.0
learned_K2_V2_s35_step10000,learned,2,35,musique,Single QA,17,8fc8fb567703000eb6065c007e97841b11c9595b8862197b,11517,8k+,26.66666666666667
learned_K2_V2_s35_step10000,learned,2,35,musique,Single QA,18,30dac2419bdedc98a7dac06e6d4c8046262c2d0197c2b7f9,11954,8k+,0.0
learned_K2_V2_s35_step10000,learned,2,35,musique,Single QA,19,936a34800c73e9d077b058fda4576fc45f8cb03bfae99c04,11174,8k+,0.0
learned_K2_V2_s35_step10000,learned,2,35,musique,Single QA,20,e956e4868d588132bd2de1926dc446d0975c2d7a45090cad,11283,8k+,33.33333333333333
learned_K2_V2_s35_step10000,learned,2,35,musique,Single QA,21,8f9aa7e502ca3fcd999cb05b87a6aa78ef4c4af96cbe3199,11395,8k+,0.0
learned_K2_V2_s35_step10000,learned,2,35,musique,Single QA,22,865a174ebe32ad81f573feb122198c1f16e6f2fd6c3fdda5,12201,8k+,20.000000000000004
learned_K2_V2_s35_step10000,learned,2,35,musique,Single QA,23,177dde027032c5c71bf88fd4676536c0bef7d79d43c32659,11056,8k+,0.0
learned_K2_V2_s35_step10000,learned,2,35,musique,Single QA,24,78b24e393c76b4fcd88852e310548721c5eea12bb8848aca,12328,8k+,0.0
learned_K2_V2_s35_step10000,learned,2,35,musique,Single QA,25,096c9e28af3c91a52463c424203181b2a9c114c3b782dbf5,9348,8k+,0.0
learned_K2_V2_s35_step10000,learned,2,35,musique,Single QA,26,ecfec467704be2a08675527e8f1733d9fbb51309454145ef,12200,8k+,0.0
learned_K2_V2_s35_step10000,learned,2,35,musique,Single QA,27,9724776e8c8210a47eae48302b73a9e2603c238d417a63f2,11640,8k+,0.0
learned_K2_V2_s35_step10000,learned,2,35,musique,Single QA,28,2df2586b40a9e5928817855c3b3a44c45b0809376372f38d,11038,8k+,0.0
learned_K2_V2_s35_step10000,learned,2,35,musique,Single QA,29,f4f04befbe7bb6e1ca4055ffd495356951166e116a15b3de,11581,8k+,50.0
learned_K2_V2_s35_step10000,learned,2,35,musique,Single QA,30,94e583be9e34ba8c8cec05546807a1516b652c80be180e9b,6624,4-8k,0.0
learned_K2_V2_s35_step10000,learned,2,35,musique,Single QA,31,334f6b3c862e350efb163f95dd0e7f59e2928309909f66e7,12553,8k+,17.391304347826086
learned_K2_V2_s35_step10000,learned,2,35,musique,Single QA,32,8cad76dd1dfee0d4847e99f55e46c401a1087fde2aee2cc8,11412,8k+,0.0
learned_K2_V2_s35_step10000,learned,2,35,musique,Single QA,33,a9233be5f19b456544331e69848af8bbf56256ce9ed0da78,10322,8k+,0.0
learned_K2_V2_s35_step10000,learned,2,35,musique,Single QA,34,102eaee0943270c43f63b7d45a0088f6a8515e51a126d925,11732,8k+,100.0
learned_K2_V2_s35_step10000,learned,2,35,musique,Single QA,35,de9c2fbc33bc6136a3a0598a7a1ad678882b4a8613f3900b,8449,8k+,0.0
learned_K2_V2_s35_step10000,learned,2,35,musique,Single QA,36,74528b7f4e2b5d4c1667751615829ad5e7dfd81f9eb55e0c,12181,8k+,0.0
learned_K2_V2_s35_step10000,learned,2,35,musique,Single QA,37,5c835b4c358e5f2e8c577dbc38c4857599539968e593a322,7091,4-8k,0.0
learned_K2_V2_s35_step10000,learned,2,35,musique,Single QA,38,7e5b1ed484b4c095dbb201b8edc746f9f6e6202d1809a2f2,10555,8k+,0.0
learned_K2_V2_s35_step10000,learned,2,35,musique,Single QA,39,70444bcfcd30c497b730b5b408990ea2c672ec03caa5235f,12182,8k+,0.0
learned_K2_V2_s35_step10000,learned,2,35,musique,Single QA,40,e62b87ef31160a755763a2c665a516dbcbcf1f116050019b,9638,8k+,0.0
learned_K2_V2_s35_step10000,learned,2,35,musique,Single QA,41,442e302cee202c213a085d6aa1caf87e3aebf6b954c690b0,11714,8k+,0.0
learned_K2_V2_s35_step10000,learned,2,35,musique,Single QA,42,0f4da7d5be33010bcfb9197d3d910cc40bb8abc0ecc3bd32,10796,8k+,0.0
learned_K2_V2_s35_step10000,learned,2,35,musique,Single QA,43,17b78fd666e796626d85eb44cacd4bd767b9b6fd2f35c86a,12056,8k+,0.0
learned_K2_V2_s35_step10000,learned,2,35,musique,Single QA,44,97d4194eb1fc6ee16c04f46d93fd5df5fd2ff5c60056799f,11366,8k+,0.0
learned_K2_V2_s35_step10000,learned,2,35,musique,Single QA,45,338a13d60af61b3eeb099758086e6b1522a9adcd8f6cb207,11739,8k+,0.0
learned_K2_V2_s35_step10000,learned,2,35,musique,Single QA,46,73b7efc9538e65dda454b5be9d9b84a35decf082cd4091be,11531,8k+,0.0
learned_K2_V2_s35_step10000,learned,2,35,musique,Single QA,47,6cbb382cf679c0cf091fbf0d3c6d9638bffbc8ea039ca8b2,12362,8k+,20.0
learned_K2_V2_s35_step10000,learned,2,35,musique,Single QA,48,96dfe963511d7bdd2daeda35b9fab72c44dcca15fbb91fba,11805,8k+,40.0
learned_K2_V2_s35_step10000,learned,2,35,musique,Single QA,49,f6ab8327fd10a883614cd3f571224c82f1cb7073de8a1143,11434,8k+,18.181818181818183
learned_K2_V2_s35_step10000,learned,2,35,musique,Single QA,50,61193402df0b1548ecd9c722ee89b4354d336ded37b4cf49,11728,8k+,100.0
learned_K2_V2_s35_step10000,learned,2,35,musique,Single QA,51,074cbee8a17dcc448865addb33f8269d21c814d1c0b73e84,8817,8k+,0.0
learned_K2_V2_s35_step10000,learned,2,35,musique,Single QA,52,0da7802e47b081fc2cc573f1d9559abcdd232d4733081512,5771,4-8k,0.0
learned_K2_V2_s35_step10000,learned,2,35,musique,Single QA,53,ce2f0aec72fade99a1be4add19d9e6364caf398a4586c902,11157,8k+,0.0
learned_K2_V2_s35_step10000,learned,2,35,musique,Single QA,54,0b0b3547496ed078cb19ec901a35f071b7b3cf138fdf2e60,11496,8k+,90.9090909090909
learned_K2_V2_s35_step10000,learned,2,35,musique,Single QA,55,0942aa56c94ac545c00849686583273efd664347084e9682,11094,8k+,66.66666666666666
learned_K2_V2_s35_step10000,learned,2,35,musique,Single QA,56,16db4ccc32ee8b04e3daee094ef5e8cfb985a4f0c2c999d5,9983,8k+,0.0
learned_K2_V2_s35_step10000,learned,2,35,musique,Single QA,57,8267f95a2928cb63203d20da0079d98138d4f58281fc4e9e,10323,8k+,0.0
learned_K2_V2_s35_step10000,learned,2,35,musique,Single QA,58,9f271f822294cc528b1f20904bb7694884af4084e086d20f,12087,8k+,0.0
learned_K2_V2_s35_step10000,learned,2,35,musique,Single QA,59,92a5f365ee7514ded1c6f5dac8470281083060c3e6ec7594,12366,8k+,0.0
learned_K2_V2_s35_step10000,learned,2,35,musique,Single QA,60,a4d8d097bd76b3030a954d9943fd96cdbb51393ce75c43a5,6593,4-8k,0.0
learned_K2_V2_s35_step10000,learned,2,35,musique,Single QA,61,8e2a26fbfbcf2d28b9873a39bac21802372e822d41cdaa2b,9785,8k+,0.0
learned_K2_V2_s35_step10000,learned,2,35,musique,Single QA,62,0140a933eed826f1c48d9a9c5c4717965cf982f1d749be6a,11813,8k+,0.0
learned_K2_V2_s35_step10000,learned,2,35,musique,Single QA,63,64bae1eefc192258c2e5d8ecab71b8a02fc5a3d104c0fc21,11845,8k+,0.0
learned_K2_V2_s35_step10000,learned,2,35,musique,Single QA,64,e935f6dea75d4f17c5f98b7e255950372a22ab83f9632876,12411,8k+,0.0
learned_K2_V2_s35_step10000,learned,2,35,musique,Single QA,65,fe052f64d5c1f66bd84e1f2dc6df342b1ea10d2763c22a90,11562,8k+,40.0
learned_K2_V2_s35_step10000,learned,2,35,musique,Single QA,66,02bd004f6306542bfdf5e166da61b306b5cf5f2faf50f796,11663,8k+,0.0
learned_K2_V2_s35_step10000,learned,2,35,musique,Single QA,67,e42937544d09a6051fc8507e1d3f89fe49b68d1300a44aa7,11409,8k+,0.0
learned_K2_V2_s35_step10000,learned,2,35,musique,Single QA,68,05f1867336770bf201cf9a88de60e2b9bdd893efe98d9593,3440,0-4k,50.0
learned_K2_V2_s35_step10000,learned,2,35,musique,Single QA,69,ebaefb7e8412f8323769c1e4ee596d5135b609ae76514273,12623,8k+,0.0
learned_K2_V2_s35_step10000,learned,2,35,musique,Single QA,70,e5d8a267444a8532a875af8cfb8b07e6f6d02d6e85148540,10659,8k+,28.571428571428577
learned_K2_V2_s35_step10000,learned,2,35,musique,Single QA,71,648de9dea3ad81e8ac733acd312913385129ab16dd091834,11198,8k+,0.0
learned_K2_V2_s35_step10000,learned,2,35,musique,Single QA,72,3fb64043e4ebb85b0e1d08ca7112c56185d90becb1f4ad11,10975,8k+,0.0
learned_K2_V2_s35_step10000,learned,2,35,musique,Single QA,73,c341a480cb5616540b22eb1018953ba04aa96dac5e286674,11819,8k+,0.0
learned_K2_V2_s35_step10000,learned,2,35,musique,Single QA,74,f6564f948dc28ef7be445d610eb42c1a6a6042d47e62e7a6,11507,8k+,50.0
learned_K2_V2_s35_step10000,learned,2,35,musique,Single QA,75,7ac9fed94844e0922433d13032d684b7336219240499d6c1,10960,8k+,0.0
learned_K2_V2_s35_step10000,learned,2,35,musique,Single QA,76,0675535ed1dda2d20a6a2d41fb4e8d2a6cacd6c6d953cafd,8944,8k+,0.0
learned_K2_V2_s35_step10000,learned,2,35,musique,Single QA,77,f182c6355042dd18a7d42f9275c46f1ee0c985e5ae5c6001,11894,8k+,57.14285714285715
learned_K2_V2_s35_step10000,learned,2,35,musique,Single QA,78,7a9091fd0314d17f4fb7683cc0a078b04501e3fbc1f64b42,11247,8k+,50.0
learned_K2_V2_s35_step10000,learned,2,35,musique,Single QA,79,c44fa02fb87c848c0ab4d0a254787e29540715ef86fff95a,11417,8k+,100.0
learned_K2_V2_s35_step10000,learned,2,35,musique,Single QA,80,e1be2d43c39ecba4174621ae6f571ae04eac92cfd209b786,11601,8k+,0.0
learned_K2_V2_s35_step10000,learned,2,35,musique,Single QA,81,59f0697aa3d51324795d9f102b93756a0f7bc68f5ebf4922,11301,8k+,28.57142857142857
learned_K2_V2_s35_step10000,learned,2,35,musique,Single QA,82,b4a033f133679fb6a0a2351544933c5537546d947ad50c8f,11574,8k+,0.0
learned_K2_V2_s35_step10000,learned,2,35,musique,Single QA,83,aa614fdaaaefd5d4baa2796deb3b5f0067e79500b88427e5,11816,8k+,23.52941176470588
learned_K2_V2_s35_step10000,learned,2,35,musique,Single QA,84,8bfb0eda3aaa2bad57532c81e874d3a974843ffd3ef0778c,11489,8k+,0.0
learned_K2_V2_s35_step10000,learned,2,35,musique,Single QA,85,0efe9b8bd5ade04ff3030e3d944b21b0ac4aa9527e17bde6,10333,8k+,0.0
learned_K2_V2_s35_step10000,learned,2,35,musique,Single QA,86,027361f7300c0643dc5b5eb887d180e4917f12f6c1418ccb,17355,8k+,100.0
learned_K2_V2_s35_step10000,learned,2,35,musique,Single QA,87,011cb0e253041c568db1d0b01a34fa26ff951bbbdebbd887,11507,8k+,18.181818181818183
learned_K2_V2_s35_step10000,learned,2,35,musique,Single QA,88,79669636487de3810792f2a9a1b4a7c253da580013d1d2fb,12220,8k+,0.0
learned_K2_V2_s35_step10000,learned,2,35,musique,Single QA,89,bb809fb19df4d4c9b91facb813364d3590aeee692296fcfd,11889,8k+,0.0
learned_K2_V2_s35_step10000,learned,2,35,musique,Single QA,90,db14f1320cc3442cb2416f65c437cd0ee74449baf687602b,11392,8k+,0.0
learned_K2_V2_s35_step10000,learned,2,35,musique,Single QA,91,037dbe8ccac208d33dfbd28d6fdc319f88b1c2c2bd4ba060,10763,8k+,0.0
learned_K2_V2_s35_step10000,learned,2,35,musique,Single QA,92,0da908a928c375084638f1e0ab10c329679eaacae7e4ffe0,11296,8k+,0.0
learned_K2_V2_s35_step10000,learned,2,35,musique,Single QA,93,f9a50652b4e5d7000c42ae27b2477a54d2a88cfceec0ec3b,10449,8k+,0.0
learned_K2_V2_s35_step10000,learned,2,35,musique,Single QA,94,a4c716e09434218a16bdfed465322e369606bd38f23d815a,11401,8k+,0.0
learned_K2_V2_s35_step10000,learned,2,35,musique,Single QA,95,b2aec8a779fa030aae7a64520ebfdf3461750764aa79eb93,12302,8k+,0.0
learned_K2_V2_s35_step10000,learned,2,35,musique,Single QA,96,efa92baf3840922c7dc00ba73ad729345a2b12035fa39071,10938,8k+,0.0
learned_K2_V2_s35_step10000,learned,2,35,musique,Single QA,97,5188d3c87c6fead7f796c62c3f1bd13ea8576bab724ea06d,11208,8k+,0.0
learned_K2_V2_s35_step10000,learned,2,35,musique,Single QA,98,046a6c5856736e4dc6f532658038afabde83e9c71507832f,11691,8k+,0.0
learned_K2_V2_s35_step10000,learned,2,35,musique,Single QA,99,296a82255560704f3fd8c8ea411827192d0eceddbf38ce4c,11561,8k+,0.0
learned_K2_V2_s35_step10000,learned,2,35,musique,Single QA,100,38da792d05c3f8c7220c951b8d66f7400debb80114932a80,12238,8k+,100.0
learned_K2_V2_s35_step10000,learned,2,35,musique,Single QA,101,458b3f8687920863190957c08123f885c60989f59bf40681,11698,8k+,0.0
learned_K2_V2_s35_step10000,learned,2,35,musique,Single QA,102,5a79dda7bfdfb77d539fe80abea20ca003c2fe0496b89c02,11628,8k+,100.0
learned_K2_V2_s35_step10000,learned,2,35,musique,Single QA,103,0b0d46b9b937c43da535ef8109b75a460051e57f97a3f7a2,12243,8k+,100.0
learned_K2_V2_s35_step10000,learned,2,35,musique,Single QA,104,34145b6ab1de0faafa932494ca91bdfdf740ba41ecb21879,11954,8k+,100.0
learned_K2_V2_s35_step10000,learned,2,35,musique,Single QA,105,ea32ca3702e3eedd278c8c77153712c07dbb5dd7025d8c3d,10868,8k+,0.0
learned_K2_V2_s35_step10000,learned,2,35,musique,Single QA,106,3fe817c10d1006cd821b07586f51302a3263884e83211ba8,11696,8k+,50.0
learned_K2_V2_s35_step10000,learned,2,35,musique,Single QA,107,1335c327548140bd1173eba9b1270d67dd4f7aafce0560a4,11325,8k+,100.0
learned_K2_V2_s35_step10000,learned,2,35,musique,Single QA,108,517b237e011625d9c5ea0be465bdc9dcd38ef548cfd1a74e,6320,4-8k,50.0
learned_K2_V2_s35_step10000,learned,2,35,musique,Single QA,109,d1dd79fae1af699056a39a08906166201387b89c3f596266,11279,8k+,0.0
learned_K2_V2_s35_step10000,learned,2,35,musique,Single QA,110,3b133029d40cc58823d90a6f9176ea531c8c30fb88c31736,10252,8k+,0.0
learned_K2_V2_s35_step10000,learned,2,35,musique,Single QA,111,163a438b614948528acdb5901ad522af7911b4e43c7a656a,10562,8k+,0.0
learned_K2_V2_s35_step10000,learned,2,35,musique,Single QA,112,7f312e928558afc3dff5d7cc445ea322ace2d93b1762ff98,11665,8k+,50.0
learned_K2_V2_s35_step10000,learned,2,35,musique,Single QA,113,a8db3b0b50151b8616d23b55f0f359f2ef9ba8fff740c3f2,11294,8k+,0.0
learned_K2_V2_s35_step10000,learned,2,35,musique,Single QA,114,c858bf26a171d617a8decbb3a67e082b577a5a1166ca15b2,9684,8k+,100.0
learned_K2_V2_s35_step10000,learned,2,35,musique,Single QA,115,afc0480fd5bd6216e2a3d23c5e65a198b98e9730c5a26471,12243,8k+,0.0
learned_K2_V2_s35_step10000,learned,2,35,musique,Single QA,116,d1ff18285ee3c6148bb4f8466a3d65d965432b694aba3ac7,10907,8k+,0.0
learned_K2_V2_s35_step10000,learned,2,35,musique,Single QA,117,19e28bddd1e5817780ebfba2ff23817578fb6e01289caa3a,10731,8k+,0.0
learned_K2_V2_s35_step10000,learned,2,35,musique,Single QA,118,ab8516f170dcda1b95db028a8c4f8ee112c157548f800484,11384,8k+,0.0
learned_K2_V2_s35_step10000,learned,2,35,musique,Single QA,119,8daaf871ac6117a987a5461e5a0cfc553ef30e1f47800200,12377,8k+,0.0
learned_K2_V2_s35_step10000,learned,2,35,musique,Single QA,120,a6005b1ac2dec9c661b1dec2b0d4e27939a56dff3d049992,8517,8k+,13.333333333333334
learned_K2_V2_s35_step10000,learned,2,35,musique,Single QA,121,3770e097bb92f794adf6bd2a09ec1f40441a5d76820f71f7,10174,8k+,0.0
learned_K2_V2_s35_step10000,learned,2,35,musique,Single QA,122,88d9867cb4a10c547384a02cb1758981b8989081fd1bba53,7223,4-8k,0.0
learned_K2_V2_s35_step10000,learned,2,35,musique,Single QA,123,22129e25d4587923fcde7881c2d6d6ea393fe1a5615db2bd,12030,8k+,0.0
learned_K2_V2_s35_step10000,learned,2,35,musique,Single QA,124,fefac36b35cb4347cc12c1f4b449f55f907eb074ff9bd548,11158,8k+,0.0
learned_K2_V2_s35_step10000,learned,2,35,musique,Single QA,125,7b7acfdf920adc600a78d5e07adbb139447a4f4c05cdeb97,11671,8k+,50.0
learned_K2_V2_s35_step10000,learned,2,35,musique,Single QA,126,51cd91435004d29ca0defa249c04567792bba4ae689bcaff,11765,8k+,0.0
learned_K2_V2_s35_step10000,learned,2,35,musique,Single QA,127,73c99907f8558b45cbd409c4453f2b005668503f8dd77cb1,11659,8k+,0.0
learned_K2_V2_s35_step10000,learned,2,35,musique,Single QA,128,80eb4cdc289c327a7ce40633b12e1a144052165599d2521a,11204,8k+,0.0
learned_K2_V2_s35_step10000,learned,2,35,musique,Single QA,129,0531724f1691e4d2a1e819d1e68c14edb61a1036ee25a862,11162,8k+,0.0
learned_K2_V2_s35_step10000,learned,2,35,musique,Single QA,130,d93d09390c108e43314b165e4eb32b63bee4bd289164c233,10810,8k+,0.0
learned_K2_V2_s35_step10000,learned,2,35,musique,Single QA,131,2b182c3ce4bb7bb2c28fc1f86d7a76591488e7d2aef1bb35,10463,8k+,0.0
learned_K2_V2_s35_step10000,learned,2,35,musique,Single QA,132,6d57f1e891250f9822eaef55f6f86661ba65ea90141fdb3f,11139,8k+,33.33333333333333
learned_K2_V2_s35_step10000,learned,2,35,musique,Single QA,133,d38330e71e4ccaf9dacb5743005ac48880a86ad157c0e89d,11397,8k+,25.0
learned_K2_V2_s35_step10000,learned,2,35,musique,Single QA,134,ce71ae05a05aa362e3dbea2e924d208ae29dd534690e3018,11563,8k+,100.0
learned_K2_V2_s35_step10000,learned,2,35,musique,Single QA,135,df9f245c11ea8e93377a4587fc28c07c08b6f43bb7cd5cd4,4109,4-8k,22.222222222222225
learned_K2_V2_s35_step10000,learned,2,35,musique,Single QA,136,6ce26ac59b2882dc391635da186779e5b8ed5a0b0354da10,10752,8k+,0.0
learned_K2_V2_s35_step10000,learned,2,35,musique,Single QA,137,c48373896fd9da5b8e7f7565c18ffa921992f00d45147aeb,11472,8k+,0.0
learned_K2_V2_s35_step10000,learned,2,35,musique,Single QA,138,6e64c9c62d8e1170c6341cde12aa2fe75a35762012ab8d30,11007,8k+,0.0
learned_K2_V2_s35_step10000,learned,2,35,musique,Single QA,139,554fd0d8696f182e7802bf42d669102e4227ba40f8a6bd4f,11479,8k+,0.0
learned_K2_V2_s35_step10000,learned,2,35,musique,Single QA,140,1ce9a8820397755fa8fd2d5add9bdb9edea86671fa14468c,11417,8k+,0.0
learned_K2_V2_s35_step10000,learned,2,35,musique,Single QA,141,9ad33ca0b5a3f7c880fc6f40db3d7de9c369111c302c9dfd,11920,8k+,100.0
learned_K2_V2_s35_step10000,learned,2,35,musique,Single QA,142,236a7ebf10d9e19269a51d46f62df7d301f6a475aed06dd8,11392,8k+,100.0
learned_K2_V2_s35_step10000,learned,2,35,musique,Single QA,143,16de423a865eb739d3ec248429096218820feb176cb1b5af,10004,8k+,0.0
learned_K2_V2_s35_step10000,learned,2,35,musique,Single QA,144,37fb18d72ff590a69ba9588553a36989161f9b48c72dfe29,8324,8k+,20.0
learned_K2_V2_s35_step10000,learned,2,35,musique,Single QA,145,034a82714302b4b4a869310daace9e08bb18dc7fc3a81206,10879,8k+,0.0
learned_K2_V2_s35_step10000,learned,2,35,musique,Single QA,146,e21823470386531b4456eec33d0709c7eb82b63bc394f6fa,11570,8k+,0.0
learned_K2_V2_s35_step10000,learned,2,35,musique,Single QA,147,f11250d4b392a30f6d22566d5167dee1464544f525c2975c,11185,8k+,0.0
learned_K2_V2_s35_step10000,learned,2,35,musique,Single QA,148,9aea23787e6ee6df485a6b02ad5e2c185b44b9611ce8b921,11485,8k+,0.0
learned_K2_V2_s35_step10000,learned,2,35,musique,Single QA,149,ede452592bbb410b3678e75fc6aaaeeda204fffc69034041,11207,8k+,100.0
learned_K2_V2_s35_step10000,learned,2,35,musique,Single QA,150,6c52099d688bcf9f3be62de4417112635370c9d72b748084,10225,8k+,0.0
learned_K2_V2_s35_step10000,learned,2,35,musique,Single QA,151,a621901602313fe0bb3278547bfd2dc7a7eeb93905d04b78,10265,8k+,57.14285714285715
learned_K2_V2_s35_step10000,learned,2,35,musique,Single QA,152,efa29c58c4ed7403a39deb68f6f52c1fdcc617e0fbdd9a5c,11779,8k+,0.0
learned_K2_V2_s35_step10000,learned,2,35,musique,Single QA,153,abfa7716b861cb828af918cd5b406139e40afec4dfe84446,16497,8k+,0.0
learned_K2_V2_s35_step10000,learned,2,35,musique,Single QA,154,6b6d8f1f4a1c7ecab4f8c3f8205f8bfc531627d12c21a3c4,11460,8k+,0.0
learned_K2_V2_s35_step10000,learned,2,35,musique,Single QA,155,2e723619f6cb5b2fe9cffb3e419841f96bbfd79a13f07f18,11648,8k+,50.0
learned_K2_V2_s35_step10000,learned,2,35,musique,Single QA,156,704dd451c50a536eb50a9d580b8a57aa8203bd76d1862ef6,10672,8k+,0.0
learned_K2_V2_s35_step10000,learned,2,35,musique,Single QA,157,d51c30bc9bcc9c9daace1edac5bc07ded7df39ad346f4c04,11171,8k+,7.407407407407408
learned_K2_V2_s35_step10000,learned,2,35,musique,Single QA,158,f1ae33d3867ac32d4bf685be6b8eadd99847853869184186,10693,8k+,0.0
learned_K2_V2_s35_step10000,learned,2,35,musique,Single QA,159,7478cc3ae7b060de1b7b2a1c61c1354a0b6a822b61349cad,11854,8k+,100.0
learned_K2_V2_s35_step10000,learned,2,35,musique,Single QA,160,afd66c76fbcbd6fd65cfccf021882c773e57478071afaa65,11579,8k+,0.0
learned_K2_V2_s35_step10000,learned,2,35,musique,Single QA,161,b15f31c4855a276dae1e56de0784c6eab14eb4621012cc10,10239,8k+,40.0
learned_K2_V2_s35_step10000,learned,2,35,musique,Single QA,162,3601e9951ec350c2c121a537f60a7347d545f015663316d5,11684,8k+,0.0
learned_K2_V2_s35_step10000,learned,2,35,musique,Single QA,163,9747157702dd161d08b47a241d23256b0055cd503ee4dadf,10062,8k+,0.0
learned_K2_V2_s35_step10000,learned,2,35,musique,Single QA,164,e349bd0727c841c1b6a985bbf6c1b043efcad758e078e1df,11800,8k+,0.0
learned_K2_V2_s35_step10000,learned,2,35,musique,Single QA,165,04c783fe592055e55b17ada8341007b7125bf0a326f9c58b,9814,8k+,0.0
learned_K2_V2_s35_step10000,learned,2,35,musique,Single QA,166,8a986323dbd4e14655caf5775eb54c222bc8081f890cadb6,7682,4-8k,40.0
learned_K2_V2_s35_step10000,learned,2,35,musique,Single QA,167,ac92ae6728bdfb340f9270a188da65795eec3273550ca498,10141,8k+,100.0
learned_K2_V2_s35_step10000,learned,2,35,musique,Single QA,168,ebd4b995b91cadca20e7b463a7eeb03130f2aa06a4ac30a8,10803,8k+,50.0
learned_K2_V2_s35_step10000,learned,2,35,musique,Single QA,169,a39f4cbf6b6f7cb942cd2ce0e1234cae29855f2eaffc1be9,11696,8k+,0.0
learned_K2_V2_s35_step10000,learned,2,35,musique,Single QA,170,bfcfaa4a93f27ba34411adfc4a326e54fa373314b0ba15ab,9872,8k+,0.0
learned_K2_V2_s35_step10000,learned,2,35,musique,Single QA,171,fd437e73a2d708b551e27a13db723a6aa13ca01f70d63cd1,12227,8k+,0.0
learned_K2_V2_s35_step10000,learned,2,35,musique,Single QA,172,fe8275738f337cc423752bea9b254da45cecdf2559f38352,11965,8k+,66.66666666666666
learned_K2_V2_s35_step10000,learned,2,35,musique,Single QA,173,c6fe007044674795d280bb474e2adc9dc8bacd8853a9cef5,10941,8k+,0.0
learned_K2_V2_s35_step10000,learned,2,35,musique,Single QA,174,ccbb33282bd009f7844ad8305fadb84e7ede51932fc6a36d,10556,8k+,0.0
learned_K2_V2_s35_step10000,learned,2,35,musique,Single QA,175,b6f4cf7f8c262ad66ad3a336c1b5f0dc86e9c8c308b86180,10966,8k+,0.0
learned_K2_V2_s35_step10000,learned,2,35,musique,Single QA,176,cb9b4679117faad98b982edb6bb06b9a24ec472f8542da17,12383,8k+,0.0
learned_K2_V2_s35_step10000,learned,2,35,musique,Single QA,177,251bc5c07407b64179dd8add58471e71c3433c6f7efc073a,11892,8k+,100.0
learned_K2_V2_s35_step10000,learned,2,35,musique,Single QA,178,9cf11c3026ea59b7e28ae4488918a9822f86c5efc4db5883,11779,8k+,18.181818181818183
learned_K2_V2_s35_step10000,learned,2,35,musique,Single QA,179,72265eb89876baa2a8ab23c14ad61073f5d9f26c471e1ff9,11575,8k+,0.0
learned_K2_V2_s35_step10000,learned,2,35,musique,Single QA,180,d79a4697ef5b7302ea7cb8a81107a462d699843688a3050d,11057,8k+,50.0
learned_K2_V2_s35_step10000,learned,2,35,musique,Single QA,181,a3854b7b279e499bd9263a9c581a5efb025fea9efefa00e6,11253,8k+,16.666666666666668
learned_K2_V2_s35_step10000,learned,2,35,musique,Single QA,182,dc7a928fdebf66b8a407ec96057d15ff1fc3a243bb3d87f1,12461,8k+,0.0
learned_K2_V2_s35_step10000,learned,2,35,musique,Single QA,183,1c37a1eea570e7c4746847d7c009499ef543fa2bc6df0eb3,11701,8k+,0.0
learned_K2_V2_s35_step10000,learned,2,35,musique,Single QA,184,09a0e0e18bb78cacdb1e7ec97e97e72798517afc88bed4c1,11292,8k+,0.0
learned_K2_V2_s35_step10000,learned,2,35,musique,Single QA,185,77351e24c1b3474414472073259cea34aa2b7c63234264a6,11918,8k+,0.0
learned_K2_V2_s35_step10000,learned,2,35,musique,Single QA,186,40e8c816ba317d696267cad7f758b7be88c0c90eccd2d3ce,10928,8k+,28.571428571428577
learned_K2_V2_s35_step10000,learned,2,35,musique,Single QA,187,a6e0032c62ece331c56364ced53e1c4076c303e4ae287074,10939,8k+,0.0
learned_K2_V2_s35_step10000,learned,2,35,musique,Single QA,188,28e93095b912403dad071f2821bcf6c6bef250f5c506ccc7,11704,8k+,100.0
learned_K2_V2_s35_step10000,learned,2,35,musique,Single QA,189,45b3ff5fd17fddc64c647566139dadd2693cf4488c0e6ec7,12181,8k+,100.0
learned_K2_V2_s35_step10000,learned,2,35,musique,Single QA,190,6448aa2df921d10654846a32887ee601b9456dd05da18428,9162,8k+,100.0
learned_K2_V2_s35_step10000,learned,2,35,musique,Single QA,191,0d59b836b70226e7bbd830db4030b09426a37d8543da426d,4238,4-8k,0.0
learned_K2_V2_s35_step10000,learned,2,35,musique,Single QA,192,64219602b22a98429c3bc6a9c49ae282dd39e6a1b29debe7,11388,8k+,100.0
learned_K2_V2_s35_step10000,learned,2,35,musique,Single QA,193,7e74ad75b51dd675970fecb014631c801252981eb2a657d1,10702,8k+,66.66666666666666
learned_K2_V2_s35_step10000,learned,2,35,musique,Single QA,194,170fdcb3bc67d3485e1d9119c94ecb4accbd49d1a5b342ee,11047,8k+,100.0
learned_K2_V2_s35_step10000,learned,2,35,musique,Single QA,195,a3ba409a8a3c8bad40a1fa415b981a8227c7d21936a06f17,10431,8k+,0.0
learned_K2_V2_s35_step10000,learned,2,35,musique,Single QA,196,e34d03a801bfa0de0ee1f5ecd06dbee378a6410d5555f7fe,12088,8k+,66.66666666666666
learned_K2_V2_s35_step10000,learned,2,35,musique,Single QA,197,1c5e70656ffbd6ba33bd853ce406b5efd495e16a3610ed9f,10768,8k+,0.0
learned_K2_V2_s35_step10000,learned,2,35,musique,Single QA,198,665c0eff8918d3eeecbdd3439e19c078253bde37c2977f2c,11541,8k+,0.0
learned_K2_V2_s35_step10000,learned,2,35,musique,Single QA,199,1f2d53ab7c6e9f6ae863e4bedf1091966ccc1cfb68374b35,11096,8k+,100.0
learned_K2_V2_s35_step10000,learned,2,35,dureader,Retrieval,0,12278555b79f2eccb08cbc05e5eb1e3db6dd6656a6dfc903,14094,8k+,54.54545404958678
learned_K2_V2_s35_step10000,learned,2,35,dureader,Retrieval,1,63140e6babfd4ba05e8aa00ced72bd5d6dd345069dc51c01,16666,8k+,16.129031908428725
learned_K2_V2_s35_step10000,learned,2,35,dureader,Retrieval,2,5d107886d7cf249e9aac8742319a0e3a804fdb23dcb9cf49,12999,8k+,14.399999500288017
learned_K2_V2_s35_step10000,learned,2,35,dureader,Retrieval,3,a678e14922db3ddba9a3509b10a72efd2ef8ed89f8bb8daa,19186,8k+,8.536584978955997
learned_K2_V2_s35_step10000,learned,2,35,dureader,Retrieval,4,3ab3847f29ece7b50ed80b8747b72f7b60c9d9c9ef7e40d0,13014,8k+,22.222221838134434
learned_K2_V2_s35_step10000,learned,2,35,dureader,Retrieval,5,d8c9d0ffc13dc09f14d000b53892ba413447249ccd352c55,10527,8k+,17.460317005794924
learned_K2_V2_s35_step10000,learned,2,35,dureader,Retrieval,6,886a425e5843986a76481b2d6a2cf0be5cd51ab4a2c938eb,19128,8k+,30.303029807162535
learned_K2_V2_s35_step10000,learned,2,35,dureader,Retrieval,7,9938c97e6ccf006c5fc66ea3294b9835e1584d95713576a9,13966,8k+,18.42105218144045
learned_K2_V2_s35_step10000,learned,2,35,dureader,Retrieval,8,7e62f603093f77398633ff8dece8afa712ff1cd6437bf837,14975,8k+,23.076922624260362
learned_K2_V2_s35_step10000,learned,2,35,dureader,Retrieval,9,3006635c583e7cc9f32ce1496408e750ebb0b589d31d5ae6,19064,8k+,21.052631087603892
learned_K2_V2_s35_step10000,learned,2,35,dureader,Retrieval,10,3b0fe79d3b483fb77d98bffbebadc280b57e023eca5a59e4,17982,8k+,35.84905612157351
learned_K2_V2_s35_step10000,learned,2,35,dureader,Retrieval,11,11f6f41bae56eefd2f45ed3c6f58186059a01abf37b9953f,21478,8k+,16.666666185571003
learned_K2_V2_s35_step10000,learned,2,35,dureader,Retrieval,12,cea17e10aae2733e4523fac706eb94ed35708191475a290c,12118,8k+,8.823529067906588
learned_K2_V2_s35_step10000,learned,2,35,dureader,Retrieval,13,5d2c076c96f6a6200aee739ef7e4a0d846edd77441000e7e,20840,8k+,66.66666616691359
learned_K2_V2_s35_step10000,learned,2,35,dureader,Retrieval,14,9055e0ca94e419223f87d93a082270e96c7cc6c86c21c149,13085,8k+,24.65753377369113
learned_K2_V2_s35_step10000,learned,2,35,dureader,Retrieval,15,f00c364992de1b60dad4ae31414e9b68e724354ba19c1ac5,8135,8k+,7.692307381656819
learned_K2_V2_s35_step10000,learned,2,35,dureader,Retrieval,16,1206d101462593845a7d9e27fe3c468bbb39b282f7edec69,14871,8k+,28.57142808163266
learned_K2_V2_s35_step10000,learned,2,35,dureader,Retrieval,17,aee988607e6b80802fa7ed7c48da91f51ded290e1c11a7d9,16163,8k+,12.76595694884565
learned_K2_V2_s35_step10000,learned,2,35,dureader,Retrieval,18,2a60a4e3ad88b2802220bc1fa2c4c65153975b31e11fe65e,16127,8k+,54.54545414876033
learned_K2_V2_s35_step10000,learned,2,35,dureader,Retrieval,19,dd94eec730668237f2f6e10926d8282927611289edf4eba8,12858,8k+,38.83495105174852
learned_K2_V2_s35_step10000,learned,2,35,dureader,Retrieval,20,052020668a5c87feabb54bcd7bf9d1341cf74bcaf78be89f,8445,8k+,22.222221959506175
learned_K2_V2_s35_step10000,learned,2,35,dureader,Retrieval,21,aada1209ca1567aca1b2f03c255d7dd61ea713ac7a9a9f70,12490,8k+,31.37254852037678
learned_K2_V2_s35_step10000,learned,2,35,dureader,Retrieval,22,5726f5fc6feedda99cafb275a27a8fd67483185b6fb8efa7,18847,8k+,25.225224734355983
learned_K2_V2_s35_step10000,learned,2,35,dureader,Retrieval,23,a75a9f361bab04b9a56deb18a550422b9a48477d24f7c02c,19211,8k+,28.571428293650797
learned_K2_V2_s35_step10000,learned,2,35,dureader,Retrieval,24,69056339ebb7837be4b25e7a1f0c7e2db5db1b1f1ad8c860,13375,8k+,8.333332860555583
learned_K2_V2_s35_step10000,learned,2,35,dureader,Retrieval,25,83db5430704ce725a83866d646df736f93c9c266ba6b1e69,14106,8k+,39.62264101014596
learned_K2_V2_s35_step10000,learned,2,35,dureader,Retrieval,26,f6272e55378e6a966b33c3f07456491c4b55bbca15a23c65,18198,8k+,20.952380462585044
learned_K2_V2_s35_step10000,learned,2,35,dureader,Retrieval,27,3becb07b07b8ce0d8dad6784c6acc25201f202a39f1c6e7f,9279,8k+,63.1578942648892
learned_K2_V2_s35_step10000,learned,2,35,dureader,Retrieval,28,0a53324a2f45b8a2e5016b20928f0192cee16edf9339d94b,17641,8k+,25.563909309062133
learned_K2_V2_s35_step10000,learned,2,35,dureader,Retrieval,29,cdb6c77441ab9c68ed0a8c5d115d1bbd957038397431f6e1,19815,8k+,0.0
learned_K2_V2_s35_step10000,learned,2,35,dureader,Retrieval,30,1e98839e91767f749b0a2ffd14c3a821e7b3b411f08fad2e,20456,8k+,16.949152307957487
learned_K2_V2_s35_step10000,learned,2,35,dureader,Retrieval,31,c7d95128e5d42494c807e39bcee8efebbfff30d031818512,24679,8k+,12.499999570312518
learned_K2_V2_s35_step10000,learned,2,35,dureader,Retrieval,32,352df5cadd00c9fc1b51cb875b447c11c645bd54e1d27932,16098,8k+,17.948717449046693
learned_K2_V2_s35_step10000,learned,2,35,dureader,Retrieval,33,64c44cd0a42fe9a54e36f4ea503d93bd81607251cc4ce6c9,12230,8k+,14.285714061632653
learned_K2_V2_s35_step10000,learned,2,35,dureader,Retrieval,34,36f202d9f22051f39f0c9d874442f947f005e36415f24068,19073,8k+,62.06896504637337
learned_K2_V2_s35_step10000,learned,2,35,dureader,Retrieval,35,c010c2c04d12ba1f3b755ef24378d06341c748d9ab109e7a,16163,8k+,21.739130049149345
learned_K2_V2_s35_step10000,learned,2,35,dureader,Retrieval,36,8efe1aa250fe7e246de6ba6564ab3f4cb444622ca0f6c1a9,14243,8k+,16.129031766389193
learned_K2_V2_s35_step10000,learned,2,35,dureader,Retrieval,37,7a6cd51eefe3e4ddd886c840916114d7437dcb33fe106193,19618,8k+,34.99999950125001
learned_K2_V2_s35_step10000,learned,2,35,dureader,Retrieval,38,86d7847460bb46348f326d8ece62ef7186ac6ac4c9ee55d2,19429,8k+,14.035087287165297
learned_K2_V2_s35_step10000,learned,2,35,dureader,Retrieval,39,aad5537545070be9623f4911b8eb2887f41e173e2b888753,10275,8k+,21.24999955281251
learned_K2_V2_s35_step10000,learned,2,35,dureader,Retrieval,40,b0771599ce5f74a7511588aa1e4d92824fe525dea9058c37,15030,8k+,22.222221797839513
learned_K2_V2_s35_step10000,learned,2,35,dureader,Retrieval,41,51575dd165cbaed1a736d95fe3f5217d7f4fa8007cc237d3,11763,8k+,23.999999520000006
learned_K2_V2_s35_step10000,learned,2,35,dureader,Retrieval,42,4eb705d60132d8bcefbc3ff5a729008d7809d1caf0474c0d,14337,8k+,19.277108012774
learned_K2_V2_s35_step10000,learned,2,35,dureader,Retrieval,43,610f5b2c7cb86f4525694810a9d671181c4dec04176a0472,16694,8k+,37.777777340987654
learned_K2_V2_s35_step10000,learned,2,35,dureader,Retrieval,44,88362864dec03f6577fe943362bcd4630e837a3922e58b8f,18803,8k+,28.260869150519852
learned_K2_V2_s35_step10000,learned,2,35,dureader,Retrieval,45,fa7e7cee1e1dd83f68783447560009328423fcd4ec5210a1,20015,8k+,14.28571378970027
learned_K2_V2_s35_step10000,learned,2,35,dureader,Retrieval,46,c3cfaf110d0af900048ff1c74dcdb66fa00dd7643342f60e,15656,8k+,19.17808184950273
learned_K2_V2_s35_step10000,learned,2,35,dureader,Retrieval,47,0a36d30499531eae58f5f4a8cfd437f6c28a3c7b4c419750,16179,8k+,30.882352498378037
learned_K2_V2_s35_step10000,learned,2,35,dureader,Retrieval,48,1967715bbb31ba1400000f79c2e5cb11fff452e6b34daa69,15960,8k+,26.666666297283953
learned_K2_V2_s35_step10000,learned,2,35,dureader,Retrieval,49,0384ebad2b2ab1e0e1bd3f0964430ba2e8c1a221ed37469a,8065,8k+,21.052631087603892
learned_K2_V2_s35_step10000,learned,2,35,dureader,Retrieval,50,0e96a2a3062e231d40d378f44ffe8785ce34958449ff673c,19766,8k+,21.95121903123142
learned_K2_V2_s35_step10000,learned,2,35,dureader,Retrieval,51,cd55f6fd6e06181d4c77d0c88629d0b7eacfabdd39937de2,15893,8k+,26.829267803390845
learned_K2_V2_s35_step10000,learned,2,35,dureader,Retrieval,52,38fd53c130741b601894b7a17f13334273cf94806105b2fc,15131,8k+,70.58823479584775
learned_K2_V2_s35_step10000,learned,2,35,dureader,Retrieval,53,e669dacffeea858fcebfaa91510f6f05c585190f0cf8aa86,12301,8k+,31.914893161385244
learned_K2_V2_s35_step10000,learned,2,35,dureader,Retrieval,54,a754016b032383e08c1ee760f6d9ec5f1bcc1c277bb0965c,17404,8k+,54.54545409816157
learned_K2_V2_s35_step10000,learned,2,35,dureader,Retrieval,55,0b704eaa04aa78dd365d7f50ea3e9edad9bd6a5dc3149f42,13318,8k+,21.9178078093451
learned_K2_V2_s35_step10000,learned,2,35,dureader,Retrieval,56,00f3d80feed0400a66f531091cb6b1650fb32cc0198387f2,23162,8k+,21.818181520661163
learned_K2_V2_s35_step10000,learned,2,35,dureader,Retrieval,57,8064f2c0ab7ae4e39ced347220cb31814c1fcdbcf2b16745,19647,8k+,9.523809160997747
learned_K2_V2_s35_step10000,learned,2,35,dureader,Retrieval,58,f39fedfc0130effa339c64361c7a0989517ff56335d458c5,15514,8k+,10.666666416355563
learned_K2_V2_s35_step10000,learned,2,35,dureader,Retrieval,59,aaffb1584bfaf57a5b20c4591dd031dbec3b774c41059384,18246,8k+,15.38461489780117
learned_K2_V2_s35_step10000,learned,2,35,dureader,Retrieval,60,4ece322895c8e2e2040d3b38d6aaa0b99d734a5a85635751,16227,8k+,27.999999500800005
learned_K2_V2_s35_step10000,learned,2,35,dureader,Retrieval,61,11b3b7afb73f5bf65a51b3083e885a60825b17421c58a828,19428,8k+,17.741935052679516
learned_K2_V2_s35_step10000,learned,2,35,dureader,Retrieval,62,c578d6bb5dee1c198fcc1d50e7fd7123e7458d8f275466e4,14963,8k+,95.65217341398866
learned_K2_V2_s35_step10000,learned,2,35,dureader,Retrieval,63,6d1fc888dec95f706e45e3b07f8453f87762cdf6de84949b,14969,8k+,24.615384124970422
learned_K2_V2_s35_step10000,learned,2,35,dureader,Retrieval,64,c7b553af6e430c14f82055470bcfa38efef0db9b6699bfb2,14237,8k+,23.255813460248795
learned_K2_V2_s35_step10000,learned,2,35,dureader,Retrieval,65,6770736a958b78c4c1b1a0057b34a709bdd869f307f3dc40,23171,8k+,13.33333305555556
learned_K2_V2_s35_step10000,learned,2,35,dureader,Retrieval,66,605c61ed38abe39ea8a8d8a1595d95a779fc872cab0040cc,12134,8k+,0.0
learned_K2_V2_s35_step10000,learned,2,35,dureader,Retrieval,67,3c2f54a27adb16f196b762d2987db42f1878468dc357de30,17453,8k+,49.999999515943884
learned_K2_V2_s35_step10000,learned,2,35,dureader,Retrieval,68,da78ec1651b02fe62f6c3730f6d7073474f0bf302df946e1,15609,8k+,44.44444395061729
learned_K2_V2_s35_step10000,learned,2,35,dureader,Retrieval,69,a05f18e20a5cc888e92709e137ad361447b192780b7d4d12,17746,8k+,25.225224847983117
learned_K2_V2_s35_step10000,learned,2,35,dureader,Retrieval,70,1e30c27cae0931f5e15818d7ec1608a6a32f66dfdbe23824,18398,8k+,52.99145249236613
learned_K2_V2_s35_step10000,learned,2,35,dureader,Retrieval,71,9b825916fc8e6839da2c268e70e24efde86bec4871827c7a,12503,8k+,19.469026048711736
learned_K2_V2_s35_step10000,learned,2,35,dureader,Retrieval,72,0eed8c0d47ad3b77f149ad3b38ef79ef5a15b100d68371eb,10874,8k+,22.857142377142864
learned_K2_V2_s35_step10000,learned,2,35,dureader,Retrieval,73,11973056a5ba3d39e9a4f5ae039e58e9b8c45a67e419ecb8,12424,8k+,55.17241339357908
learned_K2_V2_s35_step10000,learned,2,35,dureader,Retrieval,74,2f21f2053a45b66c63f7e5c56302c74f9a6ea53aab631c2c,19879,8k+,14.705881931769044
learned_K2_V2_s35_step10000,learned,2,35,dureader,Retrieval,75,2d2f5d97dcf3104ff6014ed0ab0a659db1c06509b3f1b047,15491,8k+,19.999999504132244
learned_K2_V2_s35_step10000,learned,2,35,dureader,Retrieval,76,89092e2d4dc6ca2c5d473e2f04eef775ba8f19158d65c104,12502,8k+,4.7619046292517035
learned_K2_V2_s35_step10000,learned,2,35,dureader,Retrieval,77,38efc9d04c043dc613d0bad05e569984beb3ecdd29a82672,20920,8k+,10.714285301091287
learned_K2_V2_s35_step10000,learned,2,35,dureader,Retrieval,78,9a5a7af4abe0935e2d57982cc4c2b520b74d25734937f040,12177,8k+,11.428571075918379
learned_K2_V2_s35_step10000,learned,2,35,dureader,Retrieval,79,5cb3247e4ccf47fb32f8eec0918a7dd61164e3d7e31649d8,11306,8k+,10.52631530193908
learned_K2_V2_s35_step10000,learned,2,35,dureader,Retrieval,80,b9c425813bffb04d38b99178dde9427e640d80d667accfe5,16257,8k+,7.017543385657158
learned_K2_V2_s35_step10000,learned,2,35,dureader,Retrieval,81,18646800bab12fff72981cac843c72cecf0ff3bcff5e9a19,15657,8k+,19.25925902814815
learned_K2_V2_s35_step10000,learned,2,35,dureader,Retrieval,82,9c4df6fa21f1980f0c6a9d14c4a3df4f3a98f986adb14f62,20895,8k+,23.076922579881664
learned_K2_V2_s35_step10000,learned,2,35,dureader,Retrieval,83,26e1d1667487cd1b235950d94e3c2f6d68f015a58890b001,20175,8k+,19.672130658425168
learned_K2_V2_s35_step10000,learned,2,35,dureader,Retrieval,84,acb23cb34a09ac02e73a75024204025e3b7b7953a86f75e3,12835,8k+,49.99999962500001
learned_K2_V2_s35_step10000,learned,2,35,dureader,Retrieval,85,88a9657c34d455e4e9aeaffb642f12b810ff26e29f9ae0f0,21262,8k+,12.578615975633886
learned_K2_V2_s35_step10000,learned,2,35,dureader,Retrieval,86,471a4a0d0f800da581295ccb3bf7878ca19021966b3fd3f7,18692,8k+,55.81395308599243
learned_K2_V2_s35_step10000,learned,2,35,dureader,Retrieval,87,2f7e7a0617975ae0bb8ce4908d959155772f8453aab1a5db,15609,8k+,39.99999953555556
learned_K2_V2_s35_step10000,learned,2,35,dureader,Retrieval,88,d76d270eef31761aae15a144540b6d139b11522a09a83ae3,12574,8k+,24.657533767686257
learned_K2_V2_s35_step10000,learned,2,35,dureader,Retrieval,89,11d99241110c220af6d63a9497c3febad0a2a8e8a33ebdc8,8605,8k+,11.594202401176245
learned_K2_V2_s35_step10000,learned,2,35,dureader,Retrieval,90,737307345010867f89a2d97752999d354711d7bc51ff0498,16161,8k+,55.55555505555557
learned_K2_V2_s35_step10000,learned,2,35,dureader,Retrieval,91,7f240b648b85084f84ec6555e90bdd79ff15ce8619d3a7dd,8626,8k+,84.9315063494089
learned_K2_V2_s35_step10000,learned,2,35,dureader,Retrieval,92,4614c86b046f2da43b00911f151d1f9243ecb72a1d727509,9639,8k+,16.949152045963817
learned_K2_V2_s35_step10000,learned,2,35,dureader,Retrieval,93,7663e885e6eb7a4be34271f68c9871c935978fccac104968,18582,8k+,51.28205083760684
learned_K2_V2_s35_step10000,learned,2,35,dureader,Retrieval,94,76e9328be6dc901fb0218ce3900075ec28943b7f107a87eb,11227,8k+,47.93388379919404
learned_K2_V2_s35_step10000,learned,2,35,dureader,Retrieval,95,31ae831b0f97352e8c4e6e2d82ba864f96b61c91d6272235,15967,8k+,24.615384124970422
learned_K2_V2_s35_step10000,learned,2,35,dureader,Retrieval,96,e44a33946a8b53055d69918bbee412ad18427f478306144a,11289,8k+,7.317072903926243
learned_K2_V2_s35_step10000,learned,2,35,dureader,Retrieval,97,eb1b46866411bfef383d5ab1459a45171460322c71efbb20,11535,8k+,30.769230343195268
learned_K2_V2_s35_step10000,learned,2,35,dureader,Retrieval,98,109f983d7e88b42c229f88324276ce66d6e8e03464b102bd,16132,8k+,62.06896504637337
learned_K2_V2_s35_step10000,learned,2,35,dureader,Retrieval,99,74db6f7badc86551d1c329ad9bf5ae14aaa3249c76744fbb,26142,8k+,27.39725980437231
learned_K2_V2_s35_step10000,learned,2,35,dureader,Retrieval,100,ca61d218a08ece2f25015c13d5d794513b2a9c88785dacbe,21537,8k+,22.727272228305793
learned_K2_V2_s35_step10000,learned,2,35,dureader,Retrieval,101,9d8350270932f73bec8fe0ae217ed20d3df94bb2fd9c4966,24875,8k+,7.692307218934941
learned_K2_V2_s35_step10000,learned,2,35,dureader,Retrieval,102,fdaaa0f4e577d1473e56c075168e0ea314e6dd0da0ab812b,19277,8k+,24.999999736328128
learned_K2_V2_s35_step10000,learned,2,35,dureader,Retrieval,103,08b23b8d4989f0f8a23f727c39c0ae8b72b480d951c8befc,18715,8k+,19.047618603174612
learned_K2_V2_s35_step10000,learned,2,35,dureader,Retrieval,104,ec43cfdaad7a3badb1a5a12cc62ef23ce1f249728a15a0d5,9673,8k+,19.718309360047623
learned_K2_V2_s35_step10000,learned,2,35,dureader,Retrieval,105,72cb9582979226275be8209cefb5f304ab12c77b1fac23d2,18414,8k+,73.015872515999
learned_K2_V2_s35_step10000,learned,2,35,dureader,Retrieval,106,8ab6a50f852533b1163fb723f3ff39fe724174e9d7ba6d40,11372,8k+,21.848739044135307
learned_K2_V2_s35_step10000,learned,2,35,dureader,Retrieval,107,b45da8c3c5ae623f3fe9d595fce5b0da199c21f62b40ff82,14608,8k+,15.469612802539617
learned_K2_V2_s35_step10000,learned,2,35,dureader,Retrieval,108,32bb7400b84219b6452c88587f3d03b7ca9146ee351825a5,14911,8k+,33.33333297260803
learned_K2_V2_s35_step10000,learned,2,35,dureader,Retrieval,109,aaca9663ac31aee4f90704fe6cd67fdedf8d3710279a720d,20807,8k+,36.73469338775511
learned_K2_V2_s35_step10000,learned,2,35,dureader,Retrieval,110,ba84f5b773a90802526357322badf966389a6a52aa084d0f,24005,8k+,8.695651679059049
learned_K2_V2_s35_step10000,learned,2,35,dureader,Retrieval,111,aa7d10897d57a44bc2d94853281c8880623adfb0578ea27e,27096,8k+,38.46153796449705
learned_K2_V2_s35_step10000,learned,2,35,dureader,Retrieval,112,138ff12aa7c9119b28c1cd27c04863b6245097f95dbba25c,12975,8k+,17.777777307654333
learned_K2_V2_s35_step10000,learned,2,35,dureader,Retrieval,113,53f190856e932435a2a8ea5c334e22923245abb44b918320,12268,8k+,48.59813035688707
learned_K2_V2_s35_step10000,learned,2,35,dureader,Retrieval,114,d5c257604d9ff378415623a296f098a925140b956a423e4f,13983,8k+,25.531914399275703
learned_K2_V2_s35_step10000,learned,2,35,dureader,Retrieval,115,eceb2740e7f479644de2e7a79f413707bb14dfd8204606a5,13690,8k+,43.90243852468769
learned_K2_V2_s35_step10000,learned,2,35,dureader,Retrieval,116,24615fc68e67378d281f73f19abe2f5b56866e4fffa715f9,14183,8k+,28.947367943213305
learned_K2_V2_s35_step10000,learned,2,35,dureader,Retrieval,117,dadaa440984e074b5830078df6e33d2d01f01ca10b609c94,11095,8k+,48.78048737180251
learned_K2_V2_s35_step10000,learned,2,35,dureader,Retrieval,118,c7bf20a55017538920236317705490072aa1454037bd24a6,14538,8k+,42.857142482142855
learned_K2_V2_s35_step10000,learned,2,35,dureader,Retrieval,119,94abac749c61b4bb66d605e783bb6739e22df956276976f2,19704,8k+,29.7872335808058
learned_K2_V2_s35_step10000,learned,2,35,dureader,Retrieval,120,bb532164da4a03439fe4bc9f12285e41c81eb64e14675522,19292,8k+,37.037036620027436
learned_K2_V2_s35_step10000,learned,2,35,dureader,Retrieval,121,5cb8788a937bb0fe22975126b22ae0cc4869664c6f801e2b,9462,8k+,26.22950769793067
learned_K2_V2_s35_step10000,learned,2,35,dureader,Retrieval,122,cfac776f4ec7ff59996269a391facc3812c4f998b8f1b7e5,13114,8k+,55.67010259283664
learned_K2_V2_s35_step10000,learned,2,35,dureader,Retrieval,123,987474a48c95429249d169fa75bb1a9838f36239ac62c256,12690,8k+,26.865671222989533
learned_K2_V2_s35_step10000,learned,2,35,dureader,Retrieval,124,a99b905ec25772b9c7c44c8d73e7bc399eb90550c8dd530e,10991,8k+,22.535210862924025
learned_K2_V2_s35_step10000,learned,2,35,dureader,Retrieval,125,d0c11021958645526ba804268eca84e297488cf62e98125c,14129,8k+,8.69565188657846
learned_K2_V2_s35_step10000,learned,2,35,dureader,Retrieval,126,10f9fe7d94d5d760bb815ab218d98d0f17c0865470df3127,20656,8k+,6.060605847566582
learned_K2_V2_s35_step10000,learned,2,35,dureader,Retrieval,127,c321be8f085ed32d8a7268ae56cfc7d40f4dd4919f526bb0,23419,8k+,30.769230414201182
learned_K2_V2_s35_step10000,learned,2,35,dureader,Retrieval,128,7be10b6f977cdbd0dda8cf27c4d0fdb3bac92aa08cb9fe7c,19889,8k+,18.823528912387555
learned_K2_V2_s35_step10000,learned,2,35,dureader,Retrieval,129,2870c545dabc3da8055aef59cab7c7fe031694a7e7d30dbc,11482,8k+,34.14634104937538
learned_K2_V2_s35_step10000,learned,2,35,dureader,Retrieval,130,4c886d98462b4ee5d1e16d75f6561931957a5b615ee68315,13699,8k+,32.75862019099287
learned_K2_V2_s35_step10000,learned,2,35,dureader,Retrieval,131,8da4f703001eda20bd71abc146daf2e902c5e2e93a350d56,17149,8k+,6.399999699712014
learned_K2_V2_s35_step10000,learned,2,35,dureader,Retrieval,132,0364c6be6b2228f29703557e96c0d1ff0655d1dcc02b10e9,14264,8k+,21.428570986128836
learned_K2_V2_s35_step10000,learned,2,35,dureader,Retrieval,133,6a52b3ee8b792e7dc08dc8de248aa98ece7bed880fdc9bc9,20487,8k+,7.8431371103421785
learned_K2_V2_s35_step10000,learned,2,35,dureader,Retrieval,134,d7d61055189de74ab992cdbb6b61ac8d345add6468304aa9,15238,8k+,55.44554405489658
learned_K2_V2_s35_step10000,learned,2,35,dureader,Retrieval,135,46ebae66755675face202d86a67e287848a7fe65ddba972b,16361,8k+,12.49999975086806
learned_K2_V2_s35_step10000,learned,2,35,dureader,Retrieval,136,74fbae5e91849ed4c92d5309c4b9c76cb5fda6c54089b95b,20399,8k+,57.62711819234575
learned_K2_V2_s35_step10000,learned,2,35,dureader,Retrieval,137,c4feb721012cbe56494d363a603de22c2a74dd4d80018b22,14792,8k+,12.121211621671279
learned_K2_V2_s35_step10000,learned,2,35,dureader,Retrieval,138,8329fe67a240526e59e62be45a5ce1a3a076fd777063a5c0,14154,8k+,5.882352650519045
learned_K2_V2_s35_step10000,learned,2,35,dureader,Retrieval,139,ee44eee68c97708e5ddb2287e50730dd9429868742476a24,10531,8k+,7.547169311320788
learned_K2_V2_s35_step10000,learned,2,35,dureader,Retrieval,140,0a5c0aa841998077b125e266b1f27d8abeb5d2592da47615,10709,8k+,17.777777580246916
learned_K2_V2_s35_step10000,learned,2,35,dureader,Retrieval,141,93a23ebdf11ad88b171b49b16b03d13407566036a9a25db2,18550,8k+,27.586206468489898
learned_K2_V2_s35_step10000,learned,2,35,dureader,Retrieval,142,bdde21dea30258a71f543f49a4c73aa0f56fe0efc631088e,17033,8k+,39.9999995512
learned_K2_V2_s35_step10000,learned,2,35,dureader,Retrieval,143,d17bcf368115455bf053d31fe940a63dc06f018eb72695a2,20815,8k+,22.222221800957424
learned_K2_V2_s35_step10000,learned,2,35,dureader,Retrieval,144,7e558f7e96a66b5d76d6d18a0411e4f37d944a787f3ea336,19418,8k+,14.141413647586997
learned_K2_V2_s35_step10000,learned,2,35,dureader,Retrieval,145,537890356009fa4f4850a14fa5a46b791461f87c89eee270,20481,8k+,17.543859150507863
learned_K2_V2_s35_step10000,learned,2,35,dureader,Retrieval,146,f0d3f00a5a1aa16d44b33cedcd48df542a0e7105be2bfad0,9021,8k+,30.188678875044506
learned_K2_V2_s35_step10000,learned,2,35,dureader,Retrieval,147,8b1cd2b27adebb1eaba4fc87c682c5e7f8d15ae4a27135c1,18889,8k+,22.222221742222235
learned_K2_V2_s35_step10000,learned,2,35,dureader,Retrieval,148,e3626a8b280505df3ec4194b642a23651f903e81dcddcb7d,12340,8k+,0.0
learned_K2_V2_s35_step10000,learned,2,35,dureader,Retrieval,149,0ff2c8f7b634c54a72e282eaa78568acd5c385e66c93550e,15059,8k+,58.73015823330814
learned_K2_V2_s35_step10000,learned,2,35,dureader,Retrieval,150,a6359cf3c13ceeabadbf5a94301f6fb177a54fc7b9b28ee3,11026,8k+,27.777777368484237
learned_K2_V2_s35_step10000,learned,2,35,dureader,Retrieval,151,40909099b4c19045da90ec90cb1c14eaee60d62aecd56647,14865,8k+,24.999999517578132
learned_K2_V2_s35_step10000,learned,2,35,dureader,Retrieval,152,9ddb48cba21b8afe265ea7839bcac41e44697e58e741cda1,25382,8k+,17.34104003301147
learned_K2_V2_s35_step10000,learned,2,35,dureader,Retrieval,153,123440c023621b32c6c8bde4e915b30eb9aa8fc40b0f7309,15034,8k+,55.99999959680001
learned_K2_V2_s35_step10000,learned,2,35,dureader,Retrieval,154,ba609b664e1b41806d684ae398399dcb67077831574be9d2,17336,8k+,23.880596515927834
learned_K2_V2_s35_step10000,learned,2,35,dureader,Retrieval,155,aa19bb8afd0cb593a2b96579da66aebb8d0ea809ecb38e9e,11136,8k+,25.454545041983472
learned_K2_V2_s35_step10000,learned,2,35,dureader,Retrieval,156,d80407b4de2ed14ff13d48d24ad6842ab20f490625229699,13166,8k+,21.73912998109642
learned_K2_V2_s35_step10000,learned,2,35,dureader,Retrieval,157,692a039a5bd3cc06bcc4ea175892307d7564e2919f9b1595,14549,8k+,13.888888543209884
learned_K2_V2_s35_step10000,learned,2,35,dureader,Retrieval,158,d5b40e4b1a76d4465ac91869f127cb97fa9676fb43b4a6c1,14772,8k+,13.513513057706373
learned_K2_V2_s35_step10000,learned,2,35,dureader,Retrieval,159,287a255fce9b2a3d591e76b0ae9d5677892578ed08a4af5f,18604,8k+,25.60975566902142
learned_K2_V2_s35_step10000,learned,2,35,dureader,Retrieval,160,e3b080f8e70af527c6915a27a9fdcc88d1a4d91eaed55cf9,16838,8k+,18.421052190096965
learned_K2_V2_s35_step10000,learned,2,35,dureader,Retrieval,161,64f111c822cc20203301aecd68f6bf8553edba3a014d2e05,22202,8k+,39.9999995392
learned_K2_V2_s35_step10000,learned,2,35,dureader,Retrieval,162,5eab3bdf385b306f83d5bf88526db290bdd808e839a1c2df,14873,8k+,14.414413935881845
learned_K2_V2_s35_step10000,learned,2,35,dureader,Retrieval,163,d9c3760a85583f2d8ac07e187469d43a384f9f67019b6507,9996,8k+,18.404907495953946
learned_K2_V2_s35_step10000,learned,2,35,dureader,Retrieval,164,190a71e64d09d961710da8aa19d384fcf9eceb2f46c037b5,16734,8k+,33.333332872730075
learned_K2_V2_s35_step10000,learned,2,35,dureader,Retrieval,165,b4dd647fa27d86269bcd72c95037da278f7b17a5e3b187fe,14777,8k+,35.82089507150813
learned_K2_V2_s35_step10000,learned,2,35,dureader,Retrieval,166,88d166038d9715226f9e78d2c6bdc99e0cdb0317ce54c7d6,13854,8k+,65.82278434545746
learned_K2_V2_s35_step10000,learned,2,35,dureader,Retrieval,167,901688691ada7ffcf730ccd897a55ea0664a28562d68a381,22873,8k+,17.647058579632834
learned_K2_V2_s35_step10000,learned,2,35,dureader,Retrieval,168,3d92b72e26f5abf6f7307ee02e9195d9699fa9e67bbb4d3f,12999,8k+,22.727272236570258
learned_K2_V2_s35_step10000,learned,2,35,dureader,Retrieval,169,30f7e69fa244746e0b3d6a357fefaf56c921c78764ba19cc,20754,8k+,10.526315414473697
learned_K2_V2_s35_step10000,learned,2,35,dureader,Retrieval,170,8d1998c8057f760cfa6a5078d569eb8528c94d55ee1d83cd,11826,8k+,23.07692265088758
learned_K2_V2_s35_step10000,learned,2,35,dureader,Retrieval,171,f3615cd469213dbefcfe1a8c37214e4e61d1129c519aa3fa,16212,8k+,21.53846104142013
learned_K2_V2_s35_step10000,learned,2,35,dureader,Retrieval,172,cc132ebcd2c9026fb763123c300241c96dd1b250ff615129,8961,8k+,34.615384115384614
learned_K2_V2_s35_step10000,learned,2,35,dureader,Retrieval,173,ebf7e89bd010e48ef1403ecd7d376b440406708bd8c23e2c,10205,8k+,14.285713867630397
learned_K2_V2_s35_step10000,learned,2,35,dureader,Retrieval,174,a9f6a7314fe1487061a12f8c1f82c5214e7855c9196fe58a,15772,8k+,49.999999548828136
learned_K2_V2_s35_step10000,learned,2,35,dureader,Retrieval,175,f13dfa1f4dd4d67614f4b2dc5e1f669a57a045e3b762d2ef,22235,8k+,43.07692266319527
learned_K2_V2_s35_step10000,learned,2,35,dureader,Retrieval,176,ae54e91cda6da668868935c78f7819cdd40128f3e050037f,15470,8k+,39.99999959474049
learned_K2_V2_s35_step10000,learned,2,35,dureader,Retrieval,177,85ff92d08bab2c6ef49a7ccc8b2d40c06de81c097aef56d2,19720,8k+,51.23966895020832
learned_K2_V2_s35_step10000,learned,2,35,dureader,Retrieval,178,f592ea66ba666dcb554045bd0ff7bc0627a525ffb202bbbf,14606,8k+,23.776223313413865
learned_K2_V2_s35_step10000,learned,2,35,dureader,Retrieval,179,771fadbb76888502e9824553c050c745106a599fb5ffef06,8358,8k+,62.06896503210465
learned_K2_V2_s35_step10000,learned,2,35,dureader,Retrieval,180,818ed740cba2e62037965c4fcb433ecde564ea63478dca1a,11746,8k+,11.111110626913602
learned_K2_V2_s35_step10000,learned,2,35,dureader,Retrieval,181,d79fbdd08f5860f855d07eadc5272f9988844a0bf78ecdf8,13943,8k+,16.666666205246926
learned_K2_V2_s35_step10000,learned,2,35,dureader,Retrieval,182,1be3f0fba73b2ff83cca47e1b160ef6ec23f77ff04379566,17024,8k+,19.999999500555568
learned_K2_V2_s35_step10000,learned,2,35,dureader,Retrieval,183,0e23c7165ff3bdb9596ece3b1743d279ebf96f4e8037c127,16608,8k+,20.93023209085994
learned_K2_V2_s35_step10000,learned,2,35,dureader,Retrieval,184,684bba4366023073e981b421ad69b092611399428ac4c02a,15223,8k+,16.666666205246926
learned_K2_V2_s35_step10000,learned,2,35,dureader,Retrieval,185,6c77e72d17db95457f720fa0f0ce34ccdc1a2094867a068c,10678,8k+,14.925372643350428
learned_K2_V2_s35_step10000,learned,2,35,dureader,Retrieval,186,df96223b6d9c9405345e4f8d36759bc454503940c9cc48b4,14048,8k+,8.547008449704142
learned_K2_V2_s35_step10000,learned,2,35,dureader,Retrieval,187,b902c4dfc3da5a5bddccd1c968378f3cb9d7749adbad3ce8,15629,8k+,34.01360498495997
learned_K2_V2_s35_step10000,learned,2,35,dureader,Retrieval,188,97efa5cddec7f9afd10f2a90479862b7aeb3193481a07c2e,19639,8k+,18.918918665814466
learned_K2_V2_s35_step10000,learned,2,35,dureader,Retrieval,189,ade28f9eeae01a2fbaed8d67d6ea29da4ca40b98724b6580,14553,8k+,25.71428524040817
learned_K2_V2_s35_step10000,learned,2,35,dureader,Retrieval,190,b6b6f8ed8b248e453354d2e54e8372484d1cb1d699127f1d,15188,8k+,33.3333328888889
learned_K2_V2_s35_step10000,learned,2,35,dureader,Retrieval,191,fac00bf870690472fea62b70749d61c9e24980a8e290df34,18332,8k+,30.769230302103885
learned_K2_V2_s35_step10000,learned,2,35,dureader,Retrieval,192,6505a9fb886681f4668ee724334b23c46e351ab0c561287d,15972,8k+,10.810810311176065
learned_K2_V2_s35_step10000,learned,2,35,dureader,Retrieval,193,d7ed8931f530d8150d8b9bff3bf30d4a655d5c3a61d5d5db,20698,8k+,35.294117148788935
learned_K2_V2_s35_step10000,learned,2,35,dureader,Retrieval,194,be1e264fc59173cac012d7565ec0eb946528e49443e32550,12863,8k+,22.222221777777783
learned_K2_V2_s35_step10000,learned,2,35,dureader,Retrieval,195,0afae71ba1f57273d1990395aaf513badb59c1bfeef92583,13702,8k+,23.52941137543253
learned_K2_V2_s35_step10000,learned,2,35,dureader,Retrieval,196,6d7fa0aa5a6e913fdbaa6adde71543b5bcaac1bab622b811,10506,8k+,42.30769181231509
learned_K2_V2_s35_step10000,learned,2,35,dureader,Retrieval,197,f84bb9b6f6eb6b1ce5b49694e556bf63b7e034a42f140c04,13029,8k+,26.829267868828083
learned_K2_V2_s35_step10000,learned,2,35,dureader,Retrieval,198,f0886c89294c2894d43356d2c0bd0467c28a01b980f7000d,17295,8k+,13.559321690318882
learned_K2_V2_s35_step10000,learned,2,35,dureader,Retrieval,199,91b4e9d1a4d0afdc7c5503c767797fd950169b9b38851c88,15455,8k+,73.599999511552
learned_K2_V2_s35_step10000,learned,2,35,gov_report,Summarization,0,4bd6930b3b65caf89aa127d679a80294f31f9cfa7cdab703,8537,8k+,34.80825911845529
learned_K2_V2_s35_step10000,learned,2,35,gov_report,Summarization,1,e6030e255f6b8c70f7b3c9faf0320d4f7729b4eddacf727f,12207,8k+,35.88390456933605
learned_K2_V2_s35_step10000,learned,2,35,gov_report,Summarization,2,cbc3f7193f9fa873108c6ccc73a558eb1d2a97b249a1f930,8129,8k+,40.10988966791451
learned_K2_V2_s35_step10000,learned,2,35,gov_report,Summarization,3,1b6b47fa851187e2eb91a700bfab672580beef5a1671dd5c,7088,4-8k,24.49799150299996
learned_K2_V2_s35_step10000,learned,2,35,gov_report,Summarization,4,14fff932d702f49ba8037e3853528f5c24952fea97e12075,9366,8k+,27.57201598841641
learned_K2_V2_s35_step10000,learned,2,35,gov_report,Summarization,5,cde0dd328fcfff44d9709e0e3b6e07100b1d23ebc8208f78,6142,4-8k,30.68783022567958
learned_K2_V2_s35_step10000,learned,2,35,gov_report,Summarization,6,81e845f35acd55c1f6b4edda428a0a52fd22bade5be9cf13,3366,0-4k,29.88505700500463
learned_K2_V2_s35_step10000,learned,2,35,gov_report,Summarization,7,a6d311b6722cdf0fd1e95f07371162c59183a53db1fc5f62,12551,8k+,28.962817644540273
learned_K2_V2_s35_step10000,learned,2,35,gov_report,Summarization,8,6f6b6187fc270471899d0ce86ec305328fcee442361be864,3091,0-4k,40.64665082026146
learned_K2_V2_s35_step10000,learned,2,35,gov_report,Summarization,9,717196b201b32c40650297b1168ac3e629cdae29538b8cd4,11426,8k+,26.70025149774442
learned_K2_V2_s35_step10000,learned,2,35,gov_report,Summarization,10,a6b66279eee0135505b08462e35738e68080a9214e36f710,14630,8k+,45.62499953445313
learned_K2_V2_s35_step10000,learned,2,35,gov_report,Summarization,11,0a835927d5d2333bd2525d5f599e81781d951896cc64ad49,8215,8k+,39.215685863369856
learned_K2_V2_s35_step10000,learned,2,35,gov_report,Summarization,12,7a1cc68b12da91958bd7ebe2c25c69bae3cf95aee04b5e52,8501,8k+,20.375334654457387
learned_K2_V2_s35_step10000,learned,2,35,gov_report,Summarization,13,780de001e250947c102e770515de8b924ff9ee35597b7533,6903,4-8k,35.230351868479225
learned_K2_V2_s35_step10000,learned,2,35,gov_report,Summarization,14,4cb713e43fe0e8e6185cec6d49636297caf933ab15697ef8,14863,8k+,29.577464303015283
learned_K2_V2_s35_step10000,learned,2,35,gov_report,Summarization,15,eaf2acd9c4a757fefc0b0933bd274cccefa900eb9790f6aa,6229,4-8k,28.099173139095697
learned_K2_V2_s35_step10000,learned,2,35,gov_report,Summarization,16,caf5073d724df260e53ec2cab2e8cc627e97c0f93798cdba,4428,4-8k,33.49282255922484
learned_K2_V2_s35_step10000,learned,2,35,gov_report,Summarization,17,7decb8feac7c313ba51e5813869dc0723e029c13c3a6aed1,8760,8k+,35.85313130124225
learned_K2_V2_s35_step10000,learned,2,35,gov_report,Summarization,18,df430577a7eaa9e6745391a4fe8c576cac1cad10fde42515,5595,4-8k,26.484017851170744
learned_K2_V2_s35_step10000,learned,2,35,gov_report,Summarization,19,16ff170b05fee2ae75fd88537151adb7172c5aee0b809511,3317,0-4k,31.645569121875504
learned_K2_V2_s35_step10000,learned,2,35,gov_report,Summarization,20,3f0558c30e60591ddf9f0e401f8c86c7e1b5be72c90ba50a,5686,4-8k,31.265508231440382
learned_K2_V2_s35_step10000,learned,2,35,gov_report,Summarization,21,96b798b0de90fbfdfec8755d41a218bde7e0439dd5a8bc98,12474,8k+,29.78723360130555
learned_K2_V2_s35_step10000,learned,2,35,gov_report,Summarization,22,c325a40777333d0e9c79489ab40a509f45e261d2054ea3d7,9550,8k+,38.14432944963599
learned_K2_V2_s35_step10000,learned,2,35,gov_report,Summarization,23,41203c9bcb9e82d6bfa289c0641ca1ef08073d52ceeec7f5,13111,8k+,34.31734270219633
learned_K2_V2_s35_step10000,learned,2,35,gov_report,Summarization,24,499063cd2175dac8478f1c5c767a53c7dfc5fc13747b4be5,9677,8k+,23.52941131037775
learned_K2_V2_s35_step10000,learned,2,35,gov_report,Summarization,25,b685812d90230eb593103d16207df42759bc6e12af94148f,10755,8k+,25.43859606913666
learned_K2_V2_s35_step10000,learned,2,35,gov_report,Summarization,26,490f14d293ac1c261a07bd50aeac2e86a9e76c726d7883a2,6259,4-8k,26.415093953108315
learned_K2_V2_s35_step10000,learned,2,35,gov_report,Summarization,27,f8113f184e34b1df24257645d9db41dbec8c2c4e6e4e7e1b,8598,8k+,24.29577421365429
learned_K2_V2_s35_step10000,learned,2,35,gov_report,Summarization,28,b80f0f072c417b7475ceaee6fa5c2f708d36a7d31a2570a4,8541,8k+,36.36363588195097
learned_K2_V2_s35_step10000,learned,2,35,gov_report,Summarization,29,00dfb31b36bf405150303a6ef755b72997e486d594da1a10,12479,8k+,22.77580023231723
learned_K2_V2_s35_step10000,learned,2,35,gov_report,Summarization,30,526d812057ca29c7ad0e6b1e48a0fc3a63a2a4ecd914c4f8,2096,0-4k,24.647886869792707
learned_K2_V2_s35_step10000,learned,2,35,gov_report,Summarization,31,0f6c000c1653bd9ad797ec6f7ab49051531cf0181ac1c572,6957,4-8k,31.67420765527938
learned_K2_V2_s35_step10000,learned,2,35,gov_report,Summarization,32,63bfe4332c2b9854797561b506336d4a5f5b878b005b6b0b,3817,0-4k,35.93380567179161
learned_K2_V2_s35_step10000,learned,2,35,gov_report,Summarization,33,20b5876304722f112df8dc629cf778d75beae3ca7887d6fd,6599,4-8k,22.754490525135374
learned_K2_V2_s35_step10000,learned,2,35,gov_report,Summarization,34,62d13b7a4d82174165aff7eb6ed3bd7b4cb0b87255a7173e,5128,4-8k,40.419947033845176
learned_K2_V2_s35_step10000,learned,2,35,gov_report,Summarization,35,bced7d8c4f573d1008fbdd146e9671ebbcea8251a2432687,1743,0-4k,35.38873948907849
learned_K2_V2_s35_step10000,learned,2,35,gov_report,Summarization,36,64783ddf48e7a912be7c5d5b7e10f3ac6cad81444d8aff62,12318,8k+,42.13075012854623
learned_K2_V2_s35_step10000,learned,2,35,gov_report,Summarization,37,174556232f2d7bf5ab477491480b96a74d365e7497069e2a,2561,0-4k,31.053603972147158
learned_K2_V2_s35_step10000,learned,2,35,gov_report,Summarization,38,75e7f2ffc9c09f0868bfe03fab087139f2c0c5da17f6887f,10649,8k+,35.97430362648277
learned_K2_V2_s35_step10000,learned,2,35,gov_report,Summarization,39,21a88b8ac5c42a6f566eadadaeaf2f727d9d01024b2dcd3b,13388,8k+,32.68817162215285
learned_K2_V2_s35_step10000,learned,2,35,gov_report,Summarization,40,8be9961b3148717dd324148abf0ab947fb11adb0b9ca3fc6,9854,8k+,25.877192560364737
learned_K2_V2_s35_step10000,learned,2,35,gov_report,Summarization,41,0867ce8275f7a6d527058c76ff165eb872f89416e4acdf0c,3558,0-4k,37.17647012743531
learned_K2_V2_s35_step10000,learned,2,35,gov_report,Summarization,42,aa553d37bf5e68ec9f38976761e2c37ea3495ef11650ce0d,11506,8k+,23.578946904163995
learned_K2_V2_s35_step10000,learned,2,35,gov_report,Summarization,43,ba50360a6669fb0e2fbd41a020483b9bab271b5ce69b5c87,8882,8k+,43.010752255000575
learned_K2_V2_s35_step10000,learned,2,35,gov_report,Summarization,44,0708332f2b27ef8843c261a207213212e80322ad79286259,18098,8k+,31.29251659102946
learned_K2_V2_s35_step10000,learned,2,35,gov_report,Summarization,45,217e94f10e4c8ed084bf7e22681c4bbd75d5aa35d3480edd,14516,8k+,31.96125866561919
learned_K2_V2_s35_step10000,learned,2,35,gov_report,Summarization,46,cbdd4b937972c65f6d9de2ef403bbacbc169a5155ecef22a,18229,8k+,28.505746643773293
learned_K2_V2_s35_step10000,learned,2,35,gov_report,Summarization,47,f9c3887bcf4a8492d37350d51247c096a94d6703bbdee13b,8377,8k+,35.97430363713897
learned_K2_V2_s35_step10000,learned,2,35,gov_report,Summarization,48,0371cc1b07fbeda7a45b02063ca36c1d740834ac14eb2b5f,8621,8k+,39.30348211102448
learned_K2_V2_s35_step10000,learned,2,35,gov_report,Summarization,49,cbeec70bcfb72047d4e6c61220081a119adaa31560983e53,8317,8k+,37.383177136518476
learned_K2_V2_s35_step10000,learned,2,35,gov_report,Summarization,50,1ebf280f607e6a5b65e277b3c2960537006c9860b5325957,7218,4-8k,31.638417584857486
learned_K2_V2_s35_step10000,learned,2,35,gov_report,Summarization,51,02205a009a0372f40788ffee246ca81298f2cd5a0e622748,6356,4-8k,27.01525010617949
learned_K2_V2_s35_step10000,learned,2,35,gov_report,Summarization,52,ff191f2d1d1e910150ba1af73d4d17215693b438f9cd5787,10615,8k+,32.01970399993934
learned_K2_V2_s35_step10000,learned,2,35,gov_report,Summarization,53,cb5aaab1a10d7734da9f3f8aeec55f2679a1261cae6dee7a,12616,8k+,27.091632996642918
learned_K2_V2_s35_step10000,learned,2,35,gov_report,Summarization,54,ad1e97265c4148aa84685bcfffe30b9009fb9f1788a0b7ff,6750,4-8k,39.20454497431883
learned_K2_V2_s35_step10000,learned,2,35,gov_report,Summarization,55,f5f68ded1b0f845b033d85fd29a0180cc1d1a25fd2b57916,4582,4-8k,31.770832877400718
learned_K2_V2_s35_step10000,learned,2,35,gov_report,Summarization,56,864c2b03ab84ceb4179238296a7e923b7b82da0708259071,30427,8k+,25.11848293819771
learned_K2_V2_s35_step10000,learned,2,35,gov_report,Summarization,57,b90ab633bbaa4cdfda68a50708893ed002d6501ee51935b2,5894,4-8k,26.666666192789123
learned_K2_V2_s35_step10000,learned,2,35,gov_report,Summarization,58,38b8e4cacdb00469ee30fe44f4b285ce26e6d34d65883186,5182,4-8k,30.456852299299136
learned_K2_V2_s35_step10000,learned,2,35,gov_report,Summarization,59,6b904be52b37799ba0fe353800ac1a5246d263927387b6f1,32726,8k+,22.41379272206637
learned_K2_V2_s35_step10000,learned,2,35,gov_report,Summarization,60,b21cef508a0fd9406275823c8b44fc80175adadf8c8ac88e,6755,4-8k,35.89743546270668
learned_K2_V2_s35_step10000,learned,2,35,gov_report,Summarization,61,b2fe8963e0f2c588e236ef7b7eaafd3334407c176e9db530,4469,4-8k,39.897697774739825
learned_K2_V2_s35_step10000,learned,2,35,gov_report,Summarization,62,869b783e558515d3f1f318298e103eb58c947be52d085c71,7241,4-8k,16.595744338605712
learned_K2_V2_s35_step10000,learned,2,35,gov_report,Summarization,63,fec1c70a413abe04d2f8ef06d9ac6af139f6569e5fdda2b1,9745,8k+,35.384614924391855
learned_K2_V2_s35_step10000,learned,2,35,gov_report,Summarization,64,00cee8bad9ec18d013af6d0e731f1bc7af22da0d06bf6d00,6694,4-8k,30.530973047272695
learned_K2_V2_s35_step10000,learned,2,35,gov_report,Summarization,65,8b4549b580441e95fa54e11cc68671baf1466b257a88c444,3573,0-4k,44.875345772853194
learned_K2_V2_s35_step10000,learned,2,35,gov_report,Summarization,66,99f4c9b3ae17f0f11db1ec1965778c695a021407717a969a,5865,4-8k,37.241378850321055
learned_K2_V2_s35_step10000,learned,2,35,gov_report,Summarization,67,8df98281be571d77d1b26cfe285fdc4072e43607dd793980,14011,8k+,29.89690674710384
learned_K2_V2_s35_step10000,learned,2,35,gov_report,Summarization,68,f8a0313fccf5acb9eed57e3363eecb4d2b0b7f72639a82f4,14753,8k+,25.59652884821736
learned_K2_V2_s35_step10000,learned,2,35,gov_report,Summarization,69,37467ea4bcf78ffd3bd34e630bc61477f73142fa0dce8cd5,15361,8k+,24.742267663673083
learned_K2_V2_s35_step10000,learned,2,35,gov_report,Summarization,70,d4f5454b64bf353d6cb971ab69def4910ee970b07733fe60,5106,4-8k,31.435079355669597
learned_K2_V2_s35_step10000,learned,2,35,gov_report,Summarization,71,27d885cb5ea10bfe6a9123867b285a9850aa8415d960493b,6063,4-8k,29.530200910409448
learned_K2_V2_s35_step10000,learned,2,35,gov_report,Summarization,72,883edf7565d5edca481345d4c0362e08adbcc64a9a665794,8086,8k+,34.920634466112375
learned_K2_V2_s35_step10000,learned,2,35,gov_report,Summarization,73,8e6583b38d624cfe487c0bb7445e9d35cca888a11f28ee4f,9763,8k+,33.33333286055556
learned_K2_V2_s35_step10000,learned,2,35,gov_report,Summarization,74,8c3ed82219b5ce824caa122936cd075839906e8c3d81d3af,2992,0-4k,32.25806401694199
learned_K2_V2_s35_step10000,learned,2,35,gov_report,Summarization,75,2c913d1165908b4ac453f06f423bfd592d01adf5894ca7e3,12828,8k+,19.083969061979207
learned_K2_V2_s35_step10000,learned,2,35,gov_report,Summarization,76,9086b2ec6e1781a140d5062644f111e70fd4b738427c2250,17045,8k+,14.258911470982694
learned_K2_V2_s35_step10000,learned,2,35,gov_report,Summarization,77,a4a543df9ee25924cdf5f2f108147d2d11682f7611d612e2,4125,4-8k,38.05104365859358
learned_K2_V2_s35_step10000,learned,2,35,gov_report,Summarization,78,d3dedd9756867e93c15a573a1aea5f100b4596a165869684,2542,0-4k,37.01923032110994
learned_K2_V2_s35_step10000,learned,2,35,gov_report,Summarization,79,c2a4cfdac819a761d81184d9708cd683900944d37dbc8696,9547,8k+,24.99999956402586
learned_K2_V2_s35_step10000,learned,2,35,gov_report,Summarization,80,81d4538e2ed46409ef2da09c7229d82d94dec1b4487d3481,2138,0-4k,37.499999599012504
learned_K2_V2_s35_step10000,learned,2,35,gov_report,Summarization,81,3e8ad49dcf944a40c33361105c7fda3e4e569af90ba6da05,3534,0-4k,24.852070571058444
learned_K2_V2_s35_step10000,learned,2,35,gov_report,Summarization,82,a2695a1634a21be4b087d1d940152b0bc4dd114d96034f3b,12505,8k+,28.41726573270017
learned_K2_V2_s35_step10000,learned,2,35,gov_report,Summarization,83,915e6d5d6f6cbeeba77c26faa8bb21d3361458f21d6b64a0,9534,8k+,34.24317573311824
learned_K2_V2_s35_step10000,learned,2,35,gov_report,Summarization,84,c0242b90fd33c985d1009f9f811f5de8aa911155603f77f5,4887,4-8k,33.972602282694695
learned_K2_V2_s35_step10000,learned,2,35,gov_report,Summarization,85,052f22dafd736b1df286b3b4188184d3ee213281295b3ea0,8623,8k+,29.268292286232622
learned_K2_V2_s35_step10000,learned,2,35,gov_report,Summarization,86,ff5d156dbe5573a39111878520f208567e4c0d6dfe1a2767,9618,8k+,34.597155937198174
learned_K2_V2_s35_step10000,learned,2,35,gov_report,Summarization,87,83194d3e3da7860a5887ebb02d707d755797744545a1bb31,6288,4-8k,31.683167858053135
learned_K2_V2_s35_step10000,learned,2,35,gov_report,Summarization,88,f17865b61a0db810e83eb6339a3f8676f648b3676fc7f317,5967,4-8k,27.51842706409336
learned_K2_V2_s35_step10000,learned,2,35,gov_report,Summarization,89,666d82617c32878d418693bdd0e7f4ff8716b26017869185,5157,4-8k,34.06813581712524
learned_K2_V2_s35_step10000,learned,2,35,gov_report,Summarization,90,ce19441feee1de58a5c147dc4e878d4cf00f1cce6b945e05,15605,8k+,22.804313935864357
learned_K2_V2_s35_step10000,learned,2,35,gov_report,Summarization,91,dc4d20da774e559790d83f40bc02e80ae9176495947a625a,5443,4-8k,36.764705400627165
learned_K2_V2_s35_step10000,learned,2,35,gov_report,Summarization,92,45c9d84fac2d35cc13b5a0b6716a3d1a9a5ccff921c4dd6a,10886,8k+,32.58145315270633
learned_K2_V2_s35_step10000,learned,2,35,gov_report,Summarization,93,8ea6dbec3f301d7d0fc538441e0a776832f777a928c44666,21561,8k+,28.140703104568072
learned_K2_V2_s35_step10000,learned,2,35,gov_report,Summarization,94,001a23a1f95252057227d5728ed820bfa446b91f46dbb394,4147,4-8k,37.320573701185864
learned_K2_V2_s35_step10000,learned,2,35,gov_report,Summarization,95,7f21e3c570659ad20f8f3fd0d75185871326886b253a3f92,5657,4-8k,25.053995245394628
learned_K2_V2_s35_step10000,learned,2,35,gov_report,Summarization,96,f7ab1326e80935ff0a1a0a048a074a9807500a4efb0caec6,2125,0-4k,23.560208968613807
learned_K2_V2_s35_step10000,learned,2,35,gov_report,Summarization,97,94f563e56143c3d06aefcf8e166786722d595c1f4d83cd2a,7111,4-8k,35.53718960754047
learned_K2_V2_s35_step10000,learned,2,35,gov_report,Summarization,98,8b518fb560a869de24be330b84a60e48e977392f6f9877b5,22296,8k+,25.859246749258684
learned_K2_V2_s35_step10000,learned,2,35,gov_report,Summarization,99,494cc4ce8a3c65fd0c1284427d08e9305acb10313708e4e9,3388,0-4k,28.3298092671044
learned_K2_V2_s35_step10000,learned,2,35,gov_report,Summarization,100,d9e8583477ebf870fb0c379dc3a75b798a92e5ee882dd93d,4981,4-8k,21.379309845683718
learned_K2_V2_s35_step10000,learned,2,35,gov_report,Summarization,101,e71b3d540d7b0914ca85538c147331f50a7ebfa0d639cdbd,5486,4-8k,23.222748364086616
learned_K2_V2_s35_step10000,learned,2,35,gov_report,Summarization,102,f55b78063bcd3477ee7c7c03527c28a918095d6eb58a3523,4085,4-8k,20.91152769441311
learned_K2_V2_s35_step10000,learned,2,35,gov_report,Summarization,103,a022464c122b9a883a7c602d46c7b93cf265219dedfe9cc4,8920,8k+,31.15124105608692
learned_K2_V2_s35_step10000,learned,2,35,gov_report,Summarization,104,15f0df296bc94d46b36d3197224db55cb46215a48db21fb9,6271,4-8k,35.43689273452965
learned_K2_V2_s35_step10000,learned,2,35,gov_report,Summarization,105,f328905600a19b088f0d4e91dc305b59262a8f2b4b77682e,4967,4-8k,36.47058775086506
learned_K2_V2_s35_step10000,learned,2,35,gov_report,Summarization,106,bb6b4c937f5bc4434aaac7083887674a65c1a41f8f210a32,5783,4-8k,33.24675282164278
learned_K2_V2_s35_step10000,learned,2,35,gov_report,Summarization,107,2b988be725a0bfe635067b12df3e8626904fc3d9f5b3ab92,6529,4-8k,43.062200489091374
learned_K2_V2_s35_step10000,learned,2,35,gov_report,Summarization,108,c7393715e680d82fdb24c789bb43e37ef7a27babb1da2ae7,5123,4-8k,35.695537608173
learned_K2_V2_s35_step10000,learned,2,35,gov_report,Summarization,109,9c038d48de72e6cf08727c99ab31e04aa4da29bcfa0bcf13,2313,0-4k,29.064038934541003
learned_K2_V2_s35_step10000,learned,2,35,gov_report,Summarization,110,4db8caaa719ef5944f368d2cdad0f3a2499eb2d7e9de64a5,3000,0-4k,33.26403279889006
learned_K2_V2_s35_step10000,learned,2,35,gov_report,Summarization,111,155a5ed26a157dfdae3b46f8f627df30831753dab59c6bdf,6322,4-8k,38.288287866853345
learned_K2_V2_s35_step10000,learned,2,35,gov_report,Summarization,112,35ce22a29d4d12011610a91738995fc3027f173219e1c6fe,8713,8k+,29.976580355511196
learned_K2_V2_s35_step10000,learned,2,35,gov_report,Summarization,113,282fcfa4d5fc83fc9149c72060bd90ca36a80b173dacc48f,3373,0-4k,28.84615334746878
learned_K2_V2_s35_step10000,learned,2,35,gov_report,Summarization,114,0f7b34bf500e114b1c6b6a3ac7e15cf8d9b9b8f8eab45e76,2697,0-4k,26.92307650376215
learned_K2_V2_s35_step10000,learned,2,35,gov_report,Summarization,115,505345771a2e5b438ea4bfa7c0f238f8787f45b0ca52ef7d,40508,8k+,29.234338272425326
learned_K2_V2_s35_step10000,learned,2,35,gov_report,Summarization,116,8715d32b4155d9bfe5ec4f00d13dbe44c5c57a75b58ce2dc,11171,8k+,32.03285374562443
learned_K2_V2_s35_step10000,learned,2,35,gov_report,Summarization,117,a61971d6aebb74ace0e7c436c66e24d408c7bad423b95877,5189,4-8k,20.06688913336541
learned_K2_V2_s35_step10000,learned,2,35,gov_report,Summarization,118,79efb6240ef8486e6a6eeb17feafaae41d5cbd53412d244e,5872,4-8k,33.17972303802375
learned_K2_V2_s35_step10000,learned,2,35,gov_report,Summarization,119,a3d447e9e71289db0d265d538e7e639471f9adfddf14cb48,8280,8k+,23.220973309732223
learned_K2_V2_s35_step10000,learned,2,35,gov_report,Summarization,120,eb5a517ba6ff00fd56e52316805295e66ddef0011793a97a,5576,4-8k,31.122448532902958
learned_K2_V2_s35_step10000,learned,2,35,gov_report,Summarization,121,610a8939f0468afb49281c0bfd81d3dbf0dd43a787207cd6,11390,8k+,37.444933452230785
learned_K2_V2_s35_step10000,learned,2,35,gov_report,Summarization,122,455ea6169f0dff9cff822c093b20ce36787c309b129adbf6,6691,4-8k,38.36930412543635
learned_K2_V2_s35_step10000,learned,2,35,gov_report,Summarization,123,35702fb495ed7d8c2e9e8316e0e456a50378a632f98ada4b,12091,8k+,36.03133116239119
learned_K2_V2_s35_step10000,learned,2,35,gov_report,Summarization,124,fb70e010d41eb638eb5a92f57ae858347858b41f986857fc,20579,8k+,23.129251355001262
learned_K2_V2_s35_step10000,learned,2,35,gov_report,Summarization,125,251ea5626e6d1114c4dc6a78c7da53e963adfff095740ef3,7367,4-8k,29.432623646980794
learned_K2_V2_s35_step10000,learned,2,35,gov_report,Summarization,126,319c69c85ff4fca2d9614e3b8dec5fd53d7248892400e56c,8704,8k+,30.484988016726316
learned_K2_V2_s35_step10000,learned,2,35,gov_report,Summarization,127,6d5ca6fc8b8c5d3fedeec78b574fa9f418e57fec837cff3a,14118,8k+,25.833332878333344
learned_K2_V2_s35_step10000,learned,2,35,gov_report,Summarization,128,b9daebf4ce1384e0deff985966ebdb1db056ff7c5808d497,11048,8k+,33.1034478171489
learned_K2_V2_s35_step10000,learned,2,35,gov_report,Summarization,129,a12d1df7a84ab7478fc861b8b0221e9b0dd8d0e6a96d18fc,5746,4-8k,29.90654161425671
learned_K2_V2_s35_step10000,learned,2,35,gov_report,Summarization,130,181291f41792b5469d807cb0ac8bbef173c02c436a85cbc9,3733,0-4k,28.954423165982657
learned_K2_V2_s35_step10000,learned,2,35,gov_report,Summarization,131,f67887ca668cbec0cc6bec7c9f079d3c7fe75962957e0f2d,4022,4-8k,26.06741530075496
learned_K2_V2_s35_step10000,learned,2,35,gov_report,Summarization,132,985169b1a6f4b238cfa8a949b381b30e81fdac77c8738d49,5035,4-8k,22.564102096975684
learned_K2_V2_s35_step10000,learned,2,35,gov_report,Summarization,133,6de6104b947ecf7c0278c210270d494ed8eb0ee3cd0f3170,8147,8k+,42.367600756824956
learned_K2_V2_s35_step10000,learned,2,35,gov_report,Summarization,134,dc41fbf74e1c82b1902f266a75ae9e43a1605b4879fabf18,11771,8k+,27.149320800229322
learned_K2_V2_s35_step10000,learned,2,35,gov_report,Summarization,135,051da025ed4174d751c0be47d05cce6cf5d36d4d7e0897bc,5601,4-8k,29.803921219338715
learned_K2_V2_s35_step10000,learned,2,35,gov_report,Summarization,136,bc0254cd594c65959abda9aead0ab2b04eb7b270b7485432,2095,0-4k,30.711609990601644
learned_K2_V2_s35_step10000,learned,2,35,gov_report,Summarization,137,f0b6de4760fccf02dae411eb40e6d3e59e2559e9aa709f43,8238,8k+,33.530571573855575
learned_K2_V2_s35_step10000,learned,2,35,gov_report,Summarization,138,505fee99f21568a0ba3f034052073611384ef23894390ab1,3802,0-4k,52.22222172839507
learned_K2_V2_s35_step10000,learned,2,35,gov_report,Summarization,139,52c18fcac6f70755770f9bd45f030388a448a9ad0f9b64be,8477,8k+,36.92307648140119
learned_K2_V2_s35_step10000,learned,2,35,gov_report,Summarization,140,127e7f0f8f477509213721a8f6c0be22aca9c44292dacafe,4254,4-8k,27.17622035288338
learned_K2_V2_s35_step10000,learned,2,35,gov_report,Summarization,141,9fb60bd9896530a232a2f60b678f1656122cfec5fa2d0bce,3079,0-4k,21.84154136989945
learned_K2_V2_s35_step10000,learned,2,35,gov_report,Summarization,142,12ad5b0b70969611c55885d07240169385511b1e2668e3f0,10667,8k+,36.796536333726884
learned_K2_V2_s35_step10000,learned,2,35,gov_report,Summarization,143,b978a8d7782ef7d8702af64cbc4ab554d2d1aef0104a24db,2363,0-4k,33.94495369081938
learned_K2_V2_s35_step10000,learned,2,35,gov_report,Summarization,144,782123f3af90344e3508996b17d47cf959a4521d6b1886de,6217,4-8k,38.48238437241208
learned_K2_V2_s35_step10000,learned,2,35,gov_report,Summarization,145,134b07658f28cfc8a41b3f313669d73802d9945c738abc13,2304,0-4k,25.114154808229607
learned_K2_V2_s35_step10000,learned,2,35,gov_report,Summarization,146,3aefe57b8fc0900533ff595b34971a18d6ca08c54c54b433,8903,8k+,34.482758158108076
learned_K2_V2_s35_step10000,learned,2,35,gov_report,Summarization,147,9df657c6cce9210cfbd1229e1a32c01d3350b61b93cbdb26,7578,4-8k,32.048681071701594
learned_K2_V2_s35_step10000,learned,2,35,gov_report,Summarization,148,d83f991dcb7c0f3caf4d1f675d4c46e1345881cc66d25fff,9601,8k+,31.272726829910745
learned_K2_V2_s35_step10000,learned,2,35,gov_report,Summarization,149,a03f4200caaa4d88820dbb93f6ef152c78cd7b28e3fcdb7e,2817,0-4k,30.76923034923077
learned_K2_V2_s35_step10000,learned,2,35,gov_report,Summarization,150,3910aa375bb33e25d4f76cc763d7003fec38409a6512c7e7,4660,4-8k,18.729096490419582
learned_K2_V2_s35_step10000,learned,2,35,gov_report,Summarization,151,5ff322b828f3adf54570798244cb178e360f53f0d6bbaf80,14692,8k+,25.86872545566554
learned_K2_V2_s35_step10000,learned,2,35,gov_report,Summarization,152,1cc2cbc27f3df5062fc6902a5b039e5c1c6d89f0f221e97f,5856,4-8k,35.26448316915912
learned_K2_V2_s35_step10000,learned,2,35,gov_report,Summarization,153,bd99c1742ebea14d67183ff4332f2a72de4389300c1536b5,7818,4-8k,26.771653063729246
learned_K2_V2_s35_step10000,learned,2,35,gov_report,Summarization,154,ab09c613e6b89a5b403421db577a621bb1f6abb330347dd8,9230,8k+,25.84492998808739
learned_K2_V2_s35_step10000,learned,2,35,gov_report,Summarization,155,51cd5afed9cae995a94fc47f4fb54ba657f8b4e1cc91893d,5006,4-8k,37.68115894717497
learned_K2_V2_s35_step10000,learned,2,35,gov_report,Summarization,156,4ed664210e8729ef89226a2a1e92e6ec286054a05089b794,12598,8k+,33.73015830424068
learned_K2_V2_s35_step10000,learned,2,35,gov_report,Summarization,157,44232460c46051f14ff84126be1fa952a911c9d8bffee9d0,9536,8k+,21.51029705585724
learned_K2_V2_s35_step10000,learned,2,35,gov_report,Summarization,158,1ab8b8752432e8ec7a89868dfe98842bf6c5ce6c96760fd8,5816,4-8k,27.391303866124773
learned_K2_V2_s35_step10000,learned,2,35,gov_report,Summarization,159,4bdece48fd21b6df53b6716155d6466eb3573a4390e175d2,8494,8k+,35.38083494429788
learned_K2_V2_s35_step10000,learned,2,35,gov_report,Summarization,160,2275b1cfb1730906621cffa517740e08f71691dc5391ee26,3411,0-4k,37.53665639511185
learned_K2_V2_s35_step10000,learned,2,35,gov_report,Summarization,161,ab8303246d0ac5ee12fbaface313b4cf72cda733b7f308ff,3043,0-4k,38.144329414124776
learned_K2_V2_s35_step10000,learned,2,35,gov_report,Summarization,162,472f8bd04a40ac32a4e44582f106714097d5acdabb59a978,2930,0-4k,35.14211838182802
learned_K2_V2_s35_step10000,learned,2,35,gov_report,Summarization,163,72b99d02c7eafbddc5b5923124537e49fd359ba557d3ae22,3420,0-4k,35.62945323779487
learned_K2_V2_s35_step10000,learned,2,35,gov_report,Summarization,164,1db8c890abd57fd394f87d7b7707ae294ee9edb1d71eda63,4681,4-8k,36.619717844173785
learned_K2_V2_s35_step10000,learned,2,35,gov_report,Summarization,165,5708feab96b741f84e0dba83cac3823b2215724702382865,3965,0-4k,28.38709629968783
learned_K2_V2_s35_step10000,learned,2,35,gov_report,Summarization,166,1d3a7aa618929e4e3e7f17d8542f5141de8afd669f292e43,7675,4-8k,37.84946191156435
learned_K2_V2_s35_step10000,learned,2,35,gov_report,Summarization,167,8625a7e0b0cb0d069221e65122f0db0d02c2ea98099b8dfd,4754,4-8k,30.12986963062912
learned_K2_V2_s35_step10000,learned,2,35,gov_report,Summarization,168,38a5830e9f6eb481ec9b4eb23eb5204a6f3d51831fdb2845,5657,4-8k,26.956521307419663
learned_K2_V2_s35_step10000,learned,2,35,gov_report,Summarization,169,18be9c51dee8718e90751311e7b3a36cc589ba2f6388b97c,8129,8k+,31.666666230272224
learned_K2_V2_s35_step10000,learned,2,35,gov_report,Summarization,170,ef16ccc98f78a77f8d3a6f3f9b737247600407ee898985a7,14909,8k+,26.038780780933234
learned_K2_V2_s35_step10000,learned,2,35,gov_report,Summarization,171,f205ea85a60f0353bd98268ae9f5f6ae702788629c9061be,14640,8k+,21.582733366917985
learned_K2_V2_s35_step10000,learned,2,35,gov_report,Summarization,172,642cbca15cea50e376cef6d3e81f3dc4e046cc649f6119f4,18048,8k+,30.76923032576742
learned_K2_V2_s35_step10000,learned,2,35,gov_report,Summarization,173,e621311fc19bbb808ee0e1898b3cfffdffd5dc88a6f88878,6712,4-8k,29.04109544535936
learned_K2_V2_s35_step10000,learned,2,35,gov_report,Summarization,174,cef812f3c41935467814666961515098228f2ad4cc16f9b1,5069,4-8k,30.102040352886828
learned_K2_V2_s35_step10000,learned,2,35,gov_report,Summarization,175,dfac814ff0822cacb9cbfcad27e38bf53c2bdbecec14f63d,10143,8k+,37.440757871206856
learned_K2_V2_s35_step10000,learned,2,35,gov_report,Summarization,176,2ffa8e41905ff69637e32b478476fd68758395f1ac7d3dcd,14900,8k+,33.00492565807227
learned_K2_V2_s35_step10000,learned,2,35,gov_report,Summarization,177,9b6fabdffaa8eaf6c613e829f3507a8af89929d8c5b974c4,11834,8k+,27.37818977654083
learned_K2_V2_s35_step10000,learned,2,35,gov_report,Summarization,178,c4ab4348f446ef7a62ecfabeda590f9b4b94f3680c136037,4882,4-8k,35.768261499711315
learned_K2_V2_s35_step10000,learned,2,35,gov_report,Summarization,179,ddc72d28a1a4b317307130a46e60fb1d482edb9790b9e742,6694,4-8k,27.54820888661219
learned_K2_V2_s35_step10000,learned,2,35,gov_report,Summarization,180,ed4cf9cae692b961a7266646aafefec8f83ffa09c62c5887,3568,0-4k,39.889196176763534
learned_K2_V2_s35_step10000,learned,2,35,gov_report,Summarization,181,679f8b9b9a028f34abb79be22c978d1d4b377ce6ca1f12f9,7853,4-8k,44.495412362595744
learned_K2_V2_s35_step10000,learned,2,35,gov_report,Summarization,182,f2959e5d7c9617dc799cbdeb28146597113a2c0221903cf3,5041,4-8k,27.08933682100176
learned_K2_V2_s35_step10000,learned,2,35,gov_report,Summarization,183,7cf40ec70a9bf0a46b6c1afe757c32949ad664e11b409d4c,7913,4-8k,34.782608261289646
learned_K2_V2_s35_step10000,learned,2,35,gov_report,Summarization,184,c6a96fdafd983c9c430e24123e2b28035825e7c4b58974c2,2869,0-4k,28.645832839898013
learned_K2_V2_s35_step10000,learned,2,35,gov_report,Summarization,185,485cad417645da4a987f6cc72805f40ba94bfc240f84064c,9736,8k+,24.07862364928252
learned_K2_V2_s35_step10000,learned,2,35,gov_report,Summarization,186,eb21bd05c76ca2311382f8e825791447d89404c643025695,8507,8k+,22.903885073665638
learned_K2_V2_s35_step10000,learned,2,35,gov_report,Summarization,187,86a657d0330ec4cd8a81c74c1ad8e0c1ab6cab7c1d321292,5219,4-8k,31.865827624417115
learned_K2_V2_s35_step10000,learned,2,35,gov_report,Summarization,188,e936a7cb999bde8f159bc1cf269b648cd26c52f55ec3c3a0,9838,8k+,29.268292255312318
learned_K2_V2_s35_step10000,learned,2,35,gov_report,Summarization,189,1d6cb23a8a9ac09788eb659031f96b915f76a7363d77edad,10178,8k+,28.634360801946485
learned_K2_V2_s35_step10000,learned,2,35,gov_report,Summarization,190,72a62c8a1cee52bff44b2d77c4d96678b78fa80434f2694a,2284,0-4k,27.966101267631434
learned_K2_V2_s35_step10000,learned,2,35,gov_report,Summarization,191,718451981624500204d9248fd18aa0f62b9e16673d171e37,3509,0-4k,33.9712913660745
learned_K2_V2_s35_step10000,learned,2,35,gov_report,Summarization,192,42b42abdc193b23ee5bb240e45bd4f5df99e66ea7044fed7,6244,4-8k,35.34883673024338
learned_K2_V2_s35_step10000,learned,2,35,gov_report,Summarization,193,ca06462f6a93c6c22a4a59c52fc1fed4a9978d7ecaaff86b,7642,4-8k,33.40857743167099
learned_K2_V2_s35_step10000,learned,2,35,gov_report,Summarization,194,e4eea9d45e8e72db3fdc0e635b52f25f54d5a933e26e5861,3162,0-4k,29.45205429489586
learned_K2_V2_s35_step10000,learned,2,35,gov_report,Summarization,195,99ca7f276ed86afefa3ba3fceed2092bed1be5a09ed5179c,12046,8k+,33.25301159211497
learned_K2_V2_s35_step10000,learned,2,35,gov_report,Summarization,196,f5b4cea3bba6c3989d58b4ea14b70c27bd7507269c704764,8323,8k+,32.76283583180397
learned_K2_V2_s35_step10000,learned,2,35,gov_report,Summarization,197,a99bdfbaf9b146e61eb230aa7963a2a7938dfc5dcccc67cb,2857,0-4k,52.38095189115648
learned_K2_V2_s35_step10000,learned,2,35,gov_report,Summarization,198,b0913fe0502bb4d9c12dae570ca7cca66b027d35219aeaa2,10203,8k+,28.6666661816889
learned_K2_V2_s35_step10000,learned,2,35,gov_report,Summarization,199,88e9633a41a602e5b829a63882d3481d3e18112bc0da9cff,4993,4-8k,28.86075901469637
learned_K2_V2_s35_step10000,learned,2,35,qmsum,Summarization,0,fdd371de2668a6f1e7914fe9a67aef33927ecc392fdc2606,7341,4-8k,34.146340963414644
learned_K2_V2_s35_step10000,learned,2,35,qmsum,Summarization,1,ff770653bb3cc4fd9b0921c77d356e3769d01ed91292299e,7881,4-8k,21.621621133349578
learned_K2_V2_s35_step10000,learned,2,35,qmsum,Summarization,2,fb7891826fb3f47e3750d45365e8c0c97e23613752335cc0,12783,8k+,25.210083534496164
learned_K2_V2_s35_step10000,learned,2,35,qmsum,Summarization,3,e408de08efe124bbc147640da859edafe3a9ffd398d76134,10667,8k+,19.780219280763205
learned_K2_V2_s35_step10000,learned,2,35,qmsum,Summarization,4,23625b932c93b52caf7504ee1a134d53a4096dc59744d759,12646,8k+,23.8095233197279
learned_K2_V2_s35_step10000,learned,2,35,qmsum,Summarization,5,e0d4f5b971b7fafacd2c38ac34ac2eb514b590f6e89dbfe9,4809,4-8k,14.492753251837861
learned_K2_V2_s35_step10000,learned,2,35,qmsum,Summarization,6,975d4e997974135de214468ed968e79573563f68e352716a,15409,8k+,21.917807730531067
learned_K2_V2_s35_step10000,learned,2,35,qmsum,Summarization,7,38ad273bc386eca003c3e3998e17a1afb56794f452852d6c,14015,8k+,26.190475691609986
learned_K2_V2_s35_step10000,learned,2,35,qmsum,Summarization,8,ad4d80c521d649265c6ac0fb043c614695faad73b5d44372,3979,0-4k,36.585365361094595
learned_K2_V2_s35_step10000,learned,2,35,qmsum,Summarization,9,a1a2237c1562561d950bc8e245f0a9612fbb452532c318a1,8187,8k+,24.24242374288339
learned_K2_V2_s35_step10000,learned,2,35,qmsum,Summarization,10,8a2a85eefebeb2986e417fd8388c3be0b68e33911dcc98ca,11886,8k+,33.84615334721894
learned_K2_V2_s35_step10000,learned,2,35,qmsum,Summarization,11,ade5c4dcd4a442994f97e0ec271c936e2e00bc66516daeb3,7338,4-8k,34.18803368807072
learned_K2_V2_s35_step10000,learned,2,35,qmsum,Summarization,12,10c03d597a3478f601be3286b2671d5f1c27f944488b74be,12333,8k+,27.906976283126024
learned_K2_V2_s35_step10000,learned,2,35,qmsum,Summarization,13,f0060bb96ccf80067f76b7a0f0012a19316d9ef9c381d9c1,10674,8k+,30.23255768523526
learned_K2_V2_s35_step10000,learned,2,35,qmsum,Summarization,14,f79e91639e07c344b121d73d4bb84afc8ed22412aa24f9c1,6957,4-8k,30.136985802214305
learned_K2_V2_s35_step10000,learned,2,35,qmsum,Summarization,15,811b75e9dfe2f5e9a4aee66d32892fd0faf154d4e4445646,11887,8k+,32.3529406782007
learned_K2_V2_s35_step10000,learned,2,35,qmsum,Summarization,16,3cf831ee97fdc099975661a966f34810d7cf1874ca6b3639,5336,4-8k,19.999999506805565
learned_K2_V2_s35_step10000,learned,2,35,qmsum,Summarization,17,f28e420cf7496c7ee50b6ea61704bba189f95823fafc87eb,12802,8k+,23.07692258218278
learned_K2_V2_s35_step10000,learned,2,35,qmsum,Summarization,18,3814c81130c13d1df955f1c6e235e30559ced35bda5f139e,13883,8k+,22.22222172472198
learned_K2_V2_s35_step10000,learned,2,35,qmsum,Summarization,19,cb5b1672ca426597251b6def8cbab8ec5249c9662a0c9888,19653,8k+,17.777777304142674
learned_K2_V2_s35_step10000,learned,2,35,qmsum,Summarization,20,20306b2da31b6657b21ec6ea54742ac7e414bbe24c0aff96,12785,8k+,14.999999515312512
learned_K2_V2_s35_step10000,learned,2,35,qmsum,Summarization,21,4d38c64db46619d4bb446c466b7d13adc863334384f8c3a4,8563,8k+,30.50847410054583
learned_K2_V2_s35_step10000,learned,2,35,qmsum,Summarization,22,6a093742535636fe9687002f2db47be1d5af18de447655fe,9368,8k+,19.469026069386807
learned_K2_V2_s35_step10000,learned,2,35,qmsum,Summarization,23,d8c2e34eb8a8ae389bff0935de57bfd74dace1082c7c2cfe,7882,4-8k,13.888888388888908
learned_K2_V2_s35_step10000,learned,2,35,qmsum,Summarization,24,b8c1aabbc14e5638795bf99a0d587884cfaf9d87b524a793,9381,8k+,25.974025555068316
learned_K2_V2_s35_step10000,learned,2,35,qmsum,Summarization,25,3a1325d69cc63b4286a3084b9ccb0be1e8161dcdbe803424,8554,8k+,25.174824685608105
learned_K2_V2_s35_step10000,learned,2,35,qmsum,Summarization,26,c0397164ffe22014a21e40af053ca9703cdc78677d20472d,6030,4-8k,43.67816041960629
learned_K2_V2_s35_step10000,learned,2,35,qmsum,Summarization,27,4629a555e4748fcf19fce224d09b3c75040d4c1fa89c0bfb,24580,8k+,21.7391299633743
learned_K2_V2_s35_step10000,learned,2,35,qmsum,Summarization,28,9dccfe15ecffb6322e27fe271cb907bf0a987cf59115a42f,12797,8k+,21.538461038461552
learned_K2_V2_s35_step10000,learned,2,35,qmsum,Summarization,29,3ea9e37eb926855d2b4d18a264f1ff2e13c99be8c3bb35db,7337,4-8k,25.242717950419465
learned_K2_V2_s35_step10000,learned,2,35,qmsum,Summarization,30,cbbd3e6a889f75b2b93a57e125690b10a6ca00e754965b27,19656,8k+,21.42857093000639
learned_K2_V2_s35_step10000,learned,2,35,qmsum,Summarization,31,5190386bb6fc900f09a0d14bcd2400d1f556e932722cb09b,12329,8k+,23.529411349480974
learned_K2_V2_s35_step10000,learned,2,35,qmsum,Summarization,32,c129e7ae526a7d43671a93a101e350e5a4c296c911e1b077,13885,8k+,24.32432389590943
learned_K2_V2_s35_step10000,learned,2,35,qmsum,Summarization,33,7fb01a4aefc5e0620242bb052bbbb3b3a044e2a51de76db5,10510,8k+,24.09638514152998
learned_K2_V2_s35_step10000,learned,2,35,qmsum,Summarization,34,ff786cdb6a86863b5a5c132157cb57abc922c19b049c370d,12342,8k+,28.571428071712017
learned_K2_V2_s35_step10000,learned,2,35,qmsum,Summarization,35,d0e735b5709aecfc3b98bc0e4bf071d35096c7f39c0dcce0,7881,4-8k,29.999999590312505
learned_K2_V2_s35_step10000,learned,2,35,qmsum,Summarization,36,274323138561357bf8a1fbd2e63863add766d5587fbe69dc,8489,8k+,28.57142809040311
learned_K2_V2_s35_step10000,learned,2,35,qmsum,Summarization,37,e4ff47865e384089993a13d9758a3bf0ba2a6eca511207ef,12786,8k+,24.137930535077302
learned_K2_V2_s35_step10000,learned,2,35,qmsum,Summarization,38,6099595c582213359f4e7074624c740d1e79642bb85ffb92,6961,4-8k,21.91780772377558
learned_K2_V2_s35_step10000,learned,2,35,qmsum,Summarization,39,4ad5fe6d35e79e65991f1993ed17bfde06c89ea5ea0ded0e,12340,8k+,20.930232085181192
learned_K2_V2_s35_step10000,learned,2,35,qmsum,Summarization,40,0ed01f1232b214fae64b5b538e791e6dc02b3b7c7f9fe598,3976,0-4k,24.590163434963728
learned_K2_V2_s35_step10000,learned,2,35,qmsum,Summarization,41,8684df04bd344a18f0767a3276fb4d0848b31db0ee52316b,10200,8k+,22.807017078485696
learned_K2_V2_s35_step10000,learned,2,35,qmsum,Summarization,42,1bcc88ac7d093359f8141e3c134965acf095f900f09113e3,1789,0-4k,23.42342293807322
learned_K2_V2_s35_step10000,learned,2,35,qmsum,Summarization,43,64e9a41ae14b76f1cad7c04eee382cae6fd178a65b474a9f,11169,8k+,23.529411307958487
learned_K2_V2_s35_step10000,learned,2,35,qmsum,Summarization,44,44a8557b3849fca2740af3fc4e5b1d6f262034d38f0302c8,3239,0-4k,17.777777278765445
learned_K2_V2_s35_step10000,learned,2,35,qmsum,Summarization,45,585f667a0717f95cc0c7398ab295818570d6c307c7ed1ade,13887,8k+,39.99999955555556
learned_K2_V2_s35_step10000,learned,2,35,qmsum,Summarization,46,30051e7f58ab4869cb0d06c302b96d628ef87eec2d64fa4a,9188,8k+,17.46031696485262
learned_K2_V2_s35_step10000,learned,2,35,qmsum,Summarization,47,901c8c1975e2bafb77640f8854a3bcefcde762e1db3b5db7,8488,8k+,26.168223804349733
learned_K2_V2_s35_step10000,learned,2,35,qmsum,Summarization,48,0ffea9decbc25e92599ad21fc51af41c3eda24d9ee355524,6395,4-8k,28.865978890424067
learned_K2_V2_s35_step10000,learned,2,35,qmsum,Summarization,49,ec3bcae409bead06e4584f6ab877ab0d19d64f92c2ebd195,7341,4-8k,28.94736793351801
learned_K2_V2_s35_step10000,learned,2,35,qmsum,Summarization,50,3aa58f446bce7fcb56eb275886d99358c54fd6444a0df288,12328,8k+,25.39682491206854
learned_K2_V2_s35_step10000,learned,2,35,qmsum,Summarization,51,8d457d23bd54c7a04f340ddd350bbbf47bdfc265b643f1bd,10510,8k+,23.07692264367604
learned_K2_V2_s35_step10000,learned,2,35,qmsum,Summarization,52,f90a8241a45e632898ce2aeab861fa7741bc50e40278ba90,6386,4-8k,21.052631088310257
learned_K2_V2_s35_step10000,learned,2,35,qmsum,Summarization,53,67d0e52d92fdafa500ab2a8121549881272965a4f04b416c,6394,4-8k,21.951219012195136
learned_K2_V2_s35_step10000,learned,2,35,qmsum,Summarization,54,3e80cd55885a0cbe689ef3e5c866400a1ab6261785c2efa5,10675,8k+,26.086956052089903
learned_K2_V2_s35_step10000,learned,2,35,qmsum,Summarization,55,64b7fea1da7e7545784befc76fae5be9970ede51f6866170,10497,8k+,24.347825588809087
learned_K2_V2_s35_step10000,learned,2,35,qmsum,Summarization,56,876ed3e1d5021071ec791827d68bcfe5c2e4a7c4605eaffd,3236,0-4k,18.965516820005952
learned_K2_V2_s35_step10000,learned,2,35,qmsum,Summarization,57,6c18408f7ccd0639feed7d0df04c35fb31272b85c23651a0,10199,8k+,22.608695152514187
learned_K2_V2_s35_step10000,learned,2,35,qmsum,Summarization,58,8579ec587c40c2c562a4cf69c8eddcb9133b1bdacf585d15,6960,4-8k,38.88888843557099
learned_K2_V2_s35_step10000,learned,2,35,qmsum,Summarization,59,6ee2c9852cd12d09a04909c461c0bb2fe5713e3e3e2fb799,5340,4-8k,22.78480968498639
learned_K2_V2_s35_step10000,learned,2,35,qmsum,Summarization,60,deb8cf5944a71dbddc14260aa6e64e66f6110f5b27d13847,7342,4-8k,27.956988747832117
learned_K2_V2_s35_step10000,learned,2,35,qmsum,Summarization,61,cce23622045135fe365469483bad6bbe18af6cea038052db,8483,8k+,26.666666190138887
learned_K2_V2_s35_step10000,learned,2,35,qmsum,Summarization,62,82a20a9d36627600ffcccd4aca8bb1923d8fcbb658ab6b76,13866,8k+,32.43243193770636
learned_K2_V2_s35_step10000,learned,2,35,qmsum,Summarization,63,5232371dffc5324538cb1af33768bc22511b4ba0967ac9a2,11304,8k+,24.13793055960167
learned_K2_V2_s35_step10000,learned,2,35,qmsum,Summarization,64,94d06273bc4b8766ac8b9eef7ff2b8c2a31e32cf54896a93,23789,8k+,28.571428073061227
learned_K2_V2_s35_step10000,learned,2,35,qmsum,Summarization,65,815f4222b3b738706aa5fad352b72ccc47e9454fcb391b09,5989,4-8k,31.428570928571432
learned_K2_V2_s35_step10000,learned,2,35,qmsum,Summarization,66,a81acf4510dd3154c2f73c46b86b077b281307fcabe0a4bd,7344,4-8k,22.222221731111123
learned_K2_V2_s35_step10000,learned,2,35,qmsum,Summarization,67,e3a49dfe9f6e41eadacfe0240ea115164a42c9e8de3ef126,5977,4-8k,17.931033982972668
learned_K2_V2_s35_step10000,learned,2,35,qmsum,Summarization,68,30da039b34de89757a048d6ada97c24def61dc30a7706b77,9375,8k+,14.634145871207632
learned_K2_V2_s35_step10000,learned,2,35,qmsum,Summarization,69,563ce48625a707202a34068e87ea4cea511b23c80962756a,13870,8k+,35.164834669725884
learned_K2_V2_s35_step10000,learned,2,35,qmsum,Summarization,70,d1403a3f78ca252b7da5da67669c6d70c5634d30d891b5f2,23789,8k+,37.288135093363984
learned_K2_V2_s35_step10000,learned,2,35,qmsum,Summarization,71,4c1d7e30e70fa3e70385299f9881e9687a858c96b61389fc,12335,8k+,3.333332975555594
learned_K2_V2_s35_step10000,learned,2,35,qmsum,Summarization,72,ccaf48107ec268049c05e55bd8272bbfff31be9335a790f9,8563,8k+,23.529411349480974
learned_K2_V2_s35_step10000,learned,2,35,qmsum,Summarization,73,6e0eaedbec902c0ef5fcb6f6c8408969a7d353db9d9c2ce3,10507,8k+,22.988505358171494
learned_K2_V2_s35_step10000,learned,2,35,qmsum,Summarization,74,9bc02b6760af5b0b11fdfc978e88b1ecbb49d55a78805370,5993,4-8k,21.052631080332425
learned_K2_V2_s35_step10000,learned,2,35,qmsum,Summarization,75,991da5da949c52e8ee10d884e5816ef058c4a5acca503efe,6031,4-8k,34.951455855971346
learned_K2_V2_s35_step10000,learned,2,35,qmsum,Summarization,76,73807dde6c08ff12d79bd63ce33110082d3126651007be60,8984,8k+,23.404254863512907
learned_K2_V2_s35_step10000,learned,2,35,qmsum,Summarization,77,2cc7738467d6098ff04980af3f7cd9ef3610f97d63a8c211,19654,8k+,17.777777307654333
learned_K2_V2_s35_step10000,learned,2,35,qmsum,Summarization,78,fded50244f8bd8009b811afa71bb452bde5d0aa794066bfd,10512,8k+,21.78217773198707
learned_K2_V2_s35_step10000,learned,2,35,qmsum,Summarization,79,e78c1d22676e96bd0120c447a29d170e08ae2be5a5132ca4,15412,8k+,28.947367943213305
learned_K2_V2_s35_step10000,learned,2,35,qmsum,Summarization,80,5b08bd00034eb028529a238aeb4881c86b81a05a203f5896,15403,8k+,20.238094738733004
learned_K2_V2_s35_step10000,learned,2,35,qmsum,Summarization,81,03e102d88a0c17c0ee70ad09e848cd08354eff1db619c886,20279,8k+,24.347825588809087
learned_K2_V2_s35_step10000,learned,2,35,qmsum,Summarization,82,29041bda02a95bd53805363c72505c873f34db1c93d32881,10509,8k+,25.242718099726652
learned_K2_V2_s35_step10000,learned,2,35,qmsum,Summarization,83,2befdd68a14b01e6a7ee21cf4e8118c64704869306ed4c6a,6397,4-8k,38.235293617647066
learned_K2_V2_s35_step10000,learned,2,35,qmsum,Summarization,84,8476fcbe8bf6f7ea7092d0bae410ca82db60f2baf733adb7,10516,8k+,21.05263111933519
learned_K2_V2_s35_step10000,learned,2,35,qmsum,Summarization,85,5dbc2db3da6a9bdb08c6a8e2cbe75a5e5eea7df3c933c0f0,6955,4-8k,20.472440445656908
learned_K2_V2_s35_step10000,learned,2,35,qmsum,Summarization,86,63f4307f60a34be95eae22709e5ab91989eb78c4ad10531b,4754,4-8k,25.531914424425338
learned_K2_V2_s35_step10000,learned,2,35,qmsum,Summarization,87,3d685284d16e554091265a7a930d2b05300e6f9c46820a61,20273,8k+,19.17808169412649
learned_K2_V2_s35_step10000,learned,2,35,qmsum,Summarization,88,7cdd460402ce68d8e853fef68dafc4707461bf156b146293,13868,8k+,33.84615336934912
learned_K2_V2_s35_step10000,learned,2,35,qmsum,Summarization,89,9510dd17d2c5a97bbc0407a2bcf8332b7120244a7ff22863,20271,8k+,20.689654794556752
learned_K2_V2_s35_step10000,learned,2,35,qmsum,Summarization,90,2e714029680f4f3e0e47e17fecc1114de8bd4fe86681f2c4,10506,8k+,22.680411899245414
learned_K2_V2_s35_step10000,learned,2,35,qmsum,Summarization,91,4c352d84523e227d261645b0ceb0a513154e9c0cc2e68986,3974,0-4k,18.18181771226178
learned_K2_V2_s35_step10000,learned,2,35,qmsum,Summarization,92,ccd19ca5bb434c2d2489bf6f0377d7b7ecbbba427e369cee,8565,8k+,15.873015439657356
learned_K2_V2_s35_step10000,learned,2,35,qmsum,Summarization,93,5770240f11b9eae7d4a9a8a8de1e70bd557229796d9324f0,10490,8k+,19.444443950617295
learned_K2_V2_s35_step10000,learned,2,35,qmsum,Summarization,94,0e2225e8f7ec8c9043081af8b54369bb795f759ea0160d22,12786,8k+,29.850745768768107
learned_K2_V2_s35_step10000,learned,2,35,qmsum,Summarization,95,c94b97c772d9dcbb690f444b5ded279f02fc875f28f3daff,13883,8k+,27.77777727864584
learned_K2_V2_s35_step10000,learned,2,35,qmsum,Summarization,96,fb9ca77d269a3d56b656f5a9a3c497c6374b61fd92066df3,6026,4-8k,21.118011927934894
learned_K2_V2_s35_step10000,learned,2,35,qmsum,Summarization,97,c89e36776d5ceeb609d0033cb4d2fb227500190a519e297b,11886,8k+,34.56790073830209
learned_K2_V2_s35_step10000,learned,2,35,qmsum,Summarization,98,5951181e325d441c3dcd613014af0005a6c50daabfc58002,10511,8k+,16.36363587421489
learned_K2_V2_s35_step10000,learned,2,35,qmsum,Summarization,99,9035e6ef4a0e54ae451cfe04f315c2ddfc6f84ca98946844,10663,8k+,22.580644667071347
learned_K2_V2_s35_step10000,learned,2,35,qmsum,Summarization,100,fa8c057c5f731a94c02ccb7858ad9d93b508df9b6f3b7f4d,6954,4-8k,20.338982550991105
learned_K2_V2_s35_step10000,learned,2,35,qmsum,Summarization,101,44c1e3d51ee56bb2e0496c09966a0d75766e517d44b59672,5990,4-8k,23.684210027700843
learned_K2_V2_s35_step10000,learned,2,35,qmsum,Summarization,102,e63f08352d2ddeaa2966eb24df252ab55577583f3b7da018,4765,4-8k,34.188033688947336
learned_K2_V2_s35_step10000,learned,2,35,qmsum,Summarization,103,2d7446d7ab51f5e5e91cfc6c5e087baf73fc68f12755390a,11310,8k+,32.432432014609205
learned_K2_V2_s35_step10000,learned,2,35,qmsum,Summarization,104,0f9368e96dde1615381dc1be9aa0f8252cbbe613d80d90d1,11315,8k+,34.48275812128419
learned_K2_V2_s35_step10000,learned,2,35,qmsum,Summarization,105,46decc83309c06b2174be470a553c6e59e4fc74fd76872b7,8486,8k+,45.04504454541028
learned_K2_V2_s35_step10000,learned,2,35,qmsum,Summarization,106,d8b9063b291be35887a1f0b2bf8a799e4510f9ebcbbe5468,10499,8k+,18.30985865492959
learned_K2_V2_s35_step10000,learned,2,35,qmsum,Summarization,107,248bb2bfc8ee2a7469ab4c3e88a0ebb9742f6e52577a8723,12803,8k+,21.31147492072025
learned_K2_V2_s35_step10000,learned,2,35,qmsum,Summarization,108,a0757a5b028f7ee51e64add0449392f17916fbcb3ce542a1,4758,4-8k,29.411764249134954
learned_K2_V2_s35_step10000,learned,2,35,qmsum,Summarization,109,f6b42e71481f73f3251f8ea567e124f21d5cbf3d29201043,14016,8k+,17.977527685898252
learned_K2_V2_s35_step10000,learned,2,35,qmsum,Summarization,110,30b6109f9318d10ec2da2bada6557e8181bfb620e907f59b,8183,8k+,24.074073574759954
learned_K2_V2_s35_step10000,learned,2,35,qmsum,Summarization,111,a604016698c42f5694326bbba28d66f628f218a5cf6f7d89,9366,8k+,26.02739677866392
learned_K2_V2_s35_step10000,learned,2,35,qmsum,Summarization,112,cff9d34b7add9c88cbd31f194d2d84e194e3f3e974665f68,13881,8k+,35.71428524263039
learned_K2_V2_s35_step10000,learned,2,35,qmsum,Summarization,113,5255f8fb6009436b504bff67efebd701422e33fa2d604676,11299,8k+,23.52941127000434
learned_K2_V2_s35_step10000,learned,2,35,qmsum,Summarization,114,9a8063232ff3eaa5b36ef3cba810f8bdcb99f8b23620cd9c,6952,4-8k,22.360247963427344
learned_K2_V2_s35_step10000,learned,2,35,qmsum,Summarization,115,3557f2e7ac4e81949735d91a8dee454b98f97def5c16d078,12646,8k+,26.31578897506926
learned_K2_V2_s35_step10000,learned,2,35,qmsum,Summarization,116,01528954d4fddca73a4cf96e6bae7bcb20f9630139d79079,8560,8k+,19.99999950222223
learned_K2_V2_s35_step10000,learned,2,35,qmsum,Summarization,117,3c20063825daaab20d854f6316d64b98e5c8a99bfebc5374,8984,8k+,22.58064471331947
learned_K2_V2_s35_step10000,learned,2,35,qmsum,Summarization,118,a9db92bf70da64873396c0a61a99a736ae4f2191a1c368df,12644,8k+,9.67741888813738
learned_K2_V2_s35_step10000,learned,2,35,qmsum,Summarization,119,8b1565c7ab08cc53f1efa1e359953a8df2f700b2797b7cfd,23785,8k+,39.473683722991694
learned_K2_V2_s35_step10000,learned,2,35,qmsum,Summarization,120,321708580db1f71d9f8fff12c1ae35b349d0160a0c2fb289,6029,4-8k,22.3880592105146
learned_K2_V2_s35_step10000,learned,2,35,qmsum,Summarization,121,6c228dbff74d39025c9cd8170bb200ad19fd989c3e06129a,8560,8k+,10.638297375961997
learned_K2_V2_s35_step10000,learned,2,35,qmsum,Summarization,122,88babc359d55338b31d093edae580f039947186e387b0f35,10208,8k+,20.33898261419133
learned_K2_V2_s35_step10000,learned,2,35,qmsum,Summarization,123,31341465a9a89a842e9ae73efa9e267541fa76b155d4417b,20272,8k+,20.512820012857052
learned_K2_V2_s35_step10000,learned,2,35,qmsum,Summarization,124,6ef9b5b50b66b2670abbb3753bfe1a4ebe0d40aacb54f281,8194,8k+,28.23529366809689
learned_K2_V2_s35_step10000,learned,2,35,qmsum,Summarization,125,57d72ebce7c5bbd100c5a666dcd7500997be8169e632f0db,15408,8k+,20.202019703295594
learned_K2_V2_s35_step10000,learned,2,35,qmsum,Summarization,126,26341aee783d9a99e9ded367172975abf2f39d62d8fbf62e,4757,4-8k,20.588234798010394
learned_K2_V2_s35_step10000,learned,2,35,qmsum,Summarization,127,78f6c42056bd08025eeed815449c24526a051751d7c415fd,14016,8k+,26.315788973684217
learned_K2_V2_s35_step10000,learned,2,35,qmsum,Summarization,128,4d091ad0d5b74a257368a09ef6eef821ea8cfd0bfa58eb99,6032,4-8k,26.666666182469147
learned_K2_V2_s35_step10000,learned,2,35,qmsum,Summarization,129,ab2e0c823a8fdb67527f3ce4b6f053788eb9292572529053,11171,8k+,16.12903180020813
learned_K2_V2_s35_step10000,learned,2,35,qmsum,Summarization,130,b83d7e101f2aab9b4ebf02f02ccd41dca171191be9ef5cd6,9197,8k+,30.927834555850787
learned_K2_V2_s35_step10000,learned,2,35,qmsum,Summarization,131,8ef12c4d77bfb1f68893c483a13032694595f971f23f723e,3242,0-4k,9.876542710562438
learned_K2_V2_s35_step10000,learned,2,35,qmsum,Summarization,132,c9ca0b248e72caee3e1d6e28747a81fab00b968618ba3d28,5341,4-8k,17.777777280000016
learned_K2_V2_s35_step10000,learned,2,35,qmsum,Summarization,133,38333fa8d14d4d733f3741cf69ec86bc4ee795a1954a54a2,23788,8k+,20.895521889062167
learned_K2_V2_s35_step10000,learned,2,35,qmsum,Summarization,134,e5d75b66f46b2d62c17bceceb4d514393cf1f2b9b89fa3c1,7870,4-8k,29.411764212802773
learned_K2_V2_s35_step10000,learned,2,35,qmsum,Summarization,135,01da31922224bf9588d8462904e10ec51ac016f0ae9e8b3a,23784,8k+,23.999999520000006
learned_K2_V2_s35_step10000,learned,2,35,qmsum,Summarization,136,2cd681b2816d7918b9233e089eac9cd6dd977df9789ba125,13869,8k+,23.44827538206897
learned_K2_V2_s35_step10000,learned,2,35,qmsum,Summarization,137,4ab48bae28dde01e9ecca702579f3b13c01dbfb974255154,9196,8k+,19.047618550170082
learned_K2_V2_s35_step10000,learned,2,35,qmsum,Summarization,138,8793ec1dfcde4d8e9d70d92f7427ae2138e43883d35a61de,10673,8k+,23.529411280276825
learned_K2_V2_s35_step10000,learned,2,35,qmsum,Summarization,139,2788a5aed47e75ec6c72b3023be8031f6cd35efec976db4f,9193,8k+,8.888888397777803
learned_K2_V2_s35_step10000,learned,2,35,qmsum,Summarization,140,c51d91b59219381d853e798c0af85cf38754d61186e33b2e,14011,8k+,22.807017059249013
learned_K2_V2_s35_step10000,learned,2,35,qmsum,Summarization,141,56aa2c5a89761478c2169cfc6050acf5d84842c294d3b9fb,10205,8k+,30.303029814508726
learned_K2_V2_s35_step10000,learned,2,35,qmsum,Summarization,142,2c912ca990e82f34dc37e70dae29e1d1e31d3e813cbb257e,11172,8k+,16.66666622856654
learned_K2_V2_s35_step10000,learned,2,35,qmsum,Summarization,143,90f41f128c1a72bf88a72dfa04a77b726d6993f4379ec4df,11881,8k+,27.397259781572536
learned_K2_V2_s35_step10000,learned,2,35,qmsum,Summarization,144,baa9a253fa531bf3e7060a1137a38c9441c66e7611440d16,8979,8k+,29.457363841836433
learned_K2_V2_s35_step10000,learned,2,35,qmsum,Summarization,145,858a2bdb932d08fa4e16758b7b12ee923b0b6b5bc1a68051,19654,8k+,14.814814397805224
learned_K2_V2_s35_step10000,learned,2,35,qmsum,Summarization,146,e440105848c28c0b0a3bf93b9eae28b7b153e703e12ffd65,20281,8k+,38.38383792102847
learned_K2_V2_s35_step10000,learned,2,35,qmsum,Summarization,147,92498ad4ae3a40e2277dc3b13e15ef0b501c7dfa1e4acb02,8491,8k+,23.99999950500001
learned_K2_V2_s35_step10000,learned,2,35,qmsum,Summarization,148,fff100fc003a59ba70830ef925a879463d106038d9309087,12805,8k+,40.8163260308205
learned_K2_V2_s35_step10000,learned,2,35,qmsum,Summarization,149,751eebc1f9a045e89cb94eb66c34f3fa129d2c336116e500,5985,4-8k,22.222221732778156
learned_K2_V2_s35_step10000,learned,2,35,qmsum,Summarization,150,51129feaa0df6ad32bf998c49a77bcc98b5ea4353ff823a1,8556,8k+,21.138210886112777
learned_K2_V2_s35_step10000,learned,2,35,qmsum,Summarization,151,c22d1a20e4ad32c05f7549e90cd93c607fa2883a3f03dd99,11176,8k+,26.016259666600572
learned_K2_V2_s35_step10000,learned,2,35,qmsum,Summarization,152,1cda1c86401954c75f52c80d4b5f069ff3c9a003f0ba20a1,3984,0-4k,29.03225768158169
learned_K2_V2_s35_step10000,learned,2,35,qmsum,Summarization,153,0e325eeccec748705bae070455669e5d4351660ece67c73d,5349,4-8k,14.925372643350428
learned_K2_V2_s35_step10000,learned,2,35,qmsum,Summarization,154,a693d5a669ad488a009ab9832f66ef78f7c5b8e3300ec7bd,8191,8k+,25.71428524040817
learned_K2_V2_s35_step10000,learned,2,35,qmsum,Summarization,155,09dcacc2f890d9d696a907c08ec9b9a7ff2367eea5bce321,20271,8k+,23.42342293515138
learned_K2_V2_s35_step10000,learned,2,35,qmsum,Summarization,156,56a700676625c22e773b7f7631ef99982ba56e2cb64b2586,4751,4-8k,17.721518495353326
learned_K2_V2_s35_step10000,learned,2,35,qmsum,Summarization,157,6455130ff761fc5e242de9b919271fb0f578567d7ffea480,14016,8k+,15.999999574755568
learned_K2_V2_s35_step10000,learned,2,35,qmsum,Summarization,158,d1ba9e91e59ac664388aab0d53dd443acfc8edb13f523dd4,4807,4-8k,19.298245114650676
learned_K2_V2_s35_step10000,learned,2,35,qmsum,Summarization,159,320cc6e71b63b99f2b92a2fb92b6e37cda38ca16ef4a3c97,4757,4-8k,22.950819215667842
learned_K2_V2_s35_step10000,learned,2,35,qmsum,Summarization,160,6333569542bcd8c6c934d543a514c4ca3217614b0b38ed1c,20271,8k+,34.108526631813
learned_K2_V2_s35_step10000,learned,2,35,qmsum,Summarization,161,cee51c4c954baf996a9ed3267be5110df2d8f0cf5ff018f4,11310,8k+,30.379746345136997
learned_K2_V2_s35_step10000,learned,2,35,qmsum,Summarization,162,4e1937467ae3cb3406cbd0cc8ed25b5ce4e83dab44febccd,6954,4-8k,19.130434282948972
learned_K2_V2_s35_step10000,learned,2,35,qmsum,Summarization,163,258860cc786e5e89c823930f595e21ad186870b10f3f46d5,4809,4-8k,21.052631146814413
learned_K2_V2_s35_step10000,learned,2,35,qmsum,Summarization,164,cab36b6595dd8d35dcdc7ce577079595de37784c10292561,3229,0-4k,21.7391299352027
learned_K2_V2_s35_step10000,learned,2,35,qmsum,Summarization,165,38a35e48b9691446552ad525856b71612bef0c93da7bdfc9,4807,4-8k,24.761904261950125
learned_K2_V2_s35_step10000,learned,2,35,qmsum,Summarization,166,84c3d29d23e375285175caf2b77fe29e6989d6050b2ed151,24579,8k+,26.506023602264488
learned_K2_V2_s35_step10000,learned,2,35,qmsum,Summarization,167,2cf26fe9a282b1d59a3a5b698dd5c98f3926ab06de0e29d1,3980,0-4k,41.93548337148804
learned_K2_V2_s35_step10000,learned,2,35,qmsum,Summarization,168,ca35a0192d4bf8e1aff90d38ff3a8fe25d1ac4a30e2117ea,9196,8k+,20.83333283528647
learned_K2_V2_s35_step10000,learned,2,35,qmsum,Summarization,169,2089ef31097ecaa4f1bda64e55713637ac9132447c529382,11178,8k+,21.333332872533344
learned_K2_V2_s35_step10000,learned,2,35,qmsum,Summarization,170,9a93e7ab3a55fbec9e77e1d132f83ac514291c381360a9c8,8986,8k+,35.555555056543206
learned_K2_V2_s35_step10000,learned,2,35,qmsum,Summarization,171,e0c679d347f92c7080defcad260cdf8bdaa8f5377b60e03a,12339,8k+,13.793103020214046
learned_K2_V2_s35_step10000,learned,2,35,qmsum,Summarization,172,a0d685f51d4520fac9c8c7139e76c889302e3f6f98cb8d81,20282,8k+,26.80412322329685
learned_K2_V2_s35_step10000,learned,2,35,qmsum,Summarization,173,4412a0516765800018512529526321ca4a924fada9e4a139,8192,8k+,14.414414085869659
learned_K2_V2_s35_step10000,learned,2,35,qmsum,Summarization,174,caab9dadbf5f025e1a6b63ccda2809c85999e3edd0f0cc47,3980,0-4k,10.714285230229613
learned_K2_V2_s35_step10000,learned,2,35,qmsum,Summarization,175,6a2ea7cf0cb92105de41e322db410d220312ab98ce2919eb,10213,8k+,15.686274011534044
learned_K2_V2_s35_step10000,learned,2,35,qmsum,Summarization,176,06f6568bb3b66ad25b39c64f60dc9c80112a1cfbf2f454a2,9377,8k+,36.61971794564571
learned_K2_V2_s35_step10000,learned,2,35,qmsum,Summarization,177,afdce0dffab8af2a881a638a168da0c636087169e9f900f4,4805,4-8k,26.829267800118988
learned_K2_V2_s35_step10000,learned,2,35,qmsum,Summarization,178,1690c984951e74c31f8b86c5135938418f4365bfeb656d80,12339,8k+,34.285713826530625
learned_K2_V2_s35_step10000,learned,2,35,qmsum,Summarization,179,01c496f9e6a091cbd6ac9ffafbf6743aa5319e7387a24326,10665,8k+,17.741934990244552
learned_K2_V2_s35_step10000,learned,2,35,qmsum,Summarization,180,2577f8475c58498ab16ed83a7222b7142419941d3ce0bc09,14014,8k+,18.181817702737614
learned_K2_V2_s35_step10000,learned,2,35,qmsum,Summarization,181,628c3567292cb09e980d4d2e3042ebfcc44f369a2a16d2fd,6398,4-8k,27.586206398929853
learned_K2_V2_s35_step10000,learned,2,35,qmsum,Summarization,182,679e4e9f3c4e9bf95578ed0a431156a6203ebfa122ce7894,24580,8k+,18.74999950781251
learned_K2_V2_s35_step10000,learned,2,35,qmsum,Summarization,183,983c7f84afeec57ceb63e749e946f5488d80aae5a17d162a,7346,4-8k,32.87671190767498
learned_K2_V2_s35_step10000,learned,2,35,qmsum,Summarization,184,2c3f6a54f59639f9d0389ee4c0fd349ba8c75ef694c635e9,9182,8k+,24.761904263038563
learned_K2_V2_s35_step10000,learned,2,35,qmsum,Summarization,185,d94f2712dfef3f6e1b82f465fa4f3e03c793c67ce58e3ccf,15412,8k+,26.666666246666672
learned_K2_V2_s35_step10000,learned,2,35,qmsum,Summarization,186,0c2e058a3750f5b88206f02bf9aecd28451121027cbbb03d,24585,8k+,19.753085925925937
learned_K2_V2_s35_step10000,learned,2,35,qmsum,Summarization,187,c0534dea030f2e295fce90c3249f37a019aa216a8716a032,4802,4-8k,22.07792157868107
learned_K2_V2_s35_step10000,learned,2,35,qmsum,Summarization,188,ff97e137f45211e2904e419ed64a8aa91283b6d67a8d521e,6956,4-8k,29.41176420761246
learned_K2_V2_s35_step10000,learned,2,35,qmsum,Summarization,189,29bd27b3dc5f36b5e0d9af37ebe5ac75819d7507ab9d13f9,20275,8k+,15.384614896449719
learned_K2_V2_s35_step10000,learned,2,35,qmsum,Summarization,190,b1ec1680b7b16c8dd4518e141d376a45572111aa1fbe1436,3234,0-4k,12.820512321827762
learned_K2_V2_s35_step10000,learned,2,35,qmsum,Summarization,191,4cef52b157fa90da2563ef28624ba261f062834c9504b8d2,6385,4-8k,35.18518471416324
learned_K2_V2_s35_step10000,learned,2,35,qmsum,Summarization,192,d90774766148b54ce28f127ce14b124bce7380910c1dce36,6037,4-8k,20.895522024504352
learned_K2_V2_s35_step10000,learned,2,35,qmsum,Summarization,193,08b1651e474c116295a026a5ec71d58aa1782e780d121794,11172,8k+,16.666666291666676
learned_K2_V2_s35_step10000,learned,2,35,qmsum,Summarization,194,bc161633b40e517e2753f2f8e64afaf951851f316df3824c,10201,8k+,42.85714235877551
learned_K2_V2_s35_step10000,learned,2,35,qmsum,Summarization,195,712f5d33fc0ce12997abb5f5465a62659d8783be2dd7191f,7338,4-8k,20.634920136054433
learned_K2_V2_s35_step10000,learned,2,35,qmsum,Summarization,196,4d8c615c156394483d329cb54bf8a99df7aec90b6d056168,15409,8k+,15.999999507200013
learned_K2_V2_s35_step10000,learned,2,35,qmsum,Summarization,197,a565ae2ca48e83f04c79559ae288968745b95d4bc7a6516a,6381,4-8k,29.197079792210562
learned_K2_V2_s35_step10000,learned,2,35,qmsum,Summarization,198,c92a7f7a273a180d68fc7b57ffe6cf3daf6a8aadfea9cb04,13883,8k+,23.529411272269734
learned_K2_V2_s35_step10000,learned,2,35,qmsum,Summarization,199,39d9741666c148e7ce5a65b0eea5439dd7d1a29fe25faade,6036,4-8k,30.476189978412698
learned_K2_V2_s35_step10000,learned,2,35,multi_news,Summarization,0,e45abfcb82a3c862c0f772e6f461866839955c11ea2f46a8,2099,0-4k,19.494584348499274
learned_K2_V2_s35_step10000,learned,2,35,multi_news,Summarization,1,0cd7b0bfc70d78aa6805925975d9fb26b281c482ff482b7c,1377,0-4k,26.837060204717826
learned_K2_V2_s35_step10000,learned,2,35,multi_news,Summarization,2,82cafb9831bcafa681b45205a34677e2bf6b6c2fb992649f,1422,0-4k,31.818181318202903
learned_K2_V2_s35_step10000,learned,2,35,multi_news,Summarization,3,2e5eae4e8ae651f706cfaee0918b5da3fede2e742d98f71c,1480,0-4k,25.23076873592427
learned_K2_V2_s35_step10000,learned,2,35,multi_news,Summarization,4,3a7faeaefe15b8c33d9120f97591dfdad212b0778e2b830b,626,0-4k,20.532318894244543
learned_K2_V2_s35_step10000,learned,2,35,multi_news,Summarization,5,3c382dfa0b8fe302ceead369a782680ad9e36897e99ee903,1166,0-4k,25.58139485076018
learned_K2_V2_s35_step10000,learned,2,35,multi_news,Summarization,6,9f6fa6b7b5d549939ff94d095c94f04dfbc049f10dd39e35,2195,0-4k,25.787965122946453
learned_K2_V2_s35_step10000,learned,2,35,multi_news,Summarization,7,cf88a8491dd60e29cc2556f7b7083eb1e90e7023afa242a2,495,0-4k,14.41441394184727
learned_K2_V2_s35_step10000,learned,2,35,multi_news,Summarization,8,8ad91bc1637b400cca59acc79bd17b2f2946d969437362aa,1550,0-4k,24.390243402883364
learned_K2_V2_s35_step10000,learned,2,35,multi_news,Summarization,9,d85214d7a1d4e7baee46ea5ab26fbf01211116e0d19b9ee3,1487,0-4k,23.45276823541895
learned_K2_V2_s35_step10000,learned,2,35,multi_news,Summarization,10,3b5368b348fce578138b895df499567d7ca6eec71d0d9473,2237,0-4k,26.712328267146756
learned_K2_V2_s35_step10000,learned,2,35,multi_news,Summarization,11,6ad28d1ca4f136c6c60610ed1ccdacaf3a6708d9c74d68bb,1414,0-4k,35.4570632155984
learned_K2_V2_s35_step10000,learned,2,35,multi_news,Summarization,12,30546aafe4821ca55d852a55484d41f5e4bf82f1247e91f3,740,0-4k,23.308270179518352
learned_K2_V2_s35_step10000,learned,2,35,multi_news,Summarization,13,311b6c43c5ac950a65751dba5eaf7245c6b5d8eb10b784f1,2580,0-4k,20.408162765310383
learned_K2_V2_s35_step10000,learned,2,35,multi_news,Summarization,14,85d436ff69fd321053a637abf7b161208e70bb7d59a57775,859,0-4k,34.85714236186123
learned_K2_V2_s35_step10000,learned,2,35,multi_news,Summarization,15,69b0462ff955b459b70c0eefe0dd4d8ea39db80b77d92351,4776,4-8k,23.306232562774962
learned_K2_V2_s35_step10000,learned,2,35,multi_news,Summarization,16,732a283b839f4cf989dff0eadbf6b0b1ad9500799a3dfcee,2394,0-4k,33.14285664390205
learned_K2_V2_s35_step10000,learned,2,35,multi_news,Summarization,17,3a255c25765000d506cf43538a553334a0bf0744d14530c2,848,0-4k,23.026315296485468
learned_K2_V2_s35_step10000,learned,2,35,multi_news,Summarization,18,77669a00afc203753f5ed451ba5886ee429b2f984c7c4a41,1182,0-4k,19.801979792912466
learned_K2_V2_s35_step10000,learned,2,35,multi_news,Summarization,19,b93cdb70f28fb1e103681a4b3bd5fdf26d3434411df67bbe,4687,4-8k,22.670024690595092
learned_K2_V2_s35_step10000,learned,2,35,multi_news,Summarization,20,6602db3a57e65ab95169ca598234a737599fcfa102af4a3d,810,0-4k,41.4473679213989
learned_K2_V2_s35_step10000,learned,2,35,multi_news,Summarization,21,088f63f5603e5d81dbee5cbc194b1942cc6e16aec56b24c8,4436,4-8k,22.284122064074623
learned_K2_V2_s35_step10000,learned,2,35,multi_news,Summarization,22,be803cfd04c14b94a7dfdbf267e4d8530333774edb9c8975,2768,0-4k,24.218749500762947
learned_K2_V2_s35_step10000,learned,2,35,multi_news,Summarization,23,e07c67df44c00106f6f042496897a8ad07ffc881bb51e615,1551,0-4k,21.556885727562854
learned_K2_V2_s35_step10000,learned,2,35,multi_news,Summarization,24,348357789b1ce50b1ac8e572e21e6e5b421d11ac696bd0e1,3331,0-4k,24.793387934400364
learned_K2_V2_s35_step10000,learned,2,35,multi_news,Summarization,25,5021490f86fe35b2f55ffaa25a755dabfe084d68d55c55e5,2503,0-4k,23.12138679728692
learned_K2_V2_s35_step10000,learned,2,35,multi_news,Summarization,26,e4b27be5d2d4a2f9518155efce2d9b5b799990bd146def3b,1530,0-4k,21.12676006347948
learned_K2_V2_s35_step10000,learned,2,35,multi_news,Summarization,27,2eeba772e4954887281b316f04ac32ac8de8065274f352f4,1688,0-4k,25.742573763356543
learned_K2_V2_s35_step10000,learned,2,35,multi_news,Summarization,28,cef9105b35619a56715bd8971c08f04183c9884ea5315029,2917,0-4k,27.24458154587891
learned_K2_V2_s35_step10000,learned,2,35,multi_news,Summarization,29,b8ad3a4d5f7ed3008f93632c7880e2ddd7dc5e37f6a2088f,1576,0-4k,28.6738346463175
learned_K2_V2_s35_step10000,learned,2,35,multi_news,Summarization,30,04ee10332dea447fd20ba0b36c23c61fc1e4bbf4009eb6b6,2676,0-4k,21.754385466691303
learned_K2_V2_s35_step10000,learned,2,35,multi_news,Summarization,31,c41f1472a8b70be78713deaa0e3248b28a9931fd049c6fd7,3747,0-4k,17.53246703659978
learned_K2_V2_s35_step10000,learned,2,35,multi_news,Summarization,32,3a36e0fd6f9a7f242575108e48446297bb639cf08ccfc9f4,1816,0-4k,27.118643647120088
learned_K2_V2_s35_step10000,learned,2,35,multi_news,Summarization,33,994c4e5487e91bef73af6ea24878a117dc1a335f34d0ebbb,1272,0-4k,36.29893188434797
learned_K2_V2_s35_step10000,learned,2,35,multi_news,Summarization,34,7a9199c5521da5c99e3de3cb0d86abbcff0f1489e6b3f731,2373,0-4k,28.6585360856633
learned_K2_V2_s35_step10000,learned,2,35,multi_news,Summarization,35,eaa81a89e0cd98188339f02482df2c273f0bc1257f1c4a66,1457,0-4k,50.17182080598954
learned_K2_V2_s35_step10000,learned,2,35,multi_news,Summarization,36,11612bf9150914c57c3107b73b864d6311c010bcfdc458f0,1428,0-4k,22.0338978096971
learned_K2_V2_s35_step10000,learned,2,35,multi_news,Summarization,37,d74bcb4b88344c46da1ff0c29dec67d014083c13f3848a87,791,0-4k,10.833332833645857
learned_K2_V2_s35_step10000,learned,2,35,multi_news,Summarization,38,b52067a71a631691a2448c313aef0dcb0870b66526c87e77,3225,0-4k,24.864864394448507
learned_K2_V2_s35_step10000,learned,2,35,multi_news,Summarization,39,3b272a3cb912cb9130ace7be7a17757c1206b90893edf887,1088,0-4k,22.924900734521717
learned_K2_V2_s35_step10000,learned,2,35,multi_news,Summarization,40,f8ac8ff14795766c86a489e1a4175f54fdb45baab5b808e3,2416,0-4k,18.991097447613356
learned_K2_V2_s35_step10000,learned,2,35,multi_news,Summarization,41,676c95b1b4d773fc7ada84cef6392d0ce2fe2e29c50f4880,805,0-4k,22.429906050615784
learned_K2_V2_s35_step10000,learned,2,35,multi_news,Summarization,42,309b673245e2ff9762cede34389c26378423ba8e6aded612,5805,4-8k,28.66043564779069
learned_K2_V2_s35_step10000,learned,2,35,multi_news,Summarization,43,9e0865c920d77e5a813ed7f10720ed9fa759768e28493f1f,1296,0-4k,29.433961764215034
learned_K2_V2_s35_step10000,learned,2,35,multi_news,Summarization,44,4b5569781c8b5ee5eb269a2146d94d32c9546088c727a6dd,7411,4-8k,26.285713791608174
learned_K2_V2_s35_step10000,learned,2,35,multi_news,Summarization,45,7c4f58113b9b838456012c409f26c4bd7060c7e8585dbcbb,3050,0-4k,17.58241712219406
learned_K2_V2_s35_step10000,learned,2,35,multi_news,Summarization,46,9ad3bb9f5aea6c704ffdf6d959a67966b0e67bdcde9ee4af,751,0-4k,28.301886293718614
learned_K2_V2_s35_step10000,learned,2,35,multi_news,Summarization,47,02700514f163f15e24f763de934f8f22cd5cf1f262e23307,2870,0-4k,19.354838213293675
learned_K2_V2_s35_step10000,learned,2,35,multi_news,Summarization,48,fe6c148424a7b65c8e0600ac87fe46d72b7befcada96bb7e,1566,0-4k,23.208190633414496
learned_K2_V2_s35_step10000,learned,2,35,multi_news,Summarization,49,317596c2204663c37b6785e78ac7f631dfd73eee49358fbe,1454,0-4k,24.257425247978148
learned_K2_V2_s35_step10000,learned,2,35,multi_news,Summarization,50,0ad9449e22d9e0b42161a24f935ee48559ae390810c537a8,3161,0-4k,23.88059651503677
learned_K2_V2_s35_step10000,learned,2,35,multi_news,Summarization,51,1f0ed1dcfa414cfcf54092ede4021392d314cf4617efb3ca,885,0-4k,37.83783734178084
learned_K2_V2_s35_step10000,learned,2,35,multi_news,Summarization,52,6c46adce88e2967d7f47b60afd409758f2fd778d1fdd6453,4630,4-8k,21.390373839786676
learned_K2_V2_s35_step10000,learned,2,35,multi_news,Summarization,53,6c7741bd6cb0b2ea58e8095c9df3d6666b0637df534bbeba,8992,8k+,11.173183880075548
learned_K2_V2_s35_step10000,learned,2,35,multi_news,Summarization,54,88292edcdf81828250e22165aa865b7311de51849e7827d5,1970,0-4k,29.394812181946545
learned_K2_V2_s35_step10000,learned,2,35,multi_news,Summarization,55,405458acd6900ae99c9ab88f590a016896dc550abf4b6622,955,0-4k,32.78688477002956
learned_K2_V2_s35_step10000,learned,2,35,multi_news,Summarization,56,2ef0d1f906c341edf5a4b095bc9e0c4e579692e949304ea0,3414,0-4k,22.47838566864604
learned_K2_V2_s35_step10000,learned,2,35,multi_news,Summarization,57,4ee5c54887697104946958f172412d5668bb4d214291a1dd,1951,0-4k,33.72781016561045
learned_K2_V2_s35_step10000,learned,2,35,multi_news,Summarization,58,fccf27d8f48e0ad99942550cea832e514ab98d4b18732e01,1313,0-4k,30.422534712414212
learned_K2_V2_s35_step10000,learned,2,35,multi_news,Summarization,59,6387bd7048692c0d8352a7064b552c5406e6a386a2d2cbd2,1038,0-4k,26.515151024449047
learned_K2_V2_s35_step10000,learned,2,35,multi_news,Summarization,60,e8f1a46473d0ac4e79d38b9dc21352d31b8e6b104a4794a4,1133,0-4k,24.02597353206697
learned_K2_V2_s35_step10000,learned,2,35,multi_news,Summarization,61,06b3fb0b25173880e23af5143d315de2600756441e18d3e8,1671,0-4k,31.90661432857424
learned_K2_V2_s35_step10000,learned,2,35,multi_news,Summarization,62,0be98f81f4be6b430895a33274ee163bda21ed649554d9ce,1533,0-4k,24.90842441084679
learned_K2_V2_s35_step10000,learned,2,35,multi_news,Summarization,63,db96c336a8ea778dc61902307de617213381344f0b157a00,2227,0-4k,23.717948240322986
learned_K2_V2_s35_step10000,learned,2,35,multi_news,Summarization,64,738ade32e754ab2eccf64f3c9e3db0c5bad904c1934b53f4,1567,0-4k,26.562499551300057
learned_K2_V2_s35_step10000,learned,2,35,multi_news,Summarization,65,44916c0c85c6e879c4857c68d32509354e7fcfffe6447efa,707,0-4k,38.22222172942222
learned_K2_V2_s35_step10000,learned,2,35,multi_news,Summarization,66,d9727b1ef9ca2536192188657eadc0fef64102793e28b5d8,3045,0-4k,15.723269940271365
learned_K2_V2_s35_step10000,learned,2,35,multi_news,Summarization,67,a88f3f2a0e819435260452f5315b17614bea78c797add69d,1788,0-4k,25.454544955206615
learned_K2_V2_s35_step10000,learned,2,35,multi_news,Summarization,68,6ed6a5b5c77beb9660bff83ef79b79ff803e3382c7d5e2a3,1299,0-4k,23.642172024211753
learned_K2_V2_s35_step10000,learned,2,35,multi_news,Summarization,69,46101830d9c9f6601eb5059912d3f5ef280380fe5fa8b7ed,1638,0-4k,25.97402548085681
learned_K2_V2_s35_step10000,learned,2,35,multi_news,Summarization,70,277ce57c2b27852c85a4fd20556d56f1320a4c387e772c11,3030,0-4k,21.292775170668953
learned_K2_V2_s35_step10000,learned,2,35,multi_news,Summarization,71,29048d7f5f49ba0be1e0f6793ad344e06baacaf39e84575f,1240,0-4k,18.452380452823856
learned_K2_V2_s35_step10000,learned,2,35,multi_news,Summarization,72,fe95b01ef6da0d7227679dff2cea623ca72453fb84011590,3547,0-4k,19.153674363520036
learned_K2_V2_s35_step10000,learned,2,35,multi_news,Summarization,73,9be57ba61a999b76bd50af15e31946bb634beb32d7e8d31e,10147,8k+,32.474226341441714
learned_K2_V2_s35_step10000,learned,2,35,multi_news,Summarization,74,56455fb505b8dc0c26292ce43f92b16decf2d920597ee47c,1464,0-4k,19.883040435740927
learned_K2_V2_s35_step10000,learned,2,35,multi_news,Summarization,75,78473fa18bef2d731dde4141dffd5a7d69d71b5e2aaf66dc,3189,0-4k,27.536231384162996
learned_K2_V2_s35_step10000,learned,2,35,multi_news,Summarization,76,e938aa4da9ec12d68b474d25c4054b1cae4b847e686490f8,1170,0-4k,33.23442086731415
learned_K2_V2_s35_step10000,learned,2,35,multi_news,Summarization,77,9c71a5e0d832d8b9984166dd02a31ff3e69f5f09bd07ab06,2303,0-4k,24.47552399753045
learned_K2_V2_s35_step10000,learned,2,35,multi_news,Summarization,78,8a254b08dcd8d491f6110fcc85d9728f2af7ef3db72b8153,1112,0-4k,21.05263108481823
learned_K2_V2_s35_step10000,learned,2,35,multi_news,Summarization,79,a4d1ff0e9c2cee86be614078adfd7d7d99edf5ef30a091de,803,0-4k,35.85657320804432
learned_K2_V2_s35_step10000,learned,2,35,multi_news,Summarization,80,1d2336536bfc7b2330bd0415195b17da5eef58e6d2f7107f,1819,0-4k,30.340556783598043
learned_K2_V2_s35_step10000,learned,2,35,multi_news,Summarization,81,a1a8c2073ee3adf93ab2fdfb6c5b9021787e2cf9ff80c7a3,1392,0-4k,25.671641299282697
learned_K2_V2_s35_step10000,learned,2,35,multi_news,Summarization,82,8b4c90dab64e764b8bc95f6277cc7888235228898710e557,4933,4-8k,22.556390479733178
learned_K2_V2_s35_step10000,learned,2,35,multi_news,Summarization,83,d59d8c7d8e894fb70f061ed788ab0d0afbb6e7efab3795e7,1196,0-4k,21.839079984889032
learned_K2_V2_s35_step10000,learned,2,35,multi_news,Summarization,84,9836ad80b96e0be4f0ac7d88ccec4f9d884e9db61ab0cd17,1368,0-4k,31.901839993074642
learned_K2_V2_s35_step10000,learned,2,35,multi_news,Summarization,85,775a1ae2423f47d7647839eba2ab883edce0226be80bc3fc,989,0-4k,35.43307036725774
learned_K2_V2_s35_step10000,learned,2,35,multi_news,Summarization,86,06cd46f7837045391d9579b1f09cc12e8cd8e5b14c440512,736,0-4k,37.313432342086216
learned_K2_V2_s35_step10000,learned,2,35,multi_news,Summarization,87,60497232ea0ef410f9e2c27ee4db176ced431826a77a7a78,2613,0-4k,20.11494203905735
learned_K2_V2_s35_step10000,learned,2,35,multi_news,Summarization,88,6db3807942c349fe99398373caf4c32ebfd701082c314b09,10933,8k+,19.178081775422132
learned_K2_V2_s35_step10000,learned,2,35,multi_news,Summarization,89,07e8ead211b41f39eecfc0cad164df40b553b13b476c57ea,1568,0-4k,19.475655020269617
learned_K2_V2_s35_step10000,learned,2,35,multi_news,Summarization,90,18e338848390140808eded1006b81aaa4159051658380680,1046,0-4k,22.63157844825486
learned_K2_V2_s35_step10000,learned,2,35,multi_news,Summarization,91,fac3398343e3cb6e8f80ca413eb16ade6f02441d3a7e9fdd,1200,0-4k,26.351350853200334
learned_K2_V2_s35_step10000,learned,2,35,multi_news,Summarization,92,93e8810d0a734c54479486a4b3e62b5037a567e1798bb611,3531,0-4k,23.456789624142672
learned_K2_V2_s35_step10000,learned,2,35,multi_news,Summarization,93,2190e9b08e5b46e27ed9ccbce09f7d3acec87c317b891cd5,2050,0-4k,33.239436120610996
learned_K2_V2_s35_step10000,learned,2,35,multi_news,Summarization,94,d80c94e46a531d82db264ffd18fd03828a7069b78b87c00a,438,0-4k,31.155778394585997
learned_K2_V2_s35_step10000,learned,2,35,multi_news,Summarization,95,0c21154627a66c4d1637d693dd17d1faabac04bc69badcd0,258,0-4k,11.872145618815308
learned_K2_V2_s35_step10000,learned,2,35,multi_news,Summarization,96,aaedc4c55373ce5ed84ada218f9aac1eadb5256699622f19,1277,0-4k,27.319587128879263
learned_K2_V2_s35_step10000,learned,2,35,multi_news,Summarization,97,b291e27b2c82d5b18bd19a93bfa5571ab5284fc5f3c6d107,2048,0-4k,27.92207742283691
learned_K2_V2_s35_step10000,learned,2,35,multi_news,Summarization,98,56b04e68a1831f7022c05c0813687ac156f795123ecf1b84,1292,0-4k,38.57142807969388
learned_K2_V2_s35_step10000,learned,2,35,multi_news,Summarization,99,d6efc159a833740626f28b6d21e1dc4ff95061cd4d98565e,2316,0-4k,26.954177397577766
learned_K2_V2_s35_step10000,learned,2,35,multi_news,Summarization,100,fe7c116236300ecf37b16456cbd8ca3a9d25711bbf552e0d,5408,4-8k,33.3333328334042
learned_K2_V2_s35_step10000,learned,2,35,multi_news,Summarization,101,33e27e6e0cb58aa828cba57977ac39767855f3dfe1addfb2,1845,0-4k,21.818181338181827
learned_K2_V2_s35_step10000,learned,2,35,multi_news,Summarization,102,0e285d4f4c44a19ddcf2545c71b7e51ac2219b8d941a64e0,4889,4-8k,22.758620239976224
learned_K2_V2_s35_step10000,learned,2,35,multi_news,Summarization,103,1fb2491dae07f8c4874240e388bc27c7061b49911f56ba9a,1089,0-4k,29.197079795806918
learned_K2_V2_s35_step10000,learned,2,35,multi_news,Summarization,104,b2c280c5ff87004e00fb7dcdfd0cf4d4d8fc01572fc61a7e,968,0-4k,30.246913097393698
learned_K2_V2_s35_step10000,learned,2,35,multi_news,Summarization,105,d485afe6e98d03460b94014d77c3083884f58f19e5be4c70,3798,0-4k,17.283950127187943
learned_K2_V2_s35_step10000,learned,2,35,multi_news,Summarization,106,6b8491517bafcca99ef3f76092c43d19d5d36405219ef6f4,1589,0-4k,31.372548534046746
learned_K2_V2_s35_step10000,learned,2,35,multi_news,Summarization,107,cad98a082a403a4d23b00bd658ebe9da5d5492c0b7aee6a2,770,0-4k,22.80701708833488
learned_K2_V2_s35_step10000,learned,2,35,multi_news,Summarization,108,0719f54af86b9059cf3c25c1d2a59782de2839ed82814db5,1741,0-4k,21.606647699449834
learned_K2_V2_s35_step10000,learned,2,35,multi_news,Summarization,109,45738a474abdd937b862f7bec332b4c6ebd457223b3c2ed3,650,0-4k,26.956521290888475
learned_K2_V2_s35_step10000,learned,2,35,multi_news,Summarization,110,e5a4b2ff98489f486be435f2362f21d5f6b94f4ed1a81add,1543,0-4k,29.65517193969085
learned_K2_V2_s35_step10000,learned,2,35,multi_news,Summarization,111,3df8184414fb6c8fd721cbc56a5772b93fbf43a6f99f585d,1463,0-4k,24.04692032266665
learned_K2_V2_s35_step10000,learned,2,35,multi_news,Summarization,112,b614820b1eedec8085ad101203ee5be3fab92a97ba104f79,1963,0-4k,24.0223458743485
learned_K2_V2_s35_step10000,learned,2,35,multi_news,Summarization,113,2ae7b722087f0e267da96873dd245190f6cbb8d7e69b4cd8,2659,0-4k,34.02985024755625
learned_K2_V2_s35_step10000,learned,2,35,multi_news,Summarization,114,01932b64e57168c97287e2ac84b4097f0f56099a0c67abb2,536,0-4k,45.93301385819922
learned_K2_V2_s35_step10000,learned,2,35,multi_news,Summarization,115,cff9c9756a633d04f377504557490ed65bb65ea87109085c,7229,4-8k,21.848739005217784
learned_K2_V2_s35_step10000,learned,2,35,multi_news,Summarization,116,86cc5c31dee93bddcae9bda95f926d8266b6663aafdd82cb,1325,0-4k,30.872482721836857
learned_K2_V2_s35_step10000,learned,2,35,multi_news,Summarization,117,bd055a3f0452f7edde9adca712d720fc631bd09ebc59f476,420,0-4k,13.445377683037934
learned_K2_V2_s35_step10000,learned,2,35,multi_news,Summarization,118,f51e1e41a645abee74909057d9f8da89a07c083a1b9107e7,1776,0-4k,25.384614892189354
learned_K2_V2_s35_step10000,learned,2,35,multi_news,Summarization,119,cd5fba73cf0b38e75ea2e39da56340e1dfa26ae1f746b866,788,0-4k,25.165562429893427
learned_K2_V2_s35_step10000,learned,2,35,multi_news,Summarization,120,dbe413a621ee6cbe8b13b067f0e249f10e218e1180d04787,2074,0-4k,19.771862633838868
learned_K2_V2_s35_step10000,learned,2,35,multi_news,Summarization,121,9f364b72d418b0b3e9c6dbb3de18ea7b07c749b2882f9033,3668,0-4k,27.988337695994026
learned_K2_V2_s35_step10000,learned,2,35,multi_news,Summarization,122,daac60e00a17c2da30da5d42ed679000bf9a7661906cb3d0,2024,0-4k,17.040358272637707
learned_K2_V2_s35_step10000,learned,2,35,multi_news,Summarization,123,765fcae046b741f85cc1bf6d418cd76be64c0d26be886cea,2079,0-4k,29.31034432864316
learned_K2_V2_s35_step10000,learned,2,35,multi_news,Summarization,124,1c29fa3bc586b97befbb9ca9a21d8c8693706806bfc381ef,2906,0-4k,21.761657536457367
learned_K2_V2_s35_step10000,learned,2,35,multi_news,Summarization,125,b4edb673ab78ecd823ee1354849fa4d58d9d3366d7e54561,3925,0-4k,32.15686225931565
learned_K2_V2_s35_step10000,learned,2,35,multi_news,Summarization,126,4fa82967bc98a888bd0399cb741555758892ec4316d2bdf1,1036,0-4k,26.625386501509656
learned_K2_V2_s35_step10000,learned,2,35,multi_news,Summarization,127,ddd936726b335c65aab2f8e9f5d21544308066848daa424c,2155,0-4k,20.40816277391224
learned_K2_V2_s35_step10000,learned,2,35,multi_news,Summarization,128,bb2f3e69f445e6c445564a1200a0cd2f0f1752f74ff3f86d,3434,0-4k,23.529411265651074
learned_K2_V2_s35_step10000,learned,2,35,multi_news,Summarization,129,7226efab4c9cafdc60df3b0caf454eca376069edec7aa82c,4070,4-8k,20.903954302323736
learned_K2_V2_s35_step10000,learned,2,35,multi_news,Summarization,130,37c63596ba279ad8d0b73451686e7d31f90d690c08f998ac,2365,0-4k,26.373625887211695
learned_K2_V2_s35_step10000,learned,2,35,multi_news,Summarization,131,2c62c95b0e5268ea717ced36bc4a799fe5718c7685ba3705,1911,0-4k,24.927535737030045
learned_K2_V2_s35_step10000,learned,2,35,multi_news,Summarization,132,88631c804f097efb11f869ba5bd3f64e53a8c3c475f0e28a,2459,0-4k,25.225224726852986
learned_K2_V2_s35_step10000,learned,2,35,multi_news,Summarization,133,aedb655320f6a23ffbcaeb9f4c504674e467e678e30bb8e7,773,0-4k,32.72727223657025
learned_K2_V2_s35_step10000,learned,2,35,multi_news,Summarization,134,f5cb169ccbed4f8d2dd290c668baa88540aa0d870e377a5d,1614,0-4k,20.13422768873025
learned_K2_V2_s35_step10000,learned,2,35,multi_news,Summarization,135,ff3706cd43d8912cb61743c359e10bcec4a3e62b6436aeb7,2624,0-4k,30.630630136154174
learned_K2_V2_s35_step10000,learned,2,35,multi_news,Summarization,136,dba05d25c7e79c2cefd12cace82ee857172e43eaeb2b2cf4,3066,0-4k,23.076922604933312
learned_K2_V2_s35_step10000,learned,2,35,multi_news,Summarization,137,da9e45ebc6f33da54bcae73bb2a8237ead6889d37ae18dd8,2028,0-4k,23.232322737947666
learned_K2_V2_s35_step10000,learned,2,35,multi_news,Summarization,138,44aa93b71b0589215f0d2f14d34c7827db5533d0755e898e,1651,0-4k,31.395348337276914
learned_K2_V2_s35_step10000,learned,2,35,multi_news,Summarization,139,71466da28c57d2a01ee3a47f2905b6ac5d0d62a713e2454f,1615,0-4k,33.00970823874908
learned_K2_V2_s35_step10000,learned,2,35,multi_news,Summarization,140,7bf0be1466a51afab44b9e12dcfa4a1694b6804309e6eb87,794,0-4k,25.806451114235184
learned_K2_V2_s35_step10000,learned,2,35,multi_news,Summarization,141,9bf2345cf303a45d45bc2e3692f6277785f850e0be2e1ecd,2314,0-4k,30.52631529617729
learned_K2_V2_s35_step10000,learned,2,35,multi_news,Summarization,142,8f512ff62ab4a69b196b31f8fe334c4a31765f3ac13c5841,1319,0-4k,33.488371625743646
learned_K2_V2_s35_step10000,learned,2,35,multi_news,Summarization,143,34a7c94a11115d983402087b3ac74dbd269616cfa1e193e3,2660,0-4k,16.949152065418634
learned_K2_V2_s35_step10000,learned,2,35,multi_news,Summarization,144,e9aca7cfa87e9c3e7c0631b6af034d1a1dd0a297983b070e,3982,0-4k,28.025477207736632
learned_K2_V2_s35_step10000,learned,2,35,multi_news,Summarization,145,d2b993f60949513345fc5a1a69277de34c423c086a837c6e,1853,0-4k,24.128685827110107
learned_K2_V2_s35_step10000,learned,2,35,multi_news,Summarization,146,60e83cb150d2208659417f01bbf493c5035d314d87cf398c,2887,0-4k,28.749999526738286
learned_K2_V2_s35_step10000,learned,2,35,multi_news,Summarization,147,c2d65128a71757d11ddd48b466d7056e772b736e27e30a74,325,0-4k,9.183673044564783
learned_K2_V2_s35_step10000,learned,2,35,multi_news,Summarization,148,87539dc9e35cf94ea5f148dc8b4bed8111d6df1edfb2c283,1721,0-4k,32.432431933148294
learned_K2_V2_s35_step10000,learned,2,35,multi_news,Summarization,149,f5f3a7e4beff536299a26f339ef6838c1abe5cabc5b67680,3450,0-4k,30.163933929588826
learned_K2_V2_s35_step10000,learned,2,35,multi_news,Summarization,150,40ca156dda73be53b743d61124d7e9ce9b9d95f794fe2188,2134,0-4k,24.99999951091168
learned_K2_V2_s35_step10000,learned,2,35,multi_news,Summarization,151,7c4df519e75e117bb448122ca241a3375f4cdf97025e22fc,1352,0-4k,24.024023533984444
learned_K2_V2_s35_step10000,learned,2,35,multi_news,Summarization,152,78303e2cb9fce71278602760b085f1f77367e4203da26d7a,5422,4-8k,21.72948952856673
learned_K2_V2_s35_step10000,learned,2,35,multi_news,Summarization,153,f43f9ce2fa78f95ac1828a5344740662285ef3db08df7ba1,1996,0-4k,28.660435637464705
learned_K2_V2_s35_step10000,learned,2,35,multi_news,Summarization,154,f525eb46942a990f7fc284f7ed92f0b3330cbf0b7e92821e,1999,0-4k,29.752065616799108
learned_K2_V2_s35_step10000,learned,2,35,multi_news,Summarization,155,4d3783115f3756945540fe966195e80fcaa62aa7c3e58b4a,1173,0-4k,22.857142359902053
learned_K2_V2_s35_step10000,learned,2,35,multi_news,Summarization,156,f29dd7b68a1d950a581a11a274ae8966472c4f273a1ee60c,3726,0-4k,20.437955706084512
learned_K2_V2_s35_step10000,learned,2,35,multi_news,Summarization,157,9a80a9ec70584025030b77bd8d6e353068e24603ace24e3d,786,0-4k,28.08510590841105
learned_K2_V2_s35_step10000,learned,2,35,multi_news,Summarization,158,32350309f0cb915ff04aed26ed124c6533fe32573b42dd4b,1415,0-4k,37.15170228718765
learned_K2_V2_s35_step10000,learned,2,35,multi_news,Summarization,159,02e1d734c124cef47910e78c1784c8c451a0885276055930,2254,0-4k,19.095476900684336
learned_K2_V2_s35_step10000,learned,2,35,multi_news,Summarization,160,e614f7f571505896fb9a084fbb7fe96b749f84279cc1d950,1747,0-4k,17.275747017582603
learned_K2_V2_s35_step10000,learned,2,35,multi_news,Summarization,161,7cfbf30e1e4868105c5d5811d44da6d52e6af6b817f0363b,1537,0-4k,24.218749503051768
learned_K2_V2_s35_step10000,learned,2,35,multi_news,Summarization,162,63f4c2e72fd6baa9fb876bb07b7012f7a8f5c09a6675e55c,1828,0-4k,24.584717108906094
learned_K2_V2_s35_step10000,learned,2,35,multi_news,Summarization,163,960c867d6719e64b9122425a82fded0e8880b792947c9407,3836,0-4k,28.654970263123698
learned_K2_V2_s35_step10000,learned,2,35,multi_news,Summarization,164,00b5ebc7a259107bbfa5817da07bde0fa0ec3fad53ef8d30,875,0-4k,34.55149451785301
learned_K2_V2_s35_step10000,learned,2,35,multi_news,Summarization,165,2b546dd84546fb7869ae365a555d0515d8b196f879670813,1995,0-4k,32.294617063935995
learned_K2_V2_s35_step10000,learned,2,35,multi_news,Summarization,166,e67008dd5afa06246bb5871bc99578da12bec422c6f04932,1212,0-4k,34.68634636461922
learned_K2_V2_s35_step10000,learned,2,35,multi_news,Summarization,167,d30be80c0ac46bf18e40be8f115604ca446a1e7680d6ddef,1067,0-4k,25.203251560314634
learned_K2_V2_s35_step10000,learned,2,35,multi_news,Summarization,168,8fcab0ef4e02147eb2cb3ac99b3023dfe9db11b3f3fe68d1,1042,0-4k,29.875518174136122
learned_K2_V2_s35_step10000,learned,2,35,multi_news,Summarization,169,604c0b723e4c77d2814cae6b70f452e09711db9412c90869,682,0-4k,25.988700086820526
learned_K2_V2_s35_step10000,learned,2,35,multi_news,Summarization,170,32ad84c5a1c78671e7a47697f0efb8dbb89950488e273e13,1346,0-4k,23.794211724279123
learned_K2_V2_s35_step10000,learned,2,35,multi_news,Summarization,171,b098061a149726a9be0bb34d5f72548ba9df5aab9608c344,2184,0-4k,24.83221430113509
learned_K2_V2_s35_step10000,learned,2,35,multi_news,Summarization,172,16a2f856042ce42ee1ecefe6b73868e858ef0f93c7164a93,827,0-4k,24.489795426372353
learned_K2_V2_s35_step10000,learned,2,35,multi_news,Summarization,173,896ac529049c799018f04d0e8498d7a88ffb6d5ebfe334b9,1655,0-4k,34.19354791259106
learned_K2_V2_s35_step10000,learned,2,35,multi_news,Summarization,174,517d590c630dd425aca22990641cd6d3a0633596e7eb9b8e,1393,0-4k,24.60567775195296
learned_K2_V2_s35_step10000,learned,2,35,multi_news,Summarization,175,67411d502fad1746554e177dac9bda7b3fbbf22ee9040ac4,1594,0-4k,20.92050159226905
learned_K2_V2_s35_step10000,learned,2,35,multi_news,Summarization,176,cde1b291ab8ec7aea147dfb03144af2cf42f0febadd89ea7,1188,0-4k,19.86301321702009
learned_K2_V2_s35_step10000,learned,2,35,multi_news,Summarization,177,4a14994bceab965b7070de143a561309499b57c1a1fcd1ab,1365,0-4k,21.40468177438732
learned_K2_V2_s35_step10000,learned,2,35,multi_news,Summarization,178,7d455b3437ab0d3ca49a258878db1a3bbba5d7788a9f496b,1931,0-4k,21.656050455434308
learned_K2_V2_s35_step10000,learned,2,35,multi_news,Summarization,179,1a3aae0f474e588f3121889de2dd78aee5aa2291944d2a7e,1236,0-4k,34.21052581656856
learned_K2_V2_s35_step10000,learned,2,35,multi_news,Summarization,180,2346492191f355edebe4d225675fc41eba732cfb40eafb06,3727,0-4k,23.717948223886438
learned_K2_V2_s35_step10000,learned,2,35,multi_news,Summarization,181,29e70d6cc78b4178681b654108953ce8ea90ff6f069d160f,1465,0-4k,26.461537964042613
learned_K2_V2_s35_step10000,learned,2,35,multi_news,Summarization,182,183d3bfe46647cd7ab69bd3de79e9e6edee9e4f5fbbb565d,1484,0-4k,29.677418855359004
learned_K2_V2_s35_step10000,learned,2,35,multi_news,Summarization,183,deb8f47ca915204f3d51aebff28bb1d47f54bc587c46e618,2600,0-4k,24.358973859303102
learned_K2_V2_s35_step10000,learned,2,35,multi_news,Summarization,184,8d81e972c4b7b8b46086d8e4b71001781506aeb0578c8e68,2091,0-4k,33.56164334162132
learned_K2_V2_s35_step10000,learned,2,35,multi_news,Summarization,185,790a06df133bed221bf60fed6fdbff58ddf3755c1b795991,3608,0-4k,21.234567411845763
learned_K2_V2_s35_step10000,learned,2,35,multi_news,Summarization,186,87bddfc509607ad666d144d18ab35ae277eac05a10771fc9,1203,0-4k,34.090908596533524
learned_K2_V2_s35_step10000,learned,2,35,multi_news,Summarization,187,cb7da78da0b824d72fa0aad8d6d586da50252635c871518f,1541,0-4k,33.73493925948977
learned_K2_V2_s35_step10000,learned,2,35,multi_news,Summarization,188,a888a9938ab8858b8f2c1c1c46da57a1bb2932d4bb2cd9b3,2070,0-4k,33.048432570060314
learned_K2_V2_s35_step10000,learned,2,35,multi_news,Summarization,189,062c9939593b01ca67c73f59d496ee3a329a32ad6788b96f,1921,0-4k,16.901407950739948
learned_K2_V2_s35_step10000,learned,2,35,multi_news,Summarization,190,bad1e3a60dbc532a3c829bc6d719d48e7746e0096f668c38,1264,0-4k,45.353159353298054
learned_K2_V2_s35_step10000,learned,2,35,multi_news,Summarization,191,e320a87fff1f9cfe0fd5e1e987f762887cd4f32960122614,2076,0-4k,25.668448698218434
learned_K2_V2_s35_step10000,learned,2,35,multi_news,Summarization,192,650718d3c4e464de14b8558a130b934583bfd70b6df88a1f,1397,0-4k,31.09540587666222
learned_K2_V2_s35_step10000,learned,2,35,multi_news,Summarization,193,85fb841bcfd0896e05d89ff445cc59c694832e8c3b06b60e,716,0-4k,27.16049332717955
learned_K2_V2_s35_step10000,learned,2,35,multi_news,Summarization,194,2a72476f253ea0db253c6e12af5714c984b0ab77547be2e9,2030,0-4k,22.8260864681002
learned_K2_V2_s35_step10000,learned,2,35,multi_news,Summarization,195,df0b3cb31b4c78e6a101a0f3931023704055282bffb56c91,1409,0-4k,27.586206407405594
learned_K2_V2_s35_step10000,learned,2,35,multi_news,Summarization,196,fcf426010aa777afc5b37ea3c7ae03b2499938e4f1355f3b,790,0-4k,16.597509880683887
learned_K2_V2_s35_step10000,learned,2,35,multi_news,Summarization,197,1c30a0d93cd2b0aa5c6b8de620a54202192352c44ff775ce,2360,0-4k,30.58103925591748
learned_K2_V2_s35_step10000,learned,2,35,multi_news,Summarization,198,1f080355f909b1c7ef74d2cffc643736903edcab65b66505,2661,0-4k,23.323614677217837
learned_K2_V2_s35_step10000,learned,2,35,multi_news,Summarization,199,6dd06d4eee78cfbf3ce2fe6413c681ad6937079daf8a7169,310,0-4k,30.057802975575537
learned_K2_V2_s35_step10000,learned,2,35,vcsum,Summarization,0,240e3ec8f40837591cb0cb5d70a1e0e66e8c29161261c2fe,8812,8k+,21.428570943617252
learned_K2_V2_s35_step10000,learned,2,35,vcsum,Summarization,1,a4c90eb30987e47fe545929e9ab42ff0ef2762a8012ef992,13346,8k+,20.994474663777066
learned_K2_V2_s35_step10000,learned,2,35,vcsum,Summarization,2,862ba919b23e461cf3d8be7987a2ba82fceb5f7d13ab0f43,28977,8k+,19.847327757123722
learned_K2_V2_s35_step10000,learned,2,35,vcsum,Summarization,3,3e36b2fa83387faeada66af97e191e6a41505a80f2e2713d,8929,8k+,12.499999535278334
learned_K2_V2_s35_step10000,learned,2,35,vcsum,Summarization,4,28fb89a2dcd0cd0162bd82e8e56dc2a3c41dec9f238193e5,10244,8k+,21.31147491843592
learned_K2_V2_s35_step10000,learned,2,35,vcsum,Summarization,5,e8c9ed3f06f81f5b9fa57010105d9f19edcda334f459f03a,7833,4-8k,12.765956954076776
learned_K2_V2_s35_step10000,learned,2,35,vcsum,Summarization,6,595b6b844dccfca88626bc4cb40ef6de83dc9ea31bdb3a29,16229,8k+,14.285713846686837
learned_K2_V2_s35_step10000,learned,2,35,vcsum,Summarization,7,9a6949b14fd2409451adc4a03ffb8798ae157ac1d5c20ed0,11208,8k+,15.384614884944133
learned_K2_V2_s35_step10000,learned,2,35,vcsum,Summarization,8,d12a4f40ab71e49d70c9ff856982b17f8d7c6a810f61008f,8365,8k+,14.444443964444458
learned_K2_V2_s35_step10000,learned,2,35,vcsum,Summarization,9,f451b3e14cd86fe58243acb14ed5a8922ea50f1696c1552c,15422,8k+,16.260162119109008
learned_K2_V2_s35_step10000,learned,2,35,vcsum,Summarization,10,7bb07729c1929e82d1c04d938e6724b4349a5d7c2b193238,12448,8k+,14.723925918476436
learned_K2_V2_s35_step10000,learned,2,35,vcsum,Summarization,11,88780a9637400b7f09e20bd0b2215af2ce30ce0144f47720,11414,8k+,17.46031696082138
learned_K2_V2_s35_step10000,learned,2,35,vcsum,Summarization,12,a5b72336c61613f23431f973b93fc34b0f04bcfcd0dfbe33,10213,8k+,28.282827782879306
learned_K2_V2_s35_step10000,learned,2,35,vcsum,Summarization,13,a96087a0f28e59c0d37a3181b5d48a9b27cf23a2bc5f3445,12963,8k+,13.756613273760552
learned_K2_V2_s35_step10000,learned,2,35,vcsum,Summarization,14,7b0c8560f654ad36cf0deadd5729885dab625e82e869a390,16533,8k+,14.598539648143232
learned_K2_V2_s35_step10000,learned,2,35,vcsum,Summarization,15,5c104bb8a3d8dc2c9279098e2ca7cb99b4b128783bddb600,29073,8k+,18.30065311273443
learned_K2_V2_s35_step10000,learned,2,35,vcsum,Summarization,16,e34c6203ee108243a421268799585d2a0ca55e4f7fad3d7d,13593,8k+,16.17647009904846
learned_K2_V2_s35_step10000,learned,2,35,vcsum,Summarization,17,2c4077eb11935b7a17091fc0cc696adaa7e2564ef0192db9,5797,4-8k,24.705881883460215
learned_K2_V2_s35_step10000,learned,2,35,vcsum,Summarization,18,812c4292785990f822183d62a8e07c82a1434deb2a99880a,14537,8k+,21.917807764589988
learned_K2_V2_s35_step10000,learned,2,35,vcsum,Summarization,19,670ae14f3ba555804fb4eca7f7c576cae43022fc9fb7968e,3426,0-4k,18.42105218144045
learned_K2_V2_s35_step10000,learned,2,35,vcsum,Summarization,20,04577c48b20bdc20b9ddb6f8c6a7d74ac36801650977969f,20177,8k+,20.75471648558207
learned_K2_V2_s35_step10000,learned,2,35,vcsum,Summarization,21,4188b1e1feb81baca034ef7a971fe9c66046963ad7b75d84,36112,8k+,19.718309371156533
learned_K2_V2_s35_step10000,learned,2,35,vcsum,Summarization,22,9c12d8cd36f976240ee689d4ec2490de72c281415f696a40,5130,4-8k,13.740457521822755
learned_K2_V2_s35_step10000,learned,2,35,vcsum,Summarization,23,33c036ee858e35bac46911c666cf5106b36d42d19ae0c676,4794,4-8k,16.80672218995835
learned_K2_V2_s35_step10000,learned,2,35,vcsum,Summarization,24,f23b95142a547a8500dbc6d2ee9408ce9b1117c02a600343,33228,8k+,12.162161780496724
learned_K2_V2_s35_step10000,learned,2,35,vcsum,Summarization,25,1c3b81f8f526e4ae797759051479b13b60506feb07d93885,27381,8k+,8.275861757336516
learned_K2_V2_s35_step10000,learned,2,35,vcsum,Summarization,26,d98eeb4b7b84e6839f44ed065a9e872f0470d57e1e49ad90,11833,8k+,20.15503832053363
learned_K2_V2_s35_step10000,learned,2,35,vcsum,Summarization,27,4efb81a8ec3893d358f61480d988cc7bfdde24067d04f278,29925,8k+,8.888888679945136
learned_K2_V2_s35_step10000,learned,2,35,vcsum,Summarization,28,37b52b3c0585ef3553c2cd1925be0f3a4d3d5a80bdfe147f,2606,0-4k,14.492753128334401
learned_K2_V2_s35_step10000,learned,2,35,vcsum,Summarization,29,25735a8cabfa18a06838fd1b059453cc87b6e26ea465c203,15733,8k+,12.698412198916625
learned_K2_V2_s35_step10000,learned,2,35,vcsum,Summarization,30,8393878e8c0471d17c2df0c22907d2111b80a1105ec861d5,31547,8k+,14.193548051945898
learned_K2_V2_s35_step10000,learned,2,35,vcsum,Summarization,31,162788b7202ca1cb341689cda72d00a4a046af40718227ac,11556,8k+,9.160304974302212
learned_K2_V2_s35_step10000,learned,2,35,vcsum,Summarization,32,861c61ecc21b528158a36db6364046e1e46ccf862e7d8454,10556,8k+,18.064515675005214
learned_K2_V2_s35_step10000,learned,2,35,vcsum,Summarization,33,fa49b4583195592de8f5f004cd7454b0177d902941355aa9,21335,8k+,16.666666214569172
learned_K2_V2_s35_step10000,learned,2,35,vcsum,Summarization,34,e564c4baeec6a7d3c9fcc327fccbc4e415dc3116c90db277,35017,8k+,12.765957095920738
learned_K2_V2_s35_step10000,learned,2,35,vcsum,Summarization,35,74a0f57b585597dd676b3330a5427650fda599ff1f29487c,17404,8k+,15.116278587074108
learned_K2_V2_s35_step10000,learned,2,35,vcsum,Summarization,36,426797f1079dac3e9c4885f2e90fcc596a9f66627e91326d,10097,8k+,18.03278642407956
learned_K2_V2_s35_step10000,learned,2,35,vcsum,Summarization,37,010af761fc833349d1e232ee3ba1269bf288f371f06aafaf,13207,8k+,14.102563686719275
learned_K2_V2_s35_step10000,learned,2,35,vcsum,Summarization,38,bca8021253bf1d4dd122ee3c2485d35d4bb443f2169e762b,10118,8k+,23.853210539853553
learned_K2_V2_s35_step10000,learned,2,35,vcsum,Summarization,39,02577493310fd4fbdbf5b9bcfa3a12d511a474d2000c78e7,13691,8k+,18.279569417967405
learned_K2_V2_s35_step10000,learned,2,35,vcsum,Summarization,40,0c99db6d59964424eb2ba16665b243445d4121f17d134cf2,13290,8k+,23.84105913951143
learned_K2_V2_s35_step10000,learned,2,35,vcsum,Summarization,41,9b060f145a827d43157b40e8f27b2b7b48a2344d7be020cf,28885,8k+,15.384614907443947
learned_K2_V2_s35_step10000,learned,2,35,vcsum,Summarization,42,290f1365b04da44ae8ee512658b4638bc7590e8ded317134,27046,8k+,14.66666624666668
learned_K2_V2_s35_step10000,learned,2,35,vcsum,Summarization,43,f7ced3a9e977c2d1e9524e37a95d8ab14369a0ce1afcb221,7913,4-8k,24.528301391242447
learned_K2_V2_s35_step10000,learned,2,35,vcsum,Summarization,44,47fa8b64f9bb35d44f03c25f1f6925849cf52218485c3115,27985,8k+,16.90140803997224
learned_K2_V2_s35_step10000,learned,2,35,vcsum,Summarization,45,d62ff28409ce06480c043fba51a5ea9f672d4fe18068ec65,19935,8k+,23.80952331526362
learned_K2_V2_s35_step10000,learned,2,35,vcsum,Summarization,46,87f653fffdfd9e319f2737e3ccaf077db60076b221a96234,4576,4-8k,16.981131605553593
learned_K2_V2_s35_step10000,learned,2,35,vcsum,Summarization,47,9396f3e11c00514f980ba5cffca589e2dc16f61d1558849a,12442,8k+,15.217390807242456
learned_K2_V2_s35_step10000,learned,2,35,vcsum,Summarization,48,72dd0de7e7579873f923c74c91475dd73fd6ea8bcc47a6c4,12966,8k+,16.216215725346984
learned_K2_V2_s35_step10000,learned,2,35,vcsum,Summarization,49,bc834a7939bf4ea4a0a9b1e323e5600134e3196f470b9f6e,17014,8k+,13.930347769114643
learned_K2_V2_s35_step10000,learned,2,35,vcsum,Summarization,50,55cd6abd3d26b9d778c2adb46103bde718d32eea3365393c,14824,8k+,18.07228869502106
learned_K2_V2_s35_step10000,learned,2,35,vcsum,Summarization,51,5f509ba7bb41386774466b75ba5839fad70b429b49b55d7f,9545,8k+,17.977527590455765
learned_K2_V2_s35_step10000,learned,2,35,vcsum,Summarization,52,6dedb428f89fca51655313e105f3a287191314707499d7b3,9805,8k+,14.72392588354851
learned_K2_V2_s35_step10000,learned,2,35,vcsum,Summarization,53,2f01297bc699882ba8be8eec38edb83dd758b6b334257643,16523,8k+,12.903225309968802
learned_K2_V2_s35_step10000,learned,2,35,vcsum,Summarization,54,eb7d621c3f04e76faba78fe0c84d1b44c5da7533ecbdcd4e,30798,8k+,15.89403924669972
learned_K2_V2_s35_step10000,learned,2,35,vcsum,Summarization,55,f3cdaa783756075792dfd7b0d178015e4e99338e511c8e37,10823,8k+,22.388059212630885
learned_K2_V2_s35_step10000,learned,2,35,vcsum,Summarization,56,a2d90d1a9e4e5657cf81a26f0f4390e2dbbb813611c90e98,12859,8k+,14.399999530752016
learned_K2_V2_s35_step10000,learned,2,35,vcsum,Summarization,57,f22343f66da6d8cc0ad79fc7aa1c93e2e1e85ef8dffd2f67,30735,8k+,15.384614889238179
learned_K2_V2_s35_step10000,learned,2,35,vcsum,Summarization,58,424841d6a0d119e6ed7b00c4d2a1f9757e698224015d32e4,9738,8k+,16.969696517465575
learned_K2_V2_s35_step10000,learned,2,35,vcsum,Summarization,59,5de842222948300c8cf03d28f8e48fc38696709a80b947ef,9425,8k+,16.666666166858914
learned_K2_V2_s35_step10000,learned,2,35,vcsum,Summarization,60,a6e2e2307372d399cca0feff7d7eeba9457d52c718d8f731,1248,0-4k,8.547008060194344
learned_K2_V2_s35_step10000,learned,2,35,vcsum,Summarization,61,8c9b13117efaf8e9064f2b1b1f538b3b5a229bd6d8a9f475,11522,8k+,9.815950473107778
learned_K2_V2_s35_step10000,learned,2,35,vcsum,Summarization,62,344c42a5d84fd1c0ae9832334417992dab1391b32fd5b1f9,8163,8k+,17.449663945948394
learned_K2_V2_s35_step10000,learned,2,35,vcsum,Summarization,63,88245f91dd0f2d8d0452ad3149c6cad4f813f580f26ddb7d,16633,8k+,11.510790997360399
learned_K2_V2_s35_step10000,learned,2,35,vcsum,Summarization,64,3ae8da2530a141958620541452b5c469ac99d9da33dcb755,14421,8k+,19.047618622796065
learned_K2_V2_s35_step10000,learned,2,35,vcsum,Summarization,65,f3cee13c2e7c1f4645db048f88006883faefd442532ef79e,8433,8k+,10.126581894167616
learned_K2_V2_s35_step10000,learned,2,35,vcsum,Summarization,66,7fec27d03657942695e8e280241ebe2d9336947960a4a9f1,17028,8k+,19.047618572816894
learned_K2_V2_s35_step10000,learned,2,35,vcsum,Summarization,67,3822120691cd0a50ecb1e59c3425d6a618af32de75a2ea37,18194,8k+,11.764705441706111
learned_K2_V2_s35_step10000,learned,2,35,vcsum,Summarization,68,e8b72b01f76f5cb758ff7c3614d7960e9ea7db48bf91e33e,40205,8k+,15.384614916555986
learned_K2_V2_s35_step10000,learned,2,35,vcsum,Summarization,69,2ce1e0f6ad06df5254a122725c83fe34904b58a5847b7bc5,26949,8k+,15.65217341338376
learned_K2_V2_s35_step10000,learned,2,35,vcsum,Summarization,70,e6070b4e3f60547b8a6ce6361401a28cde70d023eb657f0d,16127,8k+,22.448979095168692
learned_K2_V2_s35_step10000,learned,2,35,vcsum,Summarization,71,c1782bd4952a037eb6b77afd371a1db84bee98311996c442,10473,8k+,22.580644674297616
learned_K2_V2_s35_step10000,learned,2,35,vcsum,Summarization,72,1b6a647884c37762cfd049856c7050b17826ff0bfe8df528,12453,8k+,13.636363213957772
learned_K2_V2_s35_step10000,learned,2,35,vcsum,Summarization,73,350dd3da5fc5a60c1c77dc2fa45fe6618599500d1414d32f,6202,4-8k,20.27026986376918
learned_K2_V2_s35_step10000,learned,2,35,vcsum,Summarization,74,be13f052d08b6ffff37b04db6477e93b7c5862d257b97a16,12663,8k+,18.46153797857989
learned_K2_V2_s35_step10000,learned,2,35,vcsum,Summarization,75,84dd9dc3dc8c784a0236d98c50b28b1c65de5e2e249cd4ea,28606,8k+,18.80341831660459
learned_K2_V2_s35_step10000,learned,2,35,vcsum,Summarization,76,e8832c844b92587b7534a5b115839a8c0d37522be35613b7,8111,8k+,20.512820024654843
learned_K2_V2_s35_step10000,learned,2,35,vcsum,Summarization,77,d7fb6bf39f227fae5cccdc3bda85518e98ddd967ec2bfd07,27498,8k+,17.3076918550296
learned_K2_V2_s35_step10000,learned,2,35,vcsum,Summarization,78,10e70e27487fb171e36c424d3b5185d696e291e5a126581f,21171,8k+,14.965985895691627
learned_K2_V2_s35_step10000,learned,2,35,vcsum,Summarization,79,c843695a326d8effc85ac88c5d53cd489c3c4442b5523a25,6372,4-8k,15.094339180313293
learned_K2_V2_s35_step10000,learned,2,35,vcsum,Summarization,80,730c175f43355e360ab5defacc58e759961133d4968c1f4a,10385,8k+,10.169491029014676
learned_K2_V2_s35_step10000,learned,2,35,vcsum,Summarization,81,c09b5bb530096fc69175db872ab72008426cc95168195ebf,14125,8k+,24.299065008996426
learned_K2_V2_s35_step10000,learned,2,35,vcsum,Summarization,82,669c7f5a461177c3a0ef6e742a1f9e0272fcf3905bff0030,16310,8k+,13.186812695507808
learned_K2_V2_s35_step10000,learned,2,35,vcsum,Summarization,83,3abd9bfd034a18a3e1fbee751bbb75e11ad79c1383533bf9,8552,8k+,14.814814314842264
learned_K2_V2_s35_step10000,learned,2,35,vcsum,Summarization,84,13e72990d93ff7a66f93de4933f18903c0cca5036f2e6daa,24754,8k+,9.929077601730313
learned_K2_V2_s35_step10000,learned,2,35,vcsum,Summarization,85,cd8b892af878b20ff2d8518874812bd85abd76a87faf40e0,26093,8k+,17.20430062059199
learned_K2_V2_s35_step10000,learned,2,35,vcsum,Summarization,86,f5ac420435a53c6bb5844b0b4d9de0a20a4cd2bc370adaa1,8941,8k+,15.999999504718385
learned_K2_V2_s35_step10000,learned,2,35,vcsum,Summarization,87,55ca48e1585b5cb385a76ff9de5b800983750fb56dd3b63c,17157,8k+,4.395603900495166
learned_K2_V2_s35_step10000,learned,2,35,vcsum,Summarization,88,eb127ceeb0fa22f16ede23e30329e40fb6129bffa87f2ec6,10198,8k+,11.042944313899678
learned_K2_V2_s35_step10000,learned,2,35,vcsum,Summarization,89,3bc5dc69539d70453519054888e8d01ad4aa6dca0699e056,15751,8k+,10.526315424048857
learned_K2_V2_s35_step10000,learned,2,35,vcsum,Summarization,90,bc280f86c897e0e90d6fdc5fcc3506e60031282fa1331025,20776,8k+,24.390243421475322
learned_K2_V2_s35_step10000,learned,2,35,vcsum,Summarization,91,d181e7f9e55653002e2fdc205bc4c073192ca1c8dd7425ba,8227,8k+,15.204677881194229
learned_K2_V2_s35_step10000,learned,2,35,vcsum,Summarization,92,779542b02600fc06d392ecd1fe72d15f0ef6a82bdf99eedb,15327,8k+,12.182740619650103
learned_K2_V2_s35_step10000,learned,2,35,vcsum,Summarization,93,25f80df7fe3b9ddcb7c9b735e4a4f693bd2db98f6da2a5d9,12684,8k+,14.516128554240392
learned_K2_V2_s35_step10000,learned,2,35,vcsum,Summarization,94,837aefcec283e7058bb3a5cd3cd7a8b7a1c5622406791927,9515,8k+,23.129251212920554
learned_K2_V2_s35_step10000,learned,2,35,vcsum,Summarization,95,49b70a1b63bd6e102d434609d37a1b3789c757734f244ad1,13981,8k+,16.249999525312518
learned_K2_V2_s35_step10000,learned,2,35,vcsum,Summarization,96,d8923df18e3d96fe304550d790ce4e0893db411302ee4e5c,12106,8k+,14.070351259816688
learned_K2_V2_s35_step10000,learned,2,35,vcsum,Summarization,97,4fb129389522bd01346dfea771257990843e78cd947010ac,13548,8k+,15.827337681900536
learned_K2_V2_s35_step10000,learned,2,35,vcsum,Summarization,98,ee8daa3c03bd4af4bb07239c7df192513c2333a60a618062,12396,8k+,17.61006239879753
learned_K2_V2_s35_step10000,learned,2,35,vcsum,Summarization,99,76709065708deb23c354ed4d8e82c51d13690a8e14b8f997,16647,8k+,3.960395721988066
learned_K2_V2_s35_step10000,learned,2,35,vcsum,Summarization,100,197d4a9a74918578c86b6503133d2d796110146d7844eb3b,25985,8k+,15.172413337074925
learned_K2_V2_s35_step10000,learned,2,35,vcsum,Summarization,101,94c550977b2d463d2484fb6b30546ac80bf7e79bcb5a687a,6671,4-8k,26.771653062682134
learned_K2_V2_s35_step10000,learned,2,35,vcsum,Summarization,102,72c43702c2233cbfb440a816a6bc946567ce471e52530a0b,18729,8k+,21.739129990338174
learned_K2_V2_s35_step10000,learned,2,35,vcsum,Summarization,103,d1c4e9b3165991649cee9d1763b0d036d18e17cbaa7d6d2c,40213,8k+,18.604650664262977
learned_K2_V2_s35_step10000,learned,2,35,vcsum,Summarization,104,ee412a4827b8a22e360d9974fce53879cca5dfdbb32485a3,17108,8k+,15.172413350202152
learned_K2_V2_s35_step10000,learned,2,35,vcsum,Summarization,105,2ad1e8f47e956856d71b0c3223f796d4de730ce46f7bbadf,4523,4-8k,22.222221741731456
learned_K2_V2_s35_step10000,learned,2,35,vcsum,Summarization,106,35c4df0f43a705ca007bf37f50cd776defcd2230b2cb9b99,22672,8k+,11.235954558452239
learned_K2_V2_s35_step10000,learned,2,35,vcsum,Summarization,107,80db22623b7c86dec9c6874a91fb9612637022c970d57321,13913,8k+,19.354838211363173
learned_K2_V2_s35_step10000,learned,2,35,vcsum,Summarization,108,df3e5609c90d005be658424c07eb26e84a9eda20ca24742d,15355,8k+,13.698629637830754
learned_K2_V2_s35_step10000,learned,2,35,vcsum,Summarization,109,d9fedf0372366ac6f9e9f5b29d584fc36c32d2445927f2d0,5660,4-8k,16.79389264028904
learned_K2_V2_s35_step10000,learned,2,35,vcsum,Summarization,110,e68a879dcd649e98db9e1a6682b02919a02a1f45e2d87c54,8297,8k+,17.999999500050016
learned_K2_V2_s35_step10000,learned,2,35,vcsum,Summarization,111,c60d3e6fa94f837cbc92b2ddfcb27ee85b25d0e2986fbc04,19951,8k+,11.68831125923429
learned_K2_V2_s35_step10000,learned,2,35,vcsum,Summarization,112,3d6622d74bb9495202b8238b8f8317376359e196dbe2aaff,4812,4-8k,19.99999950395063
learned_K2_V2_s35_step10000,learned,2,35,vcsum,Summarization,113,875f0d58563e09541c15ee0d2c54e83e71188b16b16e0f5a,7892,4-8k,22.580644682159797
learned_K2_V2_s35_step10000,learned,2,35,vcsum,Summarization,114,82b9408510faf7d076abcfc6f1c85fffb5d72ce4999e55bc,18834,8k+,16.806722199279726
learned_K2_V2_s35_step10000,learned,2,35,vcsum,Summarization,115,f6f5300c7cc4858d0687ec08e6990cbf9f22f70d7b042fa9,10493,8k+,13.422818346020465
learned_K2_V2_s35_step10000,learned,2,35,vcsum,Summarization,116,9f9892bfac8e19ae6a5aad9217ca265f732bcd0cb377ebc5,6052,4-8k,13.888888420138903
learned_K2_V2_s35_step10000,learned,2,35,vcsum,Summarization,117,44b1bef76994ba6a322a6e8bfed927e56aa2f9e3a9565e58,4711,4-8k,19.178081725652106
learned_K2_V2_s35_step10000,learned,2,35,vcsum,Summarization,118,0bc52dd2940d52a26e8d3a6eb7bb8fdc847b38b53f4755a0,9711,8k+,16.4705877364014
learned_K2_V2_s35_step10000,learned,2,35,vcsum,Summarization,119,9a0e04df6b596d54ee680cc5ac509c30d0766f4ee9a570b1,19657,8k+,14.942528264764185
learned_K2_V2_s35_step10000,learned,2,35,vcsum,Summarization,120,aa99541925c6ea2e83c37c4a343e49319553020a46f5aeb7,14721,8k+,17.05426311639927
learned_K2_V2_s35_step10000,learned,2,35,vcsum,Summarization,121,d8d0e60356ed98abe48d68005da12bd96393a01f67aba4a7,4413,4-8k,18.05555505555557
learned_K2_V2_s35_step10000,learned,2,35,vcsum,Summarization,122,ab8bc045fe79a83fa3b0d930e611a9230700af3a4d4bdd4f,13154,8k+,16.999999500800016
learned_K2_V2_s35_step10000,learned,2,35,vcsum,Summarization,123,382f257443a811d86e6573a89570a029682e9f4ca1d0cdc8,20124,8k+,11.111110675201967
learned_K2_V2_s35_step10000,learned,2,35,vcsum,Summarization,124,2777d0673935b8e01c7bcbe394b20d39bcca0f67653c8ee9,16517,8k+,15.053762950630144
learned_K2_V2_s35_step10000,learned,2,35,vcsum,Summarization,125,5099f4c614d881c82ef56f78ffbe3c9e8927be7006a9b83f,17900,8k+,15.028901288382517
learned_K2_V2_s35_step10000,learned,2,35,vcsum,Summarization,126,a567cc554c822f7341589fa89bb89eb47a181f53b678f294,13522,8k+,14.20118293239034
learned_K2_V2_s35_step10000,learned,2,35,vcsum,Summarization,127,28dc0227a221c4adf3da26b9e6a3f4730622b2ec3e18c5ca,12163,8k+,19.161676150740444
learned_K2_V2_s35_step10000,learned,2,35,vcsum,Summarization,128,7d97eb830302c5dc7e5a9c61cf9a631d3263983269e9b21f,11310,8k+,22.222221726354462
learned_K2_V2_s35_step10000,learned,2,35,vcsum,Summarization,129,dcfb14ec8cd4103783cfb2b5f26146f842acfae7bdc456ef,9879,8k+,18.543045902021852
learned_K2_V2_s35_step10000,learned,2,35,vcsum,Summarization,130,56cbe163e8729daa9fc892dc4186195ff0f8427ed5785e16,13285,8k+,16.66666617209203
learned_K2_V2_s35_step10000,learned,2,35,vcsum,Summarization,131,b8e16eba12e061d261859e6e878d095bc0d6508b0d8681df,4541,4-8k,27.419354426638918
learned_K2_V2_s35_step10000,learned,2,35,vcsum,Summarization,132,2bd6d71cf1a906aa1cce01509a95368d8dda325086001ac2,9291,8k+,24.210525828254855
learned_K2_V2_s35_step10000,learned,2,35,vcsum,Summarization,133,37c933112f4ff660006d2b11473cfa2976f52c1b1994f354,17162,8k+,14.201182941213562
learned_K2_V2_s35_step10000,learned,2,35,vcsum,Summarization,134,2932e817072df6c662317d2e65aab2a81ffebf57f16f02c3,25034,8k+,20.143884508255272
learned_K2_V2_s35_step10000,learned,2,35,vcsum,Summarization,135,429187f32d3036db14623e67f0486b7b1bacf32a1c687cc1,5260,4-8k,24.489795446712023
learned_K2_V2_s35_step10000,learned,2,35,vcsum,Summarization,136,0656948d2a4696a742d2fce0685672bfc5e4ac3e58d70f8d,7279,4-8k,30.87248272258007
learned_K2_V2_s35_step10000,learned,2,35,vcsum,Summarization,137,c044be447573a8e2fe10f35d6250e8f5dec8abe1f4a6ddc2,9698,8k+,16.949152049411104
learned_K2_V2_s35_step10000,learned,2,35,vcsum,Summarization,138,5293feb32109830ecb9825328f426b02561d9ac33897604c,18982,8k+,16.41790994820674
learned_K2_V2_s35_step10000,learned,2,35,vcsum,Summarization,139,7873d5d876674492f82b8e51bd3f3db6901e297f23032eb3,4244,4-8k,16.216215725346984
learned_K2_V2_s35_step10000,learned,2,35,vcsum,Summarization,140,b603d189896de5fa2ada13cb35ecb57bfcfd16a060835085,14014,8k+,21.333332893422234
learned_K2_V2_s35_step10000,learned,2,35,vcsum,Summarization,141,b70f665c441ad32f8c26dd1d47ffdb8036cdca2923f6b1d2,4119,4-8k,27.27272677918389
learned_K2_V2_s35_step10000,learned,2,35,vcsum,Summarization,142,1a92d66a8ae5b013d89983b587c214464f0b9864c473aeee,29063,8k+,15.75757526288339
learned_K2_V2_s35_step10000,learned,2,35,vcsum,Summarization,143,2bb1581d59cedc69f89e23f7ac25f86e6e3be8eb31c875d7,14583,8k+,19.858155559177114
learned_K2_V2_s35_step10000,learned,2,35,vcsum,Summarization,144,b8e5a96f39b3334a2120b2dd50af4ba08d11c3e523cf263e,26299,8k+,16.091953526225407
learned_K2_V2_s35_step10000,learned,2,35,vcsum,Summarization,145,6b4614563e4e3f63f9245be9ca2de585016cec4bd29decd0,12429,8k+,11.764705507352954
learned_K2_V2_s35_step10000,learned,2,35,vcsum,Summarization,146,a39447b5a324ba259afbf8a3c4908bcd1d620f73b070e0ed,6946,4-8k,21.76870699319729
learned_K2_V2_s35_step10000,learned,2,35,vcsum,Summarization,147,2da302bb5141ada00b38c22fe0cffc7b4725d6796ff5a8ca,3586,0-4k,22.58064466412303
learned_K2_V2_s35_step10000,learned,2,35,vcsum,Summarization,148,77a920e032f9f8c8100936d3da4a73fd24c0934990720f59,29699,8k+,12.962962467249675
learned_K2_V2_s35_step10000,learned,2,35,vcsum,Summarization,149,12584ee0e2d11017b149401dda5fef0925d31b759e6c0720,20157,8k+,14.965986061733542
learned_K2_V2_s35_step10000,learned,2,35,vcsum,Summarization,150,8e09f90c24f89c10a9d643df01da6d0a24fcd2764cd91d4e,28577,8k+,10.25640988790271
learned_K2_V2_s35_step10000,learned,2,35,vcsum,Summarization,151,e6d79a4d84e0ad811fc98f6e9ce0b711cd46c4e539ecc10d,12504,8k+,16.867469428581806
learned_K2_V2_s35_step10000,learned,2,35,vcsum,Summarization,152,349434e92f78b6365a1aa1fbc80aea685c743f8b634fd983,33484,8k+,9.090908607438044
learned_K2_V2_s35_step10000,learned,2,35,vcsum,Summarization,153,dc8899c19c66545e529769950aa3ef9e0aa50635d1d0ba9c,25892,8k+,7.894736384002796
learned_K2_V2_s35_step10000,learned,2,35,vcsum,Summarization,154,5b4cacddcc8cc2041d9f21076e50174dd877874f325083c5,16903,8k+,17.801046641265327
learned_K2_V2_s35_step10000,learned,2,35,vcsum,Summarization,155,572dea029069126cbe16e0ff0e9daf01680b086e2bdc1a13,24106,8k+,12.643677666270332
learned_K2_V2_s35_step10000,learned,2,35,vcsum,Summarization,156,36976b487b847619294a5a980efe19ce97c1aee30b1a179e,4778,4-8k,11.627906489994611
learned_K2_V2_s35_step10000,learned,2,35,vcsum,Summarization,157,e0e0164a047c00c8c64632f2fc4988ea96ed2dfe25ee99c6,14854,8k+,10.752687702624602
learned_K2_V2_s35_step10000,learned,2,35,vcsum,Summarization,158,30819e195f7347413e2d65eaa8e82835bd256921a2830212,22899,8k+,10.752687679038063
learned_K2_V2_s35_step10000,learned,2,35,vcsum,Summarization,159,aa785bb88c46dde8c849babb103d2e782d202ca2459003cb,19646,8k+,15.555555067654335
learned_K2_V2_s35_step10000,learned,2,35,vcsum,Summarization,160,1153a267c83b038c22f096aefc859ac73b79282e0132e66e,17585,8k+,19.653178711216558
learned_K2_V2_s35_step10000,learned,2,35,vcsum,Summarization,161,ca10f92fd361d5e82b957da40607cbf94925ba38372a83ea,11899,8k+,14.876032558705024
learned_K2_V2_s35_step10000,learned,2,35,vcsum,Summarization,162,14a2115039b3d9033f315a5d4af43f02ce48f3e5b8277e77,25610,8k+,29.230768778106516
learned_K2_V2_s35_step10000,learned,2,35,vcsum,Summarization,163,e2a9cc1203e15651dcedfd3f092ecc2042dff3ee5d37e71c,21411,8k+,14.598539709947268
learned_K2_V2_s35_step10000,learned,2,35,vcsum,Summarization,164,700668292b3c4e2fceaad3a845b12c4c113e562a34e0a78d,28606,8k+,18.378377902936464
learned_K2_V2_s35_step10000,learned,2,35,vcsum,Summarization,165,0515dbc5f415481ad2ac3a63531d3fe4e86f408c79ec5aa1,1851,0-4k,19.117646669550183
learned_K2_V2_s35_step10000,learned,2,35,vcsum,Summarization,166,60ff29aeea4ab42224b8153d03b5c388c0874634f9aeeed1,15563,8k+,17.333332856088898
learned_K2_V2_s35_step10000,learned,2,35,vcsum,Summarization,167,59efd9377dc22d34a16950f273e83b2cfef83fabc0061510,10727,8k+,15.094339127091509
learned_K2_V2_s35_step10000,learned,2,35,vcsum,Summarization,168,3492f25ee86f06799345279e6ecefed9b607931de5e07ab7,3733,0-4k,15.2542368024993
learned_K2_V2_s35_step10000,learned,2,35,vcsum,Summarization,169,a3804b7371ebc67fb5b9597f53894c8c24b6e57a056bf094,3463,0-4k,16.438355694783276
learned_K2_V2_s35_step10000,learned,2,35,vcsum,Summarization,170,9f3cab3ea2d57801076f7d19bc9a1767d03f58d745f99b83,17998,8k+,14.70588204368513
learned_K2_V2_s35_step10000,learned,2,35,vcsum,Summarization,171,92c7cd13589aa7fd88c41dc45bb916be8d9c8a55fb485323,4467,4-8k,19.402984577411463
learned_K2_V2_s35_step10000,learned,2,35,vcsum,Summarization,172,90d54873af68dab995acb56db8d2704bcaef16ab7d8b6016,5932,4-8k,19.108279767455084
learned_K2_V2_s35_step10000,learned,2,35,vcsum,Summarization,173,495a37368967cf6a9fa8feba59a00fcc83665ebfd196e65c,11980,8k+,11.023621610019237
learned_K2_V2_s35_step10000,learned,2,35,vcsum,Summarization,174,86ee13db3ddc39db1f3584249897b3899b5bd5e90dfa1b9f,15641,8k+,23.5294112777898
learned_K2_V2_s35_step10000,learned,2,35,vcsum,Summarization,175,83d4bf05e2353167ac9b7a03980058fae00ceeab0f0a1ca0,10749,8k+,20.9876538319616
learned_K2_V2_s35_step10000,learned,2,35,vcsum,Summarization,176,a5358872f637a10211671574de689e1c9d10d249eaf175f3,15549,8k+,18.181817689917366
learned_K2_V2_s35_step10000,learned,2,35,vcsum,Summarization,177,906d722bc49e87cad7eaf4222da2313017b1535fa09aa7a1,24027,8k+,14.545454073388441
learned_K2_V2_s35_step10000,learned,2,35,vcsum,Summarization,178,debe7cf483869b12cc8ad22c5788c36ad902a7900967a480,11982,8k+,9.756097111243328
learned_K2_V2_s35_step10000,learned,2,35,vcsum,Summarization,179,ba09625e48e6e2673301a1ea7c72e6b748ac3dc70c7390eb,7087,4-8k,10.062892611842909
learned_K2_V2_s35_step10000,learned,2,35,vcsum,Summarization,180,d4dc590f2d704472e59bd3ded30c8430714a3374fce64864,10435,8k+,11.956521242911174
learned_K2_V2_s35_step10000,learned,2,35,vcsum,Summarization,181,0300c0593dace6633eeaa0f706451263ee665e1574e6ea31,18570,8k+,22.4999995703125
learned_K2_V2_s35_step10000,learned,2,35,vcsum,Summarization,182,b2d9a928783cd23fee938e00b0326d5ea0cc0a6f3b845662,22698,8k+,12.499999500703145
learned_K2_V2_s35_step10000,learned,2,35,vcsum,Summarization,183,f8524c64eb5ca4b35af6f562225f422d12b2f021e1804786,5350,4-8k,19.277107959936142
learned_K2_V2_s35_step10000,learned,2,35,vcsum,Summarization,184,768fc566c392954bfedcb0ae4aebb6392442283ab5e52b22,8514,8k+,26.49006573308189
learned_K2_V2_s35_step10000,learned,2,35,vcsum,Summarization,185,e1227d725d1c6a095f099ee8e64441cda9623a9021c1df73,21401,8k+,14.634145877453914
learned_K2_V2_s35_step10000,learned,2,35,vcsum,Summarization,186,59c026ca55e3475c0776ad4eecef06594a4f273915d2dd7d,1114,0-4k,9.59999955379202
learned_K2_V2_s35_step10000,learned,2,35,vcsum,Summarization,187,6da80c266a1306d2d3bd5d7648f19858cd0a83cac5d7af96,42073,8k+,15.748031034038082
learned_K2_V2_s35_step10000,learned,2,35,vcsum,Summarization,188,fd210c851fb816d4942f7fc4ebd324ef855fcb472380e1ba,5006,4-8k,12.280701315943384
learned_K2_V2_s35_step10000,learned,2,35,vcsum,Summarization,189,36a1d247c7992a47ad0d0a7c74f49f80ab35243a0a54736d,27713,8k+,6.399999699712014
learned_K2_V2_s35_step10000,learned,2,35,vcsum,Summarization,190,2a3de6fe387801a51e75d727e9eb9dc0a5bf8ae0b23dc6f3,21565,8k+,12.49999950009647
learned_K2_V2_s35_step10000,learned,2,35,vcsum,Summarization,191,80e99aa0988a3312640024217ce12722ee65e6f54da6822e,30365,8k+,16.92307643739646
learned_K2_V2_s35_step10000,learned,2,35,vcsum,Summarization,192,4ca4fca3558db82f2a62fcf711d69e26141988a2cc3bf5c3,12685,8k+,16.04938222892853
learned_K2_V2_s35_step10000,learned,2,35,vcsum,Summarization,193,752627edcb00c4c0902705fdc6e8240a85a286115aa81875,18856,8k+,11.678831743619808
learned_K2_V2_s35_step10000,learned,2,35,vcsum,Summarization,194,f6d472a558b118f5873478ef9a66633aedba51d9878c64f4,15375,8k+,12.307691808757417
learned_K2_V2_s35_step10000,learned,2,35,vcsum,Summarization,195,22e3d2e82e1955aeb2e4e660582c173a1c7d41eff07fed20,2676,0-4k,16.993463599470303
learned_K2_V2_s35_step10000,learned,2,35,vcsum,Summarization,196,dce78c07d1f6e1c69139e81de36d1de2936648ea2fde891c,11168,8k+,14.814814375418395
learned_K2_V2_s35_step10000,learned,2,35,vcsum,Summarization,197,0d0cde60646500ee0bc1722890c2028964f73962a2ccdcc9,9048,8k+,19.047618594474535
learned_K2_V2_s35_step10000,learned,2,35,vcsum,Summarization,198,dd90f3acfc8498d70966078ef71ac3b421be0fd7c06e89d5,8742,8k+,21.818181319081738
learned_K2_V2_s35_step10000,learned,2,35,vcsum,Summarization,199,b41dc3a4f48a417fa6dbfe801d5a904cf6eac06fbf76779e,28054,8k+,15.942028536336917
learned_K2_V2_s35_step10000,learned,2,35,trec,Few-shot,0,bb86302b1936b14c09091143ce6e0d4d4013c4789ece0230,3806,0-4k,100.0
learned_K2_V2_s35_step10000,learned,2,35,trec,Few-shot,1,be63e2d9490453d1b939ba8f850a386c7828f776df937d8c,7727,4-8k,100.0
learned_K2_V2_s35_step10000,learned,2,35,trec,Few-shot,2,1e8eb08f71a04cd4391fcaa7d98a166627d65284c467a318,4183,4-8k,100.0
learned_K2_V2_s35_step10000,learned,2,35,trec,Few-shot,3,e8c5eb156625bc57f11c1f0c6e9ba97abb46b8672aefb2df,6104,4-8k,100.0
learned_K2_V2_s35_step10000,learned,2,35,trec,Few-shot,4,9587abceff7bb3b9e0f0df6a0a040945a27b7e1eb67c64e5,5463,4-8k,0.0
learned_K2_V2_s35_step10000,learned,2,35,trec,Few-shot,5,3e7d6a53447488a4bf1b9e9e08ea589028f3b4197d92f5a4,8428,8k+,100.0
learned_K2_V2_s35_step10000,learned,2,35,trec,Few-shot,6,53314ceb95fb9a488c88d21402e09c826d927f9c7402d0cf,2106,0-4k,0.0
learned_K2_V2_s35_step10000,learned,2,35,trec,Few-shot,7,dc7348606b7d50383c1e69a0ea2787da8a4506114fad6f2a,4479,4-8k,100.0
learned_K2_V2_s35_step10000,learned,2,35,trec,Few-shot,8,6c5121b0b6fd45c4c437d96cad36c46dffa122fabb7cf8eb,4841,4-8k,0.0
learned_K2_V2_s35_step10000,learned,2,35,trec,Few-shot,9,e55a65ad534b2649ceccf41cdcba863db7774efbd1408eed,2621,0-4k,100.0
learned_K2_V2_s35_step10000,learned,2,35,trec,Few-shot,10,c84d7df6e4889807a25b8fb80db29c8c3d419c09387ef9e1,5425,4-8k,0.0
learned_K2_V2_s35_step10000,learned,2,35,trec,Few-shot,11,f03199226a1925234dde134936aea510c2f331e636106781,5389,4-8k,100.0
learned_K2_V2_s35_step10000,learned,2,35,trec,Few-shot,12,ed3fccd0229defe456bc01dd48d59cd62d04b49f1b1b1e0a,5051,4-8k,100.0
learned_K2_V2_s35_step10000,learned,2,35,trec,Few-shot,13,4a198f563d6897cf45a1acd7af747ea3ac8e73698d1a94e7,7874,4-8k,100.0
learned_K2_V2_s35_step10000,learned,2,35,trec,Few-shot,14,31277bc109b79395bbaed904e4696eceefe807fe63e6d375,5457,4-8k,100.0
learned_K2_V2_s35_step10000,learned,2,35,trec,Few-shot,15,fe48b8be1c5cc6e474c04f8b96b1f2a37095e7245594b2ad,4438,4-8k,100.0
learned_K2_V2_s35_step10000,learned,2,35,trec,Few-shot,16,b19440bff3ae91b4ff667d2183b7e5b2b2b52df48ba53289,4713,4-8k,0.0
learned_K2_V2_s35_step10000,learned,2,35,trec,Few-shot,17,628dffa806ccbd5b0d3ea898071a5bba1fa322937a13b3d0,5533,4-8k,0.0
learned_K2_V2_s35_step10000,learned,2,35,trec,Few-shot,18,f9666d6736c07d6af8c7599e04e37f230b63e032bc2b3cc8,1524,0-4k,100.0
learned_K2_V2_s35_step10000,learned,2,35,trec,Few-shot,19,ae345fc2a13db040fb296e9d819edf26ac19cadfcd1a1ba6,2329,0-4k,100.0
learned_K2_V2_s35_step10000,learned,2,35,trec,Few-shot,20,0b6cb30081f15859876d46020fca4dd45fb6fc0f24b33a07,8376,8k+,0.0
learned_K2_V2_s35_step10000,learned,2,35,trec,Few-shot,21,8b55d14186093e0012da5a7cd1b800d04704364bc6ce3686,2784,0-4k,0.0
learned_K2_V2_s35_step10000,learned,2,35,trec,Few-shot,22,5164362f6132cb801e1d5df1c2c6356ea8bf16e9a4402a1e,3646,0-4k,100.0
learned_K2_V2_s35_step10000,learned,2,35,trec,Few-shot,23,e7e40bf7a9ac82f5a438c6fc369d3208e12296907e42c62a,3775,0-4k,100.0
learned_K2_V2_s35_step10000,learned,2,35,trec,Few-shot,24,a20b33a8a018d27269d286e9ff805f8fbf1a370f080a14cd,1893,0-4k,100.0
learned_K2_V2_s35_step10000,learned,2,35,trec,Few-shot,25,c49fd9c1e59b10bfe04e25ca13954f4cbf77c64beb67df64,6709,4-8k,0.0
learned_K2_V2_s35_step10000,learned,2,35,trec,Few-shot,26,389ce23ee7c00b34a1cdbd9b6ccec47778541a5b4b2a6861,7580,4-8k,0.0
learned_K2_V2_s35_step10000,learned,2,35,trec,Few-shot,27,2515df579016f05f203679b9925e33d885985054564b2c62,4837,4-8k,100.0
learned_K2_V2_s35_step10000,learned,2,35,trec,Few-shot,28,e0508a69f493c99a55708cb841b5db4e350dd0cd2e3dce2d,4032,4-8k,0.0
learned_K2_V2_s35_step10000,learned,2,35,trec,Few-shot,29,40889e3cd2e32438572f29c578c29cdecb3b112ccf9952f6,6125,4-8k,100.0
learned_K2_V2_s35_step10000,learned,2,35,trec,Few-shot,30,97cf3ad59a0cc47dc987e51c39efd282b16022bf1e86c30e,2543,0-4k,100.0
learned_K2_V2_s35_step10000,learned,2,35,trec,Few-shot,31,2f60ccd7193f99ecd68fc106b0cb6c66ae7b60e41af9b28f,6514,4-8k,100.0
learned_K2_V2_s35_step10000,learned,2,35,trec,Few-shot,32,432bc5d5343a2d90493d1502feca910fa4f04638c165bfc5,2296,0-4k,0.0
learned_K2_V2_s35_step10000,learned,2,35,trec,Few-shot,33,3d969a6b17acac98d1007630ada2d3ee04202e2543caf688,7327,4-8k,100.0
learned_K2_V2_s35_step10000,learned,2,35,trec,Few-shot,34,c484b36f511ec3f88c462e36a451394a0f7674ca1146e617,1893,0-4k,100.0
learned_K2_V2_s35_step10000,learned,2,35,trec,Few-shot,35,c929e9466c70da2f1b667b9968b34928e0f16197ca9e9c04,3753,0-4k,100.0
learned_K2_V2_s35_step10000,learned,2,35,trec,Few-shot,36,69091626855bf63b2b103f3af3a47a624ccdb47285a921ca,1947,0-4k,100.0
learned_K2_V2_s35_step10000,learned,2,35,trec,Few-shot,37,206b78b2a11b7e444a95e37dc0fd700df904094152b64a4a,4815,4-8k,100.0
learned_K2_V2_s35_step10000,learned,2,35,trec,Few-shot,38,10e30eb8abf0d20556b414e826d971873468493164027855,3259,0-4k,100.0
learned_K2_V2_s35_step10000,learned,2,35,trec,Few-shot,39,7d1f909bc981db6c50db83a5c83825bb38e2d5cec1f6ebcd,5615,4-8k,100.0
learned_K2_V2_s35_step10000,learned,2,35,trec,Few-shot,40,a12c082b70af2ce8257e73f6072f8b2b9d0d30cac6a06055,7664,4-8k,100.0
learned_K2_V2_s35_step10000,learned,2,35,trec,Few-shot,41,dac55a9f7b6f6935b806c22e5b2a0fa53d1052fa1084aec3,7872,4-8k,100.0
learned_K2_V2_s35_step10000,learned,2,35,trec,Few-shot,42,a7df71a32324720da9ed7e8b71d99605a7aa2c8c03fce970,6796,4-8k,100.0
learned_K2_V2_s35_step10000,learned,2,35,trec,Few-shot,43,a94bd8caca00b64dffecfc1381aba40f95f662be291e982c,2807,0-4k,100.0
learned_K2_V2_s35_step10000,learned,2,35,trec,Few-shot,44,943ab0f567be614c671b5ca026c222919c5bc65ca6bd27f7,6094,4-8k,100.0
learned_K2_V2_s35_step10000,learned,2,35,trec,Few-shot,45,1d12eb0eac6d6119b8b60c3988dcfdf8f311fdbef2308937,3102,0-4k,100.0
learned_K2_V2_s35_step10000,learned,2,35,trec,Few-shot,46,cde02966d1f0851a130f3fc25319c63c6ef8e234ed90cae0,6978,4-8k,0.0
learned_K2_V2_s35_step10000,learned,2,35,trec,Few-shot,47,68e634727ef0e25bc70ae29ca004adaa9b13ff53c6aa9b90,6902,4-8k,100.0
learned_K2_V2_s35_step10000,learned,2,35,trec,Few-shot,48,48ef3bbe793adfd2329dad96fda943f2b7278fe29ee69505,3176,0-4k,0.0
learned_K2_V2_s35_step10000,learned,2,35,trec,Few-shot,49,c3ad7a6f2da7f11e98894dc996a92d822a6b75acea83aba4,2071,0-4k,0.0
learned_K2_V2_s35_step10000,learned,2,35,trec,Few-shot,50,d92c1cc16f6305d942c3a2708369443c62178bad2958676a,3276,0-4k,100.0
learned_K2_V2_s35_step10000,learned,2,35,trec,Few-shot,51,a08d0b2b6ab805c9d3d56655ec8cdb0a2b74722cd8ddd71d,6512,4-8k,100.0
learned_K2_V2_s35_step10000,learned,2,35,trec,Few-shot,52,6483b104728d33a66f53068a55c5340f9b0c8f2879a717a0,4670,4-8k,0.0
learned_K2_V2_s35_step10000,learned,2,35,trec,Few-shot,53,58103d85701e317b63815561b012e302ba0d2b49f14e84e5,6950,4-8k,0.0
learned_K2_V2_s35_step10000,learned,2,35,trec,Few-shot,54,10987bf3a71ef060f7e7dae970d32c0020c6aad1ada932ca,4252,4-8k,0.0
learned_K2_V2_s35_step10000,learned,2,35,trec,Few-shot,55,7e9b88f04d10b86992f69376308f6376f4d2b88e1c3b8b66,1467,0-4k,100.0
learned_K2_V2_s35_step10000,learned,2,35,trec,Few-shot,56,cd34b068e5211051011049b00cf563b9d4993997d9c7e69f,4936,4-8k,100.0
learned_K2_V2_s35_step10000,learned,2,35,trec,Few-shot,57,620e8f66c4d9c17ea9e91670bce23f19f799435178540aed,2868,0-4k,100.0
learned_K2_V2_s35_step10000,learned,2,35,trec,Few-shot,58,13dfcc1e607745f0f8e6043f75f5e7c3b6774e0f7dbcb9a0,1435,0-4k,0.0
learned_K2_V2_s35_step10000,learned,2,35,trec,Few-shot,59,1c07ce343f7fc3291945943efab1fe204e2fc86c018349b6,7555,4-8k,100.0
learned_K2_V2_s35_step10000,learned,2,35,trec,Few-shot,60,f13ac67f320e6a4fe60dddf077d7d1c4090fa69ffe0e1664,2168,0-4k,0.0
learned_K2_V2_s35_step10000,learned,2,35,trec,Few-shot,61,d4791c5914a6e73526116106a7407d4627a626ef355d122f,2075,0-4k,0.0
learned_K2_V2_s35_step10000,learned,2,35,trec,Few-shot,62,354efe23a5c22ff89540575878c2400ee220720061c2df00,8414,8k+,100.0
learned_K2_V2_s35_step10000,learned,2,35,trec,Few-shot,63,53612771a03cbf45bb4e4e38231672d293438cd552407f82,2032,0-4k,100.0
learned_K2_V2_s35_step10000,learned,2,35,trec,Few-shot,64,0c1076ddfb446ce669afe60a2108eecfbb2365223e8f07d2,8316,8k+,0.0
learned_K2_V2_s35_step10000,learned,2,35,trec,Few-shot,65,8e5060883a3a65416b865d26d3ba447eb93738218403f554,1507,0-4k,0.0
learned_K2_V2_s35_step10000,learned,2,35,trec,Few-shot,66,92a0d38c9117e9bf0b832ae14ee87bf169a8dbad727e0386,3744,0-4k,100.0
learned_K2_V2_s35_step10000,learned,2,35,trec,Few-shot,67,0ec47c5bfef1cf9ea4d1d47116a30121de69db12519d410e,6150,4-8k,100.0
learned_K2_V2_s35_step10000,learned,2,35,trec,Few-shot,68,8eb86e597aa70c66a934687954ad3504a23ce95ec9c68efe,3089,0-4k,0.0
learned_K2_V2_s35_step10000,learned,2,35,trec,Few-shot,69,37fc91e0069dfc5177c65cf2937227f33bffeb756d408325,4247,4-8k,0.0
learned_K2_V2_s35_step10000,learned,2,35,trec,Few-shot,70,7aebb78c4dfb93851df88819813a91bdc31fcc524032d622,7033,4-8k,100.0
learned_K2_V2_s35_step10000,learned,2,35,trec,Few-shot,71,e9b5249c001ca9eab599bc3ddfd315d790726d9c147ce018,8062,8k+,0.0
learned_K2_V2_s35_step10000,learned,2,35,trec,Few-shot,72,64185c36020ead184262b3cd1aa28a4e7b28444c0043daef,4825,4-8k,100.0
learned_K2_V2_s35_step10000,learned,2,35,trec,Few-shot,73,0b8e6cece544fd1a0037a0dd5e9117a3f47dfb7542803207,7711,4-8k,100.0
learned_K2_V2_s35_step10000,learned,2,35,trec,Few-shot,74,56a70996016ed618c2c83f4fb36933dfca9f15f43d709208,2348,0-4k,100.0
learned_K2_V2_s35_step10000,learned,2,35,trec,Few-shot,75,1264141d08caf6f2f4105ce15f3c2d69d34749b96ece38de,2891,0-4k,0.0
learned_K2_V2_s35_step10000,learned,2,35,trec,Few-shot,76,e611e432a55774a5572d62c26d8aa3b90a308154bcb92bcc,8251,8k+,0.0
learned_K2_V2_s35_step10000,learned,2,35,trec,Few-shot,77,4848c8025606efcf122bd8046265c1883a064b9bc90d26ff,8626,8k+,100.0
learned_K2_V2_s35_step10000,learned,2,35,trec,Few-shot,78,c6bdd84ce95d94c9cea3db7d14d6c2fedfc0c9d735b67415,3311,0-4k,100.0
learned_K2_V2_s35_step10000,learned,2,35,trec,Few-shot,79,88462d84aa70aeb3ccc737da4417cb41bade6a0503b79eee,5416,4-8k,100.0
learned_K2_V2_s35_step10000,learned,2,35,trec,Few-shot,80,c32eb5c8f3c8880273a439cf5d69d544e7100960c40711c8,8029,8k+,100.0
learned_K2_V2_s35_step10000,learned,2,35,trec,Few-shot,81,a67738fc3db1df1e8403e8ca5805ab387a334d886399ad11,4289,4-8k,0.0
learned_K2_V2_s35_step10000,learned,2,35,trec,Few-shot,82,5660f8f87173d67fee56f2787e551f4b8ed9970d5f46987c,5916,4-8k,100.0
learned_K2_V2_s35_step10000,learned,2,35,trec,Few-shot,83,c88bac0efe7689764268cc616fbc767033db59f9a36c1554,5868,4-8k,100.0
learned_K2_V2_s35_step10000,learned,2,35,trec,Few-shot,84,2f004723bf6ff8379370d9ce35852a6694627bb15f4a3dfe,8430,8k+,100.0
learned_K2_V2_s35_step10000,learned,2,35,trec,Few-shot,85,da20414068a09f773bef4f3c60623599e79a743c4f0204e3,3781,0-4k,0.0
learned_K2_V2_s35_step10000,learned,2,35,trec,Few-shot,86,9866e1962b7589f4b029c249ee13345898d8126136c7531f,8510,8k+,100.0
learned_K2_V2_s35_step10000,learned,2,35,trec,Few-shot,87,a24136eadf45ce9c6cc8d3d0e09e70b0aacd6a907019f634,7933,4-8k,100.0
learned_K2_V2_s35_step10000,learned,2,35,trec,Few-shot,88,35645649fc0f46aee04fae92a77c75c7823d5b970e241a89,2389,0-4k,100.0
learned_K2_V2_s35_step10000,learned,2,35,trec,Few-shot,89,ce76993084f62d56b92777705e3158e7205fedf4d720a8fc,3065,0-4k,100.0
learned_K2_V2_s35_step10000,learned,2,35,trec,Few-shot,90,560d8e7494165e41e5ef1a47ba991d3a84d63e9c9c31d8c8,5939,4-8k,100.0
learned_K2_V2_s35_step10000,learned,2,35,trec,Few-shot,91,c9d42d796a770c574d7673d7dff5af3c99b0a72b5084117b,4307,4-8k,100.0
learned_K2_V2_s35_step10000,learned,2,35,trec,Few-shot,92,05d13b416defd2d3f3cff926edf1e0ce7cba62a99a34effa,8077,8k+,100.0
learned_K2_V2_s35_step10000,learned,2,35,trec,Few-shot,93,a057710d15bc87687798011aa9051bdbd1664b8b1936a524,6090,4-8k,0.0
learned_K2_V2_s35_step10000,learned,2,35,trec,Few-shot,94,ac63cf847f670d41f854b5561b2c41d63f6d497ae6efe15b,7859,4-8k,100.0
learned_K2_V2_s35_step10000,learned,2,35,trec,Few-shot,95,a57a8f12682411b108e4ebb96590a46c1acdb0f7622f8459,8140,8k+,100.0
learned_K2_V2_s35_step10000,learned,2,35,trec,Few-shot,96,a748374c01086b106ed89a37e09be54162695db65d909b31,7081,4-8k,100.0
learned_K2_V2_s35_step10000,learned,2,35,trec,Few-shot,97,e5d161f8e8db85864d32796535db57b99a3beaedf3716af1,8431,8k+,0.0
learned_K2_V2_s35_step10000,learned,2,35,trec,Few-shot,98,7011be7047eaaf45afdf0b6bef4622c058d9aec9fe0b8d2c,8265,8k+,0.0
learned_K2_V2_s35_step10000,learned,2,35,trec,Few-shot,99,c0495d43f7080033aae75ceba1655c35742bbdf36cf74186,4224,4-8k,100.0
learned_K2_V2_s35_step10000,learned,2,35,trec,Few-shot,100,d21366d5b4ba5ca8c0c06e934bb093375512de3952fbef4f,8430,8k+,100.0
learned_K2_V2_s35_step10000,learned,2,35,trec,Few-shot,101,569808d9d65b3e6d8d7ea00c4e77009acf10a517466532dd,8016,8k+,100.0
learned_K2_V2_s35_step10000,learned,2,35,trec,Few-shot,102,18a99852ee4f2bdcc14df2a8bf88e75893ee8ccf106449b8,1543,0-4k,100.0
learned_K2_V2_s35_step10000,learned,2,35,trec,Few-shot,103,ce4d2107e842c9baf2fcf0e566d57f843e632e2c98240eb3,7133,4-8k,0.0
learned_K2_V2_s35_step10000,learned,2,35,trec,Few-shot,104,69dc977e188f73a5006e3e40169f49d0970ccac9bb014727,3012,0-4k,0.0
learned_K2_V2_s35_step10000,learned,2,35,trec,Few-shot,105,e40d4b02326a848a9fca110c36522853da4888d73be44a49,6644,4-8k,100.0
learned_K2_V2_s35_step10000,learned,2,35,trec,Few-shot,106,03b05f488f77aafcceaf28e5338051de95fa9d66d2539322,1794,0-4k,0.0
learned_K2_V2_s35_step10000,learned,2,35,trec,Few-shot,107,5c743e30c49cecf433278bc2849b6347c74eb20bde08f468,3100,0-4k,100.0
learned_K2_V2_s35_step10000,learned,2,35,trec,Few-shot,108,eb0920252b7b3ccb7efa83fbb923c5a246702cbca576a134,3493,0-4k,0.0
learned_K2_V2_s35_step10000,learned,2,35,trec,Few-shot,109,7fab26eda8723e59049d81b51b96f5efd28dd042836bd01e,2750,0-4k,100.0
learned_K2_V2_s35_step10000,learned,2,35,trec,Few-shot,110,865a91662df3b7ea2395045eefe5c355f76502b8654ca95d,7874,4-8k,100.0
learned_K2_V2_s35_step10000,learned,2,35,trec,Few-shot,111,8fa68009baf3bf4fa0023bdafe07167ac6ea5121fa1c9f29,5312,4-8k,100.0
learned_K2_V2_s35_step10000,learned,2,35,trec,Few-shot,112,8a77b0de4617b701c0807158f2173d7025cdc5d019e22232,2610,0-4k,100.0
learned_K2_V2_s35_step10000,learned,2,35,trec,Few-shot,113,88c157a27c035f7c76e5ca566af652e618102b1673abba69,5862,4-8k,0.0
learned_K2_V2_s35_step10000,learned,2,35,trec,Few-shot,114,bf74889c7fb521a442a03f2f1e9a763ae8b11af7654bc87b,4438,4-8k,100.0
learned_K2_V2_s35_step10000,learned,2,35,trec,Few-shot,115,3f7c51c87c672badc50c3b1ce85fff1f4688cf7a4f2916d7,8068,8k+,0.0
learned_K2_V2_s35_step10000,learned,2,35,trec,Few-shot,116,e81151e43c230b0b037aa9e94739d19d36851fc6d82dac94,8714,8k+,100.0
learned_K2_V2_s35_step10000,learned,2,35,trec,Few-shot,117,4d1366f1fced7b09378075ac467aa21626822e7fd875aad7,4643,4-8k,100.0
learned_K2_V2_s35_step10000,learned,2,35,trec,Few-shot,118,67da3217593b0305047b9f3103ebe7fb507112a67d43a27a,7131,4-8k,100.0
learned_K2_V2_s35_step10000,learned,2,35,trec,Few-shot,119,37d3ef43380e769500db704720bacd131dc6bd09e5f040b3,1911,0-4k,100.0
learned_K2_V2_s35_step10000,learned,2,35,trec,Few-shot,120,6075661e710f419b30971816ec6e975636d9fe33edf91cbc,2129,0-4k,0.0
learned_K2_V2_s35_step10000,learned,2,35,trec,Few-shot,121,9e493dfdeb1f43b0bf586b21f8f73e1080c0453c32228223,5450,4-8k,0.0
learned_K2_V2_s35_step10000,learned,2,35,trec,Few-shot,122,5cc5f5c961f7b577dfaa8358352b7c546639540628871a2a,8500,8k+,0.0
learned_K2_V2_s35_step10000,learned,2,35,trec,Few-shot,123,87c525d2fea468800172db577752e30afb5ac281ac15a4fb,6285,4-8k,100.0
learned_K2_V2_s35_step10000,learned,2,35,trec,Few-shot,124,bb85a9ba81c5b2b43f42e74124bbdab7c367d48b11ccd4f4,3327,0-4k,0.0
learned_K2_V2_s35_step10000,learned,2,35,trec,Few-shot,125,af885f2dd88c3d1ef0278e145a56e0142e8dffa98da1725e,1889,0-4k,0.0
learned_K2_V2_s35_step10000,learned,2,35,trec,Few-shot,126,729b220cc22edaa8183925bcf721e5cb9db1c61757a3db65,6862,4-8k,100.0
learned_K2_V2_s35_step10000,learned,2,35,trec,Few-shot,127,ac4398fc1a1b445d618d926fd6a3ef39a9fea060924a4eac,1988,0-4k,0.0
learned_K2_V2_s35_step10000,learned,2,35,trec,Few-shot,128,c180f344bd8bd450734da05ba9257f537c87f6685bee95a0,7107,4-8k,100.0
learned_K2_V2_s35_step10000,learned,2,35,trec,Few-shot,129,1e8f992d97411a7f0a833383900a0bf3ab7e8adeade4ff83,5401,4-8k,100.0
learned_K2_V2_s35_step10000,learned,2,35,trec,Few-shot,130,eb260c330bdf871051d27c5e3caa4a7818cd13c10ccdaab0,7629,4-8k,0.0
learned_K2_V2_s35_step10000,learned,2,35,trec,Few-shot,131,246234b8bd50080971f652b2b0e5735f3762aa514eb2e032,2427,0-4k,100.0
learned_K2_V2_s35_step10000,learned,2,35,trec,Few-shot,132,fd0b5fd5f649813292b08b654fce776e997b34c82f845c65,3220,0-4k,0.0
learned_K2_V2_s35_step10000,learned,2,35,trec,Few-shot,133,d33c805c80d525273ff55f3c2406efc9e81552492ce30f1f,2796,0-4k,100.0
learned_K2_V2_s35_step10000,learned,2,35,trec,Few-shot,134,d81973d8c9154fb49d94dad8fce08c940cb9697c531c9030,5946,4-8k,100.0
learned_K2_V2_s35_step10000,learned,2,35,trec,Few-shot,135,523cf34b2fc652ae207acd377a178f1bc791acf15306551b,6674,4-8k,100.0
learned_K2_V2_s35_step10000,learned,2,35,trec,Few-shot,136,4a2efc57a3257f4b4e76ec3ed65bfb12cfe67f97e686ea94,7481,4-8k,100.0
learned_K2_V2_s35_step10000,learned,2,35,trec,Few-shot,137,a976a1c02e1b341e4fafdc3b5bc862d1a812cccd2cd484ad,8206,8k+,100.0
learned_K2_V2_s35_step10000,learned,2,35,trec,Few-shot,138,2346e2f34ef8d8ab90f6890d22e0d317f7cf5e5c54c70ddc,5456,4-8k,100.0
learned_K2_V2_s35_step10000,learned,2,35,trec,Few-shot,139,74a1e748b82a9d4c53c859f073572c3a80c36592a5f55389,6487,4-8k,100.0
learned_K2_V2_s35_step10000,learned,2,35,trec,Few-shot,140,fbbb9bbd508719779d6a003127b925ad1c457ea19a753f1d,6446,4-8k,100.0
learned_K2_V2_s35_step10000,learned,2,35,trec,Few-shot,141,6935ef01f250692f0aefaddbee53881e2a78a1b33b5d38d8,7969,4-8k,100.0
learned_K2_V2_s35_step10000,learned,2,35,trec,Few-shot,142,d438bf5816a84739a076deedabbf6df043b4879582eeda96,4471,4-8k,100.0
learned_K2_V2_s35_step10000,learned,2,35,trec,Few-shot,143,85968a31b5fdd71e6d45e7124e424847ba5d1b32c1f1ce63,7704,4-8k,100.0
learned_K2_V2_s35_step10000,learned,2,35,trec,Few-shot,144,9a89e12f4c64eda441932465fd598c303398ef4db379d244,2058,0-4k,100.0
learned_K2_V2_s35_step10000,learned,2,35,trec,Few-shot,145,60b0d4baa34981dddb033443dc66304e6566236b2f0dbc55,5841,4-8k,100.0
learned_K2_V2_s35_step10000,learned,2,35,trec,Few-shot,146,0306aeb74c74c415bc065c5061623347e9bdf73e7950b0c6,4670,4-8k,100.0
learned_K2_V2_s35_step10000,learned,2,35,trec,Few-shot,147,7f733b8563f3a6aac3fe940f6a201bab76ee6b216aaaf4ba,7382,4-8k,0.0
learned_K2_V2_s35_step10000,learned,2,35,trec,Few-shot,148,fe4e5a937c7dc6f854351c43f5cfab0b9d27c14cc219fd22,6307,4-8k,100.0
learned_K2_V2_s35_step10000,learned,2,35,trec,Few-shot,149,3b20c1d16810a4a74fbb7c8940110cc55564b79e78b1f370,5793,4-8k,100.0
learned_K2_V2_s35_step10000,learned,2,35,trec,Few-shot,150,5f9d42b8f405e3244f17601b8914540d55013a8f6e8fbbbc,6788,4-8k,100.0
learned_K2_V2_s35_step10000,learned,2,35,trec,Few-shot,151,bbfcb118b6a0beff1ab6bcf1660b429ff31b7817aac6f745,7466,4-8k,100.0
learned_K2_V2_s35_step10000,learned,2,35,trec,Few-shot,152,93407117c5c49c8989c5560893358677df6ea48f66178ab1,2324,0-4k,0.0
learned_K2_V2_s35_step10000,learned,2,35,trec,Few-shot,153,85189a86019c80861473ae5fec4a2a2ac6505770fcfb4326,2892,0-4k,100.0
learned_K2_V2_s35_step10000,learned,2,35,trec,Few-shot,154,9b1ca10af60da00beb5467500cf4c2b2c385c81c16593650,4544,4-8k,100.0
learned_K2_V2_s35_step10000,learned,2,35,trec,Few-shot,155,6ed29e661cf0080174f978aaf9b9932b1d63447b7bf38cf7,4307,4-8k,0.0
learned_K2_V2_s35_step10000,learned,2,35,trec,Few-shot,156,39075a5e290556a5402205167608a2536ecf9ec552e98e0d,8039,8k+,100.0
learned_K2_V2_s35_step10000,learned,2,35,trec,Few-shot,157,a032ffad12a8da2b10fa70b628ddefdd6dc40c57c56eba04,7482,4-8k,100.0
learned_K2_V2_s35_step10000,learned,2,35,trec,Few-shot,158,3330462260cd3227287ec4440d37253eefffa8e6654f2229,1717,0-4k,0.0
learned_K2_V2_s35_step10000,learned,2,35,trec,Few-shot,159,f94477ea9ecb0fe90ebb6b303ca57c09345c8c55b44cf148,4978,4-8k,100.0
learned_K2_V2_s35_step10000,learned,2,35,trec,Few-shot,160,dcfa370cf40c062f62efab6a3082d37eac3a366612927cb8,6764,4-8k,100.0
learned_K2_V2_s35_step10000,learned,2,35,trec,Few-shot,161,3eefbe04d3be7b7a6a72227ba6575ba1aa39449ff3b14ecf,7174,4-8k,100.0
learned_K2_V2_s35_step10000,learned,2,35,trec,Few-shot,162,e05426365861e1d2e2a6b56027ca3af108e4944390b0d7db,3161,0-4k,100.0
learned_K2_V2_s35_step10000,learned,2,35,trec,Few-shot,163,b5dbf95d4914cfa17d7f34d29feb0b7c577e77ac764422ac,5606,4-8k,100.0
learned_K2_V2_s35_step10000,learned,2,35,trec,Few-shot,164,0f9a8aca3f7f23f92294d2522a311e98119fb01ed311294d,3708,0-4k,100.0
learned_K2_V2_s35_step10000,learned,2,35,trec,Few-shot,165,9f68ffea3bd44bde6c8c923dcfee4006311af42e9107c5be,6780,4-8k,100.0
learned_K2_V2_s35_step10000,learned,2,35,trec,Few-shot,166,ec28c83d86786bc03d79c6f25e301f85f0fdba6018f20a7a,4458,4-8k,0.0
learned_K2_V2_s35_step10000,learned,2,35,trec,Few-shot,167,2ad3442ea8cc11e6ff1aff960d9f94702c1d2f74e56276ed,6642,4-8k,100.0
learned_K2_V2_s35_step10000,learned,2,35,trec,Few-shot,168,1b82d9c3f648f0300c1e30f134e5e2e56a749c295ec94ed7,5303,4-8k,100.0
learned_K2_V2_s35_step10000,learned,2,35,trec,Few-shot,169,6f6b792e2a35efdfea1cd445e39fa6d9f5554ad7be8d05b1,5161,4-8k,100.0
learned_K2_V2_s35_step10000,learned,2,35,trec,Few-shot,170,7e22d6a219c6aae8a246db689dd2479c7cf500bff9452115,4806,4-8k,100.0
learned_K2_V2_s35_step10000,learned,2,35,trec,Few-shot,171,6c50262227611d4c4309566426cc5e31a408b68b588e9dcd,6382,4-8k,100.0
learned_K2_V2_s35_step10000,learned,2,35,trec,Few-shot,172,ea29ea4fd2b35bd7dc2d53ac018bfe8385058042214ce5cf,7308,4-8k,100.0
learned_K2_V2_s35_step10000,learned,2,35,trec,Few-shot,173,258eac8ce0c51298894895f7e29dafecfbf9f3064de5fa3c,3034,0-4k,100.0
learned_K2_V2_s35_step10000,learned,2,35,trec,Few-shot,174,a9837859ef41605be174b64c0c25f85957d7822e8bcd528c,7447,4-8k,100.0
learned_K2_V2_s35_step10000,learned,2,35,trec,Few-shot,175,8f825483b0c8af273f5a50a479badf47b006fa59610fdcbf,4766,4-8k,0.0
learned_K2_V2_s35_step10000,learned,2,35,trec,Few-shot,176,9e628b5cbbd4b9cf009d9bc2f01fb8d0648b115dfde912a5,2818,0-4k,100.0
learned_K2_V2_s35_step10000,learned,2,35,trec,Few-shot,177,f76354a020721f6b01013a7a6de69ac67d8252e39561572d,7338,4-8k,100.0
learned_K2_V2_s35_step10000,learned,2,35,trec,Few-shot,178,4fc23d9ec2244fa06173982e689adaaf5e3b2178d559ad28,1694,0-4k,100.0
learned_K2_V2_s35_step10000,learned,2,35,trec,Few-shot,179,b03fe43e3f84615e5d4cbb554960ac46cbec8360c126575b,2647,0-4k,0.0
learned_K2_V2_s35_step10000,learned,2,35,trec,Few-shot,180,c4322f6a42e09bc70c2ef215a9fe275ae0049307e6411eb9,4590,4-8k,100.0
learned_K2_V2_s35_step10000,learned,2,35,trec,Few-shot,181,5fb2eac7d91e559f656dc943b82c1b100b9bd954c34d61b8,2897,0-4k,0.0
learned_K2_V2_s35_step10000,learned,2,35,trec,Few-shot,182,f5cdfc2171a67449110d1bd5696cfee5a1e526e6943429e1,8084,8k+,100.0
learned_K2_V2_s35_step10000,learned,2,35,trec,Few-shot,183,4d86285558400a759ac5b2c1e006b7307f1083b30c4a58f8,7901,4-8k,100.0
learned_K2_V2_s35_step10000,learned,2,35,trec,Few-shot,184,98c2df915d12b7f92dbeee631e8a1d684afab44b599bd014,5198,4-8k,100.0
learned_K2_V2_s35_step10000,learned,2,35,trec,Few-shot,185,244e30fb0cfda33a9412059c74b88bc3e336ede2b4b6449a,4157,4-8k,100.0
learned_K2_V2_s35_step10000,learned,2,35,trec,Few-shot,186,4668c26ce817883731ac37280f732de85c72a65ce1a1e1d3,5797,4-8k,100.0
learned_K2_V2_s35_step10000,learned,2,35,trec,Few-shot,187,4a2ba24a64fd970ca7d194dcd4b86c1519a4682c152cecbf,3942,0-4k,100.0
learned_K2_V2_s35_step10000,learned,2,35,trec,Few-shot,188,09189157c383685493b6b9748127dfacdae341732c15e2ab,2428,0-4k,100.0
learned_K2_V2_s35_step10000,learned,2,35,trec,Few-shot,189,745bf59e117d09eb87760787ba1a77c6d9525d100af11a97,5190,4-8k,100.0
learned_K2_V2_s35_step10000,learned,2,35,trec,Few-shot,190,f533cb0d1f6836afdbd9fa59c16ba02dee48b9dce8f9afd7,8556,8k+,100.0
learned_K2_V2_s35_step10000,learned,2,35,trec,Few-shot,191,218479b7f5e7c0262980327140cfff36f84b53b2cb244cdd,4569,4-8k,100.0
learned_K2_V2_s35_step10000,learned,2,35,trec,Few-shot,192,00931a85ac36a559882280d7f885d6aa96737de71e862d60,6932,4-8k,0.0
learned_K2_V2_s35_step10000,learned,2,35,trec,Few-shot,193,70c8efe58eec57a64f3840a02a96a15851e8a2d6dcda94d4,7855,4-8k,100.0
learned_K2_V2_s35_step10000,learned,2,35,trec,Few-shot,194,973d77aa7c0385e180ed9d8b746e097d982dcf4bceed0f40,4876,4-8k,0.0
learned_K2_V2_s35_step10000,learned,2,35,trec,Few-shot,195,ca78e748275159deae808881ba6d1a3280f63c204a0555ed,3997,0-4k,100.0
learned_K2_V2_s35_step10000,learned,2,35,trec,Few-shot,196,844d4f0073817254ceb0f26f8226bb10a0fa48d10b56d6b7,6770,4-8k,100.0
learned_K2_V2_s35_step10000,learned,2,35,trec,Few-shot,197,9607aa495ee45b517cab4b7663b50e2b5d2e6c3b103a7e83,2175,0-4k,100.0
learned_K2_V2_s35_step10000,learned,2,35,trec,Few-shot,198,d282453f8c0d073dbaec6ed9d7feb7a244d73c2c54e4c9fb,4685,4-8k,100.0
learned_K2_V2_s35_step10000,learned,2,35,trec,Few-shot,199,4263e5dc07137c9c109cbc1842bd10e79833bb673769757e,3329,0-4k,0.0
learned_K2_V2_s35_step10000,learned,2,35,triviaqa,Few-shot,0,c6270c6ae570ce9459e98f4c704e3d86d510a755f6ce5443,3835,0-4k,100.0
learned_K2_V2_s35_step10000,learned,2,35,triviaqa,Few-shot,1,bf1556b2b68228cd71538d898121398f8e47fbaa45c6f717,11494,8k+,100.0
learned_K2_V2_s35_step10000,learned,2,35,triviaqa,Few-shot,2,1f4fecc3601c6f6fd6eb04d9996d67dc8c27b9eb4442fecb,9233,8k+,100.0
learned_K2_V2_s35_step10000,learned,2,35,triviaqa,Few-shot,3,33982587b948364f83d707e5fc6a52e53de33b4d3e9338d3,14334,8k+,100.0
learned_K2_V2_s35_step10000,learned,2,35,triviaqa,Few-shot,4,86e90fe5a621c287c115e2bdf061db16ce9e4d611ddfb297,7768,4-8k,100.0
learned_K2_V2_s35_step10000,learned,2,35,triviaqa,Few-shot,5,27a3112482b43aa286477c3362da80a443743554f95cb79c,7327,4-8k,100.0
learned_K2_V2_s35_step10000,learned,2,35,triviaqa,Few-shot,6,e72d3db98c747a77e8daeaeadb198a6037059a23a1ea6160,5914,4-8k,100.0
learned_K2_V2_s35_step10000,learned,2,35,triviaqa,Few-shot,7,f731ff7827b01ec4ccb1b190dd8d46f6ef6b5bee655422e3,2643,0-4k,100.0
learned_K2_V2_s35_step10000,learned,2,35,triviaqa,Few-shot,8,6b5bd779bedaab220f7b2fb9d9a0548a845ff0246ee5d79b,3231,0-4k,100.0
learned_K2_V2_s35_step10000,learned,2,35,triviaqa,Few-shot,9,a76d6efca6c7f441949a1d0773716e73ca61720ddebe4444,6780,4-8k,40.0
learned_K2_V2_s35_step10000,learned,2,35,triviaqa,Few-shot,10,9a31f4259cf4c98795ce0ab127f1e57edeadcc02982ffdf8,14345,8k+,100.0
learned_K2_V2_s35_step10000,learned,2,35,triviaqa,Few-shot,11,b7fa31fa1320f5bbf5a51575708f2772053aa30fb3401bb9,7081,4-8k,33.333333333333336
learned_K2_V2_s35_step10000,learned,2,35,triviaqa,Few-shot,12,149c4c5390701fdbd5d652a6fa1890cab83ca1cd1d915301,3226,0-4k,100.0
learned_K2_V2_s35_step10000,learned,2,35,triviaqa,Few-shot,13,42b7163ca5fcda38a777f17176b4c409f9a58af228b841bf,8661,8k+,100.0
learned_K2_V2_s35_step10000,learned,2,35,triviaqa,Few-shot,14,891f0cad2cbfb5acc44b9c833ae07610e9d124b58d1cbcf8,3405,0-4k,100.0
learned_K2_V2_s35_step10000,learned,2,35,triviaqa,Few-shot,15,2ad896f5d818f0b4b4de7127fbbd66210484e842ce60aeba,3768,0-4k,80.0
learned_K2_V2_s35_step10000,learned,2,35,triviaqa,Few-shot,16,69d1185dde79f9be8a11fe6d208b9307f91a3abaf6d92fc9,12812,8k+,100.0
learned_K2_V2_s35_step10000,learned,2,35,triviaqa,Few-shot,17,694e382df5496343d72c4dfb58082bba5c54d60533c343c4,1798,0-4k,100.0
learned_K2_V2_s35_step10000,learned,2,35,triviaqa,Few-shot,18,c6cb57b58768f3f5c663a13d6c14ce7d8ab9f0b5d7ac0dce,11718,8k+,0.0
learned_K2_V2_s35_step10000,learned,2,35,triviaqa,Few-shot,19,d6199c03885b4a6fc468183e8ff104a91406c92f1e9750a6,12290,8k+,100.0
learned_K2_V2_s35_step10000,learned,2,35,triviaqa,Few-shot,20,1561a2d83c6647ccf04c593c3ab6ebe9b06da5b36d18abd5,8720,8k+,100.0
learned_K2_V2_s35_step10000,learned,2,35,triviaqa,Few-shot,21,083f966d9057da4c3d8ad60d9f3edd6c6d9b78e902b422b1,3551,0-4k,100.0
learned_K2_V2_s35_step10000,learned,2,35,triviaqa,Few-shot,22,797d9c3b6d2e3cff2015e914b6d110260df674aa2df7c9df,6710,4-8k,100.0
learned_K2_V2_s35_step10000,learned,2,35,triviaqa,Few-shot,23,6ebc860d3b3488f1b4fdf04ed5bd953a699da063f62b32e1,8720,8k+,100.0
learned_K2_V2_s35_step10000,learned,2,35,triviaqa,Few-shot,24,d1c7310c2d98d1f1851de8cbdc17064a3a09329496c39233,12408,8k+,80.0
learned_K2_V2_s35_step10000,learned,2,35,triviaqa,Few-shot,25,164603e29d5a8d36ee3589b5f47302f4a6fb74d5d6e6dbd9,9854,8k+,100.0
learned_K2_V2_s35_step10000,learned,2,35,triviaqa,Few-shot,26,614dd2c2c4e48d4c43353365dd69245e1a34d4e664437f4b,13606,8k+,100.0
learned_K2_V2_s35_step10000,learned,2,35,triviaqa,Few-shot,27,61dd0325b82ea97a7b6700acf7f12662ddfaa88d785c9a31,3876,0-4k,100.0
learned_K2_V2_s35_step10000,learned,2,35,triviaqa,Few-shot,28,cc3f3d0344e981902a53fb52b6b42c42817a14bdb54ca5ef,2262,0-4k,100.0
learned_K2_V2_s35_step10000,learned,2,35,triviaqa,Few-shot,29,7a93a2c005e6b24d8c89f164c516292523b5476c828dcced,9032,8k+,100.0
learned_K2_V2_s35_step10000,learned,2,35,triviaqa,Few-shot,30,f349620f4bd4154efd844c9c314d33c680a8b4dd4ac6303f,7836,4-8k,40.0
learned_K2_V2_s35_step10000,learned,2,35,triviaqa,Few-shot,31,997402fd8177e5799d4855fa3d8be5f81366006f64de4db6,2398,0-4k,100.0
learned_K2_V2_s35_step10000,learned,2,35,triviaqa,Few-shot,32,4fb8758ef61482e37d00a79376cc99b31c8c80b1020f5aa9,11787,8k+,100.0
learned_K2_V2_s35_step10000,learned,2,35,triviaqa,Few-shot,33,7477cce4e63c5782f5696469687bc0d8be9ca1b57a1a8274,4835,4-8k,100.0
learned_K2_V2_s35_step10000,learned,2,35,triviaqa,Few-shot,34,bd8d4b03fbbe4065a646b560f2779f3ed36a6d531ebf9181,9122,8k+,0.0
learned_K2_V2_s35_step10000,learned,2,35,triviaqa,Few-shot,35,e12e382762b2f04c141b620a8ebca521a59d9b087216a0c9,15481,8k+,100.0
learned_K2_V2_s35_step10000,learned,2,35,triviaqa,Few-shot,36,8996a6cf865c00e14828f00b9f1628e98fa4fe29aa51519d,1145,0-4k,36.36363636363637
learned_K2_V2_s35_step10000,learned,2,35,triviaqa,Few-shot,37,d66ff6f451adf1f6a0b857c0252dc081f0aab171d8d28151,15370,8k+,100.0
learned_K2_V2_s35_step10000,learned,2,35,triviaqa,Few-shot,38,e8ee92ef3ce909dc1f4c0f44e6ad315e33ee06470a95cb7d,14340,8k+,0.0
learned_K2_V2_s35_step10000,learned,2,35,triviaqa,Few-shot,39,9db8d568e23c49da19f66f2522e1fd988c88cb485bd303fd,8305,8k+,100.0
learned_K2_V2_s35_step10000,learned,2,35,triviaqa,Few-shot,40,09d36a759ca23f36ea128f785b110faf407c8011179338e3,5837,4-8k,100.0
learned_K2_V2_s35_step10000,learned,2,35,triviaqa,Few-shot,41,1e0b36696772bb993b9a111bf51fc057294f186e4a7dd336,5264,4-8k,100.0
learned_K2_V2_s35_step10000,learned,2,35,triviaqa,Few-shot,42,9f224d325cccb3539a2510fa7ef49e50a274e2a45b24fede,2522,0-4k,50.0
learned_K2_V2_s35_step10000,learned,2,35,triviaqa,Few-shot,43,e4024f7ae5a3052684af81c3c3e729f1958f1163764c5193,4642,4-8k,0.0
learned_K2_V2_s35_step10000,learned,2,35,triviaqa,Few-shot,44,1f273fc7790ace52010907475860f709f29586961abf7abc,9607,8k+,100.0
learned_K2_V2_s35_step10000,learned,2,35,triviaqa,Few-shot,45,f285e6f7d771f41a93020a08f2f6427d56cae7aead2d00e0,7858,4-8k,100.0
learned_K2_V2_s35_step10000,learned,2,35,triviaqa,Few-shot,46,ff9c57b3d61c17500a428c56efc3f2b38cf67901938d663d,6329,4-8k,100.0
learned_K2_V2_s35_step10000,learned,2,35,triviaqa,Few-shot,47,23c409527f26b4163fd9cdece1156db7aed7a606dd6ae26b,10826,8k+,100.0
learned_K2_V2_s35_step10000,learned,2,35,triviaqa,Few-shot,48,52ec6c4c5fac20726f788c8aeaa11b705af86d4b244b47e2,9732,8k+,100.0
learned_K2_V2_s35_step10000,learned,2,35,triviaqa,Few-shot,49,f09a263c3f20b360abf11e0b885596151d8ba21dc2128bfc,8391,8k+,100.0
learned_K2_V2_s35_step10000,learned,2,35,triviaqa,Few-shot,50,48eecd282ea1caad90288fc989dcf396596312e7b0f0558a,7199,4-8k,100.0
learned_K2_V2_s35_step10000,learned,2,35,triviaqa,Few-shot,51,88a45fb52808bf7995734def4f87b88e4aeb306697664066,7926,4-8k,100.0
learned_K2_V2_s35_step10000,learned,2,35,triviaqa,Few-shot,52,7f79b578bbf2be26a0023ff22e53155b1255029dcd6cf3b2,4796,4-8k,100.0
learned_K2_V2_s35_step10000,learned,2,35,triviaqa,Few-shot,53,35f27fbf447412c8d3d2e335ce07606e3df252f168c73209,11294,8k+,100.0
learned_K2_V2_s35_step10000,learned,2,35,triviaqa,Few-shot,54,1257e4a216d232d4051b8ca4d7bf110f7d88bb52927d9e91,1815,0-4k,100.0
learned_K2_V2_s35_step10000,learned,2,35,triviaqa,Few-shot,55,08191ea52b1d95476280f937029cfdd38e0284487676be34,14082,8k+,100.0
learned_K2_V2_s35_step10000,learned,2,35,triviaqa,Few-shot,56,36dbedfcfff9cf25756ef5722c15ee174563a56adcba7770,8210,8k+,100.0
learned_K2_V2_s35_step10000,learned,2,35,triviaqa,Few-shot,57,683491d13d7e217dddecef6d6458f39706399068a80159b5,8924,8k+,100.0
learned_K2_V2_s35_step10000,learned,2,35,triviaqa,Few-shot,58,e8d85ea67e38e0d56c3dc0199fe43dad679d72292491249c,12187,8k+,100.0
learned_K2_V2_s35_step10000,learned,2,35,triviaqa,Few-shot,59,7cd98589d3258d7092dca6d3e6d28e56f7a10f2fe06810c4,9614,8k+,100.0
learned_K2_V2_s35_step10000,learned,2,35,triviaqa,Few-shot,60,43685bc8cc3a8130145610c0841816de3d874dea513bab88,6438,4-8k,100.0
learned_K2_V2_s35_step10000,learned,2,35,triviaqa,Few-shot,61,7bbb074723b4b60b9470f8e9d4d82c365ba86f31eca292e6,4817,4-8k,0.0
learned_K2_V2_s35_step10000,learned,2,35,triviaqa,Few-shot,62,0bdab8d64ecb835308138ca4b77ae7b7bd0cc0359c344ae3,12743,8k+,100.0
learned_K2_V2_s35_step10000,learned,2,35,triviaqa,Few-shot,63,f7ddb0b337bd11fbd252911d5ac124b0f2243b7d599e8ccf,15148,8k+,100.0
learned_K2_V2_s35_step10000,learned,2,35,triviaqa,Few-shot,64,99ec5bf16cc7ececd816ee3acb8cb07be56e6a95f1b1f111,8183,8k+,100.0
learned_K2_V2_s35_step10000,learned,2,35,triviaqa,Few-shot,65,d9993993a543f83b052c9db2ad6639eb12802f0c081cd753,1506,0-4k,100.0
learned_K2_V2_s35_step10000,learned,2,35,triviaqa,Few-shot,66,b39d599d6159eb68a8c2bb5c37ff808ba865983075f05926,5435,4-8k,100.0
learned_K2_V2_s35_step10000,learned,2,35,triviaqa,Few-shot,67,841c3d3b4614834fdd2093042d64ceda538a83fbd2ef206e,5722,4-8k,100.0
learned_K2_V2_s35_step10000,learned,2,35,triviaqa,Few-shot,68,d6b9e82e303b1a66609c967bdd1afb0b12afd18642788e18,7098,4-8k,100.0
learned_K2_V2_s35_step10000,learned,2,35,triviaqa,Few-shot,69,acd34a9285bed314c34c99343abb8ff59bc88448d9ebd77d,10511,8k+,100.0
learned_K2_V2_s35_step10000,learned,2,35,triviaqa,Few-shot,70,9f08297041c2ec050e1dd51d1fe8af8289bd24c46443c26b,7850,4-8k,36.36363636363636
learned_K2_V2_s35_step10000,learned,2,35,triviaqa,Few-shot,71,b984db95835b09721426c4e0dbaeb7d41d4417236dc2a9c8,1271,0-4k,71.42857142857143
learned_K2_V2_s35_step10000,learned,2,35,triviaqa,Few-shot,72,a88d0b62ef9bb4ea0f4f99a18db0cb27f83cba1f63fb2f76,2426,0-4k,50.0
learned_K2_V2_s35_step10000,learned,2,35,triviaqa,Few-shot,73,27a7b5a3b2d0887d3eb39709256e6bcb841c012cbda62077,9471,8k+,0.0
learned_K2_V2_s35_step10000,learned,2,35,triviaqa,Few-shot,74,e6b07a5ea39b53a12c983ca3b505458e7bb7059930b8f3ce,13534,8k+,100.0
learned_K2_V2_s35_step10000,learned,2,35,triviaqa,Few-shot,75,8a4f911ae61d123b4903895b1b8c35adbaaaea2cc5e07058,9763,8k+,100.0
learned_K2_V2_s35_step10000,learned,2,35,triviaqa,Few-shot,76,a79b2353fd191d8d6cd0315ed2d853333767df5b804e2334,6508,4-8k,100.0
learned_K2_V2_s35_step10000,learned,2,35,triviaqa,Few-shot,77,4c5867c3fe46de2e5f11e5b04cdd45b1cc37104c25d62dce,14656,8k+,100.0
learned_K2_V2_s35_step10000,learned,2,35,triviaqa,Few-shot,78,479484905f84b59a8459804f54db2315c0d136bde0260424,5148,4-8k,100.0
learned_K2_V2_s35_step10000,learned,2,35,triviaqa,Few-shot,79,22457dbffc15c77d0a1e81105bbb235069900d99ee11725f,9952,8k+,100.0
learned_K2_V2_s35_step10000,learned,2,35,triviaqa,Few-shot,80,ed8949d0e06372fcb0eb23d22e460850dea5c577f97a8935,5301,4-8k,100.0
learned_K2_V2_s35_step10000,learned,2,35,triviaqa,Few-shot,81,31f3da6d4b9c332d0558a5b84e70f68fc344f3c749e7c967,10506,8k+,100.0
learned_K2_V2_s35_step10000,learned,2,35,triviaqa,Few-shot,82,9f857e5417b2c20803426cb00a0103bc38d7983b03daeade,10200,8k+,100.0
learned_K2_V2_s35_step10000,learned,2,35,triviaqa,Few-shot,83,f2c71478592e6ac503da9f5b6dac26caa0d746be47913209,2258,0-4k,100.0
learned_K2_V2_s35_step10000,learned,2,35,triviaqa,Few-shot,84,ce0a0ab8427317d08cbcb6f8e3c45e3f4c203613ade7f654,2641,0-4k,100.0
learned_K2_V2_s35_step10000,learned,2,35,triviaqa,Few-shot,85,1a917a17cd156e59b3eb1bb3ba04a16ae58e566d6555329e,12898,8k+,100.0
learned_K2_V2_s35_step10000,learned,2,35,triviaqa,Few-shot,86,ff57a9994b0e8ad808633d1cad415c6165025b08bb00d6cb,3353,0-4k,100.0
learned_K2_V2_s35_step10000,learned,2,35,triviaqa,Few-shot,87,60abe33b118134872d84707dce259ae03ea1d4c488976321,5174,4-8k,100.0
learned_K2_V2_s35_step10000,learned,2,35,triviaqa,Few-shot,88,fb56d8983b841c1ea86292021609db4d422f0616a17159dd,8158,8k+,0.0
learned_K2_V2_s35_step10000,learned,2,35,triviaqa,Few-shot,89,58b59b646e77cd3b9f801823066bb18f1dcd94afae46f602,8987,8k+,100.0
learned_K2_V2_s35_step10000,learned,2,35,triviaqa,Few-shot,90,227352a28bef0f784302f1e7cdd187e8c06a4d48f8a76006,2488,0-4k,25.0
learned_K2_V2_s35_step10000,learned,2,35,triviaqa,Few-shot,91,7040aea54d4f2c64eeeebd9b0989f56551279e5a2cd1f362,7091,4-8k,100.0
learned_K2_V2_s35_step10000,learned,2,35,triviaqa,Few-shot,92,861fb104524152967b1ce96417797991d1affa57fedde283,11625,8k+,100.0
learned_K2_V2_s35_step10000,learned,2,35,triviaqa,Few-shot,93,55a799feee5e5bbe02baf8edcbe4fe4ede28f32968b7bdba,6669,4-8k,100.0
learned_K2_V2_s35_step10000,learned,2,35,triviaqa,Few-shot,94,e682ff961391ee6f1aaffb669de3f61c0bb25eba6a242bd2,11055,8k+,100.0
learned_K2_V2_s35_step10000,learned,2,35,triviaqa,Few-shot,95,a25fa84c3f93f3d803e7fd78a0cdd36bbf66b9d4a8432235,13333,8k+,100.0
learned_K2_V2_s35_step10000,learned,2,35,triviaqa,Few-shot,96,e0a0f9802f67976f1f8adcf23935aa1ba7cc36709c823711,12947,8k+,100.0
learned_K2_V2_s35_step10000,learned,2,35,triviaqa,Few-shot,97,b898d69b9c5c53fc0369415bb86bea74d5bf76bb208395f8,5566,4-8k,100.0
learned_K2_V2_s35_step10000,learned,2,35,triviaqa,Few-shot,98,b86498129e7b548f4f4652218458137ad86636b95126a4a1,10874,8k+,100.0
learned_K2_V2_s35_step10000,learned,2,35,triviaqa,Few-shot,99,62d78140a76d693deef36443f368bbe3743c757f1f29c764,8784,8k+,100.0
learned_K2_V2_s35_step10000,learned,2,35,triviaqa,Few-shot,100,d75dbe192dd1d340b9f06c5cf5ddbb6124c16bf67f7f3d6d,12082,8k+,100.0
learned_K2_V2_s35_step10000,learned,2,35,triviaqa,Few-shot,101,0b96db37ad7998fe3829267d3b4963a8ff043520208058a8,12521,8k+,100.0
learned_K2_V2_s35_step10000,learned,2,35,triviaqa,Few-shot,102,25da093dbc421f8bbcdb3627f8a3194d0664d2b741319921,13004,8k+,100.0
learned_K2_V2_s35_step10000,learned,2,35,triviaqa,Few-shot,103,c5cc2bc85dd26fa70df362abab09b127cba75890bd5a8a4a,11546,8k+,100.0
learned_K2_V2_s35_step10000,learned,2,35,triviaqa,Few-shot,104,c32400ef65e3246f97c43e0ce020a68493e1a239ce27e7e9,14936,8k+,100.0
learned_K2_V2_s35_step10000,learned,2,35,triviaqa,Few-shot,105,a77686c70ef3e88b2a9c9fd2b799c800840c3d59d2754321,13494,8k+,100.0
learned_K2_V2_s35_step10000,learned,2,35,triviaqa,Few-shot,106,90ec85c1807214267a8a819325ffa27c8e123c60a123eb63,15536,8k+,100.0
learned_K2_V2_s35_step10000,learned,2,35,triviaqa,Few-shot,107,9e8d18c720b2f59eb8c08695e2374430fd24cc923b567faa,7650,4-8k,100.0
learned_K2_V2_s35_step10000,learned,2,35,triviaqa,Few-shot,108,404478ecf4d73dfe61725792f3eefcbb73341b68df989af4,5247,4-8k,100.0
learned_K2_V2_s35_step10000,learned,2,35,triviaqa,Few-shot,109,f460701fa6a56120cb3fbda21b2c5952f6cc6b91d598b3e7,11792,8k+,100.0
learned_K2_V2_s35_step10000,learned,2,35,triviaqa,Few-shot,110,f8095046bf68df4ae880082cfbaf15e913fcd4445be1bc02,8181,8k+,100.0
learned_K2_V2_s35_step10000,learned,2,35,triviaqa,Few-shot,111,921bb9f3be97114c00137cc8cd2d67f8fb2716441311e059,2518,0-4k,0.0
learned_K2_V2_s35_step10000,learned,2,35,triviaqa,Few-shot,112,cba83c70bf0e7e4ad50bf9e33c6da3112a47955236fd7fa6,11976,8k+,100.0
learned_K2_V2_s35_step10000,learned,2,35,triviaqa,Few-shot,113,2aeba4671224cfb9640f9bbd24b48b65fb670ec332dd3dd2,3711,0-4k,100.0
learned_K2_V2_s35_step10000,learned,2,35,triviaqa,Few-shot,114,56c19047272f3785a637e0b7692829391727d1ef1be1b8c0,7701,4-8k,57.14285714285715
learned_K2_V2_s35_step10000,learned,2,35,triviaqa,Few-shot,115,f2e1715e9c1f5fe162a994ac51fcbf17b37754de22e3953d,8577,8k+,100.0
learned_K2_V2_s35_step10000,learned,2,35,triviaqa,Few-shot,116,92b45bf926e483ae707fc9f4601500fe045a2e63f691709a,11347,8k+,100.0
learned_K2_V2_s35_step10000,learned,2,35,triviaqa,Few-shot,117,b74a2400b06d8426b297e757dc5e91c9e981b40e54251577,12264,8k+,100.0
learned_K2_V2_s35_step10000,learned,2,35,triviaqa,Few-shot,118,9d966e1db3908f69d9ba98b65b7250b71e851a1f1710623a,3071,0-4k,66.66666666666666
learned_K2_V2_s35_step10000,learned,2,35,triviaqa,Few-shot,119,335faa3607a752e54d19653c46d4426af77d4c19d12fea34,1412,0-4k,66.66666666666666
learned_K2_V2_s35_step10000,learned,2,35,triviaqa,Few-shot,120,26d993ae0abdb00662c15d4f292d00e6e87b0667b51ecd46,13654,8k+,100.0
learned_K2_V2_s35_step10000,learned,2,35,triviaqa,Few-shot,121,236a57d109fd7cfb0c0fc4727ea586f082e869b070a30735,11541,8k+,100.0
learned_K2_V2_s35_step10000,learned,2,35,triviaqa,Few-shot,122,5e0420073206a3200666273ef9fc27d94847a74c9d22d1ed,6644,4-8k,100.0
learned_K2_V2_s35_step10000,learned,2,35,triviaqa,Few-shot,123,1ec409eaf83494bd911fab3428a6c9fcc5acafdc58edf307,4698,4-8k,100.0
learned_K2_V2_s35_step10000,learned,2,35,triviaqa,Few-shot,124,01339127903dc68a1386c78f977ce22d74d0b21accdf8c2e,9673,8k+,100.0
learned_K2_V2_s35_step10000,learned,2,35,triviaqa,Few-shot,125,78decc37f1391f260593b8411bd721fc5b2c85650375f342,1742,0-4k,100.0
learned_K2_V2_s35_step10000,learned,2,35,triviaqa,Few-shot,126,b032f0fd6a1f13d098df0c45c90617e8d442d13dfccadf65,11458,8k+,100.0
learned_K2_V2_s35_step10000,learned,2,35,triviaqa,Few-shot,127,68869082c8b6968287437f1fdee43ccf1a900be5c9f5b414,14045,8k+,100.0
learned_K2_V2_s35_step10000,learned,2,35,triviaqa,Few-shot,128,868e2d4a1077705a5eb4fba78c32bcdd68fab1fe9b878ac0,6167,4-8k,100.0
learned_K2_V2_s35_step10000,learned,2,35,triviaqa,Few-shot,129,e15d6d20a0bf91c5f344ba34b07596438b1a5ff23d191a79,14732,8k+,0.0
learned_K2_V2_s35_step10000,learned,2,35,triviaqa,Few-shot,130,7fd54b4df7c2c6aa34ae4b05c6795684d4f80799df39f499,2253,0-4k,100.0
learned_K2_V2_s35_step10000,learned,2,35,triviaqa,Few-shot,131,e7b89cb37519972d1bfe1dc4e87c29372e85e3acb8e152f0,1796,0-4k,100.0
learned_K2_V2_s35_step10000,learned,2,35,triviaqa,Few-shot,132,3294708883134d6db6cbaa85b59d1b6fc8d5e01da2550659,3530,0-4k,100.0
learned_K2_V2_s35_step10000,learned,2,35,triviaqa,Few-shot,133,f68e9d16249aee321a9b7d9ff837f01acf66e1b120b723d6,4660,4-8k,100.0
learned_K2_V2_s35_step10000,learned,2,35,triviaqa,Few-shot,134,240c9a8140f1a2e144864ff85f0b9f2fc9dc5cb14d3da43b,6191,4-8k,100.0
learned_K2_V2_s35_step10000,learned,2,35,triviaqa,Few-shot,135,51a3641d8fc6041a17c452d326ace9cb72c6c5bcb818c505,16415,8k+,100.0
learned_K2_V2_s35_step10000,learned,2,35,triviaqa,Few-shot,136,1fe1aa4c6f9ee5f892cf0b673fc292718bba7bbfd04ad364,12667,8k+,100.0
learned_K2_V2_s35_step10000,learned,2,35,triviaqa,Few-shot,137,4cd73cbbba96a57aaf0105aabeb27e263f8730e1f828a6a9,13264,8k+,100.0
learned_K2_V2_s35_step10000,learned,2,35,triviaqa,Few-shot,138,1e27ca95eda7f56134419848ef414885bc605154326981dd,2125,0-4k,100.0
learned_K2_V2_s35_step10000,learned,2,35,triviaqa,Few-shot,139,9a111c24a76a681180d6d1b5c21643f471fac26326b0c4e5,9517,8k+,100.0
learned_K2_V2_s35_step10000,learned,2,35,triviaqa,Few-shot,140,cc6d4492fc97d862a71db51944523d7ce842b4abf871f872,14158,8k+,100.0
learned_K2_V2_s35_step10000,learned,2,35,triviaqa,Few-shot,141,57fab83585b130bf0bdd910d400dbe9e8194ed6e140e7517,8200,8k+,100.0
learned_K2_V2_s35_step10000,learned,2,35,triviaqa,Few-shot,142,d253dc669a2a4bb2f5b2110c0eabddf755a8b47e31fa56ee,8488,8k+,100.0
learned_K2_V2_s35_step10000,learned,2,35,triviaqa,Few-shot,143,2472a66b740d2f99b1af1593f7ceefdd0741a0bd658d8dc3,5506,4-8k,100.0
learned_K2_V2_s35_step10000,learned,2,35,triviaqa,Few-shot,144,798a106d088e0bdef4e53e0c2c6461110288f735da342d54,5423,4-8k,100.0
learned_K2_V2_s35_step10000,learned,2,35,triviaqa,Few-shot,145,34f16de4e2d36a78ed8275cd89abab0a7ba95dfa0fa322b5,9011,8k+,100.0
learned_K2_V2_s35_step10000,learned,2,35,triviaqa,Few-shot,146,5903aee0dcdbc196af2dfbb5cc6f46e44b13d22796b3cf39,6183,4-8k,100.0
learned_K2_V2_s35_step10000,learned,2,35,triviaqa,Few-shot,147,bb9b255858484fad8d46a7b2b6c882cde3d604b656969bce,12173,8k+,100.0
learned_K2_V2_s35_step10000,learned,2,35,triviaqa,Few-shot,148,31c961b9dcbc7561711ee48802fb42a2f58cb485134c7d03,10616,8k+,100.0
learned_K2_V2_s35_step10000,learned,2,35,triviaqa,Few-shot,149,afa3613f0a8966f8b685ff123f9f4c90270e1c32133c6200,9271,8k+,100.0
learned_K2_V2_s35_step10000,learned,2,35,triviaqa,Few-shot,150,703b98f030c92d06f8b8aac1135cafd60a251d7b34d09d63,3647,0-4k,100.0
learned_K2_V2_s35_step10000,learned,2,35,triviaqa,Few-shot,151,58f5ad6be40306ec436b65ac04164764c476b0d34e8bc2a6,16633,8k+,100.0
learned_K2_V2_s35_step10000,learned,2,35,triviaqa,Few-shot,152,2eca158db6dd6808579e5058017ba83c4a3d46bf616d1f83,4905,4-8k,100.0
learned_K2_V2_s35_step10000,learned,2,35,triviaqa,Few-shot,153,541baf53f1b236cf02081ac4458938bd28293f79a4b9d68f,13765,8k+,100.0
learned_K2_V2_s35_step10000,learned,2,35,triviaqa,Few-shot,154,a1fe5b387666d360bf0da4bf1c6d50ca65bc532df1735db7,6891,4-8k,100.0
learned_K2_V2_s35_step10000,learned,2,35,triviaqa,Few-shot,155,0f23ddf675bd3583dc1c29f70bd9ab64abd42303cdadc474,14333,8k+,100.0
learned_K2_V2_s35_step10000,learned,2,35,triviaqa,Few-shot,156,ab59a2c96e9d241af9ef84253d45ee8aded188864cb4a1a4,1799,0-4k,100.0
learned_K2_V2_s35_step10000,learned,2,35,triviaqa,Few-shot,157,a45415dd3949c90205994e9ba5f65d5c04406c09771ecb37,8747,8k+,100.0
learned_K2_V2_s35_step10000,learned,2,35,triviaqa,Few-shot,158,cc22b6e4143224f10a51f51fb25d184158487cf4c9e20600,8594,8k+,100.0
learned_K2_V2_s35_step10000,learned,2,35,triviaqa,Few-shot,159,a905335a64f12be265f270bc6c5ac8e6661a6d53b8db5fdf,13838,8k+,100.0
learned_K2_V2_s35_step10000,learned,2,35,triviaqa,Few-shot,160,85e65b2154e8641ba882fde1e399ca0354ca5bdda827216c,7192,4-8k,100.0
learned_K2_V2_s35_step10000,learned,2,35,triviaqa,Few-shot,161,89f6836d9c737da4f726b2b596a49393db7aa758b2c39532,10189,8k+,29.629629629629633
learned_K2_V2_s35_step10000,learned,2,35,triviaqa,Few-shot,162,313e7e66b5aebbc45e72623c7b4686a4b38b7527bb4464e4,6854,4-8k,100.0
learned_K2_V2_s35_step10000,learned,2,35,triviaqa,Few-shot,163,dcca7628cb52bc1fae4a02748ec7ce16530b7bfdb5c48048,8312,8k+,100.0
learned_K2_V2_s35_step10000,learned,2,35,triviaqa,Few-shot,164,de714d60e1d80eaf239a09631ee4c6aeac778fa8573e1d42,1495,0-4k,0.0
learned_K2_V2_s35_step10000,learned,2,35,triviaqa,Few-shot,165,36d401a946f2ce1d5fc30a6e6235f8abf654cfd7dcfb2334,3073,0-4k,100.0
learned_K2_V2_s35_step10000,learned,2,35,triviaqa,Few-shot,166,bf51b235b793fb709fb21256c339420b1cb169f246bccddc,1987,0-4k,0.0
learned_K2_V2_s35_step10000,learned,2,35,triviaqa,Few-shot,167,19e633981d56128d4b5059d83314b9037b7e31bcaa0d3339,12699,8k+,100.0
learned_K2_V2_s35_step10000,learned,2,35,triviaqa,Few-shot,168,45528811e0b562de8b2f289ebb1c8a4efe8ef9dffc75c3e6,14752,8k+,100.0
learned_K2_V2_s35_step10000,learned,2,35,triviaqa,Few-shot,169,81d1b31774563e0ed38144b248eccf295fb5d7605637708c,2165,0-4k,100.0
learned_K2_V2_s35_step10000,learned,2,35,triviaqa,Few-shot,170,d525ae0444011a8172368765960668016bc8d4e56019e4cd,9104,8k+,100.0
learned_K2_V2_s35_step10000,learned,2,35,triviaqa,Few-shot,171,5a9c4d16168bbf784b1430b65c9caa1a8fe89e1cb03d2a6c,13129,8k+,100.0
learned_K2_V2_s35_step10000,learned,2,35,triviaqa,Few-shot,172,c1258406548e407e859b34077dbe6abe17604a196e76d98d,11860,8k+,0.0
learned_K2_V2_s35_step10000,learned,2,35,triviaqa,Few-shot,173,f30dd5f33dcb60dd011cc0adbeaa0f51a48efb904e58b438,8097,8k+,100.0
learned_K2_V2_s35_step10000,learned,2,35,triviaqa,Few-shot,174,240af27c946d6936170e79a796bc73c500a3ad33839d7367,5594,4-8k,100.0
learned_K2_V2_s35_step10000,learned,2,35,triviaqa,Few-shot,175,b6aedfa586138fa82d7e4a72519dccce78998470eea92bef,13218,8k+,66.66666666666666
learned_K2_V2_s35_step10000,learned,2,35,triviaqa,Few-shot,176,ce2060395758c9a44ec6b049d6e4b30c3695a76f3bcb30cd,8062,8k+,0.0
learned_K2_V2_s35_step10000,learned,2,35,triviaqa,Few-shot,177,f8785492a8c40b3a331d9c5661477490125caf8b1b37a0b5,9123,8k+,100.0
learned_K2_V2_s35_step10000,learned,2,35,triviaqa,Few-shot,178,374835de54a115fb358b26a7e012ac7c70c6ad7096ed6a3d,2046,0-4k,50.0
learned_K2_V2_s35_step10000,learned,2,35,triviaqa,Few-shot,179,4b90a221b3f7ea9483dba4da2693a987a02137ad491008b5,7788,4-8k,100.0
learned_K2_V2_s35_step10000,learned,2,35,triviaqa,Few-shot,180,d17d73e486f6aa25fa635c2497b532b95b95078e12701eca,9983,8k+,100.0
learned_K2_V2_s35_step10000,learned,2,35,triviaqa,Few-shot,181,aad91e890be6f29eb88d01570c94c4e3071e27d01bfae114,7102,4-8k,100.0
learned_K2_V2_s35_step10000,learned,2,35,triviaqa,Few-shot,182,54715ac96ba2fdbed90e2a2ce49fc17dbdb91d69a6002ad1,5611,4-8k,100.0
learned_K2_V2_s35_step10000,learned,2,35,triviaqa,Few-shot,183,4ca10808ed46ed190649f4f3bfb87c9e94a01633cd56bbaf,4383,4-8k,100.0
learned_K2_V2_s35_step10000,learned,2,35,triviaqa,Few-shot,184,762bbae0f96b627fae55e27766fb628fbd4056a696eef0e8,6286,4-8k,100.0
learned_K2_V2_s35_step10000,learned,2,35,triviaqa,Few-shot,185,6967e76c5603d5d218c6aa2ca5af0c03cf3b8bcdeeac1c8d,8477,8k+,100.0
learned_K2_V2_s35_step10000,learned,2,35,triviaqa,Few-shot,186,e60575b8d40ff03dd9919188ce71f2f9474d22f7a63d50fc,2459,0-4k,100.0
learned_K2_V2_s35_step10000,learned,2,35,triviaqa,Few-shot,187,fbb39c5e6c9eaaf09f7bfb71e6e99fd816e9bf3c48ef91d5,14698,8k+,100.0
learned_K2_V2_s35_step10000,learned,2,35,triviaqa,Few-shot,188,012eb011da5717a6d2fc0051ef198ef7b4c8b15b899d6dec,4845,4-8k,0.0
learned_K2_V2_s35_step10000,learned,2,35,triviaqa,Few-shot,189,5235bfba2fb55ace2307f7385436aaabbf3d8ebeab5fe1bd,12928,8k+,100.0
learned_K2_V2_s35_step10000,learned,2,35,triviaqa,Few-shot,190,aa8bc71d3ef62b207e6e31974fc850c7b3514628739aa958,5667,4-8k,100.0
learned_K2_V2_s35_step10000,learned,2,35,triviaqa,Few-shot,191,2efed76f10fa240c91e4b4be8f0fd0bb4b7e2dec793f9131,6267,4-8k,100.0
learned_K2_V2_s35_step10000,learned,2,35,triviaqa,Few-shot,192,255eb907c17273056618289de06e5d623139756db17c82a7,10094,8k+,100.0
learned_K2_V2_s35_step10000,learned,2,35,triviaqa,Few-shot,193,bc12fa16754f05a520ff0077455060c1bbe531c96711aac8,1762,0-4k,100.0
learned_K2_V2_s35_step10000,learned,2,35,triviaqa,Few-shot,194,8fe7d891a43e878d9a6770025d3ad0d4ef844dd8ae20d818,11106,8k+,100.0
learned_K2_V2_s35_step10000,learned,2,35,triviaqa,Few-shot,195,eeb929241c373434d0e56d6ad29f80da4f1453c40961ad65,8906,8k+,100.0
learned_K2_V2_s35_step10000,learned,2,35,triviaqa,Few-shot,196,555d1d29a3db29dcae674d770d245705507b785b6586b608,10112,8k+,100.0
learned_K2_V2_s35_step10000,learned,2,35,triviaqa,Few-shot,197,f9e7f826ee78bb3da07dc7680a8a59fc788760177135c28b,6687,4-8k,100.0
learned_K2_V2_s35_step10000,learned,2,35,triviaqa,Few-shot,198,149ce192c078944cc4223158ebee3fff5849184e5a50eaaf,12096,8k+,100.0
learned_K2_V2_s35_step10000,learned,2,35,triviaqa,Few-shot,199,de16d8ec00e036f69b0977973b17e0b4621cb7c3f8919892,1968,0-4k,100.0
learned_K2_V2_s35_step10000,learned,2,35,samsum,Few-shot,0,5da5f97a6782e2f4559618a1ac96a0eaa98ff99ae2f5b189,6406,4-8k,79.99999952
learned_K2_V2_s35_step10000,learned,2,35,samsum,Few-shot,1,e5b2529de4edb475662403295e8fb4c639067de48ea3fa13,1794,0-4k,31.249999570312504
learned_K2_V2_s35_step10000,learned,2,35,samsum,Few-shot,2,0681192bf437818262545c9d5d410f94fd265b20f23d5111,8984,8k+,24.999999507812507
learned_K2_V2_s35_step10000,learned,2,35,samsum,Few-shot,3,6f9361273f0bb0f4da30c7204050eaf72782a8fdae636bb2,5623,4-8k,27.272726921487607
learned_K2_V2_s35_step10000,learned,2,35,samsum,Few-shot,4,1b992f20e93e0d79de187fa27d695a4a1603ddb06bcaf0d8,6749,4-8k,46.5753419771064
learned_K2_V2_s35_step10000,learned,2,35,samsum,Few-shot,5,e207f0cd648c4dd4516b519a490faacd3dae921aac636340,9574,8k+,24.999999501953134
learned_K2_V2_s35_step10000,learned,2,35,samsum,Few-shot,6,6bdecf495afb4980c3f65777cc45c18bb487f697e8a078f6,11372,8k+,42.307691810650894
learned_K2_V2_s35_step10000,learned,2,35,samsum,Few-shot,7,a49f56fda8881e78a638c9f488dec798c0a3cc2b18f6b8f0,11240,8k+,35.897435413543725
learned_K2_V2_s35_step10000,learned,2,35,samsum,Few-shot,8,e3438ab42d3cc8239d1e19c8368ad851df9cdf88b15fd6ec,7689,4-8k,7.1428567066326805
learned_K2_V2_s35_step10000,learned,2,35,samsum,Few-shot,9,77ead33295dc92287fbb9d0b6e86911ef1ef33d35fbb6f68,2113,0-4k,23.07692257766273
learned_K2_V2_s35_step10000,learned,2,35,samsum,Few-shot,10,694acb099ad12bae7161cf4ac8d7fb920d6de7ce1857a246,6608,4-8k,49.99999951757813
learned_K2_V2_s35_step10000,learned,2,35,samsum,Few-shot,11,838c429ae24c4723861b0f074f871f52db83f0747f772d5d,6582,4-8k,61.11111061265434
learned_K2_V2_s35_step10000,learned,2,35,samsum,Few-shot,12,1937c256433911ec3025e6383525c9c4ef22d52b445a0a0c,3507,0-4k,30.769230269559504
learned_K2_V2_s35_step10000,learned,2,35,samsum,Few-shot,13,69f3eb0f9a4c973a0b9785e7795cece732bf7738b5322fce,8785,8k+,28.57142807256236
learned_K2_V2_s35_step10000,learned,2,35,samsum,Few-shot,14,4a4c7c55c7fb1952ff95cbf97499ae21eb93ff1c37e68458,7565,4-8k,42.10526270775624
learned_K2_V2_s35_step10000,learned,2,35,samsum,Few-shot,15,719eee42955c9d3602c720f8644ffd10e0af4776be3dc046,6750,4-8k,41.37930985969084
learned_K2_V2_s35_step10000,learned,2,35,samsum,Few-shot,16,6b2677b451034aef716068c91304f0ce5e33440ebf8b4620,3141,0-4k,24.390243426531836
learned_K2_V2_s35_step10000,learned,2,35,samsum,Few-shot,17,0b61c23fde58a1a29920fd2cf13ba9caf9dec377481563df,2154,0-4k,28.57142808163266
learned_K2_V2_s35_step10000,learned,2,35,samsum,Few-shot,18,026af6b27965bf8a6572d64fc70cc2269b01b37509086d74,9666,8k+,32.43243194156319
learned_K2_V2_s35_step10000,learned,2,35,samsum,Few-shot,19,3ea532ab0addd3b00ccff7e7f4c09e0644067bf1acf1453a,3170,0-4k,61.538461112426035
learned_K2_V2_s35_step10000,learned,2,35,samsum,Few-shot,20,b0a5da20017e4f6d513b2e5058be42e204a1e105698da42e,11154,8k+,52.17391262003781
learned_K2_V2_s35_step10000,learned,2,35,samsum,Few-shot,21,0c3ce1cd7e7246a98eda4c178e98c100cbe3e275c4b7ce9b,10825,8k+,66.66666616666667
learned_K2_V2_s35_step10000,learned,2,35,samsum,Few-shot,22,5995658a6719fda93e3338b5bdb95ace008a41f8856f0a81,2223,0-4k,29.41176422145329
learned_K2_V2_s35_step10000,learned,2,35,samsum,Few-shot,23,29fe22e3483ac121e8c349dad5e3755798af025b774a676e,4803,4-8k,31.24999954882813
learned_K2_V2_s35_step10000,learned,2,35,samsum,Few-shot,24,4531b2fb7204ec965ce453b1eddea55b22ba4d798b74c41f,9481,8k+,37.83783733820307
learned_K2_V2_s35_step10000,learned,2,35,samsum,Few-shot,25,a6633d664d9f223bcfaefaac93f16945b776fa27caac6565,3276,0-4k,34.78260819659736
learned_K2_V2_s35_step10000,learned,2,35,samsum,Few-shot,26,9a9571db652927fbef54fe9869dd2f2d3712b5f14e538920,6884,4-8k,34.48275812128419
learned_K2_V2_s35_step10000,learned,2,35,samsum,Few-shot,27,05b71aaf6c3df6cb4f09047fc44a4a88139b9f7a6028b9de,9214,8k+,45.45454495867769
learned_K2_V2_s35_step10000,learned,2,35,samsum,Few-shot,28,e58fc0df85eb2c2b69f4ccb8250348d128e853debabefa37,6465,4-8k,36.363635891570254
learned_K2_V2_s35_step10000,learned,2,35,samsum,Few-shot,29,a07252431ca98d95fddb8b54ea5e5b6778bdf97d81be345e,12184,8k+,27.272726772727278
learned_K2_V2_s35_step10000,learned,2,35,samsum,Few-shot,30,0b17925cad5c3390e9294b318b7049338619abe2362a1b07,3776,0-4k,51.06382929832505
learned_K2_V2_s35_step10000,learned,2,35,samsum,Few-shot,31,304f4ae8cfd2d8a77310d0c7e9b9c910713b1c36492ef660,4381,4-8k,79.99999952
learned_K2_V2_s35_step10000,learned,2,35,samsum,Few-shot,32,08a9881a615a3ec040eaf48a7575b320ae0bb1b4d1ab71bb,4686,4-8k,38.59649073191752
learned_K2_V2_s35_step10000,learned,2,35,samsum,Few-shot,33,a63b1ff6f29d6d2383c5551b5c7a6bd6552c15c9c95d12f2,9366,8k+,38.46153796153847
learned_K2_V2_s35_step10000,learned,2,35,samsum,Few-shot,34,2231482e3e63d5eb092d2b33f2a64221fea97ad0ad2b7345,1404,0-4k,66.66666619501135
learned_K2_V2_s35_step10000,learned,2,35,samsum,Few-shot,35,cc396bb55c72b6520586eae52c8384a611443d89365c691a,9804,8k+,36.3636358801653
learned_K2_V2_s35_step10000,learned,2,35,samsum,Few-shot,36,977203cd0f8b37190a0b747115061e621f29c73017cdfde4,8710,8k+,24.390243402736473
learned_K2_V2_s35_step10000,learned,2,35,samsum,Few-shot,37,6f91e1d2c7e68d45f7a396cc86e746791b71c821d2dd2bdc,9918,8k+,51.61290273048908
learned_K2_V2_s35_step10000,learned,2,35,samsum,Few-shot,38,1ba38eb2067d2b9f260763740f38f625c1e73387123551fc,8423,8k+,51.282050782380026
learned_K2_V2_s35_step10000,learned,2,35,samsum,Few-shot,39,baf241ba78d0f6bba3199805902dc2c27e7d98dfdae1cf0c,2756,0-4k,37.4999995
learned_K2_V2_s35_step10000,learned,2,35,samsum,Few-shot,40,9a35b78be7c674cd1dc1974650529208d6c9520d1769011b,3209,0-4k,38.70967691987514
learned_K2_V2_s35_step10000,learned,2,35,samsum,Few-shot,41,c5bfa03464d2c2b15aae0ce2028366bc2ba856e115dafe6d,1220,0-4k,32.14285664859694
learned_K2_V2_s35_step10000,learned,2,35,samsum,Few-shot,42,b37b693a6fddf5d33590780ebe83bac0a9132031c3f473d4,4847,4-8k,12.7659569524672
learned_K2_V2_s35_step10000,learned,2,35,samsum,Few-shot,43,08218d6182ae58880542773ad86e88dda511567e2044167e,10366,8k+,15.384614920858002
learned_K2_V2_s35_step10000,learned,2,35,samsum,Few-shot,44,b481ab4fede445b9584628fbf89b9aaa800e968f15a7cb19,8314,8k+,18.181817685950424
learned_K2_V2_s35_step10000,learned,2,35,samsum,Few-shot,45,e4bbb70ba476455aa191ff54a99cba302697eb476c1380d7,7843,4-8k,52.307691850414194
learned_K2_V2_s35_step10000,learned,2,35,samsum,Few-shot,46,0f77948ea5b4eeda18bcc77696068cf78078bbba56873cdb,1644,0-4k,44.897958718867145
learned_K2_V2_s35_step10000,learned,2,35,samsum,Few-shot,47,8945d44661e272cd436e8834a9d5dd296587dc089dc6b726,4912,4-8k,58.82352891349482
learned_K2_V2_s35_step10000,learned,2,35,samsum,Few-shot,48,7a85937d2e1ac3215ab2518db4dc4d633fbb81f042776780,1162,0-4k,48.275861574316295
learned_K2_V2_s35_step10000,learned,2,35,samsum,Few-shot,49,46cbb91f855819d2efe512e789fdd8b396e01410b16a2362,7924,4-8k,49.99999950500001
learned_K2_V2_s35_step10000,learned,2,35,samsum,Few-shot,50,e1d562374aafc01409f57b6ed93cee7c78cec8a704cb4550,2654,0-4k,34.146340966091614
learned_K2_V2_s35_step10000,learned,2,35,samsum,Few-shot,51,1fae82934e7bb33ecc120cd19430271cfdead4a5c5f3e71e,10130,8k+,28.57142808163266
learned_K2_V2_s35_step10000,learned,2,35,samsum,Few-shot,52,40f0ae0d1ee37405f294e24f6df7895ff373c786bdbeb226,9449,8k+,47.826086490548214
learned_K2_V2_s35_step10000,learned,2,35,samsum,Few-shot,53,721c3d7807b49e1b1de360eccf1a1aaddf4bd3c07b2b293e,8653,8k+,15.094339137059468
learned_K2_V2_s35_step10000,learned,2,35,samsum,Few-shot,54,f610a9277f835ce98ed109bc091260a7df3f1005aca8ec55,2483,0-4k,23.529411266435996
learned_K2_V2_s35_step10000,learned,2,35,samsum,Few-shot,55,18eef277538245626197dee424b5e4d5e95a36c28ad41222,7165,4-8k,44.444444043209884
learned_K2_V2_s35_step10000,learned,2,35,samsum,Few-shot,56,ac012674f6e72a474f8b26f8a18f486dc25fded070ef49d9,11138,8k+,38.80596964936512
learned_K2_V2_s35_step10000,learned,2,35,samsum,Few-shot,57,06579eaea3267676100c47cf3a32d27623e0f0baf0eeede1,1415,0-4k,17.391303894139902
learned_K2_V2_s35_step10000,learned,2,35,samsum,Few-shot,58,bd5e296ce74f0d76e3763d4ee24f314d3e53580bf18e84af,3135,0-4k,54.054053583637696
learned_K2_V2_s35_step10000,learned,2,35,samsum,Few-shot,59,b14c862a69ef6cdaedefc6a8f71f652cc06dc44c3eed3f55,10777,8k+,39.99999952000001
learned_K2_V2_s35_step10000,learned,2,35,samsum,Few-shot,60,3023ac5d13e9d911472a3bdc65329f144dc0e35587728c96,2448,0-4k,19.04761854875285
learned_K2_V2_s35_step10000,learned,2,35,samsum,Few-shot,61,c397fd04b0eb132a414108a73344e4027b7d29646854846a,9694,8k+,53.33333284222223
learned_K2_V2_s35_step10000,learned,2,35,samsum,Few-shot,62,53288fa1b74f9e294d25fda05653264869576b9ac133a49f,4187,4-8k,48.148147703703714
learned_K2_V2_s35_step10000,learned,2,35,samsum,Few-shot,63,d71638b493499623ac6f16097562b613a26250176c4aff8c,5874,4-8k,46.153845656804734
learned_K2_V2_s35_step10000,learned,2,35,samsum,Few-shot,64,5f3bced3ff98311eab05253b995019cf799139c3ca9ba33c,9123,8k+,25.806451113423527
learned_K2_V2_s35_step10000,learned,2,35,samsum,Few-shot,65,f8c3191fa99b86e7f980d14f373f9b98d312405b7d96b99d,9352,8k+,67.92452780633678
learned_K2_V2_s35_step10000,learned,2,35,samsum,Few-shot,66,c89203964d38b3c472e1c3b4f6757f4a816a004afb9be3af,1691,0-4k,24.99999950125001
learned_K2_V2_s35_step10000,learned,2,35,samsum,Few-shot,67,b707a5cef97b53f8481d57e50ecfc424b0d6112251239132,6790,4-8k,60.86956471833649
learned_K2_V2_s35_step10000,learned,2,35,samsum,Few-shot,68,11825be04e419a923b7c16aa952f5391c60383b6935f1fd4,6236,4-8k,47.9999995
learned_K2_V2_s35_step10000,learned,2,35,samsum,Few-shot,69,cea67f9e6218dd3c850accfd096dfa916a46025d2c824072,936,0-4k,25.806451175858484
learned_K2_V2_s35_step10000,learned,2,35,samsum,Few-shot,70,7e071e42fb5e378e081ca620c8dfd51814e305f0d5c93631,7481,4-8k,41.17647015051904
learned_K2_V2_s35_step10000,learned,2,35,samsum,Few-shot,71,3145e13f8c57e73c0d0ad6af1f225dced581cf48dc66c1b2,6099,4-8k,68.57142808163266
learned_K2_V2_s35_step10000,learned,2,35,samsum,Few-shot,72,6a2889066f8036215df285eb1a817932b5cc088e9254ae4d,2110,0-4k,39.9999995088889
learned_K2_V2_s35_step10000,learned,2,35,samsum,Few-shot,73,e8093cf1029d67215d8923ee2ee24ef72b3b3e89c0b24b9a,5832,4-8k,21.05263111357342
learned_K2_V2_s35_step10000,learned,2,35,samsum,Few-shot,74,69353f9250a942cd899f379c999e0661f1d480c18c5d93be,6733,4-8k,74.4186041644132
learned_K2_V2_s35_step10000,learned,2,35,samsum,Few-shot,75,f3f8c2e67980c65391702630b0e9e80ab725a73794f757e5,3237,0-4k,30.76923029585799
learned_K2_V2_s35_step10000,learned,2,35,samsum,Few-shot,76,9756cdabaec5212f9c240ece00e2e78b0494f283c60ded58,9464,8k+,34.78260835538754
learned_K2_V2_s35_step10000,learned,2,35,samsum,Few-shot,77,bdaabe95439bdf73e317e1d25ff5950baf98adf0d1f6f8f2,9356,8k+,30.769230269559504
learned_K2_V2_s35_step10000,learned,2,35,samsum,Few-shot,78,e2da5efa833aca9a4b864566185d9b9ebd5828011e773ec3,5571,4-8k,60.86956471833649
learned_K2_V2_s35_step10000,learned,2,35,samsum,Few-shot,79,b7d15ef15a0ae0b16d47b17812d8a27aa75644157d1a05d7,10434,8k+,36.1445778150675
learned_K2_V2_s35_step10000,learned,2,35,samsum,Few-shot,80,dd67c41fcca2c4cf2444129da31eae2dcce158f4a0fca3a7,4927,4-8k,49.99999951757813
learned_K2_V2_s35_step10000,learned,2,35,samsum,Few-shot,81,029c92ef5effb514c528174b21df3ca71e1b081302df80de,11405,8k+,32.91139192821664
learned_K2_V2_s35_step10000,learned,2,35,samsum,Few-shot,82,fa2c3e8009a275c4b1263f41043d94b748ddba1755dc2c20,4428,4-8k,75.86206847086801
learned_K2_V2_s35_step10000,learned,2,35,samsum,Few-shot,83,7b4174f8931aaaf2726ec4219dad5aa987a1f08c52a7c05b,4173,4-8k,15.38461488757398
learned_K2_V2_s35_step10000,learned,2,35,samsum,Few-shot,84,b8c42e4d44758833224249af5e22f4dcde0e92e8fff92997,8729,8k+,33.33333283446712
learned_K2_V2_s35_step10000,learned,2,35,samsum,Few-shot,85,faa641b2339029552240283cb3eb9f815bd90a06ac135dbc,2519,0-4k,11.764705384083065
learned_K2_V2_s35_step10000,learned,2,35,samsum,Few-shot,86,ebb6ad57d4118e3275c3109c5fdeca9299110db1ffda0924,2227,0-4k,23.999999500800012
learned_K2_V2_s35_step10000,learned,2,35,samsum,Few-shot,87,0d0b1c51ccc5106ef10d27b869a04e54c9ffd5074ace32e4,2045,0-4k,13.333332868888906
learned_K2_V2_s35_step10000,learned,2,35,samsum,Few-shot,88,3d57887e9bb04d7648a0091d39175cc3acd3b4c1d5e8d98b,7008,4-8k,66.66666618666667
learned_K2_V2_s35_step10000,learned,2,35,samsum,Few-shot,89,171d90f8d9592d69bfb3e6d3dfdc8c60d88bff006befecdb,8345,8k+,43.13725441753172
learned_K2_V2_s35_step10000,learned,2,35,samsum,Few-shot,90,edfd7d3c1d103d813c255f8133a878ca477cd4ab20aa3923,1703,0-4k,44.82758571224733
learned_K2_V2_s35_step10000,learned,2,35,samsum,Few-shot,91,3327b50215d96390e5edf870d22e6f078874e1097bc29a80,6376,4-8k,55.555555154321
learned_K2_V2_s35_step10000,learned,2,35,samsum,Few-shot,92,9fa8ff90564676845ee9b2c0cdb49efb769b25d235a1e331,9637,8k+,59.99999952
learned_K2_V2_s35_step10000,learned,2,35,samsum,Few-shot,93,b80ec6059b275d67bdce55f73c1de138c0d87c756283f1ad,6247,4-8k,73.68421006094184
learned_K2_V2_s35_step10000,learned,2,35,samsum,Few-shot,94,0d071fdce0e38731a8ce8e4c2e0d8d7b56bcc9e547d7ee2d,7781,4-8k,47.99999952000001
learned_K2_V2_s35_step10000,learned,2,35,samsum,Few-shot,95,3823413de24cda2deac90bc7e23ac98e9f2a85a97e67d7b7,12252,8k+,22.222221838134434
learned_K2_V2_s35_step10000,learned,2,35,samsum,Few-shot,96,2c5fa3aaf2cd3b0ecdfa08c040b2f61b55a99a76cf3e1c5b,3917,0-4k,38.46153796153847
learned_K2_V2_s35_step10000,learned,2,35,samsum,Few-shot,97,ed2f9dae770b8bee6ab8f7b9f5155b1e32c1bad1552c679f,10251,8k+,22.22222182098766
learned_K2_V2_s35_step10000,learned,2,35,samsum,Few-shot,98,100d6b1317c0e92000461be559a341f8b821838f88b7cc35,1734,0-4k,36.84210476454294
learned_K2_V2_s35_step10000,learned,2,35,samsum,Few-shot,99,17a45a2cc25d2b357884f8ae0f02e14b0ce7161defe1cd7b,7127,4-8k,72.72727223140495
learned_K2_V2_s35_step10000,learned,2,35,samsum,Few-shot,100,a501f8735e8dbf40347a3f2674cb5de0b7ffb2e807397966,8851,8k+,34.04255269171571
learned_K2_V2_s35_step10000,learned,2,35,samsum,Few-shot,101,5933205633d1009df7fd5e03ac2fbe896391b78d43382d56,7940,4-8k,32.43243194156319
learned_K2_V2_s35_step10000,learned,2,35,samsum,Few-shot,102,dc28772d624fd0a04364c0d1a085079cf97ae7348b31293a,6846,4-8k,58.33333284722223
learned_K2_V2_s35_step10000,learned,2,35,samsum,Few-shot,103,4a8f9c776ba291feb3248d8e21a9c5a4992b669d1e687be3,2161,0-4k,24.999999625000004
learned_K2_V2_s35_step10000,learned,2,35,samsum,Few-shot,104,d322965a8236938c5c43026218c3b432a2116b0b8af4bbe4,2017,0-4k,39.9999995392
learned_K2_V2_s35_step10000,learned,2,35,samsum,Few-shot,105,72a96c063148945084113640464ca167e910bdef06bb28a1,6247,4-8k,9.999999520000022
learned_K2_V2_s35_step10000,learned,2,35,samsum,Few-shot,106,593c4a2fb14e5946b8a4bb535ffec6ee5f1abaa4c10c9661,3539,0-4k,38.46153796449705
learned_K2_V2_s35_step10000,learned,2,35,samsum,Few-shot,107,a628944c1cae7d72a92d89e86340c708a6741c38af83dba6,5587,4-8k,37.499999501953134
learned_K2_V2_s35_step10000,learned,2,35,samsum,Few-shot,108,a2fcc93909837b923399bb08ec235bdac2c4bf18fddb54d6,5308,4-8k,51.999999539200005
learned_K2_V2_s35_step10000,learned,2,35,samsum,Few-shot,109,2867305b1bbfe001a8fcab739f97fdc7704d60ebfe05963b,4694,4-8k,30.76923027218935
learned_K2_V2_s35_step10000,learned,2,35,samsum,Few-shot,110,223744a2ba0d3c673ab33b0b1bcbf9eaab044eda7f027eeb,3916,0-4k,29.166666167534732
learned_K2_V2_s35_step10000,learned,2,35,samsum,Few-shot,111,cb9dbf8d7a97cf7b5ffba4306c8a02c039e3bfb2ffa36ee8,8726,8k+,47.999999507199995
learned_K2_V2_s35_step10000,learned,2,35,samsum,Few-shot,112,c4199640b2f017d470c8f1a2e2b91ad294bf054a4b91c93c,5696,4-8k,44.89795870054144
learned_K2_V2_s35_step10000,learned,2,35,samsum,Few-shot,113,8472c0f50c9bd0807a8451d91c18bb7dde7634a8e3f7ecf7,3928,0-4k,48.78048730755503
learned_K2_V2_s35_step10000,learned,2,35,samsum,Few-shot,114,a03f5779eb8cbf3459b268608a8940d28ddd13c4f1af22d0,4162,4-8k,22.222221722908106
learned_K2_V2_s35_step10000,learned,2,35,samsum,Few-shot,115,93fed7486289a18c34997eaf2ef48fb87a98e88e730e0708,2148,0-4k,55.17241329369797
learned_K2_V2_s35_step10000,learned,2,35,samsum,Few-shot,116,e1acf63c6bb81e10190f6508666809930a44b4e4aadbe60f,2292,0-4k,26.229507726955127
learned_K2_V2_s35_step10000,learned,2,35,samsum,Few-shot,117,ee982eb6556c91f207286901273a03aeab6be45fd21c70ed,11695,8k+,43.999999539200005
learned_K2_V2_s35_step10000,learned,2,35,samsum,Few-shot,118,4b5de29413fcfa078971cbb788bdcbd16fdc6520470f8be4,5133,4-8k,27.906976261492712
learned_K2_V2_s35_step10000,learned,2,35,samsum,Few-shot,119,47690e4efc6cc108d2920cbf7d115b69f373c18e1e4e8327,4339,4-8k,52.94117597231834
learned_K2_V2_s35_step10000,learned,2,35,samsum,Few-shot,120,e432581a05a516ea0c2240c6b0416c698765a013ec083ecf,4873,4-8k,42.857142357142855
learned_K2_V2_s35_step10000,learned,2,35,samsum,Few-shot,121,3273d86a8454d1eb68359d457fdf153825d8a2e7a26486c0,3477,0-4k,36.92307643266272
learned_K2_V2_s35_step10000,learned,2,35,samsum,Few-shot,122,e98469335a1871fe48affa2d2cc8a29a08c2c94b4f219f03,7230,4-8k,45.83333283420139
learned_K2_V2_s35_step10000,learned,2,35,samsum,Few-shot,123,fe66f5eec11dc34c225461525c77e6e1dbddd6aafa075cbd,11070,8k+,19.99999956722223
learned_K2_V2_s35_step10000,learned,2,35,samsum,Few-shot,124,2515cecdd8be7b91008f8563446511069fec11469d88493e,3446,0-4k,44.44444402743484
learned_K2_V2_s35_step10000,learned,2,35,samsum,Few-shot,125,c80d4bf6971ba2e7a0b3a5affdaa50a01a03faa368077524,3931,0-4k,48.571428071836735
learned_K2_V2_s35_step10000,learned,2,35,samsum,Few-shot,126,51d2d2f40f1a0a23536911918c3c3cab01e62e1d69febde9,10618,8k+,9.999999505000023
learned_K2_V2_s35_step10000,learned,2,35,samsum,Few-shot,127,9680349a96fc7e561ea885a2f9bcc92f4e1d681f6f44b19f,9769,8k+,46.15384565964498
learned_K2_V2_s35_step10000,learned,2,35,samsum,Few-shot,128,8ac7873eb5e6aa068f153bd8cc38a1079499e15f2aada4a8,3082,0-4k,25.64102514924393
learned_K2_V2_s35_step10000,learned,2,35,samsum,Few-shot,129,4d088d03f6793851554a7cc0da295d3039bb246c521eaa39,1322,0-4k,26.66666622222223
learned_K2_V2_s35_step10000,learned,2,35,samsum,Few-shot,130,5043e9d1973f26110634885ad76579372fc3384850981bfb,2343,0-4k,45.71428521795918
learned_K2_V2_s35_step10000,learned,2,35,samsum,Few-shot,131,f4bae88b1e8eb632d4912388a104e720eda71268b1ea8ffe,6253,4-8k,31.818181355371905
learned_K2_V2_s35_step10000,learned,2,35,samsum,Few-shot,132,491fc015ee162eea0ba137c066441d7e2181c23b9f96a0b2,9070,8k+,68.96551677051131
learned_K2_V2_s35_step10000,learned,2,35,samsum,Few-shot,133,a1518985bae2f9526d5abfdfce426e102cec7bb94bf8210b,8528,8k+,37.4999995
learned_K2_V2_s35_step10000,learned,2,35,samsum,Few-shot,134,e797432c9ad673849ca152edf1960b239233c7da3dc5d322,6422,4-8k,8.69565175047261
learned_K2_V2_s35_step10000,learned,2,35,samsum,Few-shot,135,2d1e6cb1472ebeaec5c98247db9cfb14106fbfe48ff7492e,9570,8k+,21.052631146814413
learned_K2_V2_s35_step10000,learned,2,35,samsum,Few-shot,136,95d0c2004805a0f406b92cd01b11b761424dc313c2140a4a,2027,0-4k,27.999999635200002
learned_K2_V2_s35_step10000,learned,2,35,samsum,Few-shot,137,4a7ffd0f5b2b58da2ceee555d98434732960de40304014a5,1652,0-4k,31.999999507200005
learned_K2_V2_s35_step10000,learned,2,35,samsum,Few-shot,138,6cff321157590b5b89fe2dfa6eb07eaa341cf96fe4f90261,3425,0-4k,57.14285665306124
learned_K2_V2_s35_step10000,learned,2,35,samsum,Few-shot,139,d3c927ec62a1e2c811c16eb81d1e8dadbc478f7383869c47,3380,0-4k,47.0588230449827
learned_K2_V2_s35_step10000,learned,2,35,samsum,Few-shot,140,6cc5b3611ecaff0d89ee96573450dab7b8e661fa94e7ea70,11317,8k+,52.6315784529086
learned_K2_V2_s35_step10000,learned,2,35,samsum,Few-shot,141,725a8672b9af114882cd69d4246bcc60da8068dbbfdbc91f,10032,8k+,29.62962913031551
learned_K2_V2_s35_step10000,learned,2,35,samsum,Few-shot,142,0d82921de641c8e965995c4f23bde32c50d6d188ca6c63c1,3375,0-4k,51.4285709779592
learned_K2_V2_s35_step10000,learned,2,35,samsum,Few-shot,143,a334e8038366f81f2e2cf83fd2df8dec506e606fbffe9ecd,3878,0-4k,99.9999995
learned_K2_V2_s35_step10000,learned,2,35,samsum,Few-shot,144,12ed449be6a18cd41754ffc6fa39ef8d5455e514836b789e,6914,4-8k,54.54545404545455
learned_K2_V2_s35_step10000,learned,2,35,samsum,Few-shot,145,52ce9685968c0197a7057ffd36cd43b8a6c5f93c0f4eb082,7136,4-8k,63.15789423822715
learned_K2_V2_s35_step10000,learned,2,35,samsum,Few-shot,146,a7f5fb962522dd21d40ce283ce364b01f72d5129a90c6ca9,6607,4-8k,46.15384565384616
learned_K2_V2_s35_step10000,learned,2,35,samsum,Few-shot,147,c97ac6d74c9a68c6bc2cdaff2a770b02373b1fd971dbef1b,7032,4-8k,21.052631191135738
learned_K2_V2_s35_step10000,learned,2,35,samsum,Few-shot,148,16ddb689f45deda382900fd5d5f756422444f9f48e8fa636,11799,8k+,57.142856643990925
learned_K2_V2_s35_step10000,learned,2,35,samsum,Few-shot,149,c016e1f9b824428a4b555cd4e5901a69b32a03dbb6098e57,9216,8k+,51.85185140740741
learned_K2_V2_s35_step10000,learned,2,35,samsum,Few-shot,150,35cb0314151086c1c7e25fae71ed0d94b8c6ba4fa33727c6,1820,0-4k,57.14285664298314
learned_K2_V2_s35_step10000,learned,2,35,samsum,Few-shot,151,08f5ae9140be52467a52dccb6ba19710a755e5eea7be4fce,7157,4-8k,31.578946880886434
learned_K2_V2_s35_step10000,learned,2,35,samsum,Few-shot,152,523e73457ab272cc8f314e274da9ca017e21557f9a8c55bf,9076,8k+,30.76923029585799
learned_K2_V2_s35_step10000,learned,2,35,samsum,Few-shot,153,9dfa3b138d932094f82237814eaca96b95330f681cba0d33,6275,4-8k,38.09523766780046
learned_K2_V2_s35_step10000,learned,2,35,samsum,Few-shot,154,cf9464373a128bf26c8d2778f9e4a37c5a15dbed12ad01ae,7046,4-8k,49.99999950000001
learned_K2_V2_s35_step10000,learned,2,35,samsum,Few-shot,155,158b7db2e111643f66315da64d8459f61ad6dd62f5f24c2c,1909,0-4k,31.99999950080001
learned_K2_V2_s35_step10000,learned,2,35,samsum,Few-shot,156,91280882f45eb2edb0c7855505ba20ad3f921aab968a5e02,8932,8k+,69.999999505
learned_K2_V2_s35_step10000,learned,2,35,samsum,Few-shot,157,1537063882622792485d2b7b85c9007d860ec34ed0c045e0,8341,8k+,29.62962913031551
learned_K2_V2_s35_step10000,learned,2,35,samsum,Few-shot,158,f0e71c2db6682e5a803cabdda40103b27a3789e639fff1a9,5004,4-8k,61.538461112426035
learned_K2_V2_s35_step10000,learned,2,35,samsum,Few-shot,159,c8173da8a75ab3c6675ee6c68956da1e42996a4f2ede632d,2904,0-4k,36.73469340274886
learned_K2_V2_s35_step10000,learned,2,35,samsum,Few-shot,160,95b1a2ddbee09df194078af17fc50b5d3914e262d44b7336,11057,8k+,39.9999995088889
learned_K2_V2_s35_step10000,learned,2,35,samsum,Few-shot,161,d379ce2929c951da1c6732a9d7f038baeba38d2d9f8dbe16,3760,0-4k,16.39344222090837
learned_K2_V2_s35_step10000,learned,2,35,samsum,Few-shot,162,bc83a8e90bc7b17d698b5bc6036824545184d9d83226cb17,7949,4-8k,31.57894691828255
learned_K2_V2_s35_step10000,learned,2,35,samsum,Few-shot,163,55a2550c5994d0dc89295210d4ecea34554c34e53b633977,5382,4-8k,66.66666616780046
learned_K2_V2_s35_step10000,learned,2,35,samsum,Few-shot,164,0c5ef0430cfb35865d7a7089d0680dffca5c6fc47617d4d1,9891,8k+,20.68965470154579
learned_K2_V2_s35_step10000,learned,2,35,samsum,Few-shot,165,ca6fb212b9d2438c491347edeb4c831574dbce05156acabb,1918,0-4k,33.33333300347223
learned_K2_V2_s35_step10000,learned,2,35,samsum,Few-shot,166,fbb2b9aa01b9031031514ed3ee86265d451c500ae786f32c,10497,8k+,33.33333283333334
learned_K2_V2_s35_step10000,learned,2,35,samsum,Few-shot,167,d841a74bb52922aa506002d3e63706ad39cd74a59dfedabe,7511,4-8k,52.17391258979208
learned_K2_V2_s35_step10000,learned,2,35,samsum,Few-shot,168,ad31fa8c4c4fbd9ef10330a14bca236cf6bd9cab2479aaa8,3617,0-4k,54.54545404958678
learned_K2_V2_s35_step10000,learned,2,35,samsum,Few-shot,169,b9186683e3a1ea17d8fe43a76a8fea0b8770e2b2a5496c95,6911,4-8k,33.9622636511214
learned_K2_V2_s35_step10000,learned,2,35,samsum,Few-shot,170,9bef05731a1bc5959d5a4c17f0dfe0e6a6f8d387e4b4b866,9980,8k+,29.26829219036289
learned_K2_V2_s35_step10000,learned,2,35,samsum,Few-shot,171,2eba946bb02cd774187fc4ebab19ece079c25fe95f6ba846,1985,0-4k,29.99999950000001
learned_K2_V2_s35_step10000,learned,2,35,samsum,Few-shot,172,c66ba5a51d22fd790683d85542dc51d1054755ae0730b92c,7209,4-8k,73.68421002770083
learned_K2_V2_s35_step10000,learned,2,35,samsum,Few-shot,173,591c67f8aff93224840f4533e3b7ebf43125139c1b4aac75,10231,8k+,20.689654687277063
learned_K2_V2_s35_step10000,learned,2,35,samsum,Few-shot,174,07709abc3be3a851f5635edae1ad3ef6eefb01747bf41c17,4187,4-8k,31.999999507200005
learned_K2_V2_s35_step10000,learned,2,35,samsum,Few-shot,175,6639f8b07ae8761c9db13f6b856392a0040f97b39ef62095,2808,0-4k,49.99999950781251
learned_K2_V2_s35_step10000,learned,2,35,samsum,Few-shot,176,aaf4938b43d60e19478a27285d60fe7b794b232d4076e117,8885,8k+,40.816326047480224
learned_K2_V2_s35_step10000,learned,2,35,samsum,Few-shot,177,878eb0930e9983706fb3aad21f71f087fe022f4ce57d5565,3613,0-4k,22.222221739369008
learned_K2_V2_s35_step10000,learned,2,35,samsum,Few-shot,178,edf93eb1574ef71bdaff695c16df412be8262ed5b627daeb,10898,8k+,64.61538413538462
learned_K2_V2_s35_step10000,learned,2,35,samsum,Few-shot,179,109dc0da021db0a9005c342c41d510c759e09bcb61a85d85,3022,0-4k,29.26829219036289
learned_K2_V2_s35_step10000,learned,2,35,samsum,Few-shot,180,6dba04895a8a342a93de57ee64592b19d6c636493b7f8c91,10071,8k+,53.061224014993755
learned_K2_V2_s35_step10000,learned,2,35,samsum,Few-shot,181,3caad29ef6681517151ef3045b86797489eae153942c0bff,2757,0-4k,79.99999950000002
learned_K2_V2_s35_step10000,learned,2,35,samsum,Few-shot,182,80c77e1a86b9d7562489940fe2776a319eaf916ddc7794cd,7807,4-8k,44.44444398302469
learned_K2_V2_s35_step10000,learned,2,35,samsum,Few-shot,183,5b7a49358e2cdb10ee1a4d3950e7866b25ea48d3237b552f,3938,0-4k,45.71428521795918
learned_K2_V2_s35_step10000,learned,2,35,samsum,Few-shot,184,27487258c5d930225a5cb2dee846adde91655231360ab56b,2858,0-4k,38.80596965471153
learned_K2_V2_s35_step10000,learned,2,35,samsum,Few-shot,185,3907166a807e952c279420346a95f5292bbea0e3864c01fc,7941,4-8k,43.74999953125
learned_K2_V2_s35_step10000,learned,2,35,samsum,Few-shot,186,404589ed7d8984241622aa3d84864257102da1d8a384df6c,10326,8k+,19.51219464604403
learned_K2_V2_s35_step10000,learned,2,35,samsum,Few-shot,187,40a8c9c1461f40df091db167cc8676cb2557e58c3dba785b,5775,4-8k,38.297871846084206
learned_K2_V2_s35_step10000,learned,2,35,samsum,Few-shot,188,892bbc511e625c02abd5957eddc93b2a63cf5449abd41110,3429,0-4k,51.851851352537736
learned_K2_V2_s35_step10000,learned,2,35,samsum,Few-shot,189,db10534fae258cab6db3463a4ef0702b0813b0b668f3be25,8435,8k+,99.9999995
learned_K2_V2_s35_step10000,learned,2,35,samsum,Few-shot,190,e27d681e57e3119e47840d60fe4747f472280e4cfa974fe3,3741,0-4k,44.444444000000004
learned_K2_V2_s35_step10000,learned,2,35,samsum,Few-shot,191,8a17b5e513adfe5402e8fa8c3be9cda6b40c1c06a6e6ae16,9825,8k+,31.578946903047093
learned_K2_V2_s35_step10000,learned,2,35,samsum,Few-shot,192,ba86d1b2ce21af11073a732145d3f2d19850d1a32ebe9407,5492,4-8k,45.45454495867769
learned_K2_V2_s35_step10000,learned,2,35,samsum,Few-shot,193,3ba1ef46ad45638248842e95574774b741c89955b4d87680,6053,4-8k,35.897435424063126
learned_K2_V2_s35_step10000,learned,2,35,samsum,Few-shot,194,077ec45959026d33279e561faf3d40eef364d84359adf349,1198,0-4k,43.478260370510405
learned_K2_V2_s35_step10000,learned,2,35,samsum,Few-shot,195,eff8a85ede13ab11df6e505dad77103540fb8530388240a2,9352,8k+,49.99999954081633
learned_K2_V2_s35_step10000,learned,2,35,samsum,Few-shot,196,97dc4f308b6ee7615535ce1adea91eb4f43f6c1861bba84c,8082,8k+,19.99999952000001
learned_K2_V2_s35_step10000,learned,2,35,samsum,Few-shot,197,57a65253ba63bb5374598362ad2aa7481e772bdcc2e606fb,11366,8k+,42.85714244897959
learned_K2_V2_s35_step10000,learned,2,35,samsum,Few-shot,198,8403037677f39e611a0db5d16ce6e67f4bd272d8c88111d2,5523,4-8k,31.818181368801657
learned_K2_V2_s35_step10000,learned,2,35,samsum,Few-shot,199,f176618a09a3e841b345cfe2fa932acb21790c0da87259a1,10784,8k+,24.999999513888895
learned_K2_V2_s35_step10000,learned,2,35,lsht,Few-shot,0,9b60df93b387e861804fbc9f71c94d9868f03eb01ee77d99,15596,8k+,0.0
learned_K2_V2_s35_step10000,learned,2,35,lsht,Few-shot,1,9871d5f545ee19094951e5b94ef151b5f6c7d84a4055d480,20209,8k+,100.0
learned_K2_V2_s35_step10000,learned,2,35,lsht,Few-shot,2,eba6e1a352be9c8a042bfe57c3f6dda5772ce4d9b17609d5,20763,8k+,0.0
learned_K2_V2_s35_step10000,learned,2,35,lsht,Few-shot,3,4cd91e500e1281bcb2d757c621be9787a6b542c8a7fc0dfc,22245,8k+,100.0
learned_K2_V2_s35_step10000,learned,2,35,lsht,Few-shot,4,6ed754998b35f7f48cef5a8868614c3373228f67563f8882,13855,8k+,0.0
learned_K2_V2_s35_step10000,learned,2,35,lsht,Few-shot,5,0aa0d19c0084ad02a84a486b4335412e91727d408bcc585c,13232,8k+,100.0
learned_K2_V2_s35_step10000,learned,2,35,lsht,Few-shot,6,e2e6ffa71314a016aeee4cee15994d739a0bb4951e7294ca,19134,8k+,100.0
learned_K2_V2_s35_step10000,learned,2,35,lsht,Few-shot,7,f8a0dc4eed46f5e2be5f2f3f75145b6daacb1d29f826611d,10779,8k+,0.0
learned_K2_V2_s35_step10000,learned,2,35,lsht,Few-shot,8,fd8f42268ae622bcefc50359c95e0a4e76712f168d734d02,20784,8k+,0.0
learned_K2_V2_s35_step10000,learned,2,35,lsht,Few-shot,9,2ccf625c545df102e50c9b39bca976f1c79af342dda8238c,31935,8k+,0.0
learned_K2_V2_s35_step10000,learned,2,35,lsht,Few-shot,10,f79fa88805bbe01f7ad51d6474a0bd775fe3ec94f702e32c,33167,8k+,100.0
learned_K2_V2_s35_step10000,learned,2,35,lsht,Few-shot,11,eb05f9ff086cfff82018f7829f66fe44072d88f1eba9a460,30731,8k+,0.0
learned_K2_V2_s35_step10000,learned,2,35,lsht,Few-shot,12,b0c696892fb31870b251d545aa6e928c27f9e5b1f696e159,20278,8k+,0.0
learned_K2_V2_s35_step10000,learned,2,35,lsht,Few-shot,13,c39072bf6a7c93c80f4fcd316f7e7e825bad4e8dad4b5c22,23656,8k+,0.0
learned_K2_V2_s35_step10000,learned,2,35,lsht,Few-shot,14,eb2c546b08873fa16f79d76c9d11ecedb86d158ae2cd3f8a,34258,8k+,0.0
learned_K2_V2_s35_step10000,learned,2,35,lsht,Few-shot,15,7193451d112f570b118e634a9e78ed866b1f9a3a7dd9ba5e,25447,8k+,0.0
learned_K2_V2_s35_step10000,learned,2,35,lsht,Few-shot,16,8b7158d936ac9b33cb42cb37f026bb7e77f3e5caaaec42d5,28719,8k+,100.0
learned_K2_V2_s35_step10000,learned,2,35,lsht,Few-shot,17,f7cf3a305f0eef0625256c35761c1470161c950163104abf,21169,8k+,0.0
learned_K2_V2_s35_step10000,learned,2,35,lsht,Few-shot,18,a9b38c3b82cdd21fc113fd11171ef38edd52cd600a8c8663,15335,8k+,100.0
learned_K2_V2_s35_step10000,learned,2,35,lsht,Few-shot,19,d4e5dfb1726c7f265c9eb394342fddd62e58ecb3210e1d98,17812,8k+,0.0
learned_K2_V2_s35_step10000,learned,2,35,lsht,Few-shot,20,951e51831cb58ef729cd84421d0bdfdcb962a1d2a4e6119c,9837,8k+,0.0
learned_K2_V2_s35_step10000,learned,2,35,lsht,Few-shot,21,4775e4d91dc113a2e70283e2c1620942a8016da3500abed4,16027,8k+,100.0
learned_K2_V2_s35_step10000,learned,2,35,lsht,Few-shot,22,860eb2115a166ea14a7db7841050ccc213cac5d737d7c875,18210,8k+,100.0
learned_K2_V2_s35_step10000,learned,2,35,lsht,Few-shot,23,173bb18e0f12ae0fe85c8af24c7805dd23ee1055c04c716f,7875,4-8k,0.0
learned_K2_V2_s35_step10000,learned,2,35,lsht,Few-shot,24,b9ebadb1316446f131f548ccad1ec42e827748fce173e8af,24995,8k+,0.0
learned_K2_V2_s35_step10000,learned,2,35,lsht,Few-shot,25,41d59c593db16d707439f70b46fbd91dfde1dbae0b2859b6,19788,8k+,0.0
learned_K2_V2_s35_step10000,learned,2,35,lsht,Few-shot,26,49d73146b77a9d23ef4c919185712ec3f95ee177d886c714,15483,8k+,100.0
learned_K2_V2_s35_step10000,learned,2,35,lsht,Few-shot,27,a9e9711055f98bcf42d2c0b0e193690fe61dceb2ad09a0f7,30452,8k+,100.0
learned_K2_V2_s35_step10000,learned,2,35,lsht,Few-shot,28,5462a8dbfbc83714b1dda33c24d129582f8dde1283dbb50d,26203,8k+,100.0
learned_K2_V2_s35_step10000,learned,2,35,lsht,Few-shot,29,c252579338e3a7bc3e150953f919635c3061f137c8df63ac,27078,8k+,0.0
learned_K2_V2_s35_step10000,learned,2,35,lsht,Few-shot,30,bd39442b3b4e06224fbf0e7637c6a20a9fd43d5491b3b981,14664,8k+,0.0
learned_K2_V2_s35_step10000,learned,2,35,lsht,Few-shot,31,90f3f70ca59b207d537297535c26a9b3103481a2275b5ce8,28067,8k+,0.0
learned_K2_V2_s35_step10000,learned,2,35,lsht,Few-shot,32,e92cb051d6406419a3dce4b838055fec8da78f45947ee75c,13868,8k+,0.0
learned_K2_V2_s35_step10000,learned,2,35,lsht,Few-shot,33,4d76698b5baeaf7bb25e172771db8b3542a75b36a82e5bac,11395,8k+,0.0
learned_K2_V2_s35_step10000,learned,2,35,lsht,Few-shot,34,ccfec4b08bbffe176e51c45f3da73ac6361f94450581a7d2,19352,8k+,0.0
learned_K2_V2_s35_step10000,learned,2,35,lsht,Few-shot,35,9819a00ab7c9497b0ceaf9c6086541512f31a3adbaf154ea,11410,8k+,0.0
learned_K2_V2_s35_step10000,learned,2,35,lsht,Few-shot,36,f3a92443e5e5b5ff08587a4bdc801005b7052178d1357f2b,22598,8k+,0.0
learned_K2_V2_s35_step10000,learned,2,35,lsht,Few-shot,37,0f4dea693364142cc886db3d3fb8541c9a2de05a41a3e720,19551,8k+,100.0
learned_K2_V2_s35_step10000,learned,2,35,lsht,Few-shot,38,73be471dc4df4d6206ae83c1cabfd03639f0a8ea024e18a6,20130,8k+,0.0
learned_K2_V2_s35_step10000,learned,2,35,lsht,Few-shot,39,47aa1c751cae213a623487d75b1be898fc24f21be0c9ebb4,20889,8k+,100.0
learned_K2_V2_s35_step10000,learned,2,35,lsht,Few-shot,40,d08350e8dc2d684ffa144e4fd0f9da4857b675095132ad47,12107,8k+,0.0
learned_K2_V2_s35_step10000,learned,2,35,lsht,Few-shot,41,4765858be5532eea43e75a3c34eb795db699dbe76de9a0af,13750,8k+,0.0
learned_K2_V2_s35_step10000,learned,2,35,lsht,Few-shot,42,8e11aa9ce0c60cdcf47531643eceeed8d9532dcfd00b5101,14068,8k+,0.0
learned_K2_V2_s35_step10000,learned,2,35,lsht,Few-shot,43,aeb02454a19ce3d7cefb187f2097aa6f99ca89832da312fd,12640,8k+,0.0
learned_K2_V2_s35_step10000,learned,2,35,lsht,Few-shot,44,d80ec898ea13ce6324c31ddc413db41afa166a5f30a5c1fa,25230,8k+,100.0
learned_K2_V2_s35_step10000,learned,2,35,lsht,Few-shot,45,78fb27493dc151b84c10cfaa8723abbe0406e151dca15c17,25526,8k+,0.0
learned_K2_V2_s35_step10000,learned,2,35,lsht,Few-shot,46,2912b44d928f7dc18e114ead2d315c38d1bb578991a56a52,9358,8k+,0.0
learned_K2_V2_s35_step10000,learned,2,35,lsht,Few-shot,47,a60c8e6db1f920ba26cd0c14521d4edf1aefa0a330e1c41d,27953,8k+,0.0
learned_K2_V2_s35_step10000,learned,2,35,lsht,Few-shot,48,417f2ad126bead7ffe755e1aa7c7370a17277ced308d51f4,9132,8k+,0.0
learned_K2_V2_s35_step10000,learned,2,35,lsht,Few-shot,49,8c54a3b5862077f2e7159b5dd6b287d0351da0d943e9854d,26299,8k+,0.0
learned_K2_V2_s35_step10000,learned,2,35,lsht,Few-shot,50,3d96c6ec7b72fc6a87fd112fc607111ef869baa227ae3497,15238,8k+,100.0
learned_K2_V2_s35_step10000,learned,2,35,lsht,Few-shot,51,2778a8752b0225b030bd69361098eacc995899e872d017a7,36467,8k+,0.0
learned_K2_V2_s35_step10000,learned,2,35,lsht,Few-shot,52,d67412d8b0d65174d54c62ccc26e75b8419726ebe575adaf,38304,8k+,0.0
learned_K2_V2_s35_step10000,learned,2,35,lsht,Few-shot,53,72a838a3e4420288c4575b97adc7ddcd39baffcebf6c126b,21240,8k+,0.0
learned_K2_V2_s35_step10000,learned,2,35,lsht,Few-shot,54,fdbaec67b472c091816c1e9245a90b28aab5cace88008135,27806,8k+,0.0
learned_K2_V2_s35_step10000,learned,2,35,lsht,Few-shot,55,74d14da2e6248fcd21fad3749d8ad5235d60eb277411ee0d,18616,8k+,0.0
learned_K2_V2_s35_step10000,learned,2,35,lsht,Few-shot,56,91c7be253e6640e964eeaa6e3c1332644e4a00c52b80126f,19518,8k+,0.0
learned_K2_V2_s35_step10000,learned,2,35,lsht,Few-shot,57,ee835b90d74fe2e015b07dc951c4186b947bf975ae0a524a,19293,8k+,100.0
learned_K2_V2_s35_step10000,learned,2,35,lsht,Few-shot,58,e6c2131a666e8ed6d9b737d223bf5599da56e4818e773044,14874,8k+,0.0
learned_K2_V2_s35_step10000,learned,2,35,lsht,Few-shot,59,597368bf1bb15b0f8c9f9dc01144a5b73b138ebb0256210c,17513,8k+,100.0
learned_K2_V2_s35_step10000,learned,2,35,lsht,Few-shot,60,9535fcd38079495420f2b5ba568a54d4b38c5bd947bd9dd4,23868,8k+,0.0
learned_K2_V2_s35_step10000,learned,2,35,lsht,Few-shot,61,4d376842df181af8cb09943e33b218d79b53ed7c3681fe27,11056,8k+,100.0
learned_K2_V2_s35_step10000,learned,2,35,lsht,Few-shot,62,e67b820c0e3be92a4743babeb3d6d98341824e413238e730,32204,8k+,100.0
learned_K2_V2_s35_step10000,learned,2,35,lsht,Few-shot,63,42de345f9e5a02c6645d58b95030cfd1e3a74951e18aa5bc,28908,8k+,100.0
learned_K2_V2_s35_step10000,learned,2,35,lsht,Few-shot,64,14d732aba5df668d71d1fd77a79539fa9e0dff94202f19c8,19118,8k+,0.0
learned_K2_V2_s35_step10000,learned,2,35,lsht,Few-shot,65,94ff9ba401641186e32bc38f8e5a3264cb0b79a8039cc546,18660,8k+,0.0
learned_K2_V2_s35_step10000,learned,2,35,lsht,Few-shot,66,72bc6cb3180b0c795cc89de1708ae4a07b6351ce49a2cfda,19464,8k+,100.0
learned_K2_V2_s35_step10000,learned,2,35,lsht,Few-shot,67,b31dfc940f9fb516604ba0ef3d39144a227393ed3eaf49bc,30512,8k+,0.0
learned_K2_V2_s35_step10000,learned,2,35,lsht,Few-shot,68,6449ca34c86f695c8dffb06e04166edaf6fe4ce70ef07931,13706,8k+,0.0
learned_K2_V2_s35_step10000,learned,2,35,lsht,Few-shot,69,d52d7527b38a5442341f763558173f5ba421205024c41e9f,6837,4-8k,0.0
learned_K2_V2_s35_step10000,learned,2,35,lsht,Few-shot,70,08fdf45f3f849cfd7a4a0e0b8bceb5336ccae99296f49728,33553,8k+,0.0
learned_K2_V2_s35_step10000,learned,2,35,lsht,Few-shot,71,749ab0fb7a89c961b038d6584dc17ff2bc10ee11255c29ea,26826,8k+,0.0
learned_K2_V2_s35_step10000,learned,2,35,lsht,Few-shot,72,bb0ab59a0f188869883409ccbd10e300c567037579ff7c5d,40961,8k+,100.0
learned_K2_V2_s35_step10000,learned,2,35,lsht,Few-shot,73,67593bb03e55e2a156ac40a6872e1a9da3e20af1cb1f701f,26809,8k+,0.0
learned_K2_V2_s35_step10000,learned,2,35,lsht,Few-shot,74,241b1b48ec2908e2e79128881ab3c084daeac5a81550315d,21041,8k+,0.0
learned_K2_V2_s35_step10000,learned,2,35,lsht,Few-shot,75,7015c70c6399fe8454040f554478f4a8d54e6c73b653361a,39009,8k+,100.0
learned_K2_V2_s35_step10000,learned,2,35,lsht,Few-shot,76,2e48c3f9b4db6005496ded885fde90f835e79307cd7f79e9,15792,8k+,0.0
learned_K2_V2_s35_step10000,learned,2,35,lsht,Few-shot,77,684decafae2bf66d7a2ad69c907737bc3c8d6fb6a0387af9,21059,8k+,0.0
learned_K2_V2_s35_step10000,learned,2,35,lsht,Few-shot,78,c207bf2b153970a8173a19197fddd8d0bfbeef1ef0ac92e3,34524,8k+,0.0
learned_K2_V2_s35_step10000,learned,2,35,lsht,Few-shot,79,d71bd8633527bf3b5d905c13972f35357a5a8b9e64d9fdc2,10188,8k+,0.0
learned_K2_V2_s35_step10000,learned,2,35,lsht,Few-shot,80,2492295077fb7f97d4eed02d8a2b0e9294313cba89e848b6,36460,8k+,0.0
learned_K2_V2_s35_step10000,learned,2,35,lsht,Few-shot,81,f77b578b923be643a918b91937ac8dce53d740dca4fd533d,22242,8k+,0.0
learned_K2_V2_s35_step10000,learned,2,35,lsht,Few-shot,82,d9fbefe77360363dd88dd257a556efaf9ee054f6ca0a3b20,10679,8k+,0.0
learned_K2_V2_s35_step10000,learned,2,35,lsht,Few-shot,83,608f1a37081764cc6685c6a375954b98b85462b932c0fdeb,17872,8k+,0.0
learned_K2_V2_s35_step10000,learned,2,35,lsht,Few-shot,84,e6350a69d73a495180a4d6ef4d475844b126fc5e2b7a0750,40404,8k+,100.0
learned_K2_V2_s35_step10000,learned,2,35,lsht,Few-shot,85,1c1dc99cf5d843cfd72fa4cf0fd7573ee5e8effd178e3320,17618,8k+,100.0
learned_K2_V2_s35_step10000,learned,2,35,lsht,Few-shot,86,bd7eb2f0bea7f905ced53b7b4e990e355276a83cd5250f94,35642,8k+,100.0
learned_K2_V2_s35_step10000,learned,2,35,lsht,Few-shot,87,f5913ef6df7258dc9f797d6bae898332fbb339179e31d318,22488,8k+,0.0
learned_K2_V2_s35_step10000,learned,2,35,lsht,Few-shot,88,754083a44fbfdb8089764a156329bf2684b630b6f7996235,26508,8k+,100.0
learned_K2_V2_s35_step10000,learned,2,35,lsht,Few-shot,89,cf89a89ecce39c7a52f3cd5cacc4e8f965cea22a35667fc5,17448,8k+,100.0
learned_K2_V2_s35_step10000,learned,2,35,lsht,Few-shot,90,53f18be1a50818ec4a9545b0b7558882a13c5997a2f21a06,15583,8k+,0.0
learned_K2_V2_s35_step10000,learned,2,35,lsht,Few-shot,91,0ef7409fc75e97836de0fc1ab6b8c49422843f17bb704a99,37476,8k+,0.0
learned_K2_V2_s35_step10000,learned,2,35,lsht,Few-shot,92,0cfed9fc2fc609083ad5092a58195b3223be5ddbad65d3e1,17648,8k+,0.0
learned_K2_V2_s35_step10000,learned,2,35,lsht,Few-shot,93,1e4b68b187dd4cd32c1a5bb0e7ae4196552721ecbd34b189,44221,8k+,0.0
learned_K2_V2_s35_step10000,learned,2,35,lsht,Few-shot,94,5589a46b13812c500faf0f3a5be6f6e6348767d33aad65db,25299,8k+,0.0
learned_K2_V2_s35_step10000,learned,2,35,lsht,Few-shot,95,210d6dfad32e7b6b17d7b0c0898731b8262bdc68d10920bd,21274,8k+,100.0
learned_K2_V2_s35_step10000,learned,2,35,lsht,Few-shot,96,426691fce9a3d2d68bb40fa408cc33b2a76e660c618995e8,36267,8k+,0.0
learned_K2_V2_s35_step10000,learned,2,35,lsht,Few-shot,97,15b416a54311019fff94d4d2877fc4fea14d92f7cf8f233f,34684,8k+,100.0
learned_K2_V2_s35_step10000,learned,2,35,lsht,Few-shot,98,ef32d13974fb20070fbe67a16c7a2bc46e4478ef9f150011,33149,8k+,0.0
learned_K2_V2_s35_step10000,learned,2,35,lsht,Few-shot,99,ba0b5af6164a4705a75b6bd18d5a8935236837fc84d5040b,28780,8k+,0.0
learned_K2_V2_s35_step10000,learned,2,35,lsht,Few-shot,100,481ea8e1f33c259f74ca98d253578a5a6d5e4c5d2e371c16,23389,8k+,100.0
learned_K2_V2_s35_step10000,learned,2,35,lsht,Few-shot,101,6f2a2f0c88cbee51e522d4b951d6ae54945531b12b30bd99,21557,8k+,0.0
learned_K2_V2_s35_step10000,learned,2,35,lsht,Few-shot,102,e8342cbe52dd9fa9d31a5a7e1cc263ee0fdb2b8afd5781ca,31669,8k+,0.0
learned_K2_V2_s35_step10000,learned,2,35,lsht,Few-shot,103,e00c66f7144f665a0dc7e420d70a7160e4e6dfa2b29f6d3d,8539,8k+,0.0
learned_K2_V2_s35_step10000,learned,2,35,lsht,Few-shot,104,5b476b1b9affc6f01c2d391aa8a812f6ee4d7312b4eb121e,21260,8k+,0.0
learned_K2_V2_s35_step10000,learned,2,35,lsht,Few-shot,105,2d597ad3b23d724134948e35caf9842c075ad727f5a6f7c3,12463,8k+,100.0
learned_K2_V2_s35_step10000,learned,2,35,lsht,Few-shot,106,70b92073b27a540d1171774db374db12f09c53f21dc5aeb3,37393,8k+,0.0
learned_K2_V2_s35_step10000,learned,2,35,lsht,Few-shot,107,205d23b4929939cc0ca486f3c0f9e9b876faae61090aa420,28876,8k+,0.0
learned_K2_V2_s35_step10000,learned,2,35,lsht,Few-shot,108,8f0da91b530bb70daa7450d80c533d54b9ed4280ccf6fb27,32655,8k+,0.0
learned_K2_V2_s35_step10000,learned,2,35,lsht,Few-shot,109,847199ca79626c402283a89461204ea594f15924fe04d375,39666,8k+,0.0
learned_K2_V2_s35_step10000,learned,2,35,lsht,Few-shot,110,5611ebc54df17ad7dea69b4daedfab0d2b5ed4fd0e9af6c3,30378,8k+,0.0
learned_K2_V2_s35_step10000,learned,2,35,lsht,Few-shot,111,a3e5e39a4d1abf20839a48e0cfb5452634ce8fc680ccf127,22490,8k+,0.0
learned_K2_V2_s35_step10000,learned,2,35,lsht,Few-shot,112,fa345fe10f64feb3dd0d493a23efda113cc0d4460b05d25b,27142,8k+,0.0
learned_K2_V2_s35_step10000,learned,2,35,lsht,Few-shot,113,94166d77c6479d64e9c9281608156864556b4179321246f7,18824,8k+,100.0
learned_K2_V2_s35_step10000,learned,2,35,lsht,Few-shot,114,cb89daf843d4ae66b6321e671e512a94ba66eba3d0cdc0f7,20214,8k+,0.0
learned_K2_V2_s35_step10000,learned,2,35,lsht,Few-shot,115,6a5c1038dfd5cf692ee1b5c0793d3b2657f252454fea9a0b,28272,8k+,100.0
learned_K2_V2_s35_step10000,learned,2,35,lsht,Few-shot,116,1f4218209cd6fe3480630148d460df62c054a8b015b4b27a,13209,8k+,0.0
learned_K2_V2_s35_step10000,learned,2,35,lsht,Few-shot,117,5c2a27143375eeda4204af8ba0b28850c1717e0afe58f668,34274,8k+,100.0
learned_K2_V2_s35_step10000,learned,2,35,lsht,Few-shot,118,e4dda3fd057939ced92334ebe1d955872fc10dd3d987a3b4,16179,8k+,100.0
learned_K2_V2_s35_step10000,learned,2,35,lsht,Few-shot,119,a636df415d8cd94786799809e53cb9db7695c9d777172ff0,19470,8k+,100.0
learned_K2_V2_s35_step10000,learned,2,35,lsht,Few-shot,120,e0791683e25990fb951f619579f3429321b75beef0e9858e,22040,8k+,100.0
learned_K2_V2_s35_step10000,learned,2,35,lsht,Few-shot,121,831c9a367c0f26db9dea09dbac57b35d807bc829e112df5e,10089,8k+,100.0
learned_K2_V2_s35_step10000,learned,2,35,lsht,Few-shot,122,2f6deb40cc32309eefe224ded330a06fc350cdffb6ec6515,35203,8k+,0.0
learned_K2_V2_s35_step10000,learned,2,35,lsht,Few-shot,123,bd2d3105b2796a691bbbf9d33205a036973bb556bfbf1347,15528,8k+,0.0
learned_K2_V2_s35_step10000,learned,2,35,lsht,Few-shot,124,1426095087c870ecf60d59727dbc10a26e7cfe747b9a4ca5,26479,8k+,100.0
learned_K2_V2_s35_step10000,learned,2,35,lsht,Few-shot,125,7062b469d478ebe3448e5ada93b6feebcba2720941a529e4,35932,8k+,0.0
learned_K2_V2_s35_step10000,learned,2,35,lsht,Few-shot,126,247a87b0f44225a8d6dd250bf0c701dfd44819d5d314416a,15744,8k+,100.0
learned_K2_V2_s35_step10000,learned,2,35,lsht,Few-shot,127,d90941dc46d0931f1217a15b65f5233bc50b74270350862f,17837,8k+,0.0
learned_K2_V2_s35_step10000,learned,2,35,lsht,Few-shot,128,e2dda64ea8674010e2654c09608ee5411156d38e223aa83e,26486,8k+,100.0
learned_K2_V2_s35_step10000,learned,2,35,lsht,Few-shot,129,1d3ae33cba4b9b3e055c099e2cfe14d9cebd81eba3b8026e,18296,8k+,0.0
learned_K2_V2_s35_step10000,learned,2,35,lsht,Few-shot,130,70b09f123484e03f368e8bc74e44b1f1d8ae1fb411cc91ad,17307,8k+,0.0
learned_K2_V2_s35_step10000,learned,2,35,lsht,Few-shot,131,61f3ca62a3765a36c07b3d82b11a851141bbf53c091d3ea7,23526,8k+,100.0
learned_K2_V2_s35_step10000,learned,2,35,lsht,Few-shot,132,ebe711ef2725cdf77363e3f465f90c115ee78f545b5a92c8,24893,8k+,100.0
learned_K2_V2_s35_step10000,learned,2,35,lsht,Few-shot,133,688b424f55c14ecf4f7df39f096e3737b81df5695359f8c0,28580,8k+,100.0
learned_K2_V2_s35_step10000,learned,2,35,lsht,Few-shot,134,28c4b76d6c6059b3d33efec1f17c88ed671af0c9f2fb8121,37627,8k+,0.0
learned_K2_V2_s35_step10000,learned,2,35,lsht,Few-shot,135,4d8e8389ff0e2282cfc0340876c43ce493b57eca0bb0f5da,26252,8k+,100.0
learned_K2_V2_s35_step10000,learned,2,35,lsht,Few-shot,136,e6c0851e7c4d52b0b8675ab6a80eb72457e5531532a393e9,14209,8k+,0.0
learned_K2_V2_s35_step10000,learned,2,35,lsht,Few-shot,137,dd48d693c2fd8e327479750e69613d7a9ca645dbe5dd6d09,22663,8k+,0.0
learned_K2_V2_s35_step10000,learned,2,35,lsht,Few-shot,138,f1f1d7a5c769a5261538373088cb26ec51a1aa8b9935460b,32565,8k+,0.0
learned_K2_V2_s35_step10000,learned,2,35,lsht,Few-shot,139,40631bf48363037c7f1b3d2eaf55576ad6d7e8da7c7b8b60,33050,8k+,0.0
learned_K2_V2_s35_step10000,learned,2,35,lsht,Few-shot,140,5c78b88899ad4d04d30bd82f98a051fab5929601821d2939,17399,8k+,0.0
learned_K2_V2_s35_step10000,learned,2,35,lsht,Few-shot,141,c011095df3cdd936c2fa105ee08db67df71fc60a28d2ed05,11159,8k+,0.0
learned_K2_V2_s35_step10000,learned,2,35,lsht,Few-shot,142,668326cb9c69a3a967fb2006b344e322e179ed521360a995,11313,8k+,0.0
learned_K2_V2_s35_step10000,learned,2,35,lsht,Few-shot,143,ddf59b0efa770c9574c39f1b50942b610e80d2cf8a295343,9911,8k+,0.0
learned_K2_V2_s35_step10000,learned,2,35,lsht,Few-shot,144,6931f38b57ce658b438be8f1a119b58fa2fb6f39f3788a57,11242,8k+,0.0
learned_K2_V2_s35_step10000,learned,2,35,lsht,Few-shot,145,245d4685557064dd5ebd3c1ec09854ed4f99bb1285006f28,36216,8k+,0.0
learned_K2_V2_s35_step10000,learned,2,35,lsht,Few-shot,146,ff5e6e28f2a423d0297e8fd262389d13694f6f036b6d485d,23504,8k+,0.0
learned_K2_V2_s35_step10000,learned,2,35,lsht,Few-shot,147,b41bcedaa7d3e2ab6ce7e735cf45ca3a167920d4e2acfd2a,25603,8k+,0.0
learned_K2_V2_s35_step10000,learned,2,35,lsht,Few-shot,148,b30236c2e2770c6eb59315ecb0accf98293bd2251a7bd2e1,15181,8k+,0.0
learned_K2_V2_s35_step10000,learned,2,35,lsht,Few-shot,149,5caf73a06af9164dabc4db3576ae27ab337bde62433c815a,11924,8k+,0.0
learned_K2_V2_s35_step10000,learned,2,35,lsht,Few-shot,150,988984b487c106f8ba456c957644585c5eff2af502c3dade,10353,8k+,0.0
learned_K2_V2_s35_step10000,learned,2,35,lsht,Few-shot,151,e480fa3de51dab9f8993262650bef8306944cc4d7031ffad,13964,8k+,0.0
learned_K2_V2_s35_step10000,learned,2,35,lsht,Few-shot,152,b86ed8ceb9246373c4fd32502fc659c5c831ca96f04c984d,5648,4-8k,0.0
learned_K2_V2_s35_step10000,learned,2,35,lsht,Few-shot,153,6d027cae514302ca1f12ac1a889202dc5a4fda9fb23b1624,28384,8k+,100.0
learned_K2_V2_s35_step10000,learned,2,35,lsht,Few-shot,154,9c4942ee45fab864cf60a00dbcacf139a07419700fe7fd2b,23976,8k+,100.0
learned_K2_V2_s35_step10000,learned,2,35,lsht,Few-shot,155,8c03ca10294a2ffd6de9a982f2b57b0446e92d3a0d2cd7bf,31234,8k+,100.0
learned_K2_V2_s35_step10000,learned,2,35,lsht,Few-shot,156,35601a77cdf8ad0de6a8c3738adf6356cb26ea1173be87a6,27202,8k+,100.0
learned_K2_V2_s35_step10000,learned,2,35,lsht,Few-shot,157,f84bfd646884a4b9eec7cdd7e4e90f4c5d6e078fef985055,31023,8k+,0.0
learned_K2_V2_s35_step10000,learned,2,35,lsht,Few-shot,158,4188fbb4e5cd4422af6c964cc846cfd9a5f6a20971afd21f,36462,8k+,0.0
learned_K2_V2_s35_step10000,learned,2,35,lsht,Few-shot,159,5ccd1e45dc574e2f7b4e882c7fabea2ea27d06c1984ab141,26147,8k+,100.0
learned_K2_V2_s35_step10000,learned,2,35,lsht,Few-shot,160,7911303406aa5638ff98336c07a550c5010efc8b2a6a2f2a,17460,8k+,0.0
learned_K2_V2_s35_step10000,learned,2,35,lsht,Few-shot,161,203f0df5333d6c6c9da5707c23611805591350bcac3fdd6d,14069,8k+,100.0
learned_K2_V2_s35_step10000,learned,2,35,lsht,Few-shot,162,d400d8dbe212efd26bc0de51db462250ade66638392627cd,31087,8k+,100.0
learned_K2_V2_s35_step10000,learned,2,35,lsht,Few-shot,163,64c7dc4fbf273649444141f0040b0105edd06347bd71a840,37244,8k+,100.0
learned_K2_V2_s35_step10000,learned,2,35,lsht,Few-shot,164,6f35c19abff12cd6fc84d951bb530bee04147bc70c5b53b4,15813,8k+,0.0
learned_K2_V2_s35_step10000,learned,2,35,lsht,Few-shot,165,e22f34aca8260daf8e07a7865c246ee6246c2067647c61ef,28780,8k+,100.0
learned_K2_V2_s35_step10000,learned,2,35,lsht,Few-shot,166,0ba981d5149f3724c55a1e3b22ec10c5097986c573cbe473,27123,8k+,100.0
learned_K2_V2_s35_step10000,learned,2,35,lsht,Few-shot,167,55224455fcb08c0416749eb29d242571d8b6bcad30babdda,28891,8k+,0.0
learned_K2_V2_s35_step10000,learned,2,35,lsht,Few-shot,168,41fa335672b3784fc3860048c1c82c01327491b44573c941,18711,8k+,0.0
learned_K2_V2_s35_step10000,learned,2,35,lsht,Few-shot,169,57fcf55f5c0f79a75af6e2adc7b5ca1f65154c545bc26cf3,16647,8k+,0.0
learned_K2_V2_s35_step10000,learned,2,35,lsht,Few-shot,170,9ab9229c2f8a62ede4a4825b6a9c70d10f3742e9d4ed2d17,8985,8k+,0.0
learned_K2_V2_s35_step10000,learned,2,35,lsht,Few-shot,171,d7c93cd3930e00c4b2dc727a46aa5f3127aa1ab07effab80,27792,8k+,0.0
learned_K2_V2_s35_step10000,learned,2,35,lsht,Few-shot,172,5bb996853384cba790d3592e4ca0cd73b3c8773d7b440059,30328,8k+,0.0
learned_K2_V2_s35_step10000,learned,2,35,lsht,Few-shot,173,5b22abc309e4b20874bf31aeb172aea9e433581d6a5719b4,23806,8k+,100.0
learned_K2_V2_s35_step10000,learned,2,35,lsht,Few-shot,174,d66a8fd0eb920fd2fbfe419285c1757cfed715c85078bc8a,17782,8k+,0.0
learned_K2_V2_s35_step10000,learned,2,35,lsht,Few-shot,175,dc561d20db1996213714dc04c4fe61982d7c9c5ce6316367,28779,8k+,100.0
learned_K2_V2_s35_step10000,learned,2,35,lsht,Few-shot,176,63ff52f318e8c2ef65fa525a526df68622f3e7681347cc27,6396,4-8k,0.0
learned_K2_V2_s35_step10000,learned,2,35,lsht,Few-shot,177,4dd1d721c63edfc4392de48bc5e679f60fbea4f501bb1b08,28958,8k+,100.0
learned_K2_V2_s35_step10000,learned,2,35,lsht,Few-shot,178,e2953ee172d5ac45c82668a0dc2338ac095c99b6d9532cce,12097,8k+,0.0
learned_K2_V2_s35_step10000,learned,2,35,lsht,Few-shot,179,d9edbdbe7cdcc9d43f996527cdfdb4423eca0122611eb72e,28054,8k+,100.0
learned_K2_V2_s35_step10000,learned,2,35,lsht,Few-shot,180,66e4a8e1a01e2f72a888cf1907553511d6f59047102a3d56,20876,8k+,100.0
learned_K2_V2_s35_step10000,learned,2,35,lsht,Few-shot,181,9052bd2a991ddd196270f37d110550b5f00207b74829f2c7,21489,8k+,100.0
learned_K2_V2_s35_step10000,learned,2,35,lsht,Few-shot,182,6d5d4b309f34f69a0623c344db9a8c31b99cea3f5062fe7a,31895,8k+,100.0
learned_K2_V2_s35_step10000,learned,2,35,lsht,Few-shot,183,8d968d8c7195cbce3f91761170aa83b8ec7a59e3c408e7d8,12231,8k+,0.0
learned_K2_V2_s35_step10000,learned,2,35,lsht,Few-shot,184,e2867bc34a8689bf38e3748ad63b50b529f9198d7380d992,10915,8k+,0.0
learned_K2_V2_s35_step10000,learned,2,35,lsht,Few-shot,185,90fa74499c0b01abe14a9a7e97c4ca81ff36fd54c5c6d8e0,31575,8k+,100.0
learned_K2_V2_s35_step10000,learned,2,35,lsht,Few-shot,186,f3550273ed89037244cd81ae45d7eb9c7c3ff064a630226f,16058,8k+,0.0
learned_K2_V2_s35_step10000,learned,2,35,lsht,Few-shot,187,fe9d001d1cb07f15020df8cf134bd0fa8e49c431f4170944,9412,8k+,0.0
learned_K2_V2_s35_step10000,learned,2,35,lsht,Few-shot,188,942f8b5a2b1a0eb92bfb1c04303c567f9b1ddac023d737f0,14812,8k+,0.0
learned_K2_V2_s35_step10000,learned,2,35,lsht,Few-shot,189,efe51b92be0a18967117ef85611fe5236e38923b466ebf60,14188,8k+,0.0
learned_K2_V2_s35_step10000,learned,2,35,lsht,Few-shot,190,b282cdcf2106f419e836a6ae22e60c11356f704a84e0db27,25083,8k+,0.0
learned_K2_V2_s35_step10000,learned,2,35,lsht,Few-shot,191,44fa9ade7a578a275fb6b20341cea6411afe624ff8b90cec,19473,8k+,0.0
learned_K2_V2_s35_step10000,learned,2,35,lsht,Few-shot,192,ca08b308d4919b45d19938cadef6c234d1029fd5e080cc46,21042,8k+,100.0
learned_K2_V2_s35_step10000,learned,2,35,lsht,Few-shot,193,ecea6edebcc35113fa1a678484536301955bcdca26a0e669,18631,8k+,100.0
learned_K2_V2_s35_step10000,learned,2,35,lsht,Few-shot,194,42a672607f20d0760ff3ce96f938bba418f8a293a2e1682d,14348,8k+,0.0
learned_K2_V2_s35_step10000,learned,2,35,lsht,Few-shot,195,45d6c30406c90ebff121d302c7be61f73a648b71bbd5e6e6,26187,8k+,0.0
learned_K2_V2_s35_step10000,learned,2,35,lsht,Few-shot,196,7e86ad465079cc63a198388edcb2b493afc2879fc8240535,16330,8k+,100.0
learned_K2_V2_s35_step10000,learned,2,35,lsht,Few-shot,197,b52974c248436dd9031e99389f3e5770afdd0662ca077f21,31348,8k+,100.0
learned_K2_V2_s35_step10000,learned,2,35,lsht,Few-shot,198,59f06edbf859db1557be20ecc59550b7604d71b15dbd6565,12075,8k+,0.0
learned_K2_V2_s35_step10000,learned,2,35,lsht,Few-shot,199,ca1648cd7cd27a2d9514be1fb748474e0fbfbff455307bd9,31939,8k+,100.0
learned_K2_V2_s35_step10000,learned,2,35,passage_count,Synthetic,0,96387e4ae15da043d51ef61053087ad39e7b4f01fba3f2a2,11221,8k+,0.0
learned_K2_V2_s35_step10000,learned,2,35,passage_count,Synthetic,1,15103103336cc36442b0c42f3458b745a0dff917705e78dd,9921,8k+,100.0
learned_K2_V2_s35_step10000,learned,2,35,passage_count,Synthetic,2,a3c722ad83ccdf65bf5185f0f8ae4c7f35e62d2203d84a2f,6578,4-8k,0.0
learned_K2_V2_s35_step10000,learned,2,35,passage_count,Synthetic,3,dfff1cac4104be0d174c9f486a6ebb48b862a397cee631c4,16346,8k+,0.0
learned_K2_V2_s35_step10000,learned,2,35,passage_count,Synthetic,4,870d882bf3ca7872472e9616aa87dc8871e722243ad4c3e9,22099,8k+,0.0
learned_K2_V2_s35_step10000,learned,2,35,passage_count,Synthetic,5,d28282eded860607e75bed90ce7af09e05042b3142190e9c,8383,8k+,0.0
learned_K2_V2_s35_step10000,learned,2,35,passage_count,Synthetic,6,c4af14def5df38d2eedc972316d077547529ed5885636d3f,4974,4-8k,0.0
learned_K2_V2_s35_step10000,learned,2,35,passage_count,Synthetic,7,96ba7321f31f1e7791d8b8b233be77a34dcb873be323c9a0,13970,8k+,0.0
learned_K2_V2_s35_step10000,learned,2,35,passage_count,Synthetic,8,5e0337f2c813c22c9533897dd8fcfb9437dbb0c54b08a344,14086,8k+,0.0
learned_K2_V2_s35_step10000,learned,2,35,passage_count,Synthetic,9,31cc0c72ad372e19156f385c44f0c7d0b17dfa26e785048c,12357,8k+,0.0
learned_K2_V2_s35_step10000,learned,2,35,passage_count,Synthetic,10,4b8a572aef6a4886378fee8cc5c831dc15bcfd3ffabde924,15623,8k+,20.0
learned_K2_V2_s35_step10000,learned,2,35,passage_count,Synthetic,11,b789904ef73ecece88a2895495f07dae7e62dca902ff81b5,11059,8k+,0.0
learned_K2_V2_s35_step10000,learned,2,35,passage_count,Synthetic,12,7355e5120c71a7041ad886fd9ae11f0a8209260e463603c0,3991,0-4k,33.33333333333333
learned_K2_V2_s35_step10000,learned,2,35,passage_count,Synthetic,13,0586f5721d72fec5a3eed0979362aa68940566d5c30ff5ff,17077,8k+,0.0
learned_K2_V2_s35_step10000,learned,2,35,passage_count,Synthetic,14,35255a988c0b67f602a22e118f57eee6b1896d3c0d25c5ae,11340,8k+,0.0
learned_K2_V2_s35_step10000,learned,2,35,passage_count,Synthetic,15,c6310da9962d623a5fe810e1035838d9bdb3bca9c4846a26,10543,8k+,0.0
learned_K2_V2_s35_step10000,learned,2,35,passage_count,Synthetic,16,d0b5bf43f0c340c83001951c8ace563be37e9eab856fc430,8141,8k+,0.0
learned_K2_V2_s35_step10000,learned,2,35,passage_count,Synthetic,17,fa9d5e74b045c3410dc06bf543c2694f5c39bec80300cfb0,8534,8k+,0.0
learned_K2_V2_s35_step10000,learned,2,35,passage_count,Synthetic,18,347225fc3e34bc69da82dbbddeedb7012f9a16051d1b633b,13749,8k+,0.0
learned_K2_V2_s35_step10000,learned,2,35,passage_count,Synthetic,19,218567d568976f46bbe34e41026a83c6ab3cde815cde04dd,5649,4-8k,0.0
learned_K2_V2_s35_step10000,learned,2,35,passage_count,Synthetic,20,9776b3470c4b709a980f1bb88ad724396e59212b4ecee62f,13512,8k+,0.0
learned_K2_V2_s35_step10000,learned,2,35,passage_count,Synthetic,21,4242a257fb1a93126a0303219f5522eaed882d0c03c00787,14584,8k+,0.0
learned_K2_V2_s35_step10000,learned,2,35,passage_count,Synthetic,22,c8fb2e7da26b4f6a903416b626c0554f4452e0372bc8f74f,12667,8k+,0.0
learned_K2_V2_s35_step10000,learned,2,35,passage_count,Synthetic,23,bab4f698b21e56226fa93064b94c74092ffc69b605ad9f5d,6510,4-8k,0.0
learned_K2_V2_s35_step10000,learned,2,35,passage_count,Synthetic,24,862486acbc407c9393f07be8d024f4636fd10418a1c9edfe,6283,4-8k,0.0
learned_K2_V2_s35_step10000,learned,2,35,passage_count,Synthetic,25,3e65c7d99ffec49fd5de3fcd75f55dac918618962f55e4fc,13036,8k+,0.0
learned_K2_V2_s35_step10000,learned,2,35,passage_count,Synthetic,26,dce037b41070d4bde52e7191d49f0e3982e2a959a36986bd,5249,4-8k,0.0
learned_K2_V2_s35_step10000,learned,2,35,passage_count,Synthetic,27,05778a8db1c3fcd589e2d28b3cebf7e50d3287f421cf0654,17369,8k+,0.0
learned_K2_V2_s35_step10000,learned,2,35,passage_count,Synthetic,28,bc6f6e35d7693929477458e35f64047609943757931cf783,10898,8k+,0.0
learned_K2_V2_s35_step10000,learned,2,35,passage_count,Synthetic,29,6deb1a1340401ebbeb1a836d9f4278a1c9b6fec6e8bd89f3,13330,8k+,0.0
learned_K2_V2_s35_step10000,learned,2,35,passage_count,Synthetic,30,b05c71cd34fde95b99067bb292061a0877fa88d42c768007,13153,8k+,0.0
learned_K2_V2_s35_step10000,learned,2,35,passage_count,Synthetic,31,2a1f4ae2449c2acf522c600872032ee42819d41f76a2de2b,9732,8k+,0.0
learned_K2_V2_s35_step10000,learned,2,35,passage_count,Synthetic,32,8b97adebd90c3313fa7eb5ae877bd01ca5fc9e36e0098857,9246,8k+,0.0
learned_K2_V2_s35_step10000,learned,2,35,passage_count,Synthetic,33,1114d16b3f4cb8d78a35cf7208e4e911f8014d51f725e54e,11663,8k+,0.0
learned_K2_V2_s35_step10000,learned,2,35,passage_count,Synthetic,34,13ad5e56bfc8116b07d1c4419732238a6278b4ee35887b9b,17590,8k+,0.0
learned_K2_V2_s35_step10000,learned,2,35,passage_count,Synthetic,35,3180cae59fcd1efb0b792fe34af1e96770e0013807d50026,9718,8k+,0.0
learned_K2_V2_s35_step10000,learned,2,35,passage_count,Synthetic,36,1db1724f003aaf71774f6a87f5d382cae7eaa24abe34f234,13084,8k+,0.0
learned_K2_V2_s35_step10000,learned,2,35,passage_count,Synthetic,37,648bccaaa67271142018890ab6f19abd68abefbfb90ad795,18601,8k+,0.0
learned_K2_V2_s35_step10000,learned,2,35,passage_count,Synthetic,38,89a834965de6ea1d16fd851d7b1d24c3aa3d66fb0b0d4b36,12177,8k+,0.0
learned_K2_V2_s35_step10000,learned,2,35,passage_count,Synthetic,39,ded5aee61cf4e0f9d90ad1ae1a355aaf32dc66a67876bd79,11563,8k+,100.0
learned_K2_V2_s35_step10000,learned,2,35,passage_count,Synthetic,40,01fa07441b3a201d278f9bc2c4321ff38184bbcc53cc2a07,16004,8k+,0.0
learned_K2_V2_s35_step10000,learned,2,35,passage_count,Synthetic,41,f2883cfeeaae5e73e35cab529b72dfc8532ccfde0dcd904f,13534,8k+,0.0
learned_K2_V2_s35_step10000,learned,2,35,passage_count,Synthetic,42,2d82696987223e044b86a65a270354672010d630e33544b7,10580,8k+,0.0
learned_K2_V2_s35_step10000,learned,2,35,passage_count,Synthetic,43,96e4637cf375de9ddb48dcdbe094b27872392f56bf8d4344,10333,8k+,0.0
learned_K2_V2_s35_step10000,learned,2,35,passage_count,Synthetic,44,c0bb231937e6ef9ba4ac317efe0cb198262fa99bef258983,14264,8k+,0.0
learned_K2_V2_s35_step10000,learned,2,35,passage_count,Synthetic,45,494cc175f26ba8a3d54ff7016ede86cc2c6eb6652c759f48,11680,8k+,0.0
learned_K2_V2_s35_step10000,learned,2,35,passage_count,Synthetic,46,244328d033e1d2e9f90759655e2b6f219157dbf13cad274b,7461,4-8k,0.0
learned_K2_V2_s35_step10000,learned,2,35,passage_count,Synthetic,47,120e08c8869c10d88554254c8b2a32f0b369f6d0056fb4ab,12151,8k+,0.0
learned_K2_V2_s35_step10000,learned,2,35,passage_count,Synthetic,48,e92afc1ff29961bc4eba976e990a40abe21bbe90c86c44df,6481,4-8k,0.0
learned_K2_V2_s35_step10000,learned,2,35,passage_count,Synthetic,49,2ade63409932742e2f7c179dc1557bea1a1d7f9f69a06298,9456,8k+,0.0
learned_K2_V2_s35_step10000,learned,2,35,passage_count,Synthetic,50,cdb11673ac8e45d2a2720f30fef6d8d4cfb1cab0b153c3bb,8395,8k+,0.0
learned_K2_V2_s35_step10000,learned,2,35,passage_count,Synthetic,51,525d2a7da7fd5a91b39e6e1619e9b6b0f7a724a85ea5677c,4822,4-8k,0.0
learned_K2_V2_s35_step10000,learned,2,35,passage_count,Synthetic,52,49e92e78ecbbfd385a70690fdf82658d1d114dc9faa63cc8,11201,8k+,0.0
learned_K2_V2_s35_step10000,learned,2,35,passage_count,Synthetic,53,1b2248dd0ae5f76db4f96ae0387507d23699c6790f48605b,11740,8k+,0.0
learned_K2_V2_s35_step10000,learned,2,35,passage_count,Synthetic,54,9246f8b581e4bb53c94439d94a39320c027781db998c204e,9707,8k+,0.0
learned_K2_V2_s35_step10000,learned,2,35,passage_count,Synthetic,55,ea6d4d665af44ebb7f68b759962291babcdcfc649676a936,7447,4-8k,33.33333333333333
learned_K2_V2_s35_step10000,learned,2,35,passage_count,Synthetic,56,20ed2275045ab2f20875b16977819597bb3f9548b9bce563,6927,4-8k,0.0
learned_K2_V2_s35_step10000,learned,2,35,passage_count,Synthetic,57,e5f25e33cbbd05929d602315f6ec100eeb02adfca2867812,13709,8k+,0.0
learned_K2_V2_s35_step10000,learned,2,35,passage_count,Synthetic,58,71537641956895a8650a26b7ffe80b097ee3e9ca76f47f2c,16551,8k+,0.0
learned_K2_V2_s35_step10000,learned,2,35,passage_count,Synthetic,59,194a6822605355624a6d682dbcba403a9acc9603011ba828,15237,8k+,0.0
learned_K2_V2_s35_step10000,learned,2,35,passage_count,Synthetic,60,81d68c1883cdafe3cd06f95700f0caabd3a07d4e3f0b6b4e,13155,8k+,0.0
learned_K2_V2_s35_step10000,learned,2,35,passage_count,Synthetic,61,ea84eab51b2c88087624e6b5efc049b978c9244b5c56190b,13433,8k+,100.0
learned_K2_V2_s35_step10000,learned,2,35,passage_count,Synthetic,62,701da329f6178015a4915347d3c7fffeac15427227852cc4,13372,8k+,0.0
learned_K2_V2_s35_step10000,learned,2,35,passage_count,Synthetic,63,63630eea92e4fc8ebfbee7c97bf0ea924d7a01cb486c3cfb,12589,8k+,0.0
learned_K2_V2_s35_step10000,learned,2,35,passage_count,Synthetic,64,91acb8cd91e37a95bd13e9cfc03022cc1141f4a69535333e,6751,4-8k,0.0
learned_K2_V2_s35_step10000,learned,2,35,passage_count,Synthetic,65,5499ee3d7ecccafe5fc6d5689b8482c1ddd1e030d0f4cdbd,15519,8k+,0.0
learned_K2_V2_s35_step10000,learned,2,35,passage_count,Synthetic,66,baa7e04094263c0c506dfba932f2a81d6c607f330812a97e,10373,8k+,0.0
learned_K2_V2_s35_step10000,learned,2,35,passage_count,Synthetic,67,40b293ec6da9bef457462c15786b5c6797f5965418fcfd77,6690,4-8k,0.0
learned_K2_V2_s35_step10000,learned,2,35,passage_count,Synthetic,68,e56ebabb050d77ebfaa26e219fdab56cc348b42543aef4cd,8138,8k+,0.0
learned_K2_V2_s35_step10000,learned,2,35,passage_count,Synthetic,69,36436522aa752765a7b3cb4b963af490a9e64167b0967a1b,9910,8k+,0.0
learned_K2_V2_s35_step10000,learned,2,35,passage_count,Synthetic,70,93fa38028525e2a7f82de76c58cc3855c2e14a11ac806755,9802,8k+,0.0
learned_K2_V2_s35_step10000,learned,2,35,passage_count,Synthetic,71,e04da105f4ae719a568a946c3343d3ad63ef673f9aa754a8,10817,8k+,20.0
learned_K2_V2_s35_step10000,learned,2,35,passage_count,Synthetic,72,5aa0a5907de5cc7ae2236d2c2ea85cc0fba9aafa8000d821,10977,8k+,0.0
learned_K2_V2_s35_step10000,learned,2,35,passage_count,Synthetic,73,40d5099e129147633c45b5e3887e51d9fb6deb2208c331a6,8150,8k+,0.0
learned_K2_V2_s35_step10000,learned,2,35,passage_count,Synthetic,74,4d1e672b7a8063288ab55afeec69bd6426033a90b81a5df3,7300,4-8k,0.0
learned_K2_V2_s35_step10000,learned,2,35,passage_count,Synthetic,75,0ce7f76c0eda5d8c7b6ad1414dba0e838a3cca4013bfda3b,14083,8k+,0.0
learned_K2_V2_s35_step10000,learned,2,35,passage_count,Synthetic,76,e282ece45b4bcf0406ae5f68c4395b7a4c26c2255dc821aa,18136,8k+,0.0
learned_K2_V2_s35_step10000,learned,2,35,passage_count,Synthetic,77,bbc567446ef78f968330d7ad79b8242375fc6714736350c2,5562,4-8k,0.0
learned_K2_V2_s35_step10000,learned,2,35,passage_count,Synthetic,78,cc350d0c2d864c38ff76f5a8e30390e7067d69bbeb37d484,5442,4-8k,0.0
learned_K2_V2_s35_step10000,learned,2,35,passage_count,Synthetic,79,e5bc81c20a593e24558644702059cd2d3e68fe94bb856b5e,12213,8k+,0.0
learned_K2_V2_s35_step10000,learned,2,35,passage_count,Synthetic,80,10d31f39911cb471bdd485cd097c2dc8a8d3ed55fe39ad38,13084,8k+,0.0
learned_K2_V2_s35_step10000,learned,2,35,passage_count,Synthetic,81,4fb44430fc3aea53fff67dc7cb8b0ba8849b9f0a5a30066c,12754,8k+,0.0
learned_K2_V2_s35_step10000,learned,2,35,passage_count,Synthetic,82,8f33bad8eeaa6f4267daf56ad9bd40825bf215f19c889e46,7079,4-8k,25.0
learned_K2_V2_s35_step10000,learned,2,35,passage_count,Synthetic,83,953817f5c3c305e2c6fad14cdbec07a036e2303d03e6c7cb,8018,8k+,0.0
learned_K2_V2_s35_step10000,learned,2,35,passage_count,Synthetic,84,5585ef3095a794adfbd8696bedbf89ac8c32bc5e97d2b0b9,9086,8k+,0.0
learned_K2_V2_s35_step10000,learned,2,35,passage_count,Synthetic,85,1a5dc9ec2d058a2d7a2d3639e6f054d7c7612ec786b45b96,11301,8k+,0.0
learned_K2_V2_s35_step10000,learned,2,35,passage_count,Synthetic,86,5eb70267232e7f4bc84dc360624ba70afd81e45663855aa2,8771,8k+,0.0
learned_K2_V2_s35_step10000,learned,2,35,passage_count,Synthetic,87,516419a6f9843210391b214ad1cb4eec64e81dbee7bd566d,6573,4-8k,0.0
learned_K2_V2_s35_step10000,learned,2,35,passage_count,Synthetic,88,6af93df62d5bae50515746291181a39e7d0e7bdbb3150c7b,5522,4-8k,0.0
learned_K2_V2_s35_step10000,learned,2,35,passage_count,Synthetic,89,b28416f42da1cba2edb1546e7e5b67ae2d4469286e673bbc,10898,8k+,0.0
learned_K2_V2_s35_step10000,learned,2,35,passage_count,Synthetic,90,5659bd2b2d7963989c5d3bb62ed0a09f897b6405dac5345d,8866,8k+,25.0
learned_K2_V2_s35_step10000,learned,2,35,passage_count,Synthetic,91,df4cedbee3564340b837ffbb2689b883b365cf921606dc3e,11143,8k+,0.0
learned_K2_V2_s35_step10000,learned,2,35,passage_count,Synthetic,92,8c20fed66eced3bab4687ad0b91764c0d7192c8ffc90f601,11516,8k+,0.0
learned_K2_V2_s35_step10000,learned,2,35,passage_count,Synthetic,93,caadc4f6cb84112de819ef9e101db674e3367c7902d20285,11744,8k+,0.0
learned_K2_V2_s35_step10000,learned,2,35,passage_count,Synthetic,94,18d691a11dcf6bb463df3bc256f56bbfa8cff240f0882000,14392,8k+,0.0
learned_K2_V2_s35_step10000,learned,2,35,passage_count,Synthetic,95,ea8f6ab283033c9b308d197da9ae64de940f4e405b3dbf91,13321,8k+,0.0
learned_K2_V2_s35_step10000,learned,2,35,passage_count,Synthetic,96,09e7e0e430377d6a1e96c36a62189fb2f6f80f397ebeee9b,11086,8k+,0.0
learned_K2_V2_s35_step10000,learned,2,35,passage_count,Synthetic,97,1557ed14965abff444449a5577d63f6a869a3bb1cad1a58c,9267,8k+,0.0
learned_K2_V2_s35_step10000,learned,2,35,passage_count,Synthetic,98,1deccba67691ecd5074fc4540cc2adfdf1baeb27a69fc3da,6650,4-8k,0.0
learned_K2_V2_s35_step10000,learned,2,35,passage_count,Synthetic,99,ba3892ed87002b9b3b4e9a2f0877bfe3cf40ff914b529f33,3554,0-4k,0.0
learned_K2_V2_s35_step10000,learned,2,35,passage_count,Synthetic,100,ec8e0027fd2e0ae0d8daa93c4ad66fad61e788b12c402e58,13846,8k+,0.0
learned_K2_V2_s35_step10000,learned,2,35,passage_count,Synthetic,101,d8bd92479dc9bda41a48fd4c7ae60c70408f8f20bb2cbb01,7488,4-8k,0.0
learned_K2_V2_s35_step10000,learned,2,35,passage_count,Synthetic,102,03510cb5651c4b7911c4b2b9911a68d6a64830be4d93304b,13904,8k+,0.0
learned_K2_V2_s35_step10000,learned,2,35,passage_count,Synthetic,103,02f3c52b9c97e1d847f84add191c5d17f8412d5a7f45dcf1,6245,4-8k,0.0
learned_K2_V2_s35_step10000,learned,2,35,passage_count,Synthetic,104,f41acb2f79f88df2fc4e60ffe84ae559ffbb8d219f238ea4,10261,8k+,0.0
learned_K2_V2_s35_step10000,learned,2,35,passage_count,Synthetic,105,7840f91c643dda99ac32235da720f80903f78de4393ab408,18130,8k+,0.0
learned_K2_V2_s35_step10000,learned,2,35,passage_count,Synthetic,106,f9beecbce00e36d467d278fdf96925c919df1f49edcde1fd,12919,8k+,0.0
learned_K2_V2_s35_step10000,learned,2,35,passage_count,Synthetic,107,8a6a5d200b0f460da358bfd057ab26548631412dcd8521ca,16375,8k+,0.0
learned_K2_V2_s35_step10000,learned,2,35,passage_count,Synthetic,108,24ff43f78608e42fa66481b03be99834dab37d79dc1d7cdf,14767,8k+,0.0
learned_K2_V2_s35_step10000,learned,2,35,passage_count,Synthetic,109,3b2e2df257ef9766d2cac6a035512d54a541f2e43a4354ab,9363,8k+,0.0
learned_K2_V2_s35_step10000,learned,2,35,passage_count,Synthetic,110,8d5771799439959e8fd2a7896d3dde4f53ac7b0cb6b19e40,9779,8k+,0.0
learned_K2_V2_s35_step10000,learned,2,35,passage_count,Synthetic,111,2eaa56bba3e097bfb1918e4244f664d5af0ac2b03b637ef2,14598,8k+,0.0
learned_K2_V2_s35_step10000,learned,2,35,passage_count,Synthetic,112,a0571b85c8a1d6d669a99b515568ef0f00d903ffb801862f,14280,8k+,0.0
learned_K2_V2_s35_step10000,learned,2,35,passage_count,Synthetic,113,7718d2b7aa8414bded5873fc0267c228d37ff988b4203188,10288,8k+,0.0
learned_K2_V2_s35_step10000,learned,2,35,passage_count,Synthetic,114,f992bb1fef804aaf1b823f12ca939aa13270e79a060135f8,5651,4-8k,0.0
learned_K2_V2_s35_step10000,learned,2,35,passage_count,Synthetic,115,789afad1da4007fca4c3ddcaca8f93728d3948da4833d33e,11494,8k+,0.0
learned_K2_V2_s35_step10000,learned,2,35,passage_count,Synthetic,116,b6a484f33a9d817214eacd747b657b743e7947a245ffa6e5,3967,0-4k,50.0
learned_K2_V2_s35_step10000,learned,2,35,passage_count,Synthetic,117,6f77917f70f297e064ffccc2bb5502e7121cbb7d68b75396,8047,8k+,0.0
learned_K2_V2_s35_step10000,learned,2,35,passage_count,Synthetic,118,c7c376e2471a3252e1c42f5944fbec00ec3dbeca668abca5,12816,8k+,0.0
learned_K2_V2_s35_step10000,learned,2,35,passage_count,Synthetic,119,8a0a6aa8040fdf340eeeca42130b8f3ad6b1989ffc3bea02,12602,8k+,0.0
learned_K2_V2_s35_step10000,learned,2,35,passage_count,Synthetic,120,8e9401d9fe6dbb5c32d8d7f5baf74ef5291e611a74756332,6561,4-8k,0.0
learned_K2_V2_s35_step10000,learned,2,35,passage_count,Synthetic,121,92b5cdc6fd2d358200f5a789d05c2a681a8f7b65e052e606,13506,8k+,0.0
learned_K2_V2_s35_step10000,learned,2,35,passage_count,Synthetic,122,b77bf47592e3fd4390171b8008a677348af115418796dcfb,14899,8k+,0.0
learned_K2_V2_s35_step10000,learned,2,35,passage_count,Synthetic,123,58e053e7290428853630fc7b71a16831f0b061b384b71cfc,12547,8k+,0.0
learned_K2_V2_s35_step10000,learned,2,35,passage_count,Synthetic,124,a33a5faf2240f04e23ca851214d3be0297e84c0d44f1219f,10765,8k+,0.0
learned_K2_V2_s35_step10000,learned,2,35,passage_count,Synthetic,125,5cad3eee00e491fe1a877fdab30d596f0d192880ffdfbb11,6447,4-8k,33.33333333333333
learned_K2_V2_s35_step10000,learned,2,35,passage_count,Synthetic,126,f73256d61a479eaf73397f77590f75fcdfddf937036d3f71,18934,8k+,0.0
learned_K2_V2_s35_step10000,learned,2,35,passage_count,Synthetic,127,49688f794076e4d61ba3397760c5f260d66694a6dda193e6,6231,4-8k,0.0
learned_K2_V2_s35_step10000,learned,2,35,passage_count,Synthetic,128,31825a24b5f3c14f1abc29af97390e262fab0fa4cf33fd71,10433,8k+,0.0
learned_K2_V2_s35_step10000,learned,2,35,passage_count,Synthetic,129,9db27d2d73c9c979cd1893924c987f9cecd620d969c9adab,12074,8k+,0.0
learned_K2_V2_s35_step10000,learned,2,35,passage_count,Synthetic,130,3ecf7c38a813f738b4e173bbf8f8ff0b84495530a67ac83f,12913,8k+,0.0
learned_K2_V2_s35_step10000,learned,2,35,passage_count,Synthetic,131,c6329e65ae403fba3f0b0fc83e06e37483d2091049187260,11704,8k+,0.0
learned_K2_V2_s35_step10000,learned,2,35,passage_count,Synthetic,132,ffa887d0def32a27a6df07ad8e815eac359e5bd7a58d44b4,6751,4-8k,0.0
learned_K2_V2_s35_step10000,learned,2,35,passage_count,Synthetic,133,165073a7ed8d203d589c0025aa3fa61840d643ffbb84a7d3,12119,8k+,0.0
learned_K2_V2_s35_step10000,learned,2,35,passage_count,Synthetic,134,34d14298ea38c686b854621ba59fb0b0c04daae05ec39150,12140,8k+,0.0
learned_K2_V2_s35_step10000,learned,2,35,passage_count,Synthetic,135,44d31c46684fd34c08c4e03392b34201c8132afc5c6dc46c,16806,8k+,0.0
learned_K2_V2_s35_step10000,learned,2,35,passage_count,Synthetic,136,09ba0ac546399daf61acbec5c2fba48003d2a0f01dcb57be,12672,8k+,0.0
learned_K2_V2_s35_step10000,learned,2,35,passage_count,Synthetic,137,0beb077645bfee160e3f0b40bf7a19b9aa480e0950ae1162,4960,4-8k,0.0
learned_K2_V2_s35_step10000,learned,2,35,passage_count,Synthetic,138,6fcad0da8f4f30ec2136d9432f9f3afefc5242db487c06ee,6404,4-8k,0.0
learned_K2_V2_s35_step10000,learned,2,35,passage_count,Synthetic,139,f51ced97ba6079252bbea64febb32117eba87f13f8cad881,14244,8k+,0.0
learned_K2_V2_s35_step10000,learned,2,35,passage_count,Synthetic,140,6795b842e5a4cb72c3f93749b20d2bca9dc4b96fd2327729,12279,8k+,0.0
learned_K2_V2_s35_step10000,learned,2,35,passage_count,Synthetic,141,30b262411122e10c9a746b567ed72d6a29ea0517625b67cf,13851,8k+,20.0
learned_K2_V2_s35_step10000,learned,2,35,passage_count,Synthetic,142,9a5eeddf5d7a128d018ee474c4570115ee30f32d4dced241,9334,8k+,0.0
learned_K2_V2_s35_step10000,learned,2,35,passage_count,Synthetic,143,06165eb45bf3010d61e2682a7e2233fa5258c483758c117e,14435,8k+,0.0
learned_K2_V2_s35_step10000,learned,2,35,passage_count,Synthetic,144,d9b36ab939a0d017abef22375c347b01c324854d8b878f0a,12927,8k+,0.0
learned_K2_V2_s35_step10000,learned,2,35,passage_count,Synthetic,145,a6da3b3b2cc8bbdbc4454c53074d7ccf4c8e092ae04a11cd,10543,8k+,0.0
learned_K2_V2_s35_step10000,learned,2,35,passage_count,Synthetic,146,4dfce7a645571c320e7ab4db7646e50fd8f411582e225646,17186,8k+,0.0
learned_K2_V2_s35_step10000,learned,2,35,passage_count,Synthetic,147,e6187498122694bac0ef95c44c4f3cbf7dcc3e8b68585ee2,15302,8k+,0.0
learned_K2_V2_s35_step10000,learned,2,35,passage_count,Synthetic,148,284dc215c36aa894d1779ec2a3d0ae6aa745158c176ce894,6374,4-8k,0.0
learned_K2_V2_s35_step10000,learned,2,35,passage_count,Synthetic,149,03f6469d00b80ec59bb86d4175395f86f1416614ea03828d,10190,8k+,0.0
learned_K2_V2_s35_step10000,learned,2,35,passage_count,Synthetic,150,b93536567646504267a045b3f89e5a3b5f43222c822a9eaa,5700,4-8k,0.0
learned_K2_V2_s35_step10000,learned,2,35,passage_count,Synthetic,151,928cb9f82df1e50b96a3a76c96b7d4185b2e37905157976c,15210,8k+,0.0
learned_K2_V2_s35_step10000,learned,2,35,passage_count,Synthetic,152,3622432ffcd2024f42503a85dcb4b1c08fa904a2f821fd96,4858,4-8k,100.0
learned_K2_V2_s35_step10000,learned,2,35,passage_count,Synthetic,153,e50eec939aa2c3c70ff011b7b6a0ff3525003bea786ae90b,9469,8k+,0.0
learned_K2_V2_s35_step10000,learned,2,35,passage_count,Synthetic,154,3034a06549d02f0388fa244ed45d1a04679781910c7a21eb,15454,8k+,0.0
learned_K2_V2_s35_step10000,learned,2,35,passage_count,Synthetic,155,0e5a00183b5b24cbe88243bf41e2ba255517e913c721b7e3,13841,8k+,0.0
learned_K2_V2_s35_step10000,learned,2,35,passage_count,Synthetic,156,0816037641f8d8a859f8bbac4c545b98e944d04f49865a34,9325,8k+,0.0
learned_K2_V2_s35_step10000,learned,2,35,passage_count,Synthetic,157,2b4a1ac4f933b13c7ae8710e1f5734b80863c3a531303235,6771,4-8k,0.0
learned_K2_V2_s35_step10000,learned,2,35,passage_count,Synthetic,158,7e33aa375f95bc7b58a99bd2758751d04346fdb40c90e33e,11684,8k+,0.0
learned_K2_V2_s35_step10000,learned,2,35,passage_count,Synthetic,159,3edd71c284da396ecd2f780130236c66f7626c4f72c052dd,13730,8k+,0.0
learned_K2_V2_s35_step10000,learned,2,35,passage_count,Synthetic,160,9113b6aa11431f9fb1fb9cb10cc12c5b14c63a7e3e8a469e,8501,8k+,0.0
learned_K2_V2_s35_step10000,learned,2,35,passage_count,Synthetic,161,2a906e77215a3bed8489f9dea881681aaba21fcbc57581cc,13035,8k+,0.0
learned_K2_V2_s35_step10000,learned,2,35,passage_count,Synthetic,162,9ec79876f8a41112d98817f2adddc00e621f8890e7347a4b,9281,8k+,0.0
learned_K2_V2_s35_step10000,learned,2,35,passage_count,Synthetic,163,4f89b9d1c6f9ae68598b8514d6cd998a588271872d1fc4e2,7400,4-8k,0.0
learned_K2_V2_s35_step10000,learned,2,35,passage_count,Synthetic,164,80c692dcb396f9365e5ff7fcc2286edcd1fd3df1e8757086,14283,8k+,0.0
learned_K2_V2_s35_step10000,learned,2,35,passage_count,Synthetic,165,c4707af1cca46a2473536cfade064012542a93892009035d,12616,8k+,12.5
learned_K2_V2_s35_step10000,learned,2,35,passage_count,Synthetic,166,bf0c6c976734cff4e296485e7b839776e0011f9831414b55,12285,8k+,0.0
learned_K2_V2_s35_step10000,learned,2,35,passage_count,Synthetic,167,ab888ed5ae9f21855e14c478130e0c58afdc4260d82e1f7c,14999,8k+,0.0
learned_K2_V2_s35_step10000,learned,2,35,passage_count,Synthetic,168,3a9f4cd0f791d5985877e717859ee3e599e34ef4233c8e4b,13557,8k+,0.0
learned_K2_V2_s35_step10000,learned,2,35,passage_count,Synthetic,169,cf5a86d7bd9ce05d8f1ad8c4263d9f1bac2e35d1a367240f,15684,8k+,0.0
learned_K2_V2_s35_step10000,learned,2,35,passage_count,Synthetic,170,6188ef2983f3f445bd91485f00e29bf2a27d97a6cb574cc7,12236,8k+,0.0
learned_K2_V2_s35_step10000,learned,2,35,passage_count,Synthetic,171,390a163a4f6ab303a46d3452f67b6e6b9c629695059a0f32,16104,8k+,0.0
learned_K2_V2_s35_step10000,learned,2,35,passage_count,Synthetic,172,3a6e7bf1a8667e8e50f087da1595baa64454d442a1a5b13b,9118,8k+,0.0
learned_K2_V2_s35_step10000,learned,2,35,passage_count,Synthetic,173,b9a232f2938162a05e3d56a5ec390f5c37df2a16bca5c095,17635,8k+,0.0
learned_K2_V2_s35_step10000,learned,2,35,passage_count,Synthetic,174,49cffcbb091b9cb440a422250974ab32ab168ed9d9dcbf50,8470,8k+,0.0
learned_K2_V2_s35_step10000,learned,2,35,passage_count,Synthetic,175,aa18b13d8dde46e186b4fa796810f66793b1bbe7f2a16b97,5326,4-8k,33.33333333333333
learned_K2_V2_s35_step10000,learned,2,35,passage_count,Synthetic,176,2ab863bb5aa22ff8d9411ebccba81f3019ac33e22f4bc6ba,12687,8k+,0.0
learned_K2_V2_s35_step10000,learned,2,35,passage_count,Synthetic,177,4ae226f648fee103b79d42b829396d7f35cbd55aac716336,5518,4-8k,0.0
learned_K2_V2_s35_step10000,learned,2,35,passage_count,Synthetic,178,c3b0a367221b432d0150466e60ff3a2428386dc3417bd42a,15203,8k+,0.0
learned_K2_V2_s35_step10000,learned,2,35,passage_count,Synthetic,179,a3dbf3293a2f65eeba5f633c2c4c60f2a9203af2fc76dd10,7955,4-8k,0.0
learned_K2_V2_s35_step10000,learned,2,35,passage_count,Synthetic,180,79b2900120b0dd5de9e0f182bb0be9968603517a0e4aa2bf,12718,8k+,0.0
learned_K2_V2_s35_step10000,learned,2,35,passage_count,Synthetic,181,07d321a8a8ddebf0f9b048e62e08500659e58b42030a95c3,12939,8k+,0.0
learned_K2_V2_s35_step10000,learned,2,35,passage_count,Synthetic,182,1c367b928295691393f7d2a284a4e150422649fde123655b,12397,8k+,0.0
learned_K2_V2_s35_step10000,learned,2,35,passage_count,Synthetic,183,ecf86039d5bf33b6144094fd05182ceeb22da460cb9d4054,11938,8k+,0.0
learned_K2_V2_s35_step10000,learned,2,35,passage_count,Synthetic,184,5b574827b428513659fd1795cf711775de0389c52acfbbe2,8543,8k+,0.0
learned_K2_V2_s35_step10000,learned,2,35,passage_count,Synthetic,185,9b327796354ee5cd1513efebc1e7fa2e5ca31471e7fcdb2b,8590,8k+,0.0
learned_K2_V2_s35_step10000,learned,2,35,passage_count,Synthetic,186,9f83657902d0bee359213997243fc8bd74e1166e6b8cd957,9543,8k+,0.0
learned_K2_V2_s35_step10000,learned,2,35,passage_count,Synthetic,187,8ec73233fc956960bfdcf720d094645bbc74775389615549,13429,8k+,0.0
learned_K2_V2_s35_step10000,learned,2,35,passage_count,Synthetic,188,a32e9be83cbbda6fc7613f4c366f321fa5d7b56427ac43ab,9585,8k+,0.0
learned_K2_V2_s35_step10000,learned,2,35,passage_count,Synthetic,189,55495cff2c7e4428e6289fb921ee949afaa6f1ddca2bc5c5,15870,8k+,0.0
learned_K2_V2_s35_step10000,learned,2,35,passage_count,Synthetic,190,4ae00c1696876fc0330cbcda613a68a8d7076675018b9c5e,12313,8k+,0.0
learned_K2_V2_s35_step10000,learned,2,35,passage_count,Synthetic,191,7521c7a3affe6ab6971a5a0cdb06e3c5c0c0e214e9c2ff90,6986,4-8k,0.0
learned_K2_V2_s35_step10000,learned,2,35,passage_count,Synthetic,192,e3a17ffa7c654b2dd9cda2bc71148b02db29aed8b70d9040,9484,8k+,0.0
learned_K2_V2_s35_step10000,learned,2,35,passage_count,Synthetic,193,74d15cc7b26cb57beacb7bc711755cf5d2b4dca8d7dd755c,15479,8k+,0.0
learned_K2_V2_s35_step10000,learned,2,35,passage_count,Synthetic,194,f949c45dad196475f7fc4d8344d0b3555432ac133db5140d,9960,8k+,0.0
learned_K2_V2_s35_step10000,learned,2,35,passage_count,Synthetic,195,9e51e30fb3063b8b4b7f5e23fba30fc6b8c10216d724428e,14973,8k+,0.0
learned_K2_V2_s35_step10000,learned,2,35,passage_count,Synthetic,196,2fc301f3154eefc42ac1957044029765463ae50496b3599d,13734,8k+,0.0
learned_K2_V2_s35_step10000,learned,2,35,passage_count,Synthetic,197,635abfcefd1bd8270c1cd5bb110cd8c83f2fbb62899e657f,6073,4-8k,0.0
learned_K2_V2_s35_step10000,learned,2,35,passage_count,Synthetic,198,5d636a8d756fe51d7db0c60e4b5b73f789309a25e62417ae,15984,8k+,0.0
learned_K2_V2_s35_step10000,learned,2,35,passage_count,Synthetic,199,bc6b4a770910ecc7ebf05cb695093625f60821b3b27ed46f,6972,4-8k,0.0
learned_K2_V2_s35_step10000,learned,2,35,passage_retrieval_en,Synthetic,0,f440b317fe84ec87132b316031ad47925a6ae33e0ef0ee3a,8525,8k+,100.0
learned_K2_V2_s35_step10000,learned,2,35,passage_retrieval_en,Synthetic,1,5096757b48e895ad15b31e620bedd26e5ba11406619bb23f,8679,8k+,100.0
learned_K2_V2_s35_step10000,learned,2,35,passage_retrieval_en,Synthetic,2,8b64051664cb901d9bdb2496f545d7eee2afc4104b2cd70e,9562,8k+,0.0
learned_K2_V2_s35_step10000,learned,2,35,passage_retrieval_en,Synthetic,3,4349c909bd2d20abdf107f11c32c821992e085f79e9de5bd,9273,8k+,100.0
learned_K2_V2_s35_step10000,learned,2,35,passage_retrieval_en,Synthetic,4,7d40e1fda479442b3036ee0eac74bfc78fb55f2078e861c1,9175,8k+,100.0
learned_K2_V2_s35_step10000,learned,2,35,passage_retrieval_en,Synthetic,5,3cdab3983562bc0d09ca6edff3165b60549755f4e9dc5c76,9139,8k+,100.0
learned_K2_V2_s35_step10000,learned,2,35,passage_retrieval_en,Synthetic,6,803a8ee56e14440e185aaf0eb0f82b9f060cb70b4b074311,8832,8k+,100.0
learned_K2_V2_s35_step10000,learned,2,35,passage_retrieval_en,Synthetic,7,c795443150fa323af09da5a7a90c92df40234f1dadda9c36,8995,8k+,100.0
learned_K2_V2_s35_step10000,learned,2,35,passage_retrieval_en,Synthetic,8,25f458b734959c49a6b17fcf3ebe8c17d783b4308eaeaf58,7789,4-8k,100.0
learned_K2_V2_s35_step10000,learned,2,35,passage_retrieval_en,Synthetic,9,6c982433659ce5f5ab0aed1ad2f7aaab98da81d6f2c884f7,10027,8k+,100.0
learned_K2_V2_s35_step10000,learned,2,35,passage_retrieval_en,Synthetic,10,3904ff19a3fb00b1dc090b36de6a31b5a1f609402e6d6fdd,9273,8k+,100.0
learned_K2_V2_s35_step10000,learned,2,35,passage_retrieval_en,Synthetic,11,aea9522fd0bc34379944ded926003b0570fe34095eed5764,10178,8k+,0.0
learned_K2_V2_s35_step10000,learned,2,35,passage_retrieval_en,Synthetic,12,788dc7c33a28516fc1a7653945b4664eac0b213dfab95d93,9221,8k+,100.0
learned_K2_V2_s35_step10000,learned,2,35,passage_retrieval_en,Synthetic,13,dc2dab0a04cf9ed55af558bd1f26b2674d6f0742c8256247,9718,8k+,100.0
learned_K2_V2_s35_step10000,learned,2,35,passage_retrieval_en,Synthetic,14,cea4e7b4aa32882ef84a2d08b2da9df610d6ab4d6f0928a1,11340,8k+,100.0
learned_K2_V2_s35_step10000,learned,2,35,passage_retrieval_en,Synthetic,15,1f9f1148ab9f65a9a43ff2ca02dcfebfda9dcf59f9fdedb9,9750,8k+,100.0
learned_K2_V2_s35_step10000,learned,2,35,passage_retrieval_en,Synthetic,16,cebc4e96310c20c62b96dbbb100fef95b59f5f2540d3fc99,8965,8k+,100.0
learned_K2_V2_s35_step10000,learned,2,35,passage_retrieval_en,Synthetic,17,fc1f8e579b399c21aceb5aea8cb7cc6901273b07feca9872,8965,8k+,100.0
learned_K2_V2_s35_step10000,learned,2,35,passage_retrieval_en,Synthetic,18,4e79b0e55e463d6c664a2a8b867ab34513b278c40bf9da27,9275,8k+,100.0
learned_K2_V2_s35_step10000,learned,2,35,passage_retrieval_en,Synthetic,19,576c3b0a453922c2b506630f24eca8b155dec4b415519619,10934,8k+,100.0
learned_K2_V2_s35_step10000,learned,2,35,passage_retrieval_en,Synthetic,20,12a3c92054a81cf9e8f9feabd3df580f0b1f3da68fedc572,9713,8k+,0.0
learned_K2_V2_s35_step10000,learned,2,35,passage_retrieval_en,Synthetic,21,2024cb6239c0be12fae84bbbbcca6bb976a704c0bddb305b,9947,8k+,100.0
learned_K2_V2_s35_step10000,learned,2,35,passage_retrieval_en,Synthetic,22,bd9d3468c50000f39e476ba33358347ef358d49f2424458c,8991,8k+,100.0
learned_K2_V2_s35_step10000,learned,2,35,passage_retrieval_en,Synthetic,23,519810536eb03a3adc994472060782fdde1f57cc793ee53e,9211,8k+,0.0
learned_K2_V2_s35_step10000,learned,2,35,passage_retrieval_en,Synthetic,24,0572c1fd4c71cdaecbee7a7e8727697ad01d484b8a6aba83,8267,8k+,100.0
learned_K2_V2_s35_step10000,learned,2,35,passage_retrieval_en,Synthetic,25,4e53ec041f1ceb316c1c9849d1eab12a8515d3b65a76bd5f,8180,8k+,0.0
learned_K2_V2_s35_step10000,learned,2,35,passage_retrieval_en,Synthetic,26,62f44dae51918c20136d2cfa5469d680f04216926da0ff93,10576,8k+,100.0
learned_K2_V2_s35_step10000,learned,2,35,passage_retrieval_en,Synthetic,27,88e4f74376126f62f0f422c2532d2baaaab48998509bea6f,9513,8k+,100.0
learned_K2_V2_s35_step10000,learned,2,35,passage_retrieval_en,Synthetic,28,1c84398a5d9857c046163eaf29b3a1d7e1ea7b79c23430ec,9747,8k+,100.0
learned_K2_V2_s35_step10000,learned,2,35,passage_retrieval_en,Synthetic,29,54007660c7f56e3e460501677b635e20a94774c86804adf8,7534,4-8k,100.0
learned_K2_V2_s35_step10000,learned,2,35,passage_retrieval_en,Synthetic,30,b237b72566b357f04d6a699d634dd9744731518d61c95d21,9908,8k+,100.0
learned_K2_V2_s35_step10000,learned,2,35,passage_retrieval_en,Synthetic,31,a635f6f93afd73e1544bd3858848bc45ece77c07c9783176,8838,8k+,100.0
learned_K2_V2_s35_step10000,learned,2,35,passage_retrieval_en,Synthetic,32,0cd53931f2ffb958264a415bddf98b732832def3997916d2,10016,8k+,100.0
learned_K2_V2_s35_step10000,learned,2,35,passage_retrieval_en,Synthetic,33,f1382b660e91069869d0472bbbf061720e030d7fca006f6c,7992,4-8k,100.0
learned_K2_V2_s35_step10000,learned,2,35,passage_retrieval_en,Synthetic,34,5416f637bed37f632213f94d77c7e04d5c0f6b1dcb858e37,9899,8k+,100.0
learned_K2_V2_s35_step10000,learned,2,35,passage_retrieval_en,Synthetic,35,1f31b83ce91f9d99d5a93b2af35e02c8eddb5619018b168c,9483,8k+,0.0
learned_K2_V2_s35_step10000,learned,2,35,passage_retrieval_en,Synthetic,36,78c8d1ac1a497db2bc8450073948f47300fc868545f6c748,10118,8k+,0.0
learned_K2_V2_s35_step10000,learned,2,35,passage_retrieval_en,Synthetic,37,da02ddf551706e0672ee02ca9b1be22bb6ec1dd52536da97,8975,8k+,100.0
learned_K2_V2_s35_step10000,learned,2,35,passage_retrieval_en,Synthetic,38,419cec5e49a27872fcd6a95a129e248363c8ab375392af94,9934,8k+,100.0
learned_K2_V2_s35_step10000,learned,2,35,passage_retrieval_en,Synthetic,39,9f2ea2a9ceb29930aeb4cfff94b4ad12e835e03502a30747,7736,4-8k,100.0
learned_K2_V2_s35_step10000,learned,2,35,passage_retrieval_en,Synthetic,40,7a19e7f9b13931f23168828b91f39266b978c09fadf83e68,8771,8k+,0.0
learned_K2_V2_s35_step10000,learned,2,35,passage_retrieval_en,Synthetic,41,757b90f375deb27abcf0244be3b6f901c39f4a51e6c1d25a,10004,8k+,100.0
learned_K2_V2_s35_step10000,learned,2,35,passage_retrieval_en,Synthetic,42,fe6ddc36d614820497e4a2681c0b27d7fb6a26100033dc77,9000,8k+,0.0
learned_K2_V2_s35_step10000,learned,2,35,passage_retrieval_en,Synthetic,43,47a64b03518500e56c0b76075a0a827cd3792ca6c62b8c94,10255,8k+,100.0
learned_K2_V2_s35_step10000,learned,2,35,passage_retrieval_en,Synthetic,44,a69f6f88c90965fbf2c6c60245d05d24232baa9a9e4fbd44,8776,8k+,100.0
learned_K2_V2_s35_step10000,learned,2,35,passage_retrieval_en,Synthetic,45,27fc8231a08403f15b65d1dc7bdb4c64936344bb26697d1e,10742,8k+,100.0
learned_K2_V2_s35_step10000,learned,2,35,passage_retrieval_en,Synthetic,46,0d31a5ea5cebb18a1cde1130c38e9e7e84bb9b08c6c6e982,10320,8k+,0.0
learned_K2_V2_s35_step10000,learned,2,35,passage_retrieval_en,Synthetic,47,41cd55851459af4c3ca72a2c4949451777794cc162e3f4d8,8971,8k+,100.0
learned_K2_V2_s35_step10000,learned,2,35,passage_retrieval_en,Synthetic,48,dc98c26b2814e005d231d44ee3be96e981f56090a3ca8844,10277,8k+,100.0
learned_K2_V2_s35_step10000,learned,2,35,passage_retrieval_en,Synthetic,49,2e87c52043fd6a53718a2c8afb03ac376551f50a2bc193e5,9525,8k+,0.0
learned_K2_V2_s35_step10000,learned,2,35,passage_retrieval_en,Synthetic,50,b7f8150c889af8225cd32165f4f1e0727f4044e35b580b43,8674,8k+,0.0
learned_K2_V2_s35_step10000,learned,2,35,passage_retrieval_en,Synthetic,51,76b654fd4a5971cb7a2a079e5f3e34208b6d91e13c92b49a,8629,8k+,100.0
learned_K2_V2_s35_step10000,learned,2,35,passage_retrieval_en,Synthetic,52,b5d648e16670882aecaf0e5bfcf338ac1f1fa70a0639719e,9970,8k+,0.0
learned_K2_V2_s35_step10000,learned,2,35,passage_retrieval_en,Synthetic,53,a429520f0fc7f3258691da42fc113ab418d00310ce5c4ab6,8791,8k+,100.0
learned_K2_V2_s35_step10000,learned,2,35,passage_retrieval_en,Synthetic,54,a6da7a390729f404c220a450497ac984097db7656145ae58,9949,8k+,0.0
learned_K2_V2_s35_step10000,learned,2,35,passage_retrieval_en,Synthetic,55,2db15acab1b3ee478922a99301133b12c76b6f27fdc6978d,9832,8k+,0.0
learned_K2_V2_s35_step10000,learned,2,35,passage_retrieval_en,Synthetic,56,5dea97cd23a5e9f4844f3f42218ccf4d547944a9a11825cc,8952,8k+,100.0
learned_K2_V2_s35_step10000,learned,2,35,passage_retrieval_en,Synthetic,57,cfe08e061279316727878955c6b59d23911ee5282bc59a90,8253,8k+,100.0
learned_K2_V2_s35_step10000,learned,2,35,passage_retrieval_en,Synthetic,58,8ef79d61d06b7273cde31281fc54ebdeb77f35f160123b92,10431,8k+,100.0
learned_K2_V2_s35_step10000,learned,2,35,passage_retrieval_en,Synthetic,59,bd2790fd7a4656d97185686ff14ca518c8a3588b8eaba446,10196,8k+,100.0
learned_K2_V2_s35_step10000,learned,2,35,passage_retrieval_en,Synthetic,60,b5dcdcd8cd30507649de61c735e5467a2ec7d409a3105e29,10633,8k+,0.0
learned_K2_V2_s35_step10000,learned,2,35,passage_retrieval_en,Synthetic,61,5785f8037b30514d842d12282a68f5e14fa2e061264dc415,9824,8k+,100.0
learned_K2_V2_s35_step10000,learned,2,35,passage_retrieval_en,Synthetic,62,5f95e26ccd46458401164d5798ff1bcf0f8f64caaf6c0543,9324,8k+,100.0
learned_K2_V2_s35_step10000,learned,2,35,passage_retrieval_en,Synthetic,63,307ca2355603a3136fe382df61d1b83aa14ba1a08331304d,10299,8k+,100.0
learned_K2_V2_s35_step10000,learned,2,35,passage_retrieval_en,Synthetic,64,025e40d553c40d2560f0af55973b6a8308edfce5a5bc3988,9489,8k+,100.0
learned_K2_V2_s35_step10000,learned,2,35,passage_retrieval_en,Synthetic,65,ac2313f556b6b26fc0df273477d62b8e34889e10477ab50a,8281,8k+,100.0
learned_K2_V2_s35_step10000,learned,2,35,passage_retrieval_en,Synthetic,66,d0db7a73ecaae05359aebc5f4ef6d5332a3c7ac4abec1172,8804,8k+,100.0
learned_K2_V2_s35_step10000,learned,2,35,passage_retrieval_en,Synthetic,67,4769b1e46a71a4a0c0272ddd19464a344513209af4bd4d23,8473,8k+,0.0
learned_K2_V2_s35_step10000,learned,2,35,passage_retrieval_en,Synthetic,68,823f9d0bf3b12643ca008e445fcf4ccdab25961b4d90966e,9216,8k+,0.0
learned_K2_V2_s35_step10000,learned,2,35,passage_retrieval_en,Synthetic,69,c57907e42f244e15eb8010bee58219db030e3d94e1b8152a,10941,8k+,0.0
learned_K2_V2_s35_step10000,learned,2,35,passage_retrieval_en,Synthetic,70,b10a218e6b73efe51ffaf96211a359d3d123ea26b7379945,10198,8k+,0.0
learned_K2_V2_s35_step10000,learned,2,35,passage_retrieval_en,Synthetic,71,8c3fe76b4ee279090bfe86483753a8f2fc21e5e0cb376667,8526,8k+,100.0
learned_K2_V2_s35_step10000,learned,2,35,passage_retrieval_en,Synthetic,72,d731a3193850bccf76070c2955a08d22896f87bad6afc159,8039,8k+,100.0
learned_K2_V2_s35_step10000,learned,2,35,passage_retrieval_en,Synthetic,73,d95defc3c6c99e7633f27e44b643e940a6a03bd06a672468,9207,8k+,0.0
learned_K2_V2_s35_step10000,learned,2,35,passage_retrieval_en,Synthetic,74,2b93d7e3c62da186d08e765770424b9993c95381b6750cb2,9357,8k+,100.0
learned_K2_V2_s35_step10000,learned,2,35,passage_retrieval_en,Synthetic,75,d4e5d9d32caa6b2f6e33fa60857d3e71da95fcab4e061ca3,9713,8k+,0.0
learned_K2_V2_s35_step10000,learned,2,35,passage_retrieval_en,Synthetic,76,44fb4f052e527a75773941e1f839d072fb0ac2209d426ee5,8114,8k+,100.0
learned_K2_V2_s35_step10000,learned,2,35,passage_retrieval_en,Synthetic,77,a10166029c977a434aaf91031ebe459b018e779612d15fe8,9148,8k+,100.0
learned_K2_V2_s35_step10000,learned,2,35,passage_retrieval_en,Synthetic,78,8d1e79473f3ff6fe67845f454565e353309b7d0edbfdf068,8795,8k+,100.0
learned_K2_V2_s35_step10000,learned,2,35,passage_retrieval_en,Synthetic,79,4f0b9312db54583bf58e3429e594af423bad5564e61e5a91,8491,8k+,100.0
learned_K2_V2_s35_step10000,learned,2,35,passage_retrieval_en,Synthetic,80,c977dd171d2f79ac6ebb9d8a7c6bc58757abc25ac9cb795b,8642,8k+,100.0
learned_K2_V2_s35_step10000,learned,2,35,passage_retrieval_en,Synthetic,81,9e9ad1e4584e23efaf805b95ae854ad3e1276e5ed535ae59,11270,8k+,100.0
learned_K2_V2_s35_step10000,learned,2,35,passage_retrieval_en,Synthetic,82,1425483a88ea7ac3d2f720d908a5975a2ffa7c948d7bed73,9267,8k+,100.0
learned_K2_V2_s35_step10000,learned,2,35,passage_retrieval_en,Synthetic,83,b318b295f09965d5f193a703ba8d4086306460e24e186564,8747,8k+,100.0
learned_K2_V2_s35_step10000,learned,2,35,passage_retrieval_en,Synthetic,84,bf68b26de857397a8131824676d76f187b079b318c389bc9,10176,8k+,100.0
learned_K2_V2_s35_step10000,learned,2,35,passage_retrieval_en,Synthetic,85,e654444bd1544d0766b1afdadc34615218d2267268b18e69,8712,8k+,100.0
learned_K2_V2_s35_step10000,learned,2,35,passage_retrieval_en,Synthetic,86,690c4fcd905bedb060a4fc907c6919c2df35561eb9127a76,8315,8k+,100.0
learned_K2_V2_s35_step10000,learned,2,35,passage_retrieval_en,Synthetic,87,40d1b9a01d766f2f30c52a4522a1f486a888156e7ec03da4,9403,8k+,0.0
learned_K2_V2_s35_step10000,learned,2,35,passage_retrieval_en,Synthetic,88,6f3c4f24a296b2d2eeceea8bd592d0324e95ea84f6d9e71b,10242,8k+,100.0
learned_K2_V2_s35_step10000,learned,2,35,passage_retrieval_en,Synthetic,89,3b6308f949fa02f78ce9a71ec3a29038fda64d98d11ea50c,8143,8k+,100.0
learned_K2_V2_s35_step10000,learned,2,35,passage_retrieval_en,Synthetic,90,761dff7fa52f3669a4899785a1a61aa1b419697ef5186ae7,9508,8k+,0.0
learned_K2_V2_s35_step10000,learned,2,35,passage_retrieval_en,Synthetic,91,5f7c999b4c390774ba01b3f34a1efc643691211d4752a434,7817,4-8k,100.0
learned_K2_V2_s35_step10000,learned,2,35,passage_retrieval_en,Synthetic,92,962c3a326d5d38b018350a3ebf2fe641028d35e77bf31505,7533,4-8k,100.0
learned_K2_V2_s35_step10000,learned,2,35,passage_retrieval_en,Synthetic,93,f9b33a4108ee7edd32b71191142bd9e039c49023b67d23ca,9056,8k+,100.0
learned_K2_V2_s35_step10000,learned,2,35,passage_retrieval_en,Synthetic,94,8900dfd4bf8db53d20dfc3cd68cff2c1e52b83f55fde56f9,9565,8k+,100.0
learned_K2_V2_s35_step10000,learned,2,35,passage_retrieval_en,Synthetic,95,b935d8af4ca892e8f1dfb9af0ade863eb5bc9f1bc4e7099b,10347,8k+,100.0
learned_K2_V2_s35_step10000,learned,2,35,passage_retrieval_en,Synthetic,96,d0ad36dd2dbea671ed11059257cea20955866a71c004c877,9260,8k+,100.0
learned_K2_V2_s35_step10000,learned,2,35,passage_retrieval_en,Synthetic,97,9fc26f96b43015e87a6731d87252dfd2a05822394e24447b,11516,8k+,0.0
learned_K2_V2_s35_step10000,learned,2,35,passage_retrieval_en,Synthetic,98,67b8d839276c1ff7b9e0c10d3b799cca4828771935069e4e,9334,8k+,100.0
learned_K2_V2_s35_step10000,learned,2,35,passage_retrieval_en,Synthetic,99,284ffdb8de1a59ef639b0772e726c210b275e78d9183a422,10614,8k+,0.0
learned_K2_V2_s35_step10000,learned,2,35,passage_retrieval_en,Synthetic,100,5a61c459d1ed6095d953951f6f1a5c9cc73c81fc09a71576,9251,8k+,0.0
learned_K2_V2_s35_step10000,learned,2,35,passage_retrieval_en,Synthetic,101,3d9b5a60fdf88dbb5f88a2663243c81d34d3c1acff0bc044,9922,8k+,100.0
learned_K2_V2_s35_step10000,learned,2,35,passage_retrieval_en,Synthetic,102,7b445742fe953aeb1f3624e7ebfb4363b39c4da5a96bdb56,9459,8k+,0.0
learned_K2_V2_s35_step10000,learned,2,35,passage_retrieval_en,Synthetic,103,3e51fcd262bf33c63d4f1c43411e5eec5bb9fd95927f49c2,9025,8k+,100.0
learned_K2_V2_s35_step10000,learned,2,35,passage_retrieval_en,Synthetic,104,e756006e7a144820a20111c3cb09a7b11fa286a613232f8b,9717,8k+,100.0
learned_K2_V2_s35_step10000,learned,2,35,passage_retrieval_en,Synthetic,105,aecfed8ea782c2bd0c97f1adf2219f5dc09c49e95804cf95,9446,8k+,100.0
learned_K2_V2_s35_step10000,learned,2,35,passage_retrieval_en,Synthetic,106,e7c9fe7990434c81f120f032ac170e5140e5f782d7bcb419,10308,8k+,100.0
learned_K2_V2_s35_step10000,learned,2,35,passage_retrieval_en,Synthetic,107,ad6735c4347fa03f0a3a5630dcf69a91176eab7656dd6015,8558,8k+,100.0
learned_K2_V2_s35_step10000,learned,2,35,passage_retrieval_en,Synthetic,108,b7bd245a08785af387abe8c1ce418342f04f8070d99be036,9485,8k+,100.0
learned_K2_V2_s35_step10000,learned,2,35,passage_retrieval_en,Synthetic,109,e1ae6d0bb1c85a5ba4d53ac8c2634618b371392ec6970d08,8673,8k+,100.0
learned_K2_V2_s35_step10000,learned,2,35,passage_retrieval_en,Synthetic,110,c667a3a8f76b1a7a353eb34f57529c38ccc7310a58087e90,9147,8k+,100.0
learned_K2_V2_s35_step10000,learned,2,35,passage_retrieval_en,Synthetic,111,fcf11100a7ddc8a3fca921373c164992fa4c21169243ba09,10298,8k+,100.0
learned_K2_V2_s35_step10000,learned,2,35,passage_retrieval_en,Synthetic,112,2f113c2299ebd2bf8712cfdacc3c9226457e410a058c51f5,8716,8k+,100.0
learned_K2_V2_s35_step10000,learned,2,35,passage_retrieval_en,Synthetic,113,df6abe19bc9f1af9ca18c19f444fb09a2e9a4c1513ae612a,9171,8k+,100.0
learned_K2_V2_s35_step10000,learned,2,35,passage_retrieval_en,Synthetic,114,1f7987b7c7a14eba9fe978296c1704af5c27aff2a0bf0ff0,9357,8k+,100.0
learned_K2_V2_s35_step10000,learned,2,35,passage_retrieval_en,Synthetic,115,efcf3ee65d4424edb335a406492480b5c709f4309b8b7849,10597,8k+,0.0
learned_K2_V2_s35_step10000,learned,2,35,passage_retrieval_en,Synthetic,116,e33407224df027493595062818ce0116176b0b7d6f812f4c,8070,8k+,100.0
learned_K2_V2_s35_step10000,learned,2,35,passage_retrieval_en,Synthetic,117,2a470259b0a4c8ac30c31b56e9838a204c16e4548403b45d,9095,8k+,100.0
learned_K2_V2_s35_step10000,learned,2,35,passage_retrieval_en,Synthetic,118,55de37784391594d4f5015f4ed6d0ed10ca738f0e4bae9c9,8867,8k+,0.0
learned_K2_V2_s35_step10000,learned,2,35,passage_retrieval_en,Synthetic,119,409515b26e78f0b9db30348b6f915173774f44aa45b6b18d,9895,8k+,100.0
learned_K2_V2_s35_step10000,learned,2,35,passage_retrieval_en,Synthetic,120,069eea78623e2fa37c1854f6d7cd554c528fb3b226d1a51a,9072,8k+,100.0
learned_K2_V2_s35_step10000,learned,2,35,passage_retrieval_en,Synthetic,121,720aa9a26dcf4914e5b093ebf07270de30a752cbda9a6f5c,10852,8k+,0.0
learned_K2_V2_s35_step10000,learned,2,35,passage_retrieval_en,Synthetic,122,c8c4c4059667ba3b5a8923e02210eaef195848d393bc3655,9767,8k+,100.0
learned_K2_V2_s35_step10000,learned,2,35,passage_retrieval_en,Synthetic,123,a34f0a41b895c4bfe3be6d95e8a318b744f9d220260f1ca9,9547,8k+,100.0
learned_K2_V2_s35_step10000,learned,2,35,passage_retrieval_en,Synthetic,124,60c1a8ff2b2205288d3fda80e3759674754bcf101740e583,8081,8k+,100.0
learned_K2_V2_s35_step10000,learned,2,35,passage_retrieval_en,Synthetic,125,48c8b3dd6d31a37cdf2d399a79820ce75777823657d3e368,7860,4-8k,100.0
learned_K2_V2_s35_step10000,learned,2,35,passage_retrieval_en,Synthetic,126,7aa5079a3da61519b6222e99facb244db1be904e2b3d0815,9423,8k+,0.0
learned_K2_V2_s35_step10000,learned,2,35,passage_retrieval_en,Synthetic,127,6a3df141172932561648bd50ffd50c01bfb5ef28d3a15925,7818,4-8k,100.0
learned_K2_V2_s35_step10000,learned,2,35,passage_retrieval_en,Synthetic,128,7ddd206e2015d772d5047e1d4088446d7a8edecee87d5828,10417,8k+,0.0
learned_K2_V2_s35_step10000,learned,2,35,passage_retrieval_en,Synthetic,129,5243a22c8d6bf2de56bb2c824eed8a635413421ee8c72324,8644,8k+,100.0
learned_K2_V2_s35_step10000,learned,2,35,passage_retrieval_en,Synthetic,130,d730ae186a2ce4500dee3646cf0bb8eca7437a697a9b20cf,8429,8k+,100.0
learned_K2_V2_s35_step10000,learned,2,35,passage_retrieval_en,Synthetic,131,159714eaac7cd6b32bee0acf029b3521ae89350872592aa3,8931,8k+,100.0
learned_K2_V2_s35_step10000,learned,2,35,passage_retrieval_en,Synthetic,132,b4094bb9bffe0a5bc42cf01d9f29705dd30f74a87ee13b3f,9098,8k+,0.0
learned_K2_V2_s35_step10000,learned,2,35,passage_retrieval_en,Synthetic,133,88df598a6f2c492ee83f53f3a21f33e4b8e51e6088c378d3,8751,8k+,100.0
learned_K2_V2_s35_step10000,learned,2,35,passage_retrieval_en,Synthetic,134,85409cda24fe8f950e2922d8f7947f69b82102d31a5afb6e,9296,8k+,100.0
learned_K2_V2_s35_step10000,learned,2,35,passage_retrieval_en,Synthetic,135,3570430028ff232da3619ad4dd68c8b50df20a137e92c899,9412,8k+,100.0
learned_K2_V2_s35_step10000,learned,2,35,passage_retrieval_en,Synthetic,136,137e146ca66b49060838a6f4667ed2871c6a6c12ac83fc5b,9968,8k+,100.0
learned_K2_V2_s35_step10000,learned,2,35,passage_retrieval_en,Synthetic,137,b3b50664aa10d1a972da79a46bfc5af0ed460d0344c4f5c6,9105,8k+,100.0
learned_K2_V2_s35_step10000,learned,2,35,passage_retrieval_en,Synthetic,138,a2c204bb86f1e561e0626e41fe6653de781221dc6a346a5e,8924,8k+,100.0
learned_K2_V2_s35_step10000,learned,2,35,passage_retrieval_en,Synthetic,139,217dd9395f0fd6ad9ca2520ab3e1688a89832450c291b7ec,9991,8k+,100.0
learned_K2_V2_s35_step10000,learned,2,35,passage_retrieval_en,Synthetic,140,75e72cca618c690bdf8dec94ce196c2b62e4aec1c4057de6,10601,8k+,100.0
learned_K2_V2_s35_step10000,learned,2,35,passage_retrieval_en,Synthetic,141,e4cb26fd37b76ec42450c9b7f0816cbad7b40d7a59864b91,8559,8k+,100.0
learned_K2_V2_s35_step10000,learned,2,35,passage_retrieval_en,Synthetic,142,81088267dde56e912fb798ad82fa7467e04a0613a05c4ede,10041,8k+,0.0
learned_K2_V2_s35_step10000,learned,2,35,passage_retrieval_en,Synthetic,143,54efe13a200532d1384f97b2e45f4f61842bd11fcba9ef2b,8851,8k+,100.0
learned_K2_V2_s35_step10000,learned,2,35,passage_retrieval_en,Synthetic,144,4990fa084cf8619c119026d36dfe6df5929260f0c0ee4998,10303,8k+,100.0
learned_K2_V2_s35_step10000,learned,2,35,passage_retrieval_en,Synthetic,145,ae0aae9a66f6bbe58796720b3ad135dc4de3a0f63f51fc0c,9065,8k+,100.0
learned_K2_V2_s35_step10000,learned,2,35,passage_retrieval_en,Synthetic,146,b594a34edd4ae4b8228025fc362691f2d953da10010a543d,8976,8k+,100.0
learned_K2_V2_s35_step10000,learned,2,35,passage_retrieval_en,Synthetic,147,e3b6cd257432992c183701a1d4c474965b06a3095c8eae2b,8863,8k+,100.0
learned_K2_V2_s35_step10000,learned,2,35,passage_retrieval_en,Synthetic,148,f95518cc0b5f13c2976112f5bdf7b59b3a76a5a043e27b61,9616,8k+,100.0
learned_K2_V2_s35_step10000,learned,2,35,passage_retrieval_en,Synthetic,149,e2c27ddb69c4a9edcac2689a6d2d3154061622dec982ccbb,9063,8k+,100.0
learned_K2_V2_s35_step10000,learned,2,35,passage_retrieval_en,Synthetic,150,55461388a87dc6b664b478eaff5d992177be5a4c9a63fd2f,8464,8k+,100.0
learned_K2_V2_s35_step10000,learned,2,35,passage_retrieval_en,Synthetic,151,85cb68983fcc77140e76e3f68f27bd19dd6265c588d6dd6e,9939,8k+,100.0
learned_K2_V2_s35_step10000,learned,2,35,passage_retrieval_en,Synthetic,152,ef028af7d6d2cc2dfb6856107b5bd9b993a9eba65945dd74,7539,4-8k,100.0
learned_K2_V2_s35_step10000,learned,2,35,passage_retrieval_en,Synthetic,153,d8f7388b4378c8dd1574a63dc3f4a2195adfec879c4542e1,9321,8k+,100.0
learned_K2_V2_s35_step10000,learned,2,35,passage_retrieval_en,Synthetic,154,69667042577b4d7a9a94660804106b6bf2a951c3d3e83e63,9976,8k+,100.0
learned_K2_V2_s35_step10000,learned,2,35,passage_retrieval_en,Synthetic,155,8b2039b9bc84be0962f5642e709224df49953d9ef24bea85,7814,4-8k,100.0
learned_K2_V2_s35_step10000,learned,2,35,passage_retrieval_en,Synthetic,156,6698ee26737bdad4f7b8e71c8beefeb3eec555650c6ca8b0,10274,8k+,100.0
learned_K2_V2_s35_step10000,learned,2,35,passage_retrieval_en,Synthetic,157,e40c5d61ecb2557ea47573b7eee9ffececbf282e4d6f006a,9091,8k+,100.0
learned_K2_V2_s35_step10000,learned,2,35,passage_retrieval_en,Synthetic,158,2f60dbf6bbd7d109b7f0dc9bd99cdee8e6a36a8c98044a57,10887,8k+,100.0
learned_K2_V2_s35_step10000,learned,2,35,passage_retrieval_en,Synthetic,159,cd816056ff765f007b9538b92438d118c7f4bdeb3baf4ebf,9628,8k+,100.0
learned_K2_V2_s35_step10000,learned,2,35,passage_retrieval_en,Synthetic,160,c07d0c65aeef23c14a6857871339563a4347d0d95b8954bb,8060,8k+,100.0
learned_K2_V2_s35_step10000,learned,2,35,passage_retrieval_en,Synthetic,161,a6768680cc19564f4d3ef3f708718b30f570edcc1e3f217c,9395,8k+,100.0
learned_K2_V2_s35_step10000,learned,2,35,passage_retrieval_en,Synthetic,162,8cbecfb6cf3c50b8e788fe07acaa48038e1071b178e7ac20,8232,8k+,100.0
learned_K2_V2_s35_step10000,learned,2,35,passage_retrieval_en,Synthetic,163,c4f1ac79563855bed45814abd246717bfa5b05d275a9ed5c,9132,8k+,100.0
learned_K2_V2_s35_step10000,learned,2,35,passage_retrieval_en,Synthetic,164,49f9a53049c97cefa8b6eb1dffd6b7754e35ed316a87f77a,8557,8k+,100.0
learned_K2_V2_s35_step10000,learned,2,35,passage_retrieval_en,Synthetic,165,a5c21b47bec87e94282d87382759be55d8e8cdc068d23e1c,9374,8k+,0.0
learned_K2_V2_s35_step10000,learned,2,35,passage_retrieval_en,Synthetic,166,392e4623363cb01f1a428a492ce05f275522df46f203bd5d,9024,8k+,100.0
learned_K2_V2_s35_step10000,learned,2,35,passage_retrieval_en,Synthetic,167,38535734e1dd896f23cf5caf3b2b373818c7faa010cf0732,8492,8k+,100.0
learned_K2_V2_s35_step10000,learned,2,35,passage_retrieval_en,Synthetic,168,9af0c218aebb0472e115cc07d992226706e198421f4c0210,8944,8k+,100.0
learned_K2_V2_s35_step10000,learned,2,35,passage_retrieval_en,Synthetic,169,547314f65d20e5c2ec5ee0abd8208071a159b50df6f80b91,8243,8k+,100.0
learned_K2_V2_s35_step10000,learned,2,35,passage_retrieval_en,Synthetic,170,53e4be19faa4403747ef64007d4cd45e074b79279509b1a1,8452,8k+,100.0
learned_K2_V2_s35_step10000,learned,2,35,passage_retrieval_en,Synthetic,171,631be03531812dbdaf2cc0f847894741fbfbe47e3acd6f38,8418,8k+,0.0
learned_K2_V2_s35_step10000,learned,2,35,passage_retrieval_en,Synthetic,172,607bb749cf081c01e18730aae6248370390dc014dd2f5b3b,9471,8k+,100.0
learned_K2_V2_s35_step10000,learned,2,35,passage_retrieval_en,Synthetic,173,316c9b38c2cb04fac170f2240e7042f5ab2d8084eec3cd70,8888,8k+,100.0
learned_K2_V2_s35_step10000,learned,2,35,passage_retrieval_en,Synthetic,174,26bc87ff0919083971d7e039919c26c998928645fb904dcf,8088,8k+,100.0
learned_K2_V2_s35_step10000,learned,2,35,passage_retrieval_en,Synthetic,175,2bfa592e99c26802008ba38e6a574413d32f1c98906171a3,10318,8k+,0.0
learned_K2_V2_s35_step10000,learned,2,35,passage_retrieval_en,Synthetic,176,f91dbfc8ab1a8d9751da6b99eb4c8794dbeefd8bc91d8ffe,10754,8k+,100.0
learned_K2_V2_s35_step10000,learned,2,35,passage_retrieval_en,Synthetic,177,bd8025738b45ac1ee64795553d425fa534fd464b15b9d60a,8055,8k+,100.0
learned_K2_V2_s35_step10000,learned,2,35,passage_retrieval_en,Synthetic,178,524b876981e9c000a6129fbed44891de778cdf383365d0b7,9471,8k+,100.0
learned_K2_V2_s35_step10000,learned,2,35,passage_retrieval_en,Synthetic,179,cf6205e9a6e23f7e0cbee6168120368df889a0490dee8928,9415,8k+,100.0
learned_K2_V2_s35_step10000,learned,2,35,passage_retrieval_en,Synthetic,180,e0633918838e1e5495887518892e4bfe0bbbe12c5d5d1a40,10382,8k+,100.0
learned_K2_V2_s35_step10000,learned,2,35,passage_retrieval_en,Synthetic,181,3a8663f0b412dc84f24381a904b283e56f8c17138572ba3c,10098,8k+,100.0
learned_K2_V2_s35_step10000,learned,2,35,passage_retrieval_en,Synthetic,182,935e107e7d9805db8f0faeb52d959c2199ba87c874774360,10972,8k+,100.0
learned_K2_V2_s35_step10000,learned,2,35,passage_retrieval_en,Synthetic,183,420f1a617e88d531402879c4b72f7007288094b98c717f9a,8937,8k+,0.0
learned_K2_V2_s35_step10000,learned,2,35,passage_retrieval_en,Synthetic,184,33b598f46eeae7f2a8070cfe3ef68c101ec0e528ec4bcc19,8275,8k+,100.0
learned_K2_V2_s35_step10000,learned,2,35,passage_retrieval_en,Synthetic,185,0a9b8e6220e20bcbd1de72d117f8e987e2f99f00bf1dba0f,9032,8k+,100.0
learned_K2_V2_s35_step10000,learned,2,35,passage_retrieval_en,Synthetic,186,d7fbd12606d7a9621c1b13eec68fca66fb00d9fd1910c355,7990,4-8k,100.0
learned_K2_V2_s35_step10000,learned,2,35,passage_retrieval_en,Synthetic,187,12770e16fbd9c64011ecbfe6117e8b96ccaefb5176c0a57e,9969,8k+,100.0
learned_K2_V2_s35_step10000,learned,2,35,passage_retrieval_en,Synthetic,188,ca133d0d2c11e4b47a283bb10a3b8dcca16ff49212f86f6b,9356,8k+,100.0
learned_K2_V2_s35_step10000,learned,2,35,passage_retrieval_en,Synthetic,189,da1fa85f8174998cedcf84594b7a9a8319333e9075e2f87b,9827,8k+,0.0
learned_K2_V2_s35_step10000,learned,2,35,passage_retrieval_en,Synthetic,190,34d58c902bdff0e3a58cd143a2cf1726454321b900196e4a,8886,8k+,100.0
learned_K2_V2_s35_step10000,learned,2,35,passage_retrieval_en,Synthetic,191,3e3274ce6f6a2578c1a0940bebabba18fe125f89266acbb9,7953,4-8k,100.0
learned_K2_V2_s35_step10000,learned,2,35,passage_retrieval_en,Synthetic,192,b1ae83c13b038fdf1289f2acf941e953d4813b914f31f866,9019,8k+,0.0
learned_K2_V2_s35_step10000,learned,2,35,passage_retrieval_en,Synthetic,193,fef54ab1ec22345fb27331b917c16a9e3d0cfa9b45134c65,9668,8k+,100.0
learned_K2_V2_s35_step10000,learned,2,35,passage_retrieval_en,Synthetic,194,5ac5b2e04cf1439ebce9902395d0f80c67e8c6b90eb53bcb,9446,8k+,0.0
learned_K2_V2_s35_step10000,learned,2,35,passage_retrieval_en,Synthetic,195,028fbd7c0f326ffdf1bebf0859549bb90d96aa9b803b926e,9333,8k+,100.0
learned_K2_V2_s35_step10000,learned,2,35,passage_retrieval_en,Synthetic,196,ddd5d814d5b763e7cc8c6ded9f652b401b2e42143c8d3670,9006,8k+,100.0
learned_K2_V2_s35_step10000,learned,2,35,passage_retrieval_en,Synthetic,197,92e203d4608b03e6fe5bc3e4f11b875939f7bfbbf2df1311,10134,8k+,100.0
learned_K2_V2_s35_step10000,learned,2,35,passage_retrieval_en,Synthetic,198,c2111801350c8ee650693809f47925fb9d1ca6923bd732b4,8214,8k+,100.0
learned_K2_V2_s35_step10000,learned,2,35,passage_retrieval_en,Synthetic,199,a623590cbcc46d92e2696314430ad7863cc6e504656d680e,10149,8k+,100.0
learned_K2_V2_s35_step10000,learned,2,35,passage_retrieval_zh,Synthetic,0,f951c270fb212ec46982cbbe2292ca317478d25e6248e802,6478,4-8k,0.0
learned_K2_V2_s35_step10000,learned,2,35,passage_retrieval_zh,Synthetic,1,d2d972f84c899de8af8b25953a9c19a1728ec30243ec890f,7368,4-8k,100.0
learned_K2_V2_s35_step10000,learned,2,35,passage_retrieval_zh,Synthetic,2,5cefc582ed64f9801349b7e1812d6c5890d0c18495f403d7,6378,4-8k,0.0
learned_K2_V2_s35_step10000,learned,2,35,passage_retrieval_zh,Synthetic,3,0d7590d16c810be4a0369756ea1a0f9748880c283a986c2c,7417,4-8k,0.0
learned_K2_V2_s35_step10000,learned,2,35,passage_retrieval_zh,Synthetic,4,0cb8be933b26f698ecf56f02503311d9c04d6a36e5d789c9,6654,4-8k,100.0
learned_K2_V2_s35_step10000,learned,2,35,passage_retrieval_zh,Synthetic,5,26289f3c1ec8866207620c88357a8cab5e3a8e2e9ded0349,7127,4-8k,0.0
learned_K2_V2_s35_step10000,learned,2,35,passage_retrieval_zh,Synthetic,6,35e02864810621d99908cf19a5a7563d71f609e5d998a3e2,6601,4-8k,100.0
learned_K2_V2_s35_step10000,learned,2,35,passage_retrieval_zh,Synthetic,7,be91164536c1c23859ed5342a2bf9b5eace21bee93bc90b8,5469,4-8k,0.0
learned_K2_V2_s35_step10000,learned,2,35,passage_retrieval_zh,Synthetic,8,af8effa7ace9e296b72627575764bbbe869fcc9f6838a77e,6385,4-8k,0.0
learned_K2_V2_s35_step10000,learned,2,35,passage_retrieval_zh,Synthetic,9,23e5fbf90931855dcb0e340f64de8a0a9b0d891b23b797cd,5671,4-8k,0.0
learned_K2_V2_s35_step10000,learned,2,35,passage_retrieval_zh,Synthetic,10,0283846a961f8cd194ee73669230d6fc3ab53f1c99be9c2d,5781,4-8k,100.0
learned_K2_V2_s35_step10000,learned,2,35,passage_retrieval_zh,Synthetic,11,02df8b4f23b080cc26050673ddb02c0eecfb268a2201cb01,6619,4-8k,100.0
learned_K2_V2_s35_step10000,learned,2,35,passage_retrieval_zh,Synthetic,12,7063d967f17cbdacb1879c859620410698ce77f6574f2db8,6856,4-8k,0.0
learned_K2_V2_s35_step10000,learned,2,35,passage_retrieval_zh,Synthetic,13,edd986957b9c7126fb91d2040f344f3e86f51f669f0ec475,6964,4-8k,0.0
learned_K2_V2_s35_step10000,learned,2,35,passage_retrieval_zh,Synthetic,14,6cdb4c67a6d7995ff1be5db47e78e07df312ab1e170c95f4,7421,4-8k,100.0
learned_K2_V2_s35_step10000,learned,2,35,passage_retrieval_zh,Synthetic,15,b7c499d1d0cc76480991ff87a23ed8e356cb5cb93479426c,5502,4-8k,0.0
learned_K2_V2_s35_step10000,learned,2,35,passage_retrieval_zh,Synthetic,16,153beb8e45d7a30432f5ec9cf2748d9ad97c133075b4125f,5950,4-8k,0.0
learned_K2_V2_s35_step10000,learned,2,35,passage_retrieval_zh,Synthetic,17,fc0f91fe2374552aaa03b3417ff3302c82bf803f5b354a9e,6854,4-8k,100.0
learned_K2_V2_s35_step10000,learned,2,35,passage_retrieval_zh,Synthetic,18,e2e853459247e4e3b00a1eb9a3cab815f7a8c1140f0ef51f,6695,4-8k,0.0
learned_K2_V2_s35_step10000,learned,2,35,passage_retrieval_zh,Synthetic,19,2aa0b0dbbb443da3394cc23c31d623322726d33b233b3636,5778,4-8k,100.0
learned_K2_V2_s35_step10000,learned,2,35,passage_retrieval_zh,Synthetic,20,73c56375df099b59d8d399c9db244304e05ebf90d81b0ec4,7125,4-8k,0.0
learned_K2_V2_s35_step10000,learned,2,35,passage_retrieval_zh,Synthetic,21,eaeed63024581e6d7dad2b979c4b41e8434072a555f71be8,6641,4-8k,0.0
learned_K2_V2_s35_step10000,learned,2,35,passage_retrieval_zh,Synthetic,22,55e72fe3ff225f1486f8c6f2d69b47670ea1983b5a858f50,5559,4-8k,0.0
learned_K2_V2_s35_step10000,learned,2,35,passage_retrieval_zh,Synthetic,23,2387f3120c972a57d5a45118ddb95d1de25d098604720765,7432,4-8k,0.0
learned_K2_V2_s35_step10000,learned,2,35,passage_retrieval_zh,Synthetic,24,b9f018c75037f689af24dd3ff0aea576c1aa0548c9244fbb,6495,4-8k,100.0
learned_K2_V2_s35_step10000,learned,2,35,passage_retrieval_zh,Synthetic,25,def74c0a4002099b5713c50a5c9f3d497712f27458a59b37,5806,4-8k,0.0
learned_K2_V2_s35_step10000,learned,2,35,passage_retrieval_zh,Synthetic,26,8f226ecb3869196fc82b2291e0ce45f9b3b4a42ea7eb0966,6802,4-8k,0.0
learned_K2_V2_s35_step10000,learned,2,35,passage_retrieval_zh,Synthetic,27,2131ec9412341d53e1319eff8a768938b9dc31af791a506c,8167,8k+,100.0
learned_K2_V2_s35_step10000,learned,2,35,passage_retrieval_zh,Synthetic,28,afea3dc6864a8d406abd9e00d6850e5188f1da54e84b652f,5655,4-8k,100.0
learned_K2_V2_s35_step10000,learned,2,35,passage_retrieval_zh,Synthetic,29,2b17bc72e2c8dbba669ac14793a1c2d51271a7ae04e11b16,5386,4-8k,0.0
learned_K2_V2_s35_step10000,learned,2,35,passage_retrieval_zh,Synthetic,30,732849c26723294e6a6da09ff8607de7a92953069f9f15c7,8454,8k+,100.0
learned_K2_V2_s35_step10000,learned,2,35,passage_retrieval_zh,Synthetic,31,6684b522087fcefc464a1c89a442766ff3d337777d0821f8,6672,4-8k,100.0
learned_K2_V2_s35_step10000,learned,2,35,passage_retrieval_zh,Synthetic,32,644b9673867ffa53d1f6e19ed246d9ec9f3929ed8d4d58bc,8963,8k+,0.0
learned_K2_V2_s35_step10000,learned,2,35,passage_retrieval_zh,Synthetic,33,d856463ec61de91806bbd231e942b1802aed1c7f6aa29397,6761,4-8k,100.0
learned_K2_V2_s35_step10000,learned,2,35,passage_retrieval_zh,Synthetic,34,e597ad527a43b06f84cdce723c39f99b2974692515902d57,6948,4-8k,100.0
learned_K2_V2_s35_step10000,learned,2,35,passage_retrieval_zh,Synthetic,35,3317076f4a4d262e5932c1b82d1a50e838cba63950dcb90d,5712,4-8k,100.0
learned_K2_V2_s35_step10000,learned,2,35,passage_retrieval_zh,Synthetic,36,114315020a2a44a7503087b56a7040a457d2c96a3d9e540b,7477,4-8k,0.0
learned_K2_V2_s35_step10000,learned,2,35,passage_retrieval_zh,Synthetic,37,2128e5f6b792648110a80fe962712603de264006807a54c0,7344,4-8k,100.0
learned_K2_V2_s35_step10000,learned,2,35,passage_retrieval_zh,Synthetic,38,283543a33efdf524dc813fce4aedbdc9ab3683b02fcdd192,6689,4-8k,100.0
learned_K2_V2_s35_step10000,learned,2,35,passage_retrieval_zh,Synthetic,39,e95ff1d49cd07201f6edc33cb9f794a704bf1545c95c1a3d,7266,4-8k,0.0
learned_K2_V2_s35_step10000,learned,2,35,passage_retrieval_zh,Synthetic,40,e7a45e0b403836f38b6520b6f00cfd1b335c06db24188948,7715,4-8k,0.0
learned_K2_V2_s35_step10000,learned,2,35,passage_retrieval_zh,Synthetic,41,5279414b79c621754a3d512773560db5fd4f4b08fb2e3614,8431,8k+,0.0
learned_K2_V2_s35_step10000,learned,2,35,passage_retrieval_zh,Synthetic,42,93f8a1d426e90ac53e9d4598145b6db4cc810edcda8da1f3,5624,4-8k,100.0
learned_K2_V2_s35_step10000,learned,2,35,passage_retrieval_zh,Synthetic,43,8b059130668f08ab886b4a9d0238ee174a2b57d65ffc0e68,5859,4-8k,100.0
learned_K2_V2_s35_step10000,learned,2,35,passage_retrieval_zh,Synthetic,44,b10077220a5ad974473b83cda075d5f1ff2b4f9a17979eef,5824,4-8k,0.0
learned_K2_V2_s35_step10000,learned,2,35,passage_retrieval_zh,Synthetic,45,15220a828a22448dd5d3554b404aabdcd667acd9bd598f21,7037,4-8k,100.0
learned_K2_V2_s35_step10000,learned,2,35,passage_retrieval_zh,Synthetic,46,086765da5ee49f2035ed790d8f73bba8c504411cd83d05df,6363,4-8k,100.0
learned_K2_V2_s35_step10000,learned,2,35,passage_retrieval_zh,Synthetic,47,70740e776bbeb680cec80265fd8ac003805837c780cbaa3c,6295,4-8k,100.0
learned_K2_V2_s35_step10000,learned,2,35,passage_retrieval_zh,Synthetic,48,abe474c9df9c801cf7ec3a5a66dc0551e23ed4ea83137550,5326,4-8k,100.0
learned_K2_V2_s35_step10000,learned,2,35,passage_retrieval_zh,Synthetic,49,e38aeae1875e5e4ebfab912b98c90be4f713a70bd52deaf1,6008,4-8k,100.0
learned_K2_V2_s35_step10000,learned,2,35,passage_retrieval_zh,Synthetic,50,7f62a85e61378ab2c4167e884f9925f7ff0251cea6591b27,6666,4-8k,0.0
learned_K2_V2_s35_step10000,learned,2,35,passage_retrieval_zh,Synthetic,51,9aa25a52f65bcb7c5d8ab122d0ab75947f305ed97acadd37,7984,4-8k,100.0
learned_K2_V2_s35_step10000,learned,2,35,passage_retrieval_zh,Synthetic,52,fb9568001d3e578d06bfbcf6823d17b9089019b535407e33,6109,4-8k,100.0
learned_K2_V2_s35_step10000,learned,2,35,passage_retrieval_zh,Synthetic,53,6937ef6d4d8c1435d0573d0497a13a77d61cf9a8947b9282,7521,4-8k,0.0
learned_K2_V2_s35_step10000,learned,2,35,passage_retrieval_zh,Synthetic,54,a55ed43544f58c219e26bc7d54a97a833fb8a26d5b05672f,7329,4-8k,0.0
learned_K2_V2_s35_step10000,learned,2,35,passage_retrieval_zh,Synthetic,55,d2ec3b3f0d1fb58f9c65eaa79af5e40c0b893b0f90a8a6b3,5949,4-8k,100.0
learned_K2_V2_s35_step10000,learned,2,35,passage_retrieval_zh,Synthetic,56,6cecb7e782018108a54b7e5b57bcebdaa929ad52c13c4b85,6675,4-8k,0.0
learned_K2_V2_s35_step10000,learned,2,35,passage_retrieval_zh,Synthetic,57,d9fc1c60d78ceb5b08abc3ba4690c89674131b1aee8efe76,6280,4-8k,100.0
learned_K2_V2_s35_step10000,learned,2,35,passage_retrieval_zh,Synthetic,58,3fd281f2673a92201696f2fab3971a41c161e66cdeed2d3e,6517,4-8k,0.0
learned_K2_V2_s35_step10000,learned,2,35,passage_retrieval_zh,Synthetic,59,0bc369db0bdb72e93c3d3cf2f9ba2e83b55777b18eadf3ba,6168,4-8k,100.0
learned_K2_V2_s35_step10000,learned,2,35,passage_retrieval_zh,Synthetic,60,55acb2b2c22b82651bc08ee2e2468c0799dde346fd7810df,7817,4-8k,100.0
learned_K2_V2_s35_step10000,learned,2,35,passage_retrieval_zh,Synthetic,61,336ae030c99dbe5982b0df239fb78bd16ccc9b2fa30fad69,6344,4-8k,0.0
learned_K2_V2_s35_step10000,learned,2,35,passage_retrieval_zh,Synthetic,62,6988d69ae85e5e435ab333fb181e8e4f6ebf862c1378da47,8190,8k+,100.0
learned_K2_V2_s35_step10000,learned,2,35,passage_retrieval_zh,Synthetic,63,44b909f67d8150e36d409097c3ef4ef9fa1214788954b615,7055,4-8k,0.0
learned_K2_V2_s35_step10000,learned,2,35,passage_retrieval_zh,Synthetic,64,416af31d8b861bdeb7803129293b33b23bd6b0f247a82e95,7102,4-8k,0.0
learned_K2_V2_s35_step10000,learned,2,35,passage_retrieval_zh,Synthetic,65,ddfa8cc4ab0a59e3317e8f14826642ebe7adc92d4c6b1fb7,7959,4-8k,0.0
learned_K2_V2_s35_step10000,learned,2,35,passage_retrieval_zh,Synthetic,66,7f1d94b35f459af17840bc3ef5564c8cda6e8fc6eb6f3f7d,5197,4-8k,0.0
learned_K2_V2_s35_step10000,learned,2,35,passage_retrieval_zh,Synthetic,67,cdb9a0aa5e948f5bff41fa6d13e11e15c084b0094f80cca9,5910,4-8k,0.0
learned_K2_V2_s35_step10000,learned,2,35,passage_retrieval_zh,Synthetic,68,35cdf0ee8151f7653770d22d78eef6a85a7c9af80b753c3d,7163,4-8k,100.0
learned_K2_V2_s35_step10000,learned,2,35,passage_retrieval_zh,Synthetic,69,c10ac6256b1a439e358db513cbeacf0ef619002c345327a5,7112,4-8k,100.0
learned_K2_V2_s35_step10000,learned,2,35,passage_retrieval_zh,Synthetic,70,7de762ae0e986a5835f9cb70c4fe772961c29fe0ffdfcf5d,7202,4-8k,0.0
learned_K2_V2_s35_step10000,learned,2,35,passage_retrieval_zh,Synthetic,71,da538150abd8da3594eb4dec8061e40c4a6a255f9d1ef069,7340,4-8k,0.0
learned_K2_V2_s35_step10000,learned,2,35,passage_retrieval_zh,Synthetic,72,8f6319aa0496a0190d9d6bfd10a00f54a030385caf4f11a7,5796,4-8k,0.0
learned_K2_V2_s35_step10000,learned,2,35,passage_retrieval_zh,Synthetic,73,d19050100b5962ae2b9fb1873da6350a987c25007a87440e,6902,4-8k,0.0
learned_K2_V2_s35_step10000,learned,2,35,passage_retrieval_zh,Synthetic,74,791cf1ecc2f173d6fe195ae44278d4d8ac3e9d8de6e89689,6983,4-8k,0.0
learned_K2_V2_s35_step10000,learned,2,35,passage_retrieval_zh,Synthetic,75,8945c35fa787872c13fbd50e96d54cd519c21e74ba444c49,6486,4-8k,0.0
learned_K2_V2_s35_step10000,learned,2,35,passage_retrieval_zh,Synthetic,76,dc73fd176c57d721019f9d00380c1c8034d1eb6a2b4509de,5792,4-8k,100.0
learned_K2_V2_s35_step10000,learned,2,35,passage_retrieval_zh,Synthetic,77,b72bfd5c7a5c70f59836db96dc84841c9badfd2c529c4651,6572,4-8k,0.0
learned_K2_V2_s35_step10000,learned,2,35,passage_retrieval_zh,Synthetic,78,6e71bf4f7f0bb3801fb0834639d2f56073101513db87e1f5,6518,4-8k,0.0
learned_K2_V2_s35_step10000,learned,2,35,passage_retrieval_zh,Synthetic,79,83ccfbf81806da4219404f4ee54d5712132b5ac5a46adff3,6208,4-8k,0.0
learned_K2_V2_s35_step10000,learned,2,35,passage_retrieval_zh,Synthetic,80,ab4bb6e59a54118e593f633c903f2fd55977330c50931439,6672,4-8k,0.0
learned_K2_V2_s35_step10000,learned,2,35,passage_retrieval_zh,Synthetic,81,0325e0e154a3263241e653db1ac552429e9b1cb07920ca2a,6248,4-8k,0.0
learned_K2_V2_s35_step10000,learned,2,35,passage_retrieval_zh,Synthetic,82,08221eaa49ec60e0ede6bced7bf5974a666d015e964e2b59,7147,4-8k,100.0
learned_K2_V2_s35_step10000,learned,2,35,passage_retrieval_zh,Synthetic,83,5b694234cb20808d3d18d8ac6e669e84e2244815f8e613b7,6121,4-8k,100.0
learned_K2_V2_s35_step10000,learned,2,35,passage_retrieval_zh,Synthetic,84,2832193396e6e5b0f49e5971f85a6e46f400f78dd5e8746b,5941,4-8k,100.0
learned_K2_V2_s35_step10000,learned,2,35,passage_retrieval_zh,Synthetic,85,7878902028008dd2e165c702ba76e4995e52ec22fe4926ab,6963,4-8k,100.0
learned_K2_V2_s35_step10000,learned,2,35,passage_retrieval_zh,Synthetic,86,02bec68e86b28d7f2dfd94991a7c979108185f3ad9c5421a,6187,4-8k,100.0
learned_K2_V2_s35_step10000,learned,2,35,passage_retrieval_zh,Synthetic,87,3e63224bf960c31d84c3f4d525f9271a98a0ea2bd784a545,5462,4-8k,0.0
learned_K2_V2_s35_step10000,learned,2,35,passage_retrieval_zh,Synthetic,88,970f9f533757f7462d495e16ebeb36a0686f1f6ec9057ef8,7265,4-8k,0.0
learned_K2_V2_s35_step10000,learned,2,35,passage_retrieval_zh,Synthetic,89,21b2b280b6a714e7663f471700f7b7d333b773edde244723,6063,4-8k,100.0
learned_K2_V2_s35_step10000,learned,2,35,passage_retrieval_zh,Synthetic,90,bd9ceb7964a4eeac15babd2ab3416c8a38a602ac89e0f437,6907,4-8k,100.0
learned_K2_V2_s35_step10000,learned,2,35,passage_retrieval_zh,Synthetic,91,5ab8847184f10c05f16b8696319773034cea3c6be6982eac,6376,4-8k,100.0
learned_K2_V2_s35_step10000,learned,2,35,passage_retrieval_zh,Synthetic,92,c5d36d738d438459663d554e977da4a858463815f82887e0,7265,4-8k,100.0
learned_K2_V2_s35_step10000,learned,2,35,passage_retrieval_zh,Synthetic,93,3f6a7b028b422411fac23277574d1c7c36e09f6dfd414125,7660,4-8k,0.0
learned_K2_V2_s35_step10000,learned,2,35,passage_retrieval_zh,Synthetic,94,a226b808884e82fc06bc2460dfd6d25423f905199b23c430,6742,4-8k,100.0
learned_K2_V2_s35_step10000,learned,2,35,passage_retrieval_zh,Synthetic,95,6c95982f502344535e2137bcdc1b5309e7f49dadf531c91a,5865,4-8k,0.0
learned_K2_V2_s35_step10000,learned,2,35,passage_retrieval_zh,Synthetic,96,cdf390b37389da35f1efb214c71368e30e9104287d976906,7671,4-8k,0.0
learned_K2_V2_s35_step10000,learned,2,35,passage_retrieval_zh,Synthetic,97,caf6a52db32abdfca3c79fc4874680b9faf031b72204b0b3,7344,4-8k,0.0
learned_K2_V2_s35_step10000,learned,2,35,passage_retrieval_zh,Synthetic,98,5a812ec57a47414489655a0a6ecb589a189d078cfe9a3ee7,6749,4-8k,0.0
learned_K2_V2_s35_step10000,learned,2,35,passage_retrieval_zh,Synthetic,99,182106e463d777adfd2a96019975881d9422aaf68ab13fa5,6438,4-8k,100.0
learned_K2_V2_s35_step10000,learned,2,35,passage_retrieval_zh,Synthetic,100,9966641ed9792b38de325ebe03d3d3c415fb59964d29941d,7357,4-8k,100.0
learned_K2_V2_s35_step10000,learned,2,35,passage_retrieval_zh,Synthetic,101,ade2a82c3a7da30a1613c4ab543066271b8cb4c6a854d615,7478,4-8k,0.0
learned_K2_V2_s35_step10000,learned,2,35,passage_retrieval_zh,Synthetic,102,6fad774cc5f171170fdfb0d4bd8b6cd6f8c549aa618627f8,7335,4-8k,0.0
learned_K2_V2_s35_step10000,learned,2,35,passage_retrieval_zh,Synthetic,103,a29144428781c7a94f9009a8163de0fff9d16d9fb2cc2cd4,6334,4-8k,0.0
learned_K2_V2_s35_step10000,learned,2,35,passage_retrieval_zh,Synthetic,104,e53c2ccc84d72de4eb19f576c8561ab416fe45799b346d10,5997,4-8k,0.0
learned_K2_V2_s35_step10000,learned,2,35,passage_retrieval_zh,Synthetic,105,dce90136c3253598c80c7050931f21ca46ee47191eaa5be9,6401,4-8k,0.0
learned_K2_V2_s35_step10000,learned,2,35,passage_retrieval_zh,Synthetic,106,5e65a292c46866d3799bc8c72ed334faf45f111dd334f9a2,6238,4-8k,0.0
learned_K2_V2_s35_step10000,learned,2,35,passage_retrieval_zh,Synthetic,107,56f1051e8c9ec0cdc363a400034f4814c9fc632afaab3141,6438,4-8k,0.0
learned_K2_V2_s35_step10000,learned,2,35,passage_retrieval_zh,Synthetic,108,11b9c3968a16709a3a493ba00932acd4761574621e343c61,7249,4-8k,100.0
learned_K2_V2_s35_step10000,learned,2,35,passage_retrieval_zh,Synthetic,109,7a50859895ac18f7798a19d31ecd1e86b15d1fd24c386bd7,6573,4-8k,0.0
learned_K2_V2_s35_step10000,learned,2,35,passage_retrieval_zh,Synthetic,110,227cd1cd3e0d339311089fff2caf891c1fc5c5675b1d6442,6897,4-8k,0.0
learned_K2_V2_s35_step10000,learned,2,35,passage_retrieval_zh,Synthetic,111,0ee40fc10469cc99ba20f18ba92763abe747cbb4ad0bb0c3,6508,4-8k,0.0
learned_K2_V2_s35_step10000,learned,2,35,passage_retrieval_zh,Synthetic,112,74fe7b0a67c50ada65039b24f2f02dcd19c16b9a9f3c9b75,5792,4-8k,0.0
learned_K2_V2_s35_step10000,learned,2,35,passage_retrieval_zh,Synthetic,113,4e67cc424359f637a6410359932867676ccb189a06de3dc5,7625,4-8k,100.0
learned_K2_V2_s35_step10000,learned,2,35,passage_retrieval_zh,Synthetic,114,3ce3d65991ed27393cef695b6137bf1a8e6bd30fee6dc93a,7058,4-8k,100.0
learned_K2_V2_s35_step10000,learned,2,35,passage_retrieval_zh,Synthetic,115,e1205a231aa23ab1d58919fa9997fb88548c361402eb940d,5928,4-8k,100.0
learned_K2_V2_s35_step10000,learned,2,35,passage_retrieval_zh,Synthetic,116,5a33998c4dab19f78694eaf9e66815dd02ab78efb6e38140,8786,8k+,100.0
learned_K2_V2_s35_step10000,learned,2,35,passage_retrieval_zh,Synthetic,117,c2103f0a70748564a62b635528631d7a78f23e7d6c7658ab,5446,4-8k,0.0
learned_K2_V2_s35_step10000,learned,2,35,passage_retrieval_zh,Synthetic,118,f5e1645bc1e3a28780620fa9aab7547656c05b03f180b114,6923,4-8k,100.0
learned_K2_V2_s35_step10000,learned,2,35,passage_retrieval_zh,Synthetic,119,198305dd96f54b1d838bf99a6b17daf6ef02b0c0d5a8be36,7903,4-8k,0.0
learned_K2_V2_s35_step10000,learned,2,35,passage_retrieval_zh,Synthetic,120,86bb420753be181ef25b7d1b77dcac338fe3d86ddf26dd4e,7062,4-8k,100.0
learned_K2_V2_s35_step10000,learned,2,35,passage_retrieval_zh,Synthetic,121,f785ff451ff5d07a5ecc4c6b76d889af0a22fa38139ca75b,7435,4-8k,0.0
learned_K2_V2_s35_step10000,learned,2,35,passage_retrieval_zh,Synthetic,122,fea82b37e7b028db6f69bdc80ce7493a8612624538a7ac08,8420,8k+,0.0
learned_K2_V2_s35_step10000,learned,2,35,passage_retrieval_zh,Synthetic,123,699e8fecb20e84e48967a0bf890f7a26ff1ee412aa956975,6858,4-8k,100.0
learned_K2_V2_s35_step10000,learned,2,35,passage_retrieval_zh,Synthetic,124,2dc15d05118099b46aca5ff104d055ce6d30daae592d9540,5543,4-8k,0.0
learned_K2_V2_s35_step10000,learned,2,35,passage_retrieval_zh,Synthetic,125,ad2f3eb8191cda1afc3d297e6a915896d8b953ec01a55b53,6050,4-8k,0.0
learned_K2_V2_s35_step10000,learned,2,35,passage_retrieval_zh,Synthetic,126,0b4179475ada637371d5330e3d69d963eab825b2f1ab2836,7893,4-8k,0.0
learned_K2_V2_s35_step10000,learned,2,35,passage_retrieval_zh,Synthetic,127,4bdb81b6854973b765ed24ef642a7d8c25df9f208aa5cbe7,6067,4-8k,100.0
learned_K2_V2_s35_step10000,learned,2,35,passage_retrieval_zh,Synthetic,128,2353f29cb4fc7908a544840d53a15e1420a100b33586c77c,8596,8k+,0.0
learned_K2_V2_s35_step10000,learned,2,35,passage_retrieval_zh,Synthetic,129,22ef4da965127c1a82a08f8e9c0ec88784ed73843e45f011,7234,4-8k,0.0
learned_K2_V2_s35_step10000,learned,2,35,passage_retrieval_zh,Synthetic,130,4266500918f83c327505b739bf54a05432dbcdb054457b6f,7581,4-8k,0.0
learned_K2_V2_s35_step10000,learned,2,35,passage_retrieval_zh,Synthetic,131,ea431fa304f6fc88db12c852fe7b6cbbcc93cd4fe1fb4eff,6586,4-8k,0.0
learned_K2_V2_s35_step10000,learned,2,35,passage_retrieval_zh,Synthetic,132,47ea68a9511068a7c556ee89172a4d8e24ab6d4ce7f90d36,6617,4-8k,100.0
learned_K2_V2_s35_step10000,learned,2,35,passage_retrieval_zh,Synthetic,133,ffbe2fe31ac99ee3b4225b129f5816091d4c9ad05f7317a2,6786,4-8k,0.0
learned_K2_V2_s35_step10000,learned,2,35,passage_retrieval_zh,Synthetic,134,14134365066278cb7fbe81f042ab35b560ef5f58c9b49273,6621,4-8k,0.0
learned_K2_V2_s35_step10000,learned,2,35,passage_retrieval_zh,Synthetic,135,12251a0613a3aeaba87dd8fbadf3a8970d54769fde3dd31c,6586,4-8k,0.0
learned_K2_V2_s35_step10000,learned,2,35,passage_retrieval_zh,Synthetic,136,4c9f3444ad2e45ef1a8633b848f1f7def37dcad7bfbeaa4d,6007,4-8k,100.0
learned_K2_V2_s35_step10000,learned,2,35,passage_retrieval_zh,Synthetic,137,f40dd04eb703ae188b149d3199d28686da7fa336ad8d616b,6404,4-8k,100.0
learned_K2_V2_s35_step10000,learned,2,35,passage_retrieval_zh,Synthetic,138,ab82f0fd8870182560c5938acead95664cc6bdff892b8c13,6066,4-8k,0.0
learned_K2_V2_s35_step10000,learned,2,35,passage_retrieval_zh,Synthetic,139,5e06b5b7c277d27081d0c2a3d49fc5c91ae7ededbea9ab76,7846,4-8k,0.0
learned_K2_V2_s35_step10000,learned,2,35,passage_retrieval_zh,Synthetic,140,a8bd92ddd2fac9aa3ae21cd178f1eb4655dc0abc8f175ee6,7375,4-8k,100.0
learned_K2_V2_s35_step10000,learned,2,35,passage_retrieval_zh,Synthetic,141,1e0116b441ee26dbbd29d535f9d27bba1fc9472e67d3f6a2,7306,4-8k,0.0
learned_K2_V2_s35_step10000,learned,2,35,passage_retrieval_zh,Synthetic,142,15e6ad066f110bc59a7eebd59bd25fb61897d8f8180df77b,7152,4-8k,0.0
learned_K2_V2_s35_step10000,learned,2,35,passage_retrieval_zh,Synthetic,143,189a58023faa89abdcbfdfb13e54cba766fe3f8a9a1dbbbd,5431,4-8k,100.0
learned_K2_V2_s35_step10000,learned,2,35,passage_retrieval_zh,Synthetic,144,7bed2ddc5e6d54a2aa5d6cb3a399d731879930353cf2be76,7023,4-8k,100.0
learned_K2_V2_s35_step10000,learned,2,35,passage_retrieval_zh,Synthetic,145,a3aec9de891acda9f7834c3ddd37bce3aa727084704dc6cc,8475,8k+,100.0
learned_K2_V2_s35_step10000,learned,2,35,passage_retrieval_zh,Synthetic,146,a08272e5646887f69a852faa301d9758ca665b0a205e650e,7481,4-8k,100.0
learned_K2_V2_s35_step10000,learned,2,35,passage_retrieval_zh,Synthetic,147,7dc60fd2299f1f1f7b5ac91462fdc0ed594d7d99995ed3b8,7194,4-8k,100.0
learned_K2_V2_s35_step10000,learned,2,35,passage_retrieval_zh,Synthetic,148,efdab6850b26d43474d3523afc46f5273b292efcd7f966c3,7050,4-8k,100.0
learned_K2_V2_s35_step10000,learned,2,35,passage_retrieval_zh,Synthetic,149,fcd56a17cdfb3eabef5bfff2db164170c409e2c08f1a4b23,6203,4-8k,0.0
learned_K2_V2_s35_step10000,learned,2,35,passage_retrieval_zh,Synthetic,150,8e032fdd9e3da0c7e3d6b519291b5c837e0f415efe09870a,6547,4-8k,0.0
learned_K2_V2_s35_step10000,learned,2,35,passage_retrieval_zh,Synthetic,151,ebf086c8d3a6fbfcf737a05c647dea5d079d7ebdf2da562c,7013,4-8k,0.0
learned_K2_V2_s35_step10000,learned,2,35,passage_retrieval_zh,Synthetic,152,979b1a9ee958f785cbd046f52b68cc28865f0c1497874eed,5970,4-8k,100.0
learned_K2_V2_s35_step10000,learned,2,35,passage_retrieval_zh,Synthetic,153,4a230bfec59ff5cde87a89b332fec9d4ce98a0751b4b02fd,5088,4-8k,0.0
learned_K2_V2_s35_step10000,learned,2,35,passage_retrieval_zh,Synthetic,154,059467c1df5ec801bbaf07ce6f52381f2f7295ce657cc65b,6016,4-8k,100.0
learned_K2_V2_s35_step10000,learned,2,35,passage_retrieval_zh,Synthetic,155,8e51efc61a3f88e970893fd7f21ce6a29c1d25ac5ffde8aa,7188,4-8k,100.0
learned_K2_V2_s35_step10000,learned,2,35,passage_retrieval_zh,Synthetic,156,4b2493b8b239d08bc4e2721a7f396e0b1df5544db6bf0967,6383,4-8k,0.0
learned_K2_V2_s35_step10000,learned,2,35,passage_retrieval_zh,Synthetic,157,5e03fa898c40480dbac4d78a79772f6e0cc8fe43ecb0becf,6446,4-8k,0.0
learned_K2_V2_s35_step10000,learned,2,35,passage_retrieval_zh,Synthetic,158,b9e2f407280c40595c2d20ebfc9afb8ef1ff5533bb6b64a1,6837,4-8k,0.0
learned_K2_V2_s35_step10000,learned,2,35,passage_retrieval_zh,Synthetic,159,2ae1cdcaedef8c3e0a820e8ecb31b124caca74f7b8741fcd,6107,4-8k,0.0
learned_K2_V2_s35_step10000,learned,2,35,passage_retrieval_zh,Synthetic,160,0ae810e0fc9655f6aa6ba9669847026da3f89a610aa2b132,7412,4-8k,0.0
learned_K2_V2_s35_step10000,learned,2,35,passage_retrieval_zh,Synthetic,161,d7cdf6cbbd0c8b1a02ff375d3a77c71c64e02764159e60e0,7151,4-8k,100.0
learned_K2_V2_s35_step10000,learned,2,35,passage_retrieval_zh,Synthetic,162,e2ca93a53b17485ae21a6d27e03e05590f26046bb9432614,6236,4-8k,100.0
learned_K2_V2_s35_step10000,learned,2,35,passage_retrieval_zh,Synthetic,163,deb9293e7d52171bc07c34e7f6dfdccf2349172c7dfe3b44,5924,4-8k,100.0
learned_K2_V2_s35_step10000,learned,2,35,passage_retrieval_zh,Synthetic,164,063ad45c3943e61cdd1eab1f572ddcbd51517d47b3db3ed5,6645,4-8k,0.0
learned_K2_V2_s35_step10000,learned,2,35,passage_retrieval_zh,Synthetic,165,53ac879f0503ba5ba0a2d746e562be03118ca120a04f1305,6055,4-8k,100.0
learned_K2_V2_s35_step10000,learned,2,35,passage_retrieval_zh,Synthetic,166,fbb0e563daaf7c8f9a5a96c034adce6168574685885c208e,6346,4-8k,0.0
learned_K2_V2_s35_step10000,learned,2,35,passage_retrieval_zh,Synthetic,167,e56c7306661040e02804ae9f90c7a2ac5c777f4f147bf979,6255,4-8k,100.0
learned_K2_V2_s35_step10000,learned,2,35,passage_retrieval_zh,Synthetic,168,b55415bc5d18ce23b8ad8fd30c72385ac61c6ddd48b1428d,8232,8k+,0.0
learned_K2_V2_s35_step10000,learned,2,35,passage_retrieval_zh,Synthetic,169,b110fffefad326e92dbb7cfb66eea09912fd258b82141121,6775,4-8k,100.0
learned_K2_V2_s35_step10000,learned,2,35,passage_retrieval_zh,Synthetic,170,81f1828a73b3f3f77e21f549f8168cfbc65ca215fdcd52ea,6967,4-8k,100.0
learned_K2_V2_s35_step10000,learned,2,35,passage_retrieval_zh,Synthetic,171,9e573c5c02406438c9eaeda9d353584a98ad0fd95e1d250b,6199,4-8k,0.0
learned_K2_V2_s35_step10000,learned,2,35,passage_retrieval_zh,Synthetic,172,766d8c175e9626b6bc00bf4e90b0ab1be60c9c76b4aae7fe,6848,4-8k,0.0
learned_K2_V2_s35_step10000,learned,2,35,passage_retrieval_zh,Synthetic,173,832e65574ec3cd4fbb40e23ee8eeef32f47d714503658594,6822,4-8k,0.0
learned_K2_V2_s35_step10000,learned,2,35,passage_retrieval_zh,Synthetic,174,b327931725816462e83d93331c85a4d4ae3cbe0c0e63e5a3,6636,4-8k,100.0
learned_K2_V2_s35_step10000,learned,2,35,passage_retrieval_zh,Synthetic,175,a5f6843138ec83d7d5aad3ebb92d5d879ec7aab2fc285724,8303,8k+,0.0
learned_K2_V2_s35_step10000,learned,2,35,passage_retrieval_zh,Synthetic,176,7316a1d49a4003dcf9bf74c4554707872dbb0ceab70f6e4c,8760,8k+,0.0
learned_K2_V2_s35_step10000,learned,2,35,passage_retrieval_zh,Synthetic,177,07d9194e5c39c52936266ecd1b4a6017845706a2e30a8136,6768,4-8k,100.0
learned_K2_V2_s35_step10000,learned,2,35,passage_retrieval_zh,Synthetic,178,911dc6a9ffac77a3c3ba3a90b18a1595fe5888a90d16a8fd,5341,4-8k,100.0
learned_K2_V2_s35_step10000,learned,2,35,passage_retrieval_zh,Synthetic,179,4e51e1380bd31310e80d0097909630687368311bc20803de,6218,4-8k,0.0
learned_K2_V2_s35_step10000,learned,2,35,passage_retrieval_zh,Synthetic,180,51b5e2f9d57addb32b37800c1aa25e067357779523a3f5cf,7494,4-8k,0.0
learned_K2_V2_s35_step10000,learned,2,35,passage_retrieval_zh,Synthetic,181,224294f78a45398db5d40899c547af612afcd65044460e23,6056,4-8k,0.0
learned_K2_V2_s35_step10000,learned,2,35,passage_retrieval_zh,Synthetic,182,59fff5777da1e8ab59e7983de932b0b3e4d025de1e9b3eb7,6225,4-8k,100.0
learned_K2_V2_s35_step10000,learned,2,35,passage_retrieval_zh,Synthetic,183,8473d92c6c2815aa75f8f1d368dcbb3eb6851ca4c1da6fa7,5954,4-8k,0.0
learned_K2_V2_s35_step10000,learned,2,35,passage_retrieval_zh,Synthetic,184,ed74681cc3d32ef12dfa6c5ecbcd895a5c4bcf006cd853f9,6507,4-8k,0.0
learned_K2_V2_s35_step10000,learned,2,35,passage_retrieval_zh,Synthetic,185,aeda6665765f72d2cd2c804761be5094a891f3f070e58fd6,6525,4-8k,0.0
learned_K2_V2_s35_step10000,learned,2,35,passage_retrieval_zh,Synthetic,186,d64b0133c7a9784a6a3bc8a18755e681941ab12293e53a87,6694,4-8k,100.0
learned_K2_V2_s35_step10000,learned,2,35,passage_retrieval_zh,Synthetic,187,818032a38af1745ea15a810bb3381b9333f3f72dc4e9b804,5928,4-8k,0.0
learned_K2_V2_s35_step10000,learned,2,35,passage_retrieval_zh,Synthetic,188,a0fa6eb21925308ace907e91c3d52f3121790a8e1708f4f8,7654,4-8k,100.0
learned_K2_V2_s35_step10000,learned,2,35,passage_retrieval_zh,Synthetic,189,e2c8cca21f4a6a883e7ae735157ab69466b072574f197bc3,8219,8k+,100.0
learned_K2_V2_s35_step10000,learned,2,35,passage_retrieval_zh,Synthetic,190,befed538954ab23ed9376956a030ed79bf32d472427aafae,6818,4-8k,100.0
learned_K2_V2_s35_step10000,learned,2,35,passage_retrieval_zh,Synthetic,191,c541540edaa3567dc0011dd0015d24dbd1465cd9179283d0,7251,4-8k,100.0
learned_K2_V2_s35_step10000,learned,2,35,passage_retrieval_zh,Synthetic,192,2aeb65e1ed31b681b4bb6fd1cdc584ac2ebc73d4a4bb522b,6777,4-8k,100.0
learned_K2_V2_s35_step10000,learned,2,35,passage_retrieval_zh,Synthetic,193,b7a15fa1cd63968cf4ff91f6d776fecc350effe1b8fd06ee,5055,4-8k,0.0
learned_K2_V2_s35_step10000,learned,2,35,passage_retrieval_zh,Synthetic,194,43b6eb31bac42ae97b3c00d0148c1df7a9830cbfb464f02e,7469,4-8k,0.0
learned_K2_V2_s35_step10000,learned,2,35,passage_retrieval_zh,Synthetic,195,1c8cba99535ee9030c1551b8f5dcec4732d5bbcb75bbe271,6924,4-8k,100.0
learned_K2_V2_s35_step10000,learned,2,35,passage_retrieval_zh,Synthetic,196,7a6ae5b92b70bc2bfa1a4b5514204e963709cef47b1d79c2,7347,4-8k,0.0
learned_K2_V2_s35_step10000,learned,2,35,passage_retrieval_zh,Synthetic,197,c9d795c94239d68c146b68b2af55557b23446d87c76d4684,7459,4-8k,0.0
learned_K2_V2_s35_step10000,learned,2,35,passage_retrieval_zh,Synthetic,198,9b487849754997b3f5ede73905dcd16287c303ffedbf27b0,6269,4-8k,0.0
learned_K2_V2_s35_step10000,learned,2,35,passage_retrieval_zh,Synthetic,199,e7cdfa63c013ff5574bc872eff927922ff782918a8c97d9e,7967,4-8k,100.0
learned_K2_V2_s35_step10000,learned,2,35,lcc,Code,0,28ce5cf5e0beeb47248c6cba20ae17fa71d60d402770d464,5243,4-8k,99.0
learned_K2_V2_s35_step10000,learned,2,35,lcc,Code,1,ca807f49d7c6f84dcae3df694bde685aa7f75a02e9d4f574,1069,0-4k,100.0
learned_K2_V2_s35_step10000,learned,2,35,lcc,Code,2,04429037d9380b6e9c3f7b2070992a5af10745895025113c,844,0-4k,47.0
learned_K2_V2_s35_step10000,learned,2,35,lcc,Code,3,9bc1f81e1a4c4b44da11ffc093a0c9fecbe5f99e4eff3aa5,462,0-4k,30.0
learned_K2_V2_s35_step10000,learned,2,35,lcc,Code,4,a5da7e173afd5ba71e0185228a1df77238c2949ba3ea2935,570,0-4k,46.0
learned_K2_V2_s35_step10000,learned,2,35,lcc,Code,5,3bd5a501fc0327fd7bcda8389c7d11b3a821c9b5ce5a93cc,1229,0-4k,35.0
learned_K2_V2_s35_step10000,learned,2,35,lcc,Code,6,227b063979c62ee1de7436be168450b5a7712a7a637fa6d4,907,0-4k,44.0
learned_K2_V2_s35_step10000,learned,2,35,lcc,Code,7,f652398c3e8be338b4a7873ba6fecc5a686204d99a1a8d10,1820,0-4k,56.99999999999999
learned_K2_V2_s35_step10000,learned,2,35,lcc,Code,8,01b11dc980d93775ce16fd5e630cf5619f66f281ee12947b,1096,0-4k,17.0
learned_K2_V2_s35_step10000,learned,2,35,lcc,Code,9,64d5f26d486a85e85284229e8d254f996cfafd844cd321c5,567,0-4k,100.0
learned_K2_V2_s35_step10000,learned,2,35,lcc,Code,10,8ae06de3dd26783213ae72552d610c4f1518647b7898d383,1670,0-4k,47.0
learned_K2_V2_s35_step10000,learned,2,35,lcc,Code,11,14de6afab15eabeb4fec480f9d6b4db78e93e0493851cc35,686,0-4k,33.0
learned_K2_V2_s35_step10000,learned,2,35,lcc,Code,12,1712603d3736689b03586a52e0f51eedd1a2bccd03217fde,958,0-4k,23.0
learned_K2_V2_s35_step10000,learned,2,35,lcc,Code,13,e212994f82962f98d4e1be7a5678cfd25eacb4f645df2198,778,0-4k,57.99999999999999
learned_K2_V2_s35_step10000,learned,2,35,lcc,Code,14,e6dca363f4644795057dce35d57cdbc53e1e84bea1699bbf,713,0-4k,9.0
learned_K2_V2_s35_step10000,learned,2,35,lcc,Code,15,45be6133b10843a59b2ff2272116e322f7dd795025749020,847,0-4k,40.0
learned_K2_V2_s35_step10000,learned,2,35,lcc,Code,16,4b93f91719b36d7aee8a2f7f39b3991d464913e3bc3e77b4,1276,0-4k,45.0
learned_K2_V2_s35_step10000,learned,2,35,lcc,Code,17,54df7435e6cdeb9cf80f52a45f4c173229b57b7dfcc77ad7,957,0-4k,26.0
learned_K2_V2_s35_step10000,learned,2,35,lcc,Code,18,e42bb143aca03ffdde352e012ca3991013aa4f1018e60c8f,1570,0-4k,57.99999999999999
learned_K2_V2_s35_step10000,learned,2,35,lcc,Code,19,04233bb10cad37ee372ddcc1ca95b3e2a853d217fa90929e,515,0-4k,100.0
learned_K2_V2_s35_step10000,learned,2,35,lcc,Code,20,36799d0d8e06fa5c217eccd67db779ab9866845eb0713e74,925,0-4k,100.0
learned_K2_V2_s35_step10000,learned,2,35,lcc,Code,21,82560c22f3648e5086523b10f22179edb1aebdc379fdfaa5,538,0-4k,54.0
learned_K2_V2_s35_step10000,learned,2,35,lcc,Code,22,52b05f3e84a4fe67c9a1b15719fbecb75dda4932f22567e9,4268,4-8k,52.0
learned_K2_V2_s35_step10000,learned,2,35,lcc,Code,23,1e32291c11bc48e0917860b1de8446dde3fedecd450ef073,1985,0-4k,6.0
learned_K2_V2_s35_step10000,learned,2,35,lcc,Code,24,d5dde130982bcbe6f095c65d1d5a928669bc3a458df26cc6,6502,4-8k,28.999999999999996
learned_K2_V2_s35_step10000,learned,2,35,lcc,Code,25,5dbe65a9966abf6a6fdc04cf78e20977f8d24df06849e8e7,777,0-4k,35.0
learned_K2_V2_s35_step10000,learned,2,35,lcc,Code,26,43954d45633ac63acc4badb3892fdb276e080592cc147b1e,1225,0-4k,63.0
learned_K2_V2_s35_step10000,learned,2,35,lcc,Code,27,9d639220f2ae9cbb3b86c56287371346450159efa5afc251,1845,0-4k,100.0
learned_K2_V2_s35_step10000,learned,2,35,lcc,Code,28,03873ecbb96288a84c3d9ea1f5a2a718188d2c8a0c5920ab,816,0-4k,43.0
learned_K2_V2_s35_step10000,learned,2,35,lcc,Code,29,63fdad7f1feacdf8cca4aaf57dae737d83c351d9ab66db8b,1101,0-4k,47.0
learned_K2_V2_s35_step10000,learned,2,35,lcc,Code,30,a2ce4aeed86faf7c78539925675910ecdf08f4ca9f5603ee,861,0-4k,37.0
learned_K2_V2_s35_step10000,learned,2,35,lcc,Code,31,b55c3cd64c946848d39da7e77c7364582b5e7ab71a545f58,2752,0-4k,85.0
learned_K2_V2_s35_step10000,learned,2,35,lcc,Code,32,caded4c1338faaf5978525a343ec76e66b5546a6a35088a6,1490,0-4k,53.0
learned_K2_V2_s35_step10000,learned,2,35,lcc,Code,33,341005dfebe6821d4201177ffce38b1e3048f5a0d9c30463,1113,0-4k,100.0
learned_K2_V2_s35_step10000,learned,2,35,lcc,Code,34,32d36e0536e57f991a066ab60778b32884747e7689f3c816,629,0-4k,53.0
learned_K2_V2_s35_step10000,learned,2,35,lcc,Code,35,1f9066ab085c69885da88c003a539d651c2835d2ed83fd83,1035,0-4k,100.0
learned_K2_V2_s35_step10000,learned,2,35,lcc,Code,36,88af654f6cc0799e1844ea6d4158729b1130dc62928ae169,534,0-4k,31.0
learned_K2_V2_s35_step10000,learned,2,35,lcc,Code,37,08b681d309832c3aa506f61679aefcaed7ca5b6c115d2701,482,0-4k,6.0
learned_K2_V2_s35_step10000,learned,2,35,lcc,Code,38,1472d733364caca77c7f2605a8ceaee6c18fb02ebc460475,655,0-4k,51.0
learned_K2_V2_s35_step10000,learned,2,35,lcc,Code,39,2abe780e4777e159876fcba6fb9c21888d8a0782e7499c3e,475,0-4k,3.0
learned_K2_V2_s35_step10000,learned,2,35,lcc,Code,40,214bccc94127564a29c72827ff53ccb4c3bd880918d517fa,661,0-4k,4.0
learned_K2_V2_s35_step10000,learned,2,35,lcc,Code,41,492de4fd744409d77007630f3cf7e7c49b13037cb2b2a8c6,577,0-4k,0.0
learned_K2_V2_s35_step10000,learned,2,35,lcc,Code,42,a507514e59d02bec9d48f262b48dffcb180b6665ae945f96,701,0-4k,27.0
learned_K2_V2_s35_step10000,learned,2,35,lcc,Code,43,821b5076e7642f35d6db6b0af29ca2ff7694928b53b0dace,1433,0-4k,32.0
learned_K2_V2_s35_step10000,learned,2,35,lcc,Code,44,33a191efb28d5b529c26b622495441d20e705cfb2dc5be9f,513,0-4k,56.00000000000001
learned_K2_V2_s35_step10000,learned,2,35,lcc,Code,45,6fac8d0b410c99d32f6421d53dcbd4534f8f4a65b4dcede9,837,0-4k,26.0
learned_K2_V2_s35_step10000,learned,2,35,lcc,Code,46,b581893ac400757aaad32eed292afd06559e04175e8d6fdf,1519,0-4k,87.0
learned_K2_V2_s35_step10000,learned,2,35,lcc,Code,47,b5474d9a2623627f5e344cff1193ab0629353b34b75b1c81,1528,0-4k,18.0
learned_K2_V2_s35_step10000,learned,2,35,lcc,Code,48,c357dc85d4b8de20bfeb7e4f0a5fb6c3f1e2ad3fba2c7691,1661,0-4k,0.0
learned_K2_V2_s35_step10000,learned,2,35,lcc,Code,49,7c3bba0835a61180b3615e5a45405828fb9f896470cd8acb,576,0-4k,23.0
learned_K2_V2_s35_step10000,learned,2,35,lcc,Code,50,d6baed6ebf26ec130b53d88863008a04aa5759c9dbf5f916,2765,0-4k,92.0
learned_K2_V2_s35_step10000,learned,2,35,lcc,Code,51,37c8cc83faf991e5dab1a2d463f96ea1e173fbf645387307,772,0-4k,46.0
learned_K2_V2_s35_step10000,learned,2,35,lcc,Code,52,d2fab0055348069f0d8e88dc8cdb2f46840753245d44d77d,784,0-4k,30.0
learned_K2_V2_s35_step10000,learned,2,35,lcc,Code,53,39981401e38829b7087717c9452de413a3ec15cf21ca091f,1172,0-4k,67.0
learned_K2_V2_s35_step10000,learned,2,35,lcc,Code,54,d616bbc2ccc30cab16459d0300a1d8c933b33e1455e3aa84,6474,4-8k,89.0
learned_K2_V2_s35_step10000,learned,2,35,lcc,Code,55,5d56dd41743ce710c9b0986b24ec730ba947774b15696336,945,0-4k,44.0
learned_K2_V2_s35_step10000,learned,2,35,lcc,Code,56,cb8ef7b164c1f9b4d27225f6b8e45ea33c8096c073d82e27,807,0-4k,86.0
learned_K2_V2_s35_step10000,learned,2,35,lcc,Code,57,6e13c44c01f4116cb114d1ed362252ac9e0da0ef7331a74b,833,0-4k,38.0
learned_K2_V2_s35_step10000,learned,2,35,lcc,Code,58,73fefc41fc5fa1c47966c4abc5dc1e78bb36629f5e868c89,549,0-4k,100.0
learned_K2_V2_s35_step10000,learned,2,35,lcc,Code,59,5f7f8ad03839f70553f1bf1189d38d53af0f00c6db0c9584,1174,0-4k,100.0
learned_K2_V2_s35_step10000,learned,2,35,lcc,Code,60,6f5d658cc2b84c64bf49c302dee4078f60fd158ed24b7b19,1147,0-4k,93.0
learned_K2_V2_s35_step10000,learned,2,35,lcc,Code,61,10f9dbc73235c1d307666e6143b4217f1b7b644ae2fe93d6,985,0-4k,30.0
learned_K2_V2_s35_step10000,learned,2,35,lcc,Code,62,fc248cbd17650fa9a1b49a55fb76191e355a916d55809db3,768,0-4k,28.000000000000004
learned_K2_V2_s35_step10000,learned,2,35,lcc,Code,63,8f007015b8b3b455a6fcd8f989241324f18ff10327811d5b,1012,0-4k,85.0
learned_K2_V2_s35_step10000,learned,2,35,lcc,Code,64,d356cc0ece3ba9de9fcbb2613757dcabae2d8a589e1f370b,1031,0-4k,49.0
learned_K2_V2_s35_step10000,learned,2,35,lcc,Code,65,feedb243436593ce6db6b01f37eaf505c93f329ca6adb4ff,840,0-4k,21.0
learned_K2_V2_s35_step10000,learned,2,35,lcc,Code,66,320e62adbcd607acda753d0d1559c566d029796c177de00e,555,0-4k,34.0
learned_K2_V2_s35_step10000,learned,2,35,lcc,Code,67,544c63cee98145e32800b86cdc53d87ba73f46da8aeafade,1024,0-4k,41.0
learned_K2_V2_s35_step10000,learned,2,35,lcc,Code,68,5c41dbe75be69a522492a261348f685fcc83189eb876ce02,1163,0-4k,53.0
learned_K2_V2_s35_step10000,learned,2,35,lcc,Code,69,cdd96b1a6cdd32b52402ed8afa5c640bc81a206da183fee0,840,0-4k,53.0
learned_K2_V2_s35_step10000,learned,2,35,lcc,Code,70,f199ac4b782288ef2a374c11cfb7bee86753f53493876247,819,0-4k,0.0
learned_K2_V2_s35_step10000,learned,2,35,lcc,Code,71,6cbff4b2ab9cd811f4d0b2d6ed54a5ae26c2c9ed95c4d5cb,518,0-4k,99.0
learned_K2_V2_s35_step10000,learned,2,35,lcc,Code,72,6071885a8ddae41fc3b21de3b7edec8f485b65d210d0a2e3,1319,0-4k,100.0
learned_K2_V2_s35_step10000,learned,2,35,lcc,Code,73,90e9975c7f92d8ef21fcbe89fd1500b3a541124b7b4304fb,743,0-4k,39.0
learned_K2_V2_s35_step10000,learned,2,35,lcc,Code,74,e51a6d98c9314e0d0e73c15da39e443dc71aa90ae24eefe6,1467,0-4k,53.0
learned_K2_V2_s35_step10000,learned,2,35,lcc,Code,75,e23602db74e35727f7f766eb0f92a05cdb9599280a144a07,831,0-4k,30.0
learned_K2_V2_s35_step10000,learned,2,35,lcc,Code,76,ce9e73e7e622c7688ef392b99d6afaa87bea6b138e34fa82,1652,0-4k,56.00000000000001
learned_K2_V2_s35_step10000,learned,2,35,lcc,Code,77,6a3563763220617ce12df989e13f3ad3d2a6e723fd3d119e,600,0-4k,56.00000000000001
learned_K2_V2_s35_step10000,learned,2,35,lcc,Code,78,83459d6f1f2adf3b906ee4a28eaf21c3a195f75ae100c64b,655,0-4k,34.0
learned_K2_V2_s35_step10000,learned,2,35,lcc,Code,79,a35dec5733725ddbb50c8215f4db5a1bb8d03ea5bf6f87c7,772,0-4k,39.0
learned_K2_V2_s35_step10000,learned,2,35,lcc,Code,80,c19772b78b722854250c2ccf8a287dc2802417dbeafa7d23,1863,0-4k,0.0
learned_K2_V2_s35_step10000,learned,2,35,lcc,Code,81,ce7af30933d25fa24c3982a8a49548083f6f94e48e102d6a,1309,0-4k,100.0
learned_K2_V2_s35_step10000,learned,2,35,lcc,Code,82,09ae4ef8effb51b554602ffbe68a496389bb548ebc5983ad,824,0-4k,51.0
learned_K2_V2_s35_step10000,learned,2,35,lcc,Code,83,56d619ed99235ddf5394f3518b191a845301a65eebac5d5e,803,0-4k,36.0
learned_K2_V2_s35_step10000,learned,2,35,lcc,Code,84,41849aea5e307f5199745185087b9ae2038c2a8673824a84,744,0-4k,66.0
learned_K2_V2_s35_step10000,learned,2,35,lcc,Code,85,87a46bb8e4f77d817428047955d797ac5726abcbd031985c,1336,0-4k,59.0
learned_K2_V2_s35_step10000,learned,2,35,lcc,Code,86,0040aff29f9f6ccd4819e0793a5a66b9d75d882f56fae40c,3043,0-4k,30.0
learned_K2_V2_s35_step10000,learned,2,35,lcc,Code,87,8a746e0f9e09ec54d8d1e7bf7ca7b8e16731fe8f4652e145,893,0-4k,49.0
learned_K2_V2_s35_step10000,learned,2,35,lcc,Code,88,bf41ff7b860961e0d3143422090577f24d568a16dd294083,543,0-4k,83.0
learned_K2_V2_s35_step10000,learned,2,35,lcc,Code,89,5e5cdb6218b379ec44de7c00d3f6ce7f79c90829d6cf905f,762,0-4k,36.0
learned_K2_V2_s35_step10000,learned,2,35,lcc,Code,90,1d185bc0190b4d50ec508a59208f05925712f6455d6ece65,1328,0-4k,74.0
learned_K2_V2_s35_step10000,learned,2,35,lcc,Code,91,2728509e7278c4d21b0ffa379c7ac4c266c2cb3953c53b51,630,0-4k,87.0
learned_K2_V2_s35_step10000,learned,2,35,lcc,Code,92,937eae55baa939e82bad4567e4b302435ea8891cfa090cc2,1160,0-4k,23.0
learned_K2_V2_s35_step10000,learned,2,35,lcc,Code,93,b3d7b8ae829a609d04350475dc3cbba8c1903ae29d44f33f,980,0-4k,35.0
learned_K2_V2_s35_step10000,learned,2,35,lcc,Code,94,43b09bf2cf11206d57ef722d796e2250d60d38db8c309917,651,0-4k,39.0
learned_K2_V2_s35_step10000,learned,2,35,lcc,Code,95,c87c42b130a11ba81e64078e5be1ddb51be6aa08d42fa60d,4413,4-8k,25.0
learned_K2_V2_s35_step10000,learned,2,35,lcc,Code,96,6d015d2fedcdf18b400b44406bfa6c05a907c32559c2fac3,511,0-4k,35.0
learned_K2_V2_s35_step10000,learned,2,35,lcc,Code,97,de844ece27c689ffd57823fb8131dd2a4050b2ce6d5802d8,917,0-4k,100.0
learned_K2_V2_s35_step10000,learned,2,35,lcc,Code,98,0eae36deb9dbeb31e09db8bd01a91ef5b679925d700f9563,1382,0-4k,76.0
learned_K2_V2_s35_step10000,learned,2,35,lcc,Code,99,d9e11801221dccea3ae87a56625d947443bb2bb387b8a83d,545,0-4k,100.0
learned_K2_V2_s35_step10000,learned,2,35,lcc,Code,100,bfeb58c9afcb4b7dfc22c93238798de6b1c61704eb37134a,557,0-4k,21.0
learned_K2_V2_s35_step10000,learned,2,35,lcc,Code,101,fe11c4d3c4d9b1392973aed3ba28df9d9cf6a13123cc8e59,1595,0-4k,32.0
learned_K2_V2_s35_step10000,learned,2,35,lcc,Code,102,faf59e122b5cf0c3acab0447bcd6a53f208c972065c8414a,1615,0-4k,100.0
learned_K2_V2_s35_step10000,learned,2,35,lcc,Code,103,5cba5adbc6ed3521940b6a136fc48a061a432b5260ca8c1f,1358,0-4k,49.0
learned_K2_V2_s35_step10000,learned,2,35,lcc,Code,104,9621a523cfd2361541d82c5585397ca2326e223496d5585c,2251,0-4k,23.0
learned_K2_V2_s35_step10000,learned,2,35,lcc,Code,105,693b0b0207d00086cfcee5f5943068055d8630c9db62e018,1149,0-4k,14.000000000000002
learned_K2_V2_s35_step10000,learned,2,35,lcc,Code,106,6515bcd028819c4ca6bc104bc8610724275c7ed4d429f30c,1057,0-4k,62.0
learned_K2_V2_s35_step10000,learned,2,35,lcc,Code,107,73869275419cb7e29c3d7b53bed42f41e39223637ced7d1d,1751,0-4k,22.0
learned_K2_V2_s35_step10000,learned,2,35,lcc,Code,108,a1362f2667219e18121103e3f58abc48d5b819038a41374c,726,0-4k,84.0
learned_K2_V2_s35_step10000,learned,2,35,lcc,Code,109,dc4f68ed20529e95f1739fef515a496692b2f641f11bc128,924,0-4k,100.0
learned_K2_V2_s35_step10000,learned,2,35,lcc,Code,110,05a84c831d09b24c15be892934f316b53ccabf77bfe3253f,537,0-4k,34.0
learned_K2_V2_s35_step10000,learned,2,35,lcc,Code,111,74db7236c3c75feb5089de045fc0919ca9061c171999a049,1282,0-4k,28.000000000000004
learned_K2_V2_s35_step10000,learned,2,35,lcc,Code,112,815f132424cf8772d1a660e02d231ddd3309d07fe636e616,761,0-4k,33.0
learned_K2_V2_s35_step10000,learned,2,35,lcc,Code,113,0ab3fa6fa37f02b5f789515e8bd2a7357fa959242a06e4e3,1331,0-4k,68.0
learned_K2_V2_s35_step10000,learned,2,35,lcc,Code,114,ec079a446c9b8d37501282c4d7ea9038eeec3621948ada9e,706,0-4k,26.0
learned_K2_V2_s35_step10000,learned,2,35,lcc,Code,115,2048127690b0643c5439f0746443d4a8223e39ac290d9891,519,0-4k,56.00000000000001
learned_K2_V2_s35_step10000,learned,2,35,lcc,Code,116,704587a1d393bef058060b716bb0ae02a9df9635baed95b0,469,0-4k,34.0
learned_K2_V2_s35_step10000,learned,2,35,lcc,Code,117,846340ba2c3c023a2837435e9ce17bc793645f33a20dcb42,985,0-4k,42.0
learned_K2_V2_s35_step10000,learned,2,35,lcc,Code,118,1915494441abd4076b5a0f96dc9ffb2c41a828a4c1abde95,703,0-4k,23.0
learned_K2_V2_s35_step10000,learned,2,35,lcc,Code,119,cf6d3d1f0f07aeb719a37db4e37a1cd437cb894df0b12bdd,4345,4-8k,49.0
learned_K2_V2_s35_step10000,learned,2,35,lcc,Code,120,2a81205ef1f5abf727ff63850ffd1162fadd475e92b2d3ca,666,0-4k,100.0
learned_K2_V2_s35_step10000,learned,2,35,lcc,Code,121,b8a0388946b2d3e0cf2a7f1db681ccb8c70cc44275b2f173,616,0-4k,38.0
learned_K2_V2_s35_step10000,learned,2,35,lcc,Code,122,6261fc22209c7ae19b5098f7004853c527e546aedd74f793,650,0-4k,86.0
learned_K2_V2_s35_step10000,learned,2,35,lcc,Code,123,a5e1e43a793649afc91e7bd083f0d034f0df3e24509c448e,1764,0-4k,100.0
learned_K2_V2_s35_step10000,learned,2,35,lcc,Code,124,6b78cc0ec714622bb22d89aa972b1eae59e59788b357955a,910,0-4k,100.0
learned_K2_V2_s35_step10000,learned,2,35,lcc,Code,125,773a363f2c8a3fdcc084a85466fde2a1350769f67776f1f4,1897,0-4k,100.0
learned_K2_V2_s35_step10000,learned,2,35,lcc,Code,126,1354213b38f26ed15b8f898742ff5002cfb7db09baf32dd7,1059,0-4k,83.0
learned_K2_V2_s35_step10000,learned,2,35,lcc,Code,127,5b8e2643405d58c8009b6c2812341072d705748a64e8f971,1920,0-4k,50.0
learned_K2_V2_s35_step10000,learned,2,35,lcc,Code,128,6f54b8bdeec79fa980ac72092ce615f8de384ea5d04ccc11,583,0-4k,78.0
learned_K2_V2_s35_step10000,learned,2,35,lcc,Code,129,9ee2a42b13526dd952de8a27bb5404cee70aa93dc9e35ee7,638,0-4k,53.0
learned_K2_V2_s35_step10000,learned,2,35,lcc,Code,130,fee4dc71675158dd9374b556629af2d83cdc0503955dba84,864,0-4k,34.0
learned_K2_V2_s35_step10000,learned,2,35,lcc,Code,131,91b83a11b6dc2c86381251a96905d31244b8ac184fe12ef5,598,0-4k,100.0
learned_K2_V2_s35_step10000,learned,2,35,lcc,Code,132,56926abd2bf7483455bb0fefd23ad8e304fab1e8b70b8eee,1562,0-4k,41.0
learned_K2_V2_s35_step10000,learned,2,35,lcc,Code,133,50f7d00750145f888361c63d85ebf5e9fb68a039385b8255,722,0-4k,100.0
learned_K2_V2_s35_step10000,learned,2,35,lcc,Code,134,59b6354e9591524b4ada354f2fa122917bcd1253262c12f2,879,0-4k,28.999999999999996
learned_K2_V2_s35_step10000,learned,2,35,lcc,Code,135,949612e418b169f935d6b0410ff5626ba21152c71a086f2d,1205,0-4k,48.0
learned_K2_V2_s35_step10000,learned,2,35,lcc,Code,136,e2ce1e79b1ea6b76bdda716904c17e746e52a6a0261ef941,614,0-4k,98.0
learned_K2_V2_s35_step10000,learned,2,35,lcc,Code,137,cb3e34be4795caaf719f520787549681e8b00fbac71530a7,733,0-4k,11.0
learned_K2_V2_s35_step10000,learned,2,35,lcc,Code,138,c539b59ccd2559e5f2823b3d0c876ed3d71dad59f7a6e121,1914,0-4k,0.0
learned_K2_V2_s35_step10000,learned,2,35,lcc,Code,139,d8843d3a7c6577b304c94d48767a3f75337b2aeadd3c5f76,993,0-4k,50.0
learned_K2_V2_s35_step10000,learned,2,35,lcc,Code,140,9812a3e53ee25cf9a764b1de80d781f37d829475a8bf8980,691,0-4k,100.0
learned_K2_V2_s35_step10000,learned,2,35,lcc,Code,141,140b5a1cf9a62eb1f7eac54fcb8dec74b23e9ea6e4d3d93a,709,0-4k,87.0
learned_K2_V2_s35_step10000,learned,2,35,lcc,Code,142,377a5cd5de82ca79a2db39ae2f6c6eefe06766c9245639af,559,0-4k,16.0
learned_K2_V2_s35_step10000,learned,2,35,lcc,Code,143,3b38e1fde0c4d94fe262da07601e96359f818e86edae6271,2245,0-4k,91.0
learned_K2_V2_s35_step10000,learned,2,35,lcc,Code,144,87167f35efb4266c3e3919ffabd45083b35092d703ea2b45,2793,0-4k,16.0
learned_K2_V2_s35_step10000,learned,2,35,lcc,Code,145,f1012042daf639a1e2d064433991b95b1734be709802fbc1,739,0-4k,55.00000000000001
learned_K2_V2_s35_step10000,learned,2,35,lcc,Code,146,79f8206b5d5b0bfc5beeb608d3ce99dca25c4d4a1db02f09,980,0-4k,4.0
learned_K2_V2_s35_step10000,learned,2,35,lcc,Code,147,d15c99c3eb39bc99358e7e6768ef9b03d171255c2c8c033a,633,0-4k,100.0
learned_K2_V2_s35_step10000,learned,2,35,lcc,Code,148,941de4a30042444c37ae61552e7f11d288717b818793b5d1,620,0-4k,65.0
learned_K2_V2_s35_step10000,learned,2,35,lcc,Code,149,8beb1da6b11326207584621c562d0cde00dc7c7e21ffd3f0,670,0-4k,100.0
learned_K2_V2_s35_step10000,learned,2,35,lcc,Code,150,67ef14339142182591850f1edd39a2ecbd4e4b7e0f37c376,2259,0-4k,16.0
learned_K2_V2_s35_step10000,learned,2,35,lcc,Code,151,7b8b8a69f57173dd972113558b3540a67621319e219d30c4,951,0-4k,48.0
learned_K2_V2_s35_step10000,learned,2,35,lcc,Code,152,f6536b39e8505ccb4c694576fea0f11053ae3a52c68fe5c6,810,0-4k,74.0
learned_K2_V2_s35_step10000,learned,2,35,lcc,Code,153,eda13b1d2aeeeac450c99e7b1bd4ab5d92449eda79b54da5,587,0-4k,27.0
learned_K2_V2_s35_step10000,learned,2,35,lcc,Code,154,93191c3c840c04430c2e0222e3643013a8af4e2b709e6f95,854,0-4k,19.0
learned_K2_V2_s35_step10000,learned,2,35,lcc,Code,155,588825a49d4fdd244fc2fb3cce5086b306490b945a3bc787,609,0-4k,28.000000000000004
learned_K2_V2_s35_step10000,learned,2,35,lcc,Code,156,a94d83a5503d88913110cc5d278d085fdccea0e30d2e9d9b,744,0-4k,60.0
learned_K2_V2_s35_step10000,learned,2,35,lcc,Code,157,a80d3f058a72bdd5747b39d44c4b55204d02f090d3568cee,2528,0-4k,22.0
learned_K2_V2_s35_step10000,learned,2,35,lcc,Code,158,924bc05657c826f5fa04974021bf21c5946ff1d3a39ea9ef,873,0-4k,100.0
learned_K2_V2_s35_step10000,learned,2,35,lcc,Code,159,e19ebd2a302575d8fb0c11be6536df7e0face2889546ed8d,1604,0-4k,43.0
learned_K2_V2_s35_step10000,learned,2,35,lcc,Code,160,6dad6c68d75d75e242d0bbeb5900a85521954edf3aeb5975,958,0-4k,73.0
learned_K2_V2_s35_step10000,learned,2,35,lcc,Code,161,0bad08e092a4b3c97228cda53b001b7ddfd62dc3a8be077b,629,0-4k,94.0
learned_K2_V2_s35_step10000,learned,2,35,lcc,Code,162,0d5ebe09775314436fb1f120cb4c0d408be485ca49b27ab0,2339,0-4k,96.0
learned_K2_V2_s35_step10000,learned,2,35,lcc,Code,163,6303ed98c58fa08f8639667add933df524657e812b3495b5,2052,0-4k,26.0
learned_K2_V2_s35_step10000,learned,2,35,lcc,Code,164,23b0090fa6618a3171db2086d8cc9478f03e22182380161d,1369,0-4k,98.0
learned_K2_V2_s35_step10000,learned,2,35,lcc,Code,165,4d661a278930364d65e248d5f8bbbf7992b0f866443d527f,594,0-4k,42.0
learned_K2_V2_s35_step10000,learned,2,35,lcc,Code,166,972aa86922fe3fc5000647badc4783f41e4e10f292b5d31b,1340,0-4k,0.0
learned_K2_V2_s35_step10000,learned,2,35,lcc,Code,167,d9359fe4b11ff3d0cc4c2102fccceb75920f6435962b6b84,853,0-4k,37.0
learned_K2_V2_s35_step10000,learned,2,35,lcc,Code,168,795a770e3d8fd600446fa22b4ced986b2139cc631f903b24,846,0-4k,22.0
learned_K2_V2_s35_step10000,learned,2,35,lcc,Code,169,9ff8464a2c0b3eaf3e56da2bde63d1a0b3109df20a251c6e,1773,0-4k,0.0
learned_K2_V2_s35_step10000,learned,2,35,lcc,Code,170,3a72959ac7abd9d2f988ade3c891be2582b4b66a6cc74678,1259,0-4k,39.0
learned_K2_V2_s35_step10000,learned,2,35,lcc,Code,171,d6e15d0ebb2aa304bba431f5e996732e5585011c1cec782a,896,0-4k,28.000000000000004
learned_K2_V2_s35_step10000,learned,2,35,lcc,Code,172,2c8143e18e8a59b4e401fca8446e57b31d54c7fc033009c7,1740,0-4k,24.0
learned_K2_V2_s35_step10000,learned,2,35,lcc,Code,173,997526c4ebbb7938e65ea14362c83fde9d979401f5f5f445,2041,0-4k,33.0
learned_K2_V2_s35_step10000,learned,2,35,lcc,Code,174,1be8fdfd322b9ece97d70593dac71eecdd59539ab7ef69d7,793,0-4k,39.0
learned_K2_V2_s35_step10000,learned,2,35,lcc,Code,175,6a8feeca0aea2095a4c5fc0c58f18f3456556c6af9b7374a,690,0-4k,38.0
learned_K2_V2_s35_step10000,learned,2,35,lcc,Code,176,fd3a1a817ea75abb6d8f7040fcfb3ee43dbfe07e4e6d9408,918,0-4k,34.0
learned_K2_V2_s35_step10000,learned,2,35,lcc,Code,177,b6029cffa6f017e686e2303165fc1ebc437fad4e837e5e05,791,0-4k,100.0
learned_K2_V2_s35_step10000,learned,2,35,lcc,Code,178,afaa47c3e50b88c722f2e7e2f9bb3b1204f8b80e185f355f,3626,0-4k,71.0
learned_K2_V2_s35_step10000,learned,2,35,lcc,Code,179,9ac83f0cb7aff9cd52581d7e6d5bce356b4f5531fcc7b4f2,1274,0-4k,40.0
learned_K2_V2_s35_step10000,learned,2,35,lcc,Code,180,abeb767e6c37cee48470e6764ac480ad487fef3e3fc93bba,1017,0-4k,100.0
learned_K2_V2_s35_step10000,learned,2,35,lcc,Code,181,9db6b4d2545835b0eb906eb67dce37abd8a18390ff3dd44b,668,0-4k,24.0
learned_K2_V2_s35_step10000,learned,2,35,lcc,Code,182,58414c770f11b4a32f9d1c67426fd6d8e2028e408a27f131,545,0-4k,26.0
learned_K2_V2_s35_step10000,learned,2,35,lcc,Code,183,f964e1772f2adb4100531633f6287a54c98f80ddd622f9d8,747,0-4k,63.0
learned_K2_V2_s35_step10000,learned,2,35,lcc,Code,184,3cc6d50befc6ded615d39d3b18b791d8f06b80ca3b2642b3,750,0-4k,6.0
learned_K2_V2_s35_step10000,learned,2,35,lcc,Code,185,7630f3d4fd6c44654c13b705304c20adea2cf0798b4dc72c,575,0-4k,44.0
learned_K2_V2_s35_step10000,learned,2,35,lcc,Code,186,6cc90781be873e3f526e24b432fa2997332f4aef86d6a696,2203,0-4k,49.0
learned_K2_V2_s35_step10000,learned,2,35,lcc,Code,187,b6d055c89ca6a6c261a27807c672673ece45777ad9806d2e,1113,0-4k,100.0
learned_K2_V2_s35_step10000,learned,2,35,lcc,Code,188,5d7f05b8f84258ef580014f750f774d8eb4af59aa074f04a,2057,0-4k,46.0
learned_K2_V2_s35_step10000,learned,2,35,lcc,Code,189,8ed6880ab3b5c6188940a9999bc369708c565891b8d871f2,694,0-4k,28.000000000000004
learned_K2_V2_s35_step10000,learned,2,35,lcc,Code,190,7a221b8009c1d73293e9a45c3c9dc18eb109dc4e8c6cef92,478,0-4k,91.0
learned_K2_V2_s35_step10000,learned,2,35,lcc,Code,191,728682005fc144f5d03a92ebb7f121b7ceb08648eff87ba8,565,0-4k,18.0
learned_K2_V2_s35_step10000,learned,2,35,lcc,Code,192,7e20f7645ae46306c1c075059d48f64e2003534e7b1502c4,2189,0-4k,17.0
learned_K2_V2_s35_step10000,learned,2,35,lcc,Code,193,971fbab8c3ab0ce2be833fead765ea9d6620fe3529e6e4f2,518,0-4k,12.0
learned_K2_V2_s35_step10000,learned,2,35,lcc,Code,194,397181750c46cc7bb5cfa79f1f6812770ddf55fc6dac89cd,685,0-4k,24.0
learned_K2_V2_s35_step10000,learned,2,35,lcc,Code,195,0eae7d0813189dfb61921a6690103cb83cdea076b845d152,681,0-4k,80.0
learned_K2_V2_s35_step10000,learned,2,35,lcc,Code,196,27f6b503096cf445095535f5a908b7e00038cf4f23a5d499,1081,0-4k,67.0
learned_K2_V2_s35_step10000,learned,2,35,lcc,Code,197,6b8b92b2b253189141dc998a845e117ddb34a9ced10cda39,884,0-4k,0.0
learned_K2_V2_s35_step10000,learned,2,35,lcc,Code,198,2249fb5b605f86689474ffb501216d8475418e32ce63adab,1437,0-4k,54.0
learned_K2_V2_s35_step10000,learned,2,35,lcc,Code,199,a1c2bff96d6d3cb3e23f9ea2a0029d635c3ebc32eb87a05c,1300,0-4k,76.0
learned_K2_V2_s35_step10000,learned,2,35,lcc,Code,200,57cd1d16d832804a0b41e45c65ffbdf55dee0d169df79a8e,5265,4-8k,61.0
learned_K2_V2_s35_step10000,learned,2,35,lcc,Code,201,46847858f2d1579242f46d971b4229d6cb8d79b8a5dea86e,505,0-4k,4.0
learned_K2_V2_s35_step10000,learned,2,35,lcc,Code,202,36ab3dcfde1587fd327a15d56d7d38fb65b8104458bbcd00,426,0-4k,37.0
learned_K2_V2_s35_step10000,learned,2,35,lcc,Code,203,dc7f3a684d9468c9631828995c836b9722e18b4999cdd713,753,0-4k,32.0
learned_K2_V2_s35_step10000,learned,2,35,lcc,Code,204,1fbe52a6ae333eb46f1ea6000375cec54d0c1377ea171db3,743,0-4k,57.99999999999999
learned_K2_V2_s35_step10000,learned,2,35,lcc,Code,205,ffafcf6803367046bcd6535efabfd55b6913ed04cf9c0e14,519,0-4k,76.0
learned_K2_V2_s35_step10000,learned,2,35,lcc,Code,206,cff5cce659d8bde6af869ff91a57f4b6445b88159e169708,986,0-4k,35.0
learned_K2_V2_s35_step10000,learned,2,35,lcc,Code,207,ae9e378a2b48e8a532bf970e581bc7ccc318cd5047ec916c,596,0-4k,41.0
learned_K2_V2_s35_step10000,learned,2,35,lcc,Code,208,cb8b4b2b743ae5c5feb0a78bada007e175140164e40f5a42,1212,0-4k,47.0
learned_K2_V2_s35_step10000,learned,2,35,lcc,Code,209,97d6976069558160fcb06c6802085ee52a6ef637d5832a1a,1639,0-4k,56.99999999999999
learned_K2_V2_s35_step10000,learned,2,35,lcc,Code,210,bf36c52efb42e2c0506f3cb765385becf6bf8e07977c4ec2,548,0-4k,88.0
learned_K2_V2_s35_step10000,learned,2,35,lcc,Code,211,f2938d3f351d2aebd34b5c529253c96aa77b793e3442e486,1044,0-4k,80.0
learned_K2_V2_s35_step10000,learned,2,35,lcc,Code,212,782603f333c5ed114de335a7728c0c7c288c0ea45f48a9ee,886,0-4k,26.0
learned_K2_V2_s35_step10000,learned,2,35,lcc,Code,213,cffa07171638f2df3007fc0e85a42300f465b867bac1df90,764,0-4k,56.00000000000001
learned_K2_V2_s35_step10000,learned,2,35,lcc,Code,214,c72913a89874d6308bd8a87c745a41178548b9df3cd7e0c0,1027,0-4k,100.0
learned_K2_V2_s35_step10000,learned,2,35,lcc,Code,215,7850286a4534f85c6c1e090310eb4027cb5b38c4f626ff33,1177,0-4k,99.0
learned_K2_V2_s35_step10000,learned,2,35,lcc,Code,216,a93d814dbddd20576003b7d27ccabef85f5258c0f1c189bf,629,0-4k,56.99999999999999
learned_K2_V2_s35_step10000,learned,2,35,lcc,Code,217,b8d674585c2854a71ff59d091611a1181f7327620a70524e,1006,0-4k,79.0
learned_K2_V2_s35_step10000,learned,2,35,lcc,Code,218,145cc36abdaa2c8860959982f54fca44c7cae309bc44bcf9,882,0-4k,50.0
learned_K2_V2_s35_step10000,learned,2,35,lcc,Code,219,c69d4ae0425c1d742d8cad38e1238ffbf39d8f97b105df79,399,0-4k,36.0
learned_K2_V2_s35_step10000,learned,2,35,lcc,Code,220,cf8e0d5f2adf8762eb153e24cdc6edacca8bb1e84f6b7c14,2031,0-4k,30.0
learned_K2_V2_s35_step10000,learned,2,35,lcc,Code,221,a0064864baa8bd09ff6fc63712208d825b29b2d8f56ab567,768,0-4k,56.00000000000001
learned_K2_V2_s35_step10000,learned,2,35,lcc,Code,222,b8ddcb433aa1bfe07017e01e1c838c3c2d78b8b973eabc54,1549,0-4k,32.0
learned_K2_V2_s35_step10000,learned,2,35,lcc,Code,223,7f21bbeb3cc4c97701a78291f4d98bf6819b5e05cca6641e,722,0-4k,12.0
learned_K2_V2_s35_step10000,learned,2,35,lcc,Code,224,6a5c6418a11e7d5ca010f8f986194ae5efec73ff41f7c167,644,0-4k,100.0
learned_K2_V2_s35_step10000,learned,2,35,lcc,Code,225,2f9e87b359085e3741fab9367978273edee2f0b2e60fcfe8,558,0-4k,36.0
learned_K2_V2_s35_step10000,learned,2,35,lcc,Code,226,d5131ee794bcf700f0f43d91cbdd4928e4078dee775d3bd7,1633,0-4k,100.0
learned_K2_V2_s35_step10000,learned,2,35,lcc,Code,227,85a1c12ae7813d7b73cbbf458fd9262e032bd9cc88005aa1,1146,0-4k,64.0
learned_K2_V2_s35_step10000,learned,2,35,lcc,Code,228,463db0e034d463507a505f61f5addf4f1153492f465bc47f,685,0-4k,99.0
learned_K2_V2_s35_step10000,learned,2,35,lcc,Code,229,25409067cd0b9bd6ffc59d2ab30579edc2ec8b0a47154def,2596,0-4k,24.0
learned_K2_V2_s35_step10000,learned,2,35,lcc,Code,230,40994fe53243d5f8fce4983fc820f09dbd61a083c8a53c8f,630,0-4k,41.0
learned_K2_V2_s35_step10000,learned,2,35,lcc,Code,231,944fd1f9c7ec90cdc70498975f2faf06111d7dfe2ae05e81,690,0-4k,24.0
learned_K2_V2_s35_step10000,learned,2,35,lcc,Code,232,363a7940d934ec4a64df64a51b70cb62268340fa89d647f7,697,0-4k,12.0
learned_K2_V2_s35_step10000,learned,2,35,lcc,Code,233,0a774cef85a83037bcd6fbf761f83707f105e2ee3118ef09,652,0-4k,0.0
learned_K2_V2_s35_step10000,learned,2,35,lcc,Code,234,adeed84f45c576f4e84e46a705dd8d968d64d0646a6ef56a,936,0-4k,50.0
learned_K2_V2_s35_step10000,learned,2,35,lcc,Code,235,f498e75d306788f63949bcfcf05c9e4bb4e190034ff80488,2149,0-4k,31.0
learned_K2_V2_s35_step10000,learned,2,35,lcc,Code,236,57e19c332b765589c06c6317e00c2f7c5f50bc38d1fac11c,1063,0-4k,48.0
learned_K2_V2_s35_step10000,learned,2,35,lcc,Code,237,3acf18da43544d1e056b344459d85b5599253c6ef78403fb,484,0-4k,95.0
learned_K2_V2_s35_step10000,learned,2,35,lcc,Code,238,65e83568eadd384a035b2d009ca4b6e8962b6a6b11a58326,715,0-4k,98.0
learned_K2_V2_s35_step10000,learned,2,35,lcc,Code,239,5eb2fab7c77b669d9d20bb243cdb60fddafbb0a6170b9d88,643,0-4k,10.0
learned_K2_V2_s35_step10000,learned,2,35,lcc,Code,240,91bafdb949e83b9df31caa1198f61d205a6b734664bdeee5,686,0-4k,28.000000000000004
learned_K2_V2_s35_step10000,learned,2,35,lcc,Code,241,2ea1e8b1be13cbbb6a96058b7c5db07ae3e7e9bfca12207f,1449,0-4k,31.0
learned_K2_V2_s35_step10000,learned,2,35,lcc,Code,242,5a8b582269e533bdd34babfe47a607fb7faa5ba65cee7bc8,1079,0-4k,70.0
learned_K2_V2_s35_step10000,learned,2,35,lcc,Code,243,8e994637773ecb1aa1a46681e23f58b9b6e946d95aa0e329,2433,0-4k,63.0
learned_K2_V2_s35_step10000,learned,2,35,lcc,Code,244,55b5cf622c6554fcf71e7f540ab814974112cbd9bdc49443,924,0-4k,44.0
learned_K2_V2_s35_step10000,learned,2,35,lcc,Code,245,98f9620b662d7e8b7c7e7545d6c341f8a167b3d6925ee74a,2472,0-4k,100.0
learned_K2_V2_s35_step10000,learned,2,35,lcc,Code,246,68ec6af65d2a91e6853c589c87fadc19a538ca14d6f249ae,839,0-4k,43.0
learned_K2_V2_s35_step10000,learned,2,35,lcc,Code,247,ca3ae6a5d8c6865655de823a63f15080b5c10cc5843037df,801,0-4k,33.0
learned_K2_V2_s35_step10000,learned,2,35,lcc,Code,248,0a0acfe5a6238a45947c2e198dabe87dee8487c858569c30,10029,8k+,42.0
learned_K2_V2_s35_step10000,learned,2,35,lcc,Code,249,bc922d0a7fcc0c037de90c7f575f1de8f8ac956e5c9e4e82,746,0-4k,25.0
learned_K2_V2_s35_step10000,learned,2,35,lcc,Code,250,9517e442464f24ead2a124310c2f1752d78474b38bd420f2,9203,8k+,89.0
learned_K2_V2_s35_step10000,learned,2,35,lcc,Code,251,b7096bf4313f6484e8f39bf9f0977db406f68e5dc24dcd54,801,0-4k,22.0
learned_K2_V2_s35_step10000,learned,2,35,lcc,Code,252,8662bf8b41808cda788f6de30f92e265f34051125e765056,947,0-4k,25.0
learned_K2_V2_s35_step10000,learned,2,35,lcc,Code,253,eb53d2d7980f93f767d7f4ca69e7c363d7a2bdffbbb04b9c,2841,0-4k,48.0
learned_K2_V2_s35_step10000,learned,2,35,lcc,Code,254,7176f682200a0adf4ae5cf5e13ef2ec7cb669d6f638cffd3,722,0-4k,51.0
learned_K2_V2_s35_step10000,learned,2,35,lcc,Code,255,20b813f30f59822e04edffdae1cdbf1b533dbdd72c1cc321,615,0-4k,26.0
learned_K2_V2_s35_step10000,learned,2,35,lcc,Code,256,44bc927038ee4f263ad7e6209084767cae0e9109fe53fa72,987,0-4k,85.0
learned_K2_V2_s35_step10000,learned,2,35,lcc,Code,257,b8f2bccffdfaa6714889fe5bc5f0f10b12a66609c8c585d1,639,0-4k,24.0
learned_K2_V2_s35_step10000,learned,2,35,lcc,Code,258,db86b64c8c534e1f3bab91df60822f5e3fd18cea9415e467,569,0-4k,100.0
learned_K2_V2_s35_step10000,learned,2,35,lcc,Code,259,e346c1259b04562f788d0e2865564ee2ec42aaada9b4e031,1095,0-4k,38.0
learned_K2_V2_s35_step10000,learned,2,35,lcc,Code,260,d2d2eb23f584337e252086c2162142cf3c5e40a39100b329,2301,0-4k,37.0
learned_K2_V2_s35_step10000,learned,2,35,lcc,Code,261,0467947f0aca59814dfee0185e479155997e02d24818a1ab,783,0-4k,76.0
learned_K2_V2_s35_step10000,learned,2,35,lcc,Code,262,7a6b465ccf619db236b9ebaa5024b7f2602fd097e1f14af8,1021,0-4k,65.0
learned_K2_V2_s35_step10000,learned,2,35,lcc,Code,263,5eaaec0ad17e5ea95bb6b35275422001e3f763eea091799b,2177,0-4k,33.0
learned_K2_V2_s35_step10000,learned,2,35,lcc,Code,264,9315cf46a7b8a5186358aa90329c4cf7aa7e8815f99ea810,5167,4-8k,15.0
learned_K2_V2_s35_step10000,learned,2,35,lcc,Code,265,0a5fee26c27c916f5e6a6d4e21655aac2bf96a3c71502cab,669,0-4k,34.0
learned_K2_V2_s35_step10000,learned,2,35,lcc,Code,266,aa0355191116e9da144d262dfbaa191cd76f4cdbf90c55e2,1128,0-4k,17.0
learned_K2_V2_s35_step10000,learned,2,35,lcc,Code,267,36b953ee4b12b6a4faa25120b4dd3ff257e71cd2c3c9e231,2537,0-4k,82.0
learned_K2_V2_s35_step10000,learned,2,35,lcc,Code,268,774fe32bf5c3e50a3060d52bef095025decb114d4ab2a37b,1301,0-4k,28.999999999999996
learned_K2_V2_s35_step10000,learned,2,35,lcc,Code,269,1af3862e060454bfb42e00c39c490c31b97f3330caa0e1f1,7935,4-8k,39.0
learned_K2_V2_s35_step10000,learned,2,35,lcc,Code,270,ff129ecf1bae342708a06c6afdaf4c0c520b36db7f9fe934,1068,0-4k,89.0
learned_K2_V2_s35_step10000,learned,2,35,lcc,Code,271,812a9c309ebcd63dc97a9d9c993e5afbcef9d934b3a428bf,497,0-4k,100.0
learned_K2_V2_s35_step10000,learned,2,35,lcc,Code,272,a179ca21c89046426dbe560130d12a91ef853ad8e707e8c2,692,0-4k,6.0
learned_K2_V2_s35_step10000,learned,2,35,lcc,Code,273,fbaaf263e4f759d000390c802a4c3c1ccb343adcb8654c23,864,0-4k,52.0
learned_K2_V2_s35_step10000,learned,2,35,lcc,Code,274,752a89a5b36c7b8f6f0e35bfd40db4c72421fcad3b20b85b,2652,0-4k,30.0
learned_K2_V2_s35_step10000,learned,2,35,lcc,Code,275,4ba808cbdaf8b17ba189c38980dbfe9f2db8c50e68c78815,551,0-4k,37.0
learned_K2_V2_s35_step10000,learned,2,35,lcc,Code,276,887af1daa5b7038bf77928f7810b6046e0a6e79e65f0db63,906,0-4k,44.0
learned_K2_V2_s35_step10000,learned,2,35,lcc,Code,277,641e1c881986075c2c1d4de3afcfdf28d45ea43407457b7d,675,0-4k,11.0
learned_K2_V2_s35_step10000,learned,2,35,lcc,Code,278,d2cc14959cc14d9e5f5c314ff857cbc70f1ff16fa1441fa2,2070,0-4k,28.999999999999996
learned_K2_V2_s35_step10000,learned,2,35,lcc,Code,279,73339a8013cf28c56a4c1187df921540e969f355e17c82b2,2058,0-4k,72.0
learned_K2_V2_s35_step10000,learned,2,35,lcc,Code,280,b1cefd5f19084d4e4a500f51ff0fd6a59f8c2c70e47b868c,878,0-4k,31.0
learned_K2_V2_s35_step10000,learned,2,35,lcc,Code,281,fe08dcb281de4c3a0e2cca60ae83b079f30ce3924ae5131b,1083,0-4k,15.0
learned_K2_V2_s35_step10000,learned,2,35,lcc,Code,282,e65940b61936a514284b1b107717706bb95a8df5df726f13,1124,0-4k,54.0
learned_K2_V2_s35_step10000,learned,2,35,lcc,Code,283,acf5e37bfbe33cbb9516c325004620f2cae48ca166d4d0ad,954,0-4k,15.0
learned_K2_V2_s35_step10000,learned,2,35,lcc,Code,284,c15dc271a99f31760a613bea95abc84961ad13d294310c3c,769,0-4k,43.0
learned_K2_V2_s35_step10000,learned,2,35,lcc,Code,285,2e4d03a695dc0527178e4eddff2b2c0651ddc6a0588d6cb5,866,0-4k,13.0
learned_K2_V2_s35_step10000,learned,2,35,lcc,Code,286,9a6eb97bf19cf92ba543d527e5650f3a6198498b114bcbf3,1057,0-4k,100.0
learned_K2_V2_s35_step10000,learned,2,35,lcc,Code,287,f6cf9afee16a6f9eb253d2163fc5f2accb17108da85e51a3,666,0-4k,21.0
learned_K2_V2_s35_step10000,learned,2,35,lcc,Code,288,2237275bf34eb140554aa5a5e98dc8bde6dd285b688c247c,459,0-4k,34.0
learned_K2_V2_s35_step10000,learned,2,35,lcc,Code,289,d9aa0fae1843d2d73e9ac2308f31a3760b5ff6be9bc4face,2324,0-4k,0.0
learned_K2_V2_s35_step10000,learned,2,35,lcc,Code,290,f928fa8a814e6601eba3952b11bcbc31cc18a3d2f086048f,1183,0-4k,28.999999999999996
learned_K2_V2_s35_step10000,learned,2,35,lcc,Code,291,a6ff01b3019b5f686be4e5365d4e5986aec163213a88b95e,886,0-4k,27.0
learned_K2_V2_s35_step10000,learned,2,35,lcc,Code,292,c954057ff94e553216187b97466689a94cf01d35b64c1d11,2292,0-4k,100.0
learned_K2_V2_s35_step10000,learned,2,35,lcc,Code,293,e3985a9e93ec883a946ded49a6c0d5a149f870a2551a4bae,747,0-4k,100.0
learned_K2_V2_s35_step10000,learned,2,35,lcc,Code,294,ae83375fd17d59ade51acb7d21f140c348517cad10d87283,1036,0-4k,60.0
learned_K2_V2_s35_step10000,learned,2,35,lcc,Code,295,1b693ff15f56949b8dd6a9b75de17dd49f7f0b08bf33823d,839,0-4k,100.0
learned_K2_V2_s35_step10000,learned,2,35,lcc,Code,296,39bbeca7715c515fede070fff57d6f18c6608542a2b291d1,515,0-4k,23.0
learned_K2_V2_s35_step10000,learned,2,35,lcc,Code,297,590b51d23289d047b57ac6677f20d8695fe1def2a0120e8d,1017,0-4k,19.0
learned_K2_V2_s35_step10000,learned,2,35,lcc,Code,298,fec6e895c63341559f9f9bba6ca62f48771c6ee896904ae7,1208,0-4k,32.0
learned_K2_V2_s35_step10000,learned,2,35,lcc,Code,299,c83f71189a57f9b8fbf6439c1c211939a9c292a33024b337,4935,4-8k,86.0
learned_K2_V2_s35_step10000,learned,2,35,lcc,Code,300,d130622298f175eb038e14cf3cab0d504c020de19bc3eab8,865,0-4k,96.0
learned_K2_V2_s35_step10000,learned,2,35,lcc,Code,301,6632f438b48e38612c7af5be064f73e8a4b86ead00fbda69,1045,0-4k,34.0
learned_K2_V2_s35_step10000,learned,2,35,lcc,Code,302,6cde737d77f75e2d7bba19ebf78653bae352413d2a95770b,1053,0-4k,43.0
learned_K2_V2_s35_step10000,learned,2,35,lcc,Code,303,716049fd0d1692b85479651b13974c96045e6d05f8fe7fe3,586,0-4k,23.0
learned_K2_V2_s35_step10000,learned,2,35,lcc,Code,304,daa27a5d67ba9d011a6296ae7e7effeac588540b3e61d3e5,961,0-4k,22.0
learned_K2_V2_s35_step10000,learned,2,35,lcc,Code,305,a32e9a8e3ff6ea4c2599a33d5345c01decf2e4c9913e970a,744,0-4k,27.0
learned_K2_V2_s35_step10000,learned,2,35,lcc,Code,306,0101b11c0d92563f34753effab4ccc713d10d886c00ee990,848,0-4k,36.0
learned_K2_V2_s35_step10000,learned,2,35,lcc,Code,307,be8b544961199f01b0f2942229db2d1da0ff394e0ca9e9eb,695,0-4k,21.0
learned_K2_V2_s35_step10000,learned,2,35,lcc,Code,308,f8f3e51eaf0b5e82798c164612594b613eff07183067e54c,861,0-4k,69.0
learned_K2_V2_s35_step10000,learned,2,35,lcc,Code,309,64062f61594fcf5875068e83e34bbe4352d55f2ffc994594,5441,4-8k,22.0
learned_K2_V2_s35_step10000,learned,2,35,lcc,Code,310,78238acd4e2f77afea6f7f0a6a7204254284924614d7e707,659,0-4k,100.0
learned_K2_V2_s35_step10000,learned,2,35,lcc,Code,311,3478f59e50537de1932e70589d61d1ffd7f3cc98c321b79a,2575,0-4k,59.0
learned_K2_V2_s35_step10000,learned,2,35,lcc,Code,312,d885bc25f6d6b7f2bed6c360c4182759018c010914bbd263,673,0-4k,81.0
learned_K2_V2_s35_step10000,learned,2,35,lcc,Code,313,b81d989e514c39c2fbe5246f88c81834d4b9daf9ea103acc,819,0-4k,54.0
learned_K2_V2_s35_step10000,learned,2,35,lcc,Code,314,3577964dff527ef6068237089eaaf8be6c4ce4aa3ba45df8,962,0-4k,28.999999999999996
learned_K2_V2_s35_step10000,learned,2,35,lcc,Code,315,653224ff195b272eec8557efa25225d29043896dba76e043,849,0-4k,12.0
learned_K2_V2_s35_step10000,learned,2,35,lcc,Code,316,80bda6d99d3c518ff6465d159112864d8eed9a04c56b1d15,1153,0-4k,32.0
learned_K2_V2_s35_step10000,learned,2,35,lcc,Code,317,a8df204f2a859a703bf766e6567ed3d50e67fb8e91bc975b,588,0-4k,37.0
learned_K2_V2_s35_step10000,learned,2,35,lcc,Code,318,8d8cddfebc329d8bed250acfd102274d7ccd8f8bf08e4b85,519,0-4k,93.0
learned_K2_V2_s35_step10000,learned,2,35,lcc,Code,319,f18f638df2a7be9849603948e255d240c5646454c2a0a5a0,720,0-4k,36.0
learned_K2_V2_s35_step10000,learned,2,35,lcc,Code,320,e20af03f2ee467f621a8abf4253b8106ed16e82d2aeb0e8c,1401,0-4k,45.0
learned_K2_V2_s35_step10000,learned,2,35,lcc,Code,321,ab64e80497dc29027b566fe583c6e6936d54fd063307f698,562,0-4k,22.0
learned_K2_V2_s35_step10000,learned,2,35,lcc,Code,322,23da8d9de20f882d02d5c855b1322a6bc6b13eebcf69be20,1060,0-4k,47.0
learned_K2_V2_s35_step10000,learned,2,35,lcc,Code,323,bca3c4560f23f25e2f915056e3c74f7832b570be4c2e30fb,2508,0-4k,41.0
learned_K2_V2_s35_step10000,learned,2,35,lcc,Code,324,8e0bd228e7aa848a9bf8109d86ecaf76dcf9e5dee02fba5e,5328,4-8k,36.0
learned_K2_V2_s35_step10000,learned,2,35,lcc,Code,325,22de4bb8a2b770879cf742cb312eaec089c2f1c8e6caf97b,641,0-4k,28.999999999999996
learned_K2_V2_s35_step10000,learned,2,35,lcc,Code,326,85d7beeed9e180c5fcee6fa973932cd47b046a7c181b3368,677,0-4k,98.0
learned_K2_V2_s35_step10000,learned,2,35,lcc,Code,327,ef2256036a1a6e12b496e5e9085b2f653cfd173eb485a40e,480,0-4k,100.0
learned_K2_V2_s35_step10000,learned,2,35,lcc,Code,328,ccb175b81d17f841ce38c2caa311f192e142ac2649f954a2,1244,0-4k,95.0
learned_K2_V2_s35_step10000,learned,2,35,lcc,Code,329,2edf15bcbfcd4fcf56e4a6731116895a5ed5bb7b70ee804d,641,0-4k,0.0
learned_K2_V2_s35_step10000,learned,2,35,lcc,Code,330,8abd7abbc3616f319f05d25be5a410bd9fc2bb508b68e3cb,782,0-4k,40.0
learned_K2_V2_s35_step10000,learned,2,35,lcc,Code,331,f8ded3af8ef3545db8175306e099fcfdecc9a38e3633b747,673,0-4k,15.0
learned_K2_V2_s35_step10000,learned,2,35,lcc,Code,332,e183058d346d8baf870f97d2f9f4a343610cbd294e8bc9ff,931,0-4k,44.0
learned_K2_V2_s35_step10000,learned,2,35,lcc,Code,333,0cc866de4a40f62e0dc2031e25487c87a06027728f76c5a9,6006,4-8k,80.0
learned_K2_V2_s35_step10000,learned,2,35,lcc,Code,334,fdfc363818ce22cc623b576870180ec881f0a75f716cd8a8,677,0-4k,23.0
learned_K2_V2_s35_step10000,learned,2,35,lcc,Code,335,78fd6bbd4847ea904de30d888739147fe917202829362e1d,1017,0-4k,26.0
learned_K2_V2_s35_step10000,learned,2,35,lcc,Code,336,2be88ed1d82791123566d7fc244876523ea87a620301c93a,1187,0-4k,11.0
learned_K2_V2_s35_step10000,learned,2,35,lcc,Code,337,b68fb107dd4b16b9e62aee193e5d5452796850436d17aaef,794,0-4k,100.0
learned_K2_V2_s35_step10000,learned,2,35,lcc,Code,338,3eb19d43291f949e184ce7a5465a8640ad3cc4cd277ab5ce,805,0-4k,100.0
learned_K2_V2_s35_step10000,learned,2,35,lcc,Code,339,774c2fcb277e8f0e9c0b13c51982a14cc5f1ec168baf9c7e,686,0-4k,59.0
learned_K2_V2_s35_step10000,learned,2,35,lcc,Code,340,e0bcde61d9adb5375395d14f33e7ca8fe874d965c734b2ac,667,0-4k,0.0
learned_K2_V2_s35_step10000,learned,2,35,lcc,Code,341,faeb4c1f5b91b0308378f17f35d5be9bb0bb461449205814,808,0-4k,50.0
learned_K2_V2_s35_step10000,learned,2,35,lcc,Code,342,febfe4f9eeaaa6cc696611fb0204abdaa2ec61fd7fcb43fa,689,0-4k,28.000000000000004
learned_K2_V2_s35_step10000,learned,2,35,lcc,Code,343,76752da4aab9b0f2980a363c45b8b6a846bcbfadac525fd1,1831,0-4k,33.0
learned_K2_V2_s35_step10000,learned,2,35,lcc,Code,344,47a5c3493dba4beb59cd884a00ee301ebbbc06f48b66fba5,1469,0-4k,40.0
learned_K2_V2_s35_step10000,learned,2,35,lcc,Code,345,42d7200767daef190a5abb124bd4a3751d552931e19200aa,578,0-4k,50.0
learned_K2_V2_s35_step10000,learned,2,35,lcc,Code,346,f2d519e85b596a21571ccc0da4dcf8098c04163fb6b5b321,1264,0-4k,76.0
learned_K2_V2_s35_step10000,learned,2,35,lcc,Code,347,79bfd01dfd65567d16786ba83d96abf2c1f32aed45f161f0,1086,0-4k,98.0
learned_K2_V2_s35_step10000,learned,2,35,lcc,Code,348,8c19d95147fe4a3d515b456de624adfc662e5bf40c1c3bad,1188,0-4k,35.0
learned_K2_V2_s35_step10000,learned,2,35,lcc,Code,349,a4712b2e717d6693fc9b69d66fce23e4ec1069203a8569a4,902,0-4k,89.0
learned_K2_V2_s35_step10000,learned,2,35,lcc,Code,350,fa471400c4273aa3192c4acebefee0003fad434d98173787,538,0-4k,16.0
learned_K2_V2_s35_step10000,learned,2,35,lcc,Code,351,376650a8fc449c6f93baab1f5327f682bda670ea2bbdcc0b,469,0-4k,34.0
learned_K2_V2_s35_step10000,learned,2,35,lcc,Code,352,c4cefa2a1ddbaac52ded7360c79296813666aad6d9e178b1,692,0-4k,95.0
learned_K2_V2_s35_step10000,learned,2,35,lcc,Code,353,1425b06afee32d16a5355b9b1c74c573855e0bfe86164222,627,0-4k,93.0
learned_K2_V2_s35_step10000,learned,2,35,lcc,Code,354,5d5f9a55f0ca5e209dc65f2dc23ceaa77d3050df01057941,1867,0-4k,100.0
learned_K2_V2_s35_step10000,learned,2,35,lcc,Code,355,0acfff98f8a07512b57bf9de46cc67617183784cdd9c686d,737,0-4k,30.0
learned_K2_V2_s35_step10000,learned,2,35,lcc,Code,356,76a0bf2e534153ecd85f4baa149e185926fdf7267d6e1660,950,0-4k,26.0
learned_K2_V2_s35_step10000,learned,2,35,lcc,Code,357,70b3e65a3e9eee500a87c090d97914f3b7614cd7d7d51635,1528,0-4k,62.0
learned_K2_V2_s35_step10000,learned,2,35,lcc,Code,358,e8d2fbeddaaa67221144399f1e48bc62deb18f5fd8c3c92a,994,0-4k,28.000000000000004
learned_K2_V2_s35_step10000,learned,2,35,lcc,Code,359,7b052378f063837f048563149af68758cefc4141ff2e4669,822,0-4k,66.0
learned_K2_V2_s35_step10000,learned,2,35,lcc,Code,360,7e369e49db979a11fae014da09f9aeaf1d365950a38b7333,466,0-4k,89.0
learned_K2_V2_s35_step10000,learned,2,35,lcc,Code,361,0015062cf7e9262884bb54332e85c9529f05689017c95eff,615,0-4k,42.0
learned_K2_V2_s35_step10000,learned,2,35,lcc,Code,362,94f4579778d0f769443d95027663337643885b8b0b67cd03,764,0-4k,97.0
learned_K2_V2_s35_step10000,learned,2,35,lcc,Code,363,01f0d043830d266acc4757da3d85f78ced040ba1063aa7fb,1056,0-4k,76.0
learned_K2_V2_s35_step10000,learned,2,35,lcc,Code,364,cfb6b58b94ffae9a2bc26c67c46fbd41b8ceea666926fb64,1110,0-4k,46.0
learned_K2_V2_s35_step10000,learned,2,35,lcc,Code,365,7dd56f936af4445521f33f3902093e6fbc8fc6051abd5488,1956,0-4k,44.0
learned_K2_V2_s35_step10000,learned,2,35,lcc,Code,366,17cb34da8ac4cba50c3cd902f4bb130d217b32fbce400737,2288,0-4k,40.0
learned_K2_V2_s35_step10000,learned,2,35,lcc,Code,367,102833fe5a636f960b4e9762aced1a6f79de4abd212d5ced,672,0-4k,59.0
learned_K2_V2_s35_step10000,learned,2,35,lcc,Code,368,25a88155c976a139f0f67418b062d4e28ff8b66c2718bc66,1991,0-4k,65.0
learned_K2_V2_s35_step10000,learned,2,35,lcc,Code,369,ff8f7d496166e1a205f67ca69caa4f63247ff40c16b5e326,688,0-4k,71.0
learned_K2_V2_s35_step10000,learned,2,35,lcc,Code,370,2248a8f904da25fd9ea3437cf9c3da1e73876f14aa5dfa87,1642,0-4k,100.0
learned_K2_V2_s35_step10000,learned,2,35,lcc,Code,371,f54df722d8cb6050f8b9b79929415e488a47e64578808ae4,671,0-4k,30.0
learned_K2_V2_s35_step10000,learned,2,35,lcc,Code,372,0c30966965780fab171d0c89cad81d1c373553c851c2aba7,594,0-4k,98.0
learned_K2_V2_s35_step10000,learned,2,35,lcc,Code,373,2a2a9209a97ca8cd4029fb006e641c88c4b4df72c457a731,1028,0-4k,62.0
learned_K2_V2_s35_step10000,learned,2,35,lcc,Code,374,985588e7dc66ac6d50e0fe4a6602f7b58eb5fef402be68fa,1364,0-4k,100.0
learned_K2_V2_s35_step10000,learned,2,35,lcc,Code,375,60c91ffa1d58e4c6d52c0ae275b009bc330e180493b0d2e3,724,0-4k,20.0
learned_K2_V2_s35_step10000,learned,2,35,lcc,Code,376,7a60f7b18cb99dc78088418a1c233691053449386e7273eb,642,0-4k,98.0
learned_K2_V2_s35_step10000,learned,2,35,lcc,Code,377,cd81bc2e4c0a7dc1e4f6a340a63de44a5b0e7a055b43a7b3,626,0-4k,69.0
learned_K2_V2_s35_step10000,learned,2,35,lcc,Code,378,467203b77592a0dbc3eb517669aab5cd995bdb6136767dd3,1650,0-4k,56.99999999999999
learned_K2_V2_s35_step10000,learned,2,35,lcc,Code,379,b20a8d2aec9be1407977fc8294fc849403fe93cc367f38d6,3016,0-4k,53.0
learned_K2_V2_s35_step10000,learned,2,35,lcc,Code,380,e537367e5f1862611742bd63b5d29acacd7963cc58c3c0ac,583,0-4k,88.0
learned_K2_V2_s35_step10000,learned,2,35,lcc,Code,381,71ce6181e5bc2ca033a59fff909ae4682cbb94f61145ba04,2179,0-4k,30.0
learned_K2_V2_s35_step10000,learned,2,35,lcc,Code,382,aa8714d821c58b0cafe396b92312a4fe03c223fb64a901a3,1211,0-4k,33.0
learned_K2_V2_s35_step10000,learned,2,35,lcc,Code,383,b7aaf348eef474fc39a51484be57ea00820973ab5749b1cb,1192,0-4k,41.0
learned_K2_V2_s35_step10000,learned,2,35,lcc,Code,384,ae0f2d60c0cb9d0cb36a55fcf60b29466a441974ac234dca,1264,0-4k,28.000000000000004
learned_K2_V2_s35_step10000,learned,2,35,lcc,Code,385,d6b0b1ba478697a4988f5e3a441475444dd822738a3d6461,813,0-4k,31.0
learned_K2_V2_s35_step10000,learned,2,35,lcc,Code,386,5b2b4575bee8bc4223e1eed289165b7fcf597782d98e9033,603,0-4k,40.0
learned_K2_V2_s35_step10000,learned,2,35,lcc,Code,387,2bcc90a8e0d4c69a7f61f382e24a8ae2c11dc6eb28b58b0a,897,0-4k,96.0
learned_K2_V2_s35_step10000,learned,2,35,lcc,Code,388,7293c0e9f7e75148f514aaf18ac8ea75262950e00b623dfd,769,0-4k,30.0
learned_K2_V2_s35_step10000,learned,2,35,lcc,Code,389,e172201bb15276d6c82301b6f3239ef78af9c9ab95ca59b2,478,0-4k,34.0
learned_K2_V2_s35_step10000,learned,2,35,lcc,Code,390,ea081b4223c2863932036461c4dda5fe46df221fbaf332de,1818,0-4k,81.0
learned_K2_V2_s35_step10000,learned,2,35,lcc,Code,391,b293cf5f342371e0bf71c2612684f816f33409393283da9c,549,0-4k,52.0
learned_K2_V2_s35_step10000,learned,2,35,lcc,Code,392,e7cf53f84107ea1aeedbca65bba9b70350df8c2b9d1a949d,1943,0-4k,60.0
learned_K2_V2_s35_step10000,learned,2,35,lcc,Code,393,98f6d04d0820f21a99dd26399514e157795b7254b994a3ab,1057,0-4k,17.0
learned_K2_V2_s35_step10000,learned,2,35,lcc,Code,394,4bd2fd0f69e4de7c6c60f4067b514b23e77ab94af50551f3,1566,0-4k,71.0
learned_K2_V2_s35_step10000,learned,2,35,lcc,Code,395,51cad9bbad6cbc55c69a6d0f523dbdfc409b670b50b64d77,1329,0-4k,38.0
learned_K2_V2_s35_step10000,learned,2,35,lcc,Code,396,992dbc69af1a3576bbb2ed62504f814872db7f713f6b9a74,2860,0-4k,39.0
learned_K2_V2_s35_step10000,learned,2,35,lcc,Code,397,de56fbc358675175235c1b81f44c85afbdf421ee3d426fe4,1555,0-4k,31.0
learned_K2_V2_s35_step10000,learned,2,35,lcc,Code,398,3149648eac16b892c2a3b92e78536acd7934268336fc2d34,628,0-4k,28.999999999999996
learned_K2_V2_s35_step10000,learned,2,35,lcc,Code,399,79cd419a6f2198575f4b878105dcc71a5fbd4737594a98a5,740,0-4k,92.0
learned_K2_V2_s35_step10000,learned,2,35,lcc,Code,400,f7ee18c4d9156538d22f6663060cd388cce7b7fe2ff560d3,1297,0-4k,39.0
learned_K2_V2_s35_step10000,learned,2,35,lcc,Code,401,970d266acb1e58959ce93048f35f32055064fc1053f60014,917,0-4k,35.0
learned_K2_V2_s35_step10000,learned,2,35,lcc,Code,402,028fac90b8ce9bb8e36ca503af93a07b449aafbe6570e486,1208,0-4k,46.0
learned_K2_V2_s35_step10000,learned,2,35,lcc,Code,403,6a7e2d3329ea2bdb0c4bdac5aee494e87cdfc588799e3f78,521,0-4k,30.0
learned_K2_V2_s35_step10000,learned,2,35,lcc,Code,404,6ed48ea127a5e3b151e2448bd64dd53c427087b78346f68e,1349,0-4k,66.0
learned_K2_V2_s35_step10000,learned,2,35,lcc,Code,405,616a17b42a836d0cbc6def391f1ad2c62a6951e8da18f14c,1478,0-4k,49.0
learned_K2_V2_s35_step10000,learned,2,35,lcc,Code,406,659965fc4472dec4f8b056a906be656d08aac541f75950f4,1232,0-4k,65.0
learned_K2_V2_s35_step10000,learned,2,35,lcc,Code,407,4607ba7831731a759293fdd8a639dc5c10d803e93d6bcba2,471,0-4k,66.0
learned_K2_V2_s35_step10000,learned,2,35,lcc,Code,408,656e6b487418898304f2b9808ba22f80abf877b82fdba872,1423,0-4k,100.0
learned_K2_V2_s35_step10000,learned,2,35,lcc,Code,409,527be9dcafaca936af7816ffc1b91056d113516e8acf4806,701,0-4k,31.0
learned_K2_V2_s35_step10000,learned,2,35,lcc,Code,410,c2347b59144779a0b7a159df894795eedab94a268ecd2b43,3874,0-4k,28.999999999999996
learned_K2_V2_s35_step10000,learned,2,35,lcc,Code,411,4f42b848b4da56a77422629e5f5b34775ae49475d94110cf,740,0-4k,38.0
learned_K2_V2_s35_step10000,learned,2,35,lcc,Code,412,af99b5be338dcd6ea99c715d5b5b5bdb923174f4a608472b,668,0-4k,28.000000000000004
learned_K2_V2_s35_step10000,learned,2,35,lcc,Code,413,835d60f6bb369f4f9e5e17b7af239e5a16e37bb40847519c,1807,0-4k,100.0
learned_K2_V2_s35_step10000,learned,2,35,lcc,Code,414,67a6dc96ef742343a5472232bc814279dccd54c1055439e8,799,0-4k,34.0
learned_K2_V2_s35_step10000,learned,2,35,lcc,Code,415,d8447e7d54fe3091a9199e7ab96ea24e60a7f9976caf7d82,734,0-4k,22.0
learned_K2_V2_s35_step10000,learned,2,35,lcc,Code,416,01927bf90663c8e45781b1b5ddce62bfaf81ca7f023ef08b,630,0-4k,25.0
learned_K2_V2_s35_step10000,learned,2,35,lcc,Code,417,a9f806dacfe9f5d8c7b09f082dcb1b2d02bd3ec0647bbbed,1452,0-4k,21.0
learned_K2_V2_s35_step10000,learned,2,35,lcc,Code,418,60f43ea884b0dda7f3dd9e6fee352e3b1f7715b7cbef50df,667,0-4k,48.0
learned_K2_V2_s35_step10000,learned,2,35,lcc,Code,419,e8fcbecdd8f66e30320eeb4325e3c774f6123213490f17da,1143,0-4k,51.0
learned_K2_V2_s35_step10000,learned,2,35,lcc,Code,420,131b0d4e1060ac70718be3c8613b7334215e78efea7deb46,755,0-4k,38.0
learned_K2_V2_s35_step10000,learned,2,35,lcc,Code,421,5a5af80308308375d1df176501cc0cb6e044e09d4787ab3a,994,0-4k,56.00000000000001
learned_K2_V2_s35_step10000,learned,2,35,lcc,Code,422,cad0e73b70c6604397a4ffceeee2f4696001601af1e061b6,2072,0-4k,65.0
learned_K2_V2_s35_step10000,learned,2,35,lcc,Code,423,b94c4100fcacf82ca0b3cf350411e8a6361c3aedbbb68172,1100,0-4k,88.0
learned_K2_V2_s35_step10000,learned,2,35,lcc,Code,424,d7f7bd8bf110178d86ce3ea9bb27e6f1f794f60c3fe3a478,684,0-4k,18.0
learned_K2_V2_s35_step10000,learned,2,35,lcc,Code,425,4673929404a475d693820dddae925a0b49797eeb5da4c706,821,0-4k,13.0
learned_K2_V2_s35_step10000,learned,2,35,lcc,Code,426,9de1c2d790d0cfc4b8f31402e8be6b0d06aa0e2623207f6a,813,0-4k,100.0
learned_K2_V2_s35_step10000,learned,2,35,lcc,Code,427,ea1234d3d85703f270dfcff3d2aedc39d8ebe2b1d2369a39,1196,0-4k,48.0
learned_K2_V2_s35_step10000,learned,2,35,lcc,Code,428,3a16af734adf48dc73f6e28cfaec11262bb343e3da134f90,679,0-4k,88.0
learned_K2_V2_s35_step10000,learned,2,35,lcc,Code,429,a85ec69aacbcbe8db663b015147d5e8f96ae3e1481e5036c,1083,0-4k,100.0
learned_K2_V2_s35_step10000,learned,2,35,lcc,Code,430,d87a8d45371d8a5b1d38f4ab97868fb93ab6a18b81e452ea,845,0-4k,46.0
learned_K2_V2_s35_step10000,learned,2,35,lcc,Code,431,9ebf3a9f0f2f7e7496ccd13c44ec7354a4a0230fe1f15f47,431,0-4k,83.0
learned_K2_V2_s35_step10000,learned,2,35,lcc,Code,432,42eff230c4b79230f8b478baf6961fc54e1bad443af197c3,745,0-4k,51.0
learned_K2_V2_s35_step10000,learned,2,35,lcc,Code,433,8d3d0541e92abe43d18a21fd5943d0fee67278670fbf48d8,2896,0-4k,100.0
learned_K2_V2_s35_step10000,learned,2,35,lcc,Code,434,fe60cba2f4bf6cfc13feac0963a3f83ff7a28080318e5bde,1895,0-4k,21.0
learned_K2_V2_s35_step10000,learned,2,35,lcc,Code,435,513f349427eab3898c563f007083539809e961ebeaa5b59d,1093,0-4k,43.0
learned_K2_V2_s35_step10000,learned,2,35,lcc,Code,436,e1cfeee7b51ffa6e208f12e8fc7a842cb7e910013cd3b8fe,756,0-4k,100.0
learned_K2_V2_s35_step10000,learned,2,35,lcc,Code,437,aebc1dbdefd0470032eb19b36673cec2767fbc28f3a13fd5,677,0-4k,0.0
learned_K2_V2_s35_step10000,learned,2,35,lcc,Code,438,0e11139b864daa3a41696de69d95d0a294335165cb569f6a,864,0-4k,77.0
learned_K2_V2_s35_step10000,learned,2,35,lcc,Code,439,1d26c663ec47ee3d35774aa3b47622ec574c5ea151b49857,964,0-4k,12.0
learned_K2_V2_s35_step10000,learned,2,35,lcc,Code,440,b519f9921c8764941f3609154c5ff4b26d6c0630555f325d,882,0-4k,15.0
learned_K2_V2_s35_step10000,learned,2,35,lcc,Code,441,3bd9b54a05c3a1d9fac2ee41a5e9f728a8b777e66409b700,526,0-4k,100.0
learned_K2_V2_s35_step10000,learned,2,35,lcc,Code,442,12a85487bcc201bf5b2d1aed937af17781714f568e2f4f03,598,0-4k,45.0
learned_K2_V2_s35_step10000,learned,2,35,lcc,Code,443,fbd2ce3fa32ecbd53cedd8e6e94c4011c99d452dc926cd2e,3693,0-4k,57.99999999999999
learned_K2_V2_s35_step10000,learned,2,35,lcc,Code,444,952e4fb549d3a952e37556b53313cdbf932f75f456f15901,625,0-4k,33.0
learned_K2_V2_s35_step10000,learned,2,35,lcc,Code,445,d5aeb3ac7b9ce924600b49b84fc825d3230cb90e4711eb37,635,0-4k,22.0
learned_K2_V2_s35_step10000,learned,2,35,lcc,Code,446,94a45bef4dfbdc205ca29907ce87ecff9c3d6548141c05a7,530,0-4k,40.0
learned_K2_V2_s35_step10000,learned,2,35,lcc,Code,447,8c9bb2b76a046b253799f5ca041ded912c0cd8fc4381f3c1,651,0-4k,86.0
learned_K2_V2_s35_step10000,learned,2,35,lcc,Code,448,a1513f998bc527a864d8e16254a66a40d622fcb15412fae3,659,0-4k,59.0
learned_K2_V2_s35_step10000,learned,2,35,lcc,Code,449,fb636e04ae087216fc1ed273e49b1e03ab82872bf4ab05e0,874,0-4k,32.0
learned_K2_V2_s35_step10000,learned,2,35,lcc,Code,450,9516693902335ad7c898f1e9ec8d1799680dac2988c0259d,664,0-4k,30.0
learned_K2_V2_s35_step10000,learned,2,35,lcc,Code,451,1dba3395659d0bbbbc35a3da100e582c60c44de0cdd4c2e8,498,0-4k,24.0
learned_K2_V2_s35_step10000,learned,2,35,lcc,Code,452,bac49e73188f1e4ebc882afd8cd6cc4798333341297fb191,593,0-4k,80.0
learned_K2_V2_s35_step10000,learned,2,35,lcc,Code,453,a330393b411f537b7da68d95f8343c7628953903c26432d2,1713,0-4k,61.0
learned_K2_V2_s35_step10000,learned,2,35,lcc,Code,454,72337b5e2ebcaf24dc3e9b1e0609516992166e68a738bdea,603,0-4k,85.0
learned_K2_V2_s35_step10000,learned,2,35,lcc,Code,455,caf4ee2315e7782e651f443c2b635e258cb5c7aea3ede55c,1735,0-4k,18.0
learned_K2_V2_s35_step10000,learned,2,35,lcc,Code,456,cfdc68693b8867678092d17fdb043cc34839f37798d88a62,1046,0-4k,0.0
learned_K2_V2_s35_step10000,learned,2,35,lcc,Code,457,2bdd8408d0651a7c4efb3a83615391556c9a2af978875365,1031,0-4k,65.0
learned_K2_V2_s35_step10000,learned,2,35,lcc,Code,458,77bc1815b31202f2c431f0bd2c1ea65d6386dcbf74514e10,4519,4-8k,26.0
learned_K2_V2_s35_step10000,learned,2,35,lcc,Code,459,124c1846577ae2e5fcc64e558a68b1f71e80770b1c6f377f,427,0-4k,100.0
learned_K2_V2_s35_step10000,learned,2,35,lcc,Code,460,b64722de0a50cd03fec807399570eeb10ac2b39da7a8d5e3,756,0-4k,64.0
learned_K2_V2_s35_step10000,learned,2,35,lcc,Code,461,8a2fd200c0170fc660f3939cf1ac96106dc7e05cbcd739ea,1329,0-4k,51.0
learned_K2_V2_s35_step10000,learned,2,35,lcc,Code,462,c6257bab33edefa6c3e6aa0a9b46d09d5375b9c450a0c307,714,0-4k,19.0
learned_K2_V2_s35_step10000,learned,2,35,lcc,Code,463,7535856a01a07c6c689fb46424b279e43fe483d635ef3bbc,2756,0-4k,92.0
learned_K2_V2_s35_step10000,learned,2,35,lcc,Code,464,ccd61a72c442c4312744465333f1834fbb9aa1fdbd7f909c,3107,0-4k,59.0
learned_K2_V2_s35_step10000,learned,2,35,lcc,Code,465,f0c18c81b769fb90470c8df8bae97ef061380d5b8dcb9b40,599,0-4k,100.0
learned_K2_V2_s35_step10000,learned,2,35,lcc,Code,466,6cd281e781038f9d58715d430ef4da8a82ec9cd5572bd6bb,620,0-4k,33.0
learned_K2_V2_s35_step10000,learned,2,35,lcc,Code,467,94c4df74ebdbcfad6ff07c35a32605e7d576c977242ba25c,3277,0-4k,99.0
learned_K2_V2_s35_step10000,learned,2,35,lcc,Code,468,5aa80682c87ae812a93e6bb27ac638d91789e7695186311c,1912,0-4k,30.0
learned_K2_V2_s35_step10000,learned,2,35,lcc,Code,469,b607483b0c82f02c516bc92ffc69d9d3747ea0eaf71ca58a,908,0-4k,51.0
learned_K2_V2_s35_step10000,learned,2,35,lcc,Code,470,7c44f14dfd55d7192d94587a0e3d0cb5b2dd53c6dd46b6f6,836,0-4k,48.0
learned_K2_V2_s35_step10000,learned,2,35,lcc,Code,471,a4496fc9e2bf0797e31ad91e16fcbb8eef95cbc5986bb746,1377,0-4k,39.0
learned_K2_V2_s35_step10000,learned,2,35,lcc,Code,472,d18db499c41a15c135ce3f82d3cc62afdcd46c02c9a100e3,924,0-4k,28.000000000000004
learned_K2_V2_s35_step10000,learned,2,35,lcc,Code,473,837dcdc595cabd1df2ffe38aeec0464032bc96b95bb36f75,800,0-4k,28.999999999999996
learned_K2_V2_s35_step10000,learned,2,35,lcc,Code,474,a50aee631ed0face644834967b1fc81b37cc66c1782f1e1a,471,0-4k,65.0
learned_K2_V2_s35_step10000,learned,2,35,lcc,Code,475,7ca84608f996fd9789e4cbc658213c13482f990b4ea1c34e,2054,0-4k,25.0
learned_K2_V2_s35_step10000,learned,2,35,lcc,Code,476,e745ca2cc98ac1c0224978f820c9902c973ae8afb16c93ec,630,0-4k,33.0
learned_K2_V2_s35_step10000,learned,2,35,lcc,Code,477,0c4383dd82b695a9c0f842643d57d89b5f9deac30eb27285,756,0-4k,8.0
learned_K2_V2_s35_step10000,learned,2,35,lcc,Code,478,22e513a622143cc52cb34624fc06151012a9995c967df13c,702,0-4k,24.0
learned_K2_V2_s35_step10000,learned,2,35,lcc,Code,479,5772539578239747ccdb82c5a9bc47b7df833cf9c67b1225,952,0-4k,21.0
learned_K2_V2_s35_step10000,learned,2,35,lcc,Code,480,8eee41f139373f09ef454c2f6997710fa102d97316c455fe,1211,0-4k,6.0
learned_K2_V2_s35_step10000,learned,2,35,lcc,Code,481,c4b5d72178219c00e3466b9a8a3483f56036128b3ffe4348,1313,0-4k,91.0
learned_K2_V2_s35_step10000,learned,2,35,lcc,Code,482,3f302be0d966385442a6296e30fa6c4cf6c4bd891c7e8b20,1784,0-4k,48.0
learned_K2_V2_s35_step10000,learned,2,35,lcc,Code,483,218d7b3f8d5e93240d972dc518c5b9e0fe4372b38cd94b33,976,0-4k,61.0
learned_K2_V2_s35_step10000,learned,2,35,lcc,Code,484,585e8ba1eb1b3be2a7a81d0eebb3178d8d03ec8aea535999,2406,0-4k,51.0
learned_K2_V2_s35_step10000,learned,2,35,lcc,Code,485,c8bb6c7b2115807916ef0d828a186d6e698ed8a7962bc728,451,0-4k,56.00000000000001
learned_K2_V2_s35_step10000,learned,2,35,lcc,Code,486,211036deb12c17fbe2d6904e590bcf927cced0a233eb0c78,1411,0-4k,96.0
learned_K2_V2_s35_step10000,learned,2,35,lcc,Code,487,374f798258a61ee74e40065b162fa268f1abb4cffaf4ed85,1502,0-4k,57.99999999999999
learned_K2_V2_s35_step10000,learned,2,35,lcc,Code,488,7ffdfbe9a1f219ca6e4ba947f389a17ae4f1378b03a7c921,796,0-4k,47.0
learned_K2_V2_s35_step10000,learned,2,35,lcc,Code,489,07673406347dbc81c33565aadcb582257991cdab25eab669,1070,0-4k,50.0
learned_K2_V2_s35_step10000,learned,2,35,lcc,Code,490,b2e9852774a64a45a97fb402afdda4bca2ad6f026ab0a353,3675,0-4k,42.0
learned_K2_V2_s35_step10000,learned,2,35,lcc,Code,491,733108e23bea8f0fe687224256eb5c0b58a30b29f6ce051d,755,0-4k,27.0
learned_K2_V2_s35_step10000,learned,2,35,lcc,Code,492,9e42cec6ffd16ad23a4bdd0f6b04734f621a0d2df6c78eb4,1143,0-4k,27.0
learned_K2_V2_s35_step10000,learned,2,35,lcc,Code,493,4ec18b2c8f603cf68ea65e3606254e77895f2945bbc43537,661,0-4k,100.0
learned_K2_V2_s35_step10000,learned,2,35,lcc,Code,494,291eb52753b18a31b084cd6c13d64847dd010ab270cd7bff,1227,0-4k,34.0
learned_K2_V2_s35_step10000,learned,2,35,lcc,Code,495,f963d6d0a6afee2f2e97ceb0f221aca6ff419e9f3f0e1a2b,778,0-4k,38.0
learned_K2_V2_s35_step10000,learned,2,35,lcc,Code,496,e78664cfc18ba1345c5f345deba0b09a64d425e203bdff71,1861,0-4k,35.0
learned_K2_V2_s35_step10000,learned,2,35,lcc,Code,497,ecfe82f294b057561aa2f9cd0122f2dbc5fb0dae134d8df8,730,0-4k,60.0
learned_K2_V2_s35_step10000,learned,2,35,lcc,Code,498,0927453c4d51d5c9eef3799b0ae56d6daebdb8afabc59c38,803,0-4k,68.0
learned_K2_V2_s35_step10000,learned,2,35,lcc,Code,499,86d39eb1a6f382a4d98e5d61ed62ae7c8942fd177b543add,569,0-4k,49.0
learned_K2_V2_s35_step10000,learned,2,35,repobench-p,Code,0,03b9c503110e4dc8f2d7690f56be9e9b2733744da1a855ff,6425,4-8k,65.0
learned_K2_V2_s35_step10000,learned,2,35,repobench-p,Code,1,cb75af27199120a4d11be40c2968da895ebd2e8795dfc692,8194,8k+,35.0
learned_K2_V2_s35_step10000,learned,2,35,repobench-p,Code,2,348e33db9dd7512c0d821c5d1fc6a5b74a412a1e9be012f7,5302,4-8k,16.0
learned_K2_V2_s35_step10000,learned,2,35,repobench-p,Code,3,cf3d37ae2215d5f5123fcc3ad041ba23b56d19a3abad67e6,8166,8k+,66.0
learned_K2_V2_s35_step10000,learned,2,35,repobench-p,Code,4,2c164c959e45cbd40c80a8618dfe2fbe7d12a613e0ce71c4,6872,4-8k,28.999999999999996
learned_K2_V2_s35_step10000,learned,2,35,repobench-p,Code,5,fbea06f3c6f93b8aaf69f52783041ff4c6ce262cc8922060,5298,4-8k,0.0
learned_K2_V2_s35_step10000,learned,2,35,repobench-p,Code,6,47573702c5f1ad33b86b8645ddc49617af39e584b4303008,924,0-4k,5.0
learned_K2_V2_s35_step10000,learned,2,35,repobench-p,Code,7,6844939b4c4619bf2bb691b26c2beecaad85f0aeb4518366,5741,4-8k,85.0
learned_K2_V2_s35_step10000,learned,2,35,repobench-p,Code,8,d60990d706853cd274c7ff6b8b766fcccca25dc8de5ae49c,2959,0-4k,33.0
learned_K2_V2_s35_step10000,learned,2,35,repobench-p,Code,9,3cd8fefa66ffe61edf15dd8ce125f6e4933fb96d398da6b5,7126,4-8k,61.0
learned_K2_V2_s35_step10000,learned,2,35,repobench-p,Code,10,ea34735f9ac205293023394877d630555a04b487a2cf6036,1318,0-4k,17.0
learned_K2_V2_s35_step10000,learned,2,35,repobench-p,Code,11,0697cb04cdcd9172485f3f0398a5d0f1a9a8061972ff6197,1751,0-4k,35.0
learned_K2_V2_s35_step10000,learned,2,35,repobench-p,Code,12,b3e2346d898f5d979d88e1ef30c8d97a9e53c92308800882,3615,0-4k,78.0
learned_K2_V2_s35_step10000,learned,2,35,repobench-p,Code,13,31be7d5ae81230c8f97a65a4360e143cd828be77c08f3863,2035,0-4k,56.00000000000001
learned_K2_V2_s35_step10000,learned,2,35,repobench-p,Code,14,2aae57de553ed5867969af9a6dd8f670c380c829b2abf753,9020,8k+,48.0
learned_K2_V2_s35_step10000,learned,2,35,repobench-p,Code,15,8857338affe2d9fe32dc189b478b4aa891b3905618953f5b,2045,0-4k,33.0
learned_K2_V2_s35_step10000,learned,2,35,repobench-p,Code,16,ee505459c8831993d6d076ef9ee075e8cf412a45f09a9dfb,6293,4-8k,22.0
learned_K2_V2_s35_step10000,learned,2,35,repobench-p,Code,17,054c54050c80c29f3bbf1adf5fba865a2468928d4e19a1fe,5849,4-8k,35.0
learned_K2_V2_s35_step10000,learned,2,35,repobench-p,Code,18,31ce3569263336194441a7715e1766ab4954b250a5082477,1661,0-4k,41.0
learned_K2_V2_s35_step10000,learned,2,35,repobench-p,Code,19,feeef9aaf0fc0be21c3fc0124904f5755baa327e041f60dd,953,0-4k,81.0
learned_K2_V2_s35_step10000,learned,2,35,repobench-p,Code,20,f376e7b81aae7316d4e0ecc854e42de8695616f6e8946dfa,2162,0-4k,16.0
learned_K2_V2_s35_step10000,learned,2,35,repobench-p,Code,21,6348b3e17f0fb021c8e9112c4c5f056d8462afedf6a6aa41,5411,4-8k,0.0
learned_K2_V2_s35_step10000,learned,2,35,repobench-p,Code,22,c78bbf3695db2bc16d0daf4cf8bfd6d1c7c13a32ff1383dd,6517,4-8k,34.0
learned_K2_V2_s35_step10000,learned,2,35,repobench-p,Code,23,ac6b60475fb35309a7b102618c3472231e77b5bfc8326ece,6652,4-8k,33.0
learned_K2_V2_s35_step10000,learned,2,35,repobench-p,Code,24,c23c39e861f028aa9df65fe01489651a3c7237aeec7f80b4,2794,0-4k,36.0
learned_K2_V2_s35_step10000,learned,2,35,repobench-p,Code,25,255975e85de5593ce3a5a78f2aeb7341f18b71db96e2d86a,2866,0-4k,64.0
learned_K2_V2_s35_step10000,learned,2,35,repobench-p,Code,26,06fbfb05b70f3785fce8b643e46a6b1f493921c2580332e3,5356,4-8k,35.0
learned_K2_V2_s35_step10000,learned,2,35,repobench-p,Code,27,e7bbb35f55ece95e727c9fe2423d5ad8587353fa646d0b80,3561,0-4k,0.0
learned_K2_V2_s35_step10000,learned,2,35,repobench-p,Code,28,443c1278e5d9623fee6148ef1c0cc93d266d7561f4c35d8e,4505,4-8k,17.0
learned_K2_V2_s35_step10000,learned,2,35,repobench-p,Code,29,19066882a192c514e9f9dd3c6c835142c4c457c6e7dcd833,2594,0-4k,60.0
learned_K2_V2_s35_step10000,learned,2,35,repobench-p,Code,30,53794171ac56dbe5880c3fda119232cddf8f02c7b91371d3,4029,4-8k,36.0
learned_K2_V2_s35_step10000,learned,2,35,repobench-p,Code,31,1aba661e70d8c4cb3564a8a855d5aa403bc1b6580abaa9a6,1428,0-4k,18.0
learned_K2_V2_s35_step10000,learned,2,35,repobench-p,Code,32,fb3b6309cd6ab41ea9b398d8beb6e4ac5130c90d5aa1164d,5421,4-8k,68.0
learned_K2_V2_s35_step10000,learned,2,35,repobench-p,Code,33,0248bac03f920e83efc114d842cbb4fe9c4e0f5ce207cd10,5212,4-8k,57.99999999999999
learned_K2_V2_s35_step10000,learned,2,35,repobench-p,Code,34,1669bcf267046f0b7b25014a091ffec46e7d9239d98ddddd,11715,8k+,26.0
learned_K2_V2_s35_step10000,learned,2,35,repobench-p,Code,35,ad9311699fd6da3dd844b69dd8346276b1b73fb65bf83fd7,2885,0-4k,22.0
learned_K2_V2_s35_step10000,learned,2,35,repobench-p,Code,36,1e92aed924b1d5384f31de520133e8b0d337033627ce5ee3,1226,0-4k,56.00000000000001
learned_K2_V2_s35_step10000,learned,2,35,repobench-p,Code,37,264e0d85db3f543e14718f9a2e0f0185e816178daee60e35,7530,4-8k,25.0
learned_K2_V2_s35_step10000,learned,2,35,repobench-p,Code,38,0dc4e35a91336fa30c6d08138f1b924fb6ee8f3390248266,4819,4-8k,33.0
learned_K2_V2_s35_step10000,learned,2,35,repobench-p,Code,39,2765e9a5cf94efddee7fc7b1f7ccf2e8ee97cf3bf122dbb0,2116,0-4k,7.000000000000001
learned_K2_V2_s35_step10000,learned,2,35,repobench-p,Code,40,1341d46a7843a495a5668f7e4253fbaebba798bd9fcc93ee,1714,0-4k,46.0
learned_K2_V2_s35_step10000,learned,2,35,repobench-p,Code,41,b8d1b721ddc2769721908c5b5946467ad861ecb680ea5a67,4185,4-8k,49.0
learned_K2_V2_s35_step10000,learned,2,35,repobench-p,Code,42,cacf528493436bc221cd5f738c9bc45b2b94bcfb38479ada,1248,0-4k,14.000000000000002
learned_K2_V2_s35_step10000,learned,2,35,repobench-p,Code,43,d9e850b26e46db1f85cfd5cfccaa9eeaf3ed3a7e82901888,4341,4-8k,30.0
learned_K2_V2_s35_step10000,learned,2,35,repobench-p,Code,44,08e95c1f144ac0dd144b0a74d05d16910ae0ff82d33ba978,2796,0-4k,59.0
learned_K2_V2_s35_step10000,learned,2,35,repobench-p,Code,45,ca29a391edd0d83b0e2ca7866b46d8472fc032c11c2e0b59,4046,4-8k,19.0
learned_K2_V2_s35_step10000,learned,2,35,repobench-p,Code,46,5fe71bf0c2671adff4ef7a94a7ccbc1e3ac7392e1edfd213,10623,8k+,20.0
learned_K2_V2_s35_step10000,learned,2,35,repobench-p,Code,47,477d6416677bcff0b880215deeb6d3f5f41a361f9bd341ae,5424,4-8k,24.0
learned_K2_V2_s35_step10000,learned,2,35,repobench-p,Code,48,485d22985ce1c295b92e7ae9de982863b45748d37ff42a5b,5575,4-8k,45.0
learned_K2_V2_s35_step10000,learned,2,35,repobench-p,Code,49,83dfff0a545002c34c8768ae85f608da63dc855662ffd1ac,1853,0-4k,24.0
learned_K2_V2_s35_step10000,learned,2,35,repobench-p,Code,50,55de8b6b4fc8329418880d20919787526f8a140bfc8248d1,3673,0-4k,38.0
learned_K2_V2_s35_step10000,learned,2,35,repobench-p,Code,51,bfc6597058f482395c67717d1a0b4fdd39f7659c0d73f851,1159,0-4k,9.0
learned_K2_V2_s35_step10000,learned,2,35,repobench-p,Code,52,7dbb5a61c0e857a45b3b3794820f886ae1754e99f66669c8,1584,0-4k,85.0
learned_K2_V2_s35_step10000,learned,2,35,repobench-p,Code,53,41a833d80e8c897fe06ccca471cb7707316924fb7962c77d,5972,4-8k,46.0
learned_K2_V2_s35_step10000,learned,2,35,repobench-p,Code,54,affb55c8ffdf682e36326f29d9a44390d10a211cc1beb0ec,5354,4-8k,41.0
learned_K2_V2_s35_step10000,learned,2,35,repobench-p,Code,55,cc131a0161097adc000fbf6660b57883462333724839d2f9,7885,4-8k,0.0
learned_K2_V2_s35_step10000,learned,2,35,repobench-p,Code,56,5b87cd00de4bad75cfc232e4b38a4c44e9372480c6e99837,4792,4-8k,13.0
learned_K2_V2_s35_step10000,learned,2,35,repobench-p,Code,57,d4a87c94d3c020dfbca0bf801c08cdfc5761894b274f7bd4,1364,0-4k,18.0
learned_K2_V2_s35_step10000,learned,2,35,repobench-p,Code,58,bc08279586ccf2dbeb70cbf0966fec0dda148be0114d75d1,7066,4-8k,38.0
learned_K2_V2_s35_step10000,learned,2,35,repobench-p,Code,59,0c096b16be0b2e2604915412859b8db458e02c6b7020e0e0,11122,8k+,28.000000000000004
learned_K2_V2_s35_step10000,learned,2,35,repobench-p,Code,60,18ef70ff1de9101b77481f3fff6576277c6a9eab6d445f4d,2756,0-4k,31.0
learned_K2_V2_s35_step10000,learned,2,35,repobench-p,Code,61,837f98102b66213858487f8b0a7ebd49ea01e540e46053a9,3779,0-4k,28.000000000000004
learned_K2_V2_s35_step10000,learned,2,35,repobench-p,Code,62,e12d547c202e404e9d1960bd65a2cf4b559579c7d94316b1,9739,8k+,11.0
learned_K2_V2_s35_step10000,learned,2,35,repobench-p,Code,63,798ecc50f7ad3fc378cc4b7cf12ec65e10d67315d564f4af,810,0-4k,45.0
learned_K2_V2_s35_step10000,learned,2,35,repobench-p,Code,64,7eda8a3f9d904ee97cac8e1064d8fd2121e983e0c0c8d393,874,0-4k,16.0
learned_K2_V2_s35_step10000,learned,2,35,repobench-p,Code,65,5e98965448afa1514bb699741990531a72710c3aed43f81b,6412,4-8k,36.0
learned_K2_V2_s35_step10000,learned,2,35,repobench-p,Code,66,d612efbdf9f8bea20844195c9c7e70ab471bf471c3f7f11e,3894,0-4k,88.0
learned_K2_V2_s35_step10000,learned,2,35,repobench-p,Code,67,35ca5e404330c848ac98475fcd55a583f3af847541cc57af,3313,0-4k,43.0
learned_K2_V2_s35_step10000,learned,2,35,repobench-p,Code,68,7cfb7ac6fd4232a3435c4701cef44f96ae13b95ca7c3d2b0,4567,4-8k,39.0
learned_K2_V2_s35_step10000,learned,2,35,repobench-p,Code,69,201b51ede194c123c8eab1922a09b45b7be98fd32bf8cfcf,1101,0-4k,26.0
learned_K2_V2_s35_step10000,learned,2,35,repobench-p,Code,70,d9620b792d64c22527328a1ab4df2a9bdf8f802c1a402fe2,10487,8k+,88.0
learned_K2_V2_s35_step10000,learned,2,35,repobench-p,Code,71,8dbc53a90e1ac7dbdd23a8ba4311b3560756041cdf78de8e,1503,0-4k,27.0
learned_K2_V2_s35_step10000,learned,2,35,repobench-p,Code,72,40c59878dbe93bb35bc9dea64650e5e67d0b128276306199,1474,0-4k,12.0
learned_K2_V2_s35_step10000,learned,2,35,repobench-p,Code,73,d95511ca66d53b2e3c44c9654744738b670af1494a5c1383,6174,4-8k,7.000000000000001
learned_K2_V2_s35_step10000,learned,2,35,repobench-p,Code,74,9b3cf05beccb404c5889b37c9c94f311cd351532699c046f,2473,0-4k,12.0
learned_K2_V2_s35_step10000,learned,2,35,repobench-p,Code,75,2c2ff8de3a417a8b44de412585fca987e86a0537c6b0ac3e,12855,8k+,40.0
learned_K2_V2_s35_step10000,learned,2,35,repobench-p,Code,76,d38f0bfabb772fa081ae5eb5d530f9019132503c8d5c9402,2438,0-4k,43.0
learned_K2_V2_s35_step10000,learned,2,35,repobench-p,Code,77,39fa577d10bd1cdeb6238e677732e01f9402a059cf13202e,7725,4-8k,43.0
learned_K2_V2_s35_step10000,learned,2,35,repobench-p,Code,78,9e6cda33e169201b0a99617fd44a30bf15a66402ec6e0a5a,2942,0-4k,35.0
learned_K2_V2_s35_step10000,learned,2,35,repobench-p,Code,79,eca3bf910ec892b54dfd7a652086525a7a1949bec2001408,1671,0-4k,27.0
learned_K2_V2_s35_step10000,learned,2,35,repobench-p,Code,80,cb9860853afb89979f4417c7f095958b5a392850f75c6b5a,6338,4-8k,31.0
learned_K2_V2_s35_step10000,learned,2,35,repobench-p,Code,81,0a0f7d55ca9b8f2a511f4e7d14da4a52090e15fd5d9c0fc3,5909,4-8k,41.0
learned_K2_V2_s35_step10000,learned,2,35,repobench-p,Code,82,fc2e12190a286a446f1f70b6b35e0980a8bd43421872e3c2,1697,0-4k,52.0
learned_K2_V2_s35_step10000,learned,2,35,repobench-p,Code,83,0e04cae085059fb39f178622bca00328922352613a9fba13,1327,0-4k,66.0
learned_K2_V2_s35_step10000,learned,2,35,repobench-p,Code,84,bf2ff3d6bbd44c1ed9b275b065c1a427a2ce7646054bd814,6615,4-8k,5.0
learned_K2_V2_s35_step10000,learned,2,35,repobench-p,Code,85,78f4afd8061ff7fe3a9ba080ed7b80c84ccc829afa313459,3387,0-4k,73.0
learned_K2_V2_s35_step10000,learned,2,35,repobench-p,Code,86,844f86363fc751fbf98b1d3b5e1d608e9701d51eeed872e7,3034,0-4k,2.0
learned_K2_V2_s35_step10000,learned,2,35,repobench-p,Code,87,8907c39c8b0cdddb11b055753a6877ca7967e8c7e7840c37,7830,4-8k,45.0
learned_K2_V2_s35_step10000,learned,2,35,repobench-p,Code,88,a6b1513d6fbd7c8fd96023a6771a05f39e8acac1c0df8071,2406,0-4k,23.0
learned_K2_V2_s35_step10000,learned,2,35,repobench-p,Code,89,f85edb7539e50a1c687c3d29e9c4672944dd7eaa5b0b1a21,1222,0-4k,25.0
learned_K2_V2_s35_step10000,learned,2,35,repobench-p,Code,90,e0e707082bddedfcf3e2798927d5b78b9c327b8fd57e0d3e,7636,4-8k,51.0
learned_K2_V2_s35_step10000,learned,2,35,repobench-p,Code,91,3ddf5be265df219b628fb23e585586981804cd220fc25ef2,4297,4-8k,30.0
learned_K2_V2_s35_step10000,learned,2,35,repobench-p,Code,92,2945ba86ff3cecc0a290e160f928993f202959f5ba590ff0,5218,4-8k,0.0
learned_K2_V2_s35_step10000,learned,2,35,repobench-p,Code,93,0476bf17391ee4e1621dd29ecd68a5afaa85ae7cc46b49d2,2177,0-4k,43.0
learned_K2_V2_s35_step10000,learned,2,35,repobench-p,Code,94,03b3c8a49966010592056ff8ea1b5952ab547a564701500a,4405,4-8k,28.999999999999996
learned_K2_V2_s35_step10000,learned,2,35,repobench-p,Code,95,90423bbf2427fd4606a6c4e6507fd7dcf439ec1b5bf1e65c,2242,0-4k,0.0
learned_K2_V2_s35_step10000,learned,2,35,repobench-p,Code,96,223ec5a4ba1c0998de60e3e8478993fd1d58a69f32f69c8b,1352,0-4k,28.000000000000004
learned_K2_V2_s35_step10000,learned,2,35,repobench-p,Code,97,365a62750d882184d08bc2099114d2fb02fcade7f2f17158,6895,4-8k,12.0
learned_K2_V2_s35_step10000,learned,2,35,repobench-p,Code,98,cf05251cefc7e4738f456dd2505df18bd6fb8eb43e19c1ca,1803,0-4k,36.0
learned_K2_V2_s35_step10000,learned,2,35,repobench-p,Code,99,6449818bed51797d1072b7d2c8b6c1b5b682386449a94cf2,3927,0-4k,41.0
learned_K2_V2_s35_step10000,learned,2,35,repobench-p,Code,100,a6389bf574a540736f6c828c61e4abda5922db3f9c932e53,1190,0-4k,27.0
learned_K2_V2_s35_step10000,learned,2,35,repobench-p,Code,101,22e2ba9414fc906f9c6a542e91001317823cca0f0070e633,1870,0-4k,23.0
learned_K2_V2_s35_step10000,learned,2,35,repobench-p,Code,102,2980cef10693f314cb81b0953f1f3dd1e48bf127e124d8e1,3045,0-4k,45.0
learned_K2_V2_s35_step10000,learned,2,35,repobench-p,Code,103,7eafc8ea018ad7cd5d3896465b4cacc4517c14071ba504c0,7224,4-8k,30.0
learned_K2_V2_s35_step10000,learned,2,35,repobench-p,Code,104,e7152ac699cce75fc2dfc88c0a619abf1102ad45ccb80eed,1089,0-4k,23.0
learned_K2_V2_s35_step10000,learned,2,35,repobench-p,Code,105,f96bf9c1df521b55bd0cdb0753e88f19069d16ccfc08bcd5,3957,0-4k,49.0
learned_K2_V2_s35_step10000,learned,2,35,repobench-p,Code,106,fac2252ad2e0a9e0cc59c989e08500d01da4a8aa32a7cd0c,2383,0-4k,28.000000000000004
learned_K2_V2_s35_step10000,learned,2,35,repobench-p,Code,107,a69eb1cde291c2dfaf05bd095fc5dd39cf5171398ed4efb1,2147,0-4k,6.0
learned_K2_V2_s35_step10000,learned,2,35,repobench-p,Code,108,49cbf96d45ceeed9f47a2217c23973ea5e663d8a9b9a31d7,2841,0-4k,23.0
learned_K2_V2_s35_step10000,learned,2,35,repobench-p,Code,109,92ef9cc55d363565ca6ca5377f9bb6666861d3c1a87783cb,3197,0-4k,0.0
learned_K2_V2_s35_step10000,learned,2,35,repobench-p,Code,110,163b5f5b09c260b7de5663c40e2eca92296bec6e423ac7fc,4427,4-8k,62.0
learned_K2_V2_s35_step10000,learned,2,35,repobench-p,Code,111,bc2a4e8172b6957e596942f525675414b199ffbd0904ae9d,1155,0-4k,85.0
learned_K2_V2_s35_step10000,learned,2,35,repobench-p,Code,112,f6b596e03e2fcd525d0934ea4696847cb0096d30b276c280,6443,4-8k,75.0
learned_K2_V2_s35_step10000,learned,2,35,repobench-p,Code,113,dcc2ec7980b7200d6cfd275e0812ceab747a90fbb621d8a5,2917,0-4k,42.0
learned_K2_V2_s35_step10000,learned,2,35,repobench-p,Code,114,6be916e353b46483c181ef52e63b82a1b30edf08ded51e81,5932,4-8k,8.0
learned_K2_V2_s35_step10000,learned,2,35,repobench-p,Code,115,7338a81d2299ff6884609f99bf6afef7440fc4b65ad8fab4,6107,4-8k,100.0
learned_K2_V2_s35_step10000,learned,2,35,repobench-p,Code,116,155b4463acdcae23bc511ceeab892e0fe590c47c8acb48fd,2354,0-4k,44.0
learned_K2_V2_s35_step10000,learned,2,35,repobench-p,Code,117,dbb498c5ef72bb23bde6e8492c96e6fec16f3b110d524885,1508,0-4k,52.0
learned_K2_V2_s35_step10000,learned,2,35,repobench-p,Code,118,5cbc20dfc7e45b49e6eb883b6fd883cab2e5e2ff4b2aa9f6,2820,0-4k,36.0
learned_K2_V2_s35_step10000,learned,2,35,repobench-p,Code,119,ea73e4e9f46fa0f5bc37d1ace51629badf6ce4b9e239a93e,946,0-4k,50.0
learned_K2_V2_s35_step10000,learned,2,35,repobench-p,Code,120,0ca8373a6dd28d7d4922951dd4cea9d10d331e9f5bf01376,4727,4-8k,72.0
learned_K2_V2_s35_step10000,learned,2,35,repobench-p,Code,121,1b13049a6c5527aafb6776b2f5bbc5abc45f1f4c9b2723ea,3597,0-4k,41.0
learned_K2_V2_s35_step10000,learned,2,35,repobench-p,Code,122,2e6f374a70ca22cf6e93fb0e58fc2a96c3a52b422bcb074f,2342,0-4k,41.0
learned_K2_V2_s35_step10000,learned,2,35,repobench-p,Code,123,6d390e2e6b45c34f55b4487a50865cc89accbf6d63fa1431,8539,8k+,24.0
learned_K2_V2_s35_step10000,learned,2,35,repobench-p,Code,124,9dbc60689be98bc82c857ab3982f8ff7bbe3478412edec87,6890,4-8k,52.0
learned_K2_V2_s35_step10000,learned,2,35,repobench-p,Code,125,eed353c06e071ac7d4bffd282f86319ba9fe6f8bebf82418,4378,4-8k,27.0
learned_K2_V2_s35_step10000,learned,2,35,repobench-p,Code,126,c42c457909a86bd68cd9e63a115bd45056807350995e8ca0,1868,0-4k,97.0
learned_K2_V2_s35_step10000,learned,2,35,repobench-p,Code,127,3fae570a1b8eb01a5f0bd780b9e7ecd7a80a017517bb3c9f,7302,4-8k,78.0
learned_K2_V2_s35_step10000,learned,2,35,repobench-p,Code,128,81d373d24d2205dd3fc3608586e1ea1d7849dfc014812553,3159,0-4k,24.0
learned_K2_V2_s35_step10000,learned,2,35,repobench-p,Code,129,0025f4d1e94b43ec3b17340afc13347b03b910b81bfeda92,1886,0-4k,35.0
learned_K2_V2_s35_step10000,learned,2,35,repobench-p,Code,130,436c9931e94d5bfdd09bfa54e471f6598ea0963e409ec765,4337,4-8k,83.0
learned_K2_V2_s35_step10000,learned,2,35,repobench-p,Code,131,9a07af0d15c39e859ec913ef88659b89df1da4c000cf0525,2928,0-4k,35.0
learned_K2_V2_s35_step10000,learned,2,35,repobench-p,Code,132,ad9d8c2284a0cc93200c15ce99e1eb5b6de7cde40376c3e4,5578,4-8k,31.0
learned_K2_V2_s35_step10000,learned,2,35,repobench-p,Code,133,2c00f9bd5bd326cb84782e13c32ec945489aa2d0dfda522b,2790,0-4k,93.0
learned_K2_V2_s35_step10000,learned,2,35,repobench-p,Code,134,8d75dad48ee3c840351d046814007dd78f504830dfc6e543,4167,4-8k,69.0
learned_K2_V2_s35_step10000,learned,2,35,repobench-p,Code,135,b7db00e34edd362087cf4521d24aff835a06d1a957471883,5288,4-8k,27.0
learned_K2_V2_s35_step10000,learned,2,35,repobench-p,Code,136,b17d87b23e89bb878264b0897db9ce74416b85efc13ea782,2343,0-4k,100.0
learned_K2_V2_s35_step10000,learned,2,35,repobench-p,Code,137,078297c6cf36800b45928391073498513b5a9f8843e0bd6a,1462,0-4k,26.0
learned_K2_V2_s35_step10000,learned,2,35,repobench-p,Code,138,b877775e781d202a1a1d3be84bf34716f5ae94fb01abccee,7044,4-8k,21.0
learned_K2_V2_s35_step10000,learned,2,35,repobench-p,Code,139,cb5a46efdf93a5d592e84a9b7e3608ac7a0d2239d9d290b0,4283,4-8k,16.0
learned_K2_V2_s35_step10000,learned,2,35,repobench-p,Code,140,8b1ba64af8e45119641834bba5d35a0c0173442ecf9d7c17,7571,4-8k,28.000000000000004
learned_K2_V2_s35_step10000,learned,2,35,repobench-p,Code,141,c5e3af04f3dde5853fa1d0ced6f4eefa135877a77a0bc3e5,2181,0-4k,79.0
learned_K2_V2_s35_step10000,learned,2,35,repobench-p,Code,142,1bd0813f5c2f786a0e730c7cc3a72b6e2157e6704af5a4f3,4505,4-8k,100.0
learned_K2_V2_s35_step10000,learned,2,35,repobench-p,Code,143,0df41d976d98c68186ea50fe31fbe892536155c69807ec30,4484,4-8k,100.0
learned_K2_V2_s35_step10000,learned,2,35,repobench-p,Code,144,61d4c2968ee49839d70b93140bb1d9ff3a5e7c8c2b91a614,1054,0-4k,2.0
learned_K2_V2_s35_step10000,learned,2,35,repobench-p,Code,145,d476e905ec97f8bf948a0b1c766874e2964af8b204c96728,3960,0-4k,24.0
learned_K2_V2_s35_step10000,learned,2,35,repobench-p,Code,146,4b05ec6098804aaa8b45cc31b0e854d812e9c60dfba88a51,2830,0-4k,52.0
learned_K2_V2_s35_step10000,learned,2,35,repobench-p,Code,147,d2cd14326a378c4f0d465dba0b88e10f3fe8884f71ba2b3a,2806,0-4k,41.0
learned_K2_V2_s35_step10000,learned,2,35,repobench-p,Code,148,8bc25ede7167dc2a34e281cdcf659301acdc21bf1b50d0ef,1001,0-4k,34.0
learned_K2_V2_s35_step10000,learned,2,35,repobench-p,Code,149,e73e75354334e930f91a77a6ee902980c781146566c88142,4274,4-8k,94.0
learned_K2_V2_s35_step10000,learned,2,35,repobench-p,Code,150,ef86e80fe1769d234a0588b46f60a469c1b9f92396d8661c,1909,0-4k,23.0
learned_K2_V2_s35_step10000,learned,2,35,repobench-p,Code,151,2ea4d32199a3e40f7db560c996efcfd9da79951735b96a3e,4340,4-8k,100.0
learned_K2_V2_s35_step10000,learned,2,35,repobench-p,Code,152,95bf16688a0b4944bf2d52ecd0e9080b3814bc6d95374b29,2410,0-4k,42.0
learned_K2_V2_s35_step10000,learned,2,35,repobench-p,Code,153,afb896614948ae567c6737718e62f6800cd7ffc459780062,1895,0-4k,82.0
learned_K2_V2_s35_step10000,learned,2,35,repobench-p,Code,154,3a4de092b20b1c9dd64199a1d382ddd2a906a37ed2dcda96,13158,8k+,48.0
learned_K2_V2_s35_step10000,learned,2,35,repobench-p,Code,155,ecf5110747549a832e144a205a92cb31cc7ca24b74fcf743,1650,0-4k,34.0
learned_K2_V2_s35_step10000,learned,2,35,repobench-p,Code,156,0993199b857b48a40a11ae45fc3b33f01ea536c24cd817ef,3820,0-4k,26.0
learned_K2_V2_s35_step10000,learned,2,35,repobench-p,Code,157,6f77bc22d9da081c5ab58bc14399f36c931282fc2b5c7902,6061,4-8k,32.0
learned_K2_V2_s35_step10000,learned,2,35,repobench-p,Code,158,3a5359a37cb2d160360181c16fe0f90930c05e6d94fed37a,4505,4-8k,18.0
learned_K2_V2_s35_step10000,learned,2,35,repobench-p,Code,159,b1b99bd659352e51313ec0b8d962e395522e3858efe05f36,1543,0-4k,8.0
learned_K2_V2_s35_step10000,learned,2,35,repobench-p,Code,160,dddd9b39d643c63683644423bb2075f28317fa1cff5c11f7,2030,0-4k,39.0
learned_K2_V2_s35_step10000,learned,2,35,repobench-p,Code,161,2ae2c6501fbfaa29aa4666b960e5e07d696195ef1c02edd4,10673,8k+,74.0
learned_K2_V2_s35_step10000,learned,2,35,repobench-p,Code,162,0ece0b38f99c02bde2d0c377360c4e9c0aab4147855c9a0d,1701,0-4k,98.0
learned_K2_V2_s35_step10000,learned,2,35,repobench-p,Code,163,c651ae8bad6fd2cc0ce1e9257f3800b1818a0607934bf0b5,4425,4-8k,100.0
learned_K2_V2_s35_step10000,learned,2,35,repobench-p,Code,164,4f08c80a2c647665f8f3afe91e2383c395ce5c52eb1c48f5,7065,4-8k,42.0
learned_K2_V2_s35_step10000,learned,2,35,repobench-p,Code,165,ff7ec850f9147662c5e3f1a8824443b3df40809f1dce6f22,4173,4-8k,25.0
learned_K2_V2_s35_step10000,learned,2,35,repobench-p,Code,166,3046b9a183d6f9e1f3e65be4330ff742b520507c5b8e822b,2018,0-4k,92.0
learned_K2_V2_s35_step10000,learned,2,35,repobench-p,Code,167,38ad6dd4e99dcad6c5193d91dfaab366ee5ace0886a5c65b,2662,0-4k,25.0
learned_K2_V2_s35_step10000,learned,2,35,repobench-p,Code,168,f7e138928fa485857091c8f5410d0dc056a7fed72bacbfd7,5045,4-8k,92.0
learned_K2_V2_s35_step10000,learned,2,35,repobench-p,Code,169,1ce70a8b1f97b2a33571b0eebc117644c987068a5cd03c99,4265,4-8k,89.0
learned_K2_V2_s35_step10000,learned,2,35,repobench-p,Code,170,1da47799bd0798ae40d92a3f0b13cc2b30a5e5b041b04e92,11285,8k+,81.0
learned_K2_V2_s35_step10000,learned,2,35,repobench-p,Code,171,ea15e5f0253c69b2379552e337b49283e404108fe6a4380a,1720,0-4k,26.0
learned_K2_V2_s35_step10000,learned,2,35,repobench-p,Code,172,5ed9456f361a7fe384255b54023c0c769905149a170e534f,6897,4-8k,45.0
learned_K2_V2_s35_step10000,learned,2,35,repobench-p,Code,173,0aac08fa140088acac5a1c759653ef9ab38eb1d6febd7ae0,4279,4-8k,62.0
learned_K2_V2_s35_step10000,learned,2,35,repobench-p,Code,174,150cbd2fdb245118dfc555956a0d02df693c6f044f8aa00b,1725,0-4k,40.0
learned_K2_V2_s35_step10000,learned,2,35,repobench-p,Code,175,33656a6847d5dfc34ba0dc80b23fbaf9a513b42e07e75710,3498,0-4k,26.0
learned_K2_V2_s35_step10000,learned,2,35,repobench-p,Code,176,0293d5299823a142212ca69f1b9fd7ffe72a48181e0e4051,3765,0-4k,35.0
learned_K2_V2_s35_step10000,learned,2,35,repobench-p,Code,177,5d960e702ed32cf9a09fb253dbe62a4acbb392feb42f422e,2660,0-4k,63.0
learned_K2_V2_s35_step10000,learned,2,35,repobench-p,Code,178,073f1ff77d3ae382fd23283d0ec91f1aa375bee7d329e1a1,1236,0-4k,21.0
learned_K2_V2_s35_step10000,learned,2,35,repobench-p,Code,179,12ea2c065122f4e773e39d661cc866a76860092fa25cd579,2584,0-4k,65.0
learned_K2_V2_s35_step10000,learned,2,35,repobench-p,Code,180,100dbc990bc2d7eec54973c0555245aa566691b4f093da12,11113,8k+,79.0
learned_K2_V2_s35_step10000,learned,2,35,repobench-p,Code,181,1762055b0ecd62f35135433bbc23e18264d8253f360d39fc,1171,0-4k,0.0
learned_K2_V2_s35_step10000,learned,2,35,repobench-p,Code,182,f048c7578d6e40c0c4417094675d8a25e724dcd6daff2ab3,2615,0-4k,27.0
learned_K2_V2_s35_step10000,learned,2,35,repobench-p,Code,183,5d305066db96f36188ed17252a49dda839522c62906d97ad,4714,4-8k,100.0
learned_K2_V2_s35_step10000,learned,2,35,repobench-p,Code,184,d18c6b6e7d2c6ad9dc840a841c250efa640951e0cd53d945,1590,0-4k,39.0
learned_K2_V2_s35_step10000,learned,2,35,repobench-p,Code,185,dc4ff2fc6f100b17de1ad7eb2d14d1eb33ecd406c9bfa88e,8631,8k+,0.0
learned_K2_V2_s35_step10000,learned,2,35,repobench-p,Code,186,18c5e58561f2d04fc8ca09f3302ef50ab1401802aec1f1f1,4409,4-8k,40.0
learned_K2_V2_s35_step10000,learned,2,35,repobench-p,Code,187,a246c37f7752b8501280cd89e6c1f4ea7532505ffcde7e11,3055,0-4k,5.0
learned_K2_V2_s35_step10000,learned,2,35,repobench-p,Code,188,8152552df0cb5f706422d6f1b7c5bb2d4fee18413c1319b0,2003,0-4k,0.0
learned_K2_V2_s35_step10000,learned,2,35,repobench-p,Code,189,aafd3311f9a9da23bf9d842df610fdd89b24b3efe9c0679e,8734,8k+,17.0
learned_K2_V2_s35_step10000,learned,2,35,repobench-p,Code,190,05afd3a9ef18e9eb53ae3aa4346e57cf137bae7005629cad,2419,0-4k,19.0
learned_K2_V2_s35_step10000,learned,2,35,repobench-p,Code,191,ba35626e7560326a21935ddf10d94670b4b0cb4bd1ad1b2a,5246,4-8k,32.0
learned_K2_V2_s35_step10000,learned,2,35,repobench-p,Code,192,20662232fae2e312d39ccc882ceb6b3bda69a541107d86a4,6792,4-8k,20.0
learned_K2_V2_s35_step10000,learned,2,35,repobench-p,Code,193,4c7e8ad774d2a5b42d000fc39524db00edcace40f1fcec6b,1591,0-4k,23.0
learned_K2_V2_s35_step10000,learned,2,35,repobench-p,Code,194,68f47d51d86f9370e438fdc919e3bc0e02e8d82aa51fd37e,1644,0-4k,32.0
learned_K2_V2_s35_step10000,learned,2,35,repobench-p,Code,195,79417b6508802e0c861c38bf7d46fa6cb5f7c8e97cb60a17,3326,0-4k,32.0
learned_K2_V2_s35_step10000,learned,2,35,repobench-p,Code,196,5fd2b2f7f2c89274245fa0f0e53acf35ccbbcbc71a476671,2020,0-4k,99.0
learned_K2_V2_s35_step10000,learned,2,35,repobench-p,Code,197,5bcc3fe9d8bd1b4038e801a4e1e1f588a41096de2d7bbb07,5565,4-8k,66.0
learned_K2_V2_s35_step10000,learned,2,35,repobench-p,Code,198,133da79079bf35a27eec39c7112754a3cca65025ef2f0cad,6301,4-8k,25.0
learned_K2_V2_s35_step10000,learned,2,35,repobench-p,Code,199,01fbf247a0937c2faeebb5131abbb970e439f477c7b8f6c9,3001,0-4k,6.0
learned_K2_V2_s35_step10000,learned,2,35,repobench-p,Code,200,fee80415a96c09e2fd649ccd714a61f2e4854a398f8e2f39,875,0-4k,56.00000000000001
learned_K2_V2_s35_step10000,learned,2,35,repobench-p,Code,201,b668c68c27effee3e0acb7dc4c0473ea850e066d8310ffb9,3540,0-4k,43.0
learned_K2_V2_s35_step10000,learned,2,35,repobench-p,Code,202,2375d4c3e3f822c1787242ce5d4d5a7bf53295d85656d9eb,4956,4-8k,73.0
learned_K2_V2_s35_step10000,learned,2,35,repobench-p,Code,203,e92b4ad6f8cfcaa58c2c9ab0af1e248afd51836537fd7d61,1410,0-4k,39.0
learned_K2_V2_s35_step10000,learned,2,35,repobench-p,Code,204,2133604e45cfe05c1ecd46d3bb1fd9d6243fad4cfca5caaa,3500,0-4k,100.0
learned_K2_V2_s35_step10000,learned,2,35,repobench-p,Code,205,ba6ce7d62ebf668111f5490a7eef0502c24fdc199c1b49d6,2225,0-4k,31.0
learned_K2_V2_s35_step10000,learned,2,35,repobench-p,Code,206,5133ae0c0f7a90d220ef0317282bec4ddc5e0d7c18704469,1287,0-4k,10.0
learned_K2_V2_s35_step10000,learned,2,35,repobench-p,Code,207,a2435a3378aae494dbdb012260af73c281743712ebe4c8ae,1100,0-4k,23.0
learned_K2_V2_s35_step10000,learned,2,35,repobench-p,Code,208,a5fe62708138071564f88bc1ebc300cf8416846c4e689eae,1611,0-4k,38.0
learned_K2_V2_s35_step10000,learned,2,35,repobench-p,Code,209,0253c7eeb07b84da87e2ad1a789354b1c06f53732ece96e8,3892,0-4k,24.0
learned_K2_V2_s35_step10000,learned,2,35,repobench-p,Code,210,68a522a6f5d1f871e1ddfa37b685f020edb141241e65a1ab,6380,4-8k,75.0
learned_K2_V2_s35_step10000,learned,2,35,repobench-p,Code,211,38949ce5066fe66e2d7c07fe632c23c0651067cb48d5734a,2550,0-4k,38.0
learned_K2_V2_s35_step10000,learned,2,35,repobench-p,Code,212,12262bf84ea63fe9304a957d8134b5bf333712618e8bbfca,2214,0-4k,40.0
learned_K2_V2_s35_step10000,learned,2,35,repobench-p,Code,213,27de871ea38a5b8b9a337d2ec7bff97cc45e1369d92fdcae,1190,0-4k,100.0
learned_K2_V2_s35_step10000,learned,2,35,repobench-p,Code,214,1bbd7286956a012c07afb8313298840e354090ea79f2fbfa,7099,4-8k,79.0
learned_K2_V2_s35_step10000,learned,2,35,repobench-p,Code,215,9d60a18d1a437c536ca05864d412d39f07c897f6e330fda2,1837,0-4k,60.0
learned_K2_V2_s35_step10000,learned,2,35,repobench-p,Code,216,1e7411daa6824277a4cb51106fadeef33c57a8907d09f836,1760,0-4k,22.0
learned_K2_V2_s35_step10000,learned,2,35,repobench-p,Code,217,5ad43567f7b002883926c62eee4d7212617c9cf9feedf0e7,5157,4-8k,12.0
learned_K2_V2_s35_step10000,learned,2,35,repobench-p,Code,218,1601edb52ff1d43d34ba170fced285508a085f6d904a3144,5417,4-8k,56.99999999999999
learned_K2_V2_s35_step10000,learned,2,35,repobench-p,Code,219,7e4b953105f3604705bc8bd617999c5ff4cf7a7d996488b6,4570,4-8k,35.0
learned_K2_V2_s35_step10000,learned,2,35,repobench-p,Code,220,61d9b2af134b51dca9dac5b2bcfb82c522215a321479821c,1258,0-4k,21.0
learned_K2_V2_s35_step10000,learned,2,35,repobench-p,Code,221,ed25ddeca401990c45366c439c5de53c72c79ff928bba5c5,6816,4-8k,36.0
learned_K2_V2_s35_step10000,learned,2,35,repobench-p,Code,222,81259943df8714cd065c48803df03c7352f265bd9bde3b82,1973,0-4k,83.0
learned_K2_V2_s35_step10000,learned,2,35,repobench-p,Code,223,37a0408f27abdc680dac8ff5f07e7592ebb39768f900a003,7404,4-8k,0.0
learned_K2_V2_s35_step10000,learned,2,35,repobench-p,Code,224,dde86d25f9a52f8d67cc6f37f5638bbb706f5f65ba922154,13204,8k+,27.0
learned_K2_V2_s35_step10000,learned,2,35,repobench-p,Code,225,b323b15c20956c350a7421cd6fe1049fbdfdfca601e74824,1752,0-4k,50.0
learned_K2_V2_s35_step10000,learned,2,35,repobench-p,Code,226,cbd0924ad49607e4a442da941ecdda2ffdc7b353201d3267,2091,0-4k,28.000000000000004
learned_K2_V2_s35_step10000,learned,2,35,repobench-p,Code,227,c044bf9a3086305b963d8fd8dcf646055a509921d1dad4cb,1196,0-4k,22.0
learned_K2_V2_s35_step10000,learned,2,35,repobench-p,Code,228,9b443f53a0c5d721e16fe3026ec147b3aa3d9ae66d898270,1749,0-4k,68.0
learned_K2_V2_s35_step10000,learned,2,35,repobench-p,Code,229,34c565cc605e911208da5d857eaf1c4af5e31f01f6e5a7f6,2638,0-4k,33.0
learned_K2_V2_s35_step10000,learned,2,35,repobench-p,Code,230,e8c133f219ea6c641865caa6557a131065d1f18feb379a22,2799,0-4k,22.0
learned_K2_V2_s35_step10000,learned,2,35,repobench-p,Code,231,0d020ee24cdeb62957debad2794df4e11bccca10d03c5638,5865,4-8k,44.0
learned_K2_V2_s35_step10000,learned,2,35,repobench-p,Code,232,dca6537e7a416a56bbde3e982c0bfe267e7b914ec525b580,5440,4-8k,50.0
learned_K2_V2_s35_step10000,learned,2,35,repobench-p,Code,233,7d2547af2249577641d8450a93f49db2a6571427b8b284ef,1300,0-4k,94.0
learned_K2_V2_s35_step10000,learned,2,35,repobench-p,Code,234,b70d81d19f1dd437820fe035e0a245c2b2ecf825058bb75e,1365,0-4k,22.0
learned_K2_V2_s35_step10000,learned,2,35,repobench-p,Code,235,e0e3adb77eaf78f6f6df795c9c8a9185b589d3d6d793f793,2172,0-4k,100.0
learned_K2_V2_s35_step10000,learned,2,35,repobench-p,Code,236,a22fc8c575abd0b749f0893c6cd4e745d98462d936c48d87,18754,8k+,82.0
learned_K2_V2_s35_step10000,learned,2,35,repobench-p,Code,237,cda992df47e54dc3938190a353feaebd34cec2f7e048f6b1,4305,4-8k,36.0
learned_K2_V2_s35_step10000,learned,2,35,repobench-p,Code,238,c278905d2277be2d864087bc7d5204f2e66fcec6905a1ccd,4857,4-8k,22.0
learned_K2_V2_s35_step10000,learned,2,35,repobench-p,Code,239,0ab78d9ae121e3ce8a2c8fe04adc1aca1154c793fb8a2c99,5057,4-8k,51.0
learned_K2_V2_s35_step10000,learned,2,35,repobench-p,Code,240,621539cd906c2a56caff92f2a8e239f698454d978b3c2636,1453,0-4k,30.0
learned_K2_V2_s35_step10000,learned,2,35,repobench-p,Code,241,c83b473786c40913e5feb0ebccd624ec4e8882b6e2493bea,9959,8k+,28.000000000000004
learned_K2_V2_s35_step10000,learned,2,35,repobench-p,Code,242,a687e5b9d7cccc201c65629383c110633c4f1c0e90ecc8ea,3741,0-4k,33.0
learned_K2_V2_s35_step10000,learned,2,35,repobench-p,Code,243,67d6dcbd1a506a1177d4afb8cf485294d33660a551415ab3,2013,0-4k,25.0
learned_K2_V2_s35_step10000,learned,2,35,repobench-p,Code,244,b4455d934094201ba57502aada7767b275bcc0fb7ffb305a,5667,4-8k,90.0
learned_K2_V2_s35_step10000,learned,2,35,repobench-p,Code,245,70da8e12557266c7678a2d55f7aa3f82f9485810e77182cc,1741,0-4k,24.0
learned_K2_V2_s35_step10000,learned,2,35,repobench-p,Code,246,9eeef548191caa01c5eefc602b3a8cb674a092352e2223bb,1899,0-4k,50.0
learned_K2_V2_s35_step10000,learned,2,35,repobench-p,Code,247,1967ed3d5c6ab794bc70b9a8d4d8284be8cb20589ce273bf,1886,0-4k,52.0
learned_K2_V2_s35_step10000,learned,2,35,repobench-p,Code,248,a0a5ee4692ffb3857c9be864d61a13a8636c1c1a68d0bbc9,6507,4-8k,33.0
learned_K2_V2_s35_step10000,learned,2,35,repobench-p,Code,249,0c79084b8e57b9b9a10cd1c0cb0d00ded73770419c7fa708,4477,4-8k,50.0
learned_K2_V2_s35_step10000,learned,2,35,repobench-p,Code,250,afbbbfa76f78afdd3ff165fcdbf9974ec1afb308b2ffa4bd,4513,4-8k,100.0
learned_K2_V2_s35_step10000,learned,2,35,repobench-p,Code,251,5031dcca48753053c774705c0bf327e12c3cea3ffeeac136,3296,0-4k,26.0
learned_K2_V2_s35_step10000,learned,2,35,repobench-p,Code,252,3d7843243b763ead1199d3918b1257053348abf87bcee0fd,6884,4-8k,30.0
learned_K2_V2_s35_step10000,learned,2,35,repobench-p,Code,253,7bfcd49edfe59d98bdf21dc2e1de786b4745ad49b177d360,6981,4-8k,28.999999999999996
learned_K2_V2_s35_step10000,learned,2,35,repobench-p,Code,254,74dbf83f247baed4f06e0b27ecd40a975b4d0f680e3201d1,3292,0-4k,26.0
learned_K2_V2_s35_step10000,learned,2,35,repobench-p,Code,255,af442ec313b0a464aef927f53140f9adab3612b2d16fb380,2048,0-4k,83.0
learned_K2_V2_s35_step10000,learned,2,35,repobench-p,Code,256,9b7e88104ca5968816f40f7997675a091a334a1437310523,2546,0-4k,22.0
learned_K2_V2_s35_step10000,learned,2,35,repobench-p,Code,257,d331f08ca6465eda8c157b98826e8982871935d7aed927d1,12224,8k+,32.0
learned_K2_V2_s35_step10000,learned,2,35,repobench-p,Code,258,ed738c1bb05a4533d1d67a0d18b8e6fefafbfd5840e258d0,2356,0-4k,23.0
learned_K2_V2_s35_step10000,learned,2,35,repobench-p,Code,259,ef3582db53de90fc8849211bdc716643c3272bf2611e0ff8,6375,4-8k,63.0
learned_K2_V2_s35_step10000,learned,2,35,repobench-p,Code,260,7758d62e561151066067d8030e13b114e072255a79087e93,4583,4-8k,100.0
learned_K2_V2_s35_step10000,learned,2,35,repobench-p,Code,261,2d7b05b8a2eb47f852f2adebd59588e697002ea9c5eeec8b,2264,0-4k,28.999999999999996
learned_K2_V2_s35_step10000,learned,2,35,repobench-p,Code,262,83ba97e7d130814446ceabacc48c3f7824036ccce3b73454,2658,0-4k,32.0
learned_K2_V2_s35_step10000,learned,2,35,repobench-p,Code,263,6504e504b85a05aec274d76c8598f605b0b796290dad4c99,6244,4-8k,30.0
learned_K2_V2_s35_step10000,learned,2,35,repobench-p,Code,264,a65260c7adba90fd64d937548b20dc3f125185d85099609b,9892,8k+,42.0
learned_K2_V2_s35_step10000,learned,2,35,repobench-p,Code,265,cda2c551cc3e757255f87df725a0dbe9d187ee3f24a6acf0,5152,4-8k,31.0
learned_K2_V2_s35_step10000,learned,2,35,repobench-p,Code,266,56b3345519a2a774635c6c8d3dc3bee72dac087aec6d3e5e,3409,0-4k,40.0
learned_K2_V2_s35_step10000,learned,2,35,repobench-p,Code,267,bbfce33e509e6239bf72855a53008092573df6b760a2cd94,3542,0-4k,28.999999999999996
learned_K2_V2_s35_step10000,learned,2,35,repobench-p,Code,268,bc83c326681f82acc4301980ec122cafad03de6b8a4d1ae5,11918,8k+,49.0
learned_K2_V2_s35_step10000,learned,2,35,repobench-p,Code,269,e9c0a0c4641ad53a95c20efaf0a4204ab7305597c8f7134d,5665,4-8k,32.0
learned_K2_V2_s35_step10000,learned,2,35,repobench-p,Code,270,889c3dba9bb044a17365e4142ef195aef822448af9a51a0e,4637,4-8k,75.0
learned_K2_V2_s35_step10000,learned,2,35,repobench-p,Code,271,1a60a2ee9abcfde312a1167e037b9a65932c0750052c7d63,4259,4-8k,53.0
learned_K2_V2_s35_step10000,learned,2,35,repobench-p,Code,272,304fb67e03f1f69d782ab6ed3f5beae2f84138e14538cca1,3244,0-4k,24.0
learned_K2_V2_s35_step10000,learned,2,35,repobench-p,Code,273,70a47c9beb3061565d401bf71415c669e5a689f59a78a243,3500,0-4k,15.0
learned_K2_V2_s35_step10000,learned,2,35,repobench-p,Code,274,2a29bee9974c0a24bdfc137468538105d273d3ff3be13a28,2985,0-4k,11.0
learned_K2_V2_s35_step10000,learned,2,35,repobench-p,Code,275,46a3ac970586ded096807792994cd41a4df08059bde547a7,5487,4-8k,59.0
learned_K2_V2_s35_step10000,learned,2,35,repobench-p,Code,276,d878027be43a9811cbb5f0aa35d636b8438c19bb5605222b,8411,8k+,26.0
learned_K2_V2_s35_step10000,learned,2,35,repobench-p,Code,277,e6cfe2cab854a2ca8e83d7d9279b167e24895932372fe37b,2881,0-4k,61.0
learned_K2_V2_s35_step10000,learned,2,35,repobench-p,Code,278,3170393945efd5f4b55a2e9473c13fd7bd687084a4f1d947,3365,0-4k,23.0
learned_K2_V2_s35_step10000,learned,2,35,repobench-p,Code,279,7cc6632b5f36f6c5d2fa2aff53bd9830d49750466c643b20,5593,4-8k,100.0
learned_K2_V2_s35_step10000,learned,2,35,repobench-p,Code,280,e87242d28108e664f5066aa60dd89e344b2ef1e73c981d3f,5987,4-8k,49.0
learned_K2_V2_s35_step10000,learned,2,35,repobench-p,Code,281,503f9ad54895e3f1df00f0c52f9c73ab79add5c6d077ad85,3138,0-4k,78.0
learned_K2_V2_s35_step10000,learned,2,35,repobench-p,Code,282,0293173baedc8ada5d0535d8221b7a9f7287879d2f5b8c0a,2721,0-4k,35.0
learned_K2_V2_s35_step10000,learned,2,35,repobench-p,Code,283,958d003cc8e8701afafa13a0b8b6db9f0740f3d93824ffe4,2703,0-4k,84.0
learned_K2_V2_s35_step10000,learned,2,35,repobench-p,Code,284,93cea6f797ee66578c9b364da5916cfb100ee7fde9326a91,2146,0-4k,47.0
learned_K2_V2_s35_step10000,learned,2,35,repobench-p,Code,285,0b54e058f20218692d8d624b8fda794f6811616f466eae37,2753,0-4k,42.0
learned_K2_V2_s35_step10000,learned,2,35,repobench-p,Code,286,2fbda316aa48072f9df4a0abc979b61a8de51b2a1aec4ad5,3507,0-4k,28.999999999999996
learned_K2_V2_s35_step10000,learned,2,35,repobench-p,Code,287,c41018924d94c6fd4223d1670ec5d63143d672875d217fc0,1238,0-4k,28.000000000000004
learned_K2_V2_s35_step10000,learned,2,35,repobench-p,Code,288,5e748a1dd379ac3848ec52c1145ecb6cef0bd04785aa2253,3699,0-4k,68.0
learned_K2_V2_s35_step10000,learned,2,35,repobench-p,Code,289,d318e101c2458d5e844d488bad7f6ce0e147f5075a880514,16641,8k+,30.0
learned_K2_V2_s35_step10000,learned,2,35,repobench-p,Code,290,b72c6348a61f91768aa8a9c9379b1aaf2a2a5658d387f24b,1177,0-4k,50.0
learned_K2_V2_s35_step10000,learned,2,35,repobench-p,Code,291,61a49348be75e2473d9e17bf3a0ca1ab27c0441f0dd3185e,6431,4-8k,67.0
learned_K2_V2_s35_step10000,learned,2,35,repobench-p,Code,292,a3ab85fe65dc358a7be39837cc12cfa72c0239b1b8a78339,2987,0-4k,43.0
learned_K2_V2_s35_step10000,learned,2,35,repobench-p,Code,293,ec3e6f3063e615f758274e13ecf44f131e37c849e2f53923,4026,4-8k,9.0
learned_K2_V2_s35_step10000,learned,2,35,repobench-p,Code,294,4a306f627e8cd564f09182f47a72b9650c0326690b5ec2b4,1208,0-4k,23.0
learned_K2_V2_s35_step10000,learned,2,35,repobench-p,Code,295,bfff8bf58079303ccc71bd429f4f9a7b17aa6471f6a326ff,1657,0-4k,34.0
learned_K2_V2_s35_step10000,learned,2,35,repobench-p,Code,296,6e4b156eed695ab9b349ba63d4fab033b914036f429911fc,2214,0-4k,18.0
learned_K2_V2_s35_step10000,learned,2,35,repobench-p,Code,297,57fe3a1a96903bf9ba1d1fb027d6f8cce220608050122d4b,3914,0-4k,0.0
learned_K2_V2_s35_step10000,learned,2,35,repobench-p,Code,298,29bfed67ad9ae2798615a5de71e971b2639dad4cd5cb9baf,3354,0-4k,85.0
learned_K2_V2_s35_step10000,learned,2,35,repobench-p,Code,299,e8b24917a0c42a43b36c6d492668dc92cf13031be38b97d1,7311,4-8k,19.0
learned_K2_V2_s35_step10000,learned,2,35,repobench-p,Code,300,2e19bf05ce97a68ab5777b38c15e7b7d3c71d1ffea9a7263,6653,4-8k,37.0
learned_K2_V2_s35_step10000,learned,2,35,repobench-p,Code,301,064ec3afb93dcb86bd1fc73b3ccef7deb51825dae66b3076,1898,0-4k,21.0
learned_K2_V2_s35_step10000,learned,2,35,repobench-p,Code,302,9fb25430dfeaf79698891121116369085a11ba38ec6887cf,7648,4-8k,48.0
learned_K2_V2_s35_step10000,learned,2,35,repobench-p,Code,303,66587096c82ef27646ae55fd604d18d3c52f2a6e547112a6,4055,4-8k,88.0
learned_K2_V2_s35_step10000,learned,2,35,repobench-p,Code,304,27cd0a16be37c12e0e06753c69a76d29a06204fb969890c3,3764,0-4k,15.0
learned_K2_V2_s35_step10000,learned,2,35,repobench-p,Code,305,44f87d1afc029ed15416a2ffb544ebe010c076794b1cb96e,5250,4-8k,18.0
learned_K2_V2_s35_step10000,learned,2,35,repobench-p,Code,306,db0b44af2303e91a7cc86217c859e31889b4abab7592cba6,7708,4-8k,0.0
learned_K2_V2_s35_step10000,learned,2,35,repobench-p,Code,307,50ba097a00dc81ad300ae1dd895968e5029ca48bf943923d,8940,8k+,42.0
learned_K2_V2_s35_step10000,learned,2,35,repobench-p,Code,308,8799fe5afd038627882bbe1858eae283d2eb441b97b92afb,1512,0-4k,28.000000000000004
learned_K2_V2_s35_step10000,learned,2,35,repobench-p,Code,309,0a45d485d9ae9638ea99d7edd297fced2e037f584add8417,7656,4-8k,30.0
learned_K2_V2_s35_step10000,learned,2,35,repobench-p,Code,310,ec1023eb734ed80bee7f495ccf05628ae3f29e7eba4f81cb,2942,0-4k,32.0
learned_K2_V2_s35_step10000,learned,2,35,repobench-p,Code,311,980cce5812cd6263ca847931aff6132414f08b5594ef7863,9227,8k+,55.00000000000001
learned_K2_V2_s35_step10000,learned,2,35,repobench-p,Code,312,42d91cfd0bce8d2da34e415317c47825b7ac814fb0138740,4512,4-8k,28.000000000000004
learned_K2_V2_s35_step10000,learned,2,35,repobench-p,Code,313,c3cfac6f04f5b48dda1ea5d6e7610302e51dfff3bf60767c,1353,0-4k,0.0
learned_K2_V2_s35_step10000,learned,2,35,repobench-p,Code,314,d2627ac9f36fbba8f12704a7a9982ad029bb89e78db1ce44,7060,4-8k,36.0
learned_K2_V2_s35_step10000,learned,2,35,repobench-p,Code,315,4defa2302ef7f50c8181221cfc37eda55d823a333b1eb59e,3407,0-4k,49.0
learned_K2_V2_s35_step10000,learned,2,35,repobench-p,Code,316,7abdb12c3b4e4f5e4839ed86f80a549757d753c16078bf0f,3108,0-4k,48.0
learned_K2_V2_s35_step10000,learned,2,35,repobench-p,Code,317,f05594c41ea6a06569eb8aac317c34f7c28bfb5d2b2b3177,5566,4-8k,61.0
learned_K2_V2_s35_step10000,learned,2,35,repobench-p,Code,318,16644a1f650bf74c41cb9e6628aa37ad349a533824115d37,8376,8k+,31.0
learned_K2_V2_s35_step10000,learned,2,35,repobench-p,Code,319,b55d657c88aa3679c38ef20465ee3e0254e1b1359f9baee3,9043,8k+,31.0
learned_K2_V2_s35_step10000,learned,2,35,repobench-p,Code,320,8d57a12e5b7274a2f75a5353655df03c21a7bd8307f407de,5615,4-8k,45.0
learned_K2_V2_s35_step10000,learned,2,35,repobench-p,Code,321,22c117c8abe6743194231c984f203fe4cde9113524085dad,7167,4-8k,72.0
learned_K2_V2_s35_step10000,learned,2,35,repobench-p,Code,322,de5e83d8dc6eb23796c0d6be2638e3118a03eba9804511d0,6464,4-8k,8.0
learned_K2_V2_s35_step10000,learned,2,35,repobench-p,Code,323,63fde73cb1f8b543539f4cf7f30de4d362efdf6b8a820edf,3286,0-4k,98.0
learned_K2_V2_s35_step10000,learned,2,35,repobench-p,Code,324,ba25cca6d7f968e425e510c249c0044e435231618809cac0,3057,0-4k,88.0
learned_K2_V2_s35_step10000,learned,2,35,repobench-p,Code,325,41db13b0d61305505913f57ffded6f7ee767e3c453e46403,2899,0-4k,70.0
learned_K2_V2_s35_step10000,learned,2,35,repobench-p,Code,326,60c940e466cbc886be54aae96fbad380b396d4882acb5370,7218,4-8k,28.000000000000004
learned_K2_V2_s35_step10000,learned,2,35,repobench-p,Code,327,459fca1cb8447fd66ff73802c13fb4db926b2d837a3a60e9,3564,0-4k,15.0
learned_K2_V2_s35_step10000,learned,2,35,repobench-p,Code,328,625d3ad544f0d655e71c81c01094a855a624cfb1523aa5e3,2625,0-4k,45.0
learned_K2_V2_s35_step10000,learned,2,35,repobench-p,Code,329,1932e992e6770fd3ef9fe44bcc4b7ae549836afbfb522499,1585,0-4k,40.0
learned_K2_V2_s35_step10000,learned,2,35,repobench-p,Code,330,5ea18c5a205ada5371ab2ee14b3c8e83cc57f5d2db742e30,2680,0-4k,21.0
learned_K2_V2_s35_step10000,learned,2,35,repobench-p,Code,331,475996febe94b5ed51c0dc010cb9119492df2654f6d8dfcd,1479,0-4k,23.0
learned_K2_V2_s35_step10000,learned,2,35,repobench-p,Code,332,4b1e40a603958f2291c8611286091eb5476f56b718b129a3,3232,0-4k,50.0
learned_K2_V2_s35_step10000,learned,2,35,repobench-p,Code,333,2c3c5c8de0074b1020a2857185a9b37c4f91855ff68bdbe4,3364,0-4k,0.0
learned_K2_V2_s35_step10000,learned,2,35,repobench-p,Code,334,6487d4084ec156cc0cee4d4aa462af5987876d0aafe88f1b,3593,0-4k,41.0
learned_K2_V2_s35_step10000,learned,2,35,repobench-p,Code,335,1597179b578d6aec01bdc487dd022597c11991572512ab69,5888,4-8k,41.0
learned_K2_V2_s35_step10000,learned,2,35,repobench-p,Code,336,33951a25f017d2172b8a79991732adbd55c8d346f1cbbe0c,1511,0-4k,9.0
learned_K2_V2_s35_step10000,learned,2,35,repobench-p,Code,337,e39c57c644cca69ba31316fd20c3c49d78736e5149e99f96,4915,4-8k,82.0
learned_K2_V2_s35_step10000,learned,2,35,repobench-p,Code,338,2d5c0adcc8c945f9b6315f3b7a9278d8ca123f1a7c921b14,3014,0-4k,44.0
learned_K2_V2_s35_step10000,learned,2,35,repobench-p,Code,339,b4f1a595291f1868d156da0f76328eabcde8dbdcf0b37613,6016,4-8k,72.0
learned_K2_V2_s35_step10000,learned,2,35,repobench-p,Code,340,c73f4b63802074ee64e04fb6e84bbd5cee72e90931f0e11f,3701,0-4k,28.000000000000004
learned_K2_V2_s35_step10000,learned,2,35,repobench-p,Code,341,47eedaaf514f44a331a577433395aefb11778b6080952ca5,2629,0-4k,32.0
learned_K2_V2_s35_step10000,learned,2,35,repobench-p,Code,342,6ba8a29ca25773e35d8a22904ef8cf1009eeda97e03e30fa,1255,0-4k,20.0
learned_K2_V2_s35_step10000,learned,2,35,repobench-p,Code,343,92b0349891717f6808a75727bda84840e54486eae24e1470,2801,0-4k,100.0
learned_K2_V2_s35_step10000,learned,2,35,repobench-p,Code,344,61267f3312840c011baec9c8766de2174bda4d728dc4f154,8158,8k+,100.0
learned_K2_V2_s35_step10000,learned,2,35,repobench-p,Code,345,4eae8a71abf4d48ad27c1d1ebd82ef1303b97cee9e5990b6,5300,4-8k,13.0
learned_K2_V2_s35_step10000,learned,2,35,repobench-p,Code,346,ca63d7aec3d1041a41b81bab01ebb414718ab58e2c429d58,5336,4-8k,41.0
learned_K2_V2_s35_step10000,learned,2,35,repobench-p,Code,347,d5c4b591ba64f084d414454d2cb67b4836fcf17328a99171,2159,0-4k,39.0
learned_K2_V2_s35_step10000,learned,2,35,repobench-p,Code,348,c5bfda64a6ca1498224213401c35967580a0a22d662b831a,7115,4-8k,31.0
learned_K2_V2_s35_step10000,learned,2,35,repobench-p,Code,349,c7a8680f93d455459ca0358d0e70b63d2a6473d9faa0438c,10023,8k+,47.0
learned_K2_V2_s35_step10000,learned,2,35,repobench-p,Code,350,e0abfbcec386042dbb7f6da20781d0890c08006633bc4147,5821,4-8k,28.000000000000004
learned_K2_V2_s35_step10000,learned,2,35,repobench-p,Code,351,94c008b9c0a5da162380dcc40a372536677684833f14c707,9621,8k+,35.0
learned_K2_V2_s35_step10000,learned,2,35,repobench-p,Code,352,9a5659db7b4030f5a7ac2447198f9aeb36be78ba769c5496,4586,4-8k,28.000000000000004
learned_K2_V2_s35_step10000,learned,2,35,repobench-p,Code,353,104746415783ead3693a0b98e45ca8b7c9dc0dc4386df2b4,6960,4-8k,51.0
learned_K2_V2_s35_step10000,learned,2,35,repobench-p,Code,354,5cc305818349f5487bcf7ac35ee3b7545d96505f58344cb4,8520,8k+,19.0
learned_K2_V2_s35_step10000,learned,2,35,repobench-p,Code,355,b565f4023a00cafbe6cb9aaf4404b671af7b021d23cee6e0,2986,0-4k,41.0
learned_K2_V2_s35_step10000,learned,2,35,repobench-p,Code,356,ba7971b3d62853484f4224d11e60124abf0bd8931e5f2e7a,1756,0-4k,75.0
learned_K2_V2_s35_step10000,learned,2,35,repobench-p,Code,357,b20e2c92fd64fead714dda54300a45b181166af517391530,3379,0-4k,31.0
learned_K2_V2_s35_step10000,learned,2,35,repobench-p,Code,358,bf7edbd23da2223352850f2973d99d4c2a97994949685aae,6120,4-8k,7.000000000000001
learned_K2_V2_s35_step10000,learned,2,35,repobench-p,Code,359,ed9c0b238e35c3eb973ba60521da97e7af183659cc347e74,1687,0-4k,40.0
learned_K2_V2_s35_step10000,learned,2,35,repobench-p,Code,360,bedd17d9c4b7b8434cc9546fed3d738d62ac015621823240,2807,0-4k,43.0
learned_K2_V2_s35_step10000,learned,2,35,repobench-p,Code,361,0481ebde0626513f15fe78eac3c77eff0159050caff91c9c,1736,0-4k,18.0
learned_K2_V2_s35_step10000,learned,2,35,repobench-p,Code,362,e63deab76df8b07154c470c607756c30c7cd9bfd027e7d3c,1330,0-4k,94.0
learned_K2_V2_s35_step10000,learned,2,35,repobench-p,Code,363,b76d323154f8a51db3d25ef6376ed3bc97acc8cf47b1a5e9,1563,0-4k,23.0
learned_K2_V2_s35_step10000,learned,2,35,repobench-p,Code,364,1c7495a4f8c9d6968d0e474e023ce420f9102eadc172d24d,2217,0-4k,39.0
learned_K2_V2_s35_step10000,learned,2,35,repobench-p,Code,365,75a20ac07baa1c9bb4237eaf9e4d422f7773d27ef1aa4743,8426,8k+,25.0
learned_K2_V2_s35_step10000,learned,2,35,repobench-p,Code,366,8edcc6c959e809e1a9df32f1a5937e643890b54d16f83da1,7219,4-8k,100.0
learned_K2_V2_s35_step10000,learned,2,35,repobench-p,Code,367,b473420a0c1487baa33b5e76009c205dcf61734c38f81f96,2011,0-4k,23.0
learned_K2_V2_s35_step10000,learned,2,35,repobench-p,Code,368,5c26c58e0e627266b9c72eb437f371c41edeb1d22067163d,3140,0-4k,6.0
learned_K2_V2_s35_step10000,learned,2,35,repobench-p,Code,369,12c0e9ecc66a1718c836090eb2bd15f1eefd072943eaa8ce,5131,4-8k,19.0
learned_K2_V2_s35_step10000,learned,2,35,repobench-p,Code,370,34c68c247716dc8a66c95131a53623280f2ec8bb081f3fda,7744,4-8k,63.0
learned_K2_V2_s35_step10000,learned,2,35,repobench-p,Code,371,c61dd10569439a401445b6277bffd9f48aa1e67c0a4013d0,1783,0-4k,30.0
learned_K2_V2_s35_step10000,learned,2,35,repobench-p,Code,372,218d2431a5016759d134af3bcf66963afb3a77c16d85b26a,10012,8k+,49.0
learned_K2_V2_s35_step10000,learned,2,35,repobench-p,Code,373,3d50f0536b5c582aeac9ce0349c529a2a095cac701de46b6,4142,4-8k,100.0
learned_K2_V2_s35_step10000,learned,2,35,repobench-p,Code,374,5eab3c8573bc773090ab7ea27211875c61890ca4e2f92711,11138,8k+,59.0
learned_K2_V2_s35_step10000,learned,2,35,repobench-p,Code,375,64af35989289ab66360cbab41127b291f3e251307233aa41,2046,0-4k,18.0
learned_K2_V2_s35_step10000,learned,2,35,repobench-p,Code,376,dc751f10465f3985a85962fd6b3bc06bdf8cffa42ab65f8a,1817,0-4k,25.0
learned_K2_V2_s35_step10000,learned,2,35,repobench-p,Code,377,da004aec19dbd2eec46d0f15e30a2869628dd94ab06aea04,4061,4-8k,79.0
learned_K2_V2_s35_step10000,learned,2,35,repobench-p,Code,378,3a6d8605dd073af9bf25f05b3895c469345cccd5f7a69cb4,1264,0-4k,91.0
learned_K2_V2_s35_step10000,learned,2,35,repobench-p,Code,379,101d4791fd6173692124629b2ba02cd6fde714d8f428c145,4447,4-8k,100.0
learned_K2_V2_s35_step10000,learned,2,35,repobench-p,Code,380,59c239534029025e12c36739e14f072bac88014b257410e8,6601,4-8k,32.0
learned_K2_V2_s35_step10000,learned,2,35,repobench-p,Code,381,44f02397eccbbf97f8492b36964fecf6eac4bfcc67846c45,5904,4-8k,30.0
learned_K2_V2_s35_step10000,learned,2,35,repobench-p,Code,382,0bbe050819c41ed738257054271614c516a15dff3a8ee8df,1506,0-4k,35.0
learned_K2_V2_s35_step10000,learned,2,35,repobench-p,Code,383,711d4c1d629dbd03cdd19bd1da62cb365576ac7efc624229,3297,0-4k,34.0
learned_K2_V2_s35_step10000,learned,2,35,repobench-p,Code,384,09f1c795988b6571bc3f9a976ba15ba37dbdb36ea9727d61,4844,4-8k,52.0
learned_K2_V2_s35_step10000,learned,2,35,repobench-p,Code,385,17a6d9f4a9555f0e7e8dde26126d75fae60c7b549617b301,3700,0-4k,20.0
learned_K2_V2_s35_step10000,learned,2,35,repobench-p,Code,386,f1eb8061d68130bb246d80f0c973a61e0e65bd181df5ccd3,2633,0-4k,37.0
learned_K2_V2_s35_step10000,learned,2,35,repobench-p,Code,387,b05fce37a5867d06466e8fad3d4ecda0befe27760a4007fc,4545,4-8k,44.0
learned_K2_V2_s35_step10000,learned,2,35,repobench-p,Code,388,22c769fff5ce195e602d8c67810be68c5504f842194c09f6,2034,0-4k,32.0
learned_K2_V2_s35_step10000,learned,2,35,repobench-p,Code,389,ed84949e13aa7788f72159bf558b398d60740ec02401bdce,8465,8k+,97.0
learned_K2_V2_s35_step10000,learned,2,35,repobench-p,Code,390,ea576f502a5c03c3c320c5b03f33547d9a312f89f191adbb,4864,4-8k,13.0
learned_K2_V2_s35_step10000,learned,2,35,repobench-p,Code,391,ac4aaf41d7a8232560c766e9a0bea8eddabda36b18c8e06f,4071,4-8k,28.999999999999996
learned_K2_V2_s35_step10000,learned,2,35,repobench-p,Code,392,0216b76e3b76c2c3823a8225d35626c2874b33a20628cc20,1236,0-4k,100.0
learned_K2_V2_s35_step10000,learned,2,35,repobench-p,Code,393,467fa25385ca3d4a6a51dea1ad413837603104058f8ac311,3363,0-4k,36.0
learned_K2_V2_s35_step10000,learned,2,35,repobench-p,Code,394,90e1e94dad37699bf5788977dbd428bd6f7b54110a49fa44,4413,4-8k,100.0
learned_K2_V2_s35_step10000,learned,2,35,repobench-p,Code,395,6e66797580c39e06d58150d3a11ace050d58e63544fdac93,2489,0-4k,82.0
learned_K2_V2_s35_step10000,learned,2,35,repobench-p,Code,396,49649c9bd44b020c43058ed50c83e399a835e4c91d5c48f0,4049,4-8k,30.0
learned_K2_V2_s35_step10000,learned,2,35,repobench-p,Code,397,03bbe87bd3d9ec46f6d65fd3dfa150e71d92da3dfbebbaba,4560,4-8k,28.999999999999996
learned_K2_V2_s35_step10000,learned,2,35,repobench-p,Code,398,fbd15e4c4b948d210a531c0602392bf599058a85ae044f75,3553,0-4k,100.0
learned_K2_V2_s35_step10000,learned,2,35,repobench-p,Code,399,280cbc3def426d6d278251c19ca6001230e3384593c9a569,2497,0-4k,100.0
learned_K2_V2_s35_step10000,learned,2,35,repobench-p,Code,400,6ba526917370e0c5a6fa2d71d9f1a7ea9ea98cbb591e28f3,1325,0-4k,33.0
learned_K2_V2_s35_step10000,learned,2,35,repobench-p,Code,401,4e2bac7411ceabb310638137a7b857062b2bc924244c81ae,1223,0-4k,55.00000000000001
learned_K2_V2_s35_step10000,learned,2,35,repobench-p,Code,402,3dd16bd65a5270f77bd6afe0a6b587c67307f6c3d9d9aad4,6676,4-8k,60.0
learned_K2_V2_s35_step10000,learned,2,35,repobench-p,Code,403,888d25b129e9ecb9598c89b73bae2cf56253512ce29566f9,6250,4-8k,19.0
learned_K2_V2_s35_step10000,learned,2,35,repobench-p,Code,404,648afb72b2d371f4d09786048d81bc6f2f069ab9dfb77012,2777,0-4k,36.0
learned_K2_V2_s35_step10000,learned,2,35,repobench-p,Code,405,c52a8fbd2e64e016938a3667a7efef3d622c1f88035f3a09,5908,4-8k,20.0
learned_K2_V2_s35_step10000,learned,2,35,repobench-p,Code,406,15c75711b428a537d319fb3076be04cfad340b9d180ae9fa,3481,0-4k,85.0
learned_K2_V2_s35_step10000,learned,2,35,repobench-p,Code,407,5d018d0d5e542852174391d7044aaf46bc6120ed73526df5,1620,0-4k,23.0
learned_K2_V2_s35_step10000,learned,2,35,repobench-p,Code,408,fe8e35366f40a488950c785e86782dcb3d72d213ec210651,3492,0-4k,25.0
learned_K2_V2_s35_step10000,learned,2,35,repobench-p,Code,409,d40e40eaeae8c89f71e9fc589c15923552636f27a3530b4c,5688,4-8k,52.0
learned_K2_V2_s35_step10000,learned,2,35,repobench-p,Code,410,09108cfad395d4a699518c97a1b9d1bfee96f08d1f3fb365,3498,0-4k,100.0
learned_K2_V2_s35_step10000,learned,2,35,repobench-p,Code,411,91022391de0eedf010ff341a8545ccb7b9735f7ce690aa48,10557,8k+,37.0
learned_K2_V2_s35_step10000,learned,2,35,repobench-p,Code,412,5a1cd65d938065e1941e6bcc0bf618deaef1b691555646a8,1764,0-4k,100.0
learned_K2_V2_s35_step10000,learned,2,35,repobench-p,Code,413,51db29026af5ee5736feedb7d0bb770050357a1c0c9f8bcf,2023,0-4k,39.0
learned_K2_V2_s35_step10000,learned,2,35,repobench-p,Code,414,c7bd116848b3434031e6aff0ff9b68ef1d8213572198f01d,6446,4-8k,100.0
learned_K2_V2_s35_step10000,learned,2,35,repobench-p,Code,415,90080b5cb92ec3ca47dfe1ae4f62aa63a57cb23b7ea34665,3413,0-4k,100.0
learned_K2_V2_s35_step10000,learned,2,35,repobench-p,Code,416,c286e42687fa9ed99da88e7dc82b5e91f0424100688babf5,3589,0-4k,46.0
learned_K2_V2_s35_step10000,learned,2,35,repobench-p,Code,417,93c590818e3049736d3b28dd20f886e011d6a710304e94e0,2884,0-4k,30.0
learned_K2_V2_s35_step10000,learned,2,35,repobench-p,Code,418,fc5600d42c91c1518bcc2faf78018b1e18873c2cfbe25e45,1520,0-4k,41.0
learned_K2_V2_s35_step10000,learned,2,35,repobench-p,Code,419,390e1f595e91bba7e812224ba1410631b6f0caaf44ec9c79,2102,0-4k,33.0
learned_K2_V2_s35_step10000,learned,2,35,repobench-p,Code,420,dfba82a267b3248fd408802a6d30f38bcf424cb1abd51bca,6657,4-8k,37.0
learned_K2_V2_s35_step10000,learned,2,35,repobench-p,Code,421,a55a6f4ece11a9813bffc6bfffe441c456d0352c775959b0,2871,0-4k,28.999999999999996
learned_K2_V2_s35_step10000,learned,2,35,repobench-p,Code,422,62074387121c20e772ef8c7044ac3c627342a9b93b3c9f6b,6160,4-8k,0.0
learned_K2_V2_s35_step10000,learned,2,35,repobench-p,Code,423,274c0e629f8193e16863cb8e69c0cc02645c5fe122ed35a3,5271,4-8k,13.0
learned_K2_V2_s35_step10000,learned,2,35,repobench-p,Code,424,78609692582f55aa97926b8aa3d17d38fa928549b5057d97,1792,0-4k,100.0
learned_K2_V2_s35_step10000,learned,2,35,repobench-p,Code,425,284518f274efa6fdf92de3f9109dd7ea31160dd95be030ac,1572,0-4k,0.0
learned_K2_V2_s35_step10000,learned,2,35,repobench-p,Code,426,d22b8f08206a35c7a3956913119ad7ae9e74ba0905e2a34f,2621,0-4k,38.0
learned_K2_V2_s35_step10000,learned,2,35,repobench-p,Code,427,2353bc5bd36da84b23606225bee36de76e376c0408362208,2957,0-4k,16.0
learned_K2_V2_s35_step10000,learned,2,35,repobench-p,Code,428,f81499e58a8158071cb44d0169b48da6aa6b52e9ede345c7,1214,0-4k,42.0
learned_K2_V2_s35_step10000,learned,2,35,repobench-p,Code,429,83e31b2377b95580cf5cdb433526e43146548b93ee6f00bf,2413,0-4k,30.0
learned_K2_V2_s35_step10000,learned,2,35,repobench-p,Code,430,1882fa9504db54d4ba5ca647fe4b539def8ba7c476d2df91,5746,4-8k,35.0
learned_K2_V2_s35_step10000,learned,2,35,repobench-p,Code,431,bfa8cae7a4d93002461470be0784b0b57393175bdb2293a0,4536,4-8k,33.0
learned_K2_V2_s35_step10000,learned,2,35,repobench-p,Code,432,2d80c79ef5523478a09f2c7a34bf8f5b13139c49c5b91b0d,4207,4-8k,71.0
learned_K2_V2_s35_step10000,learned,2,35,repobench-p,Code,433,f16a1bd770c0a155028c1739d45e1a8af99665d8ff791d48,4537,4-8k,28.999999999999996
learned_K2_V2_s35_step10000,learned,2,35,repobench-p,Code,434,0bd2b2663c48e8d3948dbd9c57334ec6ddf5945a76b164ef,1333,0-4k,88.0
learned_K2_V2_s35_step10000,learned,2,35,repobench-p,Code,435,af2669b222596585e3a2e8823efbf477fa9095c9f44b95c0,12610,8k+,40.0
learned_K2_V2_s35_step10000,learned,2,35,repobench-p,Code,436,93769989df82a830ce61f1c75b1f888642ce986e4b39de3b,1229,0-4k,24.0
learned_K2_V2_s35_step10000,learned,2,35,repobench-p,Code,437,53e7a1a758a53552c19677a80e28451513070f069050aafa,2037,0-4k,74.0
learned_K2_V2_s35_step10000,learned,2,35,repobench-p,Code,438,c8e4cbbbe41703e7b2dbf157032a2b9a5e887b2f5b2f8353,3661,0-4k,33.0
learned_K2_V2_s35_step10000,learned,2,35,repobench-p,Code,439,e7dd01e90634e9fec60c4cfc5addcee943c8452734f7842e,2292,0-4k,54.0
learned_K2_V2_s35_step10000,learned,2,35,repobench-p,Code,440,2c2a30a06ceb75a3b3182a491eca1576b617015e01692f5b,2806,0-4k,100.0
learned_K2_V2_s35_step10000,learned,2,35,repobench-p,Code,441,bb62dba7ca0451343667c22b995acc071af8de3470742e30,5272,4-8k,100.0
learned_K2_V2_s35_step10000,learned,2,35,repobench-p,Code,442,4a858ef582abb697a7f3b238768c77e3babfa16921ba241e,1986,0-4k,83.0
learned_K2_V2_s35_step10000,learned,2,35,repobench-p,Code,443,9cd932e7c8f2fe94cee8c0184686b4d24ad3e9e068535786,3125,0-4k,89.0
learned_K2_V2_s35_step10000,learned,2,35,repobench-p,Code,444,95465d405209abdbe4c60d86a21b4996707e349c168e57d4,1962,0-4k,32.0
learned_K2_V2_s35_step10000,learned,2,35,repobench-p,Code,445,13ca1d3fc2d392d9c3a67dbcd6c1fdf5d75051d558e5a73c,3980,0-4k,34.0
learned_K2_V2_s35_step10000,learned,2,35,repobench-p,Code,446,c9d18c0bfaddfee1262d1681da8d474575d2a52da7c04e31,2898,0-4k,100.0
learned_K2_V2_s35_step10000,learned,2,35,repobench-p,Code,447,e98291e6a9aa1ca932d64dbedd052e4e921a774fc9f56a2e,7487,4-8k,56.99999999999999
learned_K2_V2_s35_step10000,learned,2,35,repobench-p,Code,448,d673713cd4b2400b0fafd5b72b632aa9e44b8efc548f3617,1784,0-4k,31.0
learned_K2_V2_s35_step10000,learned,2,35,repobench-p,Code,449,39cb9d0590035c23c5cc75e9e4a69812ce8264f55cc5a732,972,0-4k,87.0
learned_K2_V2_s35_step10000,learned,2,35,repobench-p,Code,450,9f0ec0457277add81af714eb8611f511389e65185f8e9417,7340,4-8k,22.0
learned_K2_V2_s35_step10000,learned,2,35,repobench-p,Code,451,c76fe4910376b8899b77fa4b6875cf268a9abff73fa9b6df,4700,4-8k,12.0
learned_K2_V2_s35_step10000,learned,2,35,repobench-p,Code,452,5184c3be3522b04ab9b5b6c037f2d483f10305b678ac8c6f,4688,4-8k,32.0
learned_K2_V2_s35_step10000,learned,2,35,repobench-p,Code,453,f896834d43d448f1b46a1b9718d474984553d490e0376ff0,5922,4-8k,73.0
learned_K2_V2_s35_step10000,learned,2,35,repobench-p,Code,454,4deab70f9f80e8c14aa22b17fc56fa0478fb881d1d040a17,1995,0-4k,38.0
learned_K2_V2_s35_step10000,learned,2,35,repobench-p,Code,455,05e3953e2a2da3d0f47ce0eeccd7573d402976959655df8f,2367,0-4k,30.0
learned_K2_V2_s35_step10000,learned,2,35,repobench-p,Code,456,70c137eeab0c8c3c075daaa2c0105e9cfcf2c719f7eabcf0,8371,8k+,37.0
learned_K2_V2_s35_step10000,learned,2,35,repobench-p,Code,457,56681e59e46f41b6e5ef00eba435b8d2cf7bc6ca04c6fb09,3219,0-4k,100.0
learned_K2_V2_s35_step10000,learned,2,35,repobench-p,Code,458,dda77c779e73567603ed5a2bfecfd39905ac6f820c3cbd63,4161,4-8k,63.0
learned_K2_V2_s35_step10000,learned,2,35,repobench-p,Code,459,dcd7ed9229f821ccc684202b894b1b7c19bd21bf18954edb,6607,4-8k,0.0
learned_K2_V2_s35_step10000,learned,2,35,repobench-p,Code,460,e10a0a5689545da25e7cb4c609a881bed71822c40e316169,4118,4-8k,49.0
learned_K2_V2_s35_step10000,learned,2,35,repobench-p,Code,461,25d15109c77d49098ddee566d62e355326542d618edae875,2665,0-4k,49.0
learned_K2_V2_s35_step10000,learned,2,35,repobench-p,Code,462,a068e6a14ddfde1054c23b08986dab3cec23b13c86a8cc0b,8672,8k+,33.0
learned_K2_V2_s35_step10000,learned,2,35,repobench-p,Code,463,7d96a61e0627ee846f905ae09d1eca8512888e57d312f863,1352,0-4k,31.0
learned_K2_V2_s35_step10000,learned,2,35,repobench-p,Code,464,5d6686488eae8d7b9f5c6c9d9e70c4c13b50a6700bd396c3,1122,0-4k,98.0
learned_K2_V2_s35_step10000,learned,2,35,repobench-p,Code,465,21796d27a139621bb700b4c10606c458d20d343207ee0b95,2300,0-4k,48.0
learned_K2_V2_s35_step10000,learned,2,35,repobench-p,Code,466,0f0c5b5c410e8b117cdd5412c90af2ed755a82f586a9ad71,5884,4-8k,87.0
learned_K2_V2_s35_step10000,learned,2,35,repobench-p,Code,467,bcda19c5cfa1e974aa46fb06e03d0bdb937c6afcd12f921b,3305,0-4k,11.0
learned_K2_V2_s35_step10000,learned,2,35,repobench-p,Code,468,0d636fecb69537fc669049ad8e62bf32f3c0d90a9054a8a1,7051,4-8k,22.0
learned_K2_V2_s35_step10000,learned,2,35,repobench-p,Code,469,d82631f498e63e11667956fb379dafadd40f7e864150fe35,1232,0-4k,100.0
learned_K2_V2_s35_step10000,learned,2,35,repobench-p,Code,470,9019a0accf182520bcd91ba6fbdaf7357360dbe5938c9e7f,3216,0-4k,72.0
learned_K2_V2_s35_step10000,learned,2,35,repobench-p,Code,471,eb953ebef5cb776dbc998b0c1235bf8b97a2a48925b28ad2,4731,4-8k,43.0
learned_K2_V2_s35_step10000,learned,2,35,repobench-p,Code,472,07965032c4cc2728048909224ad25b4f96b32f1b5b2bc975,1426,0-4k,28.999999999999996
learned_K2_V2_s35_step10000,learned,2,35,repobench-p,Code,473,affa6ad747a92f995883cadbaeee48d764d68967d47ad2bc,5290,4-8k,65.0
learned_K2_V2_s35_step10000,learned,2,35,repobench-p,Code,474,bd788a58347b1655aec6622c6ba1d8e6687199abb90a510d,14625,8k+,30.0
learned_K2_V2_s35_step10000,learned,2,35,repobench-p,Code,475,9de193e4f9db01eb4d9c891909ac71a24dc5dff73cf76695,1217,0-4k,36.0
learned_K2_V2_s35_step10000,learned,2,35,repobench-p,Code,476,635b4a714ad2cbbc8a88a15b40a27022cd8b52d304cdf3b5,2078,0-4k,51.0
learned_K2_V2_s35_step10000,learned,2,35,repobench-p,Code,477,a1d27e9c5f1579978a059e55a5059db5b1806869af872acd,1910,0-4k,100.0
learned_K2_V2_s35_step10000,learned,2,35,repobench-p,Code,478,938fcba2bf9239bbc43660053be0331753f6c9b246d00806,3855,0-4k,47.0
learned_K2_V2_s35_step10000,learned,2,35,repobench-p,Code,479,715bd4858ff4fd6891294b3c7659160b7b146f7f88826c05,2516,0-4k,18.0
learned_K2_V2_s35_step10000,learned,2,35,repobench-p,Code,480,f26ed782634c801bd3c41edf03e37bfd82a1ebb44901ade5,4526,4-8k,40.0
learned_K2_V2_s35_step10000,learned,2,35,repobench-p,Code,481,0f8ddc66d5a28d6ea03cfb52671d9ef2ff1c993b056a2aa0,3127,0-4k,25.0
learned_K2_V2_s35_step10000,learned,2,35,repobench-p,Code,482,4bf62dce4bb917c4f9fa0566666ccb11f6a01e2867332950,6442,4-8k,100.0
learned_K2_V2_s35_step10000,learned,2,35,repobench-p,Code,483,807b6b606d8ec1367cb35d4259b234b2d892eac00005b9a3,7276,4-8k,31.0
learned_K2_V2_s35_step10000,learned,2,35,repobench-p,Code,484,c1a6fab641bcfe461b1a84237e73dc99bb1577f2d0c00706,2266,0-4k,19.0
learned_K2_V2_s35_step10000,learned,2,35,repobench-p,Code,485,f2c380901413d687f5153f54212145b6451a0e3277a08475,2216,0-4k,34.0
learned_K2_V2_s35_step10000,learned,2,35,repobench-p,Code,486,38b0fdc2e6ba905f92e2be3be48cfa03e3c67a82b1707555,4296,4-8k,18.0
learned_K2_V2_s35_step10000,learned,2,35,repobench-p,Code,487,2f7fb1f15a6b7c781ce1b82b7e79bdd7c8e1b5209eb36825,2413,0-4k,10.0
learned_K2_V2_s35_step10000,learned,2,35,repobench-p,Code,488,5b2f3e926e189c554b43ddf57b4762db83f9aa1618fb2a4c,7243,4-8k,68.0
learned_K2_V2_s35_step10000,learned,2,35,repobench-p,Code,489,17623f4208c0407401fcf56d75dc4d1c6b1c6cb56f287f16,5880,4-8k,34.0
learned_K2_V2_s35_step10000,learned,2,35,repobench-p,Code,490,7aa7db5ce29afd51848bc89289cfb65c93ee7dde4555d6e8,3181,0-4k,46.0
learned_K2_V2_s35_step10000,learned,2,35,repobench-p,Code,491,84aec7f646a717c4da8ef03d5c7ea4413bcb8e848d0d8e91,6651,4-8k,34.0
learned_K2_V2_s35_step10000,learned,2,35,repobench-p,Code,492,0ef2a075d7a747af09684b36ae095b9654e643c597e3d31d,1586,0-4k,92.0
learned_K2_V2_s35_step10000,learned,2,35,repobench-p,Code,493,96f0c4d1b590939c125858a43e1bf33b766337c6570b8c72,4067,4-8k,60.0
learned_K2_V2_s35_step10000,learned,2,35,repobench-p,Code,494,2f2ae4da9d2990dfdb06d87319c055dd000c2051e6e44c22,5226,4-8k,44.0
learned_K2_V2_s35_step10000,learned,2,35,repobench-p,Code,495,e73a34c9a8cd7b00df1e6f93b6f60a4bac319689f8532ab8,2943,0-4k,16.0
learned_K2_V2_s35_step10000,learned,2,35,repobench-p,Code,496,0493e748f42c3f7f6a84315e6b142e00ca5ceaaf831d373c,8407,8k+,46.0
learned_K2_V2_s35_step10000,learned,2,35,repobench-p,Code,497,2067b981ea8febe9283b2f18a0f277fbac25d422c5887f25,2078,0-4k,34.0
learned_K2_V2_s35_step10000,learned,2,35,repobench-p,Code,498,7268380340fd102ef218a26bd310129825840b501493a5ad,1847,0-4k,97.0
learned_K2_V2_s35_step10000,learned,2,35,repobench-p,Code,499,3363675dbc1b6dba5545bc57dc70b91017ab3913ad0e2293,1903,0-4k,28.999999999999996
