scheduler,seed,configured_steps,step,minibatch_mse,last_10_step_mean,ema_mse,learning_rate,gradient_norm,optimizer_elapsed_seconds,evaluation_elapsed_seconds,wall_elapsed_seconds
exponential,35,10000,0,,,,0.005,,0.0,0.03924701362848282,0.0
exponential,35,10000,10,0.0006924436893314123,0.0007511067378800362,0.0008390910866724174,0.004985043752274521,5.88644907111302e-05,0.08287160098552704,0.03924701362848282,0.15303443372249603
exponential,35,10000,20,0.0006373330252245069,0.0006602195964660496,0.0007664068612719773,0.004970132242418248,4.9463604227639735e-05,0.16516545414924622,0.03924701362848282,0.2388630509376526
exponential,35,10000,30,0.0005982842994853854,0.0006153707741759718,0.0007051967098555232,0.004955265336609049,4.719809294329025e-05,0.24732262641191483,0.03924701362848282,0.3245265930891037
exponential,35,10000,40,0.0005706549272872508,0.0005829064175486565,0.0006556944886182207,0.004940442901425089,4.5387314457912e-05,0.3300875723361969,0.03924701362848282,0.4108244702219963
exponential,35,10000,50,0.0005567234475165606,0.000562194047961384,0.0006179226297116583,0.00492566480384363,4.357227953732945e-05,0.41231080889701843,0.03924701362848282,0.4965471476316452
exponential,35,10000,60,0.0005301946075633168,0.0005411680322140455,0.0005868324506950299,0.004910930911239842,4.3891341192647815e-05,0.4948485493659973,0.03924701362848282,0.5826734080910683
exponential,35,10000,70,0.0005188259528949857,0.0005284039012622088,0.0005631499836405689,0.0048962410913856004,4.3390729842940345e-05,0.5774806290864944,0.03924701362848282,0.6689666509628296
exponential,35,10000,80,0.0005085378652438521,0.0005150870943907649,0.0005436099726149766,0.004881595212448313,4.198428359813988e-05,0.6596058756113052,0.03924701362848282,0.7545771971344948
exponential,35,10000,90,0.0005014972412027419,0.0005063613643869758,0.0005285648566111525,0.004866993142989736,4.233025902067311e-05,0.7421543076634407,0.03924701362848282,0.8406374230980873
exponential,35,10000,100,0.0004959753714501858,0.0004997005918994546,0.00051689275570173,0.004852434751964784,4.156498107477091e-05,0.8241758495569229,0.07763472199440002,0.9261427819728851
exponential,35,10000,110,0.000487718905787915,0.0004906309477519244,0.0005062167927861622,0.004837919908720364,4.0755843656370416e-05,0.9068442434072495,0.07763472199440002,1.0956099703907967
exponential,35,10000,120,0.000480920250993222,0.0004842081223614514,0.0004972626789878241,0.004823448482994196,4.084327883902006e-05,0.9891284182667732,0.07763472199440002,1.1809646636247635
exponential,35,10000,130,0.00047602609265595675,0.00047840398619882765,0.0004895370234840646,0.004809020344913647,4.039850682602264e-05,1.0716742724180222,0.07763472199440002,1.266605131328106
exponential,35,10000,140,0.0004703341401182115,0.00047598596720490607,0.0004840250986914794,0.0047946353649945695,4.07990810344927e-05,1.1538678333163261,0.07763472199440002,1.3518507480621338
exponential,35,10000,150,0.0004703239246737212,0.0004709481494501233,0.00047872255625393083,0.004780293414140131,3.971950718550943e-05,1.2368812337517738,0.07763472199440002,1.43799439817667
exponential,35,10000,160,0.0004653878277167678,0.0004671852948376909,0.0004740317218966889,0.004765994363639661,3.946619835915044e-05,1.3192106038331985,0.07763472199440002,1.5233464762568474
exponential,35,10000,170,0.000459040398709476,0.000463440825114958,0.00046975346291109536,0.004751738085167494,3.94156995753292e-05,1.4017622098326683,0.07763472199440002,1.608930379152298
exponential,35,10000,180,0.0004571745521388948,0.00046013511891942473,0.00046579795593328896,0.004737524450781823,3.93065856769681e-05,1.4842321425676346,0.07763472199440002,1.6944890469312668
exponential,35,10000,190,0.00045241933548823,0.00045783452806062995,0.00046245420272758965,0.004723353332923544,3.9101705624489114e-05,1.5663693100214005,0.07763472199440002,1.77962127327919
exponential,35,10000,200,0.0004577404470182955,0.0004549011617200449,0.00045945974228767095,0.0047092246044151105,3.836676478385925e-05,1.6486998498439789,0.11586111038923264,1.8649593740701675
exponential,35,10000,210,0.00044981384417042136,0.00045254579745233057,0.00045663766646062364,0.004695138138459401,3.836123869405128e-05,1.7310342565178871,0.11586111038923264,2.0338406562805176
exponential,35,10000,220,0.000448877748567611,0.0004508794314460829,0.0004542609718851241,0.0046810938086385735,3.912634929292835e-05,1.8132754862308502,0.11586111038923264,2.1191466450691223
exponential,35,10000,230,0.00044543168041855097,0.0004481996642425656,0.0004517821910960598,0.004667091488912934,3.8914182368898764e-05,1.8953987881541252,0.11586111038923264,2.204292804002762
exponential,35,10000,240,0.00044293724931776524,0.00044764904014300556,0.00045003896440030857,0.004653131053619805,3.8294547266559675e-05,1.9778931885957718,0.11586111038923264,2.289790838956833
exponential,35,10000,250,0.00043952249689027667,0.00044518752256408336,0.0004480487766316118,0.004639212377472395,3.86401115974877e-05,2.060418911278248,0.11586111038923264,2.3753722831606865
exponential,35,10000,260,0.00044831831473857164,0.00044401014456525446,0.0004464629364821331,0.004625335335558678,3.764592111110687e-05,2.142677091062069,0.11586111038923264,2.4606533274054527
exponential,35,10000,270,0.00044420361518859863,0.0004428048036061227,0.0004450392955842252,0.0046114998033402734,3.796017699642107e-05,2.225290521979332,0.11586111038923264,2.5463054701685905
exponential,35,10000,280,0.00044045576942153275,0.0004414408467710018,0.00044349768990978045,0.004597705656651324,3.864690370392054e-05,2.307361900806427,0.11586111038923264,2.631437622010708
exponential,35,10000,290,0.0004400211328174919,0.00044053333112969995,0.00044224706340055645,0.004583952771697383,3.8606158341281116e-05,2.389996513724327,0.11586111038923264,2.71710953861475
exponential,35,10000,300,0.00043596618343144655,0.0004403296246891841,0.00044147155088072236,0.004570241025054304,3.7969090044498444e-05,2.4721275940537453,0.1539582908153534,2.802297979593277
exponential,35,10000,310,0.00043581792851909995,0.0004363071464467794,0.0004394195932477455,0.004556570293667132,3.796126475208439e-05,2.5546312108635902,0.1539582908153534,2.9719301387667656
exponential,35,10000,320,0.0004353172262199223,0.00043658136564772576,0.0004382718793457404,0.004542940454849004,3.8053287426009774e-05,2.6366817355155945,0.1539582908153534,3.0570154264569283
exponential,35,10000,330,0.0004363250045571476,0.00043555389565881343,0.00043715640012796636,0.004529351386280039,3.709755765157752e-05,2.7195635363459587,0.1539582908153534,3.1429828479886055
exponential,35,10000,340,0.00043210116564296186,0.00043473914556670936,0.0004361325837946082,0.004515802966006251,3.751357508008368e-05,2.801904119551182,0.1539582908153534,3.228393316268921
exponential,35,10000,350,0.00043549417750909925,0.00043477126746438444,0.00043563394116843295,0.004502295072438444,3.782119165407494e-05,2.8844021037220955,0.1539582908153534,3.313888229429722
exponential,35,10000,360,0.0004289303324185312,0.000430600912659429,0.0004336121676367517,0.004488827584351126,3.810970520135015e-05,2.9670681580901146,0.1539582908153534,3.3996493220329285
exponential,35,10000,370,0.0004257835098542273,0.0004292546713259071,0.0004318044622416976,0.004475400380881423,3.759325772989541e-05,3.049164317548275,0.1539582908153534,3.484803721308708
exponential,35,10000,380,0.00043013281538151205,0.0004308228875743225,0.0004313855227533976,0.004462013341527991,3.7163747037993744e-05,3.1319293826818466,0.1539582908153534,3.570644497871399
exponential,35,10000,390,0.0004306737973820418,0.00043123335344716904,0.0004312946738671382,0.004448666346149935,3.7580837670248e-05,3.2144163697957993,0.1539582908153534,3.656175822019577
exponential,35,10000,400,0.0004313209792599082,0.00042860833636950704,0.0004302846719027766,0.004435359274965732,3.672141247079708e-05,3.2969333454966545,0.19223251193761826,3.741777740418911
exponential,35,10000,410,0.00042797395144589245,0.0004269755765562877,0.0004289482609005061,0.004422092008552156,3.71144778910093e-05,3.3795236870646477,0.19223251193761826,3.911520503461361
exponential,35,10000,420,0.0004263001901563257,0.00042681054037529975,0.00042808652091250106,0.004408864427843204,3.723906047525816e-05,3.4622931331396103,0.19223251193761826,3.9973648115992546
exponential,35,10000,430,0.0004226906457915902,0.0004262617294443771,0.00042725367110841753,0.004395676414129029,3.663486859295517e-05,3.544422373175621,0.19223251193761826,4.082609117031097
exponential,35,10000,440,0.00042474217480048537,0.0004247596050845459,0.00042620652548160706,0.004382527849054877,3.6966441257391125e-05,3.627014271914959,0.19223251193761826,4.168258808553219
exponential,35,10000,450,0.0004224960575811565,0.000422932070796378,0.0004248325885844586,0.004369418614620022,3.697929787449539e-05,3.709541067481041,0.19223251193761826,4.253886438906193
exponential,35,10000,460,0.0004267607582733035,0.00042561078735161575,0.00042515183506608336,0.004356348593176708,3.6871784686809406e-05,3.791806071996689,0.19223251193761826,4.3392418548464775
exponential,35,10000,470,0.0004251480277162045,0.0004239899746607989,0.0004246281486082953,0.00434331766742909,3.7223526305751875e-05,3.8745939061045647,0.19223251193761826,4.425075724720955
exponential,35,10000,480,0.0004255316162016243,0.0004216463974444196,0.0004234125470926561,0.0043303257204321864,3.70441994164139e-05,3.957077868282795,0.19223251193761826,4.510645188391209
exponential,35,10000,490,0.00042363209649920464,0.00042297278705518695,0.00042321442043624066,0.004317372635590828,3.664359246613458e-05,4.040062323212624,0.19223251193761826,4.596759021282196
exponential,35,10000,500,0.0004188181774225086,0.00042067978356499227,0.00042216916154071404,0.004304458296658609,3.7359073758125305e-05,4.122382640838623,0.23029422760009766,4.682130873203278
exponential,35,10000,510,0.00042277027387171984,0.0004220104543492198,0.0004220660226726511,0.004291582587736844,3.663039387902245e-05,4.204769738018513,0.23029422760009766,4.851668395102024
exponential,35,10000,520,0.0004213904612697661,0.00042042009881697594,0.0004213813185417978,0.004278745393273536,3.631563959061168e-05,4.2868965938687325,0.23029422760009766,4.936853587627411
exponential,35,10000,530,0.0004207500023767352,0.00042038786050397904,0.0004209468137822484,0.004265946598062328,3.6330118746263906e-05,4.369681134819984,0.23029422760009766,5.02273952960968
exponential,35,10000,540,0.00041983634582720697,0.00041996670770458875,0.00042049768385951435,0.004253186087241471,3.647309131338261e-05,4.45180281996727,0.23029422760009766,5.107908345758915
exponential,35,10000,550,0.0004193112254142761,0.00041871808643918486,0.000419834068409634,0.004240463746292802,3.6313445889391005e-05,4.534275099635124,0.23029422760009766,5.193413890898228
exponential,35,10000,560,0.00041890813736245036,0.00041916872141882776,0.0004195148555370562,0.004227779461040709,3.6233050195733085e-05,4.6166806146502495,0.23029422760009766,5.278914026916027
exponential,35,10000,570,0.0004221597337163985,0.00041928572463802995,0.0004194357390877167,0.004215133117651106,3.637449844973162e-05,4.6989761069417,0.23029422760009766,5.36430586129427
exponential,35,10000,580,0.00041803409112617373,0.000417140094214119,0.00041856461834425304,0.0042025246026304135,3.629716957220808e-05,4.781873844563961,0.23029422760009766,5.450249545276165
exponential,35,10000,590,0.00041318091098219156,0.0004169167601503432,0.00041786721564935546,0.004189953802824543,3.652757004601881e-05,4.863799639046192,0.23029422760009766,5.535187765955925
exponential,35,10000,600,0.0004167696461081505,0.0004164316924288869,0.0004173359488795468,0.0041774206054178715,3.6201126931700855e-05,4.94636557996273,0.26842639595270157,5.620831534266472
exponential,35,10000,610,0.0004169193853158504,0.0004145048791542649,0.0004162495420322134,0.004164924897932241,3.597401882871054e-05,5.02878150343895,0.26842639595270157,5.790309727191925
exponential,35,10000,620,0.00041600613621994853,0.0004155841248575598,0.00041597560307081346,0.004152466568225943,3.66837703040801e-05,5.111391201615334,0.26842639595270157,5.875945128500462
exponential,35,10000,630,0.00041566978325136006,0.0004138253047131002,0.0004151230339254065,0.004140045504492714,3.5908742574974895e-05,5.193451642990112,0.26842639595270157,5.961021549999714
exponential,35,10000,640,0.0004131879541091621,0.0004145529674133286,0.00041487872789420724,0.004127661595260723,3.624145392677747e-05,5.275508917868137,0.26842639595270157,6.046071402728558
exponential,35,10000,650,0.0004137944197282195,0.00041460125357843934,0.0004146958460342828,0.004115314729391591,3.627213664003648e-05,5.357681259512901,0.26842639595270157,6.131268583238125
exponential,35,10000,660,0.00041258230339735746,0.00041449560376349837,0.0004147065819286312,0.004103004796079372,3.638453927123919e-05,5.439900241792202,0.26842639595270157,6.216550529003143
exponential,35,10000,670,0.0004152331384830177,0.00041459672211203725,0.00041466408662869133,0.004090731684849575,3.581422788556665e-05,5.5220687463879585,0.26842639595270157,6.301755964756012
exponential,35,10000,680,0.000415787217207253,0.0004145181243075058,0.00041461358062901404,0.00407849528555816,3.639178612502292e-05,5.604396373033524,0.26842639595270157,6.387205317616463
exponential,35,10000,690,0.00040973618160933256,0.00041174046928063037,0.00041342146779710403,0.004066295488390559,3.606899917940609e-05,5.686732724308968,0.26842639595270157,6.47257723659277
exponential,35,10000,700,0.0004157900111749768,0.0004127638909267262,0.0004131854904045106,0.004054132183860687,3.5346587537787855e-05,5.769735366106033,0.30688871443271637,6.558681048452854
exponential,35,10000,710,0.0004117134085390717,0.0004114927403861657,0.0004125132541376857,0.004042005262809958,3.608253973652609e-05,5.852086052298546,0.30688871443271637,6.7283723801374435
exponential,35,10000,720,0.0004106272535864264,0.00041077378264162687,0.0004118650585593777,0.0040299146164063035,3.586517050280236e-05,5.934247151017189,0.30688871443271637,6.813580013811588
exponential,35,10000,730,0.0004121986567042768,0.00041299054282717407,0.0004122858807374013,0.004017860136143204,3.573247522581369e-05,6.016741439700127,0.30688871443271637,6.89912748336792
exponential,35,10000,740,0.0004147948347963393,0.0004120960278669372,0.00041220735568806536,0.004005841713838707,3.5300377930980176e-05,6.099478393793106,0.30688871443271637,6.984960220754147
exponential,35,10000,750,0.0004082928935531527,0.000411166506819427,0.00041180175589698785,0.003993859241634461,3.556053343345411e-05,6.181586630642414,0.30688871443271637,7.070084556937218
exponential,35,10000,760,0.00040891868411563337,0.0004101311962585896,0.0004111283037735222,0.003981912611994746,3.542855483829044e-05,6.264390371739864,0.30688871443271637,7.155974328517914
exponential,35,10000,770,0.00041295806295238435,0.00040972410643007605,0.000410608361603542,0.003970001717705508,3.509656380629167e-05,6.346666753292084,0.30688871443271637,7.241347752511501
exponential,35,10000,780,0.0004093041061423719,0.000409816051251255,0.0004103407899835545,0.003958126451873392,3.558702883310616e-05,6.429051697254181,0.30688871443271637,7.32677636295557
exponential,35,10000,790,0.00040901871398091316,0.0004098531528143212,0.00041018275808868003,0.003946286707924794,3.576989547582343e-05,6.511437654495239,0.30688871443271637,7.412262938916683
exponential,35,10000,800,0.0004129605367779732,0.00040914291166700424,0.00040979249963541217,0.003934482379604897,3.524070052662864e-05,6.593503154814243,0.34537384659051895,7.497359700500965
exponential,35,10000,810,0.00040539802284911275,0.00040850903606042265,0.00040924788100265116,0.003922713360976717,3.6200926842866465e-05,6.675875551998615,0.34537384659051895,7.667577005922794
exponential,35,10000,820,0.00041042655357159674,0.00040882483881432563,0.0004090938576009653,0.003910979546420154,3.4604978282004595e-05,6.758619889616966,0.34537384659051895,7.753397285938263
exponential,35,10000,830,0.00040931912371888757,0.000409012584714219,0.00040909987783618645,0.0038992808306310463,3.516006108839065e-05,6.841157130897045,0.34537384659051895,7.83899811655283
exponential,35,10000,840,0.0004086769768036902,0.000408874693675898,0.0004089835071957442,0.003887617108620221,3.528508750605397e-05,6.923476375639439,0.34537384659051895,7.9243373945355415
exponential,35,10000,850,0.00040688784793019295,0.00040894749690778553,0.00040891053924555263,0.0038759882757125543,3.515405114740133e-05,7.006106272339821,0.34537384659051895,8.010065272450447
exponential,35,10000,860,0.00040775854722596705,0.0004087613779120147,0.0004088160878198902,0.0038643942275460334,3.516038123052567e-05,7.088208682835102,0.34537384659051895,8.09521309286356
exponential,35,10000,870,0.0004084985121153295,0.0004089165449840948,0.00040883513964277816,0.003852834860070815,3.586133607313968e-05,7.1707949712872505,0.34537384659051895,8.180835723876953
exponential,35,10000,880,0.00040985451778396964,0.0004070357041200623,0.000408141881474657,0.0038413100695483,3.470197771093808e-05,7.252741187810898,0.34537384659051895,8.265878468751907
exponential,35,10000,890,0.0004087086417712271,0.000407329568406567,0.0004078551342070046,0.0038298197525501922,3.556149749783799e-05,7.335083939135075,0.34537384659051895,8.351284936070442
exponential,35,10000,900,0.0004077151825185865,0.00040733603527769445,0.0004076716910024975,0.0038183638059575784,3.475593257462606e-05,7.41789223998785,0.38339442014694214,8.437166757881641
exponential,35,10000,910,0.00040441640885546803,0.0004077314020833001,0.00040770017236087616,0.0038069421269599987,3.50315822288394e-05,7.500085428357124,0.38339442014694214,8.606624104082584
exponential,35,10000,920,0.0004041253123432398,0.00040773031942080705,0.0004076477652761975,0.003795554613054524,3.5101424145977944e-05,7.5820587277412415,0.38339442014694214,8.691637054085732
exponential,35,10000,930,0.0004059186903759837,0.0004066544905072078,0.0004072071891786753,0.0037842011620448385,3.525224747136235e-05,7.664732351899147,0.38339442014694214,8.777387782931328
exponential,35,10000,940,0.000406862236559391,0.0004059221886564046,0.00040670229225086527,0.0037728816720403215,3.4773649531416595e-05,7.747496455907822,0.38339442014694214,8.863210305571556
exponential,35,10000,950,0.0004066750407218933,0.00040471838437952103,0.00040599003605095325,0.003761596041455131,3.496426870697178e-05,7.829664245247841,0.38339442014694214,8.948436617851257
exponential,35,10000,960,0.00040560594061389565,0.00040510529943276196,0.0004056743791162581,0.0037503441690072943,3.5160592233296484e-05,7.912464193999767,0.38339442014694214,9.034425593912601
exponential,35,10000,970,0.00040421736775897443,0.0004053427750477567,0.00040554501312847465,0.0037391259537177994,3.4862750908359885e-05,7.99462815374136,0.38339442014694214,9.11963675916195
exponential,35,10000,980,0.00040351093048229814,0.0004048030008561909,0.0004052240698243241,0.003727941294909686,3.5116358048981056e-05,8.077471747994423,0.38339442014694214,9.20559474080801
exponential,35,10000,990,0.0004066627298016101,0.00040557899337727575,0.00040535829336003486,0.003716790092207144,3.482860847725533e-05,8.159907966852188,0.38339442014694214,9.291147708892822
exponential,35,10000,1000,0.0004047200782224536,0.00040465471101924777,0.000405079288763182,0.003705672245534613,3.557359741535038e-05,8.242621071636677,0.421538271009922,9.376962423324585
exponential,35,10000,1010,0.0004046817193739116,0.00040420329314656557,0.0004047635386079615,0.0036945876551158843,3.486029163468629e-05,8.32508660852909,0.421538271009922,9.602901130914688
exponential,35,10000,1020,0.00040375639218837023,0.0004047881957376376,0.0004047715691593366,0.0036835362214732038,3.5227065382059664e-05,8.407322824001312,0.421538271009922,9.688186466693878
exponential,35,10000,1030,0.0004084085812792182,0.0004039650346385315,0.00040447891789805796,0.003672517845426378,3.437780469539575e-05,8.489529252052307,0.421538271009922,9.773406818509102
exponential,35,10000,1040,0.0004060895589645952,0.0004041037522256374,0.00040437136579462435,0.003661532428091891,3.456781996646896e-05,8.571713030338287,0.421538271009922,9.858640469610691
exponential,35,10000,1050,0.000404432910727337,0.0004038411017972976,0.00040412608839662204,0.003650579870882008,3.4522319765528664e-05,8.65381620079279,0.421538271009922,9.943761825561523
exponential,35,10000,1060,0.00040045715286396444,0.0004036840226035565,0.0004038532310993587,0.0036396600755038973,3.481145540717989e-05,8.736119575798512,0.421538271009922,10.02917855978012
exponential,35,10000,1070,0.00040447042556479573,0.0004029631381854415,0.0004035650276467646,0.0036287729439587434,3.452081364230253e-05,8.818798445165157,0.421538271009922,10.114975072443485
exponential,35,10000,1080,0.0004021445638500154,0.0004036947910208255,0.00040352797114268546,0.0036179183785408713,3.4434870030963793e-05,8.901161514222622,0.421538271009922,10.200397118926048
exponential,35,10000,1090,0.0004046412359457463,0.00040150225977413355,0.0004027704329594939,0.003607096281836868,3.4308875910937786e-05,8.983863696455956,0.421538271009922,10.286157242953777
exponential,35,10000,1100,0.00040202063973993063,0.00040429712098557504,0.00040343156097965644,0.003596306556724708,3.4654913179110736e-05,9.06651572138071,0.45974571257829666,10.37192751467228
exponential,35,10000,1110,0.0004010834963992238,0.0004038955725263804,0.0004035710069983947,0.003585549106372881,3.427183037274517e-05,9.14881482720375,0.45974571257829666,10.549237884581089
exponential,35,10000,1120,0.0004026505339425057,0.0004037648148369044,0.00040365085541173296,0.0035748238342395247,3.528078377712518e-05,9.23097389191389,0.45974571257829666,10.63441364467144
exponential,35,10000,1130,0.0004014583246316761,0.00040315653895959256,0.00040338585209298664,0.003564130644071559,3.499878948787227e-05,9.313438929617405,0.45974571257829666,10.719917885959148
exponential,35,10000,1140,0.00040162893128581345,0.0004036037775222212,0.0004035371276985107,0.003553469439903819,3.437857958488166e-05,9.396005354821682,0.45974571257829666,10.805506363511086
exponential,35,10000,1150,0.0003997843014076352,0.00040229851729236545,0.00040300855426674513,0.0035428401260581954,3.427931369515136e-05,9.478255048394203,0.45974571257829666,10.890756964683533
exponential,35,10000,1160,0.000399262789869681,0.000403038298827596,0.0004029938322161874,0.003532242607142777,3.4878663427662104e-05,9.560839682817459,0.45974571257829666,10.976377472281456
exponential,35,10000,1170,0.00039968895725905895,0.00040158493211492894,0.00040240412579352705,0.0035216767880509943,3.412318619666621e-05,9.642959743738174,0.45974571257829666,11.061489298939705
exponential,35,10000,1180,0.00040378246922045946,0.000400576667743735,0.0004016928473181951,0.003511142573960763,3.413905142224394e-05,9.725744873285294,0.45974571257829666,11.147302076220512
exponential,35,10000,1190,0.00040588254341855645,0.0004016163060441613,0.00040175277295151737,0.003500639870333637,3.41117920470424e-05,9.807991057634354,0.45974571257829666,11.232617884874344
exponential,35,10000,1200,0.00040197878843173385,0.0004020282183773816,0.00040190849326747263,0.0034901685829139585,3.422990994295105e-05,9.89015344530344,0.49812201410532,11.317785896360874
exponential,35,10000,1210,0.0004005674854852259,0.00040141145582310854,0.00040164762555266217,0.0034797286177280103,3.435156759223901e-05,9.972453489899635,0.49812201410532,11.488091208040714
exponential,35,10000,1220,0.0003992076963186264,0.0004012230405351147,0.0004014116367202867,0.0034693198810831754,3.425794784561731e-05,10.055139347910881,0.49812201410532,11.57383731007576
exponential,35,10000,1230,0.0004018049221485853,0.0004016336490167305,0.0004015126868944657,0.003458942279567094,3.396063402760774e-05,10.137338601052761,0.49812201410532,11.659058660268784
exponential,35,10000,1240,0.00040198967326432467,0.00040054869023151694,0.0004011153316344881,0.003448595720046826,3.381257192813791e-05,10.219877623021603,0.49812201410532,11.744579829275608
exponential,35,10000,1250,0.00040286610601469874,0.00040106925298459827,0.0004011786203923555,0.003438280109668018,3.396345709916204e-05,10.302344664931297,0.49812201410532,11.8301145657897
exponential,35,10000,1260,0.00040460663149133325,0.0004019867745228112,0.0004014699240726877,0.003427995355854062,3.391502468730323e-05,10.384368553757668,0.49812201410532,11.91514877974987
exponential,35,10000,1270,0.0003951155231334269,0.0004002277011750266,0.00040089262618014275,0.003417741366305273,3.4643981052795425e-05,10.467123880982399,0.49812201410532,12.00091714411974
exponential,35,10000,1280,0.00039728698902763426,0.00040184760582633315,0.00040122593895572714,0.003407518048998058,3.410218778299168e-05,10.549181140959263,0.49812201410532,12.085986137390137
exponential,35,10000,1290,0.000401164434151724,0.00039950502396095543,0.0004005885978160851,0.003397325312184087,3.360381742822938e-05,10.631071671843529,0.49812201410532,12.17092065513134
exponential,35,10000,1300,0.000402244389988482,0.0004023670277092606,0.00040127789744624277,0.0033871630643894737,3.3789277949836105e-05,10.71297848969698,0.5360058918595314,12.25584339350462
exponential,35,10000,1310,0.00039981279405765235,0.00039949689817149193,0.00040054748774504543,0.003377031214413954,3.404949893592857e-05,10.795254796743393,0.5360058918595314,12.425333365797997
exponential,35,10000,1320,0.00039837165968492627,0.00039999890141189097,0.0004003148636035832,0.0033669296713300647,3.3795720810303465e-05,10.877369716763496,0.5360058918595314,12.51049616932869
exponential,35,10000,1330,0.00039638305315747857,0.00039897530805319545,0.0003998024232927042,0.0033568583444823297,3.409065175219439e-05,10.959978856146336,0.5360058918595314,12.5961277410388
exponential,35,10000,1340,0.0003991020785178989,0.00040068314119707794,0.0004001660959578273,0.0033468171434864464,3.3766049455152825e-05,11.04231495410204,0.5360058918595314,12.681468658149242
exponential,35,10000,1350,0.000397473486373201,0.0003994881524704397,0.000399924501457703,0.0033368059782284743,3.378064138814807e-05,11.124453820288181,0.5360058918595314,12.766578085720539
exponential,35,10000,1360,0.0003998936153948307,0.0004001635912572965,0.00040001452193142725,0.003326824758864026,3.381321585038677e-05,11.206754453480244,0.5360058918595314,12.851945340633392
exponential,35,10000,1370,0.0003989097895100713,0.0003993384394561872,0.0003997254368110599,0.003316873395817461,3.3515119866933674e-05,11.288545280694962,0.5360058918595314,12.936715096235275
exponential,35,10000,1380,0.0004011908022221178,0.00039955832762643694,0.0003996562157000024,0.003306951799781081,3.3610638638492674e-05,11.37119760364294,0.5360058918595314,13.022350572049618
exponential,35,10000,1390,0.0003976341395173222,0.0003995058155851439,0.0003995467276094323,0.0032970598817143324,3.399610432097688e-05,11.453029282391071,0.5360058918595314,13.107151664793491
exponential,35,10000,1400,0.0003987718955613673,0.0003989561984781176,0.0003993324573132116,0.0032871975528430014,3.31370611093007e-05,11.534981571137905,0.5739924982190132,13.192063130438328
exponential,35,10000,1410,0.0004017390892840922,0.0003991731413407251,0.0003992397996704229,0.0032773647246584197,3.327695594634861e-05,11.617162838578224,0.5739924982190132,13.365772597491741
exponential,35,10000,1420,0.0003975634463131428,0.00039860867254901675,0.00039891599691111563,0.003267561308916673,3.393026418052614e-05,11.699141725897789,0.5739924982190132,13.450726673007011
exponential,35,10000,1430,0.0004015993617940694,0.0003989225544501096,0.0003989511864823906,0.0032577872176378034,3.3007614547386765e-05,11.781219266355038,0.5739924982190132,13.535774059593678
exponential,35,10000,1440,0.0003971249971073121,0.000398292820318602,0.00039871865901392416,0.003248042363105026,3.359201946295798e-05,11.86323843151331,0.5739924982190132,13.620769821107388
exponential,35,10000,1450,0.00039444700814783573,0.00039796507044229654,0.0003983208166355908,0.003238326657863936,3.351333361933939e-05,11.945913344621658,0.5739924982190132,13.706469543278217
exponential,35,10000,1460,0.00040192549931816757,0.0003974068007664755,0.0003979441262173316,0.003228640014721729,3.2895557524170727e-05,12.027911134064198,0.5739924982190132,13.791419342160225
exponential,35,10000,1470,0.0003987121453974396,0.0003986165364040062,0.0003981915679658556,0.003218982346746415,3.305575955891982e-05,12.110127314925194,0.5739924982190132,13.876613788306713
exponential,35,10000,1480,0.00039783352985978127,0.0003972298727603629,0.00039777459031676904,0.0032093535672660387,3.323133569210768e-05,12.192165166139603,0.5739924982190132,13.961612597107887
exponential,35,10000,1490,0.0004011860000900924,0.00039640516915824265,0.0003972132581063217,0.003199753589867903,3.2877058401936665e-05,12.27423345297575,0.5739924982190132,14.046613797545433
exponential,35,10000,1500,0.00039062733412720263,0.0003969363053329289,0.0003970665026743408,0.003190182328397792,3.3736301702447236e-05,12.356722474098206,0.6120428293943405,14.132080376148224
exponential,35,10000,1510,0.0003997432650066912,0.0003981342975748703,0.00039754731690225904,0.0031806396969592003,3.340056355227716e-05,12.438906893134117,0.6120428293943405,14.305763751268387
exponential,35,10000,1520,0.000399142736569047,0.00039806741988286377,0.0003978145949852706,0.003171125609912558,3.344127981108613e-05,12.520946681499481,0.6120428293943405,14.390783451497555
exponential,35,10000,1530,0.00039989929064176977,0.00039763906970620156,0.00039776469600684,0.0031616399818744667,3.317778100608848e-05,12.603260286152363,0.6120428293943405,14.476112872362137
exponential,35,10000,1540,0.0003966227232012898,0.0003991368255810812,0.00039825802262526377,0.0031521827277169287,3.3049032936105505e-05,12.685701861977577,0.6120428293943405,14.561532810330391
exponential,35,10000,1550,0.0003977952874265611,0.0003961108304793015,0.00039739529193914553,0.003142753762566588,3.2988875318551436e-05,12.767753660678864,0.6120428293943405,14.64654365926981
exponential,35,10000,1560,0.00040175954927690327,0.0003962194488849491,0.000396984304145298,0.003133353001803963,3.2669158827047795e-05,12.85039984434843,0.6120428293943405,14.732204973697662
exponential,35,10000,1570,0.00039638913585804403,0.0003975171159254387,0.00039724534798052445,0.0031239803610626925,3.30410293827299e-05,12.932500258088112,0.6120428293943405,14.81729370355606
exponential,35,10000,1580,0.00039743667002767324,0.000397590157808736,0.00039737480892653766,0.003114635756228776,3.283755722804926e-05,13.014833264052868,0.6120428293943405,14.902584008872509
exponential,35,10000,1590,0.0003994596772827208,0.0003983994596637785,0.0003978054978303038,0.003105319103439818,3.303255289210938e-05,13.097065165638924,0.6120428293943405,14.987832218408585
exponential,35,10000,1600,0.0003949588572140783,0.00039724515518173574,0.00039751173403885246,0.0030960303190842773,3.306369035271928e-05,13.17903459072113,0.650299035012722,15.07278623431921
exponential,35,10000,1610,0.0003966741496697068,0.00039612541440874337,0.00039696704019602297,0.003086769319800714,3.296612703707069e-05,13.26110127568245,0.650299035012722,15.242706313729286
exponential,35,10000,1620,0.00039857279625721276,0.00039624036580789836,0.000396672060288277,0.0030775360224770446,3.287100116722286e-05,13.343454211950302,0.650299035012722,15.328050158917904
exponential,35,10000,1630,0.0003942294279113412,0.0003951377526391298,0.0003960197880839763,0.003068330344249795,3.279096927144565e-05,13.42563033849001,0.650299035012722,15.413251787424088
exponential,35,10000,1640,0.00039310703868977726,0.0003954665473429486,0.00039572580043215267,0.0030591522025033555,3.28161331708543e-05,13.507659614086151,0.650299035012722,15.498232036828995
exponential,35,10000,1650,0.00040050846291705966,0.00039563493337482216,0.0003957342033085292,0.0030500015148692394,3.261530218878761e-05,13.5905337408185,0.650299035012722,15.584156297147274
exponential,35,10000,1660,0.0003942684852518141,0.00039542532758787277,0.0003956343409064174,0.0030408781992253458,3.290449967607856e-05,13.672711417078972,0.650299035012722,15.669355221092701
exponential,35,10000,1670,0.00039300520438700914,0.00039585395716130735,0.00039567187461282466,0.0030317821736952216,3.259876393713057e-05,13.755215644836426,0.650299035012722,15.754862919449806
exponential,35,10000,1680,0.00039593077963218093,0.0003955326392315328,0.00039565574366391443,0.0030227133566473265,3.269947410444729e-05,13.837535001337528,0.650299035012722,15.840194940567017
exponential,35,10000,1690,0.0003966680960729718,0.0003961115056881681,0.0003958248621630237,0.003013671666694301,3.284395643277094e-05,13.919745333492756,0.650299035012722,15.925389237701893
exponential,35,10000,1700,0.0003949294041376561,0.0003962901420891285,0.00039596821966509375,0.003004657022692234,3.2859847124200314e-05,14.002102009952068,0.6882464662194252,16.0107511729002
exponential,35,10000,1710,0.00039019668474793434,0.00039431195764336733,0.00039525489529036793,0.0029956693437399374,3.3461117709521204e-05,14.08401756733656,0.6882464662194252,16.180174104869366
exponential,35,10000,1720,0.0003936989523936063,0.0003962521819630638,0.00039561624336790455,0.002986708549178218,3.2473781175212935e-05,14.16578559577465,0.6882464662194252,16.264936365187168
exponential,35,10000,1730,0.0003933215339202434,0.0003945249889511615,0.0003951454893566695,0.0029777745585891553,3.267056672484614e-05,14.248196244239807,0.6882464662194252,16.35031332820654
exponential,35,10000,1740,0.00039846476283855736,0.00039418201486114414,0.000394749989810184,0.0029688672917953783,3.256700074416585e-05,14.330696396529675,0.6882464662194252,16.435789853334427
exponential,35,10000,1750,0.00039331219159066677,0.00039530569047201424,0.0003950029475943115,0.0029599866688593468,3.276857387390919e-05,14.413034826517105,0.6882464662194252,16.52112378180027
exponential,35,10000,1760,0.0003927801735699177,0.0003941141825634986,0.0003946144824395203,0.002951132610082632,3.29948597936891e-05,14.49594447016716,0.6882464662194252,16.607147239148617
exponential,35,10000,1770,0.00039303902303799987,0.000396439791074954,0.00039528878154381625,0.0029423050360052046,3.2743173505878076e-05,14.578934028744698,0.6882464662194252,16.69312334060669
exponential,35,10000,1780,0.00039365459815599024,0.0003955278778448701,0.0003953636763458498,0.0029335038674047215,3.277432915638201e-05,14.661034643650055,0.6882464662194252,16.77821446210146
exponential,35,10000,1790,0.0003956282162107527,0.0003947549208533019,0.0003951947072141174,0.0029247290252958106,3.219523568986915e-05,14.743531607091427,0.6882464662194252,16.863693825900555
exponential,35,10000,1800,0.0003930111706722528,0.0003929790225811303,0.0003942809252117522,0.0029159804309293667,3.2535273930989206e-05,14.825345173478127,0.7264106497168541,16.94845513254404
exponential,35,10000,1810,0.0003943083866033703,0.0003945526812458411,0.0003943693689622986,0.0029072580057918416,3.256186391809024e-05,14.907658837735653,0.7264106497168541,17.118721783161163
exponential,35,10000,1820,0.00039631733670830727,0.00039525922620669006,0.000394749679367349,0.0028985616716045407,3.2404768717242405e-05,14.990257978439331,0.7264106497168541,17.204299189150333
exponential,35,10000,1830,0.00039423280395567417,0.00039484275912400336,0.00039477260921693986,0.0028898913503229216,3.20815815939568e-05,15.07270360738039,0.7264106497168541,17.28973776847124
exponential,35,10000,1840,0.0003940702590625733,0.0003949605772504583,0.0003947618316843042,0.0028812469641358923,3.2650634238962084e-05,15.15448097884655,0.7264106497168541,17.374492146074772
exponential,35,10000,1850,0.00039496785029768944,0.00039479086990468204,0.0003948125299979348,0.0028726284354651127,3.23788590321783e-05,15.236465469002724,0.7264106497168541,17.45942498743534
exponential,35,10000,1860,0.000399094948079437,0.00039451154589187354,0.00039476016921471735,0.002864035686964299,3.1920520996209234e-05,15.318457245826721,0.7264106497168541,17.544361770153046
exponential,35,10000,1870,0.0003938923473469913,0.00039426939329132436,0.0003945892023994042,0.002855468641518529,3.2055781048256904e-05,15.400419369339943,0.7264106497168541,17.629274301230907
exponential,35,10000,1880,0.00039491220377385616,0.00039390267338603737,0.0003943194723084718,0.0028469272222435525,3.205673783668317e-05,15.482453495264053,0.7264106497168541,17.714315369725227
exponential,35,10000,1890,0.0003923717304132879,0.00039429336320608856,0.00039431146157857506,0.0028384113524850966,3.252690294175409e-05,15.564447417855263,0.7264106497168541,17.79925487190485
exponential,35,10000,1900,0.0003922957694157958,0.00039408729062415657,0.00039417124337263456,0.0028299209558181808,3.172802462358959e-05,15.647115975618362,0.7645105570554733,17.884918347001076
exponential,35,10000,1910,0.00039421484689228237,0.0003945273900171742,0.0003943483453768615,0.0028214559560464326,3.210657450836152e-05,15.729507111012936,0.7645105570554733,18.055195041000843
exponential,35,10000,1920,0.000395205948734656,0.0003945294884033501,0.00039443486245176965,0.002813016277201401,3.186144749633968e-05,15.81208299845457,0.7645105570554733,18.140781931579113
exponential,35,10000,1930,0.00039496348472312093,0.00039380293455906214,0.0003942145495344897,0.0028046018435418756,3.208661655662581e-05,15.894267216324806,0.7645105570554733,18.22595302760601
exponential,35,10000,1940,0.00039413064951077104,0.00039382170361932365,0.00039406593520567633,0.0027962125795532064,3.214187017874792e-05,15.977011449635029,0.7645105570554733,18.311687938869
exponential,35,10000,1950,0.0003943695919588208,0.00039352430030703545,0.00039380897394200804,0.002787848409946627,3.163979999953881e-05,16.059094704687595,0.7645105570554733,18.3967512100935
exponential,35,10000,1960,0.0003955150314141065,0.00039465747540816664,0.00039412030369627443,0.0027795092596585784,3.198709964635782e-05,16.14149707555771,0.7645105570554733,18.482130356132984
exponential,35,10000,1970,0.00039395299972966313,0.00039303335652220996,0.0003936876304321019,0.0027711950538500353,3.2004380045691505e-05,16.223975613713264,0.7645105570554733,18.567593909800053
exponential,35,10000,1980,0.0003972005797550082,0.00039448847819585354,0.00039401026885181226,0.002762905717905835,3.2193289371207356e-05,16.30614161491394,0.7645105570554733,18.65272668004036
exponential,35,10000,1990,0.000391433946788311,0.0003928148449631408,0.0003934767409133293,0.002754641177434007,3.2254985853796825e-05,16.389081120491028,0.7645105570554733,18.738661132752895
exponential,35,10000,2000,0.0003960716421715915,0.00039387926226481796,0.0003936868337583693,0.0027464013582651063,3.2025945984059945e-05,16.47124907374382,0.8024900704622269,18.823798961937428
exponential,35,10000,2010,0.000391748093534261,0.00039459478866774587,0.00039403042837050353,0.0027381861864515453,3.2152551284525543e-05,16.553635857999325,0.8024900704622269,19.05353184789419
exponential,35,10000,2020,0.00039297519833780825,0.0003924028860637918,0.0003933738901943172,0.002729995588266936,3.199749335180968e-05,16.636219508945942,0.8024900704622269,19.13912131637335
exponential,35,10000,2030,0.00039230799302458763,0.00039365236589219423,0.00039348236875296226,0.0027218294902054195,3.1899329769657925e-05,16.718260511755943,0.8024900704622269,19.224130794405937
exponential,35,10000,2040,0.00038939600926823914,0.0003932746680220589,0.00039337080734890055,0.002713687818981014,3.212753654224798e-05,16.800839200615883,0.8024900704622269,19.30969887971878
exponential,35,10000,2050,0.00039491025381721556,0.00039287418185267596,0.00039316392444724616,0.0027055705015269554,3.141353590763174e-05,16.883168511092663,0.8024900704622269,19.394999273121357
exponential,35,10000,2060,0.0003945846401620656,0.00039161231543403117,0.00039251803344709146,0.0026974774649950383,3.1629548175260425e-05,16.965261436998844,0.8024900704622269,19.480049215257168
exponential,35,10000,2070,0.0003910232335329056,0.00039247013337444513,0.0003924701197573836,0.002689408636754967,3.185309105901979e-05,17.047823809087276,0.8024900704622269,19.565584905445576
exponential,35,10000,2080,0.00038894216413609684,0.0003925493598217145,0.00039251153812679834,0.0026813639443936978,3.2089843443827704e-05,17.130147591233253,0.8024900704622269,19.650966078042984
exponential,35,10000,2090,0.00039221561746671796,0.00039277120085898785,0.0003926351783757011,0.0026733433157147945,3.1994772143661976e-05,17.212695315480232,0.8024900704622269,19.73656176030636
exponential,35,10000,2100,0.000392932299291715,0.0003929200523998588,0.00039279369638209484,0.002665346678737778,3.1472260161535814e-05,17.295098163187504,0.8405008837580681,19.821965850889683
exponential,35,10000,2110,0.0003949661913793534,0.00039335838227998464,0.0003930553278131259,0.002657373961697482,3.134412327199243e-05,17.377914510667324,0.8405008837580681,20.00110725313425
exponential,35,10000,2120,0.0003896170819643885,0.0003920148796169087,0.00039257684331500453,0.0026494250930434054,3.1303563446272165e-05,17.460128165781498,0.8405008837580681,20.08636000752449
exponential,35,10000,2130,0.00038801226764917374,0.00039101919101085513,0.0003919547474268755,0.0026415000014390743,3.154041769448668e-05,17.542975269258022,0.8405008837580681,20.17224632203579
exponential,35,10000,2140,0.00039154713158495724,0.00039258211909327657,0.0003922093361242564,0.0026335986157614,3.193437441950664e-05,17.625155366957188,0.8405008837580681,20.257433779537678
exponential,35,10000,2150,0.0003907113568857312,0.000392179426853545,0.00039225378369963043,0.002625720865100039,3.13113268930465e-05,17.707711920142174,0.8405008837580681,20.343030855059624
exponential,35,10000,2160,0.0003904959885403514,0.00039127104100771247,0.0003918415269051727,0.002617866678756761,3.149490657960996e-05,17.79034212976694,0.8405008837580681,20.428697921335697
exponential,35,10000,2170,0.0003892673412337899,0.00039275352901313454,0.0003921762078169787,0.0026100359862448077,3.146251037833281e-05,17.872550390660763,0.8405008837580681,20.513920545578003
exponential,35,10000,2180,0.0003904484328813851,0.0003911615553079173,0.00039174575746846597,0.002602228717288269,3.1314444640884176e-05,17.955304346978664,0.8405008837580681,20.59967964142561
exponential,35,10000,2190,0.00039462727727368474,0.0003921337978681549,0.0003918909155986603,0.0025944448018214465,3.114722858299501e-05,18.037385128438473,0.8405008837580681,20.684748716652393
exponential,35,10000,2200,0.00039481872227042913,0.000392415770329535,0.0003921265074714799,0.002586684169988222,3.112301419605501e-05,18.119808040559292,0.8787396773695946,20.770187437534332
exponential,35,10000,2210,0.0003918783913832158,0.0003922477742889896,0.00039222481929659724,0.0025789467521414385,3.156565435347147e-05,18.20239394903183,0.8787396773695946,20.941628202795982
exponential,35,10000,2220,0.0003921886964235455,0.0003924121003365144,0.00039231322188108293,0.0025712324788422693,3.17081758112181e-05,18.285021118819714,0.8787396773695946,21.02730844169855
exponential,35,10000,2230,0.0003908564685843885,0.00039307551051024345,0.00039259324134473326,0.0025635412808595976,3.124895374639891e-05,18.366949751973152,0.8787396773695946,21.112253986299038
exponential,35,10000,2240,0.00039222638588398695,0.00039204779895953836,0.0003923363430982915,0.0025558730891693917,3.107806696789339e-05,18.45061931014061,0.8787396773695946,21.199053525924683
exponential,35,10000,2250,0.000391076086089015,0.00039180836465675385,0.0003921394235118857,0.0025482278349540912,3.1400668376591057e-05,18.5332463234663,0.8787396773695946,21.284835569560528
exponential,35,10000,2260,0.00039328914135694504,0.0003926138277165592,0.0003923815768279037,0.002540605449601984,3.160250707878731e-05,18.615846872329712,0.8787396773695946,21.370441123843193
exponential,35,10000,2270,0.0003912454703822732,0.00039174354169517754,0.00039206706358175993,0.0025330058647065946,3.156438106088899e-05,18.698415614664555,0.8787396773695946,21.45607167482376
exponential,35,10000,2280,0.00038827076787129045,0.0003916010173270479,0.00039185054015489934,0.002525429012066067,3.157554237986915e-05,18.780476287007332,0.8787396773695946,21.541146472096443
exponential,35,10000,2290,0.00039351271698251367,0.0003925037657609209,0.0003921515899958866,0.0025178748236825534,3.13507771352306e-05,18.86248119175434,0.8787396773695946,21.626139417290688
exponential,35,10000,2300,0.00039251905400305986,0.00039156362472567705,0.0003918940679936766,0.002510343231761605,3.0949431675253436e-05,18.944604858756065,0.9168143719434738,21.71127489209175
exponential,35,10000,2310,0.00039094456587918103,0.00039076175016816705,0.0003914713256800147,0.0025028341687115645,3.095101783401333e-05,19.026896759867668,0.9168143719434738,21.88260867446661
exponential,35,10000,2320,0.00039282446959987283,0.00039121085428632795,0.0003913490029824342,0.0024953475671429565,3.085530624957755e-05,19.10907082259655,0.9168143719434738,21.96782324463129
exponential,35,10000,2330,0.00039210286922752857,0.0003910431871190667,0.0003912236939470927,0.002487883359867885,3.083830597461201e-05,19.19113040715456,0.9168143719434738,22.052901223301888
exponential,35,10000,2340,0.00038891093572601676,0.00039115543477237226,0.0003912150321504592,0.002480441479899429,3.1561874493490905e-05,19.273885123431683,0.9168143719434738,22.138695500791073
exponential,35,10000,2350,0.0003925681521650404,0.00038992316694930196,0.0003907687339332432,0.002473021860451043,3.131946868961677e-05,19.356000296771526,0.9168143719434738,22.223802529275417
exponential,35,10000,2360,0.0003866674960590899,0.00038925266708247366,0.0003901545329308526,0.0024656244349359566,3.09723945974838e-05,19.438871636986732,0.9168143719434738,22.309768691658974
exponential,35,10000,2370,0.00038841599598526955,0.00038983902777545154,0.0003899541741270554,0.002458249136966577,3.088107769144699e-05,19.521212220191956,0.9168143719434738,22.395123898983
exponential,35,10000,2380,0.0003908665385097265,0.00039031594060361384,0.000390132865335971,0.0024508959003538937,3.089923120569438e-05,19.603670850396156,0.9168143719434738,22.480568647384644
exponential,35,10000,2390,0.0003911395906470716,0.0003895735426340252,0.00038996521689622465,0.0024435646591068837,3.111359546892345e-05,19.68626620620489,0.9168143719434738,22.566227927803993
exponential,35,10000,2400,0.00038996885996311903,0.0003910722123691812,0.0003903702728441848,0.0024362553474319188,3.095400461461395e-05,19.768354080617428,0.9551421776413918,22.651371031999588
exponential,35,10000,2410,0.00038744459743611515,0.00039058618422131984,0.00039038188658568744,0.002428967899732176,3.124107024632394e-05,19.850821428000927,0.9551421776413918,22.823207534849644
exponential,35,10000,2420,0.00038823916111141443,0.0003903423843439668,0.0003903393469820629,0.00242170225060705,3.0784776754444465e-05,19.93331530690193,0.9551421776413918,22.908717066049576
exponential,35,10000,2430,0.0003931853570975363,0.0003903809032635763,0.00039035770530169197,0.0024144583348515644,3.080918395426124e-05,20.016093336045742,0.9551421776413918,22.99456925690174
exponential,35,10000,2440,0.0003872168599627912,0.00039041472773533316,0.00039035962132846677,0.002407236087455787,3.051791281905025e-05,20.098377212882042,0.9551421776413918,23.07989027351141
exponential,35,10000,2450,0.00038912665331736207,0.0003891849366482347,0.0003898691197962277,0.0024000354436042467,3.093604391324334e-05,20.181139566004276,0.9551421776413918,23.165692754089832
exponential,35,10000,2460,0.0003860316064674407,0.0003898264636518434,0.000389830201990326,0.002392856338675352,3.0889663321431726e-05,20.263321332633495,0.9551421776413918,23.25087396800518
exponential,35,10000,2470,0.0003903397300746292,0.0003906902682501823,0.0003901963278754805,0.0023856987082408105,3.0452252758550458e-05,20.345872081816196,0.9551421776413918,23.336490988731384
exponential,35,10000,2480,0.0003894141409546137,0.000389754626667127,0.00039004127733053624,0.00237856248806505,3.062849282287061e-05,20.428359746932983,0.9551421776413918,23.422020077705383
exponential,35,10000,2490,0.0003893071843776852,0.0003907621867256239,0.0003903294318273707,0.002371447614104644,3.0630777473561466e-05,20.510696291923523,0.9551421776413918,23.507356338202953
exponential,35,10000,2500,0.000390133005566895,0.0003904053563019261,0.0003903093075150389,0.002364354022507736,3.0469671401078813e-05,20.593452088534832,0.9930815324187279,23.593145735561848
exponential,35,10000,2510,0.00039025131263770163,0.00038982520054560156,0.000390115220649163,0.0023572816496134647,3.0340799639816396e-05,20.67561972886324,0.9930815324187279,23.7640183866024
exponential,35,10000,2520,0.00038622599095106125,0.0003888172010192648,0.00038956678863311334,0.0023502304319513957,3.084681884502061e-05,20.757674284279346,0.9930815324187279,23.84908140450716
exponential,35,10000,2530,0.0003872137167491019,0.0003887787606799975,0.00038922109465308076,0.002343200306240951,3.0437538953265175e-05,20.839946188032627,0.9930815324187279,23.934324122965336
exponential,35,10000,2540,0.00038498122012242675,0.00038955594063736496,0.00038926048220114284,0.0023361912093908407,3.040354567929171e-05,20.922854870557785,0.9930815324187279,24.0202317237854
exponential,35,10000,2550,0.0003877235867548734,0.00038909270078875126,0.00038913867237496113,0.002329203078498494,3.072768959100358e-05,21.004684917628765,0.9930815324187279,24.105024106800556
exponential,35,10000,2560,0.0003905457560904324,0.00038979914970695975,0.0003893480615140989,0.0023222358508494995,3.072866820730269e-05,21.087175242602825,0.9930815324187279,24.190517500042915
exponential,35,10000,2570,0.00039071665378287435,0.0003894509864039719,0.0003894105867189128,0.002315289463917042,3.0276049074018374e-05,21.169275894761086,0.9930815324187279,24.27559854835272
exponential,35,10000,2580,0.00038863596273586154,0.0003896626876667142,0.0003895293960591374,0.002308363855361336,3.104330971837044e-05,21.251651726663113,0.9930815324187279,24.360939018428326
exponential,35,10000,2590,0.0003898161230608821,0.0003901869582477957,0.0003897925676638865,0.002301458963029071,3.0127846912364475e-05,21.334165893495083,0.9930815324187279,24.44648826122284
exponential,35,10000,2600,0.00038942310493439436,0.0003899684175848961,0.00038982849262822537,0.0022945747249528544,3.0010802220203914e-05,21.41627936065197,1.0312896966934204,24.53155557066202
exponential,35,10000,2610,0.00038955005584284663,0.0003893290879204869,0.0003896059291096526,0.002287711079350651,3.0198176318663172e-05,21.49880190938711,1.0312896966934204,24.703126065433025
exponential,35,10000,2620,0.0003891137312166393,0.00038841301575303077,0.0003891390995957746,0.0022808679646252336,3.072278923355043e-05,21.581395134329796,1.0312896966934204,24.788723826408386
exponential,35,10000,2630,0.00038974679773673415,0.00038898491475265474,0.0003890581141204981,0.0022740453193636247,3.0558163416571915e-05,21.663992404937744,1.0312896966934204,24.874312721192837
exponential,35,10000,2640,0.0003895222907885909,0.00038911745650693774,0.00038907713332590846,0.0022672430823365516,3.0123479518806562e-05,21.746220514178276,1.0312896966934204,24.959524653851986
exponential,35,10000,2650,0.00038757227594032884,0.0003885882266331464,0.00038881076687361134,0.0022604611924978914,3.0174385756254196e-05,21.828862220048904,1.0312896966934204,25.04518809169531
exponential,35,10000,2660,0.0003843778686132282,0.0003883591532940045,0.0003886042687635717,0.002253699588984126,3.0684881494380534e-05,21.910634212195873,1.0312896966934204,25.129907824099064
exponential,35,10000,2670,0.0003885554033331573,0.0003877609531627968,0.0003882551204612242,0.0022469582111137943,3.0270690331235528e-05,21.993653923273087,1.0312896966934204,25.216061301529408
exponential,35,10000,2680,0.0003876684349961579,0.00038985086139291524,0.00038882047755081704,0.0022402369983869513,3.0543527827830985e-05,22.076271452009678,1.0312896966934204,25.301754340529442
exponential,35,10000,2690,0.00038704066537320614,0.00038863697263877837,0.0003886817350209279,0.00223353589048462,3.058410948142409e-05,22.15856544673443,1.0312896966934204,25.38702517747879
exponential,35,10000,2700,0.00038638562546111643,0.0003886044985847548,0.000388640373830818,0.0022268548272682534,3.042790194740519e-05,22.241279430687428,1.06918066740036,25.472783595323563
exponential,35,10000,2710,0.0003852544177789241,0.00038874287565704435,0.0003886480066370888,0.0022201937487791932,3.008560452144593e-05,22.323490999639034,1.06918066740036,25.643609777092934
exponential,35,10000,2720,0.00038883660454303026,0.0003874676418490708,0.00038815219637150587,0.0022135525952381337,3.0122917451080866e-05,22.405696526169777,1.06918066740036,25.72884077578783
exponential,35,10000,2730,0.00039533889503218234,0.00038875165046192706,0.00038847454620299785,0.0022069313070445826,3.050223494938109e-05,22.48796048760414,1.06918066740036,25.814117200672626
exponential,35,10000,2740,0.0003903175238519907,0.0003891700500389561,0.0003887271714560996,0.002200329824776328,3.052210377063602e-05,22.57062739878893,1.06918066740036,25.899793922901154
exponential,35,10000,2750,0.0003867716295644641,0.00038847722462378444,0.0003886258791801154,0.002193748089188905,3.0626539228251204e-05,22.65271244198084,1.06918066740036,25.984871551394463
exponential,35,10000,2760,0.00038635171949863434,0.00038859513006173074,0.00038862965916424655,0.002187186041215064,3.0349534426932223e-05,22.735452130436897,1.06918066740036,26.070644572377205
exponential,35,10000,2770,0.00039003673009574413,0.00038852441648487004,0.0003886063770832886,0.0021806436219642404,2.9984084903844632e-05,22.817616313695908,1.06918066740036,26.155790366232395
exponential,35,10000,2780,0.0003868177009280771,0.0003874515212373808,0.00038813361652782947,0.0021741207727220243,3.0052233341848478e-05,22.90020977705717,1.06918066740036,26.24134449660778
exponential,35,10000,2790,0.00039293442387133837,0.0003876479488098994,0.00038801597923948634,0.0021676174349496364,3.01034924632404e-05,22.98253095895052,1.06918066740036,26.32663733512163
exponential,35,10000,2800,0.00038911489536985755,0.0003886177844833583,0.0003882602115848444,0.002161133550283402,3.0083518140600063e-05,23.06457917392254,1.107181653380394,26.411644160747528
exponential,35,10000,2810,0.0003856911789625883,0.00038783218187745663,0.0003880454937186281,0.002154669060534226,3.0326757041621022e-05,23.146911151707172,1.107181653380394,26.582787737250328
exponential,35,10000,2820,0.00038820767076686025,0.0003889416169840842,0.0003883910273706085,0.0021482239076870717,3.0260054700192995e-05,23.22891876846552,1.107181653380394,26.667750284075737
exponential,35,10000,2830,0.0003865481121465564,0.00038809966063126924,0.0003882425988803766,0.0021417980339004396,3.0319195502670482e-05,23.310934729874134,1.107181653380394,26.75271477550268
exponential,35,10000,2840,0.00038926437264308333,0.0003888834296958521,0.00038844125649740676,0.002135391381505848,2.9903963877586648e-05,23.39298039674759,1.107181653380394,26.837739691138268
exponential,35,10000,2850,0.0003888100618496537,0.00038772209954913707,0.00038810263820402216,0.0021290038930073174,3.04430923279142e-05,23.475176110863686,1.107181653380394,26.92289137095213
exponential,35,10000,2860,0.0003904172626789659,0.0003888448467478156,0.0003883884705752586,0.0021226355110808524,2.9839915441698395e-05,23.557833559811115,1.107181653380394,27.008545443415642
exponential,35,10000,2870,0.00038377492455765605,0.00038805788790341467,0.00038821769057589817,0.0021162861785739284,3.0267370675574057e-05,23.639938600361347,1.107181653380394,27.09361021965742
exponential,35,10000,2880,0.0003860217984765768,0.0003890779102221131,0.0003885253983060478,0.002109955838504977,2.9961925974930637e-05,23.722644224762917,1.107181653380394,27.179330594837666
exponential,35,10000,2890,0.00038701677112840116,0.0003881544602336362,0.0003883751219658043,0.002103644434062877,2.9595661544590257e-05,23.804776065051556,1.107181653380394,27.26442988216877
exponential,35,10000,2900,0.0003882359596900642,0.00038804488722234967,0.000388271006996851,0.002097351908606443,2.94564579235157e-05,23.887308843433857,1.1454299092292786,27.349939294159412
exponential,35,10000,2910,0.0003853922535199672,0.00038727119972463696,0.00038784581861925913,0.0020910782056639183,2.9896971682319418e-05,23.969476722180843,1.1454299092292786,27.521115511655807
exponential,35,10000,2920,0.0003886789781972766,0.00038857317413203417,0.0003881805786354942,0.0020848232689324665,2.9902088499511592e-05,24.052105747163296,1.1454299092292786,27.6067076921463
exponential,35,10000,2930,0.00038650521310046315,0.000388784465030767,0.0003884393925376946,0.0020785870422776677,2.9939434170955792e-05,24.134210169315338,1.1454299092292786,27.691752716898918
exponential,35,10000,2940,0.00038541315007023513,0.0003861019591568038,0.00038740661404457785,0.0020723694697330135,2.9686854759347625e-05,24.216558016836643,1.1454299092292786,27.77704878896475
exponential,35,10000,2950,0.00039175976417027414,0.00038867847761139276,0.00038798353391876115,0.0020661704954994036,2.973550363094546e-05,24.298999078571796,1.1454299092292786,27.862453266978264
exponential,35,10000,2960,0.00038641452556475997,0.00038830575067549944,0.00038814019827769866,0.002059990063944651,2.9960699976072647e-05,24.38099667429924,1.1454299092292786,27.947401240468025
exponential,35,10000,2970,0.0003915955312550068,0.0003881778829963878,0.00038815846490150883,0.0020538281196029753,2.98936283797957e-05,24.46394571661949,1.1454299092292786,28.033344209194183
exponential,35,10000,2980,0.00038669779314659536,0.0003881383192492649,0.0003881856123921393,0.0020476846071745083,2.9277447538333945e-05,24.545968249440193,1.1454299092292786,28.11835788935423
exponential,35,10000,2990,0.0003882326418533921,0.0003879563068039715,0.0003881489276304303,0.002041559471524798,2.964760824397672e-05,24.62803041189909,1.1454299092292786,28.203355997800827
exponential,35,10000,3000,0.00038469431456178427,0.00038610463961958886,0.0003873268527260625,0.002035452657684314,2.9501963581424206e-05,24.71070098131895,1.1834280863404274,28.289032779634
exponential,35,10000,3010,0.00038531856262125075,0.00038701850571669637,0.00038722391320984473,0.002029364110847952,2.9445549444062635e-05,24.793083041906357,1.1834280863404274,28.521408066153526
exponential,35,10000,3020,0.0003890277585014701,0.0003862964978907257,0.0003868749756284841,0.0020232937763745443,2.997311639774125e-05,24.875425957143307,1.1834280863404274,28.606767423450947
exponential,35,10000,3030,0.0003916867426596582,0.00038833018916193394,0.0003874845088763311,0.0020172415997863694,2.9842369258403778e-05,24.95822400599718,1.1834280863404274,28.69260884076357
exponential,35,10000,3040,0.00038564245915040374,0.0003877299226587638,0.0003875922849875253,0.0020112075267686605,2.967558611999266e-05,25.04042435437441,1.1834280863404274,28.777846455574036
exponential,35,10000,3050,0.0003874502726830542,0.0003864019934553653,0.0003870798002982422,0.00200519150316912,2.949523513962049e-05,25.12314734607935,1.1834280863404274,28.863617926836014
exponential,35,10000,3060,0.0003858861746266484,0.0003868398867780343,0.0003869821395629575,0.0019991934749974353,2.9316450309124775e-05,25.205636493861675,1.1834280863404274,28.949092492461205
exponential,35,10000,3070,0.0003864977043122053,0.00038832884456496686,0.00038750271714484895,0.0019932133884247912,2.935153679572977e-05,25.288044042885303,1.1834280863404274,29.034540086984634
exponential,35,10000,3080,0.0003884924517478794,0.00038829187978990377,0.0003878279865665631,0.001987251189783387,2.9463646569638513e-05,25.37061634659767,1.1834280863404274,29.120142214000225
exponential,35,10000,3090,0.0003855441464111209,0.0003868594183586538,0.0003874261604100444,0.0019813068255659563,2.971254798467271e-05,25.45280112326145,1.1834280863404274,29.205300197005272
exponential,35,10000,3100,0.0003875851398333907,0.0003887254686560482,0.00038797374544949196,0.0019753802424252874,2.92747063213028e-05,25.535575419664383,1.2214585319161415,29.29110660403967
exponential,35,10000,3110,0.00038274843245744705,0.0003853757953038439,0.00038687749818633186,0.001969471387173742,2.9632581572514027e-05,25.61831843852997,1.2214585319161415,29.472561575472355
exponential,35,10000,3120,0.0003858146956190467,0.0003861710923956707,0.0003865768946701574,0.001963580206782779,2.9353528589126654e-05,25.70086119323969,1.2214585319161415,29.558203987777233
exponential,35,10000,3130,0.0003870165965054184,0.0003865313250571489,0.00038651775964923757,0.0019577066483824814,2.965171188407112e-05,25.783141314983368,1.2214585319161415,29.643475882709026
exponential,35,10000,3140,0.00038548992597498,0.00038707060448359696,0.00038671495137151843,0.0019518506592610765,2.9294427804416046e-05,25.865881003439426,1.2214585319161415,29.729208663105965
exponential,35,10000,3150,0.0003849505155812949,0.0003858948592096567,0.0003863316700118529,0.001946012186864467,2.9595850719488226e-05,25.948112294077873,1.2214585319161415,29.814474068582058
exponential,35,10000,3160,0.0003917895955964923,0.00038722914760001,0.00038675464947383637,0.001940191178795758,2.9122867999831215e-05,26.03090826421976,1.2214585319161415,29.900314658880234
exponential,35,10000,3170,0.00038766252691857517,0.0003862931305775419,0.00038654381289030985,0.0019343875828147868,2.9671931770280935e-05,26.113353863358498,1.2214585319161415,29.985742695629597
exponential,35,10000,3180,0.00038926192792132497,0.0003876445174682885,0.0003870307584253457,0.0019286013468376533,2.8743481379933655e-05,26.1956574767828,1.2214585319161415,30.07106489688158
exponential,35,10000,3190,0.0003884509496856481,0.00038688305940013377,0.00038697830104302407,0.0019228324189362546,2.9612137950607575e-05,26.278144620358944,1.2214585319161415,30.156554706394672
exponential,35,10000,3200,0.00038596929516643286,0.0003865726932417601,0.00038687118480475294,0.0019170807473378165,2.9447186534525827e-05,26.360408186912537,1.2597126141190529,30.241793610155582
exponential,35,10000,3210,0.00038823296199552715,0.0003859866003040224,0.000386555134439047,0.0019113462804244313,2.95141180686187e-05,26.442781321704388,1.2597126141190529,30.41399871557951
exponential,35,10000,3220,0.0003884143370669335,0.0003861010249238461,0.0003864601109447719,0.0019056289667325917,2.9234059184091166e-05,26.525403909385204,1.2597126141190529,30.499607257544994
exponential,35,10000,3230,0.0003894601250067353,0.0003866397571982816,0.0003864735171607853,0.001899928754952732,2.9007587727392092e-05,26.6077164337039,1.2597126141190529,30.584896609187126
exponential,35,10000,3240,0.00038328312803059816,0.00038703919271938504,0.00038663096000402756,0.0018942455939287652,2.9322303817025386e-05,26.689757116138935,1.2597126141190529,30.669897347688675
exponential,35,10000,3250,0.0003882304881699383,0.00038556392246391624,0.00038627602606814153,0.0018885794326576266,2.8748041586368345e-05,26.771907426416874,1.2597126141190529,30.75503622740507
exponential,35,10000,3260,0.00038626830792054534,0.00038531830068677664,0.0003859033178552473,0.0018829302202888127,2.8975715395063162e-05,26.854074887931347,1.2597126141190529,30.840197555720806
exponential,35,10000,3270,0.00038459792267531157,0.0003860237542539835,0.0003859562739039834,0.0018772979061239274,2.917658093792852e-05,26.936138905584812,1.2597126141190529,30.92522034049034
exponential,35,10000,3280,0.00039027933962643147,0.0003862059529637918,0.0003861193995731307,0.0018716824396162253,2.8960266718058847e-05,27.018186643719673,1.2597126141190529,31.010211244225502
exponential,35,10000,3290,0.00038395391311496496,0.00038662047882098705,0.0003863070337931284,0.0018660837703701597,2.8904611099278554e-05,27.100257143378258,1.2597126141190529,31.095234617590904
exponential,35,10000,3300,0.00038657113327644765,0.0003849025728413835,0.0003857650999061861,0.0018605018481409295,2.9159797122702003e-05,27.1825333237648,1.2979603558778763,31.180606938898563
exponential,35,10000,3310,0.00038924795808270574,0.0003846443258225918,0.0003853914813446315,0.0018549366228340282,2.8655302230617963e-05,27.264677301049232,1.2979603558778763,31.352675415575504
exponential,35,10000,3320,0.0003882462624460459,0.00038718926080036906,0.0003860731534478094,0.0018493880445047948,2.9060422093607485e-05,27.3471764549613,1.2979603558778763,31.438168920576572
exponential,35,10000,3330,0.0003840486169792712,0.00038648857153020797,0.00038615146371379425,0.0018438560633579645,2.9038628781563602e-05,27.429229617118835,1.2979603558778763,31.523193016648293
exponential,35,10000,3340,0.00038704840699210763,0.00038538542576134206,0.0003858613640576134,0.0018383406297472233,2.8777809347957373e-05,27.51148484647274,1.2979603558778763,31.608410991728306
exponential,35,10000,3350,0.0003840980934910476,0.00038609808252658694,0.00038593538542505126,0.0018328416941747615,2.888209382945206e-05,27.593979462981224,1.2979603558778763,31.693893142044544
exponential,35,10000,3360,0.00038561169640161097,0.00038700962613802403,0.0003863514538303066,0.0018273592072908286,2.896386467909906e-05,27.67633817344904,1.2979603558778763,31.779258526861668
exponential,35,10000,3370,0.0003827621403615922,0.00038672156224492935,0.0003864931896105418,0.0018218931198932934,2.9299060770426877e-05,27.759027898311615,1.2979603558778763,31.864949144423008
exponential,35,10000,3380,0.00038678094279021025,0.00038583877321798357,0.0003862881488214632,0.0018164433829271995,2.8949152692803182e-05,27.841095320880413,1.2979603558778763,31.950016349554062
exponential,35,10000,3390,0.00038649316411465406,0.00038543016416952013,0.00038593716533698405,0.0018110099474843264,2.934905387519393e-05,27.923425294458866,1.2979603558778763,32.03534123301506
exponential,35,10000,3400,0.0003854568349197507,0.00038602647255174815,0.0003859438444324016,0.0018055927648027502,2.8595350158866495e-05,28.00582515448332,1.3358891531825066,32.120727844536304
exponential,35,10000,3410,0.00038758607115596533,0.0003859022108372301,0.0003859488341394689,0.001800191786266406,2.9074333724565804e-05,28.088406778872013,1.3358891531825066,32.29287715256214
exponential,35,10000,3420,0.00038454713649116457,0.0003860335855279118,0.0003859860468580549,0.0017948069634046515,2.914559081546031e-05,28.170513845980167,1.3358891531825066,32.37798446416855
exponential,35,10000,3430,0.0003857774136122316,0.0003859818505588919,0.0003859534594405118,0.0017894382478918331,2.918643622251693e-05,28.253188773989677,1.3358891531825066,32.46366060525179
exponential,35,10000,3440,0.0003864540485665202,0.0003849956556223333,0.0003855731253660554,0.0017840855915468498,2.8812721211579628e-05,28.335754707455635,1.3358891531825066,32.54921551793814
exponential,35,10000,3450,0.0003854703390970826,0.00038652286457363516,0.00038594758786072015,0.0017787489463327237,2.940225022030063e-05,28.41784878820181,1.3358891531825066,32.63428382575512
exponential,35,10000,3460,0.0003832070215139538,0.0003856377035845071,0.0003857999755603919,0.0017734282643561664,2.9129569156793877e-05,28.500557847321033,1.3358891531825066,32.71999141573906
exponential,35,10000,3470,0.0003862942976411432,0.000385591117083095,0.00038563341398032373,0.0017681234978671515,2.8639897209359333e-05,28.58268105983734,1.3358891531825066,32.80506952852011
exponential,35,10000,3480,0.00038490031147375703,0.00038618443359155207,0.00038584041639725314,0.0017628345992584833,2.8717578970827162e-05,28.665390327572823,1.3358891531825066,32.89075834304094
exponential,35,10000,3490,0.00038905697874724865,0.000385362483211793,0.0003857266220656598,0.001757561521065373,2.90412954200292e-05,28.74757956713438,1.3358891531825066,32.97593089193106
exponential,35,10000,3500,0.00038413191214203835,0.0003868394327582791,0.0003861636715246776,0.001752304215965009,2.8820157240261324e-05,28.829850658774376,1.3741582036018372,33.06117833405733
exponential,35,10000,3510,0.0003808512119576335,0.00038574500649701804,0.000385952484565853,0.0017470626367761346,2.9262606403790414e-05,28.912289805710316,1.3741582036018372,33.23365641385317
exponential,35,10000,3520,0.0003865871694870293,0.0003857950301608071,0.00038587732597094297,0.0017418367364586244,2.9140022888896056e-05,28.994687415659428,1.3741582036018372,33.31905308365822
exponential,35,10000,3530,0.000382189464289695,0.0003850741253700107,0.0003854768375649887,0.0017366264681130618,2.8299795303610153e-05,29.076902151107788,1.3741582036018372,33.404271915555
exponential,35,10000,3540,0.0003892026434186846,0.0003848057414870709,0.00038527243839148856,0.0017314317849803176,2.907059752033092e-05,29.15934804826975,1.3741582036018372,33.489769488573074
exponential,35,10000,3550,0.00038578262319788337,0.00038449784624390305,0.000385027399393594,0.0017262526404411313,2.852861871360801e-05,29.241852559149265,1.3741582036018372,33.575288720428944
exponential,35,10000,3560,0.000383045116905123,0.00038451203727163374,0.00038478576336580087,0.0017210889880156916,2.8622955142054707e-05,29.324000597000122,1.3741582036018372,33.66042668372393
exponential,35,10000,3570,0.0003867657214868814,0.0003864691563649103,0.00038550384165283904,0.0017159407813632204,2.8392745662131347e-05,29.406806871294975,1.3741582036018372,33.746259428560734
exponential,35,10000,3580,0.0003854161477647722,0.0003854373353533447,0.0003854900216582569,0.0017108079742815566,2.8473521524574608e-05,29.488941982388496,1.3741582036018372,33.83140718191862
exponential,35,10000,3590,0.0003807214670814574,0.00038477476336993275,0.00038511666209294993,0.0017056905207067411,2.8838036087108776e-05,29.571323104202747,1.3741582036018372,33.91682977974415
exponential,35,10000,3600,0.00038429786218330264,0.00038379952602554115,0.0003846022335558903,0.001700588374712603,2.8469963581301272e-05,29.65359465777874,1.412346489727497,34.00214705616236
exponential,35,10000,3610,0.00038653064984828234,0.00038460691284853966,0.00038467577871417063,0.0016955014905103492,2.863183726731222e-05,29.73591113090515,1.412346489727497,34.174556858837605
exponential,35,10000,3620,0.0003848638734780252,0.000385527141042985,0.0003850355158423848,0.001690429822448151,2.8501201086328365e-05,29.818073116242886,1.412346489727497,34.259707652032375
exponential,35,10000,3630,0.00038527834112755954,0.00038537966611329466,0.00038516711565968317,0.0016853733250107366,2.8436534194042906e-05,29.900160498917103,1.412346489727497,34.344800405204296
exponential,35,10000,3640,0.00038685434265062213,0.0003847758227493614,0.0003850161490045504,0.0016803319528189817,2.8486416340456344e-05,29.98221269994974,1.412346489727497,34.42981041222811
exponential,35,10000,3650,0.00038399279583245516,0.0003853994741803035,0.0003851661025941883,0.0016753056606295023,2.83698427665513e-05,30.0642114803195,1.412346489727497,34.51475340873003
exponential,35,10000,3660,0.0003855325048789382,0.00038603471766691656,0.00038547620362905626,0.001670294403334248,2.8601392841665074e-05,30.14626795053482,1.412346489727497,34.59973607212305
exponential,35,10000,3670,0.0003854288952425122,0.000384585969732143,0.0003851052063906283,0.0016652981359600988,2.828096148732584e-05,30.228342816233635,1.412346489727497,34.68476502597332
exponential,35,10000,3680,0.0003828593180514872,0.00038561973196920006,0.00038532087869078634,0.0016603168136684597,2.8611526431632228e-05,30.31038176268339,1.412346489727497,34.76975405216217
exponential,35,10000,3690,0.0003847586049232632,0.00038489417638629673,0.0003851159191591478,0.0016553503917548593,2.8200045562698506e-05,30.3930741250515,1.412346489727497,34.85542497783899
exponential,35,10000,3700,0.00038653076626360416,0.00038387097883969546,0.0003846234357292237,0.0016503988256485486,2.7811902327812277e-05,30.47518042474985,1.4504535645246506,34.940487533807755
exponential,35,10000,3710,0.0003853156231343746,0.00038293385005090387,0.0003840029919743157,0.001645462070912101,2.8703785574180074e-05,30.558091461658478,1.4504535645246506,35.11361712962389
exponential,35,10000,3720,0.00038385813240893185,0.00038411207497119905,0.00038405662028109485,0.0016405400832410128,2.7940472136833705e-05,30.64056697487831,1.4504535645246506,35.19906985759735
exponential,35,10000,3730,0.00038544260314665735,0.00038343774212989956,0.00038381068786034957,0.001635632818463307,2.808926728903316e-05,30.723270907998085,1.4504535645246506,35.28476141393185
exponential,35,10000,3740,0.0003811416681855917,0.0003831891546724364,0.00038359173290195556,0.0016307402325391354,2.811187005136162e-05,30.805322661995888,1.4504535645246506,35.369771249592304
exponential,35,10000,3750,0.0003830761997960508,0.00038404818333219736,0.00038376554130713355,0.0016258622815603834,2.8003287297906354e-05,30.887751519680023,1.4504535645246506,35.455196388065815
exponential,35,10000,3760,0.00038486241828650236,0.0003851488203508779,0.00038428243523067995,0.001620998921750278,2.8227648726897314e-05,30.969927221536636,1.4504535645246506,35.54035634547472
exponential,35,10000,3770,0.0003843822341877967,0.0003841218160232529,0.0003842454198164514,0.0016161501094629914,2.8434482373995706e-05,31.052448228001595,1.4504535645246506,35.625833593308926
exponential,35,10000,3780,0.0003826652537100017,0.0003838257776806131,0.0003840057066866579,0.0016113158011832537,2.7912252335227095e-05,31.13479495793581,1.4504535645246506,35.71116893738508
exponential,35,10000,3790,0.00038818875327706337,0.00038509282749146225,0.0003844269201774202,0.001606495953525959,2.8525184461614117e-05,31.21697285026312,1.4504535645246506,35.79633221775293
exponential,35,10000,3800,0.0003827127511613071,0.0003841638535959646,0.00038428218715569974,0.0016016905232357766,2.8183419999550097e-05,31.299646481871605,1.4885318949818611,35.88200645148754
exponential,35,10000,3810,0.0003837241674773395,0.0003847335116006434,0.0003844506946131033,0.0015968994671867634,2.799985850288067e-05,31.382337972521782,1.4885318949818611,36.05491530150175
exponential,35,10000,3820,0.0003853578236885369,0.0003850630368106067,0.0003846895498898913,0.0015921227423819774,2.7607553420239128e-05,31.464852422475815,1.4885318949818611,36.14043466001749
exponential,35,10000,3830,0.000384359824238345,0.00038395324372686446,0.0003843416785696156,0.001587360305953091,2.805181975418236e-05,31.546880811452866,1.4885318949818611,36.22542334347963
exponential,35,10000,3840,0.0003816651878878474,0.0003844124643364921,0.00038431411333318373,0.001582612115160006,2.797284469124861e-05,31.629772439599037,1.4885318949818611,36.31133212149143
exponential,35,10000,3850,0.00038522505201399326,0.00038398554024752227,0.000384186530881926,0.0015778781273904706,2.81429984170245e-05,31.712104633450508,1.4885318949818611,36.39664154499769
exponential,35,10000,3860,0.0003847983607556671,0.00038312277756631375,0.00038386703613384605,0.0015731583001596975,2.7854115614900365e-05,31.794712580740452,1.4885318949818611,36.48219622671604
exponential,35,10000,3870,0.00038386607775464654,0.00038418900221586226,0.0003840151400740597,0.0015684525911099812,2.801136906782631e-05,31.876941695809364,1.4885318949818611,36.567412689328194
exponential,35,10000,3880,0.00038216373650357127,0.00038397353782784196,0.00038400705046208147,0.0015637609580103193,2.7991030947305262e-05,31.95916698127985,1.4885318949818611,36.65259650349617
exponential,35,10000,3890,0.00038270733784884214,0.00038388360117096453,0.0003839794267783494,0.0015590833587560324,2.7802012482425198e-05,32.04188001155853,1.4885318949818611,36.7383099719882
exponential,35,10000,3900,0.00038691452937200665,0.00038384076615329834,0.0003839247375116031,0.001554419751368387,2.779047645162791e-05,32.123982951045036,1.5267059430480003,36.82339829951525
exponential,35,10000,3910,0.00038521975511685014,0.0003847062209388241,0.0003842548562711339,0.0015497700939942187,2.81817792711081e-05,32.206681087613106,1.5267059430480003,36.996485352516174
exponential,35,10000,3920,0.00038323982153087854,0.0003845714672934264,0.00038439259756499884,0.0015451343449055554,2.7772073735832237e-05,32.289067193865776,1.5267059430480003,37.081852063536644
exponential,35,10000,3930,0.00038275710539892316,0.000385027815354988,0.0003847026991465309,0.001540512462499245,2.765710451058112e-05,32.371326208114624,1.5267059430480003,37.16710485517979
exponential,35,10000,3940,0.0003852148656733334,0.0003852913971059024,0.0003849746657216791,0.0015359044052965802,2.8148264391347766e-05,32.45331097394228,1.5267059430480003,37.25204512476921
exponential,35,10000,3950,0.0003804073203355074,0.00038305084744933994,0.000384128746566583,0.0015313101319429263,2.774857603071723e-05,32.53601710498333,1.5267059430480003,37.33778317272663
exponential,35,10000,3960,0.000385803374228999,0.0003840818448225036,0.0003840786470450502,0.0015267296012073514,2.7406515073380433e-05,32.618192084133625,1.5267059430480003,37.42295053601265
exponential,35,10000,3970,0.000383209262508899,0.00038308679359033704,0.0003835895612510801,0.001522162771982256,2.7849384423461743e-05,32.70068499445915,1.5267059430480003,37.50844135135412
exponential,35,10000,3980,0.0003822878934442997,0.00038384302461054177,0.0003836134159218306,0.0015176096032830024,2.784195021376945e-05,32.78300127387047,1.5267059430480003,37.59376998990774
exponential,35,10000,3990,0.0003885255428031087,0.0003847074491204694,0.00038413194518324055,0.0015130700542475494,2.7602174668572843e-05,32.86502539366484,1.5267059430480003,37.67877682298422
exponential,35,10000,4000,0.00038420199416577816,0.0003839417768176645,0.0003840180395612472,0.0015085440841360836,2.7731968657462858e-05,32.94766893237829,1.5648548528552055,37.76440814137459
exponential,35,10000,4010,0.0003811884962487966,0.0003836298128589988,0.0003838764382929732,0.001504031652330655,2.8047481464454904e-05,33.03001768141985,1.5648548528552055,37.99829954653978
exponential,35,10000,4020,0.0003866315237246454,0.00038443144876509905,0.00038408906352684964,0.0014995327183348114,2.8036698495270684e-05,33.11202158033848,1.5648548528552055,38.083321169018745
exponential,35,10000,4030,0.00038083450635895133,0.00038294743862934413,0.00038366201824148254,0.0014950472417732364,2.766241414065007e-05,33.194055154919624,1.5648548528552055,38.16830573230982
exponential,35,10000,4040,0.0003856729599647224,0.0003836293966742232,0.00038367206265105063,0.001490575182391386,2.7715062969946302e-05,33.276184536516666,1.5648548528552055,38.25347696989775
exponential,35,10000,4050,0.00038831724668852985,0.0003849497239571065,0.00038422171452148193,0.0014861165000551269,2.7955569748883136e-05,33.35820907354355,1.5648548528552055,38.338508158922195
exponential,35,10000,4060,0.00038713921094313264,0.00038329307863023133,0.0003839219898400945,0.0014816711547503778,2.7478674383019097e-05,33.44047161191702,1.5648548528552055,38.4237514808774
exponential,35,10000,4070,0.00038326397771015763,0.0003830598230706528,0.0003835599764711646,0.0014772391065827496,2.7711928851203993e-05,33.52298600226641,1.5648548528552055,38.50927199423313
exponential,35,10000,4080,0.00038477039197459817,0.00038314521370921286,0.00038336365384967217,0.0014728203157771864,2.746399877651129e-05,33.605057671666145,1.5648548528552055,38.59432712942362
exponential,35,10000,4090,0.00038415263406932354,0.0003841726953396574,0.0003837012607608448,0.00146841474267761,2.768635931715835e-05,33.68773457407951,1.5648548528552055,38.680021308362484
exponential,35,10000,4100,0.0003853744128718972,0.0003833964467048645,0.00038363370868983916,0.0014640223477465641,2.7781639801105484e-05,33.76972617208958,1.6030021905899048,38.764962270855904
exponential,35,10000,4110,0.00038433834561146796,0.00038347511435858904,0.0003835847492656702,0.0014596430915648575,2.7607038646237925e-05,33.85223948210478,1.6030021905899048,38.945645079016685
exponential,35,10000,4120,0.0003825973253697157,0.0003837557625956833,0.00038365725797399305,0.0014552769348312121,2.7604402930592187e-05,33.934484876692295,1.6030021905899048,39.0308923125267
exponential,35,10000,4130,0.00038004928501322865,0.0003818311233771965,0.0003828691427953435,0.0014509238383619103,2.7783891709987074e-05,34.01722262054682,1.6030021905899048,39.11664950102568
exponential,35,10000,4140,0.00038314081029966474,0.00038327263901010155,0.0003830181480614425,0.0014465837630904417,2.7488300474942662e-05,34.099222645163536,1.6030021905899048,39.20165375620127
exponential,35,10000,4150,0.0003875199763569981,0.0003824903367785737,0.00038286944401530085,0.0014422566700671548,2.738908187893685e-05,34.18187652528286,1.6030021905899048,39.287329114973545
exponential,35,10000,4160,0.0003837448894046247,0.00038271372322924436,0.00038284514484604096,0.0014379425204589051,2.7243051590630785e-05,34.264103412628174,1.6030021905899048,39.3725478798151
exponential,35,10000,4170,0.0003856313123833388,0.000382799407816492,0.00038292875786517143,0.0014336412755487085,2.7426811357145198e-05,34.34666720032692,1.6030021905899048,39.4581655934453
exponential,35,10000,4180,0.000385523890145123,0.0003838695032754913,0.0003833248147631852,0.001429352896735393,2.7404124921304174e-05,34.42896280437708,1.6030021905899048,39.5434495806694
exponential,35,10000,4190,0.000385833322070539,0.000383436877746135,0.00038341931869558953,0.001425077345533252,2.728036997723393e-05,34.51078054308891,1.6030021905899048,39.62821738421917
exponential,35,10000,4200,0.00038507647695951164,0.000384019486955367,0.0003836435611565129,0.0014208145835716997,2.759880226221867e-05,34.59333144873381,1.6409491300582886,39.71376425772905
exponential,35,10000,4210,0.0003850350622087717,0.0003833761380519718,0.000383645475481987,0.0014165645725949258,2.7293208404444158e-05,34.675546422600746,1.6409491300582886,39.88616827130318
exponential,35,10000,4220,0.00038351750117726624,0.0003830564295640215,0.0003834170388217076,0.0014123272744615526,2.7368188966647722e-05,34.7576389759779,1.6409491300582886,39.97125515341759
exponential,35,10000,4230,0.0003799818514380604,0.00038289524673018605,0.0003831303610550477,0.0014081026511442933,2.734818190219812e-05,34.83994294703007,1.6409491300582886,40.056554056704044
exponential,35,10000,4240,0.0003774757497012615,0.0003836685937130824,0.0003832651096180104,0.0014038906647296095,2.727410537772812e-05,34.9223914667964,1.6409491300582886,40.14202477782965
exponential,35,10000,4250,0.00038362632039934397,0.0003831567126326263,0.0003832500070555875,0.0013996912774173731,2.7404983484302647e-05,35.0043261051178,1.6409491300582886,40.22693036496639
exponential,35,10000,4260,0.000382385216653347,0.0003830890083918348,0.0003831805953391994,0.001395504451520524,2.7108975700684823e-05,35.08693642169237,1.6409491300582886,40.31255799531937
exponential,35,10000,4270,0.0003842267033178359,0.0003819371311692521,0.00038272293234633317,0.0013913301494647345,2.7518926799530163e-05,35.16925597190857,1.6409491300582886,40.39793565124273
exponential,35,10000,4280,0.0003869250067509711,0.0003831503592664376,0.0003829363543156423,0.0013871683337880706,2.73570458375616e-05,35.2515599578619,1.6409491300582886,40.48323706537485
exponential,35,10000,4290,0.0003809776098933071,0.0003834284929325804,0.00038311429625808246,0.0013830189671406562,2.710470107558649e-05,35.33412615954876,1.6409491300582886,40.56881266832352
exponential,35,10000,4300,0.0003793484647758305,0.0003829423658316955,0.0003829816533750338,0.0013788820122843382,2.7567686629481614e-05,35.416159726679325,1.6790063008666039,40.65386921167374
exponential,35,10000,4310,0.00038468511775135994,0.00038324264460243285,0.0003830860093590368,0.001374757432092352,2.720446173043456e-05,35.49852631241083,1.6790063008666039,40.82714069634676
exponential,35,10000,4320,0.0003813945804722607,0.0003833577706245705,0.0003831837962638744,0.001370645189548989,2.750089333858341e-05,35.58078067749739,1.6790063008666039,40.91239355504513
exponential,35,10000,4330,0.0003815052332356572,0.00038351676776073875,0.0003833013210266029,0.0013665452477492628,2.7322967071086168e-05,35.66326639056206,1.6790063008666039,40.99787440150976
exponential,35,10000,4340,0.0003806574968621135,0.00038326095091179013,0.000383292040380436,0.0013624575698985804,2.696422961889766e-05,35.745395466685295,1.6790063008666039,41.083011858165264
exponential,35,10000,4350,0.0003842300793621689,0.00038372442359104755,0.00038349852658546444,0.0013583821193124091,2.751568354142364e-05,35.82788326591253,1.6790063008666039,41.1685296818614
exponential,35,10000,4360,0.00037982570938766,0.00038380979385692625,0.00038357815256079546,0.0013543188594159498,2.7061172659159638e-05,35.909970462322235,1.6790063008666039,41.25360430032015
exponential,35,10000,4370,0.00038186850724741817,0.00038372283452190457,0.00038363196503256433,0.0013502677537438077,2.728945946728345e-05,35.99261425435543,1.6790063008666039,41.33924462646246
exponential,35,10000,4380,0.00038078901707194746,0.0003810547786997631,0.000382583164751982,0.0013462287659396642,2.718786709010601e-05,36.0751685872674,1.6790063008666039,41.4248276129365
exponential,35,10000,4390,0.00037888254155404866,0.0003832538612186909,0.00038280463726867223,0.0013422018597559525,2.7366708309273235e-05,36.15723982453346,1.6790063008666039,41.5099231004715
exponential,35,10000,4400,0.00038346718065440655,0.00038245861069299283,0.00038264035217908826,0.0013381869990535305,2.730850246734917e-05,36.23932608217001,1.7180794775485992,41.59502720087767
exponential,35,10000,4410,0.0003836823452729732,0.0003820932237431407,0.0003824583752837158,0.0013341841478013588,2.6531284675002098e-05,36.32154455035925,1.7180794775485992,41.769117616117
exponential,35,10000,4420,0.00038014573510736227,0.0003815205389400944,0.0003820358994646598,0.001330193270076174,2.7030382625525817e-05,36.403702691197395,1.7180794775485992,41.85430687665939
exponential,35,10000,4430,0.0003814463270828128,0.00038122974510770293,0.00038173545414339576,0.0013262143300621695,2.6577436074148864e-05,36.48580622673035,1.7180794775485992,41.93940527737141
exponential,35,10000,4440,0.00038106198189780116,0.0003823636652668938,0.0003819686215661784,0.0013222472920506713,2.6618763513397425e-05,36.568287536501884,1.7180794775485992,42.024920992553234
exponential,35,10000,4450,0.0003836115065496415,0.0003833411232335493,0.0003824654732310757,0.0013182921204398209,2.7581994800129905e-05,36.651149682700634,1.7180794775485992,42.110797956585884
exponential,35,10000,4460,0.00038301770109683275,0.0003826219792244956,0.00038251889911908684,0.0013143487797342517,2.6585856176097877e-05,36.733321860432625,1.7180794775485992,42.19596315920353
exponential,35,10000,4470,0.0003820675192400813,0.0003827161737717688,0.0003825674978592734,0.0013104172345447746,2.7036907340516336e-05,36.8161740526557,1.7180794775485992,42.28185660392046
exponential,35,10000,4480,0.0003852286608889699,0.0003827053908025846,0.0003826499057104044,0.001306497449588057,2.7173609851161018e-05,36.898378886282444,1.7180794775485992,42.36707781255245
exponential,35,10000,4490,0.0003822108847089112,0.00038289947260636834,0.0003827452483965529,0.0013025893896863082,2.675770883797668e-05,36.9808904081583,1.7180794775485992,42.452572003006935
exponential,35,10000,4500,0.00038071052404120564,0.0003819135163212195,0.00038234228108674923,0.0012986930197669629,2.7159274395671673e-05,37.06326783448458,1.7560557797551155,42.537968285381794
exponential,35,10000,4510,0.00038262587622739375,0.0003827868989901617,0.00038251555407346635,0.001294808304862366,2.7029469492845237e-05,37.14553941786289,1.7560557797551155,42.7110870629549
exponential,35,10000,4520,0.0003811456845141947,0.0003821751335635781,0.0003824174422083013,0.0012909352101094604,2.6735400751931593e-05,37.22763576358557,1.7560557797551155,42.79618316143751
exponential,35,10000,4530,0.00037997495383024216,0.0003826966625638306,0.00038250971329713854,0.0012870737007494725,2.6825804525287822e-05,37.3103496581316,1.7560557797551155,42.881980784237385
exponential,35,10000,4540,0.00038497013156302273,0.00038426564715337007,0.0003831875974676734,0.001283223742127601,2.703944846871309e-05,37.392531633377075,1.7560557797551155,42.96718033403158
exponential,35,10000,4550,0.0003830658388324082,0.0003819078381638974,0.00038264604791861335,0.0012793852996927058,2.677262273209635e-05,37.47486277669668,1.7560557797551155,43.05251367390156
exponential,35,10000,4560,0.0003794398216996342,0.00038250022626016287,0.0003825677605251012,0.001275558338996998,2.712919558689464e-05,37.55725605785847,1.7560557797551155,43.13789992034435
exponential,35,10000,4570,0.000386310595786199,0.00038330157985910773,0.0003829634573122485,0.0012717428256957305,2.6546087610768154e-05,37.63944835215807,1.7560557797551155,43.2232071980834
exponential,35,10000,4580,0.00038136719376780093,0.00038286196358967574,0.000382906397552233,0.0012679387255468894,2.7015790692530572e-05,37.72210840880871,1.7560557797551155,43.3089903742075
exponential,35,10000,4590,0.0003801389248110354,0.0003815251897322014,0.00038231740031627017,0.0012641460044108882,2.6674162654671818e-05,37.80455484241247,1.7560557797551155,43.39446400105953
exponential,35,10000,4600,0.000380116980522871,0.0003823211649432778,0.00038228928533958737,0.0012603646282502597,2.6798996259458363e-05,37.88718343526125,1.7945081070065498,43.480090364813805
exponential,35,10000,4610,0.0003821434802375734,0.00038237899716477843,0.00038232389325776567,0.0012565945631293513,2.716504968702793e-05,37.969760440289974,1.7945081070065498,43.65434316545725
exponential,35,10000,4620,0.0003827497421298176,0.0003831883834209293,0.00038265221071809324,0.001252835775214021,2.6583427825244144e-05,38.05243082344532,1.7945081070065498,43.740059323608875
exponential,35,10000,4630,0.0003835988463833928,0.0003821312391664833,0.00038248214518943753,0.0012490882307713326,2.6308736778446473e-05,38.134589329361916,1.7945081070065498,43.825204610824585
exponential,35,10000,4640,0.00038213367224670947,0.0003826462663710117,0.00038250759016451326,0.0012453518961692534,2.6391984647489153e-05,38.2168203368783,1.7945081070065498,43.91044570505619
exponential,35,10000,4650,0.00038136279908940196,0.00038322076725307854,0.0003827794100677646,0.001241626737876353,2.652312468853779e-05,38.29923228919506,1.7945081070065498,43.99591559916735
exponential,35,10000,4660,0.00038311054231598973,0.00038320822932291776,0.0003829720059352319,0.0012379127224615013,2.653987394296564e-05,38.38172988593578,1.7945081070065498,44.08142796903849
exponential,35,10000,4670,0.0003805719898082316,0.0003832379326922819,0.00038309983846412845,0.0012342098165935703,2.7020618290407583e-05,38.46424367278814,1.7945081070065498,44.1669564768672
exponential,35,10000,4680,0.00038241309812292457,0.0003826876200037077,0.0003829041695104226,0.0012305179870411324,2.653945739439223e-05,38.546290427446365,1.7945081070065498,44.25201519578695
exponential,35,10000,4690,0.0003805738524533808,0.0003813410934526473,0.0003823050941566921,0.0012268372006721633,2.6496434657019563e-05,38.62894829362631,1.7945081070065498,44.33769287914038
exponential,35,10000,4700,0.0003862970625050366,0.00038239787972997873,0.0003824248703129887,0.0012231674244537465,2.635182136145886e-05,38.71132158488035,1.8325660079717636,44.423058457672596
exponential,35,10000,4710,0.00038101585232652724,0.00038218200497794894,0.0003822749466646558,0.0012195086254517733,2.6640282158041373e-05,38.793588906526566,1.8325660079717636,44.596627712249756
exponential,35,10000,4720,0.00038120700628496706,0.000383123813662678,0.00038253313382022335,0.0012158607708306504,2.6886747946264222e-05,38.875752188265324,1.8325660079717636,44.68180198967457
exponential,35,10000,4730,0.0003808446344919503,0.00038115458737593145,0.0003819714486595748,0.0012122238278530037,2.6762481866171584e-05,38.95875880867243,1.8325660079717636,44.767898336052895
exponential,35,10000,4740,0.0003819184785243124,0.0003834706323686987,0.0003826056288755507,0.0012085977638793843,2.679835779417772e-05,39.041135199368,1.8325660079717636,44.85327725857496
exponential,35,10000,4750,0.0003780210099648684,0.00038122877012938263,0.00038200698129518443,0.0012049825463679765,2.662019687704742e-05,39.12353787571192,1.8325660079717636,44.93867249041796
exponential,35,10000,4760,0.00038361098268069327,0.00038186051533557476,0.0003819602247843703,0.0012013781428743052,2.6466635972610675e-05,39.20606581866741,1.8325660079717636,45.02421149611473
exponential,35,10000,4770,0.0003810462076216936,0.00038092760078143326,0.0003815324295513422,0.0011977845210509445,2.64425380009925e-05,39.28816047310829,1.8325660079717636,45.109337106347084
exponential,35,10000,4780,0.0003804663720075041,0.00038136592193041,0.00038142129103629484,0.0011942016486472286,2.6782228815136477e-05,39.3707580268383,1.8325660079717636,45.19498001039028
exponential,35,10000,4790,0.00037921906914561987,0.00038257574778981506,0.0003818791906973633,0.0011906294935089604,2.7036086976295337e-05,39.452829115092754,1.8325660079717636,45.28006660193205
exponential,35,10000,4800,0.0003821899008471519,0.0003823567123617977,0.0003821007274633952,0.0011870680235781246,2.6671903469832614e-05,39.53529565781355,1.8706298843026161,45.36556898802519
exponential,35,10000,4810,0.0003798286197707057,0.0003818041208432987,0.0003819524978922825,0.0011835172068925992,2.6429275749251246e-05,39.617772340774536,1.8706298843026161,45.53946663439274
exponential,35,10000,4820,0.00038035440957173705,0.0003823730716248974,0.0003820665751579145,0.0011799770115858692,2.6607440304360352e-05,39.700393572449684,1.8706298843026161,45.62512453645468
exponential,35,10000,4830,0.0003809501067735255,0.00038153731729835273,0.00038178155667620224,0.0011764474058867398,2.6356312446296215e-05,39.7824981585145,1.8706298843026161,45.7102040424943
exponential,35,10000,4840,0.0003792307688854635,0.0003827397100394592,0.000382129934188529,0.0011729283581190522,2.6418718334753066e-05,39.86458903551102,1.8706298843026161,45.79526359587908
exponential,35,10000,4850,0.00038221030263230205,0.0003820815531071275,0.0003821655596220613,0.001169419836701399,2.6522717234911397e-05,39.94669423252344,1.8706298843026161,45.880326084792614
exponential,35,10000,4860,0.00038072216557338834,0.0003818481432972476,0.00038200722216803214,0.0011659218101468403,2.641906394273974e-05,40.02875651419163,1.8706298843026161,45.965352796018124
exponential,35,10000,4870,0.000382815720513463,0.0003819212346570566,0.00038199789177354755,0.0011624342470626214,2.6445968615007587e-05,40.110890969634056,1.8706298843026161,46.05050252377987
exponential,35,10000,4880,0.00038432987639680505,0.0003822136437520385,0.00038210976933623816,0.0011589571161498917,2.6619880372891203e-05,40.19302400946617,1.8706298843026161,46.13562222570181
exponential,35,10000,4890,0.0003808485926128924,0.0003820453304797411,0.00038207487031022123,0.001155490386203423,2.633072108437773e-05,40.2755107358098,1.8706298843026161,46.221105962991714
exponential,35,10000,4900,0.0003820445854216814,0.0003822283208137378,0.0003821428114274036,0.00115203402611133,2.618473081383854e-05,40.35808353871107,1.9086250588297844,46.306730039417744
exponential,35,10000,4910,0.00037945754593238235,0.00038090120069682597,0.0003816316896270525,0.0011485880048547894,2.6501837055548094e-05,40.440423898398876,1.9086250588297844,46.48041758686304
exponential,35,10000,4920,0.00038330606184899807,0.0003809016692684963,0.00038138255764613135,0.0011451522915077647,2.6567437089397572e-05,40.522440969944,1.9086250588297844,46.565465450286865
exponential,35,10000,4930,0.0003802627034019679,0.00038101849204394964,0.00038128430040683663,0.001141726855236727,2.5759192794794217e-05,40.60534331202507,1.9086250588297844,46.65140914171934
exponential,35,10000,4940,0.0003853242960758507,0.00038307087088469417,0.0003820366810589422,0.0011383116653003768,2.6476573111722246e-05,40.68764594197273,1.9086250588297844,46.73676536232233
exponential,35,10000,4950,0.0003802708233706653,0.00038158643001224847,0.00038182340730156795,0.0011349066910493703,2.6519408493186347e-05,40.769653625786304,1.9086250588297844,46.821759432554245
exponential,35,10000,4960,0.00038455810863524675,0.0003821668535238132,0.0003819699112691023,0.0011315119019260427,2.644183587108273e-05,40.852352634072304,1.9086250588297844,46.90752424299717
exponential,35,10000,4970,0.0003771164338104427,0.000381780625320971,0.0003818217017951714,0.0011281272674641362,2.629068876558449e-05,40.93434976041317,1.9086250588297844,46.99251451343298
exponential,35,10000,4980,0.0003822140279226005,0.0003818554774625227,0.0003818342062394497,0.0011247527572885241,2.6003986931755207e-05,41.01706222444773,1.9086250588297844,47.07824286818504
exponential,35,10000,4990,0.0003853160887956619,0.00038186002348084003,0.0003819023617204084,0.0011213883411149393,2.6196006729151122e-05,41.09916729480028,1.9086250588297844,47.163440987467766
exponential,35,10000,5000,0.0003833103401120752,0.00038117121439427135,0.00038167691330844993,0.001118033988749704,2.6165147573919967e-05,41.181503400206566,1.9469245299696922,47.2487617880106
exponential,35,10000,5010,0.0003811200149357319,0.00038263530004769566,0.0003820899294948342,0.0011146896700894551,2.5956584067898802e-05,41.26424928754568,1.9469245299696922,47.48497249931097
exponential,35,10000,5020,0.00037989355041645467,0.00038186477613635363,0.00038200381259128116,0.0011113553551208774,2.65015314653283e-05,41.34663914144039,1.9469245299696922,47.57040564715862
exponential,35,10000,5030,0.0003829003544524312,0.0003815450530964881,0.000381838089494669,0.0011080310139204323,2.6285759304300882e-05,41.42907612025738,1.9469245299696922,47.65584000200033
exponential,35,10000,5040,0.00038426072569563985,0.0003815457836026326,0.0003817516947070371,0.001104716616654091,2.597180355223827e-05,41.512027092278004,1.9469245299696922,47.741830833256245
exponential,35,10000,5050,0.0003803195431828499,0.0003814465890172869,0.00038160329197150096,0.001101412133577065,2.6065417841891758e-05,41.594095423817635,1.9469245299696922,47.82693113386631
exponential,35,10000,5060,0.000381798337912187,0.00038123601698316636,0.00038147587611868497,0.0010981175350335396,2.6077339498442598e-05,41.67653498053551,1.9469245299696922,47.91240671277046
exponential,35,10000,5070,0.00038350868271663785,0.0003817221964709461,0.0003816093463408021,0.0010948327914564089,2.6227638954878785e-05,41.75849814713001,1.9469245299696922,47.997354723513126
exponential,35,10000,5080,0.0003803953295573592,0.00038093023176770656,0.00038128636867495243,0.0010915578733670089,2.6376379537396133e-05,41.84070838987827,1.9469245299696922,48.08257009088993
exponential,35,10000,5090,0.00038567392039112747,0.00038197060930542646,0.0003815763782728666,0.0010882927513748543,2.6614352464093827e-05,41.92306378483772,1.9469245299696922,48.16797401756048
exponential,35,10000,5100,0.00038026703987270594,0.00038148158928379415,0.0003815214986123993,0.001085037396177373,2.583327477623243e-05,42.004973985254765,1.9851712882518768,48.25285755097866
exponential,35,10000,5110,0.00038054314791224897,0.00038210219936445354,0.00038175590961481176,0.0010817917785596455,2.610136471048463e-05,42.08728297799826,1.9851712882518768,48.43515342473984
exponential,35,10000,5120,0.0003827552718576044,0.0003823215840384364,0.0003819699090962855,0.0010785558693941408,2.6098647140315734e-05,42.16979321837425,1.9851712882518768,48.52066696435213
exponential,35,10000,5130,0.0003802769351750612,0.0003813981282291934,0.00038172992106295727,0.0010753296396404555,2.58284380834084e-05,42.25206410139799,1.9851712882518768,48.60598313063383
exponential,35,10000,5140,0.00038009005947969854,0.00038059464714024216,0.0003812691228163554,0.001072113060345053,2.6332329071010463e-05,42.33418231457472,1.9851712882518768,48.69111716002226
exponential,35,10000,5150,0.00038252235390245914,0.00038111511385068296,0.0003812249978986154,0.0010689061026410045,2.587266317277681e-05,42.41691093146801,1.9851712882518768,48.77685444802046
exponential,35,10000,5160,0.00038167950697243214,0.00038190758205018937,0.0003814958080934447,0.0010657087377477295,2.5685634682304226e-05,42.49899485707283,1.9851712882518768,48.86195707321167
exponential,35,10000,5170,0.00038136105285957456,0.00038248679193202405,0.0003818724439631802,0.0010625209369707373,2.633001895446796e-05,42.5814586058259,1.9851712882518768,48.947484619915485
exponential,35,10000,5180,0.0003817118704319,0.0003820107347564772,0.00038187866379681525,0.001059342671701369,2.6496374630369246e-05,42.66365794837475,1.9851712882518768,49.032724149525166
exponential,35,10000,5190,0.0003788479370996356,0.0003810424474067986,0.0003815369478193618,0.001056173913416542,2.5768429622985423e-05,42.74594817310572,1.9851712882518768,49.11800950020552
exponential,35,10000,5200,0.0003834222734440118,0.00038137403898872433,0.0003814960917160351,0.001053014633678493,2.5776029360713437e-05,42.828103981912136,2.023084320127964,49.20320372283459
exponential,35,10000,5210,0.000384290877263993,0.00038241495494730773,0.00038190240435106586,0.0010498648041345233,2.5989082132582553e-05,42.910520508885384,2.023084320127964,49.37734227627516
exponential,35,10000,5220,0.00037933490239083767,0.00038004522502887994,0.0003811963312358922,0.0010467243965167439,2.6097566660610028e-05,42.99261715263128,2.023084320127964,49.46248595416546
exponential,35,10000,5230,0.00037976703606545925,0.0003816213371464983,0.00038135721520994234,0.001043593382641823,2.6429837816976942e-05,43.075153812766075,2.023084320127964,49.54804089665413
exponential,35,10000,5240,0.0003802581923082471,0.0003810177877312526,0.00038121592744121797,0.001040471734410731,2.6064750272780657e-05,43.157548032701015,2.023084320127964,49.63345614820719
exponential,35,10000,5250,0.0003819203993771225,0.00038123093836475166,0.00038120217755338153,0.0010373594238084899,2.5737754185684025e-05,43.23988812416792,2.023084320127964,49.71882100403309
exponential,35,10000,5260,0.000381325779017061,0.00038038862112443894,0.00038090376425491823,0.0010342564229039223,2.575119651737623e-05,43.32222746312618,2.023084320127964,49.80417710542679
exponential,35,10000,5270,0.0003812064533121884,0.0003814651456195861,0.00038107435142313724,0.0010311627038493989,2.6026555133285e-05,43.40424082428217,2.023084320127964,49.889176562428474
exponential,35,10000,5280,0.0003845923056360334,0.0003808276291238144,0.0003810404878831577,0.0010280782388805895,2.5901606932166032e-05,43.486423410475254,2.023084320127964,49.97432140260935
exponential,35,10000,5290,0.0003773257485590875,0.0003804502688581124,0.0003807570728352254,0.0010250030003162154,2.5649898816482164e-05,43.56861752271652,2.023084320127964,50.05954845249653
exponential,35,10000,5300,0.00037910405080765486,0.0003805381420534104,0.0003806376267613178,0.0010219369605577978,2.5422797989449464e-05,43.65073028206825,2.0612432584166527,50.14466945827007
exponential,35,10000,5310,0.0003792429342865944,0.00038042047526687384,0.0003805616197655631,0.001018880092089413,2.5697519959066994e-05,43.73329243063927,2.0612432584166527,50.319145031273365
exponential,35,10000,5320,0.0003830476780422032,0.0003809094137977809,0.00038072881820733716,0.0010158323674774434,2.547245821915567e-05,43.81544440984726,2.0612432584166527,50.40430419892073
exponential,35,10000,5330,0.00038172572385519743,0.00038121070247143507,0.00038094443957188684,0.001012793759370333,2.5907344024744816e-05,43.89823820441961,2.0612432584166527,50.490152433514595
exponential,35,10000,5340,0.0003797399112954736,0.0003814152907580137,0.0003810865369410363,0.0010097642404983404,2.5896497390931472e-05,43.98034716397524,2.0612432584166527,50.57529703527689
exponential,35,10000,5350,0.0003771976917050779,0.0003812185866991058,0.000381100514544956,0.001006743783673296,2.595064688648563e-05,44.063049264252186,2.0612432584166527,50.66104856133461
exponential,35,10000,5360,0.00038023508386686444,0.0003805023530730978,0.00038086301861279924,0.0010037323617883554,2.580441469035577e-05,44.145426005125046,2.0612432584166527,50.746459893882275
exponential,35,10000,5370,0.0003779657417908311,0.00038004895322956144,0.0003804718103110095,0.0010007299478177582,2.5747196559677832e-05,44.22798590362072,2.0612432584166527,50.83204907178879
exponential,35,10000,5380,0.0003798786783590913,0.000381089115398936,0.000380770297636186,0.0009977365148165853,2.5747545805643313e-05,44.310524597764015,2.0612432584166527,50.91764639317989
exponential,35,10000,5390,0.00037980329943820834,0.0003796186967520043,0.0003803700518493317,0.0009947520359205153,2.570473589003086e-05,44.39256592094898,2.0612432584166527,51.002712436020374
exponential,35,10000,5400,0.00037952663842588663,0.0003808608977124095,0.00038047634425070475,0.0009917764843455853,2.541445974202361e-05,44.47536597400904,2.099508799612522,51.08855979144573
exponential,35,10000,5410,0.00037995824823156,0.0003813501331023872,0.0003808222920401062,0.00098880983338795,2.5504452423774637e-05,44.557756312191486,2.099508799612522,51.26312243193388
exponential,35,10000,5420,0.00038433034205809236,0.00038177904207259417,0.00038123637652402335,0.0009858520564236422,2.566565126471687e-05,44.640252232551575,2.099508799612522,51.34867050498724
exponential,35,10000,5430,0.00037819650606252253,0.0003795140044530854,0.00038045283080533635,0.000982903126908333,2.5636536520323716e-05,44.722361631691456,2.099508799612522,51.43376675248146
exponential,35,10000,5440,0.00038070755545049906,0.00038025552348699423,0.0003804090921157181,0.0009799630183770951,2.535661042202264e-05,44.80493991822004,2.099508799612522,51.5193647891283
exponential,35,10000,5450,0.00038032280281186104,0.00038042858068365604,0.0003804695796431422,0.000977031704444164,2.5309511329396628e-05,44.887027345597744,2.099508799612522,51.60444764792919
exponential,35,10000,5460,0.0003863489255309105,0.00038068418798502534,0.00038063800523571105,0.0009741091588027013,2.6202307708445005e-05,44.969513691961765,2.099508799612522,51.68996684253216
exponential,35,10000,5470,0.0003828729677479714,0.00037961921188980343,0.0003803563670768129,0.0009711953552245591,2.560329085099511e-05,45.05199562013149,2.099508799612522,51.77546714991331
exponential,35,10000,5480,0.0003839948622044176,0.00038132703339215367,0.00038082381115857507,0.0009682902675600447,2.5697341698105447e-05,45.1340649202466,2.099508799612522,51.86052142828703
exponential,35,10000,5490,0.00038063255487941206,0.00038014784222468735,0.0003805338006533304,0.0009653938697376851,2.5581763111404143e-05,45.21718483418226,2.099508799612522,51.9467793032527
exponential,35,10000,5500,0.0003808954788837582,0.00038026692636776714,0.0003804306822197626,0.0009625061357639942,2.5645867935963906e-05,45.29912781715393,2.137786418199539,52.03174474090338
exponential,35,10000,5510,0.00037687941221520305,0.0003801366954576224,0.00038027427111451295,0.0009596270397232385,2.5233586711692624e-05,45.38174166530371,2.137786418199539,52.213706471025944
exponential,35,10000,5520,0.00037736695958301425,0.0003794952324824408,0.0003799395923751316,0.000956756555777205,2.529064477130305e-05,45.46406704187393,2.137786418199539,52.2990555614233
exponential,35,10000,5530,0.0003773717035073787,0.0003793529176618904,0.0003796609277195351,0.0009538946581649692,2.5357268896186724e-05,45.546728290617466,2.137786418199539,52.38473295420408
exponential,35,10000,5540,0.0003779226099140942,0.00038089419540483506,0.00038008765500381766,0.0009510413212026642,2.5646566427894868e-05,45.62864926457405,2.137786418199539,52.469636268913746
exponential,35,10000,5550,0.0003819066332653165,0.0003818584023974836,0.00038077635802899316,0.0009481965192832494,2.5469700631219894e-05,45.71131359785795,2.137786418199539,52.55534904450178
exponential,35,10000,5560,0.00037867360515519977,0.0003800423874054104,0.0003804537356201829,0.0009453602268762821,2.540304558351636e-05,45.79337701946497,2.137786418199539,52.64042943716049
exponential,35,10000,5570,0.00037912337575107813,0.00037938293244224044,0.0003799985403921414,0.0009425324185276868,2.5399913283763453e-05,45.875886745750904,2.137786418199539,52.72593850642443
exponential,35,10000,5580,0.0003811744099948555,0.00037944098294246943,0.0003797181511533518,0.0009397130688595281,2.57844749285141e-05,45.95826982706785,2.137786418199539,52.811367228627205
exponential,35,10000,5590,0.00037870925734750926,0.00038102063990663737,0.0003802308212517336,0.0009369021525697817,2.5304607333964668e-05,46.04046109318733,2.137786418199539,52.89658150076866
exponential,35,10000,5600,0.00037940722540952265,0.00038031086733099074,0.00038028297905857907,0.0009340996444321083,2.5100209313677624e-05,46.123284965753555,2.1757989674806595,52.982455514371395
exponential,35,10000,5610,0.00038388310349546373,0.00038103197293821723,0.000380557518709553,0.0009313055192956266,2.520001544326078e-05,46.2055591866374,2.1757989674806595,53.15691511332989
exponential,35,10000,5620,0.0003790568734984845,0.00037994942686054857,0.00038029589775719183,0.0009285197520846886,2.5202500182786025e-05,46.28761797398329,2.1757989674806595,53.241965875029564
exponential,35,10000,5630,0.0003821526188403368,0.00038094953633844854,0.0003805480485527026,0.0009257423177986531,2.5427578293601982e-05,46.370144970715046,2.1757989674806595,53.32750777155161
exponential,35,10000,5640,0.0003815540694631636,0.00038182143762242047,0.0003810753671763396,0.0009229731915116621,2.5425957574043423e-05,46.45268527418375,2.1757989674806595,53.413097225129604
exponential,35,10000,5650,0.0003818959230557084,0.00038055378245189787,0.00038088301282087234,0.0009202123483724175,2.5384104446857236e-05,46.534843511879444,2.1757989674806595,53.498268254101276
exponential,35,10000,5660,0.0003821310237981379,0.0003816929616732523,0.0003811898234894936,0.0009174597636039572,2.5791508960537612e-05,46.617665991187096,2.1757989674806595,53.58412231504917
exponential,35,10000,5670,0.00038052856689319015,0.000381137224030681,0.00038116336413266826,0.0009147154125034333,2.502511597413104e-05,46.69962465763092,2.1757989674806595,53.669077061116695
exponential,35,10000,5680,0.00037987646646797657,0.0003804766980465502,0.00038094280826842176,0.0009119792704418905,2.504087024135515e-05,46.78213556110859,2.1757989674806595,53.7546001970768
exponential,35,10000,5690,0.0003801999264396727,0.00037915962166152896,0.0003802503929597358,0.0009092513128640444,2.495408807590138e-05,46.86442129313946,2.1757989674806595,53.83990413695574
exponential,35,10000,5700,0.0003819972334895283,0.000380671423044987,0.0003804652959041802,0.0009065315152880621,2.5184857804561034e-05,46.94667835533619,2.214540846645832,53.925205536186695
exponential,35,10000,5710,0.0003854694659821689,0.0003793020732700825,0.00038004425932142274,0.0009038198533053418,2.55560407822486e-05,47.029179476201534,2.214540846645832,54.100903041660786
exponential,35,10000,5720,0.0003829349880106747,0.00038123882550280543,0.000380518391043346,0.0009011163025802938,2.5412535251234658e-05,47.11176907271147,2.214540846645832,54.18651484698057
exponential,35,10000,5730,0.00038024253444746137,0.0003799551341217011,0.00038032635581725576,0.0008984208388501224,2.537867840146646e-05,47.19428917020559,2.214540846645832,54.27213330566883
exponential,35,10000,5740,0.0003807072062045336,0.00038064610271248966,0.000380503154797786,0.0008957334379246076,2.5348075723741204e-05,47.27674278616905,2.214540846645832,54.3576218560338
exponential,35,10000,5750,0.0003829886263702065,0.00038105979620013387,0.0003807651325755897,0.0008930540756858888,2.532443068048451e-05,47.35955698788166,2.214540846645832,54.44352149963379
exponential,35,10000,5760,0.00038396648596972227,0.0003798880585236475,0.0003804500264794314,0.0008903827280882475,2.5205921701854095e-05,47.44162281602621,2.214540846645832,54.52856274694204
exponential,35,10000,5770,0.00037993944715708494,0.00037932712002657353,0.00037999726462889136,0.0008877193711578928,2.545273491705302e-05,47.52454198151827,2.214540846645832,54.614493042230606
exponential,35,10000,5780,0.00038533369661308825,0.0003808425826719031,0.000380429114280856,0.0008850639809927441,2.5149258362944238e-05,47.60693744570017,2.214540846645832,54.699868872761726
exponential,35,10000,5790,0.0003782022395171225,0.0003794679039856419,0.0003800316691652937,0.0008824165337622191,2.502662937331479e-05,47.688793271780014,2.214540846645832,54.78471065312624
exponential,35,10000,5800,0.0003806262684520334,0.0003804441075772047,0.0003802088785190609,0.0008797770057070181,2.4759840016486123e-05,47.77086078375578,2.252708576619625,54.869723588228226
exponential,35,10000,5810,0.00038053805474191904,0.0003804204723564908,0.00038031005968753337,0.0008771453731389113,2.5038239982677624e-05,47.85305318981409,2.252708576619625,55.04528006911278
exponential,35,10000,5820,0.0003795178490690887,0.00038016372127458453,0.00038019082298312856,0.0008745216124405267,2.4975995984277688e-05,47.935103707015514,2.252708576619625,55.130314610898495
exponential,35,10000,5830,0.0003784361178986728,0.0003812398499576375,0.00038060473860022156,0.0008719057000651379,2.5014767743414268e-05,48.01730268448591,2.252708576619625,55.21546933054924
exponential,35,10000,5840,0.0003804223088081926,0.0003804954729275778,0.0003805768009307117,0.0008692976125364517,2.53559228440281e-05,48.099962286651134,2.252708576619625,55.301130220294
exponential,35,10000,5850,0.00038143963320180774,0.0003811732633039355,0.0003807895443148489,0.0008666973264483992,2.5066923626582138e-05,48.1820512637496,2.252708576619625,55.38620851188898
exponential,35,10000,5860,0.0003826012252829969,0.00038004879606887696,0.0003804878796629805,0.0008641048184649248,2.5259027097490616e-05,48.264820106327534,2.252708576619625,55.47199568897486
exponential,35,10000,5870,0.00037976517342031,0.00038038128695916384,0.00038039924758839566,0.0008615200653197767,2.5293478756793775e-05,48.347104877233505,2.252708576619625,55.55733950436115
exponential,35,10000,5880,0.0003816080279648304,0.0003804458305239677,0.000380428954725606,0.0008589430438162982,2.54206115641864e-05,48.42952548712492,2.252708576619625,55.6427628621459
exponential,35,10000,5890,0.0003798642719630152,0.0003801249724347144,0.0003803328959654022,0.0008563737308272195,2.492222483851947e-05,48.5119995623827,2.252708576619625,55.72825589776039
exponential,35,10000,5900,0.0003815704840235412,0.00038059042999520897,0.00038045218890350296,0.0008538121032944507,2.511947059247177e-05,48.59417752921581,2.290941044688225,55.81351338326931
exponential,35,10000,5910,0.0003786524757742882,0.00037958987231831995,0.0003801108289426204,0.000851258138228874,2.5422003091080114e-05,48.67677891254425,2.290941044688225,55.98906850069761
exponential,35,10000,5920,0.00038282215245999396,0.00038112972397357224,0.0003804919869435587,0.0008487118127101379,2.4770833988441154e-05,48.75931127369404,2.290941044688225,56.074614867568016
exponential,35,10000,5930,0.000381871999707073,0.0003793927695369348,0.0003800969698673363,0.0008461731038864514,2.482080162735656e-05,48.84144350886345,2.290941044688225,56.15973951667547
exponential,35,10000,5940,0.0003842043224722147,0.000380158016923815,0.00038022384374033715,0.0008436419889743787,2.4880013370420784e-05,48.92370234429836,2.290941044688225,56.24506838619709
exponential,35,10000,5950,0.0003805407031904906,0.00037920163304079325,0.0003798824310770803,0.0008411184452586356,2.5258554160245694e-05,49.00606892257929,2.290941044688225,56.33048467338085
exponential,35,10000,5960,0.0003799420956056565,0.0003800156089710072,0.00037988429196871275,0.0008386024500918842,2.530869096517563e-05,49.08826396614313,2.290941044688225,56.41566655784845
exponential,35,10000,5970,0.0003785167937166989,0.0003802768827881664,0.0003800173092127415,0.0008360939808945308,2.51212804869283e-05,49.171018332242966,2.290941044688225,56.50146412849426
exponential,35,10000,5980,0.0003735809004865587,0.0003789207024965435,0.00037951446042400465,0.0008335930151545229,2.466988553351257e-05,49.253296226263046,2.290941044688225,56.58676862716675
exponential,35,10000,5990,0.0003813178918790072,0.0003803524246904999,0.0003798776878330872,0.0008310995304271469,2.511624370526988e-05,49.335566602647305,2.290941044688225,56.67201191186905
exponential,35,10000,6000,0.00038187444442883134,0.00037941024056635796,0.0003797510050157683,0.0008286135043348277,2.4679147827555425e-05,49.4180371761322,2.328975684940815,56.757488667964935
exponential,35,10000,6010,0.0003800987615250051,0.0003804918669629842,0.00038004307733088485,0.0008261349145669261,2.495693479431793e-05,49.500378124415874,2.328975684940815,56.996611937880516
exponential,35,10000,6020,0.00037952279672026634,0.0003794308431679383,0.0003797814913237052,0.0008236637388795401,2.5311863282695413e-05,49.58257032185793,2.328975684940815,57.08179997652769
exponential,35,10000,6030,0.00038194135413505137,0.00037987671385053545,0.00037978106179343695,0.0008211999550953048,2.4911172658903524e-05,49.66528184711933,2.328975684940815,57.16757134348154
exponential,35,10000,6040,0.0003815885283984244,0.0003793741954723373,0.0003796127421973883,0.0008187435411031934,2.5169740183628164e-05,49.747379787266254,2.328975684940815,57.25265248864889
exponential,35,10000,6050,0.00037647990393452346,0.0003796962148044258,0.00037959196300680465,0.0008162944748583185,2.5250408725696616e-05,49.83026657253504,2.328975684940815,57.33856752514839
exponential,35,10000,6060,0.00038017588667571545,0.00037912731058895586,0.0003794008519975939,0.0008138527343817347,2.4920593205024488e-05,49.91255182027817,2.328975684940815,57.423899963498116
exponential,35,10000,6070,0.0003788475878536701,0.00038008179690223186,0.00037961643291259715,0.0008114182977602406,2.460631003486924e-05,49.99507365375757,2.328975684940815,57.509432569146156
exponential,35,10000,6080,0.00038062589010223746,0.0003782816929742694,0.00037909098974338117,0.0008089911431461828,2.449765452183783e-05,50.07757890969515,2.328975684940815,57.59496355801821
exponential,35,10000,6090,0.00038057228084653616,0.00038045888650231066,0.0003796223777654327,0.0008065712487572603,2.497596142347902e-05,50.15975210815668,2.328975684940815,57.68012075126171
exponential,35,10000,6100,0.00037727472954429686,0.0003787566121900454,0.0003792239786304579,0.0008041585928763279,2.4689934434718452e-05,50.24255350232124,2.366994932293892,57.76603525876999
exponential,35,10000,6110,0.00037834496470168233,0.00038011886354070155,0.0003795471074031829,0.0008017531538512018,2.4560773454140872e-05,50.3247941210866,2.366994932293892,57.94899046421051
exponential,35,10000,6120,0.0003852395457215607,0.00038009261479601266,0.0003797789434266734,0.0007993549100944653,2.4842334823915735e-05,50.40693923085928,2.366994932293892,58.0341369882226
exponential,35,10000,6130,0.00037829941720701754,0.00037927772209513935,0.00037956296567706073,0.0007969638400832754,2.4826878870953806e-05,50.489362083375454,2.366994932293892,58.11954557150602
exponential,35,10000,6140,0.0003786245943047106,0.0003800535196205601,0.0003797316529554806,0.0007945799223591687,2.5388693757122383e-05,50.5718000754714,2.366994932293892,58.205028757452965
exponential,35,10000,6150,0.00038146309088915586,0.00038107467698864637,0.00038028708889951653,0.0007922031355278695,2.4666036551934667e-05,50.653831876814365,2.366994932293892,58.29004818201065
exponential,35,10000,6160,0.00037892372347414494,0.000379225640790537,0.00037979599467415564,0.0007898334582590983,2.474177563271951e-05,50.73640587925911,2.366994932293892,58.37565666437149
exponential,35,10000,6170,0.0003792764327954501,0.0003795087424805388,0.000379676261871504,0.0007874708692863795,2.427363142487593e-05,50.81846583634615,2.366994932293892,58.46075385808945
exponential,35,10000,6180,0.00037891327519901097,0.00037928027159068735,0.0003794895871031339,0.0007851153474068503,2.4589804525021464e-05,50.90106475353241,2.366994932293892,58.54634705930948
exponential,35,10000,6190,0.0003801709972321987,0.000378593584173359,0.0003791958907257606,0.0007827668714810719,2.4430095436400734e-05,50.98347157239914,2.366994932293892,58.63176420331001
exponential,35,10000,6200,0.00038109265733510256,0.00037895754794590173,0.0003791186055167664,0.0007804254204328382,2.4873492293409072e-05,51.06585253030062,2.4052018746733665,58.717151284217834
exponential,35,10000,6210,0.00038181254058144987,0.0003802736144280061,0.0003795702612935759,0.0007780909732489874,2.468187449267134e-05,51.14820070564747,2.4052018746733665,58.89256330579519
exponential,35,10000,6220,0.0003797758836299181,0.00037915891443844884,0.00037940913796185064,0.0007757635089792134,2.4666185709065758e-05,51.23039781302214,2.4052018746733665,58.977759189903736
exponential,35,10000,6230,0.00037933472776785493,0.0003793737356318161,0.0003793739983685982,0.0007734430067358775,2.4630104235257022e-05,51.31246271729469,2.4052018746733665,59.062791116535664
exponential,35,10000,6240,0.0003759789979085326,0.0003778622776735574,0.00037872881898933506,0.0007711294456938213,2.4633009161334485e-05,51.394531674683094,2.4052018746733665,59.147835314273834
exponential,35,10000,6250,0.0003757945087272674,0.0003784759639529511,0.0003786129122766609,0.0007688228050901798,2.454753303027246e-05,51.47663988173008,2.4052018746733665,59.23291552066803
exponential,35,10000,6260,0.00037577253533527255,0.00037875730195082726,0.00037865935401109924,0.0007665230642241946,2.4476823455188423e-05,51.5587744563818,2.4052018746733665,59.31802259385586
exponential,35,10000,6270,0.0003818869299720973,0.0003782793239224702,0.0003785766861142021,0.0007642302024570285,2.478624264767859e-05,51.64092317223549,2.4052018746733665,59.40317493677139
exponential,35,10000,6280,0.00038318612496368587,0.00037867599457968025,0.0003786158769686526,0.0007619441992115806,2.4831490009091794e-05,51.72367952764034,2.4052018746733665,59.48894851654768
exponential,35,10000,6290,0.0003782795974984765,0.00037980072665959596,0.0003790868226695367,0.0007596650339723006,2.461974509060383e-05,51.80573755502701,2.4052018746733665,59.57397898286581
exponential,35,10000,6300,0.0003771157353185117,0.0003786816378124058,0.0003789261656917022,0.0007573926862850059,2.4498534912709147e-05,51.88820118457079,2.4434033557772636,59.65947972238064
exponential,35,10000,6310,0.00037816623807884753,0.0003795328811975196,0.00037917090320111434,0.000755127135756697,2.4425396986771375e-05,51.970593214035034,2.4434033557772636,59.83501683175564
exponential,35,10000,6320,0.0003814551164396107,0.00037978562759235503,0.00037936815761714475,0.0007528683620553754,2.4546692657168023e-05,52.05294545739889,2.4434033557772636,59.92044222354889
exponential,35,10000,6330,0.0003815626259893179,0.00037965394731145354,0.0003795200161490769,0.0007506163449098603,2.428509651508648e-05,52.13504058122635,2.4434033557772636,60.00555267184973
exponential,35,10000,6340,0.00037629742291755974,0.0003786902729189023,0.00037912984564718186,0.0007483710641096071,2.4528872017981485e-05,52.21778877824545,2.4434033557772636,60.09136217832565
exponential,35,10000,6350,0.0003809080517385155,0.0003792535339016467,0.00037921337119489355,0.0007461324995045264,2.4160945031326264e-05,52.300052151083946,2.4434033557772636,60.176684215664864
exponential,35,10000,6360,0.00037888920633122325,0.00037943637289572507,0.0003793154975645275,0.0007439006310048025,2.4323633624590002e-05,52.382322676479816,2.4434033557772636,60.26198206841946
exponential,35,10000,6370,0.000379866425646469,0.00037980932975187896,0.0003795947850769036,0.000741675438580713,2.4608334570075385e-05,52.464792154729366,2.4434033557772636,60.3475176692009
exponential,35,10000,6380,0.0003832238435279578,0.00037811215443070976,0.00037901669092760455,0.00073945690226245,2.431127541058231e-05,52.54687777906656,2.4434033557772636,60.43261180818081
exponential,35,10000,6390,0.0003768157912418246,0.0003788996633375064,0.00037893328345225746,0.0007372450021399394,2.4565713829360902e-05,52.62953381240368,2.4434033557772636,60.51827573031187
exponential,35,10000,6400,0.0003784687432926148,0.00037954806466586886,0.00037915606382481854,0.0007350397183626642,2.457297705404926e-05,52.71192213147879,2.481668181717396,60.60374714434147
exponential,35,10000,6410,0.0003796570235863328,0.0003791102004470304,0.0003791705986252186,0.0007328410311394848,2.4325867343577556e-05,52.79432962834835,2.481668181717396,60.77966759353876
exponential,35,10000,6420,0.00038026535185053945,0.0003786673158174381,0.0003790296426251686,0.0007306489207384614,2.448593841108959e-05,52.87665348500013,2.481668181717396,60.86508424580097
exponential,35,10000,6430,0.00037898647133260965,0.00037872047687415034,0.0003789142825067482,0.0007284633674866779,2.4574092094553635e-05,52.95910435169935,2.481668181717396,60.95054820179939
exponential,35,10000,6440,0.00037762802094221115,0.0003777454927330837,0.00037842828504318913,0.0007262843517700645,2.478826354490593e-05,53.04126138240099,2.481668181717396,61.03572480380535
exponential,35,10000,6450,0.00037801897269673645,0.00038000185450073334,0.0003790872407386161,0.0007241118540332222,2.4256161850644276e-05,53.12391649931669,2.481668181717396,61.12142138928175
exponential,35,10000,6460,0.0003787291352637112,0.0003791348193772137,0.00037911827371761754,0.0007219458547792469,2.4664172087796032e-05,53.205978855490685,2.481668181717396,61.20647785067558
exponential,35,10000,6470,0.0003800746635533869,0.00037846536142751577,0.0003788361094540762,0.0007197863345695547,2.430822678434197e-05,53.28846853226423,2.481668181717396,61.291952565312386
exponential,35,10000,6480,0.0003812816576100886,0.00037911494728177787,0.00037896957992546306,0.0007176332740237074,2.4715889594517648e-05,53.37111399322748,2.481668181717396,61.37767870724201
exponential,35,10000,6490,0.000377502350602299,0.0003789823531406,0.0003789308332741287,0.0007154866538192384,2.45126702793641e-05,53.45335901528597,2.481668181717396,61.46294781565666
exponential,35,10000,6500,0.00037877424620091915,0.00037904349155724046,0.00037906055465063024,0.0007133464546914796,2.444595520501025e-05,53.53617699444294,2.519850067794323,61.54880256950855
exponential,35,10000,6510,0.00037926947697997093,0.00037993413279764355,0.00037938824898016427,0.0007112126574333881,2.4054254026850685e-05,53.61846228688955,2.519850067794323,61.724571615457535
exponential,35,10000,6520,0.00037882139440625906,0.0003786258050240576,0.00037908705290624277,0.0007090852428953743,2.4037237380980514e-05,53.700609996914864,2.519850067794323,61.80978985130787
exponential,35,10000,6530,0.0003791563503909856,0.00037887996586505324,0.00037905775987735497,0.0007069641919851294,2.4241411665570922e-05,53.7829028442502,2.519850067794323,61.89510576426983
exponential,35,10000,6540,0.0003793730866163969,0.0003802986553637311,0.0003795184336991781,0.000704849485667455,2.443663834128529e-05,53.86572063714266,2.519850067794323,61.9809839501977
exponential,35,10000,6550,0.0003799043770413846,0.000378737025312148,0.0003792597265595274,0.0007027411049640915,2.4701877919142134e-05,53.94782155752182,2.519850067794323,62.06615334004164
exponential,35,10000,6560,0.00038072638562880456,0.0003801708051469177,0.0003796390031571583,0.0007006390309535476,2.4837065211613663e-05,54.03032425791025,2.519850067794323,62.15167919546366
exponential,35,10000,6570,0.0003765524597838521,0.00037924338248558344,0.00037943210560305437,0.0006985432447709318,2.412569483567495e-05,54.112664587795734,2.519850067794323,62.23702870309353
exponential,35,10000,6580,0.00037694795173592865,0.00037879852461628614,0.00037918016695064516,0.0006964537276077811,2.433866757201031e-05,54.19500283896923,2.519850067794323,62.322394870221615
exponential,35,10000,6590,0.00038065348053351045,0.000378924046526663,0.00037910798369286165,0.000694370460711894,2.4083827156573534e-05,54.27752319723368,2.519850067794323,62.40838913619518
exponential,35,10000,6600,0.00037772575160488486,0.0003795637021539733,0.00037930651296526265,0.0006922934253871616,2.4202985514421016e-05,54.35951568931341,2.557897038757801,62.49342069029808
exponential,35,10000,6610,0.00037854016409255564,0.0003787873109104112,0.00037910073612106737,0.0006902226029933996,2.4462646251777187e-05,54.441795974969864,2.557897038757801,62.66903526335955
exponential,35,10000,6620,0.00037897631409578025,0.0003795362485107034,0.0003792621390125841,0.0006881579749461809,2.4211474737967364e-05,54.52391557395458,2.557897038757801,62.75419621914625
exponential,35,10000,6630,0.00037905736826360226,0.00037869687657803296,0.00037899088948724455,0.0006860995227166691,2.4253688025055453e-05,54.60605385154486,2.557897038757801,62.839332796633244
exponential,35,10000,6640,0.0003760289400815964,0.0003791808558162302,0.0003790555726964601,0.0006840472278314526,2.427311301289592e-05,54.68823371082544,2.557897038757801,62.92454322427511
exponential,35,10000,6650,0.00038124705315567553,0.0003785331093240529,0.0003788315721438387,0.0006820010718723777,2.4438595573883504e-05,54.77066443115473,2.557897038757801,63.01000044494867
exponential,35,10000,6660,0.00038201804272830486,0.0003799160971539095,0.0003792767298375277,0.0006799610364763846,2.4007105821510777e-05,54.85327362269163,2.557897038757801,63.09564672410488
exponential,35,10000,6670,0.0003780099214054644,0.0003777920501306653,0.0003786870557189152,0.0006779271033353416,2.379490979365073e-05,54.93549607694149,2.557897038757801,63.1808772534132
exponential,35,10000,6680,0.00038086960557848215,0.00037909915263298897,0.0003788924990455366,0.0006758992541958817,2.4156553990906104e-05,55.01828374713659,2.557897038757801,63.2667270898819
exponential,35,10000,6690,0.0003759160463232547,0.0003777130681555718,0.00037836579083710335,0.0006738774708592377,2.4551725800847635e-05,55.10044549405575,2.557897038757801,63.35194402188063
exponential,35,10000,6700,0.0003820398123934865,0.0003795579104917124,0.00037890022897707184,0.0006718617351810796,2.480975308571942e-05,55.183258913457394,2.5960448682308197,63.43778497725725
exponential,35,10000,6710,0.00037873521796427667,0.00037823808670509604,0.00037860961059713727,0.000669852029071352,2.4239365302491933e-05,55.26556771248579,2.5960448682308197,63.613781318068504
exponential,35,10000,6720,0.0003801097918767482,0.0003797929326537997,0.0003791522653495009,0.0006678483344941108,2.432758810755331e-05,55.34798964112997,2.5960448682308197,63.69925893843174
exponential,35,10000,6730,0.0003841624711640179,0.00037910021492280064,0.000379192064320858,0.0006658506334673624,2.4280339857796207e-05,55.43025114387274,2.5960448682308197,63.78456922620535
exponential,35,10000,6740,0.0003779797116294503,0.0003782278799917549,0.00037882109883946596,0.0006638589080629016,2.4400347683695145e-05,55.51305406540632,2.5960448682308197,63.870477855205536
exponential,35,10000,6750,0.0003767336602322757,0.0003793647832935676,0.0003790129265956508,0.0006618731404061507,2.423553087282926e-05,55.595217265188694,2.5960448682308197,63.95564801990986
exponential,35,10000,6760,0.0003778137033805251,0.00037956325977575036,0.0003792222334118084,0.0006598933126759997,2.4396111257374287e-05,55.67770244926214,2.5960448682308197,64.04113407433033
exponential,35,10000,6770,0.0003796215169131756,0.0003778590733418241,0.00037870386966523716,0.0006579194071046459,2.437934927002061e-05,55.76012582331896,2.5960448682308197,64.12662586569786
exponential,35,10000,6780,0.0003832450893241912,0.0003793199633946642,0.00037895590804450265,0.0006559514059774344,2.4068782295216806e-05,55.842345863580704,2.5960448682308197,64.21187856048346
exponential,35,10000,6790,0.00037675973726436496,0.0003773702454054728,0.0003783544899621591,0.0006539892916326995,2.4101171220536344e-05,55.925135642290115,2.5960448682308197,64.29767591506243
exponential,35,10000,6800,0.00038484923425130546,0.00037842354795429855,0.00037842513586762775,0.0006520330464616057,2.4097709683701396e-05,56.00714584439993,2.6341447308659554,64.38274436444044
exponential,35,10000,6810,0.00037965242518112063,0.0003802639024797827,0.00037911009139945294,0.00065008265290799,2.3788423277437687e-05,56.08983135223389,2.6341447308659554,64.55938433855772
exponential,35,10000,6820,0.0003783203137572855,0.0003788705420447513,0.0003789923135285297,0.0006481380934682043,2.434154157526791e-05,56.1720235273242,2.6341447308659554,64.6445939540863
exponential,35,10000,6830,0.0003762376436498016,0.00037948635290376844,0.0003791303078244032,0.0006461993506909584,2.3687838620389812e-05,56.25429181009531,2.6341447308659554,64.72989021986723
exponential,35,10000,6840,0.0003814709489233792,0.00037921554467175157,0.00037921758276191246,0.000644266407177163,2.4359893359360285e-05,56.336324609816074,2.6341447308659554,64.8150023445487
exponential,35,10000,6850,0.00037976348539814353,0.000378806353546679,0.00037902777725047247,0.0006423392455797738,2.3908783987280913e-05,56.419106639921665,2.6341447308659554,64.90083315223455
exponential,35,10000,6860,0.0003761800180654973,0.0003787703200941905,0.00037889927437779905,0.0006404178486036363,2.427163053653203e-05,56.50154051184654,2.6341447308659554,64.98628790676594
exponential,35,10000,6870,0.00037466234061867,0.0003775580116780475,0.0003783260128030642,0.0006385021990053296,2.4053426386672072e-05,56.583942003548145,2.6341447308659554,65.07174104452133
exponential,35,10000,6880,0.00037988467374816537,0.00037897658767178656,0.0003786292448206859,0.0006365922795930122,2.384890649409499e-05,56.666460163891315,2.6341447308659554,65.15728804469109
exponential,35,10000,6890,0.000380335288355127,0.0003784188156714663,0.0003785712725594397,0.0006346880732262684,2.382471393502783e-05,56.74862615764141,2.6341447308659554,65.2424421980977
exponential,35,10000,6900,0.00038208795012906194,0.0003795308846747503,0.0003789979818007445,0.0006327895628159527,2.3966287699295208e-05,56.83135060220957,2.6721939891576767,65.32822039723396
exponential,35,10000,6910,0.00037725656875409186,0.0003786046843742952,0.00037885052651370885,0.0006308967313240383,2.377193231950514e-05,56.913454070687294,2.6721939891576767,65.5039114356041
exponential,35,10000,6920,0.00037778756814077497,0.00037755765370093284,0.00037829471973550236,0.0006290095617634628,2.4144088456523605e-05,56.99532537162304,2.6721939891576767,65.58880764991045
exponential,35,10000,6930,0.0003776890807785094,0.0003773066826397553,0.00037787186187599267,0.0006271280371979771,2.4040602511377074e-05,57.077645152807236,2.6721939891576767,65.67412882298231
exponential,35,10000,6940,0.00037781649734824896,0.00037941841583233327,0.0003784836286004591,0.0006252521407419921,2.3750872060190886e-05,57.16028235852718,2.6721939891576767,65.75980145484209
exponential,35,10000,6950,0.0003765537985600531,0.00037828347994945944,0.0003783906199933143,0.0006233818555604277,2.356978257012088e-05,57.2424728050828,2.6721939891576767,65.84503234177828
exponential,35,10000,6960,0.00037725651054643095,0.000378805334912613,0.00037851908808336543,0.0006215171648685618,2.394579496467486e-05,57.32529692351818,2.6721939891576767,65.93093482404947
exponential,35,10000,6970,0.000376011710613966,0.0003784125205129385,0.0003784126572032446,0.0006196580519318795,2.3150150809669867e-05,57.40755768120289,2.6721939891576767,66.01626318693161
exponential,35,10000,6980,0.00038026529364287853,0.00037865643680561333,0.0003785587911758651,0.0006178045000659237,2.3761484044371173e-05,57.48965631425381,2.6721939891576767,66.10135977715254
exponential,35,10000,6990,0.00038003548979759216,0.00037843710742890835,0.00037850569655563035,0.0006159564926361435,2.422533361823298e-05,57.57169886678457,2.6721939891576767,66.1864048987627
exponential,35,10000,7000,0.0003812198410741985,0.00037943027273286135,0.0003789460977643852,0.0006141140130577469,2.37744261539774e-05,57.65383931994438,2.710282474756241,66.27152074873447
exponential,35,10000,7010,0.00038012105505913496,0.000378611619817093,0.0003788390446428998,0.000612277044795551,2.3544314899481833e-05,57.736301243305206,2.710282474756241,66.50940445065498
exponential,35,10000,7020,0.0003821405698545277,0.0003792525356402621,0.0003791038554193092,0.0006104455713638338,2.4101716917357408e-05,57.818866692483425,2.710282474756241,66.59505136311054
exponential,35,10000,7030,0.00038240934372879565,0.00037905395729467275,0.0003790734367285314,0.0006086195763261861,2.362799750699196e-05,57.90155003964901,2.710282474756241,66.68077985942364
exponential,35,10000,7040,0.0003781768027693033,0.00037905781355220827,0.0003790978662309866,0.000606799043295364,2.4002671125344932e-05,57.98373758792877,2.710282474756241,66.76600036770105
exponential,35,10000,7050,0.00038197729736566544,0.00037779587728437036,0.0003786249105258561,0.0006049839559331423,2.4366589059354737e-05,58.066637858748436,2.710282474756241,66.8519924134016
exponential,35,10000,7060,0.00038309639785438776,0.00037776265235152097,0.0003783156769687758,0.0006031742979501672,2.4062379452516325e-05,58.148856088519096,2.710282474756241,66.93722574412823
exponential,35,10000,7070,0.0003788984613493085,0.0003786213928833604,0.00037848979655785795,0.0006013700531058104,2.3856830011936836e-05,58.23140776157379,2.710282474756241,67.02285704016685
exponential,35,10000,7080,0.0003815044183284044,0.00037885067577008157,0.0003786432065978456,0.0005995712052080236,2.3652433810639195e-05,58.3138959556818,2.710282474756241,67.10838770866394
exponential,35,10000,7090,0.0003794970689341426,0.0003789137408602983,0.0003787216369315176,0.0005977777381131925,2.379599573032465e-05,58.39626099169254,2.710282474756241,67.193728081882
exponential,35,10000,7100,0.00037636462366208434,0.00037884982593823225,0.0003787103489676533,0.000595989635725993,2.344740460102912e-05,58.47912832349539,2.7484485507011414,67.2796928808093
exponential,35,10000,7110,0.00037900605821050704,0.0003790769289480522,0.00037885819558584823,0.000594206881999246,2.39685414271662e-05,58.56140220165253,2.7484485507011414,67.46483897417784
exponential,35,10000,7120,0.00038048147689551115,0.0003783973166719079,0.00037869358313662307,0.0005924294609337732,2.3730504835839383e-05,58.64346421509981,2.7484485507011414,67.54990758746862
exponential,35,10000,7130,0.0003788743633776903,0.00037857866263948383,0.0003786651447922799,0.0005906573565782539,2.381925514782779e-05,58.72584955394268,2.7484485507011414,67.63529402017593
exponential,35,10000,7140,0.0003763923014048487,0.0003776456898776814,0.000378274135055786,0.0005888905530290817,2.3464668629458174e-05,58.80792870372534,2.7484485507011414,67.72043925523758
exponential,35,10000,7150,0.0003782776475418359,0.00037753001670353114,0.00037803763706287333,0.0005871290344302223,2.3583930669701658e-05,58.89003735780716,2.7484485507011414,67.8055604994297
exponential,35,10000,7160,0.00038091043825261295,0.0003788756061112508,0.0003783924565640074,0.0005853727849730703,2.3782824428053573e-05,58.97280292958021,2.7484485507011414,67.89134216308594
exponential,35,10000,7170,0.0003804799052886665,0.00037937037996016443,0.0003788279311829226,0.0005836217888963082,2.4074715838651173e-05,59.05504447966814,2.7484485507011414,67.97663740813732
exponential,35,10000,7180,0.00037826914922334254,0.00037863911129534247,0.00037874785474035084,0.0005818760304857642,2.3428636268363334e-05,59.1374247521162,2.7484485507011414,68.06201433390379
exponential,35,10000,7190,0.000377311633201316,0.0003771701914956793,0.00037810655469690496,0.0005801354940742717,2.3878024876466952e-05,59.21988824009895,2.7484485507011414,68.14749529212713
exponential,35,10000,7200,0.0003735982463695109,0.00037712439661845564,0.000377683690720777,0.0005784001640415282,2.3755468646413647e-05,59.30212917923927,2.7866113781929016,68.23275484144688
exponential,35,10000,7210,0.000376477517420426,0.00037819570570718497,0.0003779113880269801,0.0005766700248139557,2.362424311286304e-05,59.38437804579735,2.7866113781929016,68.40933976322412
exponential,35,10000,7220,0.00037421518936753273,0.0003774037846596912,0.0003777210863844249,0.0005749450608645608,2.3154703740146942e-05,59.46690948307514,2.7866113781929016,68.49490688741207
exponential,35,10000,7230,0.0003770655603148043,0.00037769877235405147,0.00037768399389315134,0.0005732252567127948,2.3421602236339822e-05,59.5491389259696,2.7866113781929016,68.58015765994787
exponential,35,10000,7240,0.0003783914144150913,0.00037819035351276397,0.0003778748196303047,0.0005715105969244153,2.374048017372843e-05,59.63146875053644,2.7866113781929016,68.66547351330519
exponential,35,10000,7250,0.00037799880374222994,0.0003789784939726815,0.0003783128155285363,0.0005698010661113477,2.355706601520069e-05,59.7140109911561,2.7866113781929016,68.75102365761995
exponential,35,10000,7260,0.0003796034725382924,0.0003781529609113932,0.0003782536736803357,0.0005680966489315471,2.3208769562188536e-05,59.79624640196562,2.7866113781929016,68.83624309301376
exponential,35,10000,7270,0.00038127985317260027,0.00037822280719410626,0.0003782645999211396,0.0005663973300888603,2.326132744201459e-05,59.879003539681435,2.7866113781929016,68.92206741124392
exponential,35,10000,7280,0.0003784122527576983,0.000377608064445667,0.00037797761914719216,0.0005647030943328886,2.4332843167940155e-05,59.96111310273409,2.7866113781929016,69.00716172158718
exponential,35,10000,7290,0.00038024125387892127,0.0003794270334765315,0.00037856502521793785,0.000563013926458851,2.4214870791183785e-05,60.043419897556305,2.7866113781929016,69.09244966506958
exponential,35,10000,7300,0.00037767665344290435,0.00037842728197574617,0.00037847682752620564,0.0005613298113074485,2.3376376702799462e-05,60.12587767839432,2.8245968222618103,69.17797189205885
exponential,35,10000,7310,0.00037781413993798196,0.0003778485581278801,0.00037819334844994823,0.0005596507337647265,2.366973967582453e-05,60.207859598100185,2.8245968222618103,69.35381821542978
exponential,35,10000,7320,0.00037480724859051406,0.00037863767065573486,0.00037828254956321765,0.0005579766787619403,2.3782004063832574e-05,60.289742559194565,2.8245968222618103,69.43869941681623
exponential,35,10000,7330,0.00038000568747520447,0.00037809962523169813,0.000378206648935094,0.0005563076312754196,2.344671156606637e-05,60.37226561456919,2.8245968222618103,69.52421447634697
exponential,35,10000,7340,0.0003780181286856532,0.0003787132416618988,0.00037838451136704273,0.0005546435763264337,2.3527787561761215e-05,60.45474600791931,2.8245968222618103,69.60970490425825
exponential,35,10000,7350,0.0003802738501690328,0.0003781661973334849,0.0003783279093824352,0.000552984498981057,2.378917452006135e-05,60.53686076402664,2.8245968222618103,69.69477310031652
exponential,35,10000,7360,0.000376424053683877,0.0003784764267038554,0.00037838657743840425,0.0005513303843500349,2.3584681912325323e-05,60.61894699186087,2.8245968222618103,69.7798185274005
exponential,35,10000,7370,0.00037775549571961164,0.00037843433092348276,0.0003784492856843527,0.0005496812175886504,2.3381589926430024e-05,60.700970374047756,2.8245968222618103,69.8648254647851
exponential,35,10000,7380,0.000378287339117378,0.00037793191149830817,0.0003782447484176605,0.0005480369838965906,2.360423604841344e-05,60.78300070017576,2.8245968222618103,69.94984164088964
exponential,35,10000,7390,0.00037544226506724954,0.0003770163370063528,0.0003776599492981881,0.0005463976685178145,2.3652024538023397e-05,60.86523511260748,2.8245968222618103,70.03509301692247
exponential,35,10000,7400,0.0003796963137574494,0.00037888800434302536,0.00037809844745209984,0.0005447632567404192,2.355125434405636e-05,60.94732965528965,2.862633153796196,70.1201576590538
exponential,35,10000,7410,0.00037945067742839456,0.0003783603577176109,0.00037820927721070346,0.0005431337338965095,2.3783974029356614e-05,61.029846988618374,2.862633153796196,70.29689969867468
exponential,35,10000,7420,0.0003781523846555501,0.00037889750383328645,0.0003785365094182118,0.0005415090853620654,2.3265365598490462e-05,61.11197825521231,2.862633153796196,70.38203951716423
exponential,35,10000,7430,0.00038048563874326646,0.00037832389352843165,0.00037853128436797035,0.0005398892965568111,2.348503221583087e-05,61.19447818398476,2.862633153796196,70.46754114329815
exponential,35,10000,7440,0.00037616840563714504,0.000378243561135605,0.000378434268590645,0.0005382743529440836,2.385126026638318e-05,61.2763514444232,2.862633153796196,70.55241383612156
exponential,35,10000,7450,0.0003787637106142938,0.00037713577912654726,0.000377926990183969,0.000536664240030703,2.3618944396730512e-05,61.359045162796974,2.862633153796196,70.63812202215195
exponential,35,10000,7460,0.0003763904969673604,0.0003780760249355808,0.0003779284604907709,0.0005350589433668419,2.3136930394684896e-05,61.44111332297325,2.862633153796196,70.72319431602955
exponential,35,10000,7470,0.000375016825273633,0.00037802340812049807,0.00037797564079651216,0.0005334584485458964,2.3653488824493252e-05,61.523428812623024,2.862633153796196,70.808544524014
exponential,35,10000,7480,0.000373829563613981,0.00037816292606294153,0.0003780205619783147,0.000531862741204356,2.2954936866881326e-05,61.60603332519531,2.862633153796196,70.89418181777
exponential,35,10000,7490,0.00037725240690633655,0.00037921686889603735,0.0003784964069529545,0.0005302718070216751,2.3409364075632766e-05,61.68829648196697,2.862633153796196,70.97943110018969
exponential,35,10000,7500,0.0003768758615478873,0.00037907538935542104,0.00037866609609744564,0.0005286856317201445,2.3549700927105732e-05,61.77097397297621,2.9006655886769295,71.06515859812498
exponential,35,10000,7510,0.00038100004894658923,0.0003785512497415766,0.00037863932254414,0.0005271042010647631,2.351065631955862e-05,61.8531454578042,2.9006655886769295,71.24144272506237
exponential,35,10000,7520,0.0003780116676352918,0.0003787607158301398,0.0003786608328588039,0.0005255275008631102,2.3364778826362453e-05,61.935321889817715,2.9006655886769295,71.3266559690237
exponential,35,10000,7530,0.00037927378434687853,0.00037869407387916,0.0003786953559944829,0.0005239555169652183,2.3375681848847307e-05,62.01752167195082,2.9006655886769295,71.41184876859188
exponential,35,10000,7540,0.00038242468144744635,0.0003790706570725888,0.0003788549143778757,0.0005223882352634458,2.338913327548653e-05,62.10029640048742,2.9006655886769295,71.4976666122675
exponential,35,10000,7550,0.0003790206101257354,0.0003783771418966353,0.0003786683002392245,0.0005208256416923508,2.33978389587719e-05,62.18239486962557,2.9006655886769295,71.5827576443553
exponential,35,10000,7560,0.000374260765966028,0.0003773948177695274,0.0003781192514776637,0.0005192677222285644,2.3349801267613657e-05,62.265041686594486,2.9006655886769295,71.66841273009777
exponential,35,10000,7570,0.0003786661254707724,0.0003773997799726203,0.00037788774746887047,0.0005177144628906654,2.3450233129551634e-05,62.347274750471115,2.9006655886769295,71.7536583095789
exponential,35,10000,7580,0.00037854810943827033,0.00037935189320705833,0.0003784499068860286,0.0005161658497390543,2.3056714780977927e-05,62.42975241690874,2.9006655886769295,71.83914247900248
exponential,35,10000,7590,0.0003793861251324415,0.0003781865816563368,0.00037838598552906067,0.0005146218688758284,2.3397617042064667e-05,62.512242205441,2.9006655886769295,71.92465311288834
exponential,35,10000,7600,0.00037708901800215244,0.0003785939275985584,0.00037845835575994367,0.0005130825064446574,2.3248101570061408e-05,62.59432075172663,2.9387144446372986,72.00972888618708
exponential,35,10000,7610,0.0003819078265223652,0.0003787938039749861,0.00037861791438622276,0.0005115477486306583,2.3736234652460553e-05,62.6767268627882,2.9387144446372986,72.18675580620766
exponential,35,10000,7620,0.0003781977866310626,0.0003777202218770981,0.0003782636037935539,0.0005100175816602722,2.357985249545891e-05,62.7590506747365,2.9387144446372986,72.27206877619028
exponential,35,10000,7630,0.0003796906676143408,0.00037911649560555815,0.00037865145520590273,0.0005084919918011403,2.3429838620359078e-05,62.84149146825075,2.9387144446372986,72.35752127319574
exponential,35,10000,7640,0.0003793713403865695,0.0003787931229453534,0.0003787265299840376,0.0005069709653619803,2.3373135263682343e-05,62.92370502650738,2.9387144446372986,72.4427717924118
exponential,35,10000,7650,0.0003807874454651028,0.00037788177141919734,0.00037847683956502025,0.0005054544886924645,2.3237707864609547e-05,63.00645545870066,2.9387144446372986,72.52856729924679
exponential,35,10000,7660,0.0003790523624047637,0.0003788415779126808,0.0003786604229160317,0.0005039425481830966,2.349071655771695e-05,63.08855839818716,2.9387144446372986,72.61367224156857
exponential,35,10000,7670,0.000379997247364372,0.00037839640863239764,0.00037860810120620206,0.0005024351302650896,2.384196523053106e-05,63.17094234377146,2.9387144446372986,72.69905637204647
exponential,35,10000,7680,0.00037801708094775677,0.0003768073103856295,0.0003778845745435667,0.0005009322214102439,2.319071973033715e-05,63.25330015271902,2.9387144446372986,72.78444171696901
exponential,35,10000,7690,0.0003792395000346005,0.0003781965817324817,0.00037807921619777867,0.0004994338081308268,2.2912292479304597e-05,63.335665479302406,2.9387144446372986,72.86978539824486
exponential,35,10000,7700,0.0003779132093768567,0.0003776800032937899,0.00037789665129800404,0.0004979398769794501,2.3245376723934896e-05,63.418061561882496,2.976767525076866,72.9552102535963
exponential,35,10000,7710,0.0003814488009084016,0.00037958815228193997,0.00037858554971590596,0.0004964504145489502,2.341447543585673e-05,63.5003303065896,2.976767525076866,73.13188572973013
exponential,35,10000,7720,0.00037627306301146746,0.0003770517650991678,0.00037795033870944975,0.0004949654074722679,2.342896732443478e-05,63.58238312602043,2.976767525076866,73.21694652736187
exponential,35,10000,7730,0.0003801437560468912,0.00037873437686357646,0.00037828620609139924,0.0004934848424223284,2.336647048650775e-05,63.664597637951374,2.976767525076866,73.30213799327612
exponential,35,10000,7740,0.0003789551556110382,0.00037710157048422845,0.00037784470419154076,0.0004920087061119212,2.333364318474196e-05,63.7472181096673,2.976767525076866,73.38777396082878
exponential,35,10000,7750,0.00037872223765589297,0.00037878427829127757,0.00037821627057086043,0.0004905369852935806,2.315919118700549e-05,63.829403057694435,2.976767525076866,73.47301482409239
exponential,35,10000,7760,0.00037570801214314997,0.0003774362412514165,0.0003778861675617948,0.0004890696667594687,2.306417445652187e-05,63.912182465195656,2.976767525076866,73.55881366878748
exponential,35,10000,7770,0.0003809577028732747,0.00037864305195398627,0.0003781699653011831,0.00048760673734125437,2.2916883608559147e-05,63.99430951476097,2.976767525076866,73.64394806325436
exponential,35,10000,7780,0.00037773160147480667,0.0003790307673625648,0.0003784795570260368,0.00048614818390999676,2.349734859308228e-05,64.07688792794943,2.976767525076866,73.72955749183893
exponential,35,10000,7790,0.0003742004628293216,0.0003782598709221929,0.00037835407832330744,0.00048469399337602685,2.33643404499162e-05,64.15931206941605,2.976767525076866,73.81502073258162
exponential,35,10000,7800,0.0003793712821789086,0.0003781143022933975,0.00037820311414625004,0.00048324415268883014,2.305204361618962e-05,64.24140098690987,3.015053577721119,73.90009547024965
exponential,35,10000,7810,0.0003779574763029814,0.00037829134671483187,0.0003782640149786054,0.0004817986488369296,2.3208758648252115e-05,64.32367704063654,3.015053577721119,74.07746431976557
exponential,35,10000,7820,0.00037921208422631025,0.0003787722787819803,0.000378467586394115,0.0004803574688477685,2.299712286912836e-05,64.40638240426779,3.015053577721119,74.1632063165307
exponential,35,10000,7830,0.00037544616498053074,0.00037774340307805687,0.00037815884396965335,0.00047892059978759446,2.3141152269090526e-05,64.48842793703079,3.015053577721119,74.24824825674295
exponential,35,10000,7840,0.0003776513913180679,0.0003784235566854477,0.00037828724764163446,0.00047748802876134284,2.297221726621501e-05,64.5707958266139,3.015053577721119,74.33359497785568
exponential,35,10000,7850,0.0003800018166657537,0.0003759276878554374,0.00037738591698082064,0.0004760597429125218,2.2661923139821738e-05,64.65322610735893,3.015053577721119,74.41902961581945
exponential,35,10000,7860,0.0003777907695621252,0.0003781371575314552,0.00037762399911489596,0.0004746357294230964,2.36440228036372e-05,64.73513694107533,3.015053577721119,74.50391897559166
exponential,35,10000,7870,0.0003795030643232167,0.00037741085106972604,0.00037762032830633346,0.00047321597551337345,2.34313374676276e-05,64.81729201972485,3.015053577721119,74.58904002606869
exponential,35,10000,7880,0.00037628845893777907,0.00037792790099047127,0.0003777536166738606,0.00047180046844188704,2.324046363355592e-05,64.8993838056922,3.015053577721119,74.67410313338041
exponential,35,10000,7890,0.00037932535633444786,0.00037747039168607445,0.0003776847541408626,0.0004703891955052844,2.3163000150816515e-05,64.98145344108343,3.015053577721119,74.75919975340366
exponential,35,10000,7900,0.0003807283646892756,0.00037828477215953173,0.00037793937769138196,0.0004689821440382113,2.3031438104226254e-05,65.06356038153172,3.0531023293733597,74.84428039193153
exponential,35,10000,7910,0.0003758250968530774,0.0003782736661378294,0.0003780197665886418,0.00046757930141319906,2.2911872292752378e-05,65.14592460542917,3.0531023293733597,75.02130531519651
exponential,35,10000,7920,0.0003776236844714731,0.00037836993287783117,0.0003781725256466096,0.00046618065504055073,2.2969601559452713e-05,65.22846860438585,3.0531023293733597,75.10686154663563
exponential,35,10000,7930,0.0003751954936888069,0.0003777624049689621,0.0003779575243303959,0.0004647861923682283,2.291354030603543e-05,65.31024813652039,3.0531023293733597,75.1915777772665
exponential,35,10000,7940,0.00037422729656100273,0.0003782678308198228,0.000378024388428553,0.0004633959008817401,2.308348484802991e-05,65.39265736937523,3.0531023293733597,75.27697128802538
exponential,35,10000,7950,0.00037846091436222196,0.00037791700451634825,0.00037797942415671254,0.0004620097681040284,2.283214416820556e-05,65.47484423220158,3.0531023293733597,75.36219264566898
exponential,35,10000,7960,0.00037497631274163723,0.00037768915644846856,0.0003778320457506541,0.00046062778159535747,2.2671822080155835e-05,65.55726478993893,3.0531023293733597,75.44761842489243
exponential,35,10000,7970,0.00037829592474736273,0.00037713789788540453,0.0003775688487442616,0.0004592499289532019,2.292093267897144e-05,65.63968048244715,3.0531023293733597,75.53307906538248
exponential,35,10000,7980,0.00037475430872291327,0.00037748937029391527,0.00037753495299702386,0.0004578761978121354,2.3041164240567014e-05,65.72180578112602,3.0531023293733597,75.61819275468588
exponential,35,10000,7990,0.00038205209420993924,0.0003788637404795736,0.0003781009219350833,0.00045650657584371974,2.2680411348119378e-05,65.80456370860338,3.0531023293733597,75.7039961963892
exponential,35,10000,8000,0.00037773107760585845,0.0003783209598623216,0.00037818789021025544,0.00045514105075639404,2.2680644178763032e-05,65.88664848357439,3.091232769191265,75.78908824920654
exponential,35,10000,8010,0.00037855689879506826,0.0003770012583117932,0.00037770639180829404,0.0004537796102953646,2.27279251703294e-05,65.96896470338106,3.091232769191265,76.03037212789059
exponential,35,10000,8020,0.0003800488484557718,0.00037813749222550543,0.0003779388041806441,0.00045242224224249496,2.3231699742609635e-05,66.05139698088169,3.091232769191265,76.11584055423737
exponential,35,10000,8030,0.00037524974322877824,0.0003775974444579333,0.0003777351043856139,0.000451068934416196,2.3269223675015382e-05,66.13325580954552,3.091232769191265,76.20066425204277
exponential,35,10000,8040,0.00037681375397369266,0.00037725392612628637,0.0003775227043829241,0.0004497196746713167,2.2837610231363215e-05,66.21543091535568,3.091232769191265,76.28583504259586
exponential,35,10000,8050,0.00037845823680981994,0.00037853151734452696,0.0003779278646640107,0.0004483744508990355,2.2837861251900904e-05,66.29759842902422,3.091232769191265,76.37103717774153
exponential,35,10000,8060,0.00037905777571722865,0.00037797072727698835,0.0003779454588598333,0.0004470332510267512,2.301524546055589e-05,66.37985926866531,3.091232769191265,76.45626129209995
exponential,35,10000,8070,0.00037680630339309573,0.0003776377852773294,0.0003778019729903072,0.00044569606301797483,2.254077116958797e-05,66.46251391619444,3.091232769191265,76.54195522516966
exponential,35,10000,8080,0.0003778576501645148,0.0003778863785555586,0.00037775604664717373,0.00044436287487222145,2.284589754708577e-05,66.54478710889816,3.091232769191265,76.62729439139366
exponential,35,10000,8090,0.000374151422875002,0.0003768115391721949,0.0003774092869540982,0.0004430336746249025,2.2916678062756546e-05,66.62756960093975,3.091232769191265,76.71309466660023
exponential,35,10000,8100,0.00037847895873710513,0.00037712850025855004,0.0003773274810639288,0.00044170845034721874,2.2786651243222877e-05,66.70997481793165,3.129338286817074,76.79855258762836
exponential,35,10000,8110,0.0003788630128838122,0.0003788578440435231,0.00037792594046831454,0.00044038719014605275,2.3183423763839528e-05,66.7923527136445,3.129338286817074,76.9837144240737
exponential,35,10000,8120,0.0003791823983192444,0.0003771334537304938,0.00037758844606397573,0.0004390698821638625,2.3510880055255257e-05,66.87460102140903,3.129338286817074,77.0689659640193
exponential,35,10000,8130,0.00037709157913923264,0.00037728159804828465,0.00037745436603438325,0.00043775651457857466,2.2668453311780468e-05,66.95742002129555,3.129338286817074,77.154889754951
exponential,35,10000,8140,0.00037785101449117064,0.00037763638538308443,0.0003775382993291553,0.0004364470756034789,2.2940126655157655e-05,67.03953531384468,3.129338286817074,77.24002516269684
exponential,35,10000,8150,0.000376906362362206,0.000376961549045518,0.0003773563520920209,0.0004351415534871216,2.291171949764248e-05,67.12219285964966,3.129338286817074,77.32567844539881
exponential,35,10000,8160,0.00037774918018840253,0.0003768487978959456,0.0003771694391243815,0.00043383993651320107,2.2827292923466302e-05,67.20460873097181,3.129338286817074,77.41114929318428
exponential,35,10000,8170,0.0003797271056100726,0.00037849551008548585,0.0003776897551605771,0.0004325422130004616,2.3000608052825555e-05,67.28668136149645,3.129338286817074,77.49627717584372
exponential,35,10000,8180,0.0003777075035031885,0.00037783632287755606,0.00037779352135649223,0.00043124837130258933,2.325160676264204e-05,67.3694394081831,3.129338286817074,77.58205258846283
exponential,35,10000,8190,0.0003721942484844476,0.00037772252107970417,0.0003776873696364225,0.0004299583998081072,2.2929454644327052e-05,67.45159016549587,3.129338286817074,77.66725388914347
exponential,35,10000,8200,0.0003742805274669081,0.00037715680955443533,0.0003773806628640501,0.00042867228694027124,2.2760827050660737e-05,67.53413631767035,3.16740183532238,77.7528775408864
exponential,35,10000,8210,0.00037688884185627103,0.0003783085907343775,0.0003777507162857534,0.0004273900211569661,2.2798809368396178e-05,67.61633826047182,3.16740183532238,77.9302881360054
exponential,35,10000,8220,0.00038276929990388453,0.0003787608671700582,0.0003781995751958525,0.00042611159095060183,2.2815500415163115e-05,67.6985784471035,3.16740183532238,78.01562087237835
exponential,35,10000,8230,0.00037541944766417146,0.00037795644311700016,0.00037810848502846004,0.00042483698484801087,2.2857364456285723e-05,67.78069090098143,3.16740183532238,78.10076852887869
exponential,35,10000,8240,0.00037384033203125,0.0003766243433346972,0.00037749714750217103,0.0004235661914103444,2.2802749299444258e-05,67.86341982334852,3.16740183532238,78.18654379993677
exponential,35,10000,8250,0.0003793574869632721,0.0003787615773035213,0.00037796936082371604,0.00042229919923297024,2.238229353679344e-05,67.94584836810827,3.16740183532238,78.27198272943497
exponential,35,10000,8260,0.000376756361220032,0.0003768407681491226,0.00037752575659194483,0.00042103599694537033,2.2679998437524773e-05,68.02817197144032,3.16740183532238,78.35732236504555
exponential,35,10000,8270,0.00037598947528749704,0.0003781462408369407,0.00037774351610608776,0.0004197765732110386,2.2576759874937125e-05,68.11061675846577,3.16740183532238,78.44283287227154
exponential,35,10000,8280,0.0003765992005355656,0.0003772240830585361,0.0003774785060514318,0.0004185209167273792,2.2684309442411177e-05,68.19283808022738,3.16740183532238,78.5280444920063
exponential,35,10000,8290,0.0003778742684517056,0.00037826622719876467,0.00037779311312621843,0.00041726901622560545,2.276263512612786e-05,68.27564389258623,3.16740183532238,78.61392826586962
exponential,35,10000,8300,0.0003789335605688393,0.0003768130874959752,0.0003774152757537797,0.0004160208604706381,2.272965866723098e-05,68.35778210312128,3.2054422795772552,78.69909532368183
exponential,35,10000,8310,0.000378572556655854,0.0003774339536903426,0.0003774079275263109,0.000414776438261005,2.2605410777032375e-05,68.4400470033288,3.2054422795772552,78.87645256519318
exponential,35,10000,8320,0.00037667929427698255,0.0003763009561225772,0.0003769703632847932,0.0004135357384287404,2.2580894437851384e-05,68.52215791493654,3.2054422795772552,78.96158787608147
exponential,35,10000,8330,0.00037647620774805546,0.0003774098469875753,0.0003771190816561286,0.0004122987498392846,2.284662150486838e-05,68.60432504117489,3.2054422795772552,79.04680670797825
exponential,35,10000,8340,0.0003771645715460181,0.00037768949696328493,0.0003773792562342245,0.00041106546139138436,2.2746740796719678e-05,68.68644258379936,3.2054422795772552,79.1319343149662
exponential,35,10000,8350,0.00037728133611381054,0.0003769067203393206,0.00037720258105253365,0.00040983586201699294,2.2887155864736997e-05,68.76869965344667,3.2054422795772552,79.21716723591089
exponential,35,10000,8360,0.00037678980152122676,0.0003772345604375005,0.0003771898788530287,0.0004086099406811707,2.2621503376285546e-05,68.85146057605743,3.2054422795772552,79.30298681557178
exponential,35,10000,8370,0.0003755916841328144,0.00037745487643405797,0.0003773028222795752,0.00040738768638198656,2.2917964088264853e-05,68.93352250754833,3.2054422795772552,79.38804642856121
exponential,35,10000,8380,0.0003737603547051549,0.0003777087666094303,0.00037742516602450445,0.00040616908815041883,2.2916989109944552e-05,69.0162434130907,3.2054422795772552,79.47377511113882
exponential,35,10000,8390,0.000379996927222237,0.0003775527118705213,0.00037753939991904724,0.00040495413505025696,2.2652555344393477e-05,69.0985171943903,3.2054422795772552,79.5590807273984
exponential,35,10000,8400,0.00037715653888881207,0.0003775602934183553,0.00037751598988901666,0.00040374281617800334,2.2646407160209492e-05,69.18090049922466,3.2436654791235924,79.6444623619318
exponential,35,10000,8410,0.00037650702870450914,0.0003774345386773348,0.00037743254482371417,0.00040253512066277527,2.2729102056473494e-05,69.26347486674786,3.2436654791235924,79.82243656367064
exponential,35,10000,8420,0.0003786287270486355,0.000377956178272143,0.00037768848398830456,0.0004013310376662078,2.2735775928595103e-05,69.34614019840956,3.2436654791235924,79.90816587209702
exponential,35,10000,8430,0.0003783123684115708,0.00037727166782133283,0.0003775380408497967,0.0004001305563823561,2.2655318389297463e-05,69.42823644727468,3.2436654791235924,79.9932716563344
exponential,35,10000,8440,0.0003778238024096936,0.00037601196672767403,0.00037693372044392184,0.0003989336660375985,2.287092138431035e-05,69.51091288030148,3.2436654791235924,80.07899025082588
exponential,35,10000,8450,0.000382016267394647,0.00037806433974765243,0.00037744130674612867,0.0003977403558905402,2.274660801049322e-05,69.59331595152617,3.2436654791235924,80.16440256685019
exponential,35,10000,8460,0.0003803952713496983,0.0003773827775148675,0.00037748056449893135,0.0003965506152319165,2.247193879156839e-05,69.67571852356195,3.2436654791235924,80.24982293695211
exponential,35,10000,8470,0.0003761344123631716,0.00037743157881777736,0.0003774635022311771,0.00039536443338449663,2.2879963580635376e-05,69.75832626223564,3.2436654791235924,80.33548325300217
exponential,35,10000,8480,0.0003777457750402391,0.0003774805198190734,0.0003774862715685991,0.0003941817997029882,2.2466607333626598e-05,69.8404039889574,3.2436654791235924,80.42053906619549
exponential,35,10000,8490,0.00037899453309364617,0.0003778224519919604,0.0003776576727387018,0.00039300270357394166,2.2733438527211547e-05,69.92290750145912,3.2436654791235924,80.5060777887702
exponential,35,10000,8500,0.0003775279619731009,0.0003768021735595539,0.0003773229813970314,0.0003918271344156548,2.2714693841408007e-05,70.00521020591259,3.2816735729575157,80.59139966219664
exponential,35,10000,8510,0.00037632189923897386,0.0003762766340514645,0.0003768756375987576,0.0003906550816780778,2.3010334189166315e-05,70.08779522776604,3.2816735729575157,80.76917137205601
exponential,35,10000,8520,0.00037870436790399253,0.00037559501070063563,0.00037641975861537046,0.00038948653484271886,2.2374404579750262e-05,70.16984102129936,3.2816735729575157,80.85419707745314
exponential,35,10000,8530,0.0003742326807696372,0.0003766490903217345,0.0003765060538079699,0.00038832148342254967,2.2308426196104847e-05,70.2528238222003,3.2816735729575157,80.94025976210833
exponential,35,10000,8540,0.00037730333860963583,0.0003772965894313529,0.00037679741624016707,0.00038715991696191117,2.23545193875907e-05,70.33494532853365,3.2816735729575157,81.0253711566329
exponential,35,10000,8550,0.00037545693339779973,0.0003767400630749762,0.0003767940329831678,0.0003860018250364195,2.2727754185325466e-05,70.41724760830402,3.2816735729575157,81.11068999022245
exponential,35,10000,8560,0.0003779691469389945,0.0003780769620789215,0.000377250592337188,0.00038484719725287317,2.2632633772445843e-05,70.49989771097898,3.2816735729575157,81.19642271101475
exponential,35,10000,8570,0.0003794669173657894,0.00037852955283597113,0.00037770250228832025,0.00038369602324915916,2.2917343812878244e-05,70.58220631629229,3.2816735729575157,81.28172253072262
exponential,35,10000,8580,0.00037520111072808504,0.0003783002641284838,0.00037790100532494604,0.00038254829269416006,2.2500529667013325e-05,70.66486051678658,3.2816735729575157,81.36743273586035
exponential,35,10000,8590,0.00037704696296714246,0.00037636952474713327,0.0003772838875550804,0.0003814039952876615,2.2705868104822002e-05,70.74689722806215,3.2816735729575157,81.45244651287794
exponential,35,10000,8600,0.00038113564369268715,0.00037714069767389444,0.0003773123796616141,0.00038026312076025974,2.255904473713599e-05,70.8293516561389,3.319680169224739,81.53788769245148
exponential,35,10000,8610,0.0003757700906135142,0.0003773698233999312,0.0003773241984885889,0.00037912565887326895,2.248341843369417e-05,70.91171631962061,3.319680169224739,81.71544075757265
exponential,35,10000,8620,0.000380657467758283,0.0003787695342907682,0.0003779007797506761,0.00037799159941863023,2.224211311840918e-05,70.9941902756691,3.319680169224739,81.80095636099577
exponential,35,10000,8630,0.0003768974565900862,0.00037859419535379857,0.00037816749309857163,0.0003768609322188193,2.271316225233022e-05,71.07621540129185,3.319680169224739,81.88596267998219
exponential,35,10000,8640,0.0003750097821466625,0.00037650880985893307,0.0003775436929167645,0.0003757336471267554,2.272695564897731e-05,71.15882609039545,3.319680169224739,81.97160205990076
exponential,35,10000,8650,0.0003793078358285129,0.0003772983240196481,0.0003774504620800117,0.0003746097340257104,2.26755491894437e-05,71.24092996865511,3.319680169224739,82.05668354779482
exponential,35,10000,8660,0.00037755040102638304,0.0003775648074224591,0.0003774765269125641,0.0003734891828292176,2.2656207875115797e-05,71.32330941408873,3.319680169224739,82.14203385263681
exponential,35,10000,8670,0.00037846609484404325,0.0003769070084672421,0.00037720939780184625,0.0003723719834809816,2.2642603653366677e-05,71.40538359433413,3.319680169224739,82.22712032496929
exponential,35,10000,8680,0.0003776292724069208,0.0003775742021389306,0.0003773106575375669,0.00037125812595478774,2.2773303498979658e-05,71.48731366544962,3.319680169224739,82.31201047450304
exponential,35,10000,8690,0.0003812552895396948,0.0003784441447351128,0.0003777579549479916,0.00037014760025441245,2.2796501070843078e-05,71.56999612599611,3.319680169224739,82.39769914001226
exponential,35,10000,8700,0.00037557637551799417,0.00037773168878629804,0.0003777003405030808,0.00036904039641353324,2.2301772332866676e-05,71.65201433002949,3.357737571001053,82.48269630223513
exponential,35,10000,8710,0.00037359195994213223,0.0003765493514947593,0.00037719488305064733,0.00036793650449563935,2.2437068764702417e-05,71.73438443988562,3.357737571001053,82.66054950654507
exponential,35,10000,8720,0.00037208787398412824,0.0003768398455576971,0.0003770309428532296,0.0003668359145939427,2.2622414689976722e-05,71.81661033630371,3.357737571001053,82.7457569912076
exponential,35,10000,8730,0.00037537235766649246,0.00037752602947875856,0.00037717284026700593,0.0003657386168312889,2.2487878595711663e-05,71.89908590912819,3.357737571001053,82.83125334978104
exponential,35,10000,8740,0.00037830136716365814,0.0003774402430281043,0.0003772744671906445,0.00036464460136006847,2.2620994059252553e-05,71.98109571635723,3.357737571001053,82.91624788939953
exponential,35,10000,8750,0.0003784816071856767,0.0003780293744057417,0.00037755709269936694,0.00036355385836212863,2.2779318896937184e-05,72.06380892544985,3.357737571001053,83.00198347121477
exponential,35,10000,8760,0.00037730636540800333,0.00037722625420428814,0.0003774233763103304,0.00036246637804868517,2.272128767799586e-05,72.14608646184206,3.357737571001053,83.0872619971633
exponential,35,10000,8770,0.0003768514725379646,0.0003765444766031578,0.0003771049171342134,0.00036138215066023455,2.2355814508046024e-05,72.22874847054482,3.357737571001053,83.17296148091555
exponential,35,10000,8780,0.00037832726957276464,0.0003771847055759281,0.0003772060246843968,0.0003603011664664664,2.2958665795158595e-05,72.31094414740801,3.357737571001053,83.2581304833293
exponential,35,10000,8790,0.0003733694611582905,0.0003762573323911056,0.00037680572597617904,0.0003592234157661762,2.227023105660919e-05,72.39345618337393,3.357737571001053,83.34361775964499
exponential,35,10000,8800,0.0003770508919842541,0.000377577097970061,0.00037715523046232235,0.0003581488888871779,2.276376289955806e-05,72.47606549412012,3.3957698196172714,83.42921143770218
exponential,35,10000,8810,0.00037796166725456715,0.0003772633848711848,0.00037718701408726154,0.00035707757618621763,2.2340645955409855e-05,72.558325111866,3.3957698196172714,83.60692163556814
exponential,35,10000,8820,0.0003766898298636079,0.0003775193326873705,0.0003772716506648766,0.00035600946804888677,2.2657884983345866e-05,72.64041328430176,3.3957698196172714,83.69198912382126
exponential,35,10000,8830,0.0003777703386731446,0.00037743685825262217,0.00037729095298403854,0.00035494455488953574,2.260109977214597e-05,72.72249104082584,3.3957698196172714,83.77706354111433
exponential,35,10000,8840,0.0003765499568544328,0.0003755931335035712,0.0003765904889145623,0.0003538828271511882,2.2463998902821913e-05,72.80456845462322,3.3957698196172714,83.86210757493973
exponential,35,10000,8850,0.00037709908792749047,0.0003783862048294395,0.00037733108708141625,0.000352824275305455,2.2650916434940882e-05,72.886702850461,3.3957698196172714,83.94722456485033
exponential,35,10000,8860,0.0003763636923395097,0.0003769830887904391,0.00037722270673358417,0.00035176888985244897,2.2366419216268696e-05,72.96884977817535,3.3957698196172714,84.03243611007929
exponential,35,10000,8870,0.00038084067637100816,0.00037736482918262484,0.00037733428742045224,0.000350716661320699,2.2790005459683016e-05,73.05141642689705,3.3957698196172714,84.11804264783859
exponential,35,10000,8880,0.00037585129030048847,0.0003771746065467596,0.00037727922918728157,0.000349667580267066,2.2566960979020223e-05,73.13386878371239,3.3957698196172714,84.20348111540079
exponential,35,10000,8890,0.00037510436959564686,0.0003772557363845408,0.0003772844068144471,0.00034862163727665747,2.239286550320685e-05,73.21633142232895,3.3957698196172714,84.28900973498821
exponential,35,10000,8900,0.00037766239256598055,0.00037894404085818677,0.00037790358614384,0.0003475788229627431,2.255795698147267e-05,73.29857809841633,3.4339048862457275,84.37427040934563
exponential,35,10000,8910,0.00037616491317749023,0.00037692050682380795,0.0003774995767853471,0.00034653912796667093,2.1916679543210194e-05,73.38095677644014,3.4339048862457275,84.55236662179232
exponential,35,10000,8920,0.0003801445127464831,0.0003785086097195745,0.000377833997532383,0.0003455025429577827,2.2403701223083772e-05,73.46308267116547,3.4339048862457275,84.63754836469889
exponential,35,10000,8930,0.00037486961809918284,0.00037633493775501847,0.00037725951539635224,0.00034446905863333085,2.239215245936066e-05,73.54548663645983,3.4339048862457275,84.72295632958412
exponential,35,10000,8940,0.00037883216282352805,0.00037703123525716363,0.00037720269535828667,0.0003434386657183944,2.2348165657604113e-05,73.62781003117561,3.4339048862457275,84.8083623200655
exponential,35,10000,8950,0.00037537538446485996,0.000377038840088062,0.0003770919488391241,0.00034241135496579605,2.2197316866368055e-05,73.71000216901302,3.4339048862457275,84.8935996517539
exponential,35,10000,8960,0.00037584203528240323,0.00037751868658233436,0.00037732245915942736,0.000341387117156019,2.1984647901263088e-05,73.79239714890718,3.4339048862457275,84.97900145500898
exponential,35,10000,8970,0.00037926409277133644,0.0003770669107325375,0.00037724360237696735,0.00034036594309712467,2.2140138753456995e-05,73.87447924166918,3.4339048862457275,85.06406451761723
exponential,35,10000,8980,0.00037857663119211793,0.00037705896538682283,0.00037717406826741335,0.0003393478236246692,2.2978078050073236e-05,73.9570980668068,3.4339048862457275,85.14972809702158
exponential,35,10000,8990,0.00037740194238722324,0.00037786037719342855,0.00037748532002969556,0.00033833274960162274,2.2301044737105258e-05,74.03929941356182,3.4339048862457275,85.23495335131884
exponential,35,10000,9000,0.00037714431528002024,0.00037698187807109205,0.00037731856631991465,0.00033732071191828594,2.2526839529746212e-05,74.12146209180355,3.4723043963313103,85.32012988626957
exponential,35,10000,9010,0.0003767366870306432,0.00037700471002608536,0.00037712760490017026,0.000336311701492209,2.260393011965789e-05,74.20356023311615,3.4723043963313103,85.56145282834768
exponential,35,10000,9020,0.00037563705700449646,0.00037715179787483065,0.000377092424139013,0.00033530570926811016,2.2471635020338e-05,74.2853743582964,3.4723043963313103,85.64628782868385
exponential,35,10000,9030,0.00037604995304718614,0.0003770866635022685,0.00037708513343539705,0.00033430272621779393,2.2316509785014205e-05,74.367551214993,3.4723043963313103,85.73144385963678
exponential,35,10000,9040,0.0003776769735850394,0.0003763698972761631,0.0003768557913087243,0.0003333027433400707,2.242483060399536e-05,74.44996163994074,3.4723043963313103,85.81685198098421
exponential,35,10000,9050,0.0003768955357372761,0.0003767396527109668,0.0003768408807082157,0.0003323057516606756,2.2231719412957318e-05,74.53197842091322,3.4723043963313103,85.90183629095554
exponential,35,10000,9060,0.00037524651270359755,0.000376875713118352,0.00037684132877266376,0.00033131174223218797,2.2345064280671068e-05,74.61458382755518,3.4723043963313103,85.98744776844978
exponential,35,10000,9070,0.00037796865217387676,0.0003774218348553404,0.0003770916462237503,0.00033032070613395106,2.2170373995322734e-05,74.69682935625315,3.4723043963313103,86.07269311696291
exponential,35,10000,9080,0.00037501798942685127,0.0003770027804421261,0.0003770559205314016,0.00032933263447199225,2.2167429051478393e-05,74.77905262261629,3.4723043963313103,86.15789287537336
exponential,35,10000,9090,0.00038096861680969596,0.0003760568768484518,0.00037671494305308246,0.00032834751837894274,2.2476066078525037e-05,74.8614646345377,3.4723043963313103,86.24329079687595
exponential,35,10000,9100,0.0003769122122321278,0.00037745604931842535,0.00037702290356970525,0.0003273653490139584,2.205319469794631e-05,74.94351939857006,3.5103475004434586,86.32830421626568
exponential,35,10000,9110,0.0003752025659196079,0.0003782707673963159,0.0003774928332573904,0.0003263861175626403,2.2160233129397966e-05,75.02571164816618,3.5103475004434586,86.51416336745024
exponential,35,10000,9120,0.0003770361072383821,0.00037745152658317236,0.0003774803106827145,0.00032540981523695555,2.2024367353878915e-05,75.10786552727222,3.5103475004434586,86.59931992739439
exponential,35,10000,9130,0.0003753339988179505,0.0003764373861486092,0.0003770549146300453,0.0003244364332751585,2.2425996576203033e-05,75.18997353315353,3.5103475004434586,86.68443389236927
exponential,35,10000,9140,0.00037488166708499193,0.000376350965234451,0.00037679520851185473,0.00032346596294171177,2.1872485376661643e-05,75.27218432724476,3.5103475004434586,86.7696403414011
exponential,35,10000,9150,0.0003760745166800916,0.0003768922848394141,0.00037678883556623824,0.00032249839552720853,2.2230862668948248e-05,75.35487558692694,3.5103475004434586,86.85533848404884
exponential,35,10000,9160,0.0003780944680329412,0.00037618341448251156,0.0003765491207160746,0.00032153372234829374,2.223000774392858e-05,75.43688946217299,3.5103475004434586,86.94033434987068
exponential,35,10000,9170,0.000377759977709502,0.0003769832954276353,0.0003767189820919073,0.0003205719347475865,2.1910622308496386e-05,75.51955985277891,3.5103475004434586,87.02598065137863
exponential,35,10000,9180,0.00037700950633734465,0.00037631028972100465,0.0003765252557991622,0.00031961302409360233,2.2262023776420392e-05,75.60171790421009,3.5103475004434586,87.1111094802618
exponential,35,10000,9190,0.0003768999595195055,0.000376295208116062,0.00037649010182685966,0.0003186569817806757,2.2224890926736407e-05,75.683713324368,3.5103475004434586,87.19605737179518
exponential,35,10000,9200,0.00037239634548313916,0.00037562364886980506,0.00037613478107348825,0.00031770379922888275,2.2348936909111217e-05,75.76575312018394,3.54834146797657,87.28104838728905
exponential,35,10000,9210,0.0003760761464945972,0.0003770727576920763,0.00037650471238674296,0.0003167534678839642,2.2476480808109045e-05,75.84794323891401,3.54834146797657,87.45902026444674
exponential,35,10000,9220,0.0003812004579231143,0.0003774653741857037,0.00037684306161447114,0.00031580597921724885,2.2313261069939472e-05,75.93006014823914,3.54834146797657,87.5441217571497
exponential,35,10000,9230,0.00038237404078245163,0.0003789598151342943,0.00037770924457451586,0.0003148613247255767,2.30646001000423e-05,76.01221442967653,3.54834146797657,87.62921991199255
exponential,35,10000,9240,0.0003780755214393139,0.0003769996052142233,0.0003774134749672403,0.0003139194959312232,2.2254624127526768e-05,76.09491588175297,3.54834146797657,87.71490665525198
exponential,35,10000,9250,0.0003805491141974926,0.00037753529322799296,0.00037749717614479793,0.00031298048438182217,2.2242951672524214e-05,76.17692245543003,3.54834146797657,87.79989267140627
exponential,35,10000,9260,0.00037818076089024544,0.0003774764045374468,0.00037744518262077876,0.0003120442816502913,2.2480429834104143e-05,76.25950423628092,3.54834146797657,87.88547826558352
exponential,35,10000,9270,0.00037694128695875406,0.0003781098610488698,0.00037767000769908506,0.0003111108793347552,2.172170570702292e-05,76.34181999415159,3.54834146797657,87.97079382836819
exponential,35,10000,9280,0.0003774639335460961,0.00037778804544359447,0.0003776907724021882,0.0003101802690584709,2.2144144168123603e-05,76.42410203069448,3.54834146797657,88.05603718012571
exponential,35,10000,9290,0.00037738014361821115,0.00037776778335683046,0.0003777250675819333,0.00030925244246975207,2.2184685803949833e-05,76.5067274197936,3.54834146797657,88.1416779756546
exponential,35,10000,9300,0.000375273113604635,0.0003768732713069767,0.00037731359640139463,0.00030832739124189473,2.221709473815281e-05,76.58879864960909,3.586432561278343,88.22671646624804
exponential,35,10000,9310,0.00037636375054717064,0.0003756323683774099,0.0003766500945269572,0.000307405107073102,2.2124364477349445e-05,76.67132500559092,3.586432561278343,88.40538027137518
exponential,35,10000,9320,0.00037915093707852066,0.00037756671372335404,0.00037703050095867806,0.00030648558168640944,2.2335254470817745e-05,76.75374349206686,3.586432561278343,88.49081022292376
exponential,35,10000,9330,0.0003765547589864582,0.00037635085463989527,0.0003767531644721623,0.0003055688068296116,2.2644459022558294e-05,76.83641330897808,3.586432561278343,88.57649700343609
exponential,35,10000,9340,0.00037808934575878084,0.0003771907417103648,0.00037697261479627736,0.0003046547742751871,2.196992682002019e-05,76.9188502728939,3.586432561278343,88.66194912791252
exponential,35,10000,9350,0.00037318654358386993,0.00037708880263380705,0.000377045625535618,0.00030374347582022527,2.161306474590674e-05,77.00129129737616,3.586432561278343,88.74743814766407
exponential,35,10000,9360,0.00037722830893471837,0.00037630349979735913,0.0003767152097811041,0.00030283490328635216,2.2582371457247064e-05,77.08340828120708,3.586432561278343,88.83252430707216
exponential,35,10000,9370,0.00037632446037605405,0.0003773649223148823,0.0003769827793824269,0.0003019290485196578,2.2606143829762004e-05,77.16592723876238,3.586432561278343,88.91803445667028
exponential,35,10000,9380,0.00037973932921886444,0.00037778511468786744,0.00037731978483154457,0.00030102590339062214,2.1915393517701887e-05,77.24835236370564,3.586432561278343,89.0034842044115
exponential,35,10000,9390,0.0003785810258705169,0.0003768350841710344,0.00037717686097552173,0.000300125459794043,2.1800209651701152e-05,77.33053734153509,3.586432561278343,89.08864840120077
exponential,35,10000,9400,0.0003751521580852568,0.00037608414422720673,0.0003766585745516484,0.00029922770964896253,2.19596204260597e-05,77.41315257549286,3.624445177614689,89.17427064478397
exponential,35,10000,9410,0.000379979086574167,0.00037753912911284713,0.00037711225411640574,0.0002983326448985951,2.201023198722396e-05,77.49540961533785,3.624445177614689,89.35265024006367
exponential,35,10000,9420,0.00037824123864993453,0.00037591995496768507,0.00037670636747191307,0.000297440257510255,2.192799365730025e-05,77.57752175629139,3.624445177614689,89.43777570873499
exponential,35,10000,9430,0.0003757866215892136,0.00037727501185145227,0.00037691517836236857,0.0002965505394752843,2.1691887013730593e-05,77.65994946658611,3.624445177614689,89.52319817245007
exponential,35,10000,9440,0.0003763544955290854,0.0003765798290260136,0.00037674368694947617,0.00029566348280898094,2.191803287132643e-05,77.74274061620235,3.624445177614689,89.60905766487122
exponential,35,10000,9450,0.0003768507158383727,0.0003759851213544607,0.00037648044909125724,0.00029477907955052725,2.2000836906954646e-05,77.82498010993004,3.624445177614689,89.69428604841232
exponential,35,10000,9460,0.00037477834848687053,0.0003766251087654382,0.00037652079208217565,0.000293897321762918,2.2238529709284194e-05,77.90773060917854,3.624445177614689,89.78010478615761
exponential,35,10000,9470,0.0003768748720176518,0.0003757338650757447,0.0003762102330545087,0.0002930182015328898,2.1909872884862125e-05,77.98986712098122,3.624445177614689,89.86526098102331
exponential,35,10000,9480,0.00037479246384464204,0.0003767891583265737,0.0003764394561649672,0.00029214171097084984,2.187544851040002e-05,78.07241592556238,3.624445177614689,89.95083428919315
exponential,35,10000,9490,0.00037675676867365837,0.0003767234098631889,0.00037655429175836316,0.00029126784221080484,2.1936288248980418e-05,78.1547329351306,3.624445177614689,90.03617188334465
exponential,35,10000,9500,0.00037615516339428723,0.00037666050193365665,0.00037659380221957884,0.0002903965874102909,2.1727422790718265e-05,78.2366990223527,3.6628041192889214,90.12113508582115
exponential,35,10000,9510,0.00037802240694873035,0.0003761997330002487,0.00037651666463339706,0.00028952793875030246,2.1913992895861156e-05,78.31889103353024,3.6628041192889214,90.29995266348124
exponential,35,10000,9520,0.0003794827498495579,0.00037647636781912297,0.00037653580684836064,0.0002886618884352232,2.1953737814328633e-05,78.40152841806412,3.6628041192889214,90.38558698445559
exponential,35,10000,9530,0.00037718075327575207,0.00037627205310855063,0.00037647587618134344,0.00028779842869275493,2.223337651230395e-05,78.48363071680069,3.6628041192889214,90.47067608684301
exponential,35,10000,9540,0.0003763017593882978,0.00037584675301332026,0.0003762490641414699,0.0002869375517738484,2.1776340872747824e-05,78.56602030992508,3.6628041192889214,90.5560380294919
exponential,35,10000,9550,0.0003790913033299148,0.00037631852028425784,0.0003763099430841308,0.0002860792499526342,2.190666964452248e-05,78.64837286621332,3.6628041192889214,90.64134878665209
exponential,35,10000,9560,0.00038018362829461694,0.00037775341188535095,0.0003768784570587545,0.0002852235155263521,2.188556027249433e-05,78.73040053993464,3.6628041192889214,90.72632426023483
exponential,35,10000,9570,0.00037796839023940265,0.00037766067252960057,0.0003771757242343693,0.00028437034081528327,2.1813668354297988e-05,78.81237851828337,3.6628041192889214,90.81123917549849
exponential,35,10000,9580,0.00037686011637561023,0.00037680223758798095,0.0003770865697997831,0.00028351971816268083,2.250490251753945e-05,78.8944104090333,3.6628041192889214,90.89620441943407
exponential,35,10000,9590,0.00037854077527299523,0.000376899991533719,0.0003770431780183946,0.0002826716399347011,2.2019288735464215e-05,78.9763930439949,3.6628041192889214,90.98111232370138
exponential,35,10000,9600,0.0003762086562346667,0.0003762826177990064,0.0003767580365423896,0.00028182609852033506,2.1903384549659677e-05,79.05849528312683,3.7007824033498764,91.06618368625641
exponential,35,10000,9610,0.0003743944689631462,0.00037789577909279614,0.0003771399924951463,0.0002809830863313401,2.2061682102503255e-05,79.14071473479271,3.7007824033498764,91.24451084434986
exponential,35,10000,9620,0.00037397327832877636,0.00037704097630921753,0.0003770954037072423,0.0002801425958021719,2.1672009097528644e-05,79.22274212539196,3.7007824033498764,91.32951138913631
exponential,35,10000,9630,0.0003769043833017349,0.00037646970886271445,0.00037681247840530877,0.00027930461938991676,2.186605524912011e-05,79.3051518201828,3.7007824033498764,91.4149852246046
exponential,35,10000,9640,0.00037741544656455517,0.0003763560234801844,0.00037661115593045524,0.0002784691495742236,2.2250220354180783e-05,79.3878159224987,3.7007824033498764,91.50069301575422
exponential,35,10000,9650,0.00037615158362314105,0.0003767350513953716,0.00037664934465326915,0.0002776361788572366,2.177804708480835e-05,79.46985685825348,3.7007824033498764,91.58568684011698
exponential,35,10000,9660,0.00037458923179656267,0.0003764477150980383,0.00037655627734486523,0.0002768056997635278,2.201757706643548e-05,79.55256930738688,3.7007824033498764,91.67139400541782
exponential,35,10000,9670,0.0003783681313507259,0.0003752821299713105,0.0003760714730255057,0.00027597770484003026,2.1904450477450155e-05,79.63477937877178,3.7007824033498764,91.75657546520233
exponential,35,10000,9680,0.0003734655329026282,0.0003761148022022098,0.00037608265867323094,0.000275152186655971,2.1639738406520337e-05,79.71683664619923,3.7007824033498764,91.84158590435982
exponential,35,10000,9690,0.00037342944415286183,0.00037590567953884604,0.0003759486558753082,0.00027432913780280424,2.1573043341049924e-05,79.79950363188982,3.7007824033498764,91.92727095633745
exponential,35,10000,9700,0.000373055983800441,0.00037717739469371735,0.00037639632075494526,0.0002735085508941451,2.1707646737922914e-05,79.88179016113281,3.7391087412834167,92.01259521394968
exponential,35,10000,9710,0.0003772033378481865,0.0003775551333092153,0.00037688136062099213,0.0002726904185657032,2.197843605244998e-05,79.96428533643484,3.7391087412834167,92.19259391725063
exponential,35,10000,9720,0.00037603219971060753,0.00037646645796485245,0.00037675471657125506,0.00027187473347521667,2.2004303900757805e-05,80.04679521173239,3.7391087412834167,92.27815333008766
exponential,35,10000,9730,0.0003735175996553153,0.00037517256278079,0.0003760918330640222,0.00027106148830238595,2.185911944252439e-05,80.12904244661331,3.7391087412834167,92.36344867944717
exponential,35,10000,9740,0.00037434231489896774,0.00037702821136917917,0.0003764356127243811,0.00027025067574880845,2.169663093809504e-05,80.21155378222466,3.7391087412834167,92.44897580891848
exponential,35,10000,9750,0.00037650461308658123,0.0003764330642297864,0.0003764864656587535,0.0002694422885379131,2.1852976715308614e-05,80.29437926411629,3.7391087412834167,92.53487038612366
exponential,35,10000,9760,0.0003753654891625047,0.00037611353618558494,0.00037629873281020575,0.0002686363194148946,2.1538326109293848e-05,80.37667064368725,3.7391087412834167,92.62021580338478
exponential,35,10000,9770,0.00037991144927218556,0.0003772554366150871,0.0003766981950840394,0.00026783276114664866,2.1953092073090374e-05,80.45941442996264,3.7391087412834167,92.70599687099457
exponential,35,10000,9780,0.0003781267732847482,0.00037646068667527286,0.00037663231855971605,0.00026703160652170703,2.2100586647866294e-05,80.54164067655802,3.7391087412834167,92.79125702381134
exponential,35,10000,9790,0.0003768505994230509,0.00037667504511773586,0.00037665775336025663,0.0002662328483501729,2.1822925191372633e-05,80.6242356300354,3.7391087412834167,92.87687051296234
exponential,35,10000,9800,0.0003783335560001433,0.0003771389805478975,0.00037684035655509884,0.0002654364794636559,2.1803216441185214e-05,80.70671661198139,3.7771387174725533,92.96239753067493
exponential,35,10000,9810,0.0003764442808460444,0.0003774608194362372,0.00037706105112833674,0.0002646424927152085,2.1672600269084796e-05,80.78902727365494,3.7771387174725533,93.14135941118002
exponential,35,10000,9820,0.00037338375113904476,0.0003774766984861344,0.0003772703727951184,0.0002638508809792612,2.2044041543267667e-05,80.8713237196207,3.7771387174725533,93.22673421353102
exponential,35,10000,9830,0.00037422540481202304,0.00037619425274897366,0.00037687227245541337,0.0002630616371515589,2.173014945583418e-05,80.95405782014132,3.7771387174725533,93.31260441243649
exponential,35,10000,9840,0.00037419487489387393,0.0003765502420719713,0.000376714064013952,0.0002622747541490972,2.1997551812091842e-05,81.03643403947353,3.7771387174725533,93.397983700037
exponential,35,10000,9850,0.0003787146997638047,0.00037632856401614845,0.00037657161896578273,0.0002614902249100586,2.1713110982091166e-05,81.11886963248253,3.7771387174725533,93.48347264528275
exponential,35,10000,9860,0.00037814376992173493,0.00037808040506206455,0.00037716392926528415,0.00026070804239374944,2.1992669644532725e-05,81.20153155177832,3.7771387174725533,93.56926506012678
exponential,35,10000,9870,0.00037893117405474186,0.00037707658193539826,0.00037710981857220447,0.0002599281995805364,2.183172728109639e-05,81.28368832916021,3.7771387174725533,93.6544613391161
exponential,35,10000,9880,0.00037560216151177883,0.0003757971076993272,0.00037654098953232226,0.0002591506894717835,2.19890662265243e-05,81.36625815927982,3.7771387174725533,93.74006775766611
exponential,35,10000,9890,0.00037487130612134933,0.0003777056350372732,0.0003770290511032565,0.0002583755050897898,2.148595012840815e-05,81.44860180467367,3.7771387174725533,93.82548747956753
exponential,35,10000,9900,0.0003796162491198629,0.00037659864174202087,0.00037687561456201243,0.00025760263947772615,2.193924410676118e-05,81.53078616410494,3.8153340071439743,93.91064759343863
exponential,35,10000,9910,0.0003734509227797389,0.00037587668921332804,0.0003764210017776217,0.00025683208569957295,2.153923560399562e-05,81.61320620775223,3.8153340071439743,94.0895796790719
exponential,35,10000,9920,0.0003781559644266963,0.0003766829613596201,0.00037657248196208974,0.00025606383684005814,2.1734947949880734e-05,81.69560607522726,3.8153340071439743,94.17494254559278
exponential,35,10000,9930,0.00037447683280333877,0.000375425347010605,0.0003760996477106548,0.0002552978860045949,2.165091791539453e-05,81.77753281593323,3.8153340071439743,94.25980578362942
exponential,35,10000,9940,0.0003785731387324631,0.0003770120965782553,0.0003764556139659683,0.00025453422631921977,2.1231298887869343e-05,81.8594429269433,3.8153340071439743,94.34463377296925
exponential,35,10000,9950,0.0003736047656275332,0.0003755277371965349,0.00037608518937579344,0.0002537728509305312,2.1433474103105254e-05,81.94134674966335,3.8153340071439743,94.42944160103798
exponential,35,10000,9960,0.0003757871163543314,0.000376383145339787,0.00037626000817453094,0.0002530137530056276,2.2019323296262883e-05,82.02327160537243,3.8153340071439743,94.51427347958088
exponential,35,10000,9970,0.0003753084456548095,0.00037582437216769903,0.0003760817584491784,0.0002522569257320466,2.1676663891412318e-05,82.10521718859673,3.8153340071439743,94.59912252426147
exponential,35,10000,9980,0.0003783404245041311,0.0003777309029828757,0.0003767503223022122,0.00025150236231770337,2.1977371943648905e-05,82.18719139695168,3.8153340071439743,94.68402183800936
exponential,35,10000,9990,0.0003773636999540031,0.0003760795603739098,0.000376436567359941,0.00025075005599083013,2.1869094780413434e-05,82.26910728216171,3.8153340071439743,94.76887417584658
exponential,35,10000,10000,0.0003755746583919972,0.0003759018320124596,0.00037624082061375535,0.00024999999999991484,2.199258051405195e-05,82.35168151557446,3.853261813521385,94.85441356152296
