bit_width,seed,task,category,example_index,example_id,dataset_length,length_bucket,random_score,learned_score,difference
2,17,qasper,Single QA,7,1bd9a082bd7b5ab6c152dbda3db38c0c3bc92cddf82383a3,2720,0-4k,30.0,78.57142857142857,48.57142857142857
2,17,qasper,Single QA,51,d95b33cbe3496fb98638b3c3b1a956847b6472aa8d18a5cc,2393,0-4k,0.0,44.44444444444445,44.44444444444445
2,17,qasper,Single QA,54,b959a2ca0687fbe1c4f11a6fda00eb9341525f1502c9afc6,3566,0-4k,0.0,66.66666666666666,66.66666666666666
2,17,qasper,Single QA,75,b1fdb80cd96f455762f4f3be78a4932e7ae5edb2802d9e5c,3244,0-4k,0.0,100.0,100.0
2,17,qasper,Single QA,99,d9c7574b1ed1ebd6eb755e6bbeee3513c9c912771059348c,2533,0-4k,0.0,0.0,0.0
2,17,qasper,Single QA,114,e28df0e3283943b1e011e1dba7a231e35269588b73697ca4,7837,4-8k,0.0,0.0,0.0
2,17,qasper,Single QA,140,755daa298cdf770c8ed19ddf39270f07e077d88a82aaa0dc,4263,4-8k,0.0,0.0,0.0
2,17,qasper,Single QA,144,0225501ce54ac2c95a557a5691a4322482af24748391e6e9,4104,4-8k,0.0,14.814814814814813,14.814814814814813
2,17,qasper,Single QA,145,34c5eb16ccc55869a263dfda28d028267e29ee243880c9d5,5136,4-8k,0.0,25.0,25.0
2,17,qasper,Single QA,159,d5e92fcef6747ba1518ae7d8a46ad274b585425b2c889d5b,4738,4-8k,29.268292682926834,90.9090909090909,61.64079822616407
2,17,qasper,Single QA,209,074b526f101518a8f5c810fed1e28f757dacb7805b161e22,14472,8k+,0.0,92.3076923076923,92.3076923076923
2,17,qasper,Single QA,212,21fc5caf7a80aa10b3d9e86ca96d466edb09ae8961c22c85,12952,8k+,100.0,100.0,0.0
2,17,qasper,Single QA,217,3a92f5b9ebedea5d5efd1f4af956b59b4e0ae6ee33db136f,8555,8k+,5.0,0.0,-5.0
2,17,qasper,Single QA,221,1bb7cd04a893fe2a5497bdf7d0dcb064da2ef56144b44bdd,14722,8k+,2.4096385542168672,35.416666666666664,33.007028112449795
2,17,qasper,Single QA,223,6fd8cd7777d0b6f36ccdfc044d9b5056e519fd11feb2a750,14660,8k+,0.0,78.57142857142857,78.57142857142857
2,17,multifieldqa_en,Single QA,11,94ccf4d54b36e7e9d4aa594a7bc426528630a5b8aff296a4,3422,0-4k,100.0,100.0,0.0
2,17,multifieldqa_en,Single QA,38,235a5c99cd7fae9e2b410ad99c1b1fafea43799d3f1138a8,1810,0-4k,46.15384615384615,46.15384615384615,0.0
2,17,multifieldqa_en,Single QA,44,ec016e90ac78727f3c4aa176db472724bda53c07cb8cb696,682,0-4k,0.0,15.384615384615383,15.384615384615383
2,17,multifieldqa_en,Single QA,45,4c9131da4fb2a9dbc8dadce39d20bdc302a092b5740c414a,1860,0-4k,0.0,0.0,0.0
2,17,multifieldqa_en,Single QA,53,6caa98612cf0e2ddf58e1ba70daaf79a3ac616280fb48188,2947,0-4k,0.0,0.0,0.0
2,17,multifieldqa_en,Single QA,89,566881d2138d7e29cd6dd2b661b6f7ffe4c515c92fdaf837,5523,4-8k,10.0,10.0,0.0
2,17,multifieldqa_en,Single QA,90,d427e3ab7584a0e253bfb6a9d76626b726c79b57d5e39f2a,6102,4-8k,17.391304347826086,17.77777777777778,0.38647342995169254
2,17,multifieldqa_en,Single QA,119,f9b9a553107eed5b994a9aaf07e8ccac487feaa8ff108ec6,5917,4-8k,80.0,73.33333333333334,-6.666666666666657
2,17,multifieldqa_en,Single QA,129,df53ff06fbc99dbae6bfe13a946420321d4542480eeb56f3,6101,4-8k,46.15384615384615,66.66666666666667,20.512820512820518
2,17,multifieldqa_en,Single QA,134,c60792f391b389a1c44b0a8f62f4a792d9ed82286b1b7f95,6706,4-8k,20.689655172413794,26.666666666666668,5.977011494252874
2,17,multifieldqa_en,Single QA,137,a9f124fabc341d61e359af8e8badf79dd63a97896c28842e,9607,8k+,31.11111111111111,29.50819672131148,-1.6029143897996292
2,17,multifieldqa_en,Single QA,138,bda4a6b251a601b7f7f956f298b59d8e99993845c1eaf7d6,8281,8k+,58.82352941176471,50.000000000000014,-8.823529411764696
2,17,multifieldqa_en,Single QA,141,110688fd7522324ef26cbf3ec4f4b7ab29aa0b687aa1ade5,8366,8k+,78.7878787878788,42.5531914893617,-36.234687298517095
2,17,multifieldqa_en,Single QA,144,46a2207a7a3f6d98effa73491cf83b63f92e29e0023c6e52,9437,8k+,72.72727272727273,37.5,-35.227272727272734
2,17,multifieldqa_en,Single QA,147,25d54c0a145838996b56def82126f35b3fabe3e100d10fc0,10003,8k+,0.0,14.634146341463417,14.634146341463417
2,17,hotpotqa,Multi QA,0,1dae9ec530a93f43f85bd215a5c0e6737dbcf226cd3541d8,3745,0-4k,0.0,0.0,0.0
2,17,hotpotqa,Multi QA,31,f349d7bdea5f38b858c69ddae4698a287f9d201869c14919,1541,0-4k,0.0,0.0,0.0
2,17,hotpotqa,Multi QA,61,406311f7ab0d87c7aa2a4886827e640bc0848e8206f816c2,2519,0-4k,66.66666666666666,66.66666666666666,0.0
2,17,hotpotqa,Multi QA,73,8333f3e9e6703387546f30d78b61e07f326a7ea0aecdf557,2202,0-4k,0.0,0.0,0.0
2,17,hotpotqa,Multi QA,96,ad3b0ce8a9aaed70ba9db2fdae6d812ae61d39b7cb409376,3730,0-4k,100.0,100.0,0.0
2,17,hotpotqa,Multi QA,102,515a5cbf646c2891fde47be6b8fa3442571938d8dac8827a,6860,4-8k,100.0,100.0,0.0
2,17,hotpotqa,Multi QA,118,4beefe473acde45f1accb31e6f45cff16e0a8b47eefd032e,5913,4-8k,0.0,0.0,0.0
2,17,hotpotqa,Multi QA,126,a96ab885a132aad0f22735dad044516f01929c6be656b11a,7110,4-8k,0.0,0.0,0.0
2,17,hotpotqa,Multi QA,169,c18c76f9efb43dc4d15ce54891af6a60178be55f1eec2656,7002,4-8k,80.0,0.0,-80.0
2,17,hotpotqa,Multi QA,173,74f2fce3240dd7e91f9522b9cbb9e10f43f16fdb0c22e7fa,6333,4-8k,40.0,40.0,0.0
2,17,hotpotqa,Multi QA,213,ce41e73398410371a755f618a953a68b14f75b8f2e8a62cc,11543,8k+,0.0,22.222222222222225,22.222222222222225
2,17,hotpotqa,Multi QA,217,7cdceb45cfb9439bd41148788e5cf2f0e8a5cb99a0e09729,9019,8k+,100.0,100.0,0.0
2,17,hotpotqa,Multi QA,222,82a1a48996ef392d6abe74ea1d2b0a807c0f4d859c4026ac,9314,8k+,50.0,0.0,-50.0
2,17,hotpotqa,Multi QA,227,192e872cf190ea4e64fd401a32a3ea0426dc488afe3702ad,10290,8k+,0.0,100.0,100.0
2,17,hotpotqa,Multi QA,242,ecde9842060b9101fa9edceed35332413b01be43d4940652,11497,8k+,0.0,0.0,0.0
2,17,2wikimqa,Multi QA,21,0bc3341fffaad3e92d14d64b539df741528ef4e2b76e9632,1529,0-4k,29.629629629629633,100.0,70.37037037037037
2,17,2wikimqa,Multi QA,60,37eb33998e8bd7ffe40969ac3161ad695983fcf651dac639,2859,0-4k,100.0,100.0,0.0
2,17,2wikimqa,Multi QA,65,d7159102f8034cb0ad4834df59b0734f052a63c3a1d0f0bb,3621,0-4k,0.0,0.0,0.0
2,17,2wikimqa,Multi QA,80,9a74e9b9111e3d13efa2b9b43c522354f7d5f3dae6ca5e96,2753,0-4k,0.0,0.0,0.0
2,17,2wikimqa,Multi QA,89,f479830ec67206a7edd48ae2ac6f8fc1f639da89caf1a0d2,1405,0-4k,100.0,100.0,0.0
2,17,2wikimqa,Multi QA,129,d64ce42f72497e502a412d395566e55a3793d05b35004cb4,6417,4-8k,0.0,100.0,100.0
2,17,2wikimqa,Multi QA,130,fe284936ae55063527821e9ee610ae67958789167aa4ba1a,5421,4-8k,0.0,0.0,0.0
2,17,2wikimqa,Multi QA,131,d524ca109e5ac6284dec16931f2403ef7859225cfde19e9e,5848,4-8k,0.0,0.0,0.0
2,17,2wikimqa,Multi QA,162,78877dc3800b31f7831cf2f941219ee29493e35b53b059a1,4421,4-8k,0.0,0.0,0.0
2,17,2wikimqa,Multi QA,186,7022cbda00a72169cc470d7879da58fc0673ff175aa1f19f,7764,4-8k,100.0,100.0,0.0
2,17,2wikimqa,Multi QA,207,3a4153b2cd645e567d268c92fc153be937caefb93ac238df,8135,8k+,0.0,0.0,0.0
2,17,2wikimqa,Multi QA,245,4ced3912f614aca56f95eb0431c22e53c24c05717bf75f62,10959,8k+,0.0,0.0,0.0
2,17,2wikimqa,Multi QA,261,e367499fba5b229051bc79021a1ad30bbd066b1f89c277f6,8053,8k+,0.0,100.0,100.0
2,17,2wikimqa,Multi QA,264,3809f116856e090121b8d2d54cb0416076a8916013f06997,10696,8k+,7.999999999999999,0.0,-7.999999999999999
2,17,2wikimqa,Multi QA,265,ee5c0b8fe31f40bbf2579439858229041ea769a46d82f49b,8703,8k+,0.0,0.0,0.0
2,17,gov_report,Summarization,54,a3a11ee5de13be1f6ab405e8e1b29f2cd07929fe9112561a,3679,0-4k,29.445506243140585,25.56700989860772,-3.8784963445328664
2,17,gov_report,Summarization,56,a52b972a6051b61f61eefad3a6358e3f4f89c1a6872dd5a9,2999,0-4k,32.94663531141629,31.509846378867035,-1.436788932549252
2,17,gov_report,Summarization,57,5a1f14be3b3a06a0573d307579eda8216fb13f3e418abe97,2790,0-4k,36.97916623503961,31.4214459326248,-5.557720302414808
2,17,gov_report,Summarization,73,13416da54e1ad4f7681a4e30e66a3973ed3f812bf2af6f7a,1799,0-4k,34.68634637001131,30.76923026928111,-3.9171161007301976
2,17,gov_report,Summarization,76,cd96d8a3dbb09bac127d9aa3bb5c62856940380d8722160e,2961,0-4k,38.834950990668304,29.799426440998023,-9.035524549670281
2,17,gov_report,Summarization,112,357977aac62ac12b4958584d44cddcdeeb3c3b2835ed1358,7426,4-8k,23.936169854232688,26.562499625,2.626329770767313
2,17,gov_report,Summarization,144,24581c7640a62446ef310e19c657fde28f428e2cdde9927c,4743,4-8k,30.843373095497167,34.94252830932488,4.099155213827711
2,17,gov_report,Summarization,175,925cc92d4d68438d5beff9441c206f98fbf1adf8c3a2319c,4349,4-8k,36.44646878503121,33.71824434536427,-2.7282244396669384
2,17,gov_report,Summarization,182,380b8a11402167f3806aee3eca9dbd8feae82a13a1e009d8,5455,4-8k,33.746897802338545,31.202045586907467,-2.544852215431078
2,17,gov_report,Summarization,194,1345903bbe6b1a4bc816f5b2431912f0377f2e1c188ad933,6790,4-8k,28.84012497361465,27.345844024236506,-1.494280949378144
2,17,gov_report,Summarization,208,3cd2e850cddd4722470f29c62dd23ec7e5740d89575b4128,8253,8k+,29.49308717690969,24.999999559800354,-4.493087617109335
2,17,gov_report,Summarization,238,931127a19bd12e3e1831db946f7f0d3f6a8e8a2760708c03,10555,8k+,29.304028845898916,33.333332841551616,4.0293039956527
2,17,gov_report,Summarization,239,95108834ba59cae5c2f46634c3785c3aefe9fdd1d8656b9e,8737,8k+,33.49514520460223,39.627039181052055,6.131893976449824
2,17,gov_report,Summarization,287,7bb19ba82bff13f027337b76e32661a2028a80f224f1d7b9,10552,8k+,25.11415491665103,30.303029880624432,5.188874963973401
2,17,gov_report,Summarization,296,2d74ce64491ea67c0b42a06ef439cd49bc7da7f9768661a4,22560,8k+,34.936708394757254,31.331592234373407,-3.6051161603838473
2,17,multi_news,Summarization,0,3cfe6d5139ea2e17d17b9c8d040c015c3db4936578091cf6,951,0-4k,20.84506993129936,25.82417532962505,4.979105398325689
2,17,multi_news,Summarization,31,b723a6f6b48314b21c4142104e17776b8d24371546fd842e,1804,0-4k,25.084745264004603,25.80645112890327,0.7217058648986665
2,17,multi_news,Summarization,88,129345ac116bd3d12d86321b7bb7d8ec257ec2d4ee951b79,695,0-4k,24.827585731248522,21.527777300950046,-3.2998084302984765
2,17,multi_news,Summarization,90,b284f77807027c80d9052f3116a5f1945a921b333262a44f,1375,0-4k,28.72928126850524,22.391857007530007,-6.337424260975233
2,17,multi_news,Summarization,97,9b05a23597d81978bb62a7d42cf8a829ab8c00dbd9936af1,836,0-4k,28.104574676748268,33.42939431301647,5.324819636268206
2,17,multi_news,Summarization,100,a7679b6195dde9c6472dfcb5a9b0f7301010ad575d82f481,5411,4-8k,21.917807730531067,19.928825128101224,-1.988982602429843
2,17,multi_news,Summarization,101,e8ae3a32f6723be9e54aa66700703b5010e6a24337e6387c,5553,4-8k,23.577235300152037,30.153845655933743,6.576610355781707
2,17,multi_news,Summarization,107,a0eda52afcd3721a2791dacaee59ff9d0b57b2f89744e190,4795,4-8k,20.7253881023786,22.589531180474935,1.8641430780963368
2,17,multi_news,Summarization,140,22c4f915fbec56cff0c26b9814a2e8ef79640588ac70d521,6253,4-8k,20.725388101049706,20.11173134708656,-0.613656753963145
2,17,multi_news,Summarization,196,29930ff7fc60809fcb40fa0d8fc2415ba9d1dc6435cdea4f,7740,4-8k,17.977527604090408,16.81681631880531,-1.1607112852850996
2,17,multi_news,Summarization,213,3b3c748f3eb38ad864d61971e37e3a353350c67bbf60705f,8992,8k+,18.085105914228734,23.56164336147121,5.476537447242475
2,17,multi_news,Summarization,215,4d2e3653c3c14982a2a316fdec16de82af22d4e610f04842,9464,8k+,19.393938903654742,11.06719320889252,-8.326745694762222
2,17,multi_news,Summarization,221,4f5bef9de35675cccb7f0ab2422f5766b9f8a0c6fb983678,10507,8k+,23.10030345769164,27.513227013731424,4.412923556039782
2,17,multi_news,Summarization,231,c44cd4b3d05e349d96d0107750992323e358891d05732948,8571,8k+,18.435753690084592,16.986300870497292,-1.4494528195873002
2,17,multi_news,Summarization,253,928d14dff96c5f6c99a1f9d845d00c2642bc704d7434506e,10683,8k+,13.953487988524213,21.19205248804878,7.238564499524568
2,17,trec,Few-shot,49,7dfc677d5d152f68d56844b67c26eae5ade79afb3e99f801,3725,0-4k,0.0,0.0,0.0
2,17,trec,Few-shot,50,6920dc5ab1fc7c4eb0768f2ac5ba7f65fa1ad44168b31380,1870,0-4k,100.0,100.0,0.0
2,17,trec,Few-shot,67,68092da2a4729b3ceec74cdbeee8f882103816527070990f,3432,0-4k,100.0,100.0,0.0
2,17,trec,Few-shot,74,2b2f0ca1e20f6ff8114ae89d62d0f7d510a6d50aac79de79,3083,0-4k,100.0,100.0,0.0
2,17,trec,Few-shot,98,f6928484791855eaafa05bf0e14fda717f1326cd4a5b954d,1764,0-4k,100.0,100.0,0.0
2,17,trec,Few-shot,144,d48bdadde67f73518786f0df7a1f2e79d58b6615ce9985b6,6553,4-8k,100.0,0.0,-100.0
2,17,trec,Few-shot,151,6e70bede9da423c098179dd992a1c019ce1810d9a1a7767b,5424,4-8k,0.0,0.0,0.0
2,17,trec,Few-shot,167,4a318078c552864ccd4dbc99ac5b3c21c509258d4bffd94d,7299,4-8k,0.0,0.0,0.0
2,17,trec,Few-shot,176,9675fef9b4fe163692b249c040670706b17cd5d1bb99dbae,7085,4-8k,100.0,100.0,0.0
2,17,trec,Few-shot,197,50456a7c27c94c95d96ef4d681ba513cda242b95dc75f3a1,4038,4-8k,100.0,100.0,0.0
2,17,trec,Few-shot,204,ae4cc6dd54de82c93ecd6c6d139386e206f44c5cc61c802c,11578,8k+,0.0,0.0,0.0
2,17,trec,Few-shot,206,9de729a8f3f2817e417b4ac0ea3812d988fed35c66e225be,9264,8k+,0.0,100.0,100.0
2,17,trec,Few-shot,241,d395acf86c300e844f6c49160568b1d1fadc04bd53a0b362,11531,8k+,100.0,100.0,0.0
2,17,trec,Few-shot,267,1bf27d1e48e7006f3b7f382cf3e91427cef1a74623a09816,8357,8k+,100.0,0.0,-100.0
2,17,trec,Few-shot,270,5e58ff1515261ae7ed493f212c894749dd03c8bcadac517e,11040,8k+,100.0,100.0,0.0
2,17,triviaqa,Few-shot,25,37a77de08c5dc62fc4b4d08ab6066e178e82d32387ce084f,3179,0-4k,100.0,100.0,0.0
2,17,triviaqa,Few-shot,49,2dfb8c6ad47144c07050d7707ba7bd71896c09947f5c9e49,1546,0-4k,100.0,100.0,0.0
2,17,triviaqa,Few-shot,60,108c5fba3e6f442ee6e0a2e9495934a7e1ac483c1f4fadc2,1438,0-4k,100.0,100.0,0.0
2,17,triviaqa,Few-shot,61,35d5132c126a2bef8991410216b5980a9c20273a9ff1ab1a,3872,0-4k,100.0,100.0,0.0
2,17,triviaqa,Few-shot,80,6e69d198ca0848e40be166b102d12edc3120a04b0f5da0c0,3453,0-4k,100.0,100.0,0.0
2,17,triviaqa,Few-shot,108,8ab0169f638e98dc69b9bf89237c12a1fee1e417b2ae802c,6085,4-8k,100.0,100.0,0.0
2,17,triviaqa,Few-shot,147,9018807f19ee02d865950c595bf1a259de22640430bc74ed,6427,4-8k,100.0,100.0,0.0
2,17,triviaqa,Few-shot,163,ddff3655b6d29132f991bc6f4f6552c2e252f0ffac1bafba,6011,4-8k,100.0,100.0,0.0
2,17,triviaqa,Few-shot,171,6c3854fc6c64a01c1c738ed10b29b0065a39f1b4173eb3a0,5925,4-8k,33.333333333333336,33.333333333333336,0.0
2,17,triviaqa,Few-shot,192,8dd7e008bda0f1085ad933907ff73985a4d50c50d6578815,4185,4-8k,100.0,0.0,-100.0
2,17,triviaqa,Few-shot,206,b76cc838bf517e13bdf35517a991e7dadab853cdbf3951d2,10091,8k+,100.0,100.0,0.0
2,17,triviaqa,Few-shot,226,a14acc130b6f9fafa9fad828a40751edad4d1a283ffcac30,8033,8k+,100.0,100.0,0.0
2,17,triviaqa,Few-shot,248,1be41635f109463aad4ac2d71b524edcbdeabced54a0cdc3,12438,8k+,100.0,100.0,0.0
2,17,triviaqa,Few-shot,258,c5e835c6d30d0278c1832351580689ffdd46d71bda1bbdfd,14026,8k+,100.0,100.0,0.0
2,17,triviaqa,Few-shot,290,ee606dca7a956b661e19b36859b1916cd0f1cfbef4352380,9846,8k+,100.0,100.0,0.0
2,17,samsum,Few-shot,19,0bf52d18ccff2e111ad516892321685343c9dac7140bdef0,3439,0-4k,63.829786736079676,54.54545405475207,-9.284332681327605
2,17,samsum,Few-shot,21,40232983571b8ce83adcb03ef9ef55c99dc4a019a368f310,2053,0-4k,69.76744136289888,57.14285664739231,-12.624584715506572
2,17,samsum,Few-shot,31,018c19631933484203fb50ea1c66e51f3d6e3b1ce9420578,2337,0-4k,35.714285278061226,44.99999950125,9.285714223188776
2,17,samsum,Few-shot,65,2b739f373d44d8f8925d26449fd0eb1a32d67e167d29b257,3318,0-4k,63.636363140495874,78.26086906616257,14.624505925666696
2,17,samsum,Few-shot,89,982a8057dcf8707ee1d1f2d3bcb3f295bb2751a1eca7dbcd,2784,0-4k,39.99999950000001,34.482758168846615,-5.517241331153393
2,17,samsum,Few-shot,143,cf9464373a128bf26c8d2778f9e4a37c5a15dbed12ad01ae,7046,4-8k,44.44444395061729,43.478260415879014,-0.9661835347382777
2,17,samsum,Few-shot,151,b7ae56266199a707fdf23df4b8db02a7f80f40c5fa92a349,6091,4-8k,29.16666617447917,26.66666618666667,-2.499999987812501
2,17,samsum,Few-shot,154,fa2c3e8009a275c4b1263f41043d94b748ddba1755dc2c20,4428,4-8k,84.61538411538461,82.75862019500595,-1.8567639203786683
2,17,samsum,Few-shot,190,c4199640b2f017d470c8f1a2e2b91ad294bf054a4b91c93c,5696,4-8k,18.749999531250012,26.086956030245755,7.336956498995743
2,17,samsum,Few-shot,194,4de277f16be3a9e4bd9a7e59f75599ebca199a86b015958c,4234,4-8k,27.27272680991736,34.14634101368233,6.873614203764973
2,17,samsum,Few-shot,215,04964a5fefa4ee8e434769f3a928c8b72d7ed3aeb182ed46,8363,8k+,29.999999545000005,39.99999954500001,10.000000000000004
2,17,samsum,Few-shot,220,0c5ef0430cfb35865d7a7089d0680dffca5c6fc47617d4d1,9891,8k+,45.16128983558793,48.48484798898072,3.3235581533927885
2,17,samsum,Few-shot,228,b2511670a4ccc1403baa33711fe2dbd5892eababde2e39ee,12403,8k+,52.63157855955679,48.27586156956005,-4.355716989996743
2,17,samsum,Few-shot,257,1893a577539617a31f49735422c235b4db2b8e84f3d7c3c3,10584,8k+,51.61290272632676,56.24999950195313,4.637096775626368
2,17,samsum,Few-shot,283,7af7246701130f0eb2a76bd4b15664820e989acefe181a5e,10072,8k+,27.777777277777787,12.121211625344372,-15.656565652433414
2,17,passage_count,Synthetic,22,288f4e37f101d146d77c62f996e4e9570b2771c27bc81979,2375,0-4k,0.0,0.0,0.0
2,17,passage_count,Synthetic,36,935778f03f2632c87b080ee9b2f452ea83fbbfb5c77332a2,1851,0-4k,0.0,0.0,0.0
2,17,passage_count,Synthetic,55,b5632108341c1ca7995b00fe559e6281d6076c327973356f,2124,0-4k,0.0,0.0,0.0
2,17,passage_count,Synthetic,69,f1405e58115865757f93e3e1aba86e546d594fb7bc99f26c,2383,0-4k,0.0,0.0,0.0
2,17,passage_count,Synthetic,79,cab713d4812f7c19a4e2fa511895ac02eff30509bb174327,2725,0-4k,0.0,0.0,0.0
2,17,passage_count,Synthetic,103,90a34e79c780c2df4d2dad95609a596c6098240e94842bf6,7562,4-8k,0.0,0.0,0.0
2,17,passage_count,Synthetic,119,9512ca779f519aebfa07a9f90ce689daa359a4bde1151349,4295,4-8k,0.0,0.0,0.0
2,17,passage_count,Synthetic,155,741cb2c3e808fe3dce2bf119bb0a580b5f5c4aa50202d55f,5469,4-8k,0.0,0.0,0.0
2,17,passage_count,Synthetic,168,f585832d9c78624dd328e1ad307cb6a6a33f3ef90f350c42,6770,4-8k,0.0,0.0,0.0
2,17,passage_count,Synthetic,195,965c084901ab3e093e057dfe806affec32c1d9014ceb9552,5715,4-8k,0.0,0.0,0.0
2,17,passage_count,Synthetic,214,8ea4a507b131b2f8770360c9568652bad67e1411207d48ab,14537,8k+,0.0,0.0,0.0
2,17,passage_count,Synthetic,221,6cd9e99b1214827e24c3b0d2fbacadb7f2d0e47c75783162,8606,8k+,0.0,50.0,50.0
2,17,passage_count,Synthetic,248,9257294f738fd5ccbed674b18aa2f4ab0301d77e4e3d8290,8152,8k+,0.0,0.0,0.0
2,17,passage_count,Synthetic,257,8041f459bf8570173d461b909735356d06ff64d510806517,8691,8k+,0.0,0.0,0.0
2,17,passage_count,Synthetic,267,e1ae4a4f72237062a4fb609d1b8699981447754d4dad536a,9017,8k+,0.0,0.0,0.0
2,17,passage_retrieval_en,Synthetic,0,f363b5cfe63d7095514d7273aaa2e31dbfa73f10a71fd7d8,3446,0-4k,100.0,100.0,0.0
2,17,passage_retrieval_en,Synthetic,3,707ae2fed6a206720c3afb70facc02c376eeca4fd6859740,3428,0-4k,100.0,100.0,0.0
2,17,passage_retrieval_en,Synthetic,8,83f6186ca8e6173b7466b5dd60738f6810d9b900642e6476,3711,0-4k,100.0,100.0,0.0
2,17,passage_retrieval_en,Synthetic,50,31426afc717058adc13fce3a7307c5bdad89bc5be71735b1,3535,0-4k,100.0,100.0,0.0
2,17,passage_retrieval_en,Synthetic,78,a83340ad80a9e187029262c34b831c17116cf743c30a2d26,3686,0-4k,100.0,100.0,0.0
2,17,passage_retrieval_en,Synthetic,110,de23e2b1d2dd91ee82fbc68d8a5a15aca03f8c6afccc5c91,6093,4-8k,0.0,100.0,100.0
2,17,passage_retrieval_en,Synthetic,142,33299d35937a468625623f198d3b800951cf021f2761ea45,7054,4-8k,100.0,100.0,0.0
2,17,passage_retrieval_en,Synthetic,169,6643e514e454e85491bbdac3a52955ef916568e019cb3a98,4166,4-8k,100.0,100.0,0.0
2,17,passage_retrieval_en,Synthetic,184,20abfe1e2d178e67c2a8a9871e735df4b419e063c491937a,4943,4-8k,0.0,100.0,100.0
2,17,passage_retrieval_en,Synthetic,194,25acb3749765e2827ffb105da857a646a2e19952abe53cde,4480,4-8k,100.0,100.0,0.0
2,17,passage_retrieval_en,Synthetic,220,62419a34c63e8b5c583352a1aa5e43cc881f7546c5c5f442,8185,8k+,0.0,100.0,100.0
2,17,passage_retrieval_en,Synthetic,239,763cf6ac464e16d4f5d61b69b685a6771fef3cfbe5fc326d,8723,8k+,100.0,100.0,0.0
2,17,passage_retrieval_en,Synthetic,281,d33bbbcd5871126b551f3307f79c353bf30ec0f18fa96cb7,8192,8k+,100.0,100.0,0.0
2,17,passage_retrieval_en,Synthetic,285,2dca86e4858483b4b2dde86f486bb055c47e4921ca331621,8539,8k+,100.0,100.0,0.0
2,17,passage_retrieval_en,Synthetic,293,9f0af99cc14eda16266159a1a5505c0664c7bdeb6b34a34d,9125,8k+,0.0,100.0,100.0
2,17,lcc,Code,42,94f103d8d6177a4ab0d0ed90f9dbd86d375978f8e3f81181,386,0-4k,38.0,63.0,25.0
2,17,lcc,Code,63,aab6e3b1dcab2261ae6d783a39b356522fa6e32c6b4b0579,648,0-4k,40.0,95.0,55.0
2,17,lcc,Code,73,50511e2d36d05cdb890a54b72403a62d4a131cdfd6350426,833,0-4k,31.0,96.0,65.0
2,17,lcc,Code,97,b1a3b5f96b79841d13ee9fa68ce3fa8ff64333803d491dd6,1411,0-4k,96.0,100.0,4.0
2,17,lcc,Code,98,50c8a624b72c93ccf1b9dc94cc56cefefc09ed423276260c,826,0-4k,32.0,32.0,0.0
2,17,lcc,Code,105,e34212aa3077645a24fe01119b2d8f3d6d7e068bc2300179,6878,4-8k,36.0,40.0,4.0
2,17,lcc,Code,111,6c7fc0dfbb754f9bc08f08a9190c83e8e7012dfd598e020a,4005,4-8k,12.0,79.0,67.0
2,17,lcc,Code,116,64bac47b1e1bb0e0c8c9689439872cd09890eb9060b9d0cb,4434,4-8k,64.0,80.0,16.0
2,17,lcc,Code,153,a5259ab50b36a4e831982b6a99431c696ecaced8866bf553,5413,4-8k,100.0,97.0,-3.0
2,17,lcc,Code,166,2197048d64edac7618fb8a6df59fb407b0a27af2a7c74a9a,4125,4-8k,55.00000000000001,100.0,44.99999999999999
2,17,lcc,Code,235,7c4c9949f60f4f327a48f2671410466485a03f060befc851,9452,8k+,82.0,100.0,18.0
2,17,lcc,Code,253,510fda46c7dd55d3196a9e71e2f528e1627ff2d61c2ef425,9425,8k+,39.0,64.0,25.0
2,17,lcc,Code,261,f08a124a114577d3ad44ab0eb8109ad143afa1725e636790,20316,8k+,83.0,55.00000000000001,-27.999999999999993
2,17,lcc,Code,272,8b7ce360028e8b36fb6f5ee805af7d92897c3d743f66e101,11381,8k+,20.0,0.0,-20.0
2,17,lcc,Code,279,2666edb375a0bdb0c84b3a8c808c36f7ada53856d1793385,8731,8k+,41.0,41.0,0.0
2,17,repobench-p,Code,1,4d2668d05f3f636a1bb6b0389a03b382f3f3e06b19dec51d,2012,0-4k,36.0,34.0,-2.0
2,17,repobench-p,Code,5,baa8de84ab065678542bc7eba856ad8688646323f9d230bd,2526,0-4k,0.0,94.0,94.0
2,17,repobench-p,Code,28,10293155fe04c32cb8085fd71357b5f0ca2693104e6232aa,3533,0-4k,41.0,35.0,-6.0
2,17,repobench-p,Code,65,56c45bfed224c26bb617b8089df613586ae55fa518b1a991,2605,0-4k,44.0,96.0,52.0
2,17,repobench-p,Code,96,4ff1104206a9b1f6a1cb7d9678a99f21614ecc8091c224c4,2012,0-4k,69.0,100.0,31.0
2,17,repobench-p,Code,126,6be916e353b46483c181ef52e63b82a1b30edf08ded51e81,5932,4-8k,37.0,77.0,40.0
2,17,repobench-p,Code,135,25e27a4553ca2c4de07c1adc6668d82e9973eeb747409030,4307,4-8k,28.000000000000004,30.0,1.9999999999999964
2,17,repobench-p,Code,160,c5b3c8bd713b960704e3fe39f8f59a429f3f8b431eab3ca8,4364,4-8k,27.0,10.0,-17.0
2,17,repobench-p,Code,172,3cd8fefa66ffe61edf15dd8ce125f6e4933fb96d398da6b5,7126,4-8k,47.0,43.0,-4.0
2,17,repobench-p,Code,193,4518bfc339e5258b92b49b1eb715e0fb08e7ee42c084945a,4061,4-8k,27.0,56.99999999999999,29.999999999999993
2,17,repobench-p,Code,204,ace65979c3c0ae8afbc6363afc51e185369db91ce49614eb,12028,8k+,27.0,95.0,68.0
2,17,repobench-p,Code,252,5829ad887bad026190dbd3ef02f586b05826e8ec720bbc47,8881,8k+,100.0,100.0,0.0
2,17,repobench-p,Code,253,b2acea6b02472a0a56410ca98ebc6dd1cdbf06755ca7e0d1,9203,8k+,55.00000000000001,59.0,3.999999999999993
2,17,repobench-p,Code,276,3f7ee1f4f34a645dbe506c2cefdd92884333284e3a2946a8,10553,8k+,83.0,71.0,-12.0
2,17,repobench-p,Code,291,01f7b97f4816935c226b88e63484f4f48a98b76054d3cf45,9175,8k+,77.0,84.0,7.0
2,29,qasper,Single QA,7,1bd9a082bd7b5ab6c152dbda3db38c0c3bc92cddf82383a3,2720,0-4k,25.0,22.857142857142854,-2.142857142857146
2,29,qasper,Single QA,51,d95b33cbe3496fb98638b3c3b1a956847b6472aa8d18a5cc,2393,0-4k,80.00000000000001,72.72727272727272,-7.272727272727295
2,29,qasper,Single QA,54,b959a2ca0687fbe1c4f11a6fda00eb9341525f1502c9afc6,3566,0-4k,5.7142857142857135,28.57142857142857,22.857142857142854
2,29,qasper,Single QA,75,b1fdb80cd96f455762f4f3be78a4932e7ae5edb2802d9e5c,3244,0-4k,88.8888888888889,100.0,11.1111111111111
2,29,qasper,Single QA,99,d9c7574b1ed1ebd6eb755e6bbeee3513c9c912771059348c,2533,0-4k,100.0,0.0,-100.0
2,29,qasper,Single QA,114,e28df0e3283943b1e011e1dba7a231e35269588b73697ca4,7837,4-8k,100.0,0.0,-100.0
2,29,qasper,Single QA,140,755daa298cdf770c8ed19ddf39270f07e077d88a82aaa0dc,4263,4-8k,12.5,9.090909090909092,-3.4090909090909083
2,29,qasper,Single QA,144,0225501ce54ac2c95a557a5691a4322482af24748391e6e9,4104,4-8k,0.0,65.0,65.0
2,29,qasper,Single QA,145,34c5eb16ccc55869a263dfda28d028267e29ee243880c9d5,5136,4-8k,23.52941176470588,9.75609756097561,-13.773314203730271
2,29,qasper,Single QA,159,d5e92fcef6747ba1518ae7d8a46ad274b585425b2c889d5b,4738,4-8k,38.59649122807018,37.73584905660377,-0.8606421714664094
2,29,qasper,Single QA,209,074b526f101518a8f5c810fed1e28f757dacb7805b161e22,14472,8k+,0.0,100.0,100.0
2,29,qasper,Single QA,212,21fc5caf7a80aa10b3d9e86ca96d466edb09ae8961c22c85,12952,8k+,100.0,100.0,0.0
2,29,qasper,Single QA,217,3a92f5b9ebedea5d5efd1f4af956b59b4e0ae6ee33db136f,8555,8k+,0.0,0.0,0.0
2,29,qasper,Single QA,221,1bb7cd04a893fe2a5497bdf7d0dcb064da2ef56144b44bdd,14722,8k+,0.0,10.309278350515463,10.309278350515463
2,29,qasper,Single QA,223,6fd8cd7777d0b6f36ccdfc044d9b5056e519fd11feb2a750,14660,8k+,12.5,89.65517241379311,77.15517241379311
2,29,multifieldqa_en,Single QA,11,94ccf4d54b36e7e9d4aa594a7bc426528630a5b8aff296a4,3422,0-4k,100.0,80.0,-20.0
2,29,multifieldqa_en,Single QA,38,235a5c99cd7fae9e2b410ad99c1b1fafea43799d3f1138a8,1810,0-4k,46.15384615384615,46.15384615384615,0.0
2,29,multifieldqa_en,Single QA,44,ec016e90ac78727f3c4aa176db472724bda53c07cb8cb696,682,0-4k,0.0,18.18181818181818,18.18181818181818
2,29,multifieldqa_en,Single QA,45,4c9131da4fb2a9dbc8dadce39d20bdc302a092b5740c414a,1860,0-4k,0.0,22.22222222222222,22.22222222222222
2,29,multifieldqa_en,Single QA,53,6caa98612cf0e2ddf58e1ba70daaf79a3ac616280fb48188,2947,0-4k,0.0,6.451612903225806,6.451612903225806
2,29,multifieldqa_en,Single QA,89,566881d2138d7e29cd6dd2b661b6f7ffe4c515c92fdaf837,5523,4-8k,10.0,10.0,0.0
2,29,multifieldqa_en,Single QA,90,d427e3ab7584a0e253bfb6a9d76626b726c79b57d5e39f2a,6102,4-8k,100.0,63.63636363636363,-36.36363636363637
2,29,multifieldqa_en,Single QA,119,f9b9a553107eed5b994a9aaf07e8ccac487feaa8ff108ec6,5917,4-8k,19.047619047619047,57.14285714285714,38.09523809523809
2,29,multifieldqa_en,Single QA,129,df53ff06fbc99dbae6bfe13a946420321d4542480eeb56f3,6101,4-8k,66.66666666666667,59.25925925925925,-7.407407407407419
2,29,multifieldqa_en,Single QA,134,c60792f391b389a1c44b0a8f62f4a792d9ed82286b1b7f95,6706,4-8k,31.25,19.354838709677416,-11.895161290322584
2,29,multifieldqa_en,Single QA,137,a9f124fabc341d61e359af8e8badf79dd63a97896c28842e,9607,8k+,34.78260869565218,15.09433962264151,-19.68826907301067
2,29,multifieldqa_en,Single QA,138,bda4a6b251a601b7f7f956f298b59d8e99993845c1eaf7d6,8281,8k+,62.5,63.1578947368421,0.6578947368421026
2,29,multifieldqa_en,Single QA,141,110688fd7522324ef26cbf3ec4f4b7ab29aa0b687aa1ade5,8366,8k+,35.08771929824561,38.70967741935484,3.6219581211092304
2,29,multifieldqa_en,Single QA,144,46a2207a7a3f6d98effa73491cf83b63f92e29e0023c6e52,9437,8k+,72.72727272727273,72.72727272727273,0.0
2,29,multifieldqa_en,Single QA,147,25d54c0a145838996b56def82126f35b3fabe3e100d10fc0,10003,8k+,16.0,11.76470588235294,-4.23529411764706
2,29,hotpotqa,Multi QA,0,1dae9ec530a93f43f85bd215a5c0e6737dbcf226cd3541d8,3745,0-4k,66.66666666666666,66.66666666666666,0.0
2,29,hotpotqa,Multi QA,31,f349d7bdea5f38b858c69ddae4698a287f9d201869c14919,1541,0-4k,0.0,0.0,0.0
2,29,hotpotqa,Multi QA,61,406311f7ab0d87c7aa2a4886827e640bc0848e8206f816c2,2519,0-4k,66.66666666666666,66.66666666666666,0.0
2,29,hotpotqa,Multi QA,73,8333f3e9e6703387546f30d78b61e07f326a7ea0aecdf557,2202,0-4k,0.0,0.0,0.0
2,29,hotpotqa,Multi QA,96,ad3b0ce8a9aaed70ba9db2fdae6d812ae61d39b7cb409376,3730,0-4k,0.0,100.0,100.0
2,29,hotpotqa,Multi QA,102,515a5cbf646c2891fde47be6b8fa3442571938d8dac8827a,6860,4-8k,0.0,100.0,100.0
2,29,hotpotqa,Multi QA,118,4beefe473acde45f1accb31e6f45cff16e0a8b47eefd032e,5913,4-8k,0.0,50.0,50.0
2,29,hotpotqa,Multi QA,126,a96ab885a132aad0f22735dad044516f01929c6be656b11a,7110,4-8k,0.0,0.0,0.0
2,29,hotpotqa,Multi QA,169,c18c76f9efb43dc4d15ce54891af6a60178be55f1eec2656,7002,4-8k,0.0,80.0,80.0
2,29,hotpotqa,Multi QA,173,74f2fce3240dd7e91f9522b9cbb9e10f43f16fdb0c22e7fa,6333,4-8k,40.0,0.0,-40.0
2,29,hotpotqa,Multi QA,213,ce41e73398410371a755f618a953a68b14f75b8f2e8a62cc,11543,8k+,22.222222222222225,22.222222222222225,0.0
2,29,hotpotqa,Multi QA,217,7cdceb45cfb9439bd41148788e5cf2f0e8a5cb99a0e09729,9019,8k+,100.0,0.0,-100.0
2,29,hotpotqa,Multi QA,222,82a1a48996ef392d6abe74ea1d2b0a807c0f4d859c4026ac,9314,8k+,0.0,0.0,0.0
2,29,hotpotqa,Multi QA,227,192e872cf190ea4e64fd401a32a3ea0426dc488afe3702ad,10290,8k+,25.0,0.0,-25.0
2,29,hotpotqa,Multi QA,242,ecde9842060b9101fa9edceed35332413b01be43d4940652,11497,8k+,0.0,0.0,0.0
2,29,2wikimqa,Multi QA,21,0bc3341fffaad3e92d14d64b539df741528ef4e2b76e9632,1529,0-4k,0.0,100.0,100.0
2,29,2wikimqa,Multi QA,60,37eb33998e8bd7ffe40969ac3161ad695983fcf651dac639,2859,0-4k,100.0,100.0,0.0
2,29,2wikimqa,Multi QA,65,d7159102f8034cb0ad4834df59b0734f052a63c3a1d0f0bb,3621,0-4k,0.0,0.0,0.0
2,29,2wikimqa,Multi QA,80,9a74e9b9111e3d13efa2b9b43c522354f7d5f3dae6ca5e96,2753,0-4k,0.0,0.0,0.0
2,29,2wikimqa,Multi QA,89,f479830ec67206a7edd48ae2ac6f8fc1f639da89caf1a0d2,1405,0-4k,21.052631578947366,0.0,-21.052631578947366
2,29,2wikimqa,Multi QA,129,d64ce42f72497e502a412d395566e55a3793d05b35004cb4,6417,4-8k,0.0,21.052631578947366,21.052631578947366
2,29,2wikimqa,Multi QA,130,fe284936ae55063527821e9ee610ae67958789167aa4ba1a,5421,4-8k,0.0,0.0,0.0
2,29,2wikimqa,Multi QA,131,d524ca109e5ac6284dec16931f2403ef7859225cfde19e9e,5848,4-8k,0.0,0.0,0.0
2,29,2wikimqa,Multi QA,162,78877dc3800b31f7831cf2f941219ee29493e35b53b059a1,4421,4-8k,0.0,0.0,0.0
2,29,2wikimqa,Multi QA,186,7022cbda00a72169cc470d7879da58fc0673ff175aa1f19f,7764,4-8k,100.0,100.0,0.0
2,29,2wikimqa,Multi QA,207,3a4153b2cd645e567d268c92fc153be937caefb93ac238df,8135,8k+,0.0,0.0,0.0
2,29,2wikimqa,Multi QA,245,4ced3912f614aca56f95eb0431c22e53c24c05717bf75f62,10959,8k+,0.0,0.0,0.0
2,29,2wikimqa,Multi QA,261,e367499fba5b229051bc79021a1ad30bbd066b1f89c277f6,8053,8k+,100.0,100.0,0.0
2,29,2wikimqa,Multi QA,264,3809f116856e090121b8d2d54cb0416076a8916013f06997,10696,8k+,0.0,0.0,0.0
2,29,2wikimqa,Multi QA,265,ee5c0b8fe31f40bbf2579439858229041ea769a46d82f49b,8703,8k+,0.0,0.0,0.0
2,29,gov_report,Summarization,54,a3a11ee5de13be1f6ab405e8e1b29f2cd07929fe9112561a,3679,0-4k,32.7868848315725,22.891565839381627,-9.895318992190873
2,29,gov_report,Summarization,56,a52b972a6051b61f61eefad3a6358e3f4f89c1a6872dd5a9,2999,0-4k,31.808278417000114,31.346577922001472,-0.46170049499864163
2,29,gov_report,Summarization,57,5a1f14be3b3a06a0573d307579eda8216fb13f3e418abe97,2790,0-4k,36.842104796536255,40.404039957925214,3.561935161388959
2,29,gov_report,Summarization,73,13416da54e1ad4f7681a4e30e66a3973ed3f812bf2af6f7a,1799,0-4k,32.62411297769228,35.036495855586345,2.4123828778940677
2,29,gov_report,Summarization,76,cd96d8a3dbb09bac127d9aa3bb5c62856940380d8722160e,2961,0-4k,31.339030845204185,23.717948249198724,-7.621082596005461
2,29,gov_report,Summarization,112,357977aac62ac12b4958584d44cddcdeeb3c3b2835ed1358,7426,4-8k,23.495701717260122,29.197079872555815,5.701378155295693
2,29,gov_report,Summarization,144,24581c7640a62446ef310e19c657fde28f428e2cdde9927c,4743,4-8k,38.37471739736763,38.33718202420408,-0.037535373163549934
2,29,gov_report,Summarization,175,925cc92d4d68438d5beff9441c206f98fbf1adf8c3a2319c,4349,4-8k,32.13429212311302,40.97995498603677,8.845662862923753
2,29,gov_report,Summarization,182,380b8a11402167f3806aee3eca9dbd8feae82a13a1e009d8,5455,4-8k,38.84514391973052,32.417582004769955,-6.427561914960563
2,29,gov_report,Summarization,194,1345903bbe6b1a4bc816f5b2431912f0377f2e1c188ad933,6790,4-8k,35.097492566941604,29.94652358374561,-5.150968983195995
2,29,gov_report,Summarization,208,3cd2e850cddd4722470f29c62dd23ec7e5740d89575b4128,8253,8k+,25.603864391316023,27.37306802342977,1.7692036321137472
2,29,gov_report,Summarization,238,931127a19bd12e3e1831db946f7f0d3f6a8e8a2760708c03,10555,8k+,19.004524562560153,30.303029820177084,11.298505257616931
2,29,gov_report,Summarization,239,95108834ba59cae5c2f46634c3785c3aefe9fdd1d8656b9e,8737,8k+,28.01120415978156,39.05882308761246,11.0476189278309
2,29,gov_report,Summarization,287,7bb19ba82bff13f027337b76e32661a2028a80f224f1d7b9,10552,8k+,25.233644547176613,37.44855925887822,12.214914711701606
2,29,gov_report,Summarization,296,2d74ce64491ea67c0b42a06ef439cd49bc7da7f9768661a4,22560,8k+,24.797843224359024,29.347825649353148,4.549982424994123
2,29,multi_news,Summarization,0,3cfe6d5139ea2e17d17b9c8d040c015c3db4936578091cf6,951,0-4k,21.472392165211353,22.933332835925345,1.4609406707139918
2,29,multi_news,Summarization,31,b723a6f6b48314b21c4142104e17776b8d24371546fd842e,1804,0-4k,22.222221838134434,15.714285214285727,-6.507936623848707
2,29,multi_news,Summarization,88,129345ac116bd3d12d86321b7bb7d8ec257ec2d4ee951b79,695,0-4k,28.975264537951535,23.48484799520777,-5.490416542743766
2,29,multi_news,Summarization,90,b284f77807027c80d9052f3116a5f1945a921b333262a44f,1375,0-4k,24.22360199751168,22.608695155706794,-1.6149068418048849
2,29,multi_news,Summarization,97,9b05a23597d81978bb62a7d42cf8a829ab8c00dbd9936af1,836,0-4k,23.052959007501876,31.55080164019561,8.497842632693732
2,29,multi_news,Summarization,100,a7679b6195dde9c6472dfcb5a9b0f7301010ad575d82f481,5411,4-8k,20.40816276993431,21.31147492154141,0.9033121516070999
2,29,multi_news,Summarization,101,e8ae3a32f6723be9e54aa66700703b5010e6a24337e6387c,5553,4-8k,24.902723252130997,28.205127705456945,3.3024044533259485
2,29,multi_news,Summarization,107,a0eda52afcd3721a2791dacaee59ff9d0b57b2f89744e190,4795,4-8k,9.302325169010295,21.739129934797386,12.436804765787091
2,29,multi_news,Summarization,140,22c4f915fbec56cff0c26b9814a2e8ef79640588ac70d521,6253,4-8k,20.60606012150598,23.267326233457517,2.6612661119515373
2,29,multi_news,Summarization,196,29930ff7fc60809fcb40fa0d8fc2415ba9d1dc6435cdea4f,7740,4-8k,20.408162802698886,20.408162769390316,-3.330857012429078e-08
2,29,multi_news,Summarization,213,3b3c748f3eb38ad864d61971e37e3a353350c67bbf60705f,8992,8k+,10.8974354020587,17.26190427481932,6.364468872760618
2,29,multi_news,Summarization,215,4d2e3653c3c14982a2a316fdec16de82af22d4e610f04842,9464,8k+,9.625667949212186,13.235293665333062,3.609625716120876
2,29,multi_news,Summarization,221,4f5bef9de35675cccb7f0ab2422f5766b9f8a0c6fb983678,10507,8k+,22.75449052255371,21.828908057744027,-0.9255824648096826
2,29,multi_news,Summarization,231,c44cd4b3d05e349d96d0107750992323e358891d05732948,8571,8k+,23.003194395941584,22.716048891278778,-0.2871455046628064
2,29,multi_news,Summarization,253,928d14dff96c5f6c99a1f9d845d00c2642bc704d7434506e,10683,8k+,19.501133299088355,19.385342310748968,-0.11579098833938772
2,29,trec,Few-shot,49,7dfc677d5d152f68d56844b67c26eae5ade79afb3e99f801,3725,0-4k,0.0,0.0,0.0
2,29,trec,Few-shot,50,6920dc5ab1fc7c4eb0768f2ac5ba7f65fa1ad44168b31380,1870,0-4k,100.0,100.0,0.0
2,29,trec,Few-shot,67,68092da2a4729b3ceec74cdbeee8f882103816527070990f,3432,0-4k,100.0,100.0,0.0
2,29,trec,Few-shot,74,2b2f0ca1e20f6ff8114ae89d62d0f7d510a6d50aac79de79,3083,0-4k,100.0,100.0,0.0
2,29,trec,Few-shot,98,f6928484791855eaafa05bf0e14fda717f1326cd4a5b954d,1764,0-4k,100.0,100.0,0.0
2,29,trec,Few-shot,144,d48bdadde67f73518786f0df7a1f2e79d58b6615ce9985b6,6553,4-8k,100.0,0.0,-100.0
2,29,trec,Few-shot,151,6e70bede9da423c098179dd992a1c019ce1810d9a1a7767b,5424,4-8k,0.0,0.0,0.0
2,29,trec,Few-shot,167,4a318078c552864ccd4dbc99ac5b3c21c509258d4bffd94d,7299,4-8k,0.0,0.0,0.0
2,29,trec,Few-shot,176,9675fef9b4fe163692b249c040670706b17cd5d1bb99dbae,7085,4-8k,100.0,100.0,0.0
2,29,trec,Few-shot,197,50456a7c27c94c95d96ef4d681ba513cda242b95dc75f3a1,4038,4-8k,100.0,100.0,0.0
2,29,trec,Few-shot,204,ae4cc6dd54de82c93ecd6c6d139386e206f44c5cc61c802c,11578,8k+,0.0,0.0,0.0
2,29,trec,Few-shot,206,9de729a8f3f2817e417b4ac0ea3812d988fed35c66e225be,9264,8k+,0.0,100.0,100.0
2,29,trec,Few-shot,241,d395acf86c300e844f6c49160568b1d1fadc04bd53a0b362,11531,8k+,100.0,100.0,0.0
2,29,trec,Few-shot,267,1bf27d1e48e7006f3b7f382cf3e91427cef1a74623a09816,8357,8k+,100.0,0.0,-100.0
2,29,trec,Few-shot,270,5e58ff1515261ae7ed493f212c894749dd03c8bcadac517e,11040,8k+,100.0,100.0,0.0
2,29,triviaqa,Few-shot,25,37a77de08c5dc62fc4b4d08ab6066e178e82d32387ce084f,3179,0-4k,100.0,100.0,0.0
2,29,triviaqa,Few-shot,49,2dfb8c6ad47144c07050d7707ba7bd71896c09947f5c9e49,1546,0-4k,26.08695652173913,100.0,73.91304347826087
2,29,triviaqa,Few-shot,60,108c5fba3e6f442ee6e0a2e9495934a7e1ac483c1f4fadc2,1438,0-4k,100.0,100.0,0.0
2,29,triviaqa,Few-shot,61,35d5132c126a2bef8991410216b5980a9c20273a9ff1ab1a,3872,0-4k,100.0,100.0,0.0
2,29,triviaqa,Few-shot,80,6e69d198ca0848e40be166b102d12edc3120a04b0f5da0c0,3453,0-4k,100.0,100.0,0.0
2,29,triviaqa,Few-shot,108,8ab0169f638e98dc69b9bf89237c12a1fee1e417b2ae802c,6085,4-8k,100.0,100.0,0.0
2,29,triviaqa,Few-shot,147,9018807f19ee02d865950c595bf1a259de22640430bc74ed,6427,4-8k,100.0,100.0,0.0
2,29,triviaqa,Few-shot,163,ddff3655b6d29132f991bc6f4f6552c2e252f0ffac1bafba,6011,4-8k,100.0,100.0,0.0
2,29,triviaqa,Few-shot,171,6c3854fc6c64a01c1c738ed10b29b0065a39f1b4173eb3a0,5925,4-8k,12.5,33.333333333333336,20.833333333333336
2,29,triviaqa,Few-shot,192,8dd7e008bda0f1085ad933907ff73985a4d50c50d6578815,4185,4-8k,100.0,100.0,0.0
2,29,triviaqa,Few-shot,206,b76cc838bf517e13bdf35517a991e7dadab853cdbf3951d2,10091,8k+,100.0,100.0,0.0
2,29,triviaqa,Few-shot,226,a14acc130b6f9fafa9fad828a40751edad4d1a283ffcac30,8033,8k+,100.0,100.0,0.0
2,29,triviaqa,Few-shot,248,1be41635f109463aad4ac2d71b524edcbdeabced54a0cdc3,12438,8k+,100.0,100.0,0.0
2,29,triviaqa,Few-shot,258,c5e835c6d30d0278c1832351580689ffdd46d71bda1bbdfd,14026,8k+,100.0,100.0,0.0
2,29,triviaqa,Few-shot,290,ee606dca7a956b661e19b36859b1916cd0f1cfbef4352380,9846,8k+,100.0,85.71428571428571,-14.285714285714292
2,29,samsum,Few-shot,19,0bf52d18ccff2e111ad516892321685343c9dac7140bdef0,3439,0-4k,59.57446758714352,52.17391254725898,-7.400555039884544
2,29,samsum,Few-shot,21,40232983571b8ce83adcb03ef9ef55c99dc4a019a368f310,2053,0-4k,31.578946890581726,72.72727222830578,41.14832533772405
2,29,samsum,Few-shot,31,018c19631933484203fb50ea1c66e51f3d6e3b1ce9420578,2337,0-4k,42.10526265789474,35.714285278061226,-6.390977379833515
2,29,samsum,Few-shot,65,2b739f373d44d8f8925d26449fd0eb1a32d67e167d29b257,3318,0-4k,53.33333285333334,58.8235289965398,5.490196143206461
2,29,samsum,Few-shot,89,982a8057dcf8707ee1d1f2d3bcb3f295bb2751a1eca7dbcd,2784,0-4k,21.052631080332425,39.99999955555556,18.947368475223136
2,29,samsum,Few-shot,143,cf9464373a128bf26c8d2778f9e4a37c5a15dbed12ad01ae,7046,4-8k,23.529411266435996,66.6666661688889,43.137254902452895
2,29,samsum,Few-shot,151,b7ae56266199a707fdf23df4b8db02a7f80f40c5fa92a349,6091,4-8k,27.272726798553727,37.209301858301785,9.936575059748058
2,29,samsum,Few-shot,154,fa2c3e8009a275c4b1263f41043d94b748ddba1755dc2c20,4428,4-8k,81.48148098216735,49.99999950347222,-31.481481478695137
2,29,samsum,Few-shot,190,c4199640b2f017d470c8f1a2e2b91ad294bf054a4b91c93c,5696,4-8k,31.81818132231406,32.65306074135777,0.834879419043709
2,29,samsum,Few-shot,194,4de277f16be3a9e4bd9a7e59f75599ebca199a86b015958c,4234,4-8k,18.74999950781251,18.18181769329662,-0.5681818145158921
2,29,samsum,Few-shot,215,04964a5fefa4ee8e434769f3a928c8b72d7ed3aeb182ed46,8363,8k+,52.17391255198489,39.99999954500001,-12.173913006984883
2,29,samsum,Few-shot,220,0c5ef0430cfb35865d7a7089d0680dffca5c6fc47617d4d1,9891,8k+,44.444444000000004,26.66666618666667,-17.777777813333334
2,29,samsum,Few-shot,228,b2511670a4ccc1403baa33711fe2dbd5892eababde2e39ee,12403,8k+,57.1428566984127,53.84615334911243,-3.296703349300273
2,29,samsum,Few-shot,257,1893a577539617a31f49735422c235b4db2b8e84f3d7c3c3,10584,8k+,55.17241329369797,55.17241329369797,0.0
2,29,samsum,Few-shot,283,7af7246701130f0eb2a76bd4b15664820e989acefe181a5e,10072,8k+,33.33333285333334,25.531914421004988,-7.801418432328351
2,29,passage_count,Synthetic,22,288f4e37f101d146d77c62f996e4e9570b2771c27bc81979,2375,0-4k,0.0,0.0,0.0
2,29,passage_count,Synthetic,36,935778f03f2632c87b080ee9b2f452ea83fbbfb5c77332a2,1851,0-4k,0.0,0.0,0.0
2,29,passage_count,Synthetic,55,b5632108341c1ca7995b00fe559e6281d6076c327973356f,2124,0-4k,0.0,0.0,0.0
2,29,passage_count,Synthetic,69,f1405e58115865757f93e3e1aba86e546d594fb7bc99f26c,2383,0-4k,0.0,33.33333333333333,33.33333333333333
2,29,passage_count,Synthetic,79,cab713d4812f7c19a4e2fa511895ac02eff30509bb174327,2725,0-4k,0.0,100.0,100.0
2,29,passage_count,Synthetic,103,90a34e79c780c2df4d2dad95609a596c6098240e94842bf6,7562,4-8k,0.0,0.0,0.0
2,29,passage_count,Synthetic,119,9512ca779f519aebfa07a9f90ce689daa359a4bde1151349,4295,4-8k,100.0,100.0,0.0
2,29,passage_count,Synthetic,155,741cb2c3e808fe3dce2bf119bb0a580b5f5c4aa50202d55f,5469,4-8k,0.0,6.25,6.25
2,29,passage_count,Synthetic,168,f585832d9c78624dd328e1ad307cb6a6a33f3ef90f350c42,6770,4-8k,0.0,0.0,0.0
2,29,passage_count,Synthetic,195,965c084901ab3e093e057dfe806affec32c1d9014ceb9552,5715,4-8k,0.0,0.0,0.0
2,29,passage_count,Synthetic,214,8ea4a507b131b2f8770360c9568652bad67e1411207d48ab,14537,8k+,0.0,0.0,0.0
2,29,passage_count,Synthetic,221,6cd9e99b1214827e24c3b0d2fbacadb7f2d0e47c75783162,8606,8k+,0.0,100.0,100.0
2,29,passage_count,Synthetic,248,9257294f738fd5ccbed674b18aa2f4ab0301d77e4e3d8290,8152,8k+,0.0,0.0,0.0
2,29,passage_count,Synthetic,257,8041f459bf8570173d461b909735356d06ff64d510806517,8691,8k+,100.0,0.0,-100.0
2,29,passage_count,Synthetic,267,e1ae4a4f72237062a4fb609d1b8699981447754d4dad536a,9017,8k+,0.0,0.0,0.0
2,29,passage_retrieval_en,Synthetic,0,f363b5cfe63d7095514d7273aaa2e31dbfa73f10a71fd7d8,3446,0-4k,100.0,50.0,-50.0
2,29,passage_retrieval_en,Synthetic,3,707ae2fed6a206720c3afb70facc02c376eeca4fd6859740,3428,0-4k,100.0,100.0,0.0
2,29,passage_retrieval_en,Synthetic,8,83f6186ca8e6173b7466b5dd60738f6810d9b900642e6476,3711,0-4k,100.0,100.0,0.0
2,29,passage_retrieval_en,Synthetic,50,31426afc717058adc13fce3a7307c5bdad89bc5be71735b1,3535,0-4k,100.0,100.0,0.0
2,29,passage_retrieval_en,Synthetic,78,a83340ad80a9e187029262c34b831c17116cf743c30a2d26,3686,0-4k,0.0,100.0,100.0
2,29,passage_retrieval_en,Synthetic,110,de23e2b1d2dd91ee82fbc68d8a5a15aca03f8c6afccc5c91,6093,4-8k,0.0,0.0,0.0
2,29,passage_retrieval_en,Synthetic,142,33299d35937a468625623f198d3b800951cf021f2761ea45,7054,4-8k,100.0,100.0,0.0
2,29,passage_retrieval_en,Synthetic,169,6643e514e454e85491bbdac3a52955ef916568e019cb3a98,4166,4-8k,0.0,100.0,100.0
2,29,passage_retrieval_en,Synthetic,184,20abfe1e2d178e67c2a8a9871e735df4b419e063c491937a,4943,4-8k,0.0,100.0,100.0
2,29,passage_retrieval_en,Synthetic,194,25acb3749765e2827ffb105da857a646a2e19952abe53cde,4480,4-8k,100.0,100.0,0.0
2,29,passage_retrieval_en,Synthetic,220,62419a34c63e8b5c583352a1aa5e43cc881f7546c5c5f442,8185,8k+,0.0,0.0,0.0
2,29,passage_retrieval_en,Synthetic,239,763cf6ac464e16d4f5d61b69b685a6771fef3cfbe5fc326d,8723,8k+,100.0,100.0,0.0
2,29,passage_retrieval_en,Synthetic,281,d33bbbcd5871126b551f3307f79c353bf30ec0f18fa96cb7,8192,8k+,50.0,100.0,50.0
2,29,passage_retrieval_en,Synthetic,285,2dca86e4858483b4b2dde86f486bb055c47e4921ca331621,8539,8k+,0.0,100.0,100.0
2,29,passage_retrieval_en,Synthetic,293,9f0af99cc14eda16266159a1a5505c0664c7bdeb6b34a34d,9125,8k+,0.0,100.0,100.0
2,29,lcc,Code,42,94f103d8d6177a4ab0d0ed90f9dbd86d375978f8e3f81181,386,0-4k,47.0,45.0,-2.0
2,29,lcc,Code,63,aab6e3b1dcab2261ae6d783a39b356522fa6e32c6b4b0579,648,0-4k,100.0,53.0,-47.0
2,29,lcc,Code,73,50511e2d36d05cdb890a54b72403a62d4a131cdfd6350426,833,0-4k,100.0,100.0,0.0
2,29,lcc,Code,97,b1a3b5f96b79841d13ee9fa68ce3fa8ff64333803d491dd6,1411,0-4k,42.0,34.0,-8.0
2,29,lcc,Code,98,50c8a624b72c93ccf1b9dc94cc56cefefc09ed423276260c,826,0-4k,43.0,100.0,57.0
2,29,lcc,Code,105,e34212aa3077645a24fe01119b2d8f3d6d7e068bc2300179,6878,4-8k,36.0,72.0,36.0
2,29,lcc,Code,111,6c7fc0dfbb754f9bc08f08a9190c83e8e7012dfd598e020a,4005,4-8k,87.0,32.0,-55.0
2,29,lcc,Code,116,64bac47b1e1bb0e0c8c9689439872cd09890eb9060b9d0cb,4434,4-8k,64.0,83.0,19.0
2,29,lcc,Code,153,a5259ab50b36a4e831982b6a99431c696ecaced8866bf553,5413,4-8k,34.0,79.0,45.0
2,29,lcc,Code,166,2197048d64edac7618fb8a6df59fb407b0a27af2a7c74a9a,4125,4-8k,35.0,31.0,-4.0
2,29,lcc,Code,235,7c4c9949f60f4f327a48f2671410466485a03f060befc851,9452,8k+,100.0,100.0,0.0
2,29,lcc,Code,253,510fda46c7dd55d3196a9e71e2f528e1627ff2d61c2ef425,9425,8k+,51.0,35.0,-16.0
2,29,lcc,Code,261,f08a124a114577d3ad44ab0eb8109ad143afa1725e636790,20316,8k+,11.0,0.0,-11.0
2,29,lcc,Code,272,8b7ce360028e8b36fb6f5ee805af7d92897c3d743f66e101,11381,8k+,0.0,0.0,0.0
2,29,lcc,Code,279,2666edb375a0bdb0c84b3a8c808c36f7ada53856d1793385,8731,8k+,41.0,41.0,0.0
2,29,repobench-p,Code,1,4d2668d05f3f636a1bb6b0389a03b382f3f3e06b19dec51d,2012,0-4k,35.0,42.0,7.0
2,29,repobench-p,Code,5,baa8de84ab065678542bc7eba856ad8688646323f9d230bd,2526,0-4k,78.0,47.0,-31.0
2,29,repobench-p,Code,28,10293155fe04c32cb8085fd71357b5f0ca2693104e6232aa,3533,0-4k,42.0,35.0,-7.0
2,29,repobench-p,Code,65,56c45bfed224c26bb617b8089df613586ae55fa518b1a991,2605,0-4k,18.0,18.0,0.0
2,29,repobench-p,Code,96,4ff1104206a9b1f6a1cb7d9678a99f21614ecc8091c224c4,2012,0-4k,100.0,77.0,-23.0
2,29,repobench-p,Code,126,6be916e353b46483c181ef52e63b82a1b30edf08ded51e81,5932,4-8k,71.0,40.0,-31.0
2,29,repobench-p,Code,135,25e27a4553ca2c4de07c1adc6668d82e9973eeb747409030,4307,4-8k,21.0,20.0,-1.0
2,29,repobench-p,Code,160,c5b3c8bd713b960704e3fe39f8f59a429f3f8b431eab3ca8,4364,4-8k,35.0,32.0,-3.0
2,29,repobench-p,Code,172,3cd8fefa66ffe61edf15dd8ce125f6e4933fb96d398da6b5,7126,4-8k,39.0,68.0,29.0
2,29,repobench-p,Code,193,4518bfc339e5258b92b49b1eb715e0fb08e7ee42c084945a,4061,4-8k,23.0,60.0,37.0
2,29,repobench-p,Code,204,ace65979c3c0ae8afbc6363afc51e185369db91ce49614eb,12028,8k+,30.0,71.0,41.0
2,29,repobench-p,Code,252,5829ad887bad026190dbd3ef02f586b05826e8ec720bbc47,8881,8k+,100.0,100.0,0.0
2,29,repobench-p,Code,253,b2acea6b02472a0a56410ca98ebc6dd1cdbf06755ca7e0d1,9203,8k+,69.0,81.0,12.0
2,29,repobench-p,Code,276,3f7ee1f4f34a645dbe506c2cefdd92884333284e3a2946a8,10553,8k+,74.0,93.0,19.0
2,29,repobench-p,Code,291,01f7b97f4816935c226b88e63484f4f48a98b76054d3cf45,9175,8k+,65.0,47.0,-18.0
2,43,qasper,Single QA,7,1bd9a082bd7b5ab6c152dbda3db38c0c3bc92cddf82383a3,2720,0-4k,0.0,23.076923076923077,23.076923076923077
2,43,qasper,Single QA,51,d95b33cbe3496fb98638b3c3b1a956847b6472aa8d18a5cc,2393,0-4k,80.00000000000001,80.00000000000001,0.0
2,43,qasper,Single QA,54,b959a2ca0687fbe1c4f11a6fda00eb9341525f1502c9afc6,3566,0-4k,60.00000000000001,66.66666666666666,6.66666666666665
2,43,qasper,Single QA,75,b1fdb80cd96f455762f4f3be78a4932e7ae5edb2802d9e5c,3244,0-4k,100.0,88.8888888888889,-11.1111111111111
2,43,qasper,Single QA,99,d9c7574b1ed1ebd6eb755e6bbeee3513c9c912771059348c,2533,0-4k,100.0,0.0,-100.0
2,43,qasper,Single QA,114,e28df0e3283943b1e011e1dba7a231e35269588b73697ca4,7837,4-8k,100.0,100.0,0.0
2,43,qasper,Single QA,140,755daa298cdf770c8ed19ddf39270f07e077d88a82aaa0dc,4263,4-8k,12.5,12.5,0.0
2,43,qasper,Single QA,144,0225501ce54ac2c95a557a5691a4322482af24748391e6e9,4104,4-8k,71.42857142857143,65.11627906976744,-6.312292358803987
2,43,qasper,Single QA,145,34c5eb16ccc55869a263dfda28d028267e29ee243880c9d5,5136,4-8k,23.52941176470588,48.484848484848484,24.955436720142604
2,43,qasper,Single QA,159,d5e92fcef6747ba1518ae7d8a46ad274b585425b2c889d5b,4738,4-8k,23.880597014925375,41.935483870967744,18.05488685604237
2,43,qasper,Single QA,209,074b526f101518a8f5c810fed1e28f757dacb7805b161e22,14472,8k+,0.0,0.0,0.0
2,43,qasper,Single QA,212,21fc5caf7a80aa10b3d9e86ca96d466edb09ae8961c22c85,12952,8k+,0.0,11.11111111111111,11.11111111111111
2,43,qasper,Single QA,217,3a92f5b9ebedea5d5efd1f4af956b59b4e0ae6ee33db136f,8555,8k+,4.081632653061225,0.0,-4.081632653061225
2,43,qasper,Single QA,221,1bb7cd04a893fe2a5497bdf7d0dcb064da2ef56144b44bdd,14722,8k+,17.777777777777775,18.36734693877551,0.5895691609977334
2,43,qasper,Single QA,223,6fd8cd7777d0b6f36ccdfc044d9b5056e519fd11feb2a750,14660,8k+,27.160493827160494,82.75862068965519,55.598126862494695
2,43,multifieldqa_en,Single QA,11,94ccf4d54b36e7e9d4aa594a7bc426528630a5b8aff296a4,3422,0-4k,100.0,100.0,0.0
2,43,multifieldqa_en,Single QA,38,235a5c99cd7fae9e2b410ad99c1b1fafea43799d3f1138a8,1810,0-4k,46.15384615384615,46.15384615384615,0.0
2,43,multifieldqa_en,Single QA,44,ec016e90ac78727f3c4aa176db472724bda53c07cb8cb696,682,0-4k,12.0,18.18181818181818,6.18181818181818
2,43,multifieldqa_en,Single QA,45,4c9131da4fb2a9dbc8dadce39d20bdc302a092b5740c414a,1860,0-4k,0.0,0.0,0.0
2,43,multifieldqa_en,Single QA,53,6caa98612cf0e2ddf58e1ba70daaf79a3ac616280fb48188,2947,0-4k,32.558139534883715,56.250000000000014,23.6918604651163
2,43,multifieldqa_en,Single QA,89,566881d2138d7e29cd6dd2b661b6f7ffe4c515c92fdaf837,5523,4-8k,10.0,10.0,0.0
2,43,multifieldqa_en,Single QA,90,d427e3ab7584a0e253bfb6a9d76626b726c79b57d5e39f2a,6102,4-8k,5.0,34.48275862068965,29.48275862068965
2,43,multifieldqa_en,Single QA,119,f9b9a553107eed5b994a9aaf07e8ccac487feaa8ff108ec6,5917,4-8k,16.666666666666664,73.33333333333334,56.66666666666668
2,43,multifieldqa_en,Single QA,129,df53ff06fbc99dbae6bfe13a946420321d4542480eeb56f3,6101,4-8k,53.333333333333336,66.66666666666667,13.333333333333336
2,43,multifieldqa_en,Single QA,134,c60792f391b389a1c44b0a8f62f4a792d9ed82286b1b7f95,6706,4-8k,34.48275862068965,34.48275862068965,0.0
2,43,multifieldqa_en,Single QA,137,a9f124fabc341d61e359af8e8badf79dd63a97896c28842e,9607,8k+,33.333333333333336,55.55555555555556,22.22222222222222
2,43,multifieldqa_en,Single QA,138,bda4a6b251a601b7f7f956f298b59d8e99993845c1eaf7d6,8281,8k+,53.333333333333336,60.0,6.666666666666664
2,43,multifieldqa_en,Single QA,141,110688fd7522324ef26cbf3ec4f4b7ab29aa0b687aa1ade5,8366,8k+,50.0,22.22222222222222,-27.77777777777778
2,43,multifieldqa_en,Single QA,144,46a2207a7a3f6d98effa73491cf83b63f92e29e0023c6e52,9437,8k+,72.72727272727273,72.72727272727273,0.0
2,43,multifieldqa_en,Single QA,147,25d54c0a145838996b56def82126f35b3fabe3e100d10fc0,10003,8k+,10.344827586206897,9.302325581395348,-1.0425020048115492
2,43,hotpotqa,Multi QA,0,1dae9ec530a93f43f85bd215a5c0e6737dbcf226cd3541d8,3745,0-4k,66.66666666666666,66.66666666666666,0.0
2,43,hotpotqa,Multi QA,31,f349d7bdea5f38b858c69ddae4698a287f9d201869c14919,1541,0-4k,0.0,0.0,0.0
2,43,hotpotqa,Multi QA,61,406311f7ab0d87c7aa2a4886827e640bc0848e8206f816c2,2519,0-4k,66.66666666666666,66.66666666666666,0.0
2,43,hotpotqa,Multi QA,73,8333f3e9e6703387546f30d78b61e07f326a7ea0aecdf557,2202,0-4k,0.0,0.0,0.0
2,43,hotpotqa,Multi QA,96,ad3b0ce8a9aaed70ba9db2fdae6d812ae61d39b7cb409376,3730,0-4k,100.0,100.0,0.0
2,43,hotpotqa,Multi QA,102,515a5cbf646c2891fde47be6b8fa3442571938d8dac8827a,6860,4-8k,100.0,100.0,0.0
2,43,hotpotqa,Multi QA,118,4beefe473acde45f1accb31e6f45cff16e0a8b47eefd032e,5913,4-8k,50.0,50.0,0.0
2,43,hotpotqa,Multi QA,126,a96ab885a132aad0f22735dad044516f01929c6be656b11a,7110,4-8k,0.0,0.0,0.0
2,43,hotpotqa,Multi QA,169,c18c76f9efb43dc4d15ce54891af6a60178be55f1eec2656,7002,4-8k,80.0,0.0,-80.0
2,43,hotpotqa,Multi QA,173,74f2fce3240dd7e91f9522b9cbb9e10f43f16fdb0c22e7fa,6333,4-8k,0.0,22.22222222222222,22.22222222222222
2,43,hotpotqa,Multi QA,213,ce41e73398410371a755f618a953a68b14f75b8f2e8a62cc,11543,8k+,22.222222222222225,25.0,2.777777777777775
2,43,hotpotqa,Multi QA,217,7cdceb45cfb9439bd41148788e5cf2f0e8a5cb99a0e09729,9019,8k+,0.0,100.0,100.0
2,43,hotpotqa,Multi QA,222,82a1a48996ef392d6abe74ea1d2b0a807c0f4d859c4026ac,9314,8k+,0.0,50.0,50.0
2,43,hotpotqa,Multi QA,227,192e872cf190ea4e64fd401a32a3ea0426dc488afe3702ad,10290,8k+,0.0,100.0,100.0
2,43,hotpotqa,Multi QA,242,ecde9842060b9101fa9edceed35332413b01be43d4940652,11497,8k+,0.0,0.0,0.0
2,43,2wikimqa,Multi QA,21,0bc3341fffaad3e92d14d64b539df741528ef4e2b76e9632,1529,0-4k,100.0,100.0,0.0
2,43,2wikimqa,Multi QA,60,37eb33998e8bd7ffe40969ac3161ad695983fcf651dac639,2859,0-4k,100.0,100.0,0.0
2,43,2wikimqa,Multi QA,65,d7159102f8034cb0ad4834df59b0734f052a63c3a1d0f0bb,3621,0-4k,0.0,0.0,0.0
2,43,2wikimqa,Multi QA,80,9a74e9b9111e3d13efa2b9b43c522354f7d5f3dae6ca5e96,2753,0-4k,0.0,100.0,100.0
2,43,2wikimqa,Multi QA,89,f479830ec67206a7edd48ae2ac6f8fc1f639da89caf1a0d2,1405,0-4k,100.0,0.0,-100.0
2,43,2wikimqa,Multi QA,129,d64ce42f72497e502a412d395566e55a3793d05b35004cb4,6417,4-8k,0.0,100.0,100.0
2,43,2wikimqa,Multi QA,130,fe284936ae55063527821e9ee610ae67958789167aa4ba1a,5421,4-8k,100.0,0.0,-100.0
2,43,2wikimqa,Multi QA,131,d524ca109e5ac6284dec16931f2403ef7859225cfde19e9e,5848,4-8k,0.0,0.0,0.0
2,43,2wikimqa,Multi QA,162,78877dc3800b31f7831cf2f941219ee29493e35b53b059a1,4421,4-8k,0.0,0.0,0.0
2,43,2wikimqa,Multi QA,186,7022cbda00a72169cc470d7879da58fc0673ff175aa1f19f,7764,4-8k,0.0,100.0,100.0
2,43,2wikimqa,Multi QA,207,3a4153b2cd645e567d268c92fc153be937caefb93ac238df,8135,8k+,0.0,0.0,0.0
2,43,2wikimqa,Multi QA,245,4ced3912f614aca56f95eb0431c22e53c24c05717bf75f62,10959,8k+,0.0,57.14285714285715,57.14285714285715
2,43,2wikimqa,Multi QA,261,e367499fba5b229051bc79021a1ad30bbd066b1f89c277f6,8053,8k+,100.0,0.0,-100.0
2,43,2wikimqa,Multi QA,264,3809f116856e090121b8d2d54cb0416076a8916013f06997,10696,8k+,0.0,0.0,0.0
2,43,2wikimqa,Multi QA,265,ee5c0b8fe31f40bbf2579439858229041ea769a46d82f49b,8703,8k+,100.0,0.0,-100.0
2,43,gov_report,Summarization,54,a3a11ee5de13be1f6ab405e8e1b29f2cd07929fe9112561a,3679,0-4k,26.694914860896656,21.610169098184798,-5.084745762711858
2,43,gov_report,Summarization,56,a52b972a6051b61f61eefad3a6358e3f4f89c1a6872dd5a9,2999,0-4k,28.326179801359398,31.01851809777949,2.6923382964200933
2,43,gov_report,Summarization,57,5a1f14be3b3a06a0573d307579eda8216fb13f3e418abe97,2790,0-4k,40.48780441807258,36.36363591752117,-4.124168500551406
2,43,gov_report,Summarization,73,13416da54e1ad4f7681a4e30e66a3973ed3f812bf2af6f7a,1799,0-4k,39.04109539099738,33.11258228145696,-5.928513109540418
2,43,gov_report,Summarization,76,cd96d8a3dbb09bac127d9aa3bb5c62856940380d8722160e,2961,0-4k,34.857142363673475,23.863635869463465,-10.99350649421001
2,43,gov_report,Summarization,112,357977aac62ac12b4958584d44cddcdeeb3c3b2835ed1358,7426,4-8k,23.398328373491832,30.484988007189763,7.086659633697931
2,43,gov_report,Summarization,144,24581c7640a62446ef310e19c657fde28f428e2cdde9927c,4743,4-8k,31.06796077138515,35.39822964356058,4.330268872175434
2,43,gov_report,Summarization,175,925cc92d4d68438d5beff9441c206f98fbf1adf8c3a2319c,4349,4-8k,30.606859769842877,36.283185368206205,5.676325598363327
2,43,gov_report,Summarization,182,380b8a11402167f3806aee3eca9dbd8feae82a13a1e009d8,5455,4-8k,27.45097999133772,37.279596522254444,9.828616530916722
2,43,gov_report,Summarization,194,1345903bbe6b1a4bc816f5b2431912f0377f2e1c188ad933,6790,4-8k,29.629629167815203,27.472526999154702,-2.1571021686605008
2,43,gov_report,Summarization,208,3cd2e850cddd4722470f29c62dd23ec7e5740d89575b4128,8253,8k+,30.06535906011458,22.58064478059632,-7.484714279518261
2,43,gov_report,Summarization,238,931127a19bd12e3e1831db946f7f0d3f6a8e8a2760708c03,10555,8k+,32.3232318403791,36.111110635802476,3.7878787954233744
2,43,gov_report,Summarization,239,95108834ba59cae5c2f46634c3785c3aefe9fdd1d8656b9e,8737,8k+,34.67336642755234,39.81693318475774,5.143566757205399
2,43,gov_report,Summarization,287,7bb19ba82bff13f027337b76e32661a2028a80f224f1d7b9,10552,8k+,30.344827258026164,36.223506298016424,5.87867903999026
2,43,gov_report,Summarization,296,2d74ce64491ea67c0b42a06ef439cd49bc7da7f9768661a4,22560,8k+,31.658290988851295,34.41396461653846,2.7556736276871625
2,43,multi_news,Summarization,0,3cfe6d5139ea2e17d17b9c8d040c015c3db4936578091cf6,951,0-4k,23.955431262047945,22.82878361910979,-1.1266476429381562
2,43,multi_news,Summarization,31,b723a6f6b48314b21c4142104e17776b8d24371546fd842e,1804,0-4k,30.075187471309857,30.434782117202268,0.3595946458924111
2,43,multi_news,Summarization,88,129345ac116bd3d12d86321b7bb7d8ec257ec2d4ee951b79,695,0-4k,31.932772610514803,20.532318901531045,-11.400453708983758
2,43,multi_news,Summarization,90,b284f77807027c80d9052f3116a5f1945a921b333262a44f,1375,0-4k,24.712643180951925,24.06417062299466,-0.6484725579572661
2,43,multi_news,Summarization,97,9b05a23597d81978bb62a7d42cf8a829ab8c00dbd9936af1,836,0-4k,30.0319483912258,25.787965116247,-4.243983274978799
2,43,multi_news,Summarization,100,a7679b6195dde9c6472dfcb5a9b0f7301010ad575d82f481,5411,4-8k,21.62162112274015,22.50803808521418,0.8864169624740299
2,43,multi_news,Summarization,101,e8ae3a32f6723be9e54aa66700703b5010e6a24337e6387c,5553,4-8k,26.26262576290402,27.07692257901066,0.8142968161066406
2,43,multi_news,Summarization,107,a0eda52afcd3721a2791dacaee59ff9d0b57b2f89744e190,4795,4-8k,20.43795576074912,19.791666167765314,-0.6462895929838055
2,43,multi_news,Summarization,140,22c4f915fbec56cff0c26b9814a2e8ef79640588ac70d521,6253,4-8k,20.765026824210945,23.783783284967143,3.0187564607561974
2,43,multi_news,Summarization,196,29930ff7fc60809fcb40fa0d8fc2415ba9d1dc6435cdea4f,7740,4-8k,18.89250764345512,21.019107780275075,2.126600136819956
2,43,multi_news,Summarization,213,3b3c748f3eb38ad864d61971e37e3a353350c67bbf60705f,8992,8k+,12.92516956886022,22.96918719713769,10.04401762827747
2,43,multi_news,Summarization,215,4d2e3653c3c14982a2a316fdec16de82af22d4e610f04842,9464,8k+,9.21658937068108,13.620071237779591,4.403481867098511
2,43,multi_news,Summarization,221,4f5bef9de35675cccb7f0ab2422f5766b9f8a0c6fb983678,10507,8k+,21.262457995077327,23.74670134755398,2.4842433524766534
2,43,multi_news,Summarization,231,c44cd4b3d05e349d96d0107750992323e358891d05732948,8571,8k+,17.04035841171148,17.079889307621684,0.03953089591020387
2,43,multi_news,Summarization,253,928d14dff96c5f6c99a1f9d845d00c2642bc704d7434506e,10683,8k+,20.99999953781251,14.364640467552894,-6.635359070259616
2,43,trec,Few-shot,49,7dfc677d5d152f68d56844b67c26eae5ade79afb3e99f801,3725,0-4k,0.0,0.0,0.0
2,43,trec,Few-shot,50,6920dc5ab1fc7c4eb0768f2ac5ba7f65fa1ad44168b31380,1870,0-4k,100.0,100.0,0.0
2,43,trec,Few-shot,67,68092da2a4729b3ceec74cdbeee8f882103816527070990f,3432,0-4k,0.0,100.0,100.0
2,43,trec,Few-shot,74,2b2f0ca1e20f6ff8114ae89d62d0f7d510a6d50aac79de79,3083,0-4k,100.0,100.0,0.0
2,43,trec,Few-shot,98,f6928484791855eaafa05bf0e14fda717f1326cd4a5b954d,1764,0-4k,100.0,100.0,0.0
2,43,trec,Few-shot,144,d48bdadde67f73518786f0df7a1f2e79d58b6615ce9985b6,6553,4-8k,0.0,0.0,0.0
2,43,trec,Few-shot,151,6e70bede9da423c098179dd992a1c019ce1810d9a1a7767b,5424,4-8k,0.0,0.0,0.0
2,43,trec,Few-shot,167,4a318078c552864ccd4dbc99ac5b3c21c509258d4bffd94d,7299,4-8k,0.0,0.0,0.0
2,43,trec,Few-shot,176,9675fef9b4fe163692b249c040670706b17cd5d1bb99dbae,7085,4-8k,100.0,100.0,0.0
2,43,trec,Few-shot,197,50456a7c27c94c95d96ef4d681ba513cda242b95dc75f3a1,4038,4-8k,100.0,100.0,0.0
2,43,trec,Few-shot,204,ae4cc6dd54de82c93ecd6c6d139386e206f44c5cc61c802c,11578,8k+,0.0,0.0,0.0
2,43,trec,Few-shot,206,9de729a8f3f2817e417b4ac0ea3812d988fed35c66e225be,9264,8k+,100.0,100.0,0.0
2,43,trec,Few-shot,241,d395acf86c300e844f6c49160568b1d1fadc04bd53a0b362,11531,8k+,100.0,100.0,0.0
2,43,trec,Few-shot,267,1bf27d1e48e7006f3b7f382cf3e91427cef1a74623a09816,8357,8k+,0.0,0.0,0.0
2,43,trec,Few-shot,270,5e58ff1515261ae7ed493f212c894749dd03c8bcadac517e,11040,8k+,100.0,100.0,0.0
2,43,triviaqa,Few-shot,25,37a77de08c5dc62fc4b4d08ab6066e178e82d32387ce084f,3179,0-4k,100.0,100.0,0.0
2,43,triviaqa,Few-shot,49,2dfb8c6ad47144c07050d7707ba7bd71896c09947f5c9e49,1546,0-4k,100.0,100.0,0.0
2,43,triviaqa,Few-shot,60,108c5fba3e6f442ee6e0a2e9495934a7e1ac483c1f4fadc2,1438,0-4k,100.0,100.0,0.0
2,43,triviaqa,Few-shot,61,35d5132c126a2bef8991410216b5980a9c20273a9ff1ab1a,3872,0-4k,100.0,100.0,0.0
2,43,triviaqa,Few-shot,80,6e69d198ca0848e40be166b102d12edc3120a04b0f5da0c0,3453,0-4k,100.0,100.0,0.0
2,43,triviaqa,Few-shot,108,8ab0169f638e98dc69b9bf89237c12a1fee1e417b2ae802c,6085,4-8k,100.0,100.0,0.0
2,43,triviaqa,Few-shot,147,9018807f19ee02d865950c595bf1a259de22640430bc74ed,6427,4-8k,100.0,100.0,0.0
2,43,triviaqa,Few-shot,163,ddff3655b6d29132f991bc6f4f6552c2e252f0ffac1bafba,6011,4-8k,100.0,100.0,0.0
2,43,triviaqa,Few-shot,171,6c3854fc6c64a01c1c738ed10b29b0065a39f1b4173eb3a0,5925,4-8k,0.0,33.333333333333336,33.333333333333336
2,43,triviaqa,Few-shot,192,8dd7e008bda0f1085ad933907ff73985a4d50c50d6578815,4185,4-8k,100.0,100.0,0.0
2,43,triviaqa,Few-shot,206,b76cc838bf517e13bdf35517a991e7dadab853cdbf3951d2,10091,8k+,100.0,100.0,0.0
2,43,triviaqa,Few-shot,226,a14acc130b6f9fafa9fad828a40751edad4d1a283ffcac30,8033,8k+,100.0,100.0,0.0
2,43,triviaqa,Few-shot,248,1be41635f109463aad4ac2d71b524edcbdeabced54a0cdc3,12438,8k+,100.0,100.0,0.0
2,43,triviaqa,Few-shot,258,c5e835c6d30d0278c1832351580689ffdd46d71bda1bbdfd,14026,8k+,100.0,100.0,0.0
2,43,triviaqa,Few-shot,290,ee606dca7a956b661e19b36859b1916cd0f1cfbef4352380,9846,8k+,100.0,85.71428571428571,-14.285714285714292
2,43,samsum,Few-shot,19,0bf52d18ccff2e111ad516892321685343c9dac7140bdef0,3439,0-4k,41.02564056541749,54.54545405475207,13.519813489334581
2,43,samsum,Few-shot,21,40232983571b8ce83adcb03ef9ef55c99dc4a019a368f310,2053,0-4k,52.173912543478274,73.17073121475315,20.996818671274873
2,43,samsum,Few-shot,31,018c19631933484203fb50ea1c66e51f3d6e3b1ce9420578,2337,0-4k,36.8421047631579,35.714285278061226,-1.1278194850966727
2,43,samsum,Few-shot,65,2b739f373d44d8f8925d26449fd0eb1a32d67e167d29b257,3318,0-4k,79.99999950080002,55.55555511111112,-24.444444389688897
2,43,samsum,Few-shot,89,982a8057dcf8707ee1d1f2d3bcb3f295bb2751a1eca7dbcd,2784,0-4k,0.0,29.62962916323732,29.62962916323732
2,43,samsum,Few-shot,143,cf9464373a128bf26c8d2778f9e4a37c5a15dbed12ad01ae,7046,4-8k,47.05882303114187,49.99999950000001,2.9411764688581385
2,43,samsum,Few-shot,151,b7ae56266199a707fdf23df4b8db02a7f80f40c5fa92a349,6091,4-8k,32.55813906760411,36.363635889462806,3.8054968218586964
2,43,samsum,Few-shot,154,fa2c3e8009a275c4b1263f41043d94b748ddba1755dc2c20,4428,4-8k,66.66666616735255,84.61538411538461,17.94871794803207
2,43,samsum,Few-shot,190,c4199640b2f017d470c8f1a2e2b91ad294bf054a4b91c93c,5696,4-8k,29.268292183224276,35.5555550617284,6.287262878504123
2,43,samsum,Few-shot,194,4de277f16be3a9e4bd9a7e59f75599ebca199a86b015958c,4234,4-8k,6.666666168888927,32.25806402081166,25.591397851922732
2,43,samsum,Few-shot,215,04964a5fefa4ee8e434769f3a928c8b72d7ed3aeb182ed46,8363,8k+,35.29411728719723,47.05882316955018,11.76470588235295
2,43,samsum,Few-shot,220,0c5ef0430cfb35865d7a7089d0680dffca5c6fc47617d4d1,9891,8k+,41.37930987395958,66.66666618666667,25.287356312707097
2,43,samsum,Few-shot,228,b2511670a4ccc1403baa33711fe2dbd5892eababde2e39ee,12403,8k+,63.636363173553725,51.851851352537736,-11.78451182101599
2,43,samsum,Few-shot,257,1893a577539617a31f49735422c235b4db2b8e84f3d7c3c3,10584,8k+,48.27586156956005,59.999999500000015,11.724137930439966
2,43,samsum,Few-shot,283,7af7246701130f0eb2a76bd4b15664820e989acefe181a5e,10072,8k+,31.24999950781251,34.48275814982165,3.232758642009138
2,43,passage_count,Synthetic,22,288f4e37f101d146d77c62f996e4e9570b2771c27bc81979,2375,0-4k,0.0,0.0,0.0
2,43,passage_count,Synthetic,36,935778f03f2632c87b080ee9b2f452ea83fbbfb5c77332a2,1851,0-4k,0.0,100.0,100.0
2,43,passage_count,Synthetic,55,b5632108341c1ca7995b00fe559e6281d6076c327973356f,2124,0-4k,0.0,0.0,0.0
2,43,passage_count,Synthetic,69,f1405e58115865757f93e3e1aba86e546d594fb7bc99f26c,2383,0-4k,0.0,100.0,100.0
2,43,passage_count,Synthetic,79,cab713d4812f7c19a4e2fa511895ac02eff30509bb174327,2725,0-4k,0.0,0.0,0.0
2,43,passage_count,Synthetic,103,90a34e79c780c2df4d2dad95609a596c6098240e94842bf6,7562,4-8k,0.0,0.0,0.0
2,43,passage_count,Synthetic,119,9512ca779f519aebfa07a9f90ce689daa359a4bde1151349,4295,4-8k,0.0,0.0,0.0
2,43,passage_count,Synthetic,155,741cb2c3e808fe3dce2bf119bb0a580b5f5c4aa50202d55f,5469,4-8k,0.0,0.0,0.0
2,43,passage_count,Synthetic,168,f585832d9c78624dd328e1ad307cb6a6a33f3ef90f350c42,6770,4-8k,0.0,0.0,0.0
2,43,passage_count,Synthetic,195,965c084901ab3e093e057dfe806affec32c1d9014ceb9552,5715,4-8k,0.0,100.0,100.0
2,43,passage_count,Synthetic,214,8ea4a507b131b2f8770360c9568652bad67e1411207d48ab,14537,8k+,0.0,0.0,0.0
2,43,passage_count,Synthetic,221,6cd9e99b1214827e24c3b0d2fbacadb7f2d0e47c75783162,8606,8k+,0.0,0.0,0.0
2,43,passage_count,Synthetic,248,9257294f738fd5ccbed674b18aa2f4ab0301d77e4e3d8290,8152,8k+,0.0,0.0,0.0
2,43,passage_count,Synthetic,257,8041f459bf8570173d461b909735356d06ff64d510806517,8691,8k+,0.0,0.0,0.0
2,43,passage_count,Synthetic,267,e1ae4a4f72237062a4fb609d1b8699981447754d4dad536a,9017,8k+,0.0,0.0,0.0
2,43,passage_retrieval_en,Synthetic,0,f363b5cfe63d7095514d7273aaa2e31dbfa73f10a71fd7d8,3446,0-4k,100.0,100.0,0.0
2,43,passage_retrieval_en,Synthetic,3,707ae2fed6a206720c3afb70facc02c376eeca4fd6859740,3428,0-4k,100.0,100.0,0.0
2,43,passage_retrieval_en,Synthetic,8,83f6186ca8e6173b7466b5dd60738f6810d9b900642e6476,3711,0-4k,100.0,100.0,0.0
2,43,passage_retrieval_en,Synthetic,50,31426afc717058adc13fce3a7307c5bdad89bc5be71735b1,3535,0-4k,100.0,100.0,0.0
2,43,passage_retrieval_en,Synthetic,78,a83340ad80a9e187029262c34b831c17116cf743c30a2d26,3686,0-4k,100.0,100.0,0.0
2,43,passage_retrieval_en,Synthetic,110,de23e2b1d2dd91ee82fbc68d8a5a15aca03f8c6afccc5c91,6093,4-8k,100.0,100.0,0.0
2,43,passage_retrieval_en,Synthetic,142,33299d35937a468625623f198d3b800951cf021f2761ea45,7054,4-8k,0.0,0.0,0.0
2,43,passage_retrieval_en,Synthetic,169,6643e514e454e85491bbdac3a52955ef916568e019cb3a98,4166,4-8k,0.0,100.0,100.0
2,43,passage_retrieval_en,Synthetic,184,20abfe1e2d178e67c2a8a9871e735df4b419e063c491937a,4943,4-8k,100.0,100.0,0.0
2,43,passage_retrieval_en,Synthetic,194,25acb3749765e2827ffb105da857a646a2e19952abe53cde,4480,4-8k,100.0,100.0,0.0
2,43,passage_retrieval_en,Synthetic,220,62419a34c63e8b5c583352a1aa5e43cc881f7546c5c5f442,8185,8k+,0.0,0.0,0.0
2,43,passage_retrieval_en,Synthetic,239,763cf6ac464e16d4f5d61b69b685a6771fef3cfbe5fc326d,8723,8k+,0.0,0.0,0.0
2,43,passage_retrieval_en,Synthetic,281,d33bbbcd5871126b551f3307f79c353bf30ec0f18fa96cb7,8192,8k+,100.0,100.0,0.0
2,43,passage_retrieval_en,Synthetic,285,2dca86e4858483b4b2dde86f486bb055c47e4921ca331621,8539,8k+,100.0,100.0,0.0
2,43,passage_retrieval_en,Synthetic,293,9f0af99cc14eda16266159a1a5505c0664c7bdeb6b34a34d,9125,8k+,100.0,0.0,-100.0
2,43,lcc,Code,42,94f103d8d6177a4ab0d0ed90f9dbd86d375978f8e3f81181,386,0-4k,34.0,49.0,15.0
2,43,lcc,Code,63,aab6e3b1dcab2261ae6d783a39b356522fa6e32c6b4b0579,648,0-4k,100.0,31.0,-69.0
2,43,lcc,Code,73,50511e2d36d05cdb890a54b72403a62d4a131cdfd6350426,833,0-4k,100.0,100.0,0.0
2,43,lcc,Code,97,b1a3b5f96b79841d13ee9fa68ce3fa8ff64333803d491dd6,1411,0-4k,76.0,80.0,4.0
2,43,lcc,Code,98,50c8a624b72c93ccf1b9dc94cc56cefefc09ed423276260c,826,0-4k,47.0,0.0,-47.0
2,43,lcc,Code,105,e34212aa3077645a24fe01119b2d8f3d6d7e068bc2300179,6878,4-8k,0.0,18.0,18.0
2,43,lcc,Code,111,6c7fc0dfbb754f9bc08f08a9190c83e8e7012dfd598e020a,4005,4-8k,96.0,32.0,-64.0
2,43,lcc,Code,116,64bac47b1e1bb0e0c8c9689439872cd09890eb9060b9d0cb,4434,4-8k,60.0,18.0,-42.0
2,43,lcc,Code,153,a5259ab50b36a4e831982b6a99431c696ecaced8866bf553,5413,4-8k,67.0,74.0,7.0
2,43,lcc,Code,166,2197048d64edac7618fb8a6df59fb407b0a27af2a7c74a9a,4125,4-8k,13.0,47.0,34.0
2,43,lcc,Code,235,7c4c9949f60f4f327a48f2671410466485a03f060befc851,9452,8k+,100.0,100.0,0.0
2,43,lcc,Code,253,510fda46c7dd55d3196a9e71e2f528e1627ff2d61c2ef425,9425,8k+,39.0,93.0,54.0
2,43,lcc,Code,261,f08a124a114577d3ad44ab0eb8109ad143afa1725e636790,20316,8k+,39.0,0.0,-39.0
2,43,lcc,Code,272,8b7ce360028e8b36fb6f5ee805af7d92897c3d743f66e101,11381,8k+,20.0,0.0,-20.0
2,43,lcc,Code,279,2666edb375a0bdb0c84b3a8c808c36f7ada53856d1793385,8731,8k+,41.0,41.0,0.0
2,43,repobench-p,Code,1,4d2668d05f3f636a1bb6b0389a03b382f3f3e06b19dec51d,2012,0-4k,20.0,56.00000000000001,36.00000000000001
2,43,repobench-p,Code,5,baa8de84ab065678542bc7eba856ad8688646323f9d230bd,2526,0-4k,78.0,0.0,-78.0
2,43,repobench-p,Code,28,10293155fe04c32cb8085fd71357b5f0ca2693104e6232aa,3533,0-4k,19.0,30.0,11.0
2,43,repobench-p,Code,65,56c45bfed224c26bb617b8089df613586ae55fa518b1a991,2605,0-4k,18.0,23.0,5.0
2,43,repobench-p,Code,96,4ff1104206a9b1f6a1cb7d9678a99f21614ecc8091c224c4,2012,0-4k,23.0,100.0,77.0
2,43,repobench-p,Code,126,6be916e353b46483c181ef52e63b82a1b30edf08ded51e81,5932,4-8k,63.0,12.0,-51.0
2,43,repobench-p,Code,135,25e27a4553ca2c4de07c1adc6668d82e9973eeb747409030,4307,4-8k,21.0,32.0,11.0
2,43,repobench-p,Code,160,c5b3c8bd713b960704e3fe39f8f59a429f3f8b431eab3ca8,4364,4-8k,24.0,37.0,13.0
2,43,repobench-p,Code,172,3cd8fefa66ffe61edf15dd8ce125f6e4933fb96d398da6b5,7126,4-8k,0.0,49.0,49.0
2,43,repobench-p,Code,193,4518bfc339e5258b92b49b1eb715e0fb08e7ee42c084945a,4061,4-8k,56.99999999999999,30.0,-26.999999999999993
2,43,repobench-p,Code,204,ace65979c3c0ae8afbc6363afc51e185369db91ce49614eb,12028,8k+,24.0,38.0,14.0
2,43,repobench-p,Code,252,5829ad887bad026190dbd3ef02f586b05826e8ec720bbc47,8881,8k+,81.0,100.0,19.0
2,43,repobench-p,Code,253,b2acea6b02472a0a56410ca98ebc6dd1cdbf06755ca7e0d1,9203,8k+,69.0,84.0,15.0
2,43,repobench-p,Code,276,3f7ee1f4f34a645dbe506c2cefdd92884333284e3a2946a8,10553,8k+,39.0,93.0,54.0
2,43,repobench-p,Code,291,01f7b97f4816935c226b88e63484f4f48a98b76054d3cf45,9175,8k+,95.0,62.0,-33.0
3,17,qasper,Single QA,7,1bd9a082bd7b5ab6c152dbda3db38c0c3bc92cddf82383a3,2720,0-4k,59.25925925925925,35.55555555555555,-23.703703703703702
3,17,qasper,Single QA,51,d95b33cbe3496fb98638b3c3b1a956847b6472aa8d18a5cc,2393,0-4k,80.00000000000001,100.0,19.999999999999986
3,17,qasper,Single QA,54,b959a2ca0687fbe1c4f11a6fda00eb9341525f1502c9afc6,3566,0-4k,66.66666666666666,92.85714285714286,26.190476190476204
3,17,qasper,Single QA,75,b1fdb80cd96f455762f4f3be78a4932e7ae5edb2802d9e5c,3244,0-4k,88.8888888888889,88.8888888888889,0.0
3,17,qasper,Single QA,99,d9c7574b1ed1ebd6eb755e6bbeee3513c9c912771059348c,2533,0-4k,0.0,0.0,0.0
3,17,qasper,Single QA,114,e28df0e3283943b1e011e1dba7a231e35269588b73697ca4,7837,4-8k,100.0,0.0,-100.0
3,17,qasper,Single QA,140,755daa298cdf770c8ed19ddf39270f07e077d88a82aaa0dc,4263,4-8k,10.0,12.5,2.5
3,17,qasper,Single QA,144,0225501ce54ac2c95a557a5691a4322482af24748391e6e9,4104,4-8k,65.0,68.18181818181817,3.1818181818181728
3,17,qasper,Single QA,145,34c5eb16ccc55869a263dfda28d028267e29ee243880c9d5,5136,4-8k,43.74999999999999,12.5,-31.249999999999993
3,17,qasper,Single QA,159,d5e92fcef6747ba1518ae7d8a46ad274b585425b2c889d5b,4738,4-8k,53.333333333333336,47.61904761904761,-5.714285714285722
3,17,qasper,Single QA,209,074b526f101518a8f5c810fed1e28f757dacb7805b161e22,14472,8k+,71.42857142857143,50.0,-21.42857142857143
3,17,qasper,Single QA,212,21fc5caf7a80aa10b3d9e86ca96d466edb09ae8961c22c85,12952,8k+,16.666666666666668,100.0,83.33333333333333
3,17,qasper,Single QA,217,3a92f5b9ebedea5d5efd1f4af956b59b4e0ae6ee33db136f,8555,8k+,8.333333333333332,4.166666666666666,-4.166666666666666
3,17,qasper,Single QA,221,1bb7cd04a893fe2a5497bdf7d0dcb064da2ef56144b44bdd,14722,8k+,19.35483870967742,14.141414141414144,-5.213424568263276
3,17,qasper,Single QA,223,6fd8cd7777d0b6f36ccdfc044d9b5056e519fd11feb2a750,14660,8k+,85.71428571428571,92.85714285714286,7.142857142857153
3,17,multifieldqa_en,Single QA,11,94ccf4d54b36e7e9d4aa594a7bc426528630a5b8aff296a4,3422,0-4k,100.0,80.0,-20.0
3,17,multifieldqa_en,Single QA,38,235a5c99cd7fae9e2b410ad99c1b1fafea43799d3f1138a8,1810,0-4k,46.15384615384615,46.15384615384615,0.0
3,17,multifieldqa_en,Single QA,44,ec016e90ac78727f3c4aa176db472724bda53c07cb8cb696,682,0-4k,30.769230769230766,21.05263157894737,-9.716599190283397
3,17,multifieldqa_en,Single QA,45,4c9131da4fb2a9dbc8dadce39d20bdc302a092b5740c414a,1860,0-4k,0.0,22.22222222222222,22.22222222222222
3,17,multifieldqa_en,Single QA,53,6caa98612cf0e2ddf58e1ba70daaf79a3ac616280fb48188,2947,0-4k,0.0,0.0,0.0
3,17,multifieldqa_en,Single QA,89,566881d2138d7e29cd6dd2b661b6f7ffe4c515c92fdaf837,5523,4-8k,10.0,10.0,0.0
3,17,multifieldqa_en,Single QA,90,d427e3ab7584a0e253bfb6a9d76626b726c79b57d5e39f2a,6102,4-8k,26.923076923076927,28.000000000000004,1.0769230769230766
3,17,multifieldqa_en,Single QA,119,f9b9a553107eed5b994a9aaf07e8ccac487feaa8ff108ec6,5917,4-8k,82.05128205128204,23.076923076923077,-58.974358974358964
3,17,multifieldqa_en,Single QA,129,df53ff06fbc99dbae6bfe13a946420321d4542480eeb56f3,6101,4-8k,76.1904761904762,69.56521739130434,-6.62525879917186
3,17,multifieldqa_en,Single QA,134,c60792f391b389a1c44b0a8f62f4a792d9ed82286b1b7f95,6706,4-8k,36.84210526315789,37.83783783783783,0.9957325746799413
3,17,multifieldqa_en,Single QA,137,a9f124fabc341d61e359af8e8badf79dd63a97896c28842e,9607,8k+,40.0,32.786885245901644,-7.213114754098356
3,17,multifieldqa_en,Single QA,138,bda4a6b251a601b7f7f956f298b59d8e99993845c1eaf7d6,8281,8k+,70.58823529411764,77.77777777777779,7.189542483660148
3,17,multifieldqa_en,Single QA,141,110688fd7522324ef26cbf3ec4f4b7ab29aa0b687aa1ade5,8366,8k+,42.5531914893617,37.03703703703704,-5.516154452324663
3,17,multifieldqa_en,Single QA,144,46a2207a7a3f6d98effa73491cf83b63f92e29e0023c6e52,9437,8k+,72.72727272727273,72.72727272727273,0.0
3,17,multifieldqa_en,Single QA,147,25d54c0a145838996b56def82126f35b3fabe3e100d10fc0,10003,8k+,0.0,10.169491525423728,10.169491525423728
3,17,hotpotqa,Multi QA,0,1dae9ec530a93f43f85bd215a5c0e6737dbcf226cd3541d8,3745,0-4k,0.0,0.0,0.0
3,17,hotpotqa,Multi QA,31,f349d7bdea5f38b858c69ddae4698a287f9d201869c14919,1541,0-4k,0.0,0.0,0.0
3,17,hotpotqa,Multi QA,61,406311f7ab0d87c7aa2a4886827e640bc0848e8206f816c2,2519,0-4k,66.66666666666666,66.66666666666666,0.0
3,17,hotpotqa,Multi QA,73,8333f3e9e6703387546f30d78b61e07f326a7ea0aecdf557,2202,0-4k,100.0,0.0,-100.0
3,17,hotpotqa,Multi QA,96,ad3b0ce8a9aaed70ba9db2fdae6d812ae61d39b7cb409376,3730,0-4k,100.0,100.0,0.0
3,17,hotpotqa,Multi QA,102,515a5cbf646c2891fde47be6b8fa3442571938d8dac8827a,6860,4-8k,100.0,100.0,0.0
3,17,hotpotqa,Multi QA,118,4beefe473acde45f1accb31e6f45cff16e0a8b47eefd032e,5913,4-8k,74.99999999999999,66.66666666666666,-8.333333333333329
3,17,hotpotqa,Multi QA,126,a96ab885a132aad0f22735dad044516f01929c6be656b11a,7110,4-8k,0.0,0.0,0.0
3,17,hotpotqa,Multi QA,169,c18c76f9efb43dc4d15ce54891af6a60178be55f1eec2656,7002,4-8k,80.0,80.0,0.0
3,17,hotpotqa,Multi QA,173,74f2fce3240dd7e91f9522b9cbb9e10f43f16fdb0c22e7fa,6333,4-8k,40.0,40.0,0.0
3,17,hotpotqa,Multi QA,213,ce41e73398410371a755f618a953a68b14f75b8f2e8a62cc,11543,8k+,25.0,25.0,0.0
3,17,hotpotqa,Multi QA,217,7cdceb45cfb9439bd41148788e5cf2f0e8a5cb99a0e09729,9019,8k+,100.0,100.0,0.0
3,17,hotpotqa,Multi QA,222,82a1a48996ef392d6abe74ea1d2b0a807c0f4d859c4026ac,9314,8k+,0.0,0.0,0.0
3,17,hotpotqa,Multi QA,227,192e872cf190ea4e64fd401a32a3ea0426dc488afe3702ad,10290,8k+,0.0,0.0,0.0
3,17,hotpotqa,Multi QA,242,ecde9842060b9101fa9edceed35332413b01be43d4940652,11497,8k+,0.0,0.0,0.0
3,17,2wikimqa,Multi QA,21,0bc3341fffaad3e92d14d64b539df741528ef4e2b76e9632,1529,0-4k,100.0,40.0,-60.0
3,17,2wikimqa,Multi QA,60,37eb33998e8bd7ffe40969ac3161ad695983fcf651dac639,2859,0-4k,100.0,100.0,0.0
3,17,2wikimqa,Multi QA,65,d7159102f8034cb0ad4834df59b0734f052a63c3a1d0f0bb,3621,0-4k,0.0,0.0,0.0
3,17,2wikimqa,Multi QA,80,9a74e9b9111e3d13efa2b9b43c522354f7d5f3dae6ca5e96,2753,0-4k,100.0,20.0,-80.0
3,17,2wikimqa,Multi QA,89,f479830ec67206a7edd48ae2ac6f8fc1f639da89caf1a0d2,1405,0-4k,21.052631578947366,100.0,78.94736842105263
3,17,2wikimqa,Multi QA,129,d64ce42f72497e502a412d395566e55a3793d05b35004cb4,6417,4-8k,0.0,100.0,100.0
3,17,2wikimqa,Multi QA,130,fe284936ae55063527821e9ee610ae67958789167aa4ba1a,5421,4-8k,0.0,100.0,100.0
3,17,2wikimqa,Multi QA,131,d524ca109e5ac6284dec16931f2403ef7859225cfde19e9e,5848,4-8k,0.0,0.0,0.0
3,17,2wikimqa,Multi QA,162,78877dc3800b31f7831cf2f941219ee29493e35b53b059a1,4421,4-8k,0.0,0.0,0.0
3,17,2wikimqa,Multi QA,186,7022cbda00a72169cc470d7879da58fc0673ff175aa1f19f,7764,4-8k,100.0,0.0,-100.0
3,17,2wikimqa,Multi QA,207,3a4153b2cd645e567d268c92fc153be937caefb93ac238df,8135,8k+,0.0,0.0,0.0
3,17,2wikimqa,Multi QA,245,4ced3912f614aca56f95eb0431c22e53c24c05717bf75f62,10959,8k+,0.0,0.0,0.0
3,17,2wikimqa,Multi QA,261,e367499fba5b229051bc79021a1ad30bbd066b1f89c277f6,8053,8k+,100.0,100.0,0.0
3,17,2wikimqa,Multi QA,264,3809f116856e090121b8d2d54cb0416076a8916013f06997,10696,8k+,0.0,7.6923076923076925,7.6923076923076925
3,17,2wikimqa,Multi QA,265,ee5c0b8fe31f40bbf2579439858229041ea769a46d82f49b,8703,8k+,0.0,100.0,100.0
3,17,gov_report,Summarization,54,a3a11ee5de13be1f6ab405e8e1b29f2cd07929fe9112561a,3679,0-4k,28.148147686728397,26.326129229237193,-1.822018457491204
3,17,gov_report,Summarization,56,a52b972a6051b61f61eefad3a6358e3f4f89c1a6872dd5a9,2999,0-4k,33.115467959483766,34.725274278893856,1.6098063194100902
3,17,gov_report,Summarization,57,5a1f14be3b3a06a0573d307579eda8216fb13f3e418abe97,2790,0-4k,38.64734253176271,38.694638220200936,0.047295688438225625
3,17,gov_report,Summarization,73,13416da54e1ad4f7681a4e30e66a3973ed3f812bf2af6f7a,1799,0-4k,37.26708024727055,38.72832320750778,1.4612429602372288
3,17,gov_report,Summarization,76,cd96d8a3dbb09bac127d9aa3bb5c62856940380d8722160e,2961,0-4k,26.934096928104047,29.120878623430148,2.1867816953261006
3,17,gov_report,Summarization,112,357977aac62ac12b4958584d44cddcdeeb3c3b2835ed1358,7426,4-8k,34.999999547768596,30.73593026637432,-4.264069281394274
3,17,gov_report,Summarization,144,24581c7640a62446ef310e19c657fde28f428e2cdde9927c,4743,4-8k,46.05263113020353,39.10112315774271,-6.951507972460817
3,17,gov_report,Summarization,175,925cc92d4d68438d5beff9441c206f98fbf1adf8c3a2319c,4349,4-8k,41.797752341229646,34.858387322824555,-6.939365018405091
3,17,gov_report,Summarization,182,380b8a11402167f3806aee3eca9dbd8feae82a13a1e009d8,5455,4-8k,39.898989444903584,35.38461493680473,-4.514374508098854
3,17,gov_report,Summarization,194,1345903bbe6b1a4bc816f5b2431912f0377f2e1c188ad933,6790,4-8k,32.66331609080579,28.07017494613728,-4.593141144668515
3,17,gov_report,Summarization,208,3cd2e850cddd4722470f29c62dd23ec7e5740d89575b4128,8253,8k+,33.13840109306187,29.385964499086263,-3.7524365939756095
3,17,gov_report,Summarization,238,931127a19bd12e3e1831db946f7f0d3f6a8e8a2760708c03,10555,8k+,39.16913896686596,35.880398185450495,-3.2887407814154628
3,17,gov_report,Summarization,239,95108834ba59cae5c2f46634c3785c3aefe9fdd1d8656b9e,8737,8k+,31.90476146853742,41.68618222586643,9.781420757329013
3,17,gov_report,Summarization,287,7bb19ba82bff13f027337b76e32661a2028a80f224f1d7b9,10552,8k+,31.578946970858723,33.46153801497781,1.8825910441190885
3,17,gov_report,Summarization,296,2d74ce64491ea67c0b42a06ef439cd49bc7da7f9768661a4,22560,8k+,30.263157398978535,33.33333286650598,3.0701754675274415
3,17,multi_news,Summarization,0,3cfe6d5139ea2e17d17b9c8d040c015c3db4936578091cf6,951,0-4k,23.958332834431978,25.628140203568094,1.669807369136116
3,17,multi_news,Summarization,31,b723a6f6b48314b21c4142104e17776b8d24371546fd842e,1804,0-4k,28.05970100601471,35.83061839637556,7.770917390360854
3,17,multi_news,Summarization,88,129345ac116bd3d12d86321b7bb7d8ec257ec2d4ee951b79,695,0-4k,27.777777300950046,25.087107536524666,-2.6906697644253796
3,17,multi_news,Summarization,90,b284f77807027c80d9052f3116a5f1945a921b333262a44f,1375,0-4k,25.824175324553206,25.280898377682753,-0.5432769468704528
3,17,multi_news,Summarization,97,9b05a23597d81978bb62a7d42cf8a829ab8c00dbd9936af1,836,0-4k,28.235293618754326,28.735631684172287,0.5003380654179601
3,17,multi_news,Summarization,100,a7679b6195dde9c6472dfcb5a9b0f7301010ad575d82f481,5411,4-8k,21.44638356564948,22.857142376117398,1.410758810467918
3,17,multi_news,Summarization,101,e8ae3a32f6723be9e54aa66700703b5010e6a24337e6387c,5553,4-8k,27.190331829610905,29.834253656481796,2.6439218268708906
3,17,multi_news,Summarization,107,a0eda52afcd3721a2791dacaee59ff9d0b57b2f89744e190,4795,4-8k,23.495701506917033,19.17098395730088,-4.324717549616153
3,17,multi_news,Summarization,140,22c4f915fbec56cff0c26b9814a2e8ef79640588ac70d521,6253,4-8k,21.479713106555568,21.004565716561384,-0.47514738999418427
3,17,multi_news,Summarization,196,29930ff7fc60809fcb40fa0d8fc2415ba9d1dc6435cdea4f,7740,4-8k,14.69816224605784,18.134714544283085,3.4365522982252443
3,17,multi_news,Summarization,213,3b3c748f3eb38ad864d61971e37e3a353350c67bbf60705f,8992,8k+,19.199999530752013,18.02325533019539,-1.176744200556623
3,17,multi_news,Summarization,215,4d2e3653c3c14982a2a316fdec16de82af22d4e610f04842,9464,8k+,11.406843647125175,11.406843647125175,0.0
3,17,multi_news,Summarization,221,4f5bef9de35675cccb7f0ab2422f5766b9f8a0c6fb983678,10507,8k+,23.80952331002773,26.525198439417718,2.7156751293899895
3,17,multi_news,Summarization,231,c44cd4b3d05e349d96d0107750992323e358891d05732948,8571,8k+,21.85273110487981,21.276595246717985,-0.5761358581618232
3,17,multi_news,Summarization,253,928d14dff96c5f6c99a1f9d845d00c2642bc704d7434506e,10683,8k+,19.298245121046875,19.66426811000122,0.36602298895434515
3,17,trec,Few-shot,49,7dfc677d5d152f68d56844b67c26eae5ade79afb3e99f801,3725,0-4k,0.0,0.0,0.0
3,17,trec,Few-shot,50,6920dc5ab1fc7c4eb0768f2ac5ba7f65fa1ad44168b31380,1870,0-4k,100.0,100.0,0.0
3,17,trec,Few-shot,67,68092da2a4729b3ceec74cdbeee8f882103816527070990f,3432,0-4k,0.0,100.0,100.0
3,17,trec,Few-shot,74,2b2f0ca1e20f6ff8114ae89d62d0f7d510a6d50aac79de79,3083,0-4k,100.0,100.0,0.0
3,17,trec,Few-shot,98,f6928484791855eaafa05bf0e14fda717f1326cd4a5b954d,1764,0-4k,100.0,100.0,0.0
3,17,trec,Few-shot,144,d48bdadde67f73518786f0df7a1f2e79d58b6615ce9985b6,6553,4-8k,100.0,100.0,0.0
3,17,trec,Few-shot,151,6e70bede9da423c098179dd992a1c019ce1810d9a1a7767b,5424,4-8k,100.0,0.0,-100.0
3,17,trec,Few-shot,167,4a318078c552864ccd4dbc99ac5b3c21c509258d4bffd94d,7299,4-8k,0.0,0.0,0.0
3,17,trec,Few-shot,176,9675fef9b4fe163692b249c040670706b17cd5d1bb99dbae,7085,4-8k,100.0,100.0,0.0
3,17,trec,Few-shot,197,50456a7c27c94c95d96ef4d681ba513cda242b95dc75f3a1,4038,4-8k,100.0,100.0,0.0
3,17,trec,Few-shot,204,ae4cc6dd54de82c93ecd6c6d139386e206f44c5cc61c802c,11578,8k+,0.0,0.0,0.0
3,17,trec,Few-shot,206,9de729a8f3f2817e417b4ac0ea3812d988fed35c66e225be,9264,8k+,100.0,100.0,0.0
3,17,trec,Few-shot,241,d395acf86c300e844f6c49160568b1d1fadc04bd53a0b362,11531,8k+,100.0,100.0,0.0
3,17,trec,Few-shot,267,1bf27d1e48e7006f3b7f382cf3e91427cef1a74623a09816,8357,8k+,100.0,100.0,0.0
3,17,trec,Few-shot,270,5e58ff1515261ae7ed493f212c894749dd03c8bcadac517e,11040,8k+,100.0,100.0,0.0
3,17,triviaqa,Few-shot,25,37a77de08c5dc62fc4b4d08ab6066e178e82d32387ce084f,3179,0-4k,100.0,100.0,0.0
3,17,triviaqa,Few-shot,49,2dfb8c6ad47144c07050d7707ba7bd71896c09947f5c9e49,1546,0-4k,0.0,100.0,100.0
3,17,triviaqa,Few-shot,60,108c5fba3e6f442ee6e0a2e9495934a7e1ac483c1f4fadc2,1438,0-4k,100.0,100.0,0.0
3,17,triviaqa,Few-shot,61,35d5132c126a2bef8991410216b5980a9c20273a9ff1ab1a,3872,0-4k,100.0,100.0,0.0
3,17,triviaqa,Few-shot,80,6e69d198ca0848e40be166b102d12edc3120a04b0f5da0c0,3453,0-4k,100.0,100.0,0.0
3,17,triviaqa,Few-shot,108,8ab0169f638e98dc69b9bf89237c12a1fee1e417b2ae802c,6085,4-8k,100.0,100.0,0.0
3,17,triviaqa,Few-shot,147,9018807f19ee02d865950c595bf1a259de22640430bc74ed,6427,4-8k,100.0,100.0,0.0
3,17,triviaqa,Few-shot,163,ddff3655b6d29132f991bc6f4f6552c2e252f0ffac1bafba,6011,4-8k,100.0,100.0,0.0
3,17,triviaqa,Few-shot,171,6c3854fc6c64a01c1c738ed10b29b0065a39f1b4173eb3a0,5925,4-8k,33.333333333333336,33.333333333333336,0.0
3,17,triviaqa,Few-shot,192,8dd7e008bda0f1085ad933907ff73985a4d50c50d6578815,4185,4-8k,100.0,100.0,0.0
3,17,triviaqa,Few-shot,206,b76cc838bf517e13bdf35517a991e7dadab853cdbf3951d2,10091,8k+,100.0,100.0,0.0
3,17,triviaqa,Few-shot,226,a14acc130b6f9fafa9fad828a40751edad4d1a283ffcac30,8033,8k+,100.0,100.0,0.0
3,17,triviaqa,Few-shot,248,1be41635f109463aad4ac2d71b524edcbdeabced54a0cdc3,12438,8k+,100.0,100.0,0.0
3,17,triviaqa,Few-shot,258,c5e835c6d30d0278c1832351580689ffdd46d71bda1bbdfd,14026,8k+,100.0,100.0,0.0
3,17,triviaqa,Few-shot,290,ee606dca7a956b661e19b36859b1916cd0f1cfbef4352380,9846,8k+,100.0,85.71428571428571,-14.285714285714292
3,17,samsum,Few-shot,19,0bf52d18ccff2e111ad516892321685343c9dac7140bdef0,3439,0-4k,48.888888395061734,46.1538456545858,-2.735042740475933
3,17,samsum,Few-shot,21,40232983571b8ce83adcb03ef9ef55c99dc4a019a368f310,2053,0-4k,76.59574418107744,71.79487131097963,-4.800872870097805
3,17,samsum,Few-shot,31,018c19631933484203fb50ea1c66e51f3d6e3b1ce9420578,2337,0-4k,28.571428135204087,42.10526265789474,13.533834522690654
3,17,samsum,Few-shot,65,2b739f373d44d8f8925d26449fd0eb1a32d67e167d29b257,3318,0-4k,74.9999995,74.9999995,0.0
3,17,samsum,Few-shot,89,982a8057dcf8707ee1d1f2d3bcb3f295bb2751a1eca7dbcd,2784,0-4k,34.78260820415879,46.153845680473374,11.371237476314583
3,17,samsum,Few-shot,143,cf9464373a128bf26c8d2778f9e4a37c5a15dbed12ad01ae,7046,4-8k,66.6666661688889,66.6666661688889,0.0
3,17,samsum,Few-shot,151,b7ae56266199a707fdf23df4b8db02a7f80f40c5fa92a349,6091,4-8k,34.78260821077505,37.93103398513675,3.148425774361698
3,17,samsum,Few-shot,154,fa2c3e8009a275c4b1263f41043d94b748ddba1755dc2c20,4428,4-8k,88.88888838957477,75.86206847086801,-13.026819918706764
3,17,samsum,Few-shot,190,c4199640b2f017d470c8f1a2e2b91ad294bf054a4b91c93c,5696,4-8k,18.749999531250012,36.36363586776859,17.61363633651858
3,17,samsum,Few-shot,194,4de277f16be3a9e4bd9a7e59f75599ebca199a86b015958c,4234,4-8k,34.14634101368233,46.15384569362263,12.007504679940297
3,17,samsum,Few-shot,215,04964a5fefa4ee8e434769f3a928c8b72d7ed3aeb182ed46,8363,8k+,39.99999954500001,38.095237623582776,-1.9047619214172329
3,17,samsum,Few-shot,220,0c5ef0430cfb35865d7a7089d0680dffca5c6fc47617d4d1,9891,8k+,38.888888388888894,68.57142807183673,29.68253968294784
3,17,samsum,Few-shot,228,b2511670a4ccc1403baa33711fe2dbd5892eababde2e39ee,12403,8k+,68.96551674197384,57.142856642857154,-11.822660099116689
3,17,samsum,Few-shot,257,1893a577539617a31f49735422c235b4db2b8e84f3d7c3c3,10584,8k+,55.17241329369797,64.28571378826533,9.113300494567355
3,17,samsum,Few-shot,283,7af7246701130f0eb2a76bd4b15664820e989acefe181a5e,10072,8k+,37.83783733820307,32.43243193279767,-5.4054054054054035
3,17,passage_count,Synthetic,22,288f4e37f101d146d77c62f996e4e9570b2771c27bc81979,2375,0-4k,0.0,0.0,0.0
3,17,passage_count,Synthetic,36,935778f03f2632c87b080ee9b2f452ea83fbbfb5c77332a2,1851,0-4k,0.0,0.0,0.0
3,17,passage_count,Synthetic,55,b5632108341c1ca7995b00fe559e6281d6076c327973356f,2124,0-4k,0.0,0.0,0.0
3,17,passage_count,Synthetic,69,f1405e58115865757f93e3e1aba86e546d594fb7bc99f26c,2383,0-4k,100.0,0.0,-100.0
3,17,passage_count,Synthetic,79,cab713d4812f7c19a4e2fa511895ac02eff30509bb174327,2725,0-4k,0.0,0.0,0.0
3,17,passage_count,Synthetic,103,90a34e79c780c2df4d2dad95609a596c6098240e94842bf6,7562,4-8k,0.0,0.0,0.0
3,17,passage_count,Synthetic,119,9512ca779f519aebfa07a9f90ce689daa359a4bde1151349,4295,4-8k,0.0,0.0,0.0
3,17,passage_count,Synthetic,155,741cb2c3e808fe3dce2bf119bb0a580b5f5c4aa50202d55f,5469,4-8k,0.0,0.0,0.0
3,17,passage_count,Synthetic,168,f585832d9c78624dd328e1ad307cb6a6a33f3ef90f350c42,6770,4-8k,0.0,50.0,50.0
3,17,passage_count,Synthetic,195,965c084901ab3e093e057dfe806affec32c1d9014ceb9552,5715,4-8k,0.0,0.0,0.0
3,17,passage_count,Synthetic,214,8ea4a507b131b2f8770360c9568652bad67e1411207d48ab,14537,8k+,0.0,0.0,0.0
3,17,passage_count,Synthetic,221,6cd9e99b1214827e24c3b0d2fbacadb7f2d0e47c75783162,8606,8k+,50.0,100.0,50.0
3,17,passage_count,Synthetic,248,9257294f738fd5ccbed674b18aa2f4ab0301d77e4e3d8290,8152,8k+,0.0,0.0,0.0
3,17,passage_count,Synthetic,257,8041f459bf8570173d461b909735356d06ff64d510806517,8691,8k+,0.0,0.0,0.0
3,17,passage_count,Synthetic,267,e1ae4a4f72237062a4fb609d1b8699981447754d4dad536a,9017,8k+,0.0,0.0,0.0
3,17,passage_retrieval_en,Synthetic,0,f363b5cfe63d7095514d7273aaa2e31dbfa73f10a71fd7d8,3446,0-4k,100.0,100.0,0.0
3,17,passage_retrieval_en,Synthetic,3,707ae2fed6a206720c3afb70facc02c376eeca4fd6859740,3428,0-4k,100.0,100.0,0.0
3,17,passage_retrieval_en,Synthetic,8,83f6186ca8e6173b7466b5dd60738f6810d9b900642e6476,3711,0-4k,100.0,100.0,0.0
3,17,passage_retrieval_en,Synthetic,50,31426afc717058adc13fce3a7307c5bdad89bc5be71735b1,3535,0-4k,100.0,100.0,0.0
3,17,passage_retrieval_en,Synthetic,78,a83340ad80a9e187029262c34b831c17116cf743c30a2d26,3686,0-4k,100.0,100.0,0.0
3,17,passage_retrieval_en,Synthetic,110,de23e2b1d2dd91ee82fbc68d8a5a15aca03f8c6afccc5c91,6093,4-8k,100.0,100.0,0.0
3,17,passage_retrieval_en,Synthetic,142,33299d35937a468625623f198d3b800951cf021f2761ea45,7054,4-8k,100.0,100.0,0.0
3,17,passage_retrieval_en,Synthetic,169,6643e514e454e85491bbdac3a52955ef916568e019cb3a98,4166,4-8k,100.0,100.0,0.0
3,17,passage_retrieval_en,Synthetic,184,20abfe1e2d178e67c2a8a9871e735df4b419e063c491937a,4943,4-8k,100.0,100.0,0.0
3,17,passage_retrieval_en,Synthetic,194,25acb3749765e2827ffb105da857a646a2e19952abe53cde,4480,4-8k,100.0,100.0,0.0
3,17,passage_retrieval_en,Synthetic,220,62419a34c63e8b5c583352a1aa5e43cc881f7546c5c5f442,8185,8k+,0.0,0.0,0.0
3,17,passage_retrieval_en,Synthetic,239,763cf6ac464e16d4f5d61b69b685a6771fef3cfbe5fc326d,8723,8k+,100.0,100.0,0.0
3,17,passage_retrieval_en,Synthetic,281,d33bbbcd5871126b551f3307f79c353bf30ec0f18fa96cb7,8192,8k+,100.0,100.0,0.0
3,17,passage_retrieval_en,Synthetic,285,2dca86e4858483b4b2dde86f486bb055c47e4921ca331621,8539,8k+,100.0,100.0,0.0
3,17,passage_retrieval_en,Synthetic,293,9f0af99cc14eda16266159a1a5505c0664c7bdeb6b34a34d,9125,8k+,100.0,100.0,0.0
3,17,lcc,Code,42,94f103d8d6177a4ab0d0ed90f9dbd86d375978f8e3f81181,386,0-4k,70.0,64.0,-6.0
3,17,lcc,Code,63,aab6e3b1dcab2261ae6d783a39b356522fa6e32c6b4b0579,648,0-4k,100.0,100.0,0.0
3,17,lcc,Code,73,50511e2d36d05cdb890a54b72403a62d4a131cdfd6350426,833,0-4k,92.0,91.0,-1.0
3,17,lcc,Code,97,b1a3b5f96b79841d13ee9fa68ce3fa8ff64333803d491dd6,1411,0-4k,96.0,100.0,4.0
3,17,lcc,Code,98,50c8a624b72c93ccf1b9dc94cc56cefefc09ed423276260c,826,0-4k,24.0,24.0,0.0
3,17,lcc,Code,105,e34212aa3077645a24fe01119b2d8f3d6d7e068bc2300179,6878,4-8k,57.99999999999999,97.0,39.00000000000001
3,17,lcc,Code,111,6c7fc0dfbb754f9bc08f08a9190c83e8e7012dfd598e020a,4005,4-8k,100.0,100.0,0.0
3,17,lcc,Code,116,64bac47b1e1bb0e0c8c9689439872cd09890eb9060b9d0cb,4434,4-8k,80.0,74.0,-6.0
3,17,lcc,Code,153,a5259ab50b36a4e831982b6a99431c696ecaced8866bf553,5413,4-8k,100.0,100.0,0.0
3,17,lcc,Code,166,2197048d64edac7618fb8a6df59fb407b0a27af2a7c74a9a,4125,4-8k,40.0,100.0,60.0
3,17,lcc,Code,235,7c4c9949f60f4f327a48f2671410466485a03f060befc851,9452,8k+,100.0,100.0,0.0
3,17,lcc,Code,253,510fda46c7dd55d3196a9e71e2f528e1627ff2d61c2ef425,9425,8k+,39.0,42.0,3.0
3,17,lcc,Code,261,f08a124a114577d3ad44ab0eb8109ad143afa1725e636790,20316,8k+,60.0,30.0,-30.0
3,17,lcc,Code,272,8b7ce360028e8b36fb6f5ee805af7d92897c3d743f66e101,11381,8k+,99.0,99.0,0.0
3,17,lcc,Code,279,2666edb375a0bdb0c84b3a8c808c36f7ada53856d1793385,8731,8k+,41.0,41.0,0.0
3,17,repobench-p,Code,1,4d2668d05f3f636a1bb6b0389a03b382f3f3e06b19dec51d,2012,0-4k,44.0,28.999999999999996,-15.000000000000004
3,17,repobench-p,Code,5,baa8de84ab065678542bc7eba856ad8688646323f9d230bd,2526,0-4k,78.0,78.0,0.0
3,17,repobench-p,Code,28,10293155fe04c32cb8085fd71357b5f0ca2693104e6232aa,3533,0-4k,35.0,25.0,-10.0
3,17,repobench-p,Code,65,56c45bfed224c26bb617b8089df613586ae55fa518b1a991,2605,0-4k,18.0,18.0,0.0
3,17,repobench-p,Code,96,4ff1104206a9b1f6a1cb7d9678a99f21614ecc8091c224c4,2012,0-4k,100.0,100.0,0.0
3,17,repobench-p,Code,126,6be916e353b46483c181ef52e63b82a1b30edf08ded51e81,5932,4-8k,73.0,83.0,10.0
3,17,repobench-p,Code,135,25e27a4553ca2c4de07c1adc6668d82e9973eeb747409030,4307,4-8k,33.0,21.0,-12.0
3,17,repobench-p,Code,160,c5b3c8bd713b960704e3fe39f8f59a429f3f8b431eab3ca8,4364,4-8k,34.0,97.0,63.0
3,17,repobench-p,Code,172,3cd8fefa66ffe61edf15dd8ce125f6e4933fb96d398da6b5,7126,4-8k,72.0,70.0,-2.0
3,17,repobench-p,Code,193,4518bfc339e5258b92b49b1eb715e0fb08e7ee42c084945a,4061,4-8k,23.0,60.0,37.0
3,17,repobench-p,Code,204,ace65979c3c0ae8afbc6363afc51e185369db91ce49614eb,12028,8k+,95.0,95.0,0.0
3,17,repobench-p,Code,252,5829ad887bad026190dbd3ef02f586b05826e8ec720bbc47,8881,8k+,100.0,100.0,0.0
3,17,repobench-p,Code,253,b2acea6b02472a0a56410ca98ebc6dd1cdbf06755ca7e0d1,9203,8k+,94.0,47.0,-47.0
3,17,repobench-p,Code,276,3f7ee1f4f34a645dbe506c2cefdd92884333284e3a2946a8,10553,8k+,25.0,86.0,61.0
3,17,repobench-p,Code,291,01f7b97f4816935c226b88e63484f4f48a98b76054d3cf45,9175,8k+,45.0,45.0,0.0
3,29,qasper,Single QA,7,1bd9a082bd7b5ab6c152dbda3db38c0c3bc92cddf82383a3,2720,0-4k,96.00000000000001,53.333333333333336,-42.66666666666668
3,29,qasper,Single QA,51,d95b33cbe3496fb98638b3c3b1a956847b6472aa8d18a5cc,2393,0-4k,100.0,80.00000000000001,-19.999999999999986
3,29,qasper,Single QA,54,b959a2ca0687fbe1c4f11a6fda00eb9341525f1502c9afc6,3566,0-4k,100.0,66.66666666666666,-33.33333333333334
3,29,qasper,Single QA,75,b1fdb80cd96f455762f4f3be78a4932e7ae5edb2802d9e5c,3244,0-4k,88.8888888888889,83.33333333333333,-5.555555555555571
3,29,qasper,Single QA,99,d9c7574b1ed1ebd6eb755e6bbeee3513c9c912771059348c,2533,0-4k,0.0,0.0,0.0
3,29,qasper,Single QA,114,e28df0e3283943b1e011e1dba7a231e35269588b73697ca4,7837,4-8k,100.0,100.0,0.0
3,29,qasper,Single QA,140,755daa298cdf770c8ed19ddf39270f07e077d88a82aaa0dc,4263,4-8k,0.0,12.5,12.5
3,29,qasper,Single QA,144,0225501ce54ac2c95a557a5691a4322482af24748391e6e9,4104,4-8k,65.0,65.0,0.0
3,29,qasper,Single QA,145,34c5eb16ccc55869a263dfda28d028267e29ee243880c9d5,5136,4-8k,42.10526315789473,54.545454545454554,12.440191387559821
3,29,qasper,Single QA,159,d5e92fcef6747ba1518ae7d8a46ad274b585425b2c889d5b,4738,4-8k,45.614035087719294,47.61904761904761,2.005012531328319
3,29,qasper,Single QA,209,074b526f101518a8f5c810fed1e28f757dacb7805b161e22,14472,8k+,62.5,85.71428571428571,23.214285714285708
3,29,qasper,Single QA,212,21fc5caf7a80aa10b3d9e86ca96d466edb09ae8961c22c85,12952,8k+,100.0,100.0,0.0
3,29,qasper,Single QA,217,3a92f5b9ebedea5d5efd1f4af956b59b4e0ae6ee33db136f,8555,8k+,8.333333333333332,8.333333333333332,0.0
3,29,qasper,Single QA,221,1bb7cd04a893fe2a5497bdf7d0dcb064da2ef56144b44bdd,14722,8k+,8.51063829787234,19.41747572815534,10.906837430282998
3,29,qasper,Single QA,223,6fd8cd7777d0b6f36ccdfc044d9b5056e519fd11feb2a750,14660,8k+,81.48148148148148,85.71428571428571,4.232804232804227
3,29,multifieldqa_en,Single QA,11,94ccf4d54b36e7e9d4aa594a7bc426528630a5b8aff296a4,3422,0-4k,80.0,100.0,20.0
3,29,multifieldqa_en,Single QA,38,235a5c99cd7fae9e2b410ad99c1b1fafea43799d3f1138a8,1810,0-4k,46.15384615384615,46.15384615384615,0.0
3,29,multifieldqa_en,Single QA,44,ec016e90ac78727f3c4aa176db472724bda53c07cb8cb696,682,0-4k,14.285714285714285,22.22222222222222,7.936507936507937
3,29,multifieldqa_en,Single QA,45,4c9131da4fb2a9dbc8dadce39d20bdc302a092b5740c414a,1860,0-4k,0.0,0.0,0.0
3,29,multifieldqa_en,Single QA,53,6caa98612cf0e2ddf58e1ba70daaf79a3ac616280fb48188,2947,0-4k,0.0,0.0,0.0
3,29,multifieldqa_en,Single QA,89,566881d2138d7e29cd6dd2b661b6f7ffe4c515c92fdaf837,5523,4-8k,10.0,10.0,0.0
3,29,multifieldqa_en,Single QA,90,d427e3ab7584a0e253bfb6a9d76626b726c79b57d5e39f2a,6102,4-8k,31.818181818181817,23.076923076923077,-8.74125874125874
3,29,multifieldqa_en,Single QA,119,f9b9a553107eed5b994a9aaf07e8ccac487feaa8ff108ec6,5917,4-8k,14.285714285714288,23.076923076923077,8.791208791208788
3,29,multifieldqa_en,Single QA,129,df53ff06fbc99dbae6bfe13a946420321d4542480eeb56f3,6101,4-8k,76.1904761904762,80.0,3.809523809523796
3,29,multifieldqa_en,Single QA,134,c60792f391b389a1c44b0a8f62f4a792d9ed82286b1b7f95,6706,4-8k,46.666666666666664,36.84210526315789,-9.824561403508774
3,29,multifieldqa_en,Single QA,137,a9f124fabc341d61e359af8e8badf79dd63a97896c28842e,9607,8k+,51.28205128205129,64.51612903225806,13.234077750206772
3,29,multifieldqa_en,Single QA,138,bda4a6b251a601b7f7f956f298b59d8e99993845c1eaf7d6,8281,8k+,70.58823529411764,70.58823529411764,0.0
3,29,multifieldqa_en,Single QA,141,110688fd7522324ef26cbf3ec4f4b7ab29aa0b687aa1ade5,8366,8k+,40.816326530612244,42.42424242424242,1.607915893630178
3,29,multifieldqa_en,Single QA,144,46a2207a7a3f6d98effa73491cf83b63f92e29e0023c6e52,9437,8k+,72.72727272727273,72.72727272727273,0.0
3,29,multifieldqa_en,Single QA,147,25d54c0a145838996b56def82126f35b3fabe3e100d10fc0,10003,8k+,10.169491525423728,10.169491525423728,0.0
3,29,hotpotqa,Multi QA,0,1dae9ec530a93f43f85bd215a5c0e6737dbcf226cd3541d8,3745,0-4k,0.0,66.66666666666666,66.66666666666666
3,29,hotpotqa,Multi QA,31,f349d7bdea5f38b858c69ddae4698a287f9d201869c14919,1541,0-4k,0.0,0.0,0.0
3,29,hotpotqa,Multi QA,61,406311f7ab0d87c7aa2a4886827e640bc0848e8206f816c2,2519,0-4k,66.66666666666666,66.66666666666666,0.0
3,29,hotpotqa,Multi QA,73,8333f3e9e6703387546f30d78b61e07f326a7ea0aecdf557,2202,0-4k,0.0,0.0,0.0
3,29,hotpotqa,Multi QA,96,ad3b0ce8a9aaed70ba9db2fdae6d812ae61d39b7cb409376,3730,0-4k,100.0,100.0,0.0
3,29,hotpotqa,Multi QA,102,515a5cbf646c2891fde47be6b8fa3442571938d8dac8827a,6860,4-8k,100.0,100.0,0.0
3,29,hotpotqa,Multi QA,118,4beefe473acde45f1accb31e6f45cff16e0a8b47eefd032e,5913,4-8k,66.66666666666666,50.0,-16.666666666666657
3,29,hotpotqa,Multi QA,126,a96ab885a132aad0f22735dad044516f01929c6be656b11a,7110,4-8k,0.0,0.0,0.0
3,29,hotpotqa,Multi QA,169,c18c76f9efb43dc4d15ce54891af6a60178be55f1eec2656,7002,4-8k,80.0,80.0,0.0
3,29,hotpotqa,Multi QA,173,74f2fce3240dd7e91f9522b9cbb9e10f43f16fdb0c22e7fa,6333,4-8k,40.0,40.0,0.0
3,29,hotpotqa,Multi QA,213,ce41e73398410371a755f618a953a68b14f75b8f2e8a62cc,11543,8k+,22.222222222222225,22.222222222222225,0.0
3,29,hotpotqa,Multi QA,217,7cdceb45cfb9439bd41148788e5cf2f0e8a5cb99a0e09729,9019,8k+,100.0,100.0,0.0
3,29,hotpotqa,Multi QA,222,82a1a48996ef392d6abe74ea1d2b0a807c0f4d859c4026ac,9314,8k+,0.0,0.0,0.0
3,29,hotpotqa,Multi QA,227,192e872cf190ea4e64fd401a32a3ea0426dc488afe3702ad,10290,8k+,0.0,0.0,0.0
3,29,hotpotqa,Multi QA,242,ecde9842060b9101fa9edceed35332413b01be43d4940652,11497,8k+,0.0,0.0,0.0
3,29,2wikimqa,Multi QA,21,0bc3341fffaad3e92d14d64b539df741528ef4e2b76e9632,1529,0-4k,0.0,100.0,100.0
3,29,2wikimqa,Multi QA,60,37eb33998e8bd7ffe40969ac3161ad695983fcf651dac639,2859,0-4k,0.0,100.0,100.0
3,29,2wikimqa,Multi QA,65,d7159102f8034cb0ad4834df59b0734f052a63c3a1d0f0bb,3621,0-4k,100.0,100.0,0.0
3,29,2wikimqa,Multi QA,80,9a74e9b9111e3d13efa2b9b43c522354f7d5f3dae6ca5e96,2753,0-4k,100.0,100.0,0.0
3,29,2wikimqa,Multi QA,89,f479830ec67206a7edd48ae2ac6f8fc1f639da89caf1a0d2,1405,0-4k,21.052631578947366,26.66666666666667,5.614035087719305
3,29,2wikimqa,Multi QA,129,d64ce42f72497e502a412d395566e55a3793d05b35004cb4,6417,4-8k,21.052631578947366,0.0,-21.052631578947366
3,29,2wikimqa,Multi QA,130,fe284936ae55063527821e9ee610ae67958789167aa4ba1a,5421,4-8k,100.0,100.0,0.0
3,29,2wikimqa,Multi QA,131,d524ca109e5ac6284dec16931f2403ef7859225cfde19e9e,5848,4-8k,0.0,0.0,0.0
3,29,2wikimqa,Multi QA,162,78877dc3800b31f7831cf2f941219ee29493e35b53b059a1,4421,4-8k,0.0,0.0,0.0
3,29,2wikimqa,Multi QA,186,7022cbda00a72169cc470d7879da58fc0673ff175aa1f19f,7764,4-8k,100.0,100.0,0.0
3,29,2wikimqa,Multi QA,207,3a4153b2cd645e567d268c92fc153be937caefb93ac238df,8135,8k+,0.0,0.0,0.0
3,29,2wikimqa,Multi QA,245,4ced3912f614aca56f95eb0431c22e53c24c05717bf75f62,10959,8k+,0.0,0.0,0.0
3,29,2wikimqa,Multi QA,261,e367499fba5b229051bc79021a1ad30bbd066b1f89c277f6,8053,8k+,100.0,100.0,0.0
3,29,2wikimqa,Multi QA,264,3809f116856e090121b8d2d54cb0416076a8916013f06997,10696,8k+,0.0,0.0,0.0
3,29,2wikimqa,Multi QA,265,ee5c0b8fe31f40bbf2579439858229041ea769a46d82f49b,8703,8k+,100.0,0.0,-100.0
3,29,gov_report,Summarization,54,a3a11ee5de13be1f6ab405e8e1b29f2cd07929fe9112561a,3679,0-4k,29.239765641393937,27.65531019449722,-1.584455446896719
3,29,gov_report,Summarization,56,a52b972a6051b61f61eefad3a6358e3f4f89c1a6872dd5a9,2999,0-4k,38.651684957091284,35.111110669669145,-3.540574287422139
3,29,gov_report,Summarization,57,5a1f14be3b3a06a0573d307579eda8216fb13f3e418abe97,2790,0-4k,36.58536539368234,36.90773022190161,0.32236482821927126
3,29,gov_report,Summarization,73,13416da54e1ad4f7681a4e30e66a3973ed3f812bf2af6f7a,1799,0-4k,31.677018135469314,33.23782185863827,1.5608037231689558
3,29,gov_report,Summarization,76,cd96d8a3dbb09bac127d9aa3bb5c62856940380d8722160e,2961,0-4k,29.378530578617262,34.560906021073926,5.182375442456664
3,29,gov_report,Summarization,112,357977aac62ac12b4958584d44cddcdeeb3c3b2835ed1358,7426,4-8k,27.83018824350303,32.318500731841894,4.488312488338863
3,29,gov_report,Summarization,144,24581c7640a62446ef310e19c657fde28f428e2cdde9927c,4743,4-8k,37.96296254039137,36.525612030218106,-1.4373505101732675
3,29,gov_report,Summarization,175,925cc92d4d68438d5beff9441c206f98fbf1adf8c3a2319c,4349,4-8k,36.36363589959711,36.66666617986979,0.3030302802726865
3,29,gov_report,Summarization,182,380b8a11402167f3806aee3eca9dbd8feae82a13a1e009d8,5455,4-8k,38.02083289241537,38.94230722120008,0.9214743287847114
3,29,gov_report,Summarization,194,1345903bbe6b1a4bc816f5b2431912f0377f2e1c188ad933,6790,4-8k,30.729166180555566,36.031331107090516,5.3021649265349495
3,29,gov_report,Summarization,208,3cd2e850cddd4722470f29c62dd23ec7e5740d89575b4128,8253,8k+,31.397849038122335,25.791854810128793,-5.605994227993541
3,29,gov_report,Summarization,238,931127a19bd12e3e1831db946f7f0d3f6a8e8a2760708c03,10555,8k+,34.11764655944637,33.53293363318871,-0.5847129262576587
3,29,gov_report,Summarization,239,95108834ba59cae5c2f46634c3785c3aefe9fdd1d8656b9e,8737,8k+,39.24349837835119,39.91130773880168,0.6678093604504909
3,29,gov_report,Summarization,287,7bb19ba82bff13f027337b76e32661a2028a80f224f1d7b9,10552,8k+,35.412474424494654,32.71221491274771,-2.7002595117469426
3,29,gov_report,Summarization,296,2d74ce64491ea67c0b42a06ef439cd49bc7da7f9768661a4,22560,8k+,32.95711011718787,25.65320616755717,-7.303903949630698
3,29,multi_news,Summarization,0,3cfe6d5139ea2e17d17b9c8d040c015c3db4936578091cf6,951,0-4k,22.107968652229378,21.77215139889121,-0.3358172533381669
3,29,multi_news,Summarization,31,b723a6f6b48314b21c4142104e17776b8d24371546fd842e,1804,0-4k,32.82674723145574,24.705881868512115,-8.120865362943626
3,29,multi_news,Summarization,88,129345ac116bd3d12d86321b7bb7d8ec257ec2d4ee951b79,695,0-4k,23.050846984981337,23.44827538642094,0.39742840143960123
3,29,multi_news,Summarization,90,b284f77807027c80d9052f3116a5f1945a921b333262a44f,1375,0-4k,25.770307624383094,23.71133970683655,-2.0589679175465427
3,29,multi_news,Summarization,97,9b05a23597d81978bb62a7d42cf8a829ab8c00dbd9936af1,836,0-4k,29.999999500061737,27.762039160092776,-2.2379603399689607
3,29,multi_news,Summarization,100,a7679b6195dde9c6472dfcb5a9b0f7301010ad575d82f481,5411,4-8k,21.37404532382859,19.680850579235525,-1.6931947445930646
3,29,multi_news,Summarization,101,e8ae3a32f6723be9e54aa66700703b5010e6a24337e6387c,5553,4-8k,26.239066561857737,27.22222173432099,0.9831551724632526
3,29,multi_news,Summarization,107,a0eda52afcd3721a2791dacaee59ff9d0b57b2f89744e190,4795,4-8k,19.240505831809017,24.460431162155178,5.219925330346161
3,29,multi_news,Summarization,140,22c4f915fbec56cff0c26b9814a2e8ef79640588ac70d521,6253,4-8k,18.937643847201716,19.26605455193167,0.32841070472995426
3,29,multi_news,Summarization,196,29930ff7fc60809fcb40fa0d8fc2415ba9d1dc6435cdea4f,7740,4-8k,18.592964347465983,19.71830936649079,1.125345019024806
3,29,multi_news,Summarization,213,3b3c748f3eb38ad864d61971e37e3a353350c67bbf60705f,8992,8k+,16.89373249684831,19.130434299281678,2.2367018024333696
3,29,multi_news,Summarization,215,4d2e3653c3c14982a2a316fdec16de82af22d4e610f04842,9464,8k+,9.345793978358149,9.790209348916838,0.44441537055868885
3,29,multi_news,Summarization,221,4f5bef9de35675cccb7f0ab2422f5766b9f8a0c6fb983678,10507,8k+,27.707808067280425,24.810126084973575,-2.8976819823068496
3,29,multi_news,Summarization,231,c44cd4b3d05e349d96d0107750992323e358891d05732948,8571,8k+,21.897809729281743,19.718309374242335,-2.1795003550394085
3,29,multi_news,Summarization,253,928d14dff96c5f6c99a1f9d845d00c2642bc704d7434506e,10683,8k+,26.44628049317841,21.978021485327872,-4.468259007850538
3,29,trec,Few-shot,49,7dfc677d5d152f68d56844b67c26eae5ade79afb3e99f801,3725,0-4k,0.0,0.0,0.0
3,29,trec,Few-shot,50,6920dc5ab1fc7c4eb0768f2ac5ba7f65fa1ad44168b31380,1870,0-4k,100.0,100.0,0.0
3,29,trec,Few-shot,67,68092da2a4729b3ceec74cdbeee8f882103816527070990f,3432,0-4k,100.0,100.0,0.0
3,29,trec,Few-shot,74,2b2f0ca1e20f6ff8114ae89d62d0f7d510a6d50aac79de79,3083,0-4k,100.0,100.0,0.0
3,29,trec,Few-shot,98,f6928484791855eaafa05bf0e14fda717f1326cd4a5b954d,1764,0-4k,100.0,100.0,0.0
3,29,trec,Few-shot,144,d48bdadde67f73518786f0df7a1f2e79d58b6615ce9985b6,6553,4-8k,0.0,100.0,100.0
3,29,trec,Few-shot,151,6e70bede9da423c098179dd992a1c019ce1810d9a1a7767b,5424,4-8k,100.0,0.0,-100.0
3,29,trec,Few-shot,167,4a318078c552864ccd4dbc99ac5b3c21c509258d4bffd94d,7299,4-8k,0.0,0.0,0.0
3,29,trec,Few-shot,176,9675fef9b4fe163692b249c040670706b17cd5d1bb99dbae,7085,4-8k,100.0,100.0,0.0
3,29,trec,Few-shot,197,50456a7c27c94c95d96ef4d681ba513cda242b95dc75f3a1,4038,4-8k,100.0,100.0,0.0
3,29,trec,Few-shot,204,ae4cc6dd54de82c93ecd6c6d139386e206f44c5cc61c802c,11578,8k+,0.0,0.0,0.0
3,29,trec,Few-shot,206,9de729a8f3f2817e417b4ac0ea3812d988fed35c66e225be,9264,8k+,100.0,100.0,0.0
3,29,trec,Few-shot,241,d395acf86c300e844f6c49160568b1d1fadc04bd53a0b362,11531,8k+,100.0,100.0,0.0
3,29,trec,Few-shot,267,1bf27d1e48e7006f3b7f382cf3e91427cef1a74623a09816,8357,8k+,100.0,100.0,0.0
3,29,trec,Few-shot,270,5e58ff1515261ae7ed493f212c894749dd03c8bcadac517e,11040,8k+,100.0,100.0,0.0
3,29,triviaqa,Few-shot,25,37a77de08c5dc62fc4b4d08ab6066e178e82d32387ce084f,3179,0-4k,100.0,100.0,0.0
3,29,triviaqa,Few-shot,49,2dfb8c6ad47144c07050d7707ba7bd71896c09947f5c9e49,1546,0-4k,27.27272727272727,100.0,72.72727272727273
3,29,triviaqa,Few-shot,60,108c5fba3e6f442ee6e0a2e9495934a7e1ac483c1f4fadc2,1438,0-4k,100.0,100.0,0.0
3,29,triviaqa,Few-shot,61,35d5132c126a2bef8991410216b5980a9c20273a9ff1ab1a,3872,0-4k,100.0,100.0,0.0
3,29,triviaqa,Few-shot,80,6e69d198ca0848e40be166b102d12edc3120a04b0f5da0c0,3453,0-4k,100.0,100.0,0.0
3,29,triviaqa,Few-shot,108,8ab0169f638e98dc69b9bf89237c12a1fee1e417b2ae802c,6085,4-8k,100.0,100.0,0.0
3,29,triviaqa,Few-shot,147,9018807f19ee02d865950c595bf1a259de22640430bc74ed,6427,4-8k,100.0,100.0,0.0
3,29,triviaqa,Few-shot,163,ddff3655b6d29132f991bc6f4f6552c2e252f0ffac1bafba,6011,4-8k,100.0,100.0,0.0
3,29,triviaqa,Few-shot,171,6c3854fc6c64a01c1c738ed10b29b0065a39f1b4173eb3a0,5925,4-8k,33.333333333333336,33.333333333333336,0.0
3,29,triviaqa,Few-shot,192,8dd7e008bda0f1085ad933907ff73985a4d50c50d6578815,4185,4-8k,100.0,100.0,0.0
3,29,triviaqa,Few-shot,206,b76cc838bf517e13bdf35517a991e7dadab853cdbf3951d2,10091,8k+,100.0,100.0,0.0
3,29,triviaqa,Few-shot,226,a14acc130b6f9fafa9fad828a40751edad4d1a283ffcac30,8033,8k+,100.0,100.0,0.0
3,29,triviaqa,Few-shot,248,1be41635f109463aad4ac2d71b524edcbdeabced54a0cdc3,12438,8k+,100.0,100.0,0.0
3,29,triviaqa,Few-shot,258,c5e835c6d30d0278c1832351580689ffdd46d71bda1bbdfd,14026,8k+,100.0,100.0,0.0
3,29,triviaqa,Few-shot,290,ee606dca7a956b661e19b36859b1916cd0f1cfbef4352380,9846,8k+,85.71428571428571,85.71428571428571,0.0
3,29,samsum,Few-shot,19,0bf52d18ccff2e111ad516892321685343c9dac7140bdef0,3439,0-4k,38.29787184246266,47.82608646030246,9.5282146178398
3,29,samsum,Few-shot,21,40232983571b8ce83adcb03ef9ef55c99dc4a019a368f310,2053,0-4k,69.56521689130435,27.027026556610668,-42.53819033469368
3,29,samsum,Few-shot,31,018c19631933484203fb50ea1c66e51f3d6e3b1ce9420578,2337,0-4k,46.15384565417489,39.024389746579416,-7.129455907595471
3,29,samsum,Few-shot,65,2b739f373d44d8f8925d26449fd0eb1a32d67e167d29b257,3318,0-4k,79.99999950080002,79.99999950080002,0.0
3,29,samsum,Few-shot,89,982a8057dcf8707ee1d1f2d3bcb3f295bb2751a1eca7dbcd,2784,0-4k,41.37930989298454,30.303029880624432,-11.076280012360105
3,29,samsum,Few-shot,143,cf9464373a128bf26c8d2778f9e4a37c5a15dbed12ad01ae,7046,4-8k,66.6666661688889,66.6666661688889,0.0
3,29,samsum,Few-shot,151,b7ae56266199a707fdf23df4b8db02a7f80f40c5fa92a349,6091,4-8k,35.9999995032,31.999999503199998,-4.0000000000000036
3,29,samsum,Few-shot,154,fa2c3e8009a275c4b1263f41043d94b748ddba1755dc2c20,4428,4-8k,75.86206847086801,84.61538411538461,8.753315644516604
3,29,samsum,Few-shot,190,c4199640b2f017d470c8f1a2e2b91ad294bf054a4b91c93c,5696,4-8k,32.558139037317474,18.749999531250012,-13.808139506067462
3,29,samsum,Few-shot,194,4de277f16be3a9e4bd9a7e59f75599ebca199a86b015958c,4234,4-8k,33.3333328888889,33.3333328888889,0.0
3,29,samsum,Few-shot,215,04964a5fefa4ee8e434769f3a928c8b72d7ed3aeb182ed46,8363,8k+,24.999999695312503,26.086956030245755,1.0869563349332516
3,29,samsum,Few-shot,220,0c5ef0430cfb35865d7a7089d0680dffca5c6fc47617d4d1,9891,8k+,64.28571382653062,37.83783733820307,-26.44787648832755
3,29,samsum,Few-shot,228,b2511670a4ccc1403baa33711fe2dbd5892eababde2e39ee,12403,8k+,53.84615334911243,64.2857137857143,10.439560436601866
3,29,samsum,Few-shot,257,1893a577539617a31f49735422c235b4db2b8e84f3d7c3c3,10584,8k+,68.74999950195313,64.28571378826533,-4.464285713687801
3,29,samsum,Few-shot,283,7af7246701130f0eb2a76bd4b15664820e989acefe181a5e,10072,8k+,26.66666618666667,37.209301838831806,10.542635652165135
3,29,passage_count,Synthetic,22,288f4e37f101d146d77c62f996e4e9570b2771c27bc81979,2375,0-4k,0.0,0.0,0.0
3,29,passage_count,Synthetic,36,935778f03f2632c87b080ee9b2f452ea83fbbfb5c77332a2,1851,0-4k,0.0,100.0,100.0
3,29,passage_count,Synthetic,55,b5632108341c1ca7995b00fe559e6281d6076c327973356f,2124,0-4k,0.0,25.0,25.0
3,29,passage_count,Synthetic,69,f1405e58115865757f93e3e1aba86e546d594fb7bc99f26c,2383,0-4k,100.0,100.0,0.0
3,29,passage_count,Synthetic,79,cab713d4812f7c19a4e2fa511895ac02eff30509bb174327,2725,0-4k,0.0,0.0,0.0
3,29,passage_count,Synthetic,103,90a34e79c780c2df4d2dad95609a596c6098240e94842bf6,7562,4-8k,0.0,0.0,0.0
3,29,passage_count,Synthetic,119,9512ca779f519aebfa07a9f90ce689daa359a4bde1151349,4295,4-8k,0.0,0.0,0.0
3,29,passage_count,Synthetic,155,741cb2c3e808fe3dce2bf119bb0a580b5f5c4aa50202d55f,5469,4-8k,0.0,0.0,0.0
3,29,passage_count,Synthetic,168,f585832d9c78624dd328e1ad307cb6a6a33f3ef90f350c42,6770,4-8k,14.285714285714285,12.5,-1.7857142857142847
3,29,passage_count,Synthetic,195,965c084901ab3e093e057dfe806affec32c1d9014ceb9552,5715,4-8k,0.0,0.0,0.0
3,29,passage_count,Synthetic,214,8ea4a507b131b2f8770360c9568652bad67e1411207d48ab,14537,8k+,100.0,0.0,-100.0
3,29,passage_count,Synthetic,221,6cd9e99b1214827e24c3b0d2fbacadb7f2d0e47c75783162,8606,8k+,100.0,0.0,-100.0
3,29,passage_count,Synthetic,248,9257294f738fd5ccbed674b18aa2f4ab0301d77e4e3d8290,8152,8k+,0.0,0.0,0.0
3,29,passage_count,Synthetic,257,8041f459bf8570173d461b909735356d06ff64d510806517,8691,8k+,100.0,0.0,-100.0
3,29,passage_count,Synthetic,267,e1ae4a4f72237062a4fb609d1b8699981447754d4dad536a,9017,8k+,0.0,0.0,0.0
3,29,passage_retrieval_en,Synthetic,0,f363b5cfe63d7095514d7273aaa2e31dbfa73f10a71fd7d8,3446,0-4k,100.0,100.0,0.0
3,29,passage_retrieval_en,Synthetic,3,707ae2fed6a206720c3afb70facc02c376eeca4fd6859740,3428,0-4k,100.0,100.0,0.0
3,29,passage_retrieval_en,Synthetic,8,83f6186ca8e6173b7466b5dd60738f6810d9b900642e6476,3711,0-4k,100.0,100.0,0.0
3,29,passage_retrieval_en,Synthetic,50,31426afc717058adc13fce3a7307c5bdad89bc5be71735b1,3535,0-4k,100.0,100.0,0.0
3,29,passage_retrieval_en,Synthetic,78,a83340ad80a9e187029262c34b831c17116cf743c30a2d26,3686,0-4k,100.0,100.0,0.0
3,29,passage_retrieval_en,Synthetic,110,de23e2b1d2dd91ee82fbc68d8a5a15aca03f8c6afccc5c91,6093,4-8k,100.0,100.0,0.0
3,29,passage_retrieval_en,Synthetic,142,33299d35937a468625623f198d3b800951cf021f2761ea45,7054,4-8k,100.0,100.0,0.0
3,29,passage_retrieval_en,Synthetic,169,6643e514e454e85491bbdac3a52955ef916568e019cb3a98,4166,4-8k,100.0,100.0,0.0
3,29,passage_retrieval_en,Synthetic,184,20abfe1e2d178e67c2a8a9871e735df4b419e063c491937a,4943,4-8k,100.0,100.0,0.0
3,29,passage_retrieval_en,Synthetic,194,25acb3749765e2827ffb105da857a646a2e19952abe53cde,4480,4-8k,100.0,100.0,0.0
3,29,passage_retrieval_en,Synthetic,220,62419a34c63e8b5c583352a1aa5e43cc881f7546c5c5f442,8185,8k+,0.0,0.0,0.0
3,29,passage_retrieval_en,Synthetic,239,763cf6ac464e16d4f5d61b69b685a6771fef3cfbe5fc326d,8723,8k+,100.0,100.0,0.0
3,29,passage_retrieval_en,Synthetic,281,d33bbbcd5871126b551f3307f79c353bf30ec0f18fa96cb7,8192,8k+,100.0,100.0,0.0
3,29,passage_retrieval_en,Synthetic,285,2dca86e4858483b4b2dde86f486bb055c47e4921ca331621,8539,8k+,100.0,100.0,0.0
3,29,passage_retrieval_en,Synthetic,293,9f0af99cc14eda16266159a1a5505c0664c7bdeb6b34a34d,9125,8k+,100.0,100.0,0.0
3,29,lcc,Code,42,94f103d8d6177a4ab0d0ed90f9dbd86d375978f8e3f81181,386,0-4k,55.00000000000001,64.0,8.999999999999993
3,29,lcc,Code,63,aab6e3b1dcab2261ae6d783a39b356522fa6e32c6b4b0579,648,0-4k,100.0,100.0,0.0
3,29,lcc,Code,73,50511e2d36d05cdb890a54b72403a62d4a131cdfd6350426,833,0-4k,100.0,100.0,0.0
3,29,lcc,Code,97,b1a3b5f96b79841d13ee9fa68ce3fa8ff64333803d491dd6,1411,0-4k,96.0,96.0,0.0
3,29,lcc,Code,98,50c8a624b72c93ccf1b9dc94cc56cefefc09ed423276260c,826,0-4k,24.0,96.0,72.0
3,29,lcc,Code,105,e34212aa3077645a24fe01119b2d8f3d6d7e068bc2300179,6878,4-8k,57.99999999999999,40.0,-17.999999999999993
3,29,lcc,Code,111,6c7fc0dfbb754f9bc08f08a9190c83e8e7012dfd598e020a,4005,4-8k,100.0,100.0,0.0
3,29,lcc,Code,116,64bac47b1e1bb0e0c8c9689439872cd09890eb9060b9d0cb,4434,4-8k,84.0,83.0,-1.0
3,29,lcc,Code,153,a5259ab50b36a4e831982b6a99431c696ecaced8866bf553,5413,4-8k,85.0,100.0,15.0
3,29,lcc,Code,166,2197048d64edac7618fb8a6df59fb407b0a27af2a7c74a9a,4125,4-8k,100.0,100.0,0.0
3,29,lcc,Code,235,7c4c9949f60f4f327a48f2671410466485a03f060befc851,9452,8k+,100.0,100.0,0.0
3,29,lcc,Code,253,510fda46c7dd55d3196a9e71e2f528e1627ff2d61c2ef425,9425,8k+,47.0,30.0,-17.0
3,29,lcc,Code,261,f08a124a114577d3ad44ab0eb8109ad143afa1725e636790,20316,8k+,60.0,60.0,0.0
3,29,lcc,Code,272,8b7ce360028e8b36fb6f5ee805af7d92897c3d743f66e101,11381,8k+,99.0,99.0,0.0
3,29,lcc,Code,279,2666edb375a0bdb0c84b3a8c808c36f7ada53856d1793385,8731,8k+,41.0,41.0,0.0
3,29,repobench-p,Code,1,4d2668d05f3f636a1bb6b0389a03b382f3f3e06b19dec51d,2012,0-4k,42.0,34.0,-8.0
3,29,repobench-p,Code,5,baa8de84ab065678542bc7eba856ad8688646323f9d230bd,2526,0-4k,78.0,78.0,0.0
3,29,repobench-p,Code,28,10293155fe04c32cb8085fd71357b5f0ca2693104e6232aa,3533,0-4k,21.0,21.0,0.0
3,29,repobench-p,Code,65,56c45bfed224c26bb617b8089df613586ae55fa518b1a991,2605,0-4k,96.0,96.0,0.0
3,29,repobench-p,Code,96,4ff1104206a9b1f6a1cb7d9678a99f21614ecc8091c224c4,2012,0-4k,100.0,100.0,0.0
3,29,repobench-p,Code,126,6be916e353b46483c181ef52e63b82a1b30edf08ded51e81,5932,4-8k,83.0,100.0,17.0
3,29,repobench-p,Code,135,25e27a4553ca2c4de07c1adc6668d82e9973eeb747409030,4307,4-8k,25.0,26.0,1.0
3,29,repobench-p,Code,160,c5b3c8bd713b960704e3fe39f8f59a429f3f8b431eab3ca8,4364,4-8k,97.0,32.0,-65.0
3,29,repobench-p,Code,172,3cd8fefa66ffe61edf15dd8ce125f6e4933fb96d398da6b5,7126,4-8k,76.0,72.0,-4.0
3,29,repobench-p,Code,193,4518bfc339e5258b92b49b1eb715e0fb08e7ee42c084945a,4061,4-8k,55.00000000000001,60.0,4.999999999999993
3,29,repobench-p,Code,204,ace65979c3c0ae8afbc6363afc51e185369db91ce49614eb,12028,8k+,95.0,95.0,0.0
3,29,repobench-p,Code,252,5829ad887bad026190dbd3ef02f586b05826e8ec720bbc47,8881,8k+,100.0,100.0,0.0
3,29,repobench-p,Code,253,b2acea6b02472a0a56410ca98ebc6dd1cdbf06755ca7e0d1,9203,8k+,76.0,47.0,-29.0
3,29,repobench-p,Code,276,3f7ee1f4f34a645dbe506c2cefdd92884333284e3a2946a8,10553,8k+,56.99999999999999,92.0,35.00000000000001
3,29,repobench-p,Code,291,01f7b97f4816935c226b88e63484f4f48a98b76054d3cf45,9175,8k+,45.0,43.0,-2.0
3,43,qasper,Single QA,7,1bd9a082bd7b5ab6c152dbda3db38c0c3bc92cddf82383a3,2720,0-4k,96.00000000000001,53.333333333333336,-42.66666666666668
3,43,qasper,Single QA,51,d95b33cbe3496fb98638b3c3b1a956847b6472aa8d18a5cc,2393,0-4k,80.00000000000001,100.0,19.999999999999986
3,43,qasper,Single QA,54,b959a2ca0687fbe1c4f11a6fda00eb9341525f1502c9afc6,3566,0-4k,33.33333333333333,100.0,66.66666666666667
3,43,qasper,Single QA,75,b1fdb80cd96f455762f4f3be78a4932e7ae5edb2802d9e5c,3244,0-4k,100.0,100.0,0.0
3,43,qasper,Single QA,99,d9c7574b1ed1ebd6eb755e6bbeee3513c9c912771059348c,2533,0-4k,0.0,0.0,0.0
3,43,qasper,Single QA,114,e28df0e3283943b1e011e1dba7a231e35269588b73697ca4,7837,4-8k,100.0,0.0,-100.0
3,43,qasper,Single QA,140,755daa298cdf770c8ed19ddf39270f07e077d88a82aaa0dc,4263,4-8k,10.526315789473681,10.0,-0.5263157894736814
3,43,qasper,Single QA,144,0225501ce54ac2c95a557a5691a4322482af24748391e6e9,4104,4-8k,68.42105263157893,68.18181818181817,-0.23923444976075814
3,43,qasper,Single QA,145,34c5eb16ccc55869a263dfda28d028267e29ee243880c9d5,5136,4-8k,43.74999999999999,43.74999999999999,0.0
3,43,qasper,Single QA,159,d5e92fcef6747ba1518ae7d8a46ad274b585425b2c889d5b,4738,4-8k,46.666666666666664,58.82352941176471,12.156862745098046
3,43,qasper,Single QA,209,074b526f101518a8f5c810fed1e28f757dacb7805b161e22,14472,8k+,33.33333333333333,25.0,-8.333333333333329
3,43,qasper,Single QA,212,21fc5caf7a80aa10b3d9e86ca96d466edb09ae8961c22c85,12952,8k+,0.0,100.0,100.0
3,43,qasper,Single QA,217,3a92f5b9ebedea5d5efd1f4af956b59b4e0ae6ee33db136f,8555,8k+,8.333333333333332,8.333333333333332,0.0
3,43,qasper,Single QA,221,1bb7cd04a893fe2a5497bdf7d0dcb064da2ef56144b44bdd,14722,8k+,16.666666666666664,20.2020202020202,3.5353535353535364
3,43,qasper,Single QA,223,6fd8cd7777d0b6f36ccdfc044d9b5056e519fd11feb2a750,14660,8k+,82.75862068965519,89.65517241379311,6.896551724137922
3,43,multifieldqa_en,Single QA,11,94ccf4d54b36e7e9d4aa594a7bc426528630a5b8aff296a4,3422,0-4k,80.0,80.0,0.0
3,43,multifieldqa_en,Single QA,38,235a5c99cd7fae9e2b410ad99c1b1fafea43799d3f1138a8,1810,0-4k,46.15384615384615,46.15384615384615,0.0
3,43,multifieldqa_en,Single QA,44,ec016e90ac78727f3c4aa176db472724bda53c07cb8cb696,682,0-4k,12.5,12.5,0.0
3,43,multifieldqa_en,Single QA,45,4c9131da4fb2a9dbc8dadce39d20bdc302a092b5740c414a,1860,0-4k,22.22222222222222,22.22222222222222,0.0
3,43,multifieldqa_en,Single QA,53,6caa98612cf0e2ddf58e1ba70daaf79a3ac616280fb48188,2947,0-4k,17.142857142857142,0.0,-17.142857142857142
3,43,multifieldqa_en,Single QA,89,566881d2138d7e29cd6dd2b661b6f7ffe4c515c92fdaf837,5523,4-8k,10.0,10.0,0.0
3,43,multifieldqa_en,Single QA,90,d427e3ab7584a0e253bfb6a9d76626b726c79b57d5e39f2a,6102,4-8k,28.57142857142857,35.8974358974359,7.326007326007328
3,43,multifieldqa_en,Single QA,119,f9b9a553107eed5b994a9aaf07e8ccac487feaa8ff108ec6,5917,4-8k,26.086956521739125,23.076923076923077,-3.010033444816049
3,43,multifieldqa_en,Single QA,129,df53ff06fbc99dbae6bfe13a946420321d4542480eeb56f3,6101,4-8k,80.0,76.1904761904762,-3.809523809523796
3,43,multifieldqa_en,Single QA,134,c60792f391b389a1c44b0a8f62f4a792d9ed82286b1b7f95,6706,4-8k,37.83783783783783,36.84210526315789,-0.9957325746799413
3,43,multifieldqa_en,Single QA,137,a9f124fabc341d61e359af8e8badf79dd63a97896c28842e,9607,8k+,33.9622641509434,23.333333333333336,-10.628930817610062
3,43,multifieldqa_en,Single QA,138,bda4a6b251a601b7f7f956f298b59d8e99993845c1eaf7d6,8281,8k+,70.58823529411764,70.58823529411764,0.0
3,43,multifieldqa_en,Single QA,141,110688fd7522324ef26cbf3ec4f4b7ab29aa0b687aa1ade5,8366,8k+,42.42424242424242,40.816326530612244,-1.607915893630178
3,43,multifieldqa_en,Single QA,144,46a2207a7a3f6d98effa73491cf83b63f92e29e0023c6e52,9437,8k+,26.08695652173913,72.72727272727273,46.64031620553361
3,43,multifieldqa_en,Single QA,147,25d54c0a145838996b56def82126f35b3fabe3e100d10fc0,10003,8k+,10.169491525423728,10.344827586206897,0.17533606078316843
3,43,hotpotqa,Multi QA,0,1dae9ec530a93f43f85bd215a5c0e6737dbcf226cd3541d8,3745,0-4k,0.0,0.0,0.0
3,43,hotpotqa,Multi QA,31,f349d7bdea5f38b858c69ddae4698a287f9d201869c14919,1541,0-4k,0.0,0.0,0.0
3,43,hotpotqa,Multi QA,61,406311f7ab0d87c7aa2a4886827e640bc0848e8206f816c2,2519,0-4k,66.66666666666666,66.66666666666666,0.0
3,43,hotpotqa,Multi QA,73,8333f3e9e6703387546f30d78b61e07f326a7ea0aecdf557,2202,0-4k,0.0,0.0,0.0
3,43,hotpotqa,Multi QA,96,ad3b0ce8a9aaed70ba9db2fdae6d812ae61d39b7cb409376,3730,0-4k,100.0,100.0,0.0
3,43,hotpotqa,Multi QA,102,515a5cbf646c2891fde47be6b8fa3442571938d8dac8827a,6860,4-8k,100.0,100.0,0.0
3,43,hotpotqa,Multi QA,118,4beefe473acde45f1accb31e6f45cff16e0a8b47eefd032e,5913,4-8k,50.0,74.99999999999999,24.999999999999986
3,43,hotpotqa,Multi QA,126,a96ab885a132aad0f22735dad044516f01929c6be656b11a,7110,4-8k,0.0,0.0,0.0
3,43,hotpotqa,Multi QA,169,c18c76f9efb43dc4d15ce54891af6a60178be55f1eec2656,7002,4-8k,0.0,0.0,0.0
3,43,hotpotqa,Multi QA,173,74f2fce3240dd7e91f9522b9cbb9e10f43f16fdb0c22e7fa,6333,4-8k,0.0,40.0,40.0
3,43,hotpotqa,Multi QA,213,ce41e73398410371a755f618a953a68b14f75b8f2e8a62cc,11543,8k+,22.222222222222225,25.0,2.777777777777775
3,43,hotpotqa,Multi QA,217,7cdceb45cfb9439bd41148788e5cf2f0e8a5cb99a0e09729,9019,8k+,100.0,100.0,0.0
3,43,hotpotqa,Multi QA,222,82a1a48996ef392d6abe74ea1d2b0a807c0f4d859c4026ac,9314,8k+,0.0,0.0,0.0
3,43,hotpotqa,Multi QA,227,192e872cf190ea4e64fd401a32a3ea0426dc488afe3702ad,10290,8k+,100.0,0.0,-100.0
3,43,hotpotqa,Multi QA,242,ecde9842060b9101fa9edceed35332413b01be43d4940652,11497,8k+,0.0,0.0,0.0
3,43,2wikimqa,Multi QA,21,0bc3341fffaad3e92d14d64b539df741528ef4e2b76e9632,1529,0-4k,0.0,100.0,100.0
3,43,2wikimqa,Multi QA,60,37eb33998e8bd7ffe40969ac3161ad695983fcf651dac639,2859,0-4k,100.0,0.0,-100.0
3,43,2wikimqa,Multi QA,65,d7159102f8034cb0ad4834df59b0734f052a63c3a1d0f0bb,3621,0-4k,100.0,0.0,-100.0
3,43,2wikimqa,Multi QA,80,9a74e9b9111e3d13efa2b9b43c522354f7d5f3dae6ca5e96,2753,0-4k,100.0,100.0,0.0
3,43,2wikimqa,Multi QA,89,f479830ec67206a7edd48ae2ac6f8fc1f639da89caf1a0d2,1405,0-4k,0.0,21.052631578947366,21.052631578947366
3,43,2wikimqa,Multi QA,129,d64ce42f72497e502a412d395566e55a3793d05b35004cb4,6417,4-8k,0.0,100.0,100.0
3,43,2wikimqa,Multi QA,130,fe284936ae55063527821e9ee610ae67958789167aa4ba1a,5421,4-8k,0.0,100.0,100.0
3,43,2wikimqa,Multi QA,131,d524ca109e5ac6284dec16931f2403ef7859225cfde19e9e,5848,4-8k,0.0,0.0,0.0
3,43,2wikimqa,Multi QA,162,78877dc3800b31f7831cf2f941219ee29493e35b53b059a1,4421,4-8k,0.0,0.0,0.0
3,43,2wikimqa,Multi QA,186,7022cbda00a72169cc470d7879da58fc0673ff175aa1f19f,7764,4-8k,100.0,100.0,0.0
3,43,2wikimqa,Multi QA,207,3a4153b2cd645e567d268c92fc153be937caefb93ac238df,8135,8k+,0.0,0.0,0.0
3,43,2wikimqa,Multi QA,245,4ced3912f614aca56f95eb0431c22e53c24c05717bf75f62,10959,8k+,0.0,0.0,0.0
3,43,2wikimqa,Multi QA,261,e367499fba5b229051bc79021a1ad30bbd066b1f89c277f6,8053,8k+,100.0,100.0,0.0
3,43,2wikimqa,Multi QA,264,3809f116856e090121b8d2d54cb0416076a8916013f06997,10696,8k+,0.0,0.0,0.0
3,43,2wikimqa,Multi QA,265,ee5c0b8fe31f40bbf2579439858229041ea769a46d82f49b,8703,8k+,100.0,0.0,-100.0
3,43,gov_report,Summarization,54,a3a11ee5de13be1f6ab405e8e1b29f2cd07929fe9112561a,3679,0-4k,30.31496019409914,26.01941703346216,-4.295543160636978
3,43,gov_report,Summarization,56,a52b972a6051b61f61eefad3a6358e3f4f89c1a6872dd5a9,2999,0-4k,32.258064092845466,36.20309006328183,3.9450259704363617
3,43,gov_report,Summarization,57,5a1f14be3b3a06a0573d307579eda8216fb13f3e418abe97,2790,0-4k,38.349514101387975,41.62436503835451,3.274850936966537
3,43,gov_report,Summarization,73,13416da54e1ad4f7681a4e30e66a3973ed3f812bf2af6f7a,1799,0-4k,35.17915259459517,37.10691774025949,1.927765145664317
3,43,gov_report,Summarization,76,cd96d8a3dbb09bac127d9aa3bb5c62856940380d8722160e,2961,0-4k,27.53246703255187,25.21008353788575,-2.32238349466612
3,43,gov_report,Summarization,112,357977aac62ac12b4958584d44cddcdeeb3c3b2835ed1358,7426,4-8k,26.291079374198244,27.232142397959187,0.9410630237609432
3,43,gov_report,Summarization,144,24581c7640a62446ef310e19c657fde28f428e2cdde9927c,4743,4-8k,30.444964455177185,37.744034253932554,7.299069798755369
3,43,gov_report,Summarization,175,925cc92d4d68438d5beff9441c206f98fbf1adf8c3a2319c,4349,4-8k,35.79418297602211,40.28102999202541,4.486847016003303
3,43,gov_report,Summarization,182,380b8a11402167f3806aee3eca9dbd8feae82a13a1e009d8,5455,4-8k,38.308457251652186,38.118811419615724,-0.18964583203646157
3,43,gov_report,Summarization,194,1345903bbe6b1a4bc816f5b2431912f0377f2e1c188ad933,6790,4-8k,32.59668461109246,32.86908031067419,0.27239569958172893
3,43,gov_report,Summarization,208,3cd2e850cddd4722470f29c62dd23ec7e5740d89575b4128,8253,8k+,28.693789723351475,37.68115897723424,8.987369253882765
3,43,gov_report,Summarization,238,931127a19bd12e3e1831db946f7f0d3f6a8e8a2760708c03,10555,8k+,31.309903661117293,31.707316575847717,0.39741291473042395
3,43,gov_report,Summarization,239,95108834ba59cae5c2f46634c3785c3aefe9fdd1d8656b9e,8737,8k+,39.373601327567826,38.900633770499134,-0.4729675570686922
3,43,gov_report,Summarization,287,7bb19ba82bff13f027337b76e32661a2028a80f224f1d7b9,10552,8k+,34.28571386901291,34.833659052546516,0.5479451835336064
3,43,gov_report,Summarization,296,2d74ce64491ea67c0b42a06ef439cd49bc7da7f9768661a4,22560,8k+,33.580246439945135,33.653845673273395,0.07359923332825957
3,43,multi_news,Summarization,0,3cfe6d5139ea2e17d17b9c8d040c015c3db4936578091cf6,951,0-4k,24.86486436860483,24.697336062098046,-0.16752830650678519
3,43,multi_news,Summarization,31,b723a6f6b48314b21c4142104e17776b8d24371546fd842e,1804,0-4k,32.23880548362665,35.60830811964533,3.36950263601868
3,43,multi_news,Summarization,88,129345ac116bd3d12d86321b7bb7d8ec257ec2d4ee951b79,695,0-4k,24.427480425470552,27.160493372904288,2.7330129474337355
3,43,multi_news,Summarization,90,b284f77807027c80d9052f3116a5f1945a921b333262a44f,1375,0-4k,25.495750209984834,24.64985944511139,-0.8458907648734453
3,43,multi_news,Summarization,97,9b05a23597d81978bb62a7d42cf8a829ab8c00dbd9936af1,836,0-4k,31.72804482581516,30.727762304051854,-1.0002825217633067
3,43,multi_news,Summarization,100,a7679b6195dde9c6472dfcb5a9b0f7301010ad575d82f481,5411,4-8k,22.222221729044417,20.551377970992654,-1.6708437580517632
3,43,multi_news,Summarization,101,e8ae3a32f6723be9e54aa66700703b5010e6a24337e6387c,5553,4-8k,28.33787417413449,26.43678111718854,-1.9010930569459497
3,43,multi_news,Summarization,107,a0eda52afcd3721a2791dacaee59ff9d0b57b2f89744e190,4795,4-8k,19.7402592414775,20.20201970488982,0.4617604634123218
3,43,multi_news,Summarization,140,22c4f915fbec56cff0c26b9814a2e8ef79640588ac70d521,6253,4-8k,23.650385104116424,21.531099981044402,-2.1192851230720215
3,43,multi_news,Summarization,196,29930ff7fc60809fcb40fa0d8fc2415ba9d1dc6435cdea4f,7740,4-8k,13.262598984359297,16.172506251189706,2.909907266830409
3,43,multi_news,Summarization,213,3b3c748f3eb38ad864d61971e37e3a353350c67bbf60705f,8992,8k+,19.77401082011875,20.385674456025324,0.6116636359065737
3,43,multi_news,Summarization,215,4d2e3653c3c14982a2a316fdec16de82af22d4e610f04842,9464,8k+,10.101009668355855,13.333332879451318,3.232323211095462
3,43,multi_news,Summarization,221,4f5bef9de35675cccb7f0ab2422f5766b9f8a0c6fb983678,10507,8k+,24.33089974930294,23.039215191572964,-1.291684557729976
3,43,multi_news,Summarization,231,c44cd4b3d05e349d96d0107750992323e358891d05732948,8571,8k+,16.783216299324625,18.138424333787135,1.3552080344625104
3,43,multi_news,Summarization,253,928d14dff96c5f6c99a1f9d845d00c2642bc704d7434506e,10683,8k+,19.489558681531662,20.215053268123498,0.7254945865918359
3,43,trec,Few-shot,49,7dfc677d5d152f68d56844b67c26eae5ade79afb3e99f801,3725,0-4k,0.0,0.0,0.0
3,43,trec,Few-shot,50,6920dc5ab1fc7c4eb0768f2ac5ba7f65fa1ad44168b31380,1870,0-4k,100.0,100.0,0.0
3,43,trec,Few-shot,67,68092da2a4729b3ceec74cdbeee8f882103816527070990f,3432,0-4k,100.0,100.0,0.0
3,43,trec,Few-shot,74,2b2f0ca1e20f6ff8114ae89d62d0f7d510a6d50aac79de79,3083,0-4k,100.0,100.0,0.0
3,43,trec,Few-shot,98,f6928484791855eaafa05bf0e14fda717f1326cd4a5b954d,1764,0-4k,100.0,100.0,0.0
3,43,trec,Few-shot,144,d48bdadde67f73518786f0df7a1f2e79d58b6615ce9985b6,6553,4-8k,100.0,100.0,0.0
3,43,trec,Few-shot,151,6e70bede9da423c098179dd992a1c019ce1810d9a1a7767b,5424,4-8k,0.0,0.0,0.0
3,43,trec,Few-shot,167,4a318078c552864ccd4dbc99ac5b3c21c509258d4bffd94d,7299,4-8k,0.0,0.0,0.0
3,43,trec,Few-shot,176,9675fef9b4fe163692b249c040670706b17cd5d1bb99dbae,7085,4-8k,100.0,100.0,0.0
3,43,trec,Few-shot,197,50456a7c27c94c95d96ef4d681ba513cda242b95dc75f3a1,4038,4-8k,100.0,100.0,0.0
3,43,trec,Few-shot,204,ae4cc6dd54de82c93ecd6c6d139386e206f44c5cc61c802c,11578,8k+,100.0,0.0,-100.0
3,43,trec,Few-shot,206,9de729a8f3f2817e417b4ac0ea3812d988fed35c66e225be,9264,8k+,100.0,100.0,0.0
3,43,trec,Few-shot,241,d395acf86c300e844f6c49160568b1d1fadc04bd53a0b362,11531,8k+,100.0,100.0,0.0
3,43,trec,Few-shot,267,1bf27d1e48e7006f3b7f382cf3e91427cef1a74623a09816,8357,8k+,100.0,100.0,0.0
3,43,trec,Few-shot,270,5e58ff1515261ae7ed493f212c894749dd03c8bcadac517e,11040,8k+,100.0,100.0,0.0
3,43,triviaqa,Few-shot,25,37a77de08c5dc62fc4b4d08ab6066e178e82d32387ce084f,3179,0-4k,100.0,100.0,0.0
3,43,triviaqa,Few-shot,49,2dfb8c6ad47144c07050d7707ba7bd71896c09947f5c9e49,1546,0-4k,100.0,100.0,0.0
3,43,triviaqa,Few-shot,60,108c5fba3e6f442ee6e0a2e9495934a7e1ac483c1f4fadc2,1438,0-4k,100.0,100.0,0.0
3,43,triviaqa,Few-shot,61,35d5132c126a2bef8991410216b5980a9c20273a9ff1ab1a,3872,0-4k,100.0,100.0,0.0
3,43,triviaqa,Few-shot,80,6e69d198ca0848e40be166b102d12edc3120a04b0f5da0c0,3453,0-4k,100.0,100.0,0.0
3,43,triviaqa,Few-shot,108,8ab0169f638e98dc69b9bf89237c12a1fee1e417b2ae802c,6085,4-8k,100.0,100.0,0.0
3,43,triviaqa,Few-shot,147,9018807f19ee02d865950c595bf1a259de22640430bc74ed,6427,4-8k,100.0,100.0,0.0
3,43,triviaqa,Few-shot,163,ddff3655b6d29132f991bc6f4f6552c2e252f0ffac1bafba,6011,4-8k,100.0,100.0,0.0
3,43,triviaqa,Few-shot,171,6c3854fc6c64a01c1c738ed10b29b0065a39f1b4173eb3a0,5925,4-8k,33.333333333333336,33.333333333333336,0.0
3,43,triviaqa,Few-shot,192,8dd7e008bda0f1085ad933907ff73985a4d50c50d6578815,4185,4-8k,100.0,100.0,0.0
3,43,triviaqa,Few-shot,206,b76cc838bf517e13bdf35517a991e7dadab853cdbf3951d2,10091,8k+,100.0,66.66666666666666,-33.33333333333334
3,43,triviaqa,Few-shot,226,a14acc130b6f9fafa9fad828a40751edad4d1a283ffcac30,8033,8k+,100.0,100.0,0.0
3,43,triviaqa,Few-shot,248,1be41635f109463aad4ac2d71b524edcbdeabced54a0cdc3,12438,8k+,100.0,100.0,0.0
3,43,triviaqa,Few-shot,258,c5e835c6d30d0278c1832351580689ffdd46d71bda1bbdfd,14026,8k+,100.0,100.0,0.0
3,43,triviaqa,Few-shot,290,ee606dca7a956b661e19b36859b1916cd0f1cfbef4352380,9846,8k+,85.71428571428571,85.71428571428571,0.0
3,43,samsum,Few-shot,19,0bf52d18ccff2e111ad516892321685343c9dac7140bdef0,3439,0-4k,53.06122399000418,50.980391657054994,-2.0808323329491856
3,43,samsum,Few-shot,21,40232983571b8ce83adcb03ef9ef55c99dc4a019a368f310,2053,0-4k,73.17073121475315,54.545454046487606,-18.62527716826554
3,43,samsum,Few-shot,31,018c19631933484203fb50ea1c66e51f3d6e3b1ce9420578,2337,0-4k,35.714285278061226,43.902438527067225,8.188153249006
3,43,samsum,Few-shot,65,2b739f373d44d8f8925d26449fd0eb1a32d67e167d29b257,3318,0-4k,79.99999950080002,76.92307642603551,-3.076923074764508
3,43,samsum,Few-shot,89,982a8057dcf8707ee1d1f2d3bcb3f295bb2751a1eca7dbcd,2784,0-4k,34.78260820415879,46.153845680473374,11.371237476314583
3,43,samsum,Few-shot,143,cf9464373a128bf26c8d2778f9e4a37c5a15dbed12ad01ae,7046,4-8k,66.6666661688889,41.666666222222226,-24.99999994666667
3,43,samsum,Few-shot,151,b7ae56266199a707fdf23df4b8db02a7f80f40c5fa92a349,6091,4-8k,33.33333283333334,28.12499951220704,-5.208333321126297
3,43,samsum,Few-shot,154,fa2c3e8009a275c4b1263f41043d94b748ddba1755dc2c20,4428,4-8k,82.75862019500595,79.9999995088889,-2.758620686117041
3,43,samsum,Few-shot,190,c4199640b2f017d470c8f1a2e2b91ad294bf054a4b91c93c,5696,4-8k,32.558139037317474,27.272726776859507,-5.285412260457967
3,43,samsum,Few-shot,194,4de277f16be3a9e4bd9a7e59f75599ebca199a86b015958c,4234,4-8k,16.216215745799868,33.3333328888889,17.11711714308903
3,43,samsum,Few-shot,215,04964a5fefa4ee8e434769f3a928c8b72d7ed3aeb182ed46,8363,8k+,24.999999695312503,21.052631146814413,-3.9473685484980905
3,43,samsum,Few-shot,220,0c5ef0430cfb35865d7a7089d0680dffca5c6fc47617d4d1,9891,8k+,64.51612854526535,63.41463365377752,-1.1014948914878246
3,43,samsum,Few-shot,228,b2511670a4ccc1403baa33711fe2dbd5892eababde2e39ee,12403,8k+,57.142856642857154,71.42857092857143,14.285714285714278
3,43,samsum,Few-shot,257,1893a577539617a31f49735422c235b4db2b8e84f3d7c3c3,10584,8k+,68.96551674197384,68.96551674197384,0.0
3,43,samsum,Few-shot,283,7af7246701130f0eb2a76bd4b15664820e989acefe181a5e,10072,8k+,44.999999505,30.76923027218935,-14.230769232810648
3,43,passage_count,Synthetic,22,288f4e37f101d146d77c62f996e4e9570b2771c27bc81979,2375,0-4k,0.0,12.5,12.5
3,43,passage_count,Synthetic,36,935778f03f2632c87b080ee9b2f452ea83fbbfb5c77332a2,1851,0-4k,0.0,0.0,0.0
3,43,passage_count,Synthetic,55,b5632108341c1ca7995b00fe559e6281d6076c327973356f,2124,0-4k,0.0,0.0,0.0
3,43,passage_count,Synthetic,69,f1405e58115865757f93e3e1aba86e546d594fb7bc99f26c,2383,0-4k,100.0,100.0,0.0
3,43,passage_count,Synthetic,79,cab713d4812f7c19a4e2fa511895ac02eff30509bb174327,2725,0-4k,0.0,0.0,0.0
3,43,passage_count,Synthetic,103,90a34e79c780c2df4d2dad95609a596c6098240e94842bf6,7562,4-8k,0.0,0.0,0.0
3,43,passage_count,Synthetic,119,9512ca779f519aebfa07a9f90ce689daa359a4bde1151349,4295,4-8k,0.0,0.0,0.0
3,43,passage_count,Synthetic,155,741cb2c3e808fe3dce2bf119bb0a580b5f5c4aa50202d55f,5469,4-8k,0.0,0.0,0.0
3,43,passage_count,Synthetic,168,f585832d9c78624dd328e1ad307cb6a6a33f3ef90f350c42,6770,4-8k,0.0,0.0,0.0
3,43,passage_count,Synthetic,195,965c084901ab3e093e057dfe806affec32c1d9014ceb9552,5715,4-8k,0.0,0.0,0.0
3,43,passage_count,Synthetic,214,8ea4a507b131b2f8770360c9568652bad67e1411207d48ab,14537,8k+,0.0,0.0,0.0
3,43,passage_count,Synthetic,221,6cd9e99b1214827e24c3b0d2fbacadb7f2d0e47c75783162,8606,8k+,100.0,100.0,0.0
3,43,passage_count,Synthetic,248,9257294f738fd5ccbed674b18aa2f4ab0301d77e4e3d8290,8152,8k+,0.0,0.0,0.0
3,43,passage_count,Synthetic,257,8041f459bf8570173d461b909735356d06ff64d510806517,8691,8k+,0.0,0.0,0.0
3,43,passage_count,Synthetic,267,e1ae4a4f72237062a4fb609d1b8699981447754d4dad536a,9017,8k+,0.0,0.0,0.0
3,43,passage_retrieval_en,Synthetic,0,f363b5cfe63d7095514d7273aaa2e31dbfa73f10a71fd7d8,3446,0-4k,100.0,100.0,0.0
3,43,passage_retrieval_en,Synthetic,3,707ae2fed6a206720c3afb70facc02c376eeca4fd6859740,3428,0-4k,100.0,100.0,0.0
3,43,passage_retrieval_en,Synthetic,8,83f6186ca8e6173b7466b5dd60738f6810d9b900642e6476,3711,0-4k,100.0,100.0,0.0
3,43,passage_retrieval_en,Synthetic,50,31426afc717058adc13fce3a7307c5bdad89bc5be71735b1,3535,0-4k,100.0,100.0,0.0
3,43,passage_retrieval_en,Synthetic,78,a83340ad80a9e187029262c34b831c17116cf743c30a2d26,3686,0-4k,100.0,100.0,0.0
3,43,passage_retrieval_en,Synthetic,110,de23e2b1d2dd91ee82fbc68d8a5a15aca03f8c6afccc5c91,6093,4-8k,100.0,100.0,0.0
3,43,passage_retrieval_en,Synthetic,142,33299d35937a468625623f198d3b800951cf021f2761ea45,7054,4-8k,100.0,100.0,0.0
3,43,passage_retrieval_en,Synthetic,169,6643e514e454e85491bbdac3a52955ef916568e019cb3a98,4166,4-8k,100.0,100.0,0.0
3,43,passage_retrieval_en,Synthetic,184,20abfe1e2d178e67c2a8a9871e735df4b419e063c491937a,4943,4-8k,100.0,100.0,0.0
3,43,passage_retrieval_en,Synthetic,194,25acb3749765e2827ffb105da857a646a2e19952abe53cde,4480,4-8k,100.0,100.0,0.0
3,43,passage_retrieval_en,Synthetic,220,62419a34c63e8b5c583352a1aa5e43cc881f7546c5c5f442,8185,8k+,0.0,100.0,100.0
3,43,passage_retrieval_en,Synthetic,239,763cf6ac464e16d4f5d61b69b685a6771fef3cfbe5fc326d,8723,8k+,100.0,100.0,0.0
3,43,passage_retrieval_en,Synthetic,281,d33bbbcd5871126b551f3307f79c353bf30ec0f18fa96cb7,8192,8k+,100.0,100.0,0.0
3,43,passage_retrieval_en,Synthetic,285,2dca86e4858483b4b2dde86f486bb055c47e4921ca331621,8539,8k+,100.0,100.0,0.0
3,43,passage_retrieval_en,Synthetic,293,9f0af99cc14eda16266159a1a5505c0664c7bdeb6b34a34d,9125,8k+,100.0,100.0,0.0
3,43,lcc,Code,42,94f103d8d6177a4ab0d0ed90f9dbd86d375978f8e3f81181,386,0-4k,61.0,64.0,3.0
3,43,lcc,Code,63,aab6e3b1dcab2261ae6d783a39b356522fa6e32c6b4b0579,648,0-4k,100.0,100.0,0.0
3,43,lcc,Code,73,50511e2d36d05cdb890a54b72403a62d4a131cdfd6350426,833,0-4k,92.0,81.0,-11.0
3,43,lcc,Code,97,b1a3b5f96b79841d13ee9fa68ce3fa8ff64333803d491dd6,1411,0-4k,100.0,100.0,0.0
3,43,lcc,Code,98,50c8a624b72c93ccf1b9dc94cc56cefefc09ed423276260c,826,0-4k,25.0,25.0,0.0
3,43,lcc,Code,105,e34212aa3077645a24fe01119b2d8f3d6d7e068bc2300179,6878,4-8k,99.0,40.0,-59.0
3,43,lcc,Code,111,6c7fc0dfbb754f9bc08f08a9190c83e8e7012dfd598e020a,4005,4-8k,96.0,100.0,4.0
3,43,lcc,Code,116,64bac47b1e1bb0e0c8c9689439872cd09890eb9060b9d0cb,4434,4-8k,83.0,77.0,-6.0
3,43,lcc,Code,153,a5259ab50b36a4e831982b6a99431c696ecaced8866bf553,5413,4-8k,100.0,100.0,0.0
3,43,lcc,Code,166,2197048d64edac7618fb8a6df59fb407b0a27af2a7c74a9a,4125,4-8k,100.0,100.0,0.0
3,43,lcc,Code,235,7c4c9949f60f4f327a48f2671410466485a03f060befc851,9452,8k+,100.0,100.0,0.0
3,43,lcc,Code,253,510fda46c7dd55d3196a9e71e2f528e1627ff2d61c2ef425,9425,8k+,28.999999999999996,39.0,10.000000000000004
3,43,lcc,Code,261,f08a124a114577d3ad44ab0eb8109ad143afa1725e636790,20316,8k+,60.0,60.0,0.0
3,43,lcc,Code,272,8b7ce360028e8b36fb6f5ee805af7d92897c3d743f66e101,11381,8k+,99.0,99.0,0.0
3,43,lcc,Code,279,2666edb375a0bdb0c84b3a8c808c36f7ada53856d1793385,8731,8k+,41.0,41.0,0.0
3,43,repobench-p,Code,1,4d2668d05f3f636a1bb6b0389a03b382f3f3e06b19dec51d,2012,0-4k,35.0,43.0,8.0
3,43,repobench-p,Code,5,baa8de84ab065678542bc7eba856ad8688646323f9d230bd,2526,0-4k,78.0,78.0,0.0
3,43,repobench-p,Code,28,10293155fe04c32cb8085fd71357b5f0ca2693104e6232aa,3533,0-4k,25.0,21.0,-4.0
3,43,repobench-p,Code,65,56c45bfed224c26bb617b8089df613586ae55fa518b1a991,2605,0-4k,96.0,42.0,-54.0
3,43,repobench-p,Code,96,4ff1104206a9b1f6a1cb7d9678a99f21614ecc8091c224c4,2012,0-4k,100.0,100.0,0.0
3,43,repobench-p,Code,126,6be916e353b46483c181ef52e63b82a1b30edf08ded51e81,5932,4-8k,100.0,100.0,0.0
3,43,repobench-p,Code,135,25e27a4553ca2c4de07c1adc6668d82e9973eeb747409030,4307,4-8k,21.0,28.000000000000004,7.0000000000000036
3,43,repobench-p,Code,160,c5b3c8bd713b960704e3fe39f8f59a429f3f8b431eab3ca8,4364,4-8k,25.0,35.0,10.0
3,43,repobench-p,Code,172,3cd8fefa66ffe61edf15dd8ce125f6e4933fb96d398da6b5,7126,4-8k,74.0,67.0,-7.0
3,43,repobench-p,Code,193,4518bfc339e5258b92b49b1eb715e0fb08e7ee42c084945a,4061,4-8k,84.0,70.0,-14.0
3,43,repobench-p,Code,204,ace65979c3c0ae8afbc6363afc51e185369db91ce49614eb,12028,8k+,95.0,95.0,0.0
3,43,repobench-p,Code,252,5829ad887bad026190dbd3ef02f586b05826e8ec720bbc47,8881,8k+,100.0,100.0,0.0
3,43,repobench-p,Code,253,b2acea6b02472a0a56410ca98ebc6dd1cdbf06755ca7e0d1,9203,8k+,86.0,46.0,-40.0
3,43,repobench-p,Code,276,3f7ee1f4f34a645dbe506c2cefdd92884333284e3a2946a8,10553,8k+,51.0,92.0,41.0
3,43,repobench-p,Code,291,01f7b97f4816935c226b88e63484f4f48a98b76054d3cf45,9175,8k+,34.0,51.0,17.0
4,17,qasper,Single QA,7,1bd9a082bd7b5ab6c152dbda3db38c0c3bc92cddf82383a3,2720,0-4k,96.00000000000001,81.81818181818183,-14.181818181818187
4,17,qasper,Single QA,51,d95b33cbe3496fb98638b3c3b1a956847b6472aa8d18a5cc,2393,0-4k,100.0,100.0,0.0
4,17,qasper,Single QA,54,b959a2ca0687fbe1c4f11a6fda00eb9341525f1502c9afc6,3566,0-4k,66.66666666666666,100.0,33.33333333333334
4,17,qasper,Single QA,75,b1fdb80cd96f455762f4f3be78a4932e7ae5edb2802d9e5c,3244,0-4k,100.0,100.0,0.0
4,17,qasper,Single QA,99,d9c7574b1ed1ebd6eb755e6bbeee3513c9c912771059348c,2533,0-4k,0.0,0.0,0.0
4,17,qasper,Single QA,114,e28df0e3283943b1e011e1dba7a231e35269588b73697ca4,7837,4-8k,0.0,100.0,100.0
4,17,qasper,Single QA,140,755daa298cdf770c8ed19ddf39270f07e077d88a82aaa0dc,4263,4-8k,10.526315789473681,7.407407407407408,-3.118908382066273
4,17,qasper,Single QA,144,0225501ce54ac2c95a557a5691a4322482af24748391e6e9,4104,4-8k,65.0,65.0,0.0
4,17,qasper,Single QA,145,34c5eb16ccc55869a263dfda28d028267e29ee243880c9d5,5136,4-8k,43.74999999999999,50.0,6.250000000000007
4,17,qasper,Single QA,159,d5e92fcef6747ba1518ae7d8a46ad274b585425b2c889d5b,4738,4-8k,55.55555555555556,58.82352941176471,3.267973856209153
4,17,qasper,Single QA,209,074b526f101518a8f5c810fed1e28f757dacb7805b161e22,14472,8k+,25.0,62.5,37.5
4,17,qasper,Single QA,212,21fc5caf7a80aa10b3d9e86ca96d466edb09ae8961c22c85,12952,8k+,100.0,100.0,0.0
4,17,qasper,Single QA,217,3a92f5b9ebedea5d5efd1f4af956b59b4e0ae6ee33db136f,8555,8k+,8.333333333333332,8.333333333333332,0.0
4,17,qasper,Single QA,221,1bb7cd04a893fe2a5497bdf7d0dcb064da2ef56144b44bdd,14722,8k+,22.0,15.841584158415841,-6.158415841584159
4,17,qasper,Single QA,223,6fd8cd7777d0b6f36ccdfc044d9b5056e519fd11feb2a750,14660,8k+,89.65517241379311,92.85714285714286,3.201970443349751
4,17,multifieldqa_en,Single QA,11,94ccf4d54b36e7e9d4aa594a7bc426528630a5b8aff296a4,3422,0-4k,100.0,100.0,0.0
4,17,multifieldqa_en,Single QA,38,235a5c99cd7fae9e2b410ad99c1b1fafea43799d3f1138a8,1810,0-4k,46.15384615384615,46.15384615384615,0.0
4,17,multifieldqa_en,Single QA,44,ec016e90ac78727f3c4aa176db472724bda53c07cb8cb696,682,0-4k,12.5,12.5,0.0
4,17,multifieldqa_en,Single QA,45,4c9131da4fb2a9dbc8dadce39d20bdc302a092b5740c414a,1860,0-4k,0.0,22.22222222222222,22.22222222222222
4,17,multifieldqa_en,Single QA,53,6caa98612cf0e2ddf58e1ba70daaf79a3ac616280fb48188,2947,0-4k,6.0606060606060606,0.0,-6.0606060606060606
4,17,multifieldqa_en,Single QA,89,566881d2138d7e29cd6dd2b661b6f7ffe4c515c92fdaf837,5523,4-8k,10.0,10.0,0.0
4,17,multifieldqa_en,Single QA,90,d427e3ab7584a0e253bfb6a9d76626b726c79b57d5e39f2a,6102,4-8k,26.923076923076927,50.0,23.076923076923073
4,17,multifieldqa_en,Single QA,119,f9b9a553107eed5b994a9aaf07e8ccac487feaa8ff108ec6,5917,4-8k,14.285714285714288,13.793103448275861,-0.49261083743842704
4,17,multifieldqa_en,Single QA,129,df53ff06fbc99dbae6bfe13a946420321d4542480eeb56f3,6101,4-8k,76.1904761904762,76.1904761904762,0.0
4,17,multifieldqa_en,Single QA,134,c60792f391b389a1c44b0a8f62f4a792d9ed82286b1b7f95,6706,4-8k,36.84210526315789,37.83783783783783,0.9957325746799413
4,17,multifieldqa_en,Single QA,137,a9f124fabc341d61e359af8e8badf79dd63a97896c28842e,9607,8k+,29.50819672131148,54.054054054054056,24.545857332742575
4,17,multifieldqa_en,Single QA,138,bda4a6b251a601b7f7f956f298b59d8e99993845c1eaf7d6,8281,8k+,70.58823529411764,77.77777777777779,7.189542483660148
4,17,multifieldqa_en,Single QA,141,110688fd7522324ef26cbf3ec4f4b7ab29aa0b687aa1ade5,8366,8k+,40.816326530612244,40.816326530612244,0.0
4,17,multifieldqa_en,Single QA,144,46a2207a7a3f6d98effa73491cf83b63f92e29e0023c6e52,9437,8k+,72.72727272727273,72.72727272727273,0.0
4,17,multifieldqa_en,Single QA,147,25d54c0a145838996b56def82126f35b3fabe3e100d10fc0,10003,8k+,10.169491525423728,10.169491525423728,0.0
4,17,hotpotqa,Multi QA,0,1dae9ec530a93f43f85bd215a5c0e6737dbcf226cd3541d8,3745,0-4k,0.0,66.66666666666666,66.66666666666666
4,17,hotpotqa,Multi QA,31,f349d7bdea5f38b858c69ddae4698a287f9d201869c14919,1541,0-4k,100.0,0.0,-100.0
4,17,hotpotqa,Multi QA,61,406311f7ab0d87c7aa2a4886827e640bc0848e8206f816c2,2519,0-4k,66.66666666666666,66.66666666666666,0.0
4,17,hotpotqa,Multi QA,73,8333f3e9e6703387546f30d78b61e07f326a7ea0aecdf557,2202,0-4k,0.0,0.0,0.0
4,17,hotpotqa,Multi QA,96,ad3b0ce8a9aaed70ba9db2fdae6d812ae61d39b7cb409376,3730,0-4k,100.0,100.0,0.0
4,17,hotpotqa,Multi QA,102,515a5cbf646c2891fde47be6b8fa3442571938d8dac8827a,6860,4-8k,100.0,100.0,0.0
4,17,hotpotqa,Multi QA,118,4beefe473acde45f1accb31e6f45cff16e0a8b47eefd032e,5913,4-8k,74.99999999999999,74.99999999999999,0.0
4,17,hotpotqa,Multi QA,126,a96ab885a132aad0f22735dad044516f01929c6be656b11a,7110,4-8k,0.0,0.0,0.0
4,17,hotpotqa,Multi QA,169,c18c76f9efb43dc4d15ce54891af6a60178be55f1eec2656,7002,4-8k,80.0,80.0,0.0
4,17,hotpotqa,Multi QA,173,74f2fce3240dd7e91f9522b9cbb9e10f43f16fdb0c22e7fa,6333,4-8k,40.0,40.0,0.0
4,17,hotpotqa,Multi QA,213,ce41e73398410371a755f618a953a68b14f75b8f2e8a62cc,11543,8k+,25.0,28.571428571428577,3.5714285714285765
4,17,hotpotqa,Multi QA,217,7cdceb45cfb9439bd41148788e5cf2f0e8a5cb99a0e09729,9019,8k+,100.0,100.0,0.0
4,17,hotpotqa,Multi QA,222,82a1a48996ef392d6abe74ea1d2b0a807c0f4d859c4026ac,9314,8k+,0.0,0.0,0.0
4,17,hotpotqa,Multi QA,227,192e872cf190ea4e64fd401a32a3ea0426dc488afe3702ad,10290,8k+,0.0,0.0,0.0
4,17,hotpotqa,Multi QA,242,ecde9842060b9101fa9edceed35332413b01be43d4940652,11497,8k+,0.0,0.0,0.0
4,17,2wikimqa,Multi QA,21,0bc3341fffaad3e92d14d64b539df741528ef4e2b76e9632,1529,0-4k,0.0,42.10526315789474,42.10526315789474
4,17,2wikimqa,Multi QA,60,37eb33998e8bd7ffe40969ac3161ad695983fcf651dac639,2859,0-4k,0.0,100.0,100.0
4,17,2wikimqa,Multi QA,65,d7159102f8034cb0ad4834df59b0734f052a63c3a1d0f0bb,3621,0-4k,0.0,100.0,100.0
4,17,2wikimqa,Multi QA,80,9a74e9b9111e3d13efa2b9b43c522354f7d5f3dae6ca5e96,2753,0-4k,100.0,100.0,0.0
4,17,2wikimqa,Multi QA,89,f479830ec67206a7edd48ae2ac6f8fc1f639da89caf1a0d2,1405,0-4k,100.0,0.0,-100.0
4,17,2wikimqa,Multi QA,129,d64ce42f72497e502a412d395566e55a3793d05b35004cb4,6417,4-8k,100.0,0.0,-100.0
4,17,2wikimqa,Multi QA,130,fe284936ae55063527821e9ee610ae67958789167aa4ba1a,5421,4-8k,100.0,100.0,0.0
4,17,2wikimqa,Multi QA,131,d524ca109e5ac6284dec16931f2403ef7859225cfde19e9e,5848,4-8k,0.0,0.0,0.0
4,17,2wikimqa,Multi QA,162,78877dc3800b31f7831cf2f941219ee29493e35b53b059a1,4421,4-8k,0.0,0.0,0.0
4,17,2wikimqa,Multi QA,186,7022cbda00a72169cc470d7879da58fc0673ff175aa1f19f,7764,4-8k,100.0,100.0,0.0
4,17,2wikimqa,Multi QA,207,3a4153b2cd645e567d268c92fc153be937caefb93ac238df,8135,8k+,0.0,0.0,0.0
4,17,2wikimqa,Multi QA,245,4ced3912f614aca56f95eb0431c22e53c24c05717bf75f62,10959,8k+,0.0,0.0,0.0
4,17,2wikimqa,Multi QA,261,e367499fba5b229051bc79021a1ad30bbd066b1f89c277f6,8053,8k+,100.0,100.0,0.0
4,17,2wikimqa,Multi QA,264,3809f116856e090121b8d2d54cb0416076a8916013f06997,10696,8k+,0.0,0.0,0.0
4,17,2wikimqa,Multi QA,265,ee5c0b8fe31f40bbf2579439858229041ea769a46d82f49b,8703,8k+,0.0,0.0,0.0
4,17,gov_report,Summarization,54,a3a11ee5de13be1f6ab405e8e1b29f2cd07929fe9112561a,3679,0-4k,28.853754506827165,30.223880138289434,1.370125631462269
4,17,gov_report,Summarization,56,a52b972a6051b61f61eefad3a6358e3f4f89c1a6872dd5a9,2999,0-4k,36.36363591087124,32.43243199736223,-3.931203913509009
4,17,gov_report,Summarization,57,5a1f14be3b3a06a0573d307579eda8216fb13f3e418abe97,2790,0-4k,39.5180718249267,38.16425074432309,-1.353821080603609
4,17,gov_report,Summarization,73,13416da54e1ad4f7681a4e30e66a3973ed3f812bf2af6f7a,1799,0-4k,42.77456598207424,40.35087669982217,-2.42368928225207
4,17,gov_report,Summarization,76,cd96d8a3dbb09bac127d9aa3bb5c62856940380d8722160e,2961,0-4k,28.732393871057333,30.054644310893135,1.322250439835802
4,17,gov_report,Summarization,112,357977aac62ac12b4958584d44cddcdeeb3c3b2835ed1358,7426,4-8k,30.666666205866672,34.63203416247822,3.965367956611548
4,17,gov_report,Summarization,144,24581c7640a62446ef310e19c657fde28f428e2cdde9927c,4743,4-8k,33.03167377366352,38.68131823350804,5.649644459844517
4,17,gov_report,Summarization,175,925cc92d4d68438d5beff9441c206f98fbf1adf8c3a2319c,4349,4-8k,42.27272680868801,40.36697201621286,-1.9057547924751503
4,17,gov_report,Summarization,182,380b8a11402167f3806aee3eca9dbd8feae82a13a1e009d8,5455,4-8k,32.32323186914601,35.67839150374991,3.3551596346039005
4,17,gov_report,Summarization,194,1345903bbe6b1a4bc816f5b2431912f0377f2e1c188ad933,6790,4-8k,37.368420568642655,37.43589694695596,0.06747637831330167
4,17,gov_report,Summarization,208,3cd2e850cddd4722470f29c62dd23ec7e5740d89575b4128,8253,8k+,27.64578791504369,30.196936128188312,2.5511482131446215
4,17,gov_report,Summarization,238,931127a19bd12e3e1831db946f7f0d3f6a8e8a2760708c03,10555,8k+,38.09523759533617,38.006230034258216,-0.08900756107795615
4,17,gov_report,Summarization,239,95108834ba59cae5c2f46634c3785c3aefe9fdd1d8656b9e,8737,8k+,41.723355551853395,34.112149087747845,-7.61120646410555
4,17,gov_report,Summarization,287,7bb19ba82bff13f027337b76e32661a2028a80f224f1d7b9,10552,8k+,35.12974009011917,34.319526192360215,-0.8102138977589561
4,17,gov_report,Summarization,296,2d74ce64491ea67c0b42a06ef439cd49bc7da7f9768661a4,22560,8k+,30.845770672792757,29.255318701575945,-1.5904519712168117
4,17,multi_news,Summarization,0,3cfe6d5139ea2e17d17b9c8d040c015c3db4936578091cf6,951,0-4k,23.255813454239544,21.92513319264206,-1.3306802615974824
4,17,multi_news,Summarization,31,b723a6f6b48314b21c4142104e17776b8d24371546fd842e,1804,0-4k,22.94117598615918,29.02208152573914,6.080905539579959
4,17,multi_news,Summarization,88,129345ac116bd3d12d86321b7bb7d8ec257ec2d4ee951b79,695,0-4k,25.87412539613185,24.22145281095773,-1.6526725851741197
4,17,multi_news,Summarization,90,b284f77807027c80d9052f3116a5f1945a921b333262a44f,1375,0-4k,22.159090411044044,25.945945446004394,3.7868550349603503
4,17,multi_news,Summarization,97,9b05a23597d81978bb62a7d42cf8a829ab8c00dbd9936af1,836,0-4k,29.78723354396787,33.98328640811292,4.196052864145049
4,17,multi_news,Summarization,100,a7679b6195dde9c6472dfcb5a9b0f7301010ad575d82f481,5411,4-8k,22.556390502320976,16.62337614235117,-5.933014359969807
4,17,multi_news,Summarization,101,e8ae3a32f6723be9e54aa66700703b5010e6a24337e6387c,5553,4-8k,25.789473204210534,28.191488880036218,2.402015675825684
4,17,multi_news,Summarization,107,a0eda52afcd3721a2791dacaee59ff9d0b57b2f89744e190,4795,4-8k,24.197530368834027,27.25060777850001,3.0530774096659847
4,17,multi_news,Summarization,140,22c4f915fbec56cff0c26b9814a2e8ef79640588ac70d521,6253,4-8k,20.814479145472053,21.461186721127593,0.6467075756555403
4,17,multi_news,Summarization,196,29930ff7fc60809fcb40fa0d8fc2415ba9d1dc6435cdea4f,7740,4-8k,19.499999524200014,17.04545405191117,-2.4545454722888422
4,17,multi_news,Summarization,213,3b3c748f3eb38ad864d61971e37e3a353350c67bbf60705f,8992,8k+,14.438502204052176,19.78609578693987,5.347593582887695
4,17,multi_news,Summarization,215,4d2e3653c3c14982a2a316fdec16de82af22d4e610f04842,9464,8k+,10.071941998447304,12.830188221459608,2.7582462230123035
4,17,multi_news,Summarization,221,4f5bef9de35675cccb7f0ab2422f5766b9f8a0c6fb983678,10507,8k+,24.499999503612514,24.47916616776531,-0.020833335847203927
4,17,multi_news,Summarization,231,c44cd4b3d05e349d96d0107750992323e358891d05732948,8571,8k+,20.095693292369692,18.604650679242845,-1.4910426131268473
4,17,multi_news,Summarization,253,928d14dff96c5f6c99a1f9d845d00c2642bc704d7434506e,10683,8k+,21.03004242291257,20.92050159429108,-0.1095408286214905
4,17,trec,Few-shot,49,7dfc677d5d152f68d56844b67c26eae5ade79afb3e99f801,3725,0-4k,0.0,0.0,0.0
4,17,trec,Few-shot,50,6920dc5ab1fc7c4eb0768f2ac5ba7f65fa1ad44168b31380,1870,0-4k,100.0,100.0,0.0
4,17,trec,Few-shot,67,68092da2a4729b3ceec74cdbeee8f882103816527070990f,3432,0-4k,100.0,100.0,0.0
4,17,trec,Few-shot,74,2b2f0ca1e20f6ff8114ae89d62d0f7d510a6d50aac79de79,3083,0-4k,100.0,100.0,0.0
4,17,trec,Few-shot,98,f6928484791855eaafa05bf0e14fda717f1326cd4a5b954d,1764,0-4k,100.0,100.0,0.0
4,17,trec,Few-shot,144,d48bdadde67f73518786f0df7a1f2e79d58b6615ce9985b6,6553,4-8k,100.0,100.0,0.0
4,17,trec,Few-shot,151,6e70bede9da423c098179dd992a1c019ce1810d9a1a7767b,5424,4-8k,0.0,0.0,0.0
4,17,trec,Few-shot,167,4a318078c552864ccd4dbc99ac5b3c21c509258d4bffd94d,7299,4-8k,0.0,0.0,0.0
4,17,trec,Few-shot,176,9675fef9b4fe163692b249c040670706b17cd5d1bb99dbae,7085,4-8k,100.0,100.0,0.0
4,17,trec,Few-shot,197,50456a7c27c94c95d96ef4d681ba513cda242b95dc75f3a1,4038,4-8k,100.0,100.0,0.0
4,17,trec,Few-shot,204,ae4cc6dd54de82c93ecd6c6d139386e206f44c5cc61c802c,11578,8k+,0.0,0.0,0.0
4,17,trec,Few-shot,206,9de729a8f3f2817e417b4ac0ea3812d988fed35c66e225be,9264,8k+,100.0,100.0,0.0
4,17,trec,Few-shot,241,d395acf86c300e844f6c49160568b1d1fadc04bd53a0b362,11531,8k+,100.0,100.0,0.0
4,17,trec,Few-shot,267,1bf27d1e48e7006f3b7f382cf3e91427cef1a74623a09816,8357,8k+,100.0,100.0,0.0
4,17,trec,Few-shot,270,5e58ff1515261ae7ed493f212c894749dd03c8bcadac517e,11040,8k+,100.0,100.0,0.0
4,17,triviaqa,Few-shot,25,37a77de08c5dc62fc4b4d08ab6066e178e82d32387ce084f,3179,0-4k,100.0,100.0,0.0
4,17,triviaqa,Few-shot,49,2dfb8c6ad47144c07050d7707ba7bd71896c09947f5c9e49,1546,0-4k,100.0,100.0,0.0
4,17,triviaqa,Few-shot,60,108c5fba3e6f442ee6e0a2e9495934a7e1ac483c1f4fadc2,1438,0-4k,100.0,100.0,0.0
4,17,triviaqa,Few-shot,61,35d5132c126a2bef8991410216b5980a9c20273a9ff1ab1a,3872,0-4k,100.0,100.0,0.0
4,17,triviaqa,Few-shot,80,6e69d198ca0848e40be166b102d12edc3120a04b0f5da0c0,3453,0-4k,100.0,100.0,0.0
4,17,triviaqa,Few-shot,108,8ab0169f638e98dc69b9bf89237c12a1fee1e417b2ae802c,6085,4-8k,100.0,100.0,0.0
4,17,triviaqa,Few-shot,147,9018807f19ee02d865950c595bf1a259de22640430bc74ed,6427,4-8k,100.0,100.0,0.0
4,17,triviaqa,Few-shot,163,ddff3655b6d29132f991bc6f4f6552c2e252f0ffac1bafba,6011,4-8k,100.0,100.0,0.0
4,17,triviaqa,Few-shot,171,6c3854fc6c64a01c1c738ed10b29b0065a39f1b4173eb3a0,5925,4-8k,33.333333333333336,33.333333333333336,0.0
4,17,triviaqa,Few-shot,192,8dd7e008bda0f1085ad933907ff73985a4d50c50d6578815,4185,4-8k,0.0,100.0,100.0
4,17,triviaqa,Few-shot,206,b76cc838bf517e13bdf35517a991e7dadab853cdbf3951d2,10091,8k+,100.0,100.0,0.0
4,17,triviaqa,Few-shot,226,a14acc130b6f9fafa9fad828a40751edad4d1a283ffcac30,8033,8k+,100.0,100.0,0.0
4,17,triviaqa,Few-shot,248,1be41635f109463aad4ac2d71b524edcbdeabced54a0cdc3,12438,8k+,100.0,100.0,0.0
4,17,triviaqa,Few-shot,258,c5e835c6d30d0278c1832351580689ffdd46d71bda1bbdfd,14026,8k+,100.0,100.0,0.0
4,17,triviaqa,Few-shot,290,ee606dca7a956b661e19b36859b1916cd0f1cfbef4352380,9846,8k+,100.0,100.0,0.0
4,17,samsum,Few-shot,19,0bf52d18ccff2e111ad516892321685343c9dac7140bdef0,3439,0-4k,49.99999950073965,49.99999950073965,0.0
4,17,samsum,Few-shot,21,40232983571b8ce83adcb03ef9ef55c99dc4a019a368f310,2053,0-4k,57.7777772780247,57.7777772780247,0.0
4,17,samsum,Few-shot,31,018c19631933484203fb50ea1c66e51f3d6e3b1ce9420578,2337,0-4k,39.99999950125,34.482758168846615,-5.517241332403387
4,17,samsum,Few-shot,65,2b739f373d44d8f8925d26449fd0eb1a32d67e167d29b257,3318,0-4k,79.99999950080002,79.99999950080002,0.0
4,17,samsum,Few-shot,89,982a8057dcf8707ee1d1f2d3bcb3f295bb2751a1eca7dbcd,2784,0-4k,46.66666622222223,34.78260820415879,-11.884058018063442
4,17,samsum,Few-shot,143,cf9464373a128bf26c8d2778f9e4a37c5a15dbed12ad01ae,7046,4-8k,62.4999995,62.4999995,0.0
4,17,samsum,Few-shot,151,b7ae56266199a707fdf23df4b8db02a7f80f40c5fa92a349,6091,4-8k,30.434782123818533,30.434782123818533,0.0
4,17,samsum,Few-shot,154,fa2c3e8009a275c4b1263f41043d94b748ddba1755dc2c20,4428,4-8k,82.75862019500595,75.86206847086801,-6.896551724137936
4,17,samsum,Few-shot,190,c4199640b2f017d470c8f1a2e2b91ad294bf054a4b91c93c,5696,4-8k,30.434782117202268,32.558139037317474,2.1233569201152065
4,17,samsum,Few-shot,194,4de277f16be3a9e4bd9a7e59f75599ebca199a86b015958c,4234,4-8k,34.14634101368233,34.14634101368233,0.0
4,17,samsum,Few-shot,215,04964a5fefa4ee8e434769f3a928c8b72d7ed3aeb182ed46,8363,8k+,39.99999954500001,39.99999954500001,0.0
4,17,samsum,Few-shot,220,0c5ef0430cfb35865d7a7089d0680dffca5c6fc47617d4d1,9891,8k+,38.888888388888894,38.888888388888894,0.0
4,17,samsum,Few-shot,228,b2511670a4ccc1403baa33711fe2dbd5892eababde2e39ee,12403,8k+,53.84615334911243,71.42857092857143,17.582417579459005
4,17,samsum,Few-shot,257,1893a577539617a31f49735422c235b4db2b8e84f3d7c3c3,10584,8k+,68.96551674197384,68.96551674197384,0.0
4,17,samsum,Few-shot,283,7af7246701130f0eb2a76bd4b15664820e989acefe181a5e,10072,8k+,37.83783733820307,23.529411266435996,-14.308426071767077
4,17,passage_count,Synthetic,22,288f4e37f101d146d77c62f996e4e9570b2771c27bc81979,2375,0-4k,0.0,0.0,0.0
4,17,passage_count,Synthetic,36,935778f03f2632c87b080ee9b2f452ea83fbbfb5c77332a2,1851,0-4k,0.0,0.0,0.0
4,17,passage_count,Synthetic,55,b5632108341c1ca7995b00fe559e6281d6076c327973356f,2124,0-4k,100.0,0.0,-100.0
4,17,passage_count,Synthetic,69,f1405e58115865757f93e3e1aba86e546d594fb7bc99f26c,2383,0-4k,0.0,0.0,0.0
4,17,passage_count,Synthetic,79,cab713d4812f7c19a4e2fa511895ac02eff30509bb174327,2725,0-4k,0.0,0.0,0.0
4,17,passage_count,Synthetic,103,90a34e79c780c2df4d2dad95609a596c6098240e94842bf6,7562,4-8k,0.0,0.0,0.0
4,17,passage_count,Synthetic,119,9512ca779f519aebfa07a9f90ce689daa359a4bde1151349,4295,4-8k,100.0,0.0,-100.0
4,17,passage_count,Synthetic,155,741cb2c3e808fe3dce2bf119bb0a580b5f5c4aa50202d55f,5469,4-8k,0.0,0.0,0.0
4,17,passage_count,Synthetic,168,f585832d9c78624dd328e1ad307cb6a6a33f3ef90f350c42,6770,4-8k,66.66666666666666,50.0,-16.666666666666657
4,17,passage_count,Synthetic,195,965c084901ab3e093e057dfe806affec32c1d9014ceb9552,5715,4-8k,0.0,0.0,0.0
4,17,passage_count,Synthetic,214,8ea4a507b131b2f8770360c9568652bad67e1411207d48ab,14537,8k+,100.0,0.0,-100.0
4,17,passage_count,Synthetic,221,6cd9e99b1214827e24c3b0d2fbacadb7f2d0e47c75783162,8606,8k+,100.0,50.0,-50.0
4,17,passage_count,Synthetic,248,9257294f738fd5ccbed674b18aa2f4ab0301d77e4e3d8290,8152,8k+,0.0,0.0,0.0
4,17,passage_count,Synthetic,257,8041f459bf8570173d461b909735356d06ff64d510806517,8691,8k+,0.0,0.0,0.0
4,17,passage_count,Synthetic,267,e1ae4a4f72237062a4fb609d1b8699981447754d4dad536a,9017,8k+,0.0,0.0,0.0
4,17,passage_retrieval_en,Synthetic,0,f363b5cfe63d7095514d7273aaa2e31dbfa73f10a71fd7d8,3446,0-4k,100.0,100.0,0.0
4,17,passage_retrieval_en,Synthetic,3,707ae2fed6a206720c3afb70facc02c376eeca4fd6859740,3428,0-4k,100.0,100.0,0.0
4,17,passage_retrieval_en,Synthetic,8,83f6186ca8e6173b7466b5dd60738f6810d9b900642e6476,3711,0-4k,100.0,100.0,0.0
4,17,passage_retrieval_en,Synthetic,50,31426afc717058adc13fce3a7307c5bdad89bc5be71735b1,3535,0-4k,100.0,100.0,0.0
4,17,passage_retrieval_en,Synthetic,78,a83340ad80a9e187029262c34b831c17116cf743c30a2d26,3686,0-4k,100.0,100.0,0.0
4,17,passage_retrieval_en,Synthetic,110,de23e2b1d2dd91ee82fbc68d8a5a15aca03f8c6afccc5c91,6093,4-8k,100.0,100.0,0.0
4,17,passage_retrieval_en,Synthetic,142,33299d35937a468625623f198d3b800951cf021f2761ea45,7054,4-8k,100.0,100.0,0.0
4,17,passage_retrieval_en,Synthetic,169,6643e514e454e85491bbdac3a52955ef916568e019cb3a98,4166,4-8k,100.0,100.0,0.0
4,17,passage_retrieval_en,Synthetic,184,20abfe1e2d178e67c2a8a9871e735df4b419e063c491937a,4943,4-8k,100.0,100.0,0.0
4,17,passage_retrieval_en,Synthetic,194,25acb3749765e2827ffb105da857a646a2e19952abe53cde,4480,4-8k,100.0,100.0,0.0
4,17,passage_retrieval_en,Synthetic,220,62419a34c63e8b5c583352a1aa5e43cc881f7546c5c5f442,8185,8k+,0.0,0.0,0.0
4,17,passage_retrieval_en,Synthetic,239,763cf6ac464e16d4f5d61b69b685a6771fef3cfbe5fc326d,8723,8k+,100.0,100.0,0.0
4,17,passage_retrieval_en,Synthetic,281,d33bbbcd5871126b551f3307f79c353bf30ec0f18fa96cb7,8192,8k+,100.0,100.0,0.0
4,17,passage_retrieval_en,Synthetic,285,2dca86e4858483b4b2dde86f486bb055c47e4921ca331621,8539,8k+,100.0,100.0,0.0
4,17,passage_retrieval_en,Synthetic,293,9f0af99cc14eda16266159a1a5505c0664c7bdeb6b34a34d,9125,8k+,100.0,100.0,0.0
4,17,lcc,Code,42,94f103d8d6177a4ab0d0ed90f9dbd86d375978f8e3f81181,386,0-4k,61.0,64.0,3.0
4,17,lcc,Code,63,aab6e3b1dcab2261ae6d783a39b356522fa6e32c6b4b0579,648,0-4k,100.0,100.0,0.0
4,17,lcc,Code,73,50511e2d36d05cdb890a54b72403a62d4a131cdfd6350426,833,0-4k,92.0,81.0,-11.0
4,17,lcc,Code,97,b1a3b5f96b79841d13ee9fa68ce3fa8ff64333803d491dd6,1411,0-4k,100.0,100.0,0.0
4,17,lcc,Code,98,50c8a624b72c93ccf1b9dc94cc56cefefc09ed423276260c,826,0-4k,34.0,24.0,-10.0
4,17,lcc,Code,105,e34212aa3077645a24fe01119b2d8f3d6d7e068bc2300179,6878,4-8k,40.0,99.0,59.0
4,17,lcc,Code,111,6c7fc0dfbb754f9bc08f08a9190c83e8e7012dfd598e020a,4005,4-8k,100.0,100.0,0.0
4,17,lcc,Code,116,64bac47b1e1bb0e0c8c9689439872cd09890eb9060b9d0cb,4434,4-8k,57.99999999999999,66.0,8.000000000000007
4,17,lcc,Code,153,a5259ab50b36a4e831982b6a99431c696ecaced8866bf553,5413,4-8k,100.0,100.0,0.0
4,17,lcc,Code,166,2197048d64edac7618fb8a6df59fb407b0a27af2a7c74a9a,4125,4-8k,100.0,100.0,0.0
4,17,lcc,Code,235,7c4c9949f60f4f327a48f2671410466485a03f060befc851,9452,8k+,100.0,100.0,0.0
4,17,lcc,Code,253,510fda46c7dd55d3196a9e71e2f528e1627ff2d61c2ef425,9425,8k+,28.999999999999996,28.999999999999996,0.0
4,17,lcc,Code,261,f08a124a114577d3ad44ab0eb8109ad143afa1725e636790,20316,8k+,30.0,60.0,30.0
4,17,lcc,Code,272,8b7ce360028e8b36fb6f5ee805af7d92897c3d743f66e101,11381,8k+,99.0,99.0,0.0
4,17,lcc,Code,279,2666edb375a0bdb0c84b3a8c808c36f7ada53856d1793385,8731,8k+,41.0,41.0,0.0
4,17,repobench-p,Code,1,4d2668d05f3f636a1bb6b0389a03b382f3f3e06b19dec51d,2012,0-4k,33.0,39.0,6.0
4,17,repobench-p,Code,5,baa8de84ab065678542bc7eba856ad8688646323f9d230bd,2526,0-4k,78.0,78.0,0.0
4,17,repobench-p,Code,28,10293155fe04c32cb8085fd71357b5f0ca2693104e6232aa,3533,0-4k,21.0,28.999999999999996,7.9999999999999964
4,17,repobench-p,Code,65,56c45bfed224c26bb617b8089df613586ae55fa518b1a991,2605,0-4k,35.0,17.0,-18.0
4,17,repobench-p,Code,96,4ff1104206a9b1f6a1cb7d9678a99f21614ecc8091c224c4,2012,0-4k,100.0,100.0,0.0
4,17,repobench-p,Code,126,6be916e353b46483c181ef52e63b82a1b30edf08ded51e81,5932,4-8k,87.0,83.0,-4.0
4,17,repobench-p,Code,135,25e27a4553ca2c4de07c1adc6668d82e9973eeb747409030,4307,4-8k,28.000000000000004,21.0,-7.0000000000000036
4,17,repobench-p,Code,160,c5b3c8bd713b960704e3fe39f8f59a429f3f8b431eab3ca8,4364,4-8k,100.0,23.0,-77.0
4,17,repobench-p,Code,172,3cd8fefa66ffe61edf15dd8ce125f6e4933fb96d398da6b5,7126,4-8k,66.0,72.0,6.0
4,17,repobench-p,Code,193,4518bfc339e5258b92b49b1eb715e0fb08e7ee42c084945a,4061,4-8k,23.0,23.0,0.0
4,17,repobench-p,Code,204,ace65979c3c0ae8afbc6363afc51e185369db91ce49614eb,12028,8k+,95.0,95.0,0.0
4,17,repobench-p,Code,252,5829ad887bad026190dbd3ef02f586b05826e8ec720bbc47,8881,8k+,100.0,100.0,0.0
4,17,repobench-p,Code,253,b2acea6b02472a0a56410ca98ebc6dd1cdbf06755ca7e0d1,9203,8k+,47.0,46.0,-1.0
4,17,repobench-p,Code,276,3f7ee1f4f34a645dbe506c2cefdd92884333284e3a2946a8,10553,8k+,92.0,25.0,-67.0
4,17,repobench-p,Code,291,01f7b97f4816935c226b88e63484f4f48a98b76054d3cf45,9175,8k+,47.0,42.0,-5.0
4,29,qasper,Single QA,7,1bd9a082bd7b5ab6c152dbda3db38c0c3bc92cddf82383a3,2720,0-4k,96.00000000000001,96.00000000000001,0.0
4,29,qasper,Single QA,51,d95b33cbe3496fb98638b3c3b1a956847b6472aa8d18a5cc,2393,0-4k,100.0,100.0,0.0
4,29,qasper,Single QA,54,b959a2ca0687fbe1c4f11a6fda00eb9341525f1502c9afc6,3566,0-4k,100.0,100.0,0.0
4,29,qasper,Single QA,75,b1fdb80cd96f455762f4f3be78a4932e7ae5edb2802d9e5c,3244,0-4k,88.8888888888889,100.0,11.1111111111111
4,29,qasper,Single QA,99,d9c7574b1ed1ebd6eb755e6bbeee3513c9c912771059348c,2533,0-4k,0.0,0.0,0.0
4,29,qasper,Single QA,114,e28df0e3283943b1e011e1dba7a231e35269588b73697ca4,7837,4-8k,100.0,100.0,0.0
4,29,qasper,Single QA,140,755daa298cdf770c8ed19ddf39270f07e077d88a82aaa0dc,4263,4-8k,7.407407407407408,22.222222222222225,14.814814814814817
4,29,qasper,Single QA,144,0225501ce54ac2c95a557a5691a4322482af24748391e6e9,4104,4-8k,65.0,65.0,0.0
4,29,qasper,Single QA,145,34c5eb16ccc55869a263dfda28d028267e29ee243880c9d5,5136,4-8k,18.18181818181818,43.74999999999999,25.568181818181813
4,29,qasper,Single QA,159,d5e92fcef6747ba1518ae7d8a46ad274b585425b2c889d5b,4738,4-8k,58.82352941176471,58.82352941176471,0.0
4,29,qasper,Single QA,209,074b526f101518a8f5c810fed1e28f757dacb7805b161e22,14472,8k+,100.0,100.0,0.0
4,29,qasper,Single QA,212,21fc5caf7a80aa10b3d9e86ca96d466edb09ae8961c22c85,12952,8k+,100.0,100.0,0.0
4,29,qasper,Single QA,217,3a92f5b9ebedea5d5efd1f4af956b59b4e0ae6ee33db136f,8555,8k+,8.333333333333332,8.333333333333332,0.0
4,29,qasper,Single QA,221,1bb7cd04a893fe2a5497bdf7d0dcb064da2ef56144b44bdd,14722,8k+,12.903225806451616,22.0,9.096774193548384
4,29,qasper,Single QA,223,6fd8cd7777d0b6f36ccdfc044d9b5056e519fd11feb2a750,14660,8k+,92.85714285714286,89.65517241379311,-3.201970443349751
4,29,multifieldqa_en,Single QA,11,94ccf4d54b36e7e9d4aa594a7bc426528630a5b8aff296a4,3422,0-4k,100.0,100.0,0.0
4,29,multifieldqa_en,Single QA,38,235a5c99cd7fae9e2b410ad99c1b1fafea43799d3f1138a8,1810,0-4k,46.15384615384615,46.15384615384615,0.0
4,29,multifieldqa_en,Single QA,44,ec016e90ac78727f3c4aa176db472724bda53c07cb8cb696,682,0-4k,11.11111111111111,21.05263157894737,9.94152046783626
4,29,multifieldqa_en,Single QA,45,4c9131da4fb2a9dbc8dadce39d20bdc302a092b5740c414a,1860,0-4k,22.22222222222222,22.22222222222222,0.0
4,29,multifieldqa_en,Single QA,53,6caa98612cf0e2ddf58e1ba70daaf79a3ac616280fb48188,2947,0-4k,0.0,0.0,0.0
4,29,multifieldqa_en,Single QA,89,566881d2138d7e29cd6dd2b661b6f7ffe4c515c92fdaf837,5523,4-8k,10.0,10.0,0.0
4,29,multifieldqa_en,Single QA,90,d427e3ab7584a0e253bfb6a9d76626b726c79b57d5e39f2a,6102,4-8k,26.923076923076927,26.923076923076927,0.0
4,29,multifieldqa_en,Single QA,119,f9b9a553107eed5b994a9aaf07e8ccac487feaa8ff108ec6,5917,4-8k,13.793103448275861,13.793103448275861,0.0
4,29,multifieldqa_en,Single QA,129,df53ff06fbc99dbae6bfe13a946420321d4542480eeb56f3,6101,4-8k,76.1904761904762,76.1904761904762,0.0
4,29,multifieldqa_en,Single QA,134,c60792f391b389a1c44b0a8f62f4a792d9ed82286b1b7f95,6706,4-8k,18.181818181818183,36.84210526315789,18.660287081339707
4,29,multifieldqa_en,Single QA,137,a9f124fabc341d61e359af8e8badf79dd63a97896c28842e,9607,8k+,32.786885245901644,38.297872340425535,5.510987094523891
4,29,multifieldqa_en,Single QA,138,bda4a6b251a601b7f7f956f298b59d8e99993845c1eaf7d6,8281,8k+,70.58823529411764,70.58823529411764,0.0
4,29,multifieldqa_en,Single QA,141,110688fd7522324ef26cbf3ec4f4b7ab29aa0b687aa1ade5,8366,8k+,42.42424242424242,40.816326530612244,-1.607915893630178
4,29,multifieldqa_en,Single QA,144,46a2207a7a3f6d98effa73491cf83b63f92e29e0023c6e52,9437,8k+,72.72727272727273,72.72727272727273,0.0
4,29,multifieldqa_en,Single QA,147,25d54c0a145838996b56def82126f35b3fabe3e100d10fc0,10003,8k+,10.169491525423728,10.344827586206897,0.17533606078316843
4,29,hotpotqa,Multi QA,0,1dae9ec530a93f43f85bd215a5c0e6737dbcf226cd3541d8,3745,0-4k,66.66666666666666,0.0,-66.66666666666666
4,29,hotpotqa,Multi QA,31,f349d7bdea5f38b858c69ddae4698a287f9d201869c14919,1541,0-4k,100.0,0.0,-100.0
4,29,hotpotqa,Multi QA,61,406311f7ab0d87c7aa2a4886827e640bc0848e8206f816c2,2519,0-4k,66.66666666666666,66.66666666666666,0.0
4,29,hotpotqa,Multi QA,73,8333f3e9e6703387546f30d78b61e07f326a7ea0aecdf557,2202,0-4k,0.0,0.0,0.0
4,29,hotpotqa,Multi QA,96,ad3b0ce8a9aaed70ba9db2fdae6d812ae61d39b7cb409376,3730,0-4k,100.0,100.0,0.0
4,29,hotpotqa,Multi QA,102,515a5cbf646c2891fde47be6b8fa3442571938d8dac8827a,6860,4-8k,100.0,100.0,0.0
4,29,hotpotqa,Multi QA,118,4beefe473acde45f1accb31e6f45cff16e0a8b47eefd032e,5913,4-8k,74.99999999999999,74.99999999999999,0.0
4,29,hotpotqa,Multi QA,126,a96ab885a132aad0f22735dad044516f01929c6be656b11a,7110,4-8k,0.0,0.0,0.0
4,29,hotpotqa,Multi QA,169,c18c76f9efb43dc4d15ce54891af6a60178be55f1eec2656,7002,4-8k,80.0,0.0,-80.0
4,29,hotpotqa,Multi QA,173,74f2fce3240dd7e91f9522b9cbb9e10f43f16fdb0c22e7fa,6333,4-8k,40.0,40.0,0.0
4,29,hotpotqa,Multi QA,213,ce41e73398410371a755f618a953a68b14f75b8f2e8a62cc,11543,8k+,16.666666666666664,25.0,8.333333333333336
4,29,hotpotqa,Multi QA,217,7cdceb45cfb9439bd41148788e5cf2f0e8a5cb99a0e09729,9019,8k+,100.0,100.0,0.0
4,29,hotpotqa,Multi QA,222,82a1a48996ef392d6abe74ea1d2b0a807c0f4d859c4026ac,9314,8k+,0.0,0.0,0.0
4,29,hotpotqa,Multi QA,227,192e872cf190ea4e64fd401a32a3ea0426dc488afe3702ad,10290,8k+,0.0,0.0,0.0
4,29,hotpotqa,Multi QA,242,ecde9842060b9101fa9edceed35332413b01be43d4940652,11497,8k+,0.0,0.0,0.0
4,29,2wikimqa,Multi QA,21,0bc3341fffaad3e92d14d64b539df741528ef4e2b76e9632,1529,0-4k,0.0,0.0,0.0
4,29,2wikimqa,Multi QA,60,37eb33998e8bd7ffe40969ac3161ad695983fcf651dac639,2859,0-4k,0.0,100.0,100.0
4,29,2wikimqa,Multi QA,65,d7159102f8034cb0ad4834df59b0734f052a63c3a1d0f0bb,3621,0-4k,100.0,100.0,0.0
4,29,2wikimqa,Multi QA,80,9a74e9b9111e3d13efa2b9b43c522354f7d5f3dae6ca5e96,2753,0-4k,100.0,100.0,0.0
4,29,2wikimqa,Multi QA,89,f479830ec67206a7edd48ae2ac6f8fc1f639da89caf1a0d2,1405,0-4k,0.0,0.0,0.0
4,29,2wikimqa,Multi QA,129,d64ce42f72497e502a412d395566e55a3793d05b35004cb4,6417,4-8k,23.52941176470588,21.052631578947366,-2.476780185758514
4,29,2wikimqa,Multi QA,130,fe284936ae55063527821e9ee610ae67958789167aa4ba1a,5421,4-8k,100.0,100.0,0.0
4,29,2wikimqa,Multi QA,131,d524ca109e5ac6284dec16931f2403ef7859225cfde19e9e,5848,4-8k,0.0,0.0,0.0
4,29,2wikimqa,Multi QA,162,78877dc3800b31f7831cf2f941219ee29493e35b53b059a1,4421,4-8k,0.0,0.0,0.0
4,29,2wikimqa,Multi QA,186,7022cbda00a72169cc470d7879da58fc0673ff175aa1f19f,7764,4-8k,100.0,100.0,0.0
4,29,2wikimqa,Multi QA,207,3a4153b2cd645e567d268c92fc153be937caefb93ac238df,8135,8k+,0.0,0.0,0.0
4,29,2wikimqa,Multi QA,245,4ced3912f614aca56f95eb0431c22e53c24c05717bf75f62,10959,8k+,0.0,0.0,0.0
4,29,2wikimqa,Multi QA,261,e367499fba5b229051bc79021a1ad30bbd066b1f89c277f6,8053,8k+,100.0,100.0,0.0
4,29,2wikimqa,Multi QA,264,3809f116856e090121b8d2d54cb0416076a8916013f06997,10696,8k+,0.0,0.0,0.0
4,29,2wikimqa,Multi QA,265,ee5c0b8fe31f40bbf2579439858229041ea769a46d82f49b,8703,8k+,100.0,0.0,-100.0
4,29,gov_report,Summarization,54,a3a11ee5de13be1f6ab405e8e1b29f2cd07929fe9112561a,3679,0-4k,30.490017680640058,29.222010933031843,-1.268006747608215
4,29,gov_report,Summarization,56,a52b972a6051b61f61eefad3a6358e3f4f89c1a6872dd5a9,2999,0-4k,38.24175779537736,33.905578942990296,-4.336178852387064
4,29,gov_report,Summarization,57,5a1f14be3b3a06a0573d307579eda8216fb13f3e418abe97,2790,0-4k,32.35294071829345,37.98076876572902,5.627828047435564
4,29,gov_report,Summarization,73,13416da54e1ad4f7681a4e30e66a3973ed3f812bf2af6f7a,1799,0-4k,32.68698012277377,36.46723597698071,3.780255854206942
4,29,gov_report,Summarization,76,cd96d8a3dbb09bac127d9aa3bb5c62856940380d8722160e,2961,0-4k,31.232876214674434,28.491619615726737,-2.7412565989476967
4,29,gov_report,Summarization,112,357977aac62ac12b4958584d44cddcdeeb3c3b2835ed1358,7426,4-8k,30.493273085081146,33.33333287253334,2.8400597874521942
4,29,gov_report,Summarization,144,24581c7640a62446ef310e19c657fde28f428e2cdde9927c,4743,4-8k,32.57918508588072,34.38913983701193,1.8099547511312153
4,29,gov_report,Summarization,175,925cc92d4d68438d5beff9441c206f98fbf1adf8c3a2319c,4349,4-8k,45.59139736946237,40.4545449905062,-5.136852378956171
4,29,gov_report,Summarization,182,380b8a11402167f3806aee3eca9dbd8feae82a13a1e009d8,5455,4-8k,27.49999954205001,32.24181314693958,4.741813604889568
4,29,gov_report,Summarization,194,1345903bbe6b1a4bc816f5b2431912f0377f2e1c188ad933,6790,4-8k,33.87096726280495,29.94652358374561,-3.924443679059344
4,29,gov_report,Summarization,208,3cd2e850cddd4722470f29c62dd23ec7e5740d89575b4128,8253,8k+,28.87930992175424,29.18454893082393,0.30523900906969104
4,29,gov_report,Summarization,238,931127a19bd12e3e1831db946f7f0d3f6a8e8a2760708c03,10555,8k+,32.25806401664933,34.92957696482445,2.6715129481751205
4,29,gov_report,Summarization,239,95108834ba59cae5c2f46634c3785c3aefe9fdd1d8656b9e,8737,8k+,36.93693647720356,36.027713175919665,-0.9092233012838946
4,29,gov_report,Summarization,287,7bb19ba82bff13f027337b76e32661a2028a80f224f1d7b9,10552,8k+,35.756384631987686,36.07214386183188,0.3157592298441969
4,29,gov_report,Summarization,296,2d74ce64491ea67c0b42a06ef439cd49bc7da7f9768661a4,22560,8k+,34.17085380292165,33.49056555296592,-0.6802882499557299
4,29,multi_news,Summarization,0,3cfe6d5139ea2e17d17b9c8d040c015c3db4936578091cf6,951,0-4k,23.291138740663367,24.999999501098642,1.7088607604352752
4,29,multi_news,Summarization,31,b723a6f6b48314b21c4142104e17776b8d24371546fd842e,1804,0-4k,38.50931627869296,29.5597479348127,-8.949568343880255
4,29,multi_news,Summarization,88,129345ac116bd3d12d86321b7bb7d8ec257ec2d4ee951b79,695,0-4k,26.480835759521188,22.4719096241496,-4.008926135371588
4,29,multi_news,Summarization,90,b284f77807027c80d9052f3116a5f1945a921b333262a44f,1375,0-4k,26.628894685905518,24.58100508759091,-2.047889598314608
4,29,multi_news,Summarization,97,9b05a23597d81978bb62a7d42cf8a829ab8c00dbd9936af1,836,0-4k,28.865978884844303,35.233160124781875,6.3671812399375725
4,29,multi_news,Summarization,100,a7679b6195dde9c6472dfcb5a9b0f7301010ad575d82f481,5411,4-8k,25.587466881088574,20.312499518568263,-5.274967362520311
4,29,multi_news,Summarization,101,e8ae3a32f6723be9e54aa66700703b5010e6a24337e6387c,5553,4-8k,22.10526267789475,26.562499521701394,4.457236843806644
4,29,multi_news,Summarization,107,a0eda52afcd3721a2791dacaee59ff9d0b57b2f89744e190,4795,4-8k,20.740740245377246,19.40298457863668,-1.3377556667405663
4,29,multi_news,Summarization,140,22c4f915fbec56cff0c26b9814a2e8ef79640588ac70d521,6253,4-8k,25.866050313714407,23.92776474472737,-1.9382855689870375
4,29,multi_news,Summarization,196,29930ff7fc60809fcb40fa0d8fc2415ba9d1dc6435cdea4f,7740,4-8k,17.84776854527044,17.391303868237397,-0.4564646770330434
4,29,multi_news,Summarization,213,3b3c748f3eb38ad864d61971e37e3a353350c67bbf60705f,8992,8k+,22.485206614316734,21.17647010278548,-1.3087365115312544
4,29,multi_news,Summarization,215,4d2e3653c3c14982a2a316fdec16de82af22d4e610f04842,9464,8k+,5.776172836815319,8.480564927368325,2.7043920905530063
4,29,multi_news,Summarization,221,4f5bef9de35675cccb7f0ab2422f5766b9f8a0c6fb983678,10507,8k+,25.257731460370398,27.431420950193097,2.1736894898226993
4,29,multi_news,Summarization,231,c44cd4b3d05e349d96d0107750992323e358891d05732948,8571,8k+,22.323461934215796,18.527315427920186,-3.79614650629561
4,29,multi_news,Summarization,253,928d14dff96c5f6c99a1f9d845d00c2642bc704d7434506e,10683,8k+,20.851063333408796,21.63355359180154,0.7824902583927447
4,29,trec,Few-shot,49,7dfc677d5d152f68d56844b67c26eae5ade79afb3e99f801,3725,0-4k,0.0,0.0,0.0
4,29,trec,Few-shot,50,6920dc5ab1fc7c4eb0768f2ac5ba7f65fa1ad44168b31380,1870,0-4k,100.0,100.0,0.0
4,29,trec,Few-shot,67,68092da2a4729b3ceec74cdbeee8f882103816527070990f,3432,0-4k,100.0,100.0,0.0
4,29,trec,Few-shot,74,2b2f0ca1e20f6ff8114ae89d62d0f7d510a6d50aac79de79,3083,0-4k,100.0,100.0,0.0
4,29,trec,Few-shot,98,f6928484791855eaafa05bf0e14fda717f1326cd4a5b954d,1764,0-4k,100.0,100.0,0.0
4,29,trec,Few-shot,144,d48bdadde67f73518786f0df7a1f2e79d58b6615ce9985b6,6553,4-8k,100.0,100.0,0.0
4,29,trec,Few-shot,151,6e70bede9da423c098179dd992a1c019ce1810d9a1a7767b,5424,4-8k,0.0,0.0,0.0
4,29,trec,Few-shot,167,4a318078c552864ccd4dbc99ac5b3c21c509258d4bffd94d,7299,4-8k,0.0,0.0,0.0
4,29,trec,Few-shot,176,9675fef9b4fe163692b249c040670706b17cd5d1bb99dbae,7085,4-8k,100.0,100.0,0.0
4,29,trec,Few-shot,197,50456a7c27c94c95d96ef4d681ba513cda242b95dc75f3a1,4038,4-8k,100.0,100.0,0.0
4,29,trec,Few-shot,204,ae4cc6dd54de82c93ecd6c6d139386e206f44c5cc61c802c,11578,8k+,0.0,0.0,0.0
4,29,trec,Few-shot,206,9de729a8f3f2817e417b4ac0ea3812d988fed35c66e225be,9264,8k+,100.0,100.0,0.0
4,29,trec,Few-shot,241,d395acf86c300e844f6c49160568b1d1fadc04bd53a0b362,11531,8k+,100.0,100.0,0.0
4,29,trec,Few-shot,267,1bf27d1e48e7006f3b7f382cf3e91427cef1a74623a09816,8357,8k+,100.0,100.0,0.0
4,29,trec,Few-shot,270,5e58ff1515261ae7ed493f212c894749dd03c8bcadac517e,11040,8k+,100.0,100.0,0.0
4,29,triviaqa,Few-shot,25,37a77de08c5dc62fc4b4d08ab6066e178e82d32387ce084f,3179,0-4k,100.0,100.0,0.0
4,29,triviaqa,Few-shot,49,2dfb8c6ad47144c07050d7707ba7bd71896c09947f5c9e49,1546,0-4k,100.0,100.0,0.0
4,29,triviaqa,Few-shot,60,108c5fba3e6f442ee6e0a2e9495934a7e1ac483c1f4fadc2,1438,0-4k,100.0,100.0,0.0
4,29,triviaqa,Few-shot,61,35d5132c126a2bef8991410216b5980a9c20273a9ff1ab1a,3872,0-4k,100.0,100.0,0.0
4,29,triviaqa,Few-shot,80,6e69d198ca0848e40be166b102d12edc3120a04b0f5da0c0,3453,0-4k,100.0,100.0,0.0
4,29,triviaqa,Few-shot,108,8ab0169f638e98dc69b9bf89237c12a1fee1e417b2ae802c,6085,4-8k,100.0,100.0,0.0
4,29,triviaqa,Few-shot,147,9018807f19ee02d865950c595bf1a259de22640430bc74ed,6427,4-8k,100.0,100.0,0.0
4,29,triviaqa,Few-shot,163,ddff3655b6d29132f991bc6f4f6552c2e252f0ffac1bafba,6011,4-8k,100.0,100.0,0.0
4,29,triviaqa,Few-shot,171,6c3854fc6c64a01c1c738ed10b29b0065a39f1b4173eb3a0,5925,4-8k,33.333333333333336,33.333333333333336,0.0
4,29,triviaqa,Few-shot,192,8dd7e008bda0f1085ad933907ff73985a4d50c50d6578815,4185,4-8k,100.0,100.0,0.0
4,29,triviaqa,Few-shot,206,b76cc838bf517e13bdf35517a991e7dadab853cdbf3951d2,10091,8k+,100.0,100.0,0.0
4,29,triviaqa,Few-shot,226,a14acc130b6f9fafa9fad828a40751edad4d1a283ffcac30,8033,8k+,100.0,100.0,0.0
4,29,triviaqa,Few-shot,248,1be41635f109463aad4ac2d71b524edcbdeabced54a0cdc3,12438,8k+,100.0,100.0,0.0
4,29,triviaqa,Few-shot,258,c5e835c6d30d0278c1832351580689ffdd46d71bda1bbdfd,14026,8k+,100.0,100.0,0.0
4,29,triviaqa,Few-shot,290,ee606dca7a956b661e19b36859b1916cd0f1cfbef4352380,9846,8k+,85.71428571428571,85.71428571428571,0.0
4,29,samsum,Few-shot,19,0bf52d18ccff2e111ad516892321685343c9dac7140bdef0,3439,0-4k,47.058823029604,51.06382928927117,4.005006259667169
4,29,samsum,Few-shot,21,40232983571b8ce83adcb03ef9ef55c99dc4a019a368f310,2053,0-4k,74.99999951125001,73.17073121475315,-1.8292682964968634
4,29,samsum,Few-shot,31,018c19631933484203fb50ea1c66e51f3d6e3b1ce9420578,2337,0-4k,39.024389746579416,39.024389746579416,0.0
4,29,samsum,Few-shot,65,2b739f373d44d8f8925d26449fd0eb1a32d67e167d29b257,3318,0-4k,79.99999950080002,79.99999950080002,0.0
4,29,samsum,Few-shot,89,982a8057dcf8707ee1d1f2d3bcb3f295bb2751a1eca7dbcd,2784,0-4k,41.66666618055556,33.3333328888889,-8.333333291666662
4,29,samsum,Few-shot,143,cf9464373a128bf26c8d2778f9e4a37c5a15dbed12ad01ae,7046,4-8k,66.6666661688889,66.6666661688889,0.0
4,29,samsum,Few-shot,151,b7ae56266199a707fdf23df4b8db02a7f80f40c5fa92a349,6091,4-8k,32.653060729695966,23.99999950320001,-8.653061226495957
4,29,samsum,Few-shot,154,fa2c3e8009a275c4b1263f41043d94b748ddba1755dc2c20,4428,4-8k,75.86206847086801,75.86206847086801,0.0
4,29,samsum,Few-shot,190,c4199640b2f017d470c8f1a2e2b91ad294bf054a4b91c93c,5696,4-8k,32.558139037317474,30.434782117202268,-2.1233569201152065
4,29,samsum,Few-shot,194,4de277f16be3a9e4bd9a7e59f75599ebca199a86b015958c,4234,4-8k,34.14634101368233,33.3333328888889,-0.8130081247934342
4,29,samsum,Few-shot,215,04964a5fefa4ee8e434769f3a928c8b72d7ed3aeb182ed46,8363,8k+,39.99999954500001,39.99999954500001,0.0
4,29,samsum,Few-shot,220,0c5ef0430cfb35865d7a7089d0680dffca5c6fc47617d4d1,9891,8k+,38.888888388888894,38.888888388888894,0.0
4,29,samsum,Few-shot,228,b2511670a4ccc1403baa33711fe2dbd5892eababde2e39ee,12403,8k+,64.2857137857143,57.142856642857154,-7.142857142857139
4,29,samsum,Few-shot,257,1893a577539617a31f49735422c235b4db2b8e84f3d7c3c3,10584,8k+,64.51612853277837,68.96551674197384,4.449388209195476
4,29,samsum,Few-shot,283,7af7246701130f0eb2a76bd4b15664820e989acefe181a5e,10072,8k+,43.9024385318263,43.9024385318263,0.0
4,29,passage_count,Synthetic,22,288f4e37f101d146d77c62f996e4e9570b2771c27bc81979,2375,0-4k,0.0,0.0,0.0
4,29,passage_count,Synthetic,36,935778f03f2632c87b080ee9b2f452ea83fbbfb5c77332a2,1851,0-4k,0.0,0.0,0.0
4,29,passage_count,Synthetic,55,b5632108341c1ca7995b00fe559e6281d6076c327973356f,2124,0-4k,0.0,0.0,0.0
4,29,passage_count,Synthetic,69,f1405e58115865757f93e3e1aba86e546d594fb7bc99f26c,2383,0-4k,0.0,0.0,0.0
4,29,passage_count,Synthetic,79,cab713d4812f7c19a4e2fa511895ac02eff30509bb174327,2725,0-4k,0.0,0.0,0.0
4,29,passage_count,Synthetic,103,90a34e79c780c2df4d2dad95609a596c6098240e94842bf6,7562,4-8k,100.0,0.0,-100.0
4,29,passage_count,Synthetic,119,9512ca779f519aebfa07a9f90ce689daa359a4bde1151349,4295,4-8k,0.0,0.0,0.0
4,29,passage_count,Synthetic,155,741cb2c3e808fe3dce2bf119bb0a580b5f5c4aa50202d55f,5469,4-8k,0.0,0.0,0.0
4,29,passage_count,Synthetic,168,f585832d9c78624dd328e1ad307cb6a6a33f3ef90f350c42,6770,4-8k,100.0,100.0,0.0
4,29,passage_count,Synthetic,195,965c084901ab3e093e057dfe806affec32c1d9014ceb9552,5715,4-8k,0.0,0.0,0.0
4,29,passage_count,Synthetic,214,8ea4a507b131b2f8770360c9568652bad67e1411207d48ab,14537,8k+,0.0,100.0,100.0
4,29,passage_count,Synthetic,221,6cd9e99b1214827e24c3b0d2fbacadb7f2d0e47c75783162,8606,8k+,100.0,33.33333333333333,-66.66666666666667
4,29,passage_count,Synthetic,248,9257294f738fd5ccbed674b18aa2f4ab0301d77e4e3d8290,8152,8k+,0.0,0.0,0.0
4,29,passage_count,Synthetic,257,8041f459bf8570173d461b909735356d06ff64d510806517,8691,8k+,0.0,100.0,100.0
4,29,passage_count,Synthetic,267,e1ae4a4f72237062a4fb609d1b8699981447754d4dad536a,9017,8k+,0.0,0.0,0.0
4,29,passage_retrieval_en,Synthetic,0,f363b5cfe63d7095514d7273aaa2e31dbfa73f10a71fd7d8,3446,0-4k,100.0,100.0,0.0
4,29,passage_retrieval_en,Synthetic,3,707ae2fed6a206720c3afb70facc02c376eeca4fd6859740,3428,0-4k,100.0,100.0,0.0
4,29,passage_retrieval_en,Synthetic,8,83f6186ca8e6173b7466b5dd60738f6810d9b900642e6476,3711,0-4k,100.0,100.0,0.0
4,29,passage_retrieval_en,Synthetic,50,31426afc717058adc13fce3a7307c5bdad89bc5be71735b1,3535,0-4k,100.0,100.0,0.0
4,29,passage_retrieval_en,Synthetic,78,a83340ad80a9e187029262c34b831c17116cf743c30a2d26,3686,0-4k,100.0,100.0,0.0
4,29,passage_retrieval_en,Synthetic,110,de23e2b1d2dd91ee82fbc68d8a5a15aca03f8c6afccc5c91,6093,4-8k,100.0,100.0,0.0
4,29,passage_retrieval_en,Synthetic,142,33299d35937a468625623f198d3b800951cf021f2761ea45,7054,4-8k,100.0,100.0,0.0
4,29,passage_retrieval_en,Synthetic,169,6643e514e454e85491bbdac3a52955ef916568e019cb3a98,4166,4-8k,100.0,100.0,0.0
4,29,passage_retrieval_en,Synthetic,184,20abfe1e2d178e67c2a8a9871e735df4b419e063c491937a,4943,4-8k,100.0,100.0,0.0
4,29,passage_retrieval_en,Synthetic,194,25acb3749765e2827ffb105da857a646a2e19952abe53cde,4480,4-8k,100.0,100.0,0.0
4,29,passage_retrieval_en,Synthetic,220,62419a34c63e8b5c583352a1aa5e43cc881f7546c5c5f442,8185,8k+,0.0,0.0,0.0
4,29,passage_retrieval_en,Synthetic,239,763cf6ac464e16d4f5d61b69b685a6771fef3cfbe5fc326d,8723,8k+,100.0,100.0,0.0
4,29,passage_retrieval_en,Synthetic,281,d33bbbcd5871126b551f3307f79c353bf30ec0f18fa96cb7,8192,8k+,100.0,100.0,0.0
4,29,passage_retrieval_en,Synthetic,285,2dca86e4858483b4b2dde86f486bb055c47e4921ca331621,8539,8k+,100.0,100.0,0.0
4,29,passage_retrieval_en,Synthetic,293,9f0af99cc14eda16266159a1a5505c0664c7bdeb6b34a34d,9125,8k+,100.0,100.0,0.0
4,29,lcc,Code,42,94f103d8d6177a4ab0d0ed90f9dbd86d375978f8e3f81181,386,0-4k,61.0,64.0,3.0
4,29,lcc,Code,63,aab6e3b1dcab2261ae6d783a39b356522fa6e32c6b4b0579,648,0-4k,100.0,100.0,0.0
4,29,lcc,Code,73,50511e2d36d05cdb890a54b72403a62d4a131cdfd6350426,833,0-4k,92.0,92.0,0.0
4,29,lcc,Code,97,b1a3b5f96b79841d13ee9fa68ce3fa8ff64333803d491dd6,1411,0-4k,100.0,100.0,0.0
4,29,lcc,Code,98,50c8a624b72c93ccf1b9dc94cc56cefefc09ed423276260c,826,0-4k,24.0,34.0,10.0
4,29,lcc,Code,105,e34212aa3077645a24fe01119b2d8f3d6d7e068bc2300179,6878,4-8k,99.0,40.0,-59.0
4,29,lcc,Code,111,6c7fc0dfbb754f9bc08f08a9190c83e8e7012dfd598e020a,4005,4-8k,100.0,100.0,0.0
4,29,lcc,Code,116,64bac47b1e1bb0e0c8c9689439872cd09890eb9060b9d0cb,4434,4-8k,84.0,84.0,0.0
4,29,lcc,Code,153,a5259ab50b36a4e831982b6a99431c696ecaced8866bf553,5413,4-8k,100.0,100.0,0.0
4,29,lcc,Code,166,2197048d64edac7618fb8a6df59fb407b0a27af2a7c74a9a,4125,4-8k,100.0,100.0,0.0
4,29,lcc,Code,235,7c4c9949f60f4f327a48f2671410466485a03f060befc851,9452,8k+,100.0,100.0,0.0
4,29,lcc,Code,253,510fda46c7dd55d3196a9e71e2f528e1627ff2d61c2ef425,9425,8k+,60.0,28.999999999999996,-31.000000000000004
4,29,lcc,Code,261,f08a124a114577d3ad44ab0eb8109ad143afa1725e636790,20316,8k+,60.0,60.0,0.0
4,29,lcc,Code,272,8b7ce360028e8b36fb6f5ee805af7d92897c3d743f66e101,11381,8k+,99.0,99.0,0.0
4,29,lcc,Code,279,2666edb375a0bdb0c84b3a8c808c36f7ada53856d1793385,8731,8k+,41.0,41.0,0.0
4,29,repobench-p,Code,1,4d2668d05f3f636a1bb6b0389a03b382f3f3e06b19dec51d,2012,0-4k,34.0,67.0,33.0
4,29,repobench-p,Code,5,baa8de84ab065678542bc7eba856ad8688646323f9d230bd,2526,0-4k,78.0,78.0,0.0
4,29,repobench-p,Code,28,10293155fe04c32cb8085fd71357b5f0ca2693104e6232aa,3533,0-4k,27.0,24.0,-3.0
4,29,repobench-p,Code,65,56c45bfed224c26bb617b8089df613586ae55fa518b1a991,2605,0-4k,18.0,35.0,17.0
4,29,repobench-p,Code,96,4ff1104206a9b1f6a1cb7d9678a99f21614ecc8091c224c4,2012,0-4k,100.0,100.0,0.0
4,29,repobench-p,Code,126,6be916e353b46483c181ef52e63b82a1b30edf08ded51e81,5932,4-8k,83.0,100.0,17.0
4,29,repobench-p,Code,135,25e27a4553ca2c4de07c1adc6668d82e9973eeb747409030,4307,4-8k,21.0,25.0,4.0
4,29,repobench-p,Code,160,c5b3c8bd713b960704e3fe39f8f59a429f3f8b431eab3ca8,4364,4-8k,24.0,97.0,73.0
4,29,repobench-p,Code,172,3cd8fefa66ffe61edf15dd8ce125f6e4933fb96d398da6b5,7126,4-8k,71.0,73.0,2.0
4,29,repobench-p,Code,193,4518bfc339e5258b92b49b1eb715e0fb08e7ee42c084945a,4061,4-8k,57.99999999999999,23.0,-34.99999999999999
4,29,repobench-p,Code,204,ace65979c3c0ae8afbc6363afc51e185369db91ce49614eb,12028,8k+,95.0,95.0,0.0
4,29,repobench-p,Code,252,5829ad887bad026190dbd3ef02f586b05826e8ec720bbc47,8881,8k+,100.0,100.0,0.0
4,29,repobench-p,Code,253,b2acea6b02472a0a56410ca98ebc6dd1cdbf06755ca7e0d1,9203,8k+,47.0,47.0,0.0
4,29,repobench-p,Code,276,3f7ee1f4f34a645dbe506c2cefdd92884333284e3a2946a8,10553,8k+,25.0,25.0,0.0
4,29,repobench-p,Code,291,01f7b97f4816935c226b88e63484f4f48a98b76054d3cf45,9175,8k+,43.0,65.0,22.0
4,43,qasper,Single QA,7,1bd9a082bd7b5ab6c152dbda3db38c0c3bc92cddf82383a3,2720,0-4k,96.00000000000001,23.076923076923077,-72.92307692307693
4,43,qasper,Single QA,51,d95b33cbe3496fb98638b3c3b1a956847b6472aa8d18a5cc,2393,0-4k,80.00000000000001,80.00000000000001,0.0
4,43,qasper,Single QA,54,b959a2ca0687fbe1c4f11a6fda00eb9341525f1502c9afc6,3566,0-4k,92.85714285714286,92.85714285714286,0.0
4,43,qasper,Single QA,75,b1fdb80cd96f455762f4f3be78a4932e7ae5edb2802d9e5c,3244,0-4k,76.92307692307693,83.33333333333333,6.410256410256395
4,43,qasper,Single QA,99,d9c7574b1ed1ebd6eb755e6bbeee3513c9c912771059348c,2533,0-4k,0.0,0.0,0.0
4,43,qasper,Single QA,114,e28df0e3283943b1e011e1dba7a231e35269588b73697ca4,7837,4-8k,100.0,100.0,0.0
4,43,qasper,Single QA,140,755daa298cdf770c8ed19ddf39270f07e077d88a82aaa0dc,4263,4-8k,10.0,10.0,0.0
4,43,qasper,Single QA,144,0225501ce54ac2c95a557a5691a4322482af24748391e6e9,4104,4-8k,65.0,65.0,0.0
4,43,qasper,Single QA,145,34c5eb16ccc55869a263dfda28d028267e29ee243880c9d5,5136,4-8k,43.74999999999999,50.0,6.250000000000007
4,43,qasper,Single QA,159,d5e92fcef6747ba1518ae7d8a46ad274b585425b2c889d5b,4738,4-8k,51.61290322580646,58.82352941176471,7.2106261859582474
4,43,qasper,Single QA,209,074b526f101518a8f5c810fed1e28f757dacb7805b161e22,14472,8k+,25.0,100.0,75.0
4,43,qasper,Single QA,212,21fc5caf7a80aa10b3d9e86ca96d466edb09ae8961c22c85,12952,8k+,100.0,100.0,0.0
4,43,qasper,Single QA,217,3a92f5b9ebedea5d5efd1f4af956b59b4e0ae6ee33db136f,8555,8k+,8.51063829787234,0.0,-8.51063829787234
4,43,qasper,Single QA,221,1bb7cd04a893fe2a5497bdf7d0dcb064da2ef56144b44bdd,14722,8k+,18.36734693877551,23.076923076923077,4.709576138147568
4,43,qasper,Single QA,223,6fd8cd7777d0b6f36ccdfc044d9b5056e519fd11feb2a750,14660,8k+,92.85714285714286,85.71428571428571,-7.142857142857153
4,43,multifieldqa_en,Single QA,11,94ccf4d54b36e7e9d4aa594a7bc426528630a5b8aff296a4,3422,0-4k,100.0,100.0,0.0
4,43,multifieldqa_en,Single QA,38,235a5c99cd7fae9e2b410ad99c1b1fafea43799d3f1138a8,1810,0-4k,46.15384615384615,46.15384615384615,0.0
4,43,multifieldqa_en,Single QA,44,ec016e90ac78727f3c4aa176db472724bda53c07cb8cb696,682,0-4k,21.05263157894737,10.526315789473685,-10.526315789473685
4,43,multifieldqa_en,Single QA,45,4c9131da4fb2a9dbc8dadce39d20bdc302a092b5740c414a,1860,0-4k,0.0,22.22222222222222,22.22222222222222
4,43,multifieldqa_en,Single QA,53,6caa98612cf0e2ddf58e1ba70daaf79a3ac616280fb48188,2947,0-4k,0.0,0.0,0.0
4,43,multifieldqa_en,Single QA,89,566881d2138d7e29cd6dd2b661b6f7ffe4c515c92fdaf837,5523,4-8k,10.0,10.0,0.0
4,43,multifieldqa_en,Single QA,90,d427e3ab7584a0e253bfb6a9d76626b726c79b57d5e39f2a,6102,4-8k,31.818181818181817,26.923076923076927,-4.89510489510489
4,43,multifieldqa_en,Single QA,119,f9b9a553107eed5b994a9aaf07e8ccac487feaa8ff108ec6,5917,4-8k,23.076923076923077,23.076923076923077,0.0
4,43,multifieldqa_en,Single QA,129,df53ff06fbc99dbae6bfe13a946420321d4542480eeb56f3,6101,4-8k,76.1904761904762,76.1904761904762,0.0
4,43,multifieldqa_en,Single QA,134,c60792f391b389a1c44b0a8f62f4a792d9ed82286b1b7f95,6706,4-8k,18.181818181818183,16.666666666666664,-1.5151515151515191
4,43,multifieldqa_en,Single QA,137,a9f124fabc341d61e359af8e8badf79dd63a97896c28842e,9607,8k+,39.130434782608695,29.50819672131148,-9.622238061297214
4,43,multifieldqa_en,Single QA,138,bda4a6b251a601b7f7f956f298b59d8e99993845c1eaf7d6,8281,8k+,70.58823529411764,70.58823529411764,0.0
4,43,multifieldqa_en,Single QA,141,110688fd7522324ef26cbf3ec4f4b7ab29aa0b687aa1ade5,8366,8k+,40.816326530612244,37.03703703703704,-3.779289493575206
4,43,multifieldqa_en,Single QA,144,46a2207a7a3f6d98effa73491cf83b63f92e29e0023c6e52,9437,8k+,72.72727272727273,72.72727272727273,0.0
4,43,multifieldqa_en,Single QA,147,25d54c0a145838996b56def82126f35b3fabe3e100d10fc0,10003,8k+,10.169491525423728,10.169491525423728,0.0
4,43,hotpotqa,Multi QA,0,1dae9ec530a93f43f85bd215a5c0e6737dbcf226cd3541d8,3745,0-4k,66.66666666666666,0.0,-66.66666666666666
4,43,hotpotqa,Multi QA,31,f349d7bdea5f38b858c69ddae4698a287f9d201869c14919,1541,0-4k,0.0,0.0,0.0
4,43,hotpotqa,Multi QA,61,406311f7ab0d87c7aa2a4886827e640bc0848e8206f816c2,2519,0-4k,66.66666666666666,66.66666666666666,0.0
4,43,hotpotqa,Multi QA,73,8333f3e9e6703387546f30d78b61e07f326a7ea0aecdf557,2202,0-4k,100.0,100.0,0.0
4,43,hotpotqa,Multi QA,96,ad3b0ce8a9aaed70ba9db2fdae6d812ae61d39b7cb409376,3730,0-4k,0.0,100.0,100.0
4,43,hotpotqa,Multi QA,102,515a5cbf646c2891fde47be6b8fa3442571938d8dac8827a,6860,4-8k,100.0,100.0,0.0
4,43,hotpotqa,Multi QA,118,4beefe473acde45f1accb31e6f45cff16e0a8b47eefd032e,5913,4-8k,50.0,74.99999999999999,24.999999999999986
4,43,hotpotqa,Multi QA,126,a96ab885a132aad0f22735dad044516f01929c6be656b11a,7110,4-8k,0.0,0.0,0.0
4,43,hotpotqa,Multi QA,169,c18c76f9efb43dc4d15ce54891af6a60178be55f1eec2656,7002,4-8k,0.0,80.0,80.0
4,43,hotpotqa,Multi QA,173,74f2fce3240dd7e91f9522b9cbb9e10f43f16fdb0c22e7fa,6333,4-8k,0.0,40.0,40.0
4,43,hotpotqa,Multi QA,213,ce41e73398410371a755f618a953a68b14f75b8f2e8a62cc,11543,8k+,22.222222222222225,25.0,2.777777777777775
4,43,hotpotqa,Multi QA,217,7cdceb45cfb9439bd41148788e5cf2f0e8a5cb99a0e09729,9019,8k+,100.0,100.0,0.0
4,43,hotpotqa,Multi QA,222,82a1a48996ef392d6abe74ea1d2b0a807c0f4d859c4026ac,9314,8k+,0.0,0.0,0.0
4,43,hotpotqa,Multi QA,227,192e872cf190ea4e64fd401a32a3ea0426dc488afe3702ad,10290,8k+,0.0,0.0,0.0
4,43,hotpotqa,Multi QA,242,ecde9842060b9101fa9edceed35332413b01be43d4940652,11497,8k+,0.0,0.0,0.0
4,43,2wikimqa,Multi QA,21,0bc3341fffaad3e92d14d64b539df741528ef4e2b76e9632,1529,0-4k,100.0,0.0,-100.0
4,43,2wikimqa,Multi QA,60,37eb33998e8bd7ffe40969ac3161ad695983fcf651dac639,2859,0-4k,100.0,100.0,0.0
4,43,2wikimqa,Multi QA,65,d7159102f8034cb0ad4834df59b0734f052a63c3a1d0f0bb,3621,0-4k,100.0,100.0,0.0
4,43,2wikimqa,Multi QA,80,9a74e9b9111e3d13efa2b9b43c522354f7d5f3dae6ca5e96,2753,0-4k,100.0,0.0,-100.0
4,43,2wikimqa,Multi QA,89,f479830ec67206a7edd48ae2ac6f8fc1f639da89caf1a0d2,1405,0-4k,0.0,21.052631578947366,21.052631578947366
4,43,2wikimqa,Multi QA,129,d64ce42f72497e502a412d395566e55a3793d05b35004cb4,6417,4-8k,100.0,100.0,0.0
4,43,2wikimqa,Multi QA,130,fe284936ae55063527821e9ee610ae67958789167aa4ba1a,5421,4-8k,100.0,100.0,0.0
4,43,2wikimqa,Multi QA,131,d524ca109e5ac6284dec16931f2403ef7859225cfde19e9e,5848,4-8k,0.0,0.0,0.0
4,43,2wikimqa,Multi QA,162,78877dc3800b31f7831cf2f941219ee29493e35b53b059a1,4421,4-8k,0.0,0.0,0.0
4,43,2wikimqa,Multi QA,186,7022cbda00a72169cc470d7879da58fc0673ff175aa1f19f,7764,4-8k,100.0,100.0,0.0
4,43,2wikimqa,Multi QA,207,3a4153b2cd645e567d268c92fc153be937caefb93ac238df,8135,8k+,0.0,0.0,0.0
4,43,2wikimqa,Multi QA,245,4ced3912f614aca56f95eb0431c22e53c24c05717bf75f62,10959,8k+,0.0,0.0,0.0
4,43,2wikimqa,Multi QA,261,e367499fba5b229051bc79021a1ad30bbd066b1f89c277f6,8053,8k+,100.0,100.0,0.0
4,43,2wikimqa,Multi QA,264,3809f116856e090121b8d2d54cb0416076a8916013f06997,10696,8k+,0.0,0.0,0.0
4,43,2wikimqa,Multi QA,265,ee5c0b8fe31f40bbf2579439858229041ea769a46d82f49b,8703,8k+,0.0,100.0,100.0
4,43,gov_report,Summarization,54,a3a11ee5de13be1f6ab405e8e1b29f2cd07929fe9112561a,3679,0-4k,25.514402880277405,25.193798006467468,-0.32060487380993763
4,43,gov_report,Summarization,56,a52b972a6051b61f61eefad3a6358e3f4f89c1a6872dd5a9,2999,0-4k,33.48214241776945,32.03463158186691,-1.4475108359025413
4,43,gov_report,Summarization,57,5a1f14be3b3a06a0573d307579eda8216fb13f3e418abe97,2790,0-4k,39.06976696678204,38.27751149510085,-0.7922554716811874
4,43,gov_report,Summarization,73,13416da54e1ad4f7681a4e30e66a3973ed3f812bf2af6f7a,1799,0-4k,35.19061534231732,38.4384379427716,3.2478226004542776
4,43,gov_report,Summarization,76,cd96d8a3dbb09bac127d9aa3bb5c62856940380d8722160e,2961,0-4k,28.49604171678003,29.295774152747477,0.7997324359674458
4,43,gov_report,Summarization,112,357977aac62ac12b4958584d44cddcdeeb3c3b2835ed1358,7426,4-8k,32.57918506631724,30.341879868507565,-2.237305197809672
4,43,gov_report,Summarization,144,24581c7640a62446ef310e19c657fde28f428e2cdde9927c,4743,4-8k,35.18930913489516,39.12087867306847,3.9315695381733065
4,43,gov_report,Summarization,175,925cc92d4d68438d5beff9441c206f98fbf1adf8c3a2319c,4349,4-8k,41.01479867048081,38.51508074990983,-2.49971792057098
4,43,gov_report,Summarization,182,380b8a11402167f3806aee3eca9dbd8feae82a13a1e009d8,5455,4-8k,33.74083083006439,37.25490149581893,3.514070665754538
4,43,gov_report,Summarization,194,1345903bbe6b1a4bc816f5b2431912f0377f2e1c188ad933,6790,4-8k,30.89430846600716,33.242506336345215,2.348197870338055
4,43,gov_report,Summarization,208,3cd2e850cddd4722470f29c62dd23ec7e5740d89575b4128,8253,8k+,35.1778651509241,30.515463472624088,-4.662401678300011
4,43,gov_report,Summarization,238,931127a19bd12e3e1831db946f7f0d3f6a8e8a2760708c03,10555,8k+,34.54038947233495,39.603959909115666,5.063570436780715
4,43,gov_report,Summarization,239,95108834ba59cae5c2f46634c3785c3aefe9fdd1d8656b9e,8737,8k+,41.9642852513652,41.46868203210353,-0.4956032192616675
4,43,gov_report,Summarization,287,7bb19ba82bff13f027337b76e32661a2028a80f224f1d7b9,10552,8k+,36.153845707285505,31.10236176890229,-5.051483938383214
4,43,gov_report,Summarization,296,2d74ce64491ea67c0b42a06ef439cd49bc7da7f9768661a4,22560,8k+,32.512314796609964,33.41645838212449,0.9041435855145252
4,43,multi_news,Summarization,0,3cfe6d5139ea2e17d17b9c8d040c015c3db4936578091cf6,951,0-4k,24.935064436039813,24.630541371969727,-0.3045230640700858
4,43,multi_news,Summarization,31,b723a6f6b48314b21c4142104e17776b8d24371546fd842e,1804,0-4k,26.288659332553948,33.950616793171775,7.661957460617828
4,43,multi_news,Summarization,88,129345ac116bd3d12d86321b7bb7d8ec257ec2d4ee951b79,695,0-4k,21.917807744722285,25.806451130946424,3.888643386224139
4,43,multi_news,Summarization,90,b284f77807027c80d9052f3116a5f1945a921b333262a44f,1375,0-4k,21.546960826516294,23.796033496103824,2.2490726695875303
4,43,multi_news,Summarization,97,9b05a23597d81978bb62a7d42cf8a829ab8c00dbd9936af1,836,0-4k,29.42779241598053,27.683615319225,-1.7441770967555286
4,43,multi_news,Summarization,100,a7679b6195dde9c6472dfcb5a9b0f7301010ad575d82f481,5411,4-8k,22.44897911371565,20.565552219850527,-1.8834268938651242
4,43,multi_news,Summarization,101,e8ae3a32f6723be9e54aa66700703b5010e6a24337e6387c,5553,4-8k,27.199999517923562,24.309391778028765,-2.890607739894797
4,43,multi_news,Summarization,107,a0eda52afcd3721a2791dacaee59ff9d0b57b2f89744e190,4795,4-8k,25.304135759035297,21.686746494922353,-3.617389264112944
4,43,multi_news,Summarization,140,22c4f915fbec56cff0c26b9814a2e8ef79640588ac70d521,6253,4-8k,19.858155531791954,20.525059168608074,0.6669036368161194
4,43,multi_news,Summarization,196,29930ff7fc60809fcb40fa0d8fc2415ba9d1dc6435cdea4f,7740,4-8k,17.18749951757814,14.130434294187163,-3.0570652233909765
4,43,multi_news,Summarization,213,3b3c748f3eb38ad864d61971e37e3a353350c67bbf60705f,8992,8k+,17.919074661615838,16.66666619593307,-1.252408465682766
4,43,multi_news,Summarization,215,4d2e3653c3c14982a2a316fdec16de82af22d4e610f04842,9464,8k+,8.754208321554511,13.986013544721029,5.231805223166518
4,43,multi_news,Summarization,221,4f5bef9de35675cccb7f0ab2422f5766b9f8a0c6fb983678,10507,8k+,23.29113874320142,22.50639336393667,-0.7847453792647485
4,43,multi_news,Summarization,231,c44cd4b3d05e349d96d0107750992323e358891d05732948,8571,8k+,18.224298581186144,18.615751302760874,0.3914527215747299
4,43,multi_news,Summarization,253,928d14dff96c5f6c99a1f9d845d00c2642bc704d7434506e,10683,8k+,23.655913483177258,21.350762033405964,-2.3051514497712944
4,43,trec,Few-shot,49,7dfc677d5d152f68d56844b67c26eae5ade79afb3e99f801,3725,0-4k,0.0,0.0,0.0
4,43,trec,Few-shot,50,6920dc5ab1fc7c4eb0768f2ac5ba7f65fa1ad44168b31380,1870,0-4k,100.0,100.0,0.0
4,43,trec,Few-shot,67,68092da2a4729b3ceec74cdbeee8f882103816527070990f,3432,0-4k,100.0,100.0,0.0
4,43,trec,Few-shot,74,2b2f0ca1e20f6ff8114ae89d62d0f7d510a6d50aac79de79,3083,0-4k,100.0,100.0,0.0
4,43,trec,Few-shot,98,f6928484791855eaafa05bf0e14fda717f1326cd4a5b954d,1764,0-4k,100.0,100.0,0.0
4,43,trec,Few-shot,144,d48bdadde67f73518786f0df7a1f2e79d58b6615ce9985b6,6553,4-8k,100.0,100.0,0.0
4,43,trec,Few-shot,151,6e70bede9da423c098179dd992a1c019ce1810d9a1a7767b,5424,4-8k,0.0,0.0,0.0
4,43,trec,Few-shot,167,4a318078c552864ccd4dbc99ac5b3c21c509258d4bffd94d,7299,4-8k,0.0,0.0,0.0
4,43,trec,Few-shot,176,9675fef9b4fe163692b249c040670706b17cd5d1bb99dbae,7085,4-8k,100.0,100.0,0.0
4,43,trec,Few-shot,197,50456a7c27c94c95d96ef4d681ba513cda242b95dc75f3a1,4038,4-8k,100.0,100.0,0.0
4,43,trec,Few-shot,204,ae4cc6dd54de82c93ecd6c6d139386e206f44c5cc61c802c,11578,8k+,0.0,0.0,0.0
4,43,trec,Few-shot,206,9de729a8f3f2817e417b4ac0ea3812d988fed35c66e225be,9264,8k+,100.0,100.0,0.0
4,43,trec,Few-shot,241,d395acf86c300e844f6c49160568b1d1fadc04bd53a0b362,11531,8k+,100.0,100.0,0.0
4,43,trec,Few-shot,267,1bf27d1e48e7006f3b7f382cf3e91427cef1a74623a09816,8357,8k+,100.0,100.0,0.0
4,43,trec,Few-shot,270,5e58ff1515261ae7ed493f212c894749dd03c8bcadac517e,11040,8k+,100.0,100.0,0.0
4,43,triviaqa,Few-shot,25,37a77de08c5dc62fc4b4d08ab6066e178e82d32387ce084f,3179,0-4k,100.0,100.0,0.0
4,43,triviaqa,Few-shot,49,2dfb8c6ad47144c07050d7707ba7bd71896c09947f5c9e49,1546,0-4k,100.0,100.0,0.0
4,43,triviaqa,Few-shot,60,108c5fba3e6f442ee6e0a2e9495934a7e1ac483c1f4fadc2,1438,0-4k,100.0,100.0,0.0
4,43,triviaqa,Few-shot,61,35d5132c126a2bef8991410216b5980a9c20273a9ff1ab1a,3872,0-4k,100.0,100.0,0.0
4,43,triviaqa,Few-shot,80,6e69d198ca0848e40be166b102d12edc3120a04b0f5da0c0,3453,0-4k,100.0,100.0,0.0
4,43,triviaqa,Few-shot,108,8ab0169f638e98dc69b9bf89237c12a1fee1e417b2ae802c,6085,4-8k,100.0,100.0,0.0
4,43,triviaqa,Few-shot,147,9018807f19ee02d865950c595bf1a259de22640430bc74ed,6427,4-8k,100.0,100.0,0.0
4,43,triviaqa,Few-shot,163,ddff3655b6d29132f991bc6f4f6552c2e252f0ffac1bafba,6011,4-8k,100.0,100.0,0.0
4,43,triviaqa,Few-shot,171,6c3854fc6c64a01c1c738ed10b29b0065a39f1b4173eb3a0,5925,4-8k,33.333333333333336,33.333333333333336,0.0
4,43,triviaqa,Few-shot,192,8dd7e008bda0f1085ad933907ff73985a4d50c50d6578815,4185,4-8k,100.0,100.0,0.0
4,43,triviaqa,Few-shot,206,b76cc838bf517e13bdf35517a991e7dadab853cdbf3951d2,10091,8k+,100.0,100.0,0.0
4,43,triviaqa,Few-shot,226,a14acc130b6f9fafa9fad828a40751edad4d1a283ffcac30,8033,8k+,100.0,100.0,0.0
4,43,triviaqa,Few-shot,248,1be41635f109463aad4ac2d71b524edcbdeabced54a0cdc3,12438,8k+,100.0,100.0,0.0
4,43,triviaqa,Few-shot,258,c5e835c6d30d0278c1832351580689ffdd46d71bda1bbdfd,14026,8k+,100.0,100.0,0.0
4,43,triviaqa,Few-shot,290,ee606dca7a956b661e19b36859b1916cd0f1cfbef4352380,9846,8k+,85.71428571428571,85.71428571428571,0.0
4,43,samsum,Few-shot,19,0bf52d18ccff2e111ad516892321685343c9dac7140bdef0,3439,0-4k,52.17391254725898,47.82608646030246,-4.347826086956516
4,43,samsum,Few-shot,21,40232983571b8ce83adcb03ef9ef55c99dc4a019a368f310,2053,0-4k,69.76744136289888,73.17073121475315,3.403289851854268
4,43,samsum,Few-shot,31,018c19631933484203fb50ea1c66e51f3d6e3b1ce9420578,2337,0-4k,43.902438527067225,39.024389746579416,-4.878048780487809
4,43,samsum,Few-shot,65,2b739f373d44d8f8925d26449fd0eb1a32d67e167d29b257,3318,0-4k,79.99999950080002,79.99999950080002,0.0
4,43,samsum,Few-shot,89,982a8057dcf8707ee1d1f2d3bcb3f295bb2751a1eca7dbcd,2784,0-4k,43.478260378071845,34.78260820415879,-8.695652173913054
4,43,samsum,Few-shot,143,cf9464373a128bf26c8d2778f9e4a37c5a15dbed12ad01ae,7046,4-8k,62.4999995,66.6666661688889,4.166666668888894
4,43,samsum,Few-shot,151,b7ae56266199a707fdf23df4b8db02a7f80f40c5fa92a349,6091,4-8k,27.272726798553727,36.363635889462806,9.09090909090908
4,43,samsum,Few-shot,154,fa2c3e8009a275c4b1263f41043d94b748ddba1755dc2c20,4428,4-8k,75.86206847086801,75.86206847086801,0.0
4,43,samsum,Few-shot,190,c4199640b2f017d470c8f1a2e2b91ad294bf054a4b91c93c,5696,4-8k,32.558139037317474,32.558139037317474,0.0
4,43,samsum,Few-shot,194,4de277f16be3a9e4bd9a7e59f75599ebca199a86b015958c,4234,4-8k,32.432431962016075,34.14634101368233,1.7139090516662563
4,43,samsum,Few-shot,215,04964a5fefa4ee8e434769f3a928c8b72d7ed3aeb182ed46,8363,8k+,39.99999954500001,39.99999954500001,0.0
4,43,samsum,Few-shot,220,0c5ef0430cfb35865d7a7089d0680dffca5c6fc47617d4d1,9891,8k+,39.999999500408165,56.24999950781251,16.250000007404346
4,43,samsum,Few-shot,228,b2511670a4ccc1403baa33711fe2dbd5892eababde2e39ee,12403,8k+,69.23076873372783,71.42857092857143,2.1978021948436037
4,43,samsum,Few-shot,257,1893a577539617a31f49735422c235b4db2b8e84f3d7c3c3,10584,8k+,64.28571378826533,68.74999950195313,4.464285713687801
4,43,samsum,Few-shot,283,7af7246701130f0eb2a76bd4b15664820e989acefe181a5e,10072,8k+,34.999999505000005,39.999999505,4.999999999999993
4,43,passage_count,Synthetic,22,288f4e37f101d146d77c62f996e4e9570b2771c27bc81979,2375,0-4k,0.0,0.0,0.0
4,43,passage_count,Synthetic,36,935778f03f2632c87b080ee9b2f452ea83fbbfb5c77332a2,1851,0-4k,0.0,0.0,0.0
4,43,passage_count,Synthetic,55,b5632108341c1ca7995b00fe559e6281d6076c327973356f,2124,0-4k,100.0,0.0,-100.0
4,43,passage_count,Synthetic,69,f1405e58115865757f93e3e1aba86e546d594fb7bc99f26c,2383,0-4k,0.0,0.0,0.0
4,43,passage_count,Synthetic,79,cab713d4812f7c19a4e2fa511895ac02eff30509bb174327,2725,0-4k,0.0,0.0,0.0
4,43,passage_count,Synthetic,103,90a34e79c780c2df4d2dad95609a596c6098240e94842bf6,7562,4-8k,0.0,0.0,0.0
4,43,passage_count,Synthetic,119,9512ca779f519aebfa07a9f90ce689daa359a4bde1151349,4295,4-8k,0.0,0.0,0.0
4,43,passage_count,Synthetic,155,741cb2c3e808fe3dce2bf119bb0a580b5f5c4aa50202d55f,5469,4-8k,0.0,0.0,0.0
4,43,passage_count,Synthetic,168,f585832d9c78624dd328e1ad307cb6a6a33f3ef90f350c42,6770,4-8k,50.0,50.0,0.0
4,43,passage_count,Synthetic,195,965c084901ab3e093e057dfe806affec32c1d9014ceb9552,5715,4-8k,0.0,0.0,0.0
4,43,passage_count,Synthetic,214,8ea4a507b131b2f8770360c9568652bad67e1411207d48ab,14537,8k+,100.0,100.0,0.0
4,43,passage_count,Synthetic,221,6cd9e99b1214827e24c3b0d2fbacadb7f2d0e47c75783162,8606,8k+,100.0,100.0,0.0
4,43,passage_count,Synthetic,248,9257294f738fd5ccbed674b18aa2f4ab0301d77e4e3d8290,8152,8k+,0.0,0.0,0.0
4,43,passage_count,Synthetic,257,8041f459bf8570173d461b909735356d06ff64d510806517,8691,8k+,0.0,0.0,0.0
4,43,passage_count,Synthetic,267,e1ae4a4f72237062a4fb609d1b8699981447754d4dad536a,9017,8k+,0.0,0.0,0.0
4,43,passage_retrieval_en,Synthetic,0,f363b5cfe63d7095514d7273aaa2e31dbfa73f10a71fd7d8,3446,0-4k,100.0,100.0,0.0
4,43,passage_retrieval_en,Synthetic,3,707ae2fed6a206720c3afb70facc02c376eeca4fd6859740,3428,0-4k,100.0,100.0,0.0
4,43,passage_retrieval_en,Synthetic,8,83f6186ca8e6173b7466b5dd60738f6810d9b900642e6476,3711,0-4k,100.0,100.0,0.0
4,43,passage_retrieval_en,Synthetic,50,31426afc717058adc13fce3a7307c5bdad89bc5be71735b1,3535,0-4k,100.0,100.0,0.0
4,43,passage_retrieval_en,Synthetic,78,a83340ad80a9e187029262c34b831c17116cf743c30a2d26,3686,0-4k,100.0,100.0,0.0
4,43,passage_retrieval_en,Synthetic,110,de23e2b1d2dd91ee82fbc68d8a5a15aca03f8c6afccc5c91,6093,4-8k,100.0,100.0,0.0
4,43,passage_retrieval_en,Synthetic,142,33299d35937a468625623f198d3b800951cf021f2761ea45,7054,4-8k,100.0,100.0,0.0
4,43,passage_retrieval_en,Synthetic,169,6643e514e454e85491bbdac3a52955ef916568e019cb3a98,4166,4-8k,100.0,100.0,0.0
4,43,passage_retrieval_en,Synthetic,184,20abfe1e2d178e67c2a8a9871e735df4b419e063c491937a,4943,4-8k,100.0,100.0,0.0
4,43,passage_retrieval_en,Synthetic,194,25acb3749765e2827ffb105da857a646a2e19952abe53cde,4480,4-8k,100.0,100.0,0.0
4,43,passage_retrieval_en,Synthetic,220,62419a34c63e8b5c583352a1aa5e43cc881f7546c5c5f442,8185,8k+,0.0,0.0,0.0
4,43,passage_retrieval_en,Synthetic,239,763cf6ac464e16d4f5d61b69b685a6771fef3cfbe5fc326d,8723,8k+,100.0,100.0,0.0
4,43,passage_retrieval_en,Synthetic,281,d33bbbcd5871126b551f3307f79c353bf30ec0f18fa96cb7,8192,8k+,100.0,100.0,0.0
4,43,passage_retrieval_en,Synthetic,285,2dca86e4858483b4b2dde86f486bb055c47e4921ca331621,8539,8k+,100.0,100.0,0.0
4,43,passage_retrieval_en,Synthetic,293,9f0af99cc14eda16266159a1a5505c0664c7bdeb6b34a34d,9125,8k+,100.0,100.0,0.0
4,43,lcc,Code,42,94f103d8d6177a4ab0d0ed90f9dbd86d375978f8e3f81181,386,0-4k,64.0,61.0,-3.0
4,43,lcc,Code,63,aab6e3b1dcab2261ae6d783a39b356522fa6e32c6b4b0579,648,0-4k,100.0,100.0,0.0
4,43,lcc,Code,73,50511e2d36d05cdb890a54b72403a62d4a131cdfd6350426,833,0-4k,91.0,92.0,1.0
4,43,lcc,Code,97,b1a3b5f96b79841d13ee9fa68ce3fa8ff64333803d491dd6,1411,0-4k,100.0,100.0,0.0
4,43,lcc,Code,98,50c8a624b72c93ccf1b9dc94cc56cefefc09ed423276260c,826,0-4k,24.0,24.0,0.0
4,43,lcc,Code,105,e34212aa3077645a24fe01119b2d8f3d6d7e068bc2300179,6878,4-8k,57.99999999999999,99.0,41.00000000000001
4,43,lcc,Code,111,6c7fc0dfbb754f9bc08f08a9190c83e8e7012dfd598e020a,4005,4-8k,100.0,100.0,0.0
4,43,lcc,Code,116,64bac47b1e1bb0e0c8c9689439872cd09890eb9060b9d0cb,4434,4-8k,84.0,68.0,-16.0
4,43,lcc,Code,153,a5259ab50b36a4e831982b6a99431c696ecaced8866bf553,5413,4-8k,100.0,100.0,0.0
4,43,lcc,Code,166,2197048d64edac7618fb8a6df59fb407b0a27af2a7c74a9a,4125,4-8k,100.0,100.0,0.0
4,43,lcc,Code,235,7c4c9949f60f4f327a48f2671410466485a03f060befc851,9452,8k+,100.0,100.0,0.0
4,43,lcc,Code,253,510fda46c7dd55d3196a9e71e2f528e1627ff2d61c2ef425,9425,8k+,42.0,40.0,-2.0
4,43,lcc,Code,261,f08a124a114577d3ad44ab0eb8109ad143afa1725e636790,20316,8k+,30.0,30.0,0.0
4,43,lcc,Code,272,8b7ce360028e8b36fb6f5ee805af7d92897c3d743f66e101,11381,8k+,99.0,99.0,0.0
4,43,lcc,Code,279,2666edb375a0bdb0c84b3a8c808c36f7ada53856d1793385,8731,8k+,41.0,41.0,0.0
4,43,repobench-p,Code,1,4d2668d05f3f636a1bb6b0389a03b382f3f3e06b19dec51d,2012,0-4k,34.0,34.0,0.0
4,43,repobench-p,Code,5,baa8de84ab065678542bc7eba856ad8688646323f9d230bd,2526,0-4k,78.0,78.0,0.0
4,43,repobench-p,Code,28,10293155fe04c32cb8085fd71357b5f0ca2693104e6232aa,3533,0-4k,27.0,27.0,0.0
4,43,repobench-p,Code,65,56c45bfed224c26bb617b8089df613586ae55fa518b1a991,2605,0-4k,35.0,18.0,-17.0
4,43,repobench-p,Code,96,4ff1104206a9b1f6a1cb7d9678a99f21614ecc8091c224c4,2012,0-4k,100.0,100.0,0.0
4,43,repobench-p,Code,126,6be916e353b46483c181ef52e63b82a1b30edf08ded51e81,5932,4-8k,83.0,76.0,-7.0
4,43,repobench-p,Code,135,25e27a4553ca2c4de07c1adc6668d82e9973eeb747409030,4307,4-8k,21.0,21.0,0.0
4,43,repobench-p,Code,160,c5b3c8bd713b960704e3fe39f8f59a429f3f8b431eab3ca8,4364,4-8k,34.0,100.0,66.0
4,43,repobench-p,Code,172,3cd8fefa66ffe61edf15dd8ce125f6e4933fb96d398da6b5,7126,4-8k,72.0,71.0,-1.0
4,43,repobench-p,Code,193,4518bfc339e5258b92b49b1eb715e0fb08e7ee42c084945a,4061,4-8k,92.0,23.0,-69.0
4,43,repobench-p,Code,204,ace65979c3c0ae8afbc6363afc51e185369db91ce49614eb,12028,8k+,95.0,95.0,0.0
4,43,repobench-p,Code,252,5829ad887bad026190dbd3ef02f586b05826e8ec720bbc47,8881,8k+,100.0,100.0,0.0
4,43,repobench-p,Code,253,b2acea6b02472a0a56410ca98ebc6dd1cdbf06755ca7e0d1,9203,8k+,61.0,47.0,-14.0
4,43,repobench-p,Code,276,3f7ee1f4f34a645dbe506c2cefdd92884333284e3a2946a8,10553,8k+,25.0,88.0,63.0
4,43,repobench-p,Code,291,01f7b97f4816935c226b88e63484f4f48a98b76054d3cf45,9175,8k+,47.0,45.0,-2.0
