scheduler,seed,configured_steps,step,minibatch_mse,last_10_step_mean,ema_mse,learning_rate,gradient_norm,optimizer_elapsed_seconds,evaluation_elapsed_seconds,wall_elapsed_seconds
cosine,35,10000,0,,,,0.005,,0.0,0.11873719096183777,0.0
cosine,35,10000,10,0.0006924244808033109,0.0007511253643315285,0.0008390983407229966,0.004999988279854414,5.896232323721051e-05,0.2168620601296425,0.11873719096183777,0.3769906163215637
cosine,35,10000,20,0.0006377390818670392,0.0006602306850254536,0.00076641106327187,0.004999953119533325,4.976110358256847e-05,0.2987930253148079,0.11873719096183777,0.4624025672674179
cosine,35,10000,30,0.0005989927449263632,0.0006155560375191271,0.0007052829169831716,0.004999894519383755,4.7206704039126635e-05,0.3807425945997238,0.11873719096183777,0.5477847531437874
cosine,35,10000,40,0.0005708125536330044,0.000583013758296147,0.0006557960240057871,0.004999812479984064,4.538724533631466e-05,0.4627835303544998,0.11873719096183777,0.6332703456282616
cosine,35,10000,50,0.0005572964437305927,0.0005625143938232213,0.0006181081967776895,0.004999707002143944,4.3712574552046135e-05,0.5447375848889351,0.11873719096183777,0.7186545804142952
cosine,35,10000,60,0.0005309915286488831,0.0005415115505456924,0.0005870860398853988,0.0049995780869044205,4.424846702022478e-05,0.6266911998391151,0.11873719096183777,0.8040865734219551
cosine,35,10000,70,0.0005197890568524599,0.0005288838932756334,0.0005635051643266563,0.004999425735537837,4.344399712863378e-05,0.7093876823782921,0.11873719096183777,0.8902315497398376
cosine,35,10000,80,0.0005091135972179472,0.0005157375708222389,0.0005440834506696336,0.004999249949547836,4.195680230623111e-05,0.7913517579436302,0.11873719096183777,0.9756772816181183
cosine,35,10000,90,0.0005027481820434332,0.0005070070677902549,0.0005291102903223904,0.004999050730669358,4.2703559302026406e-05,0.8732610195875168,0.11873719096183777,1.0609856098890305
cosine,35,10000,100,0.0004965753760188818,0.0005002828373108059,0.000517449216476238,0.004998828080868612,4.175194044364616e-05,0.9552178010344505,0.15690593421459198,1.1463736444711685
cosine,35,10000,110,0.0004888094263151288,0.0004915860132314265,0.0005069303128731683,0.0049985820023430595,4.097298005945049e-05,1.0373316705226898,0.15690593421459198,1.3570918217301369
cosine,35,10000,120,0.0004814934800378978,0.00048494811926502734,0.0004979826930217341,0.0049983124975213995,4.099331272300333e-05,1.1194824799895287,0.15690593421459198,1.4422878548502922
cosine,35,10000,130,0.0004767084610648453,0.0004792607127455994,0.0004903066879488126,0.004998019569063533,4.0652346797287464e-05,1.2014679685235023,0.15690593421459198,1.5272743329405785
cosine,35,10000,140,0.0004709410131908953,0.0004765703371958807,0.0004847159900606948,0.004997703219860547,4.110318695893511e-05,1.283380702137947,0.15690593421459198,1.6121481508016586
cosine,35,10000,150,0.0004708228225354105,0.0004715361486887559,0.0004793621414432023,0.00499736345303468,4.013192301499657e-05,1.3653596341609955,0.15690593421459198,1.6970827281475067
cosine,35,10000,160,0.0004658245015889406,0.0004679480363847688,0.00047471540080246127,0.004997000271939292,3.9839858800405636e-05,1.447222761809826,0.15690593421459198,1.7818793430924416
cosine,35,10000,170,0.0004599542007781565,0.00046422915474977346,0.00047047776889419697,0.004996613680158833,3.994330108980648e-05,1.529143400490284,0.15690593421459198,1.8667719885706902
cosine,35,10000,180,0.0004585460410453379,0.0004611397802364081,0.0004666441158488528,0.004996203681508815,3.955485226470046e-05,1.611122339963913,0.15690593421459198,1.9517372623085976
cosine,35,10000,190,0.00045376422349363565,0.0004587983916280791,0.00046335183849315856,0.004995770280035751,3.9531765651190653e-05,1.6930673867464066,0.15690593421459198,2.0366452634334564
cosine,35,10000,200,0.00045885605504736304,0.0004558319953503087,0.0004603700947056812,0.004995313480017143,3.893109897035174e-05,1.7757881209254265,0.19570517539978027,2.1223928034305573
cosine,35,10000,210,0.00045132957166060805,0.00045365595142357054,0.0004576336325413343,0.004994833285961421,3.905981793650426e-05,1.8580972850322723,0.19570517539978027,2.323676958680153
cosine,35,10000,220,0.0004503507516346872,0.0004521592287346721,0.0004553752413710056,0.0049943297026079055,3.95739043597132e-05,1.9401075020432472,0.19570517539978027,2.4087381213903427
cosine,35,10000,230,0.0004468192928470671,0.000449511525221169,0.00045297882514549575,0.004993802734926765,3.944033232983202e-05,2.0223903730511665,0.19570517539978027,2.4940225332975388
cosine,35,10000,240,0.00044508540304377675,0.00044914950849488376,0.00045137035681806575,0.004993252388118954,3.926176577806473e-05,2.104745589196682,0.19570517539978027,2.5793822407722473
cosine,35,10000,250,0.0004415879666339606,0.0004469008883461356,0.00044953956291223445,0.004992678667616176,3.911408566636965e-05,2.1864937767386436,0.19570517539978027,2.66408484429121
cosine,35,10000,260,0.0004497971385717392,0.0004454729292774573,0.0004479442552902068,0.004992081579080819,3.850167558994144e-05,2.268605776131153,0.19570517539978027,2.749286510050297
cosine,35,10000,270,0.00044608997995965183,0.0004445153899723664,0.00044661620851931325,0.004991461128405904,3.8747137296013534e-05,2.3505726531147957,0.19570517539978027,2.8342472314834595
cosine,35,10000,280,0.0004417514137458056,0.00044293440587352963,0.00044504373692918944,0.004990817321715032,3.9356211345875636e-05,2.432457134127617,0.19570517539978027,2.9191116467118263
cosine,35,10000,290,0.0004415685834828764,0.0004421764228027314,0.00044383167640757584,0.004990150165362312,3.940618262276985e-05,2.5144015327095985,0.19570517539978027,3.004075199365616
cosine,35,10000,300,0.00043770435149781406,0.0004421077494043857,0.00044313199253015326,0.004989459665932312,3.889874278684147e-05,2.596308559179306,0.2338765487074852,3.088939778506756
cosine,35,10000,310,0.00043729355093091726,0.00043811911600641904,0.000441138645706221,0.004988745830239979,3.854451279039495e-05,2.678584299981594,0.2338765487074852,3.2902391999959946
cosine,35,10000,320,0.00043699692469090223,0.000438306896830909,0.00043999422771502346,0.004988008665330587,3.865843245876022e-05,2.7611813843250275,0.2338765487074852,3.3758721128106117
cosine,35,10000,330,0.0004383522900752723,0.000437265814980492,0.00043888123011212127,0.004987248178479651,3.76786119886674e-05,2.8430921882390976,0.2338765487074852,3.460773855447769
cosine,35,10000,340,0.00043396546971052885,0.0004364904656540602,0.0004378678732507653,0.004986464377192873,3.82497746613808e-05,2.9249607250094414,0.2338765487074852,3.5456249564886093
cosine,35,10000,350,0.0004372381081338972,0.000436571630416438,0.00043739747712276704,0.004985657269206051,3.865404141834006e-05,3.0069063901901245,0.2338765487074852,3.6305701062083244
cosine,35,10000,360,0.0004305378533899784,0.0004325919144321233,0.00043546586890877084,0.004984826862485019,3.873599780490622e-05,3.0896011888980865,0.2338765487074852,3.7164878845214844
cosine,35,10000,370,0.0004280098364688456,0.0004311958851758391,0.0004336873136612003,0.004983973165225556,3.838424163404852e-05,3.1721199303865433,0.2338765487074852,3.802306480705738
cosine,35,10000,380,0.0004323297762311995,0.0004327896167524159,0.00043329596513770857,0.004983096185853309,3.7902940675849095e-05,3.2540686577558517,0.2338765487074852,3.8872820660471916
cosine,35,10000,390,0.0004325623740442097,0.0004332631651777774,0.00043325476180178804,0.004982195933023708,3.8584992580581456e-05,3.3365780115127563,0.2338765487074852,3.9727850407361984
cosine,35,10000,400,0.0004338670987635851,0.0004309106443542987,0.00043238407921846996,0.004981272415621887,3.7679190427297726e-05,3.4188611432909966,0.272050179541111,4.058035679161549
cosine,35,10000,410,0.0004305460606701672,0.00042944594169966874,0.0004311984668361309,0.00498032564276259,3.817607284872793e-05,3.5011026933789253,0.272050179541111,4.259509794414043
cosine,35,10000,420,0.0004286321927793324,0.00042929179617203774,0.00043042611291892126,0.004979355623790083,3.828649641945958e-05,3.5832564532756805,0.272050179541111,4.3446618765592575
cosine,35,10000,430,0.00042523586307652295,0.00042872761841863396,0.0004296489892818788,0.004978362368278058,3.7844722100999206e-05,3.6658736392855644,0.272050179541111,4.430314250290394
cosine,35,10000,440,0.00042734574526548386,0.0004273166065104306,0.0004286693422172676,0.00497734588602955,3.787539026234299e-05,3.7477251514792442,0.272050179541111,4.515137359499931
cosine,35,10000,450,0.0004248986369930208,0.0004253870953107253,0.0004272912305074808,0.0049763061870768295,3.8087524444563314e-05,3.8294184282422066,0.272050179541111,4.599776789546013
cosine,35,10000,460,0.0004295068792998791,0.00042800993542186917,0.0004275906755888027,0.0049752432816813005,3.816061143879779e-05,3.911372162401676,0.272050179541111,4.684743896126747
cosine,35,10000,470,0.0004280653956811875,0.00042647561349440366,0.0004270949386671624,0.004974157180333414,3.8194601074792445e-05,3.993421696126461,0.272050179541111,4.769832961261272
cosine,35,10000,480,0.00042835704516619444,0.00042424749699421227,0.0004259385431857132,0.00497304789375255,3.794834628934041e-05,4.076096102595329,0.272050179541111,4.855499647557735
cosine,35,10000,490,0.00042608974035829306,0.00042565529874991623,0.00042580263915282656,0.004971915432886919,3.772958734771237e-05,4.158166192471981,0.272050179541111,4.940551668405533
cosine,35,10000,500,0.0004216182860545814,0.00042346036643721164,0.00042483128605366537,0.004970759808913454,3.83982369385194e-05,4.2401483580470085,0.3101661950349808,5.025535404682159
cosine,35,10000,510,0.0004253920051269233,0.00042452546767890453,0.0004246675349318206,0.004969581033237697,3.762101550819352e-05,4.322204671800137,0.3101661950349808,5.225729711353779
cosine,35,10000,520,0.0004239833215251565,0.0004232272913213819,0.00042407018573277884,0.004968379117493688,3.769940303754993e-05,4.40417193621397,0.3101661950349808,5.31069478392601
cosine,35,10000,530,0.00042347965063527226,0.00042323714587837457,0.00042370108439392654,0.00496715407354385,3.774536162381992e-05,4.486211761832237,0.3101661950349808,5.395700521767139
cosine,35,10000,540,0.00042257021414116025,0.00042276091407984496,0.0004232722533242739,0.004965905913478872,3.757876766030677e-05,4.56836611032486,0.3101661950349808,5.480879805982113
cosine,35,10000,550,0.0004221491399221122,0.00042162607714999465,0.0004226671782124096,0.0049646346496175905,3.753390410565771e-05,4.650312148034573,0.3101661950349808,5.5658093765378
cosine,35,10000,560,0.000422169454395771,0.00042195945279672743,0.0004223369282254268,0.004963340294506866,3.78515942429658e-05,4.732333287596703,0.3101661950349808,5.65079178661108
cosine,35,10000,570,0.0004248975310474634,0.00042224577337037774,0.00042231255478146127,0.004962022860921459,3.735041536856443e-05,4.814402878284454,0.3101661950349808,5.735877573490143
cosine,35,10000,580,0.0004212588828522712,0.0004202437965432182,0.0004215400065455379,0.0049606823618639105,3.7542693462455645e-05,4.896414466202259,0.3101661950349808,5.820860303938389
cosine,35,10000,590,0.00041581038385629654,0.000419956209952943,0.0004208607507741853,0.004959318810564404,3.831314461422153e-05,4.978425852954388,0.3101661950349808,5.905857406556606
cosine,35,10000,600,0.00041992240585386753,0.0004194638546323404,0.00042034451441553595,0.004957932220480639,3.788361209444702e-05,5.060463711619377,0.3482495918869972,5.99089402705431
cosine,35,10000,610,0.0004199596878606826,0.0004177516995696351,0.00041934975001525423,0.0049565226052977,3.71874775737524e-05,5.142754189670086,0.3482495918869972,6.191472627222538
cosine,35,10000,620,0.000418810494011268,0.0004186508653219789,0.00041906066772034426,0.004955089978927921,3.810468115261756e-05,5.224692240357399,0.3482495918869972,6.276362903416157
cosine,35,10000,630,0.0004188267048448324,0.00041699997091200204,0.00041823853606436534,0.004953634355510746,3.748110248125158e-05,5.306877680122852,0.3482495918869972,6.361647889018059
cosine,35,10000,640,0.0004163307312410325,0.0004178059665719047,0.00041805042919259764,0.004952155749412591,3.806069435086101e-05,5.388827219605446,0.3482495918869972,6.446584768593311
cosine,35,10000,650,0.0004169957246631384,0.0004177564027486369,0.0004178654429729589,0.004950654175226698,3.748653034563176e-05,5.47078063338995,0.3482495918869972,6.531503476202488
cosine,35,10000,660,0.00041586265433579683,0.0004175772424787283,0.0004178403530674331,0.004949129647773001,3.8189133192645386e-05,5.5526919439435005,0.3482495918869972,6.6164292469620705
cosine,35,10000,670,0.00041839038021862507,0.0004177612398052588,0.0004178120801226627,0.004947582182097971,3.752060001716018e-05,5.634667359292507,0.3482495918869972,6.701395094394684
cosine,35,10000,680,0.0004189605824649334,0.0004177431808784604,0.00041778341384252613,0.004946011793474465,3.807924804277718e-05,5.716706842184067,0.3482495918869972,6.786441519856453
cosine,35,10000,690,0.0004130535526201129,0.00041512052121106535,0.0004166747331871475,0.004944418497401588,3.7877511203987524e-05,5.798699267208576,0.3482495918869972,6.871397793292999
cosine,35,10000,700,0.00041954813059419394,0.00041623273864388466,0.0004165301292237789,0.004942802309604528,3.745264621102251e-05,5.8806425258517265,0.3863423690199852,6.956321202218533
cosine,35,10000,710,0.00041475926991552114,0.00041492274904157965,0.00041589292896713147,0.004941163246034409,3.806642416748218e-05,5.962961286306381,0.3863423690199852,7.158246673643589
cosine,35,10000,720,0.0004135934286750853,0.0004141762678045779,0.0004152531502966225,0.004939501322868126,3.795386874116957e-05,6.045008674263954,0.3863423690199852,7.243315011262894
cosine,35,10000,730,0.0004156628856435418,0.0004164763347944245,0.00041571707173212297,0.004937816556508186,3.797899989876896e-05,6.127063445746899,0.3863423690199852,7.328361861407757
cosine,35,10000,740,0.000418251845985651,0.00041561682883184403,0.00041567121861842956,0.0049361089635825564,3.7305773730622604e-05,6.209151670336723,0.3863423690199852,7.413466915488243
cosine,35,10000,750,0.0004116286290809512,0.0004145134967984632,0.00041520724594912154,0.004934378560944488,3.761205880437046e-05,6.291108958423138,0.3863423690199852,7.498402930796146
cosine,35,10000,760,0.0004124291008338332,0.0004134931688895449,0.0004145192660950945,0.0049326253656723565,3.741920954780653e-05,6.373061433434486,0.3863423690199852,7.58331374078989
cosine,35,10000,770,0.0004162752302363515,0.00041320378659293056,0.00041403154121564,0.004930849395069493,3.700707384268753e-05,6.455033801496029,0.3863423690199852,7.668292485177517
cosine,35,10000,780,0.0004129115550313145,0.0004133266629651189,0.0004138072323893572,0.004929050666664009,3.767015732591972e-05,6.537055559456348,0.3863423690199852,7.753313682973385
cosine,35,10000,790,0.0004126066924072802,0.00041358031739946455,0.0004137596684429094,0.004927229198208626,3.803889194387011e-05,6.618950240314007,0.3863423690199852,7.838178589940071
cosine,35,10000,800,0.0004165771824773401,0.00041293953836429864,0.00041344975735213064,0.0049253850076805055,3.724849011632614e-05,6.700828067958355,0.42440884560346603,7.923013836145401
cosine,35,10000,810,0.00040904420893639326,0.00041214792290702464,0.0004129016950345908,0.004923518113281062,3.8105474231997505e-05,6.782737925648689,0.42440884560346603,8.123884499073029
cosine,35,10000,820,0.00041380710899829865,0.00041248355992138384,0.0004127473639049305,0.0049216285334357885,3.673432001960464e-05,6.864770136773586,0.42440884560346603,8.208894222974777
cosine,35,10000,830,0.00041335023706778884,0.000412653386592865,0.0004127540166288372,0.004919716286794078,3.731552351382561e-05,6.946758560836315,0.42440884560346603,8.293872244656086
cosine,35,10000,840,0.0004125831474084407,0.00041246344917453823,0.00041261536624752153,0.004917781392229032,3.750594987650402e-05,7.0288809686899185,0.42440884560346603,8.378968320786953
cosine,35,10000,850,0.00041063479147851467,0.0004127069405512884,0.00041259414421077956,0.004915823868837278,3.7377300031948835e-05,7.1108308583498,0.42440884560346603,8.463880605995655
cosine,35,10000,860,0.00041158520616590977,0.00041251928196288644,0.0004125352542876684,0.004913843735938781,3.7298843380995095e-05,7.1928423792123795,0.42440884560346603,8.548865534365177
cosine,35,10000,870,0.00041272869566455483,0.00041269899520557374,0.0004125881906916365,0.0049118410130766545,3.793788346229121e-05,7.274834409356117,0.42440884560346603,8.633860103785992
cosine,35,10000,880,0.0004137081268709153,0.00041076577035710217,0.0004118914081793787,0.0049098157200169615,3.7038844311609864e-05,7.356805384159088,0.42440884560346603,8.71880741417408
cosine,35,10000,890,0.00041227240581065416,0.0004111315734917298,0.00041162371141711094,0.004907767876748532,3.750108589883894e-05,7.439092628657818,0.42440884560346603,8.804100073873997
cosine,35,10000,900,0.0004116321506444365,0.00041115997009910643,0.0004114608693695151,0.004905697503482748,3.7004479963798076e-05,7.521047458052635,0.46249546110630035,8.889127783477306
cosine,35,10000,910,0.0004084076499566436,0.0004116510739549994,0.0004115444533451943,0.00490360462065336,3.7231420719763264e-05,7.603186912834644,0.46249546110630035,9.089985080063343
cosine,35,10000,920,0.00040859630098566413,0.00041188284812960775,0.0004116212324272706,0.004901489248916277,3.7888104998273775e-05,7.685201548039913,0.46249546110630035,9.175004623830318
cosine,35,10000,930,0.00041010486893355846,0.0004106210690224543,0.0004111773548975365,0.0048993514091493625,3.783047213801183e-05,7.767136417329311,0.46249546110630035,9.259919948875904
cosine,35,10000,940,0.00041082975803874433,0.00040995127055794,0.0004106937830308547,0.004897191122452232,3.6440585972741246e-05,7.849009178578854,0.46249546110630035,9.344730004668236
cosine,35,10000,950,0.00041084151598624885,0.00040862757887225596,0.0004099538196272733,0.004895008410146043,3.705072231241502e-05,7.931166380643845,0.46249546110630035,9.42983715981245
cosine,35,10000,960,0.00041019366472028196,0.000409222929738462,0.0004097053709482278,0.004892803293773286,3.756007572519593e-05,8.013373963534832,0.46249546110630035,9.514970645308495
cosine,35,10000,970,0.00040818197885528207,0.00040927858208306134,0.00040953949667838364,0.00489057579509757,3.731266770046204e-05,8.095206148922443,0.46249546110630035,9.599719077348709
cosine,35,10000,980,0.00040811215876601636,0.00040884854388423264,0.00040924380493957165,0.004888325936103405,3.793327778112143e-05,8.177072443068027,0.46249546110630035,9.684482365846634
cosine,35,10000,990,0.0004107111017219722,0.00040952782146632674,0.0004093497496402352,0.004886053738995991,3.7673176848329604e-05,8.258906960487366,0.46249546110630035,9.769221842288971
cosine,35,10000,1000,0.0004090829170309007,0.0004088722314918414,0.0004091637100633526,0.004883759226200999,3.8402464269893244e-05,8.340725637972355,0.5004856362938881,9.853953786194324
cosine,35,10000,1010,0.0004087139677722007,0.0004084629035787657,0.00040891227370232664,0.004881442420364343,3.764168650377542e-05,8.423046313226223,0.5004856362938881,10.115357585251331
cosine,35,10000,1020,0.00040800057468004525,0.00040921392501331867,0.00040903743281596786,0.00487910334435196,3.801171260420233e-05,8.505114808678627,0.5004856362938881,10.200471319258213
cosine,35,10000,1030,0.00041294776019640267,0.0004081565100932494,0.0004087292274116503,0.0048767420212495844,3.688502692966722e-05,8.587098002433777,0.5004856362938881,10.28542798012495
cosine,35,10000,1040,0.00041002751095220447,0.00040841130830813197,0.00040863358691477783,0.004874358474362526,3.717386789503507e-05,8.669229961931705,0.5004856362938881,10.370630100369453
cosine,35,10000,1050,0.00040834274841472507,0.000408130933647044,0.0004084011882258365,0.004871952727215429,3.683924660435878e-05,8.751294925808907,0.5004856362938881,10.455767296254635
cosine,35,10000,1060,0.00040464650373905897,0.0004079541948158294,0.0004081246940060626,0.004869524803552046,3.7469228118425235e-05,8.833460681140423,0.5004856362938881,10.54096744954586
cosine,35,10000,1070,0.00040848503704182804,0.00040734748472459614,0.0004078683412359371,0.004867074727335002,3.721527536981739e-05,8.91612534224987,0.5004856362938881,10.626654624938965
cosine,35,10000,1080,0.0004060790524818003,0.00040800676215440034,0.0004078302895458509,0.00486460252274556,3.6987694329582155e-05,8.99827379733324,0.5004856362938881,10.711814776062965
cosine,35,10000,1090,0.0004087560228072107,0.00040585806127637627,0.0004070908679164915,0.004862108214183386,3.688767901621759e-05,9.080742083489895,0.5004856362938881,10.797382175922394
cosine,35,10000,1100,0.0004064551612827927,0.00040883147157728673,0.0004078389430684278,0.004859591826266294,3.7314104702090845e-05,9.162969939410686,0.5385969802737236,10.882594145834446
cosine,35,10000,1110,0.00040535349398851395,0.00040829121135175226,0.0004079780231986737,0.004857053383830018,3.735044811037369e-05,9.245630428195,0.5385969802737236,11.070539593696594
cosine,35,10000,1120,0.0004072888696100563,0.00040812895749695597,0.00040804536456823774,0.00485449291192796,3.796063538175076e-05,9.327686987817287,0.5385969802737236,11.155595898628235
cosine,35,10000,1130,0.00040561557398177683,0.00040751482010819017,0.0004077533790611919,0.004851910435830943,3.775898949243128e-05,9.409805670380592,0.5385969802737236,11.240714944899082
cosine,35,10000,1140,0.00040634552715346217,0.00040808522317092866,0.0004079558382856306,0.0048493059810269645,3.70835441572126e-05,9.49186296761036,0.5385969802737236,11.325819656252861
cosine,35,10000,1150,0.00040462519973516464,0.00040690868336241693,0.0004075094514476664,0.0048466795732209425,3.741627369890921e-05,9.574124544858932,0.5385969802737236,11.4112017005682
cosine,35,10000,1160,0.0004041870415676385,0.00040752673521637917,0.0004074993408287745,0.004844031238334462,3.782477870117873e-05,9.65619308501482,0.5385969802737236,11.496297553181648
cosine,35,10000,1170,0.00040387475746683776,0.00040623950771987436,0.0004069590899064183,0.004841361002505516,3.697719148476608e-05,9.73825590312481,0.5385969802737236,11.581318773329258
cosine,35,10000,1180,0.0004080546204932034,0.00040521027403883636,0.00040627583394725787,0.004838668892088257,3.700657543959096e-05,9.820876248180866,0.5385969802737236,11.666928417980671
cosine,35,10000,1190,0.000410800043027848,0.00040634283795952796,0.0004063968977994764,0.00483595493365273,3.691248639370315e-05,9.902872025966644,0.5385969802737236,11.75188760459423
cosine,35,10000,1200,0.0004064615932293236,0.0004064255743287504,0.0004064441785119457,0.004833219153984604,3.6996050766902044e-05,9.98490758985281,0.576804019510746,11.836891114711761
cosine,35,10000,1210,0.00040523408097214997,0.0004059714934555814,0.0004061931602319991,0.004830461580084923,3.7413425161503255e-05,10.067233741283417,0.576804019510746,12.03907299041748
cosine,35,10000,1220,0.000403840618673712,0.00040579321794211867,0.0004059754595283227,0.004827682239169829,3.700122397276573e-05,10.149214692413807,0.576804019510746,12.124082826077938
cosine,35,10000,1230,0.00040652742609381676,0.0004061959742102772,0.00040607463439363043,0.004824881158670291,3.701256719068624e-05,10.231194667518139,0.576804019510746,12.209056362509727
cosine,35,10000,1240,0.0004069256247021258,0.0004051808296935633,0.00040571110257264103,0.004822058366231844,3.708957228809595e-05,10.313293673098087,0.576804019510746,12.294142864644527
cosine,35,10000,1250,0.0004075092147104442,0.0004058700753375888,0.0004058536978256535,0.004819213889714312,3.662594826892018e-05,10.395327724516392,0.576804019510746,12.379170581698418
cosine,35,10000,1260,0.0004091248847544193,0.0004068389040185139,0.0004062125050573863,0.00481634775719153,3.713119076564908e-05,10.477358892560005,0.576804019510746,12.464238628745079
cosine,35,10000,1270,0.00040006416384130716,0.0004050584917422384,0.0004056730669240471,0.004813459996951066,3.7956480809953064e-05,10.559387288987637,0.576804019510746,12.549287028610706
cosine,35,10000,1280,0.0004024447116535157,0.00040663818072061986,0.0004060142974570712,0.00481055063749395,3.7348941987147555e-05,10.641337610781193,0.576804019510746,12.634191855788231
cosine,35,10000,1290,0.0004060730861965567,0.00040418201533611866,0.0004053395684854518,0.004807619707534384,3.702351023093797e-05,10.723350889980793,0.576804019510746,12.719208635389805
cosine,35,10000,1300,0.0004071171279065311,0.00040721683762967587,0.00040606186090230185,0.004804667235999464,3.731767719727941e-05,10.805340267717838,0.6148980334401131,12.804165959358215
cosine,35,10000,1310,0.0004045810201205313,0.0004045364214107394,0.00040543437635471354,0.004801693252028893,3.7910020182607695e-05,10.88750895112753,0.6148980334401131,13.006264306604862
cosine,35,10000,1320,0.0004029346164315939,0.0004049150738865137,0.0004052094849814008,0.004798697784974689,3.720226959558204e-05,10.96956854313612,0.6148980334401131,13.091380909085274
cosine,35,10000,1330,0.00040131108835339546,0.0004038144194055349,0.00040467833159874223,0.004795680864400903,3.7470977986231446e-05,11.051628693938255,0.6148980334401131,13.176451198756695
cosine,35,10000,1340,0.0004038763581775129,0.0004055880679516122,0.00040504926545356705,0.004792642520083327,3.699629814946093e-05,11.133787266910076,0.6148980334401131,13.261584602296352
cosine,35,10000,1350,0.00040266034193336964,0.0004043747700052336,0.0004048069428695998,0.00478958278200919,3.728974115801975e-05,11.216315105557442,0.6148980334401131,13.347139403223991
cosine,35,10000,1360,0.0004047716502100229,0.0004051066905958578,0.00040492022413250424,0.0047865016803768715,3.705217022798024e-05,11.298256769776344,0.6148980334401131,13.432040430605412
cosine,35,10000,1370,0.00040400680154561996,0.0004042987333377823,0.0004046602125230712,0.004783399245595603,3.723189729498699e-05,11.380945228040218,0.6148980334401131,13.51774300634861
cosine,35,10000,1380,0.00040578056359663606,0.000404510393855162,0.00040459656649611403,0.004780275508285161,3.672166712931357e-05,11.462918050587177,0.6148980334401131,13.602725230157375
cosine,35,10000,1390,0.00040295539656654,0.00040445173508487644,0.0004044939064079845,0.0047771304992755715,3.763863423955627e-05,11.544764369726181,0.6148980334401131,13.687535293400288
cosine,35,10000,1400,0.0004038890765514225,0.00040406031766906383,0.0004043498896598187,0.004773964249606805,3.6886056477669626e-05,11.626813136041164,0.6529278084635735,13.77258874475956
cosine,35,10000,1410,0.0004066229739692062,0.0004042683111038059,0.00040429068014197916,0.004770776790528465,3.656394619611092e-05,11.70906525850296,0.6529278084635735,13.974260948598385
cosine,35,10000,1420,0.00040251249447464943,0.0004035523219499737,0.00040391886904943134,0.004767568153499488,3.714213744387962e-05,11.7910825163126,0.6529278084635735,14.059296198189259
cosine,35,10000,1430,0.00040667003486305475,0.0004038518265588209,0.00040392959044430567,0.004764338370187825,3.6576533602783456e-05,11.873837113380432,0.6529278084635735,14.145078003406525
cosine,35,10000,1440,0.00040183711098507047,0.0004031869990285486,0.00040366518018846294,0.004761087472470136,3.721633765962906e-05,11.956052117049694,0.6529278084635735,14.230317935347557
cosine,35,10000,1450,0.00039932719664648175,0.00040284919377882035,0.0004032430606964849,0.004757815492431466,3.727839430212043e-05,12.038177363574505,0.6529278084635735,14.315464414656162
cosine,35,10000,1460,0.00040717917727306485,0.0004023598914500326,0.00040288922050752145,0.004754522462364939,3.666465636342764e-05,12.120260991156101,0.6529278084635735,14.400580175220966
cosine,35,10000,1470,0.00040409754728898406,0.00040389208879787475,0.0004032726295357862,0.00475120841477143,3.6990382795920596e-05,12.20228374749422,0.6529278084635735,14.485571451485157
cosine,35,10000,1480,0.00040320376865565777,0.0004024885827675462,0.0004029268949890261,0.004747873382359254,3.697595093399286e-05,12.2843167334795,0.6529278084635735,14.57057823240757
cosine,35,10000,1490,0.0004060656647197902,0.00040153151785489173,0.000402347761761669,0.004744517398043832,3.6284374800743535e-05,12.36634873598814,0.6529278084635735,14.655609399080276
cosine,35,10000,1500,0.00039560534060001373,0.00040193302556872367,0.0004021428418403771,0.0047411404949473735,3.735486825462431e-05,12.448340639472008,0.6911462172865868,14.740574829280376
cosine,35,10000,1510,0.00040492165135219693,0.0004032129014376551,0.00040263341216402687,0.004737742706398553,3.696875137393363e-05,12.530595257878304,0.6911462172865868,14.94276624917984
cosine,35,10000,1520,0.000404334714403376,0.0004034241894260049,0.0004030133048825468,0.0047343240659321675,3.7101814086781815e-05,12.613174870610237,0.6911462172865868,15.02843028306961
cosine,35,10000,1530,0.0004050600400660187,0.0004028625728096813,0.00040297788531135645,0.004730884607288821,3.6808214645134285e-05,12.695136956870556,0.6911462172865868,15.11339532583952
cosine,35,10000,1540,0.0004019617335870862,0.0004043557768454775,0.00040347626349048296,0.00472742436441458,3.689618824864738e-05,12.77718349546194,0.6911462172865868,15.198454424738884
cosine,35,10000,1550,0.0004027944814879447,0.00040147643303498624,0.0004026684330033903,0.004723943371460646,3.652419036370702e-05,12.859379306435585,0.6911462172865868,15.283702276647091
cosine,35,10000,1560,0.0004067107511218637,0.0004014398524304852,0.0004022294340553358,0.004720441662783012,3.630586070357822e-05,12.94167210906744,0.6911462172865868,15.369046062231064
cosine,35,10000,1570,0.0004019856278318912,0.00040262569673359393,0.0004024422878777204,0.0047169192729421315,3.679787187138572e-05,13.024143636226654,0.6911462172865868,15.454545460641384
cosine,35,10000,1580,0.00040292186895385385,0.0004028324561659247,0.00040259151234590696,0.004713376236702568,3.6669916880782694e-05,13.106345169246197,0.6911462172865868,15.539736837148666
cosine,35,10000,1590,0.00040491099935024977,0.0004039392661070451,0.000403147674715956,0.004709812589032661,3.69154367945157e-05,13.188598677515984,0.6911462172865868,15.624995462596416
cosine,35,10000,1600,0.0004005548544228077,0.0004025262169307098,0.0004028326352298461,0.004706228365104172,3.723906047525816e-05,13.27062662690878,0.7293770387768745,15.71003794670105
cosine,35,10000,1610,0.0004020014312118292,0.0004015278856968507,0.00040231965873245725,0.004702623600291946,3.6890287447022274e-05,13.35290251672268,0.7293770387768745,15.91282694041729
cosine,35,10000,1620,0.0004034283338114619,0.0004017070692498237,0.000402072131487503,0.004698998330173556,3.651229781098664e-05,13.435210473835468,0.7293770387768745,15.99812863022089
cosine,35,10000,1630,0.00039928604383021593,0.00040058859740383924,0.00040144082154787284,0.004695352590528955,3.645957986009307e-05,13.517762541770935,0.7293770387768745,16.0837292522192
cosine,35,10000,1640,0.00039846854633651674,0.000400924394489266,0.0004011567247286769,0.004691686417340119,3.6905548768118024e-05,13.599581934511662,0.7293770387768745,16.16856949031353
cosine,35,10000,1650,0.0004057539044879377,0.00040096488955896346,0.00040111979292541117,0.004687999846790699,3.6107998312218115e-05,13.682163424789906,0.7293770387768745,16.2541611045599
cosine,35,10000,1660,0.00039924343582242727,0.00040081330225802956,0.00040101525239332007,0.004684292915265658,3.6968682252336293e-05,13.764486283063889,0.7293770387768745,16.339502707123756
cosine,35,10000,1670,0.00039796822238713503,0.0004012273624539375,0.00040104825644286443,0.004680565659350914,3.670555088319816e-05,13.846698753535748,0.7293770387768745,16.424724489450455
cosine,35,10000,1680,0.0004010295670013875,0.0004009025025879964,0.00040102454701498847,0.004676818115832978,3.66901331290137e-05,13.928721822798252,0.7293770387768745,16.509787060320377
cosine,35,10000,1690,0.00040197488851845264,0.0004015540413092822,0.0004012205878972147,0.00467305032169859,3.6624158383347094e-05,14.010772928595543,0.7293770387768745,16.594836801290512
cosine,35,10000,1700,0.00040075182914733887,0.0004018072970211506,0.0004014145357226997,0.004669262314134359,3.678028588183224e-05,14.092886075377464,0.7675351500511169,16.679961778223515
cosine,35,10000,1710,0.000395849347114563,0.0003996798419393599,0.00040066767474645343,0.00466545413052639,3.739783278433606e-05,14.17513606697321,0.7675351500511169,16.88235517591238
cosine,35,10000,1720,0.0003987530944868922,0.00040162361401598903,0.0004010094017474227,0.004661625808459918,3.627294790931046e-05,14.257205456495285,0.7675351500511169,16.96740996092558
cosine,35,10000,1730,0.00039891793858259916,0.00040006895724218337,0.00040060088039198293,0.0046577773857189335,3.659187859739177e-05,14.339310936629772,0.7675351500511169,17.052495546638966
cosine,35,10000,1740,0.00040332385106012225,0.00039953991945367305,0.0004001579473013469,0.004653908900285819,3.61569291271735e-05,14.421408794820309,0.7675351500511169,17.13763789832592
cosine,35,10000,1750,0.0003986088267993182,0.0004007878713309765,0.00040044316697566995,0.004650020390340961,3.696823478094302e-05,14.503443747758865,0.7675351500511169,17.222709700465202
cosine,35,10000,1760,0.00039827206637710333,0.000399615106289275,0.0004000830703117054,0.004646111894262385,3.736000871867873e-05,14.585709653794765,0.7675351500511169,17.307995103299618
cosine,35,10000,1770,0.00039886089507490396,0.0004020954889710993,0.00040083767687648387,0.004642183450625368,3.7251382309477776e-05,14.667809523642063,0.7675351500511169,17.393096528947353
cosine,35,10000,1780,0.0003994097060058266,0.00040108244575094433,0.0004009161781023316,0.004638235098202065,3.6623558116843924e-05,14.750501602888107,0.7675351500511169,17.478903114795685
cosine,35,10000,1790,0.00040100765181705356,0.0004001522756880149,0.0004006871112975037,0.004634266875961115,3.640096474555321e-05,14.832529701292515,0.7675351500511169,17.56404396891594
cosine,35,10000,1800,0.00039800512604415417,0.0003982439142419025,0.0003996823680056785,0.004630278823067276,3.636178735177964e-05,14.914593756198883,0.8057926669716835,17.64908478409052
cosine,35,10000,1810,0.00039998802822083235,0.00040014681580942125,0.000399844386383352,0.004626270978881018,3.638072666944936e-05,14.996909126639366,0.8057926669716835,17.851861625909805
cosine,35,10000,1820,0.0004014613223262131,0.00040080855251289904,0.00040025570371210966,0.004622243382958143,3.628108970588073e-05,15.079007737338543,0.8057926669716835,17.937022753059864
cosine,35,10000,1830,0.0003997324383817613,0.0004003140435088426,0.00040026466372964807,0.004618196075049399,3.612185173551552e-05,15.161040753126144,0.8057926669716835,18.022059470415115
cosine,35,10000,1840,0.00039935664972290397,0.0004004463116871193,0.00040025896731106313,0.00461412909510008,3.634153108578175e-05,15.243056185543537,0.8057926669716835,18.107053317129612
cosine,35,10000,1850,0.00040129435365088284,0.0004004932765383273,0.0004004009002255679,0.004610042483249635,3.694474435178563e-05,15.325180687010288,0.8057926669716835,18.192220725119114
cosine,35,10000,1860,0.0004047128604725003,0.00040023378969635817,0.00040039937547767826,0.004605936279831274,3.612646833062172e-05,15.407240957021713,0.8057926669716835,18.277303852140903
cosine,35,10000,1870,0.00039955147076398134,0.0003999980486696586,0.00040026672601032877,0.004601810525371568,3.6790552258025855e-05,15.489314004778862,0.8057926669716835,18.36241114884615
cosine,35,10000,1880,0.0004004952497780323,0.0003994734142906964,0.00039994953992124826,0.004597665260590047,3.612730142776854e-05,15.571393243968487,0.8057926669716835,18.447485975921154
cosine,35,10000,1890,0.0003981267800554633,0.00040000290027819574,0.0003999719065784495,0.004593500526398802,3.673268292914145e-05,15.653445295989513,0.8057926669716835,18.532523535192013
cosine,35,10000,1900,0.00039782875683158636,0.00039986736373975873,0.00039988080290474955,0.0045893163639020755,3.578747055144049e-05,15.735465541481972,0.8439338505268097,18.61755719780922
cosine,35,10000,1910,0.00040025042835623026,0.0004003288777312264,0.0004000946346009579,0.0045851128143958655,3.695964187500067e-05,15.81766053289175,0.8439338505268097,18.819750264286995
cosine,35,10000,1920,0.0004008231917396188,0.0004002031695563346,0.0004001522517848588,0.004580889919367507,3.6335310142021626e-05,15.899836882948875,0.8439338505268097,18.90494606643915
cosine,35,10000,1930,0.00040029746014624834,0.00039940070128068327,0.00039988850770126074,0.00457664772049527,3.620121788117103e-05,15.982169359922409,0.8439338505268097,18.990386180579662
cosine,35,10000,1940,0.00039983465103432536,0.00039949651400092987,0.00039974721734353596,0.004572386259647942,3.5814311559079215e-05,16.064344324171543,0.8439338505268097,19.075615502893925
cosine,35,10000,1950,0.0003998399479314685,0.00039922493160702286,0.0003994951903494791,0.004568105578884422,3.598757757572457e-05,16.14642144739628,0.8439338505268097,19.160764656960964
cosine,35,10000,1960,0.00040120480116456747,0.00040022325119934974,0.0003997607027158226,0.004563805720453306,3.613877561292611e-05,16.228582344949245,0.8439338505268097,19.24597719311714
cosine,35,10000,1970,0.00039919442497193813,0.0003985193179687485,0.00039925909875195123,0.004559486726792455,3.614389424910769e-05,16.310705989599228,0.8439338505268097,19.33112185448408
cosine,35,10000,1980,0.00040278275264427066,0.0003998149069957435,0.00039948858467315986,0.004555148640528593,3.627762998803519e-05,16.39284721016884,0.8439338505268097,19.416289784014225
cosine,35,10000,1990,0.0003971772384829819,0.00039857814845163376,0.0003990695587514648,0.004550791504476883,3.671232479973696e-05,16.4749945551157,0.8439338505268097,19.501506812870502
cosine,35,10000,2000,0.00040184278623200953,0.00039960368594620376,0.0003993314113766964,0.004546415361640496,3.6612636904465035e-05,16.55716211348772,0.8821762949228287,19.586675688624382
cosine,35,10000,2010,0.0003975979925598949,0.000400338665349409,0.00039971455723926934,0.004542020255210196,3.645617107395083e-05,16.63938059657812,0.8821762949228287,19.854435689747334
cosine,35,10000,2020,0.00039882451528683305,0.0003981857385952026,0.0003990943453744553,0.004537606228563911,3.659111462184228e-05,16.721442960202694,0.8821762949228287,19.93951567262411
cosine,35,10000,2030,0.00039794965414330363,0.00039941429276950656,0.00039922242183433354,0.0045331733252663,3.634929453255609e-05,16.80369544774294,0.8821762949228287,20.024786964058876
cosine,35,10000,2040,0.00039501162245869637,0.00039908285543788224,0.0003991321172794502,0.004528721589068328,3.658438436104916e-05,16.88625108450651,0.8821762949228287,20.110425986349583
cosine,35,10000,2050,0.00040052266558632255,0.0003986206982517615,0.00039891959259236094,0.004524251063906836,3.5966044379165396e-05,16.968565583229065,0.8821762949228287,20.19576431810856
cosine,35,10000,2060,0.0004004294751212001,0.0003972344129579142,0.000398226037211297,0.004519761793904102,3.6241726775188e-05,17.051419787108898,0.8821762949228287,20.281722240149975
cosine,35,10000,2070,0.0003967192315030843,0.00039821254031267015,0.00039819129026085175,0.004515253823367407,3.6227596865501255e-05,17.133508764207363,0.8821762949228287,20.366843208670616
cosine,35,10000,2080,0.0003948263474740088,0.0003982476657256484,0.00039822297997180075,0.004510727196788603,3.688897049869411e-05,17.215636432170868,0.8821762949228287,20.45198903977871
cosine,35,10000,2090,0.00039783812826499343,0.0003984009235864505,0.00039831308615157813,0.004506181958843666,3.667025885079056e-05,17.297726519405842,0.8821762949228287,20.53712398558855
cosine,35,10000,2100,0.000398061063606292,0.0003987877687904984,0.0003985374947673681,0.004501618154392257,3.59037185262423e-05,17.379791416227818,0.920617088675499,20.622197225689888
cosine,35,10000,2110,0.00040107264067046344,0.0003993865830125287,0.00039891802039130725,0.0044970358284772876,3.5950946767115965e-05,17.46197523921728,0.920617088675499,20.810808688402176
cosine,35,10000,2120,0.0003951362450607121,0.00039789018337614833,0.0003984477008002869,0.004492435026324461,3.6113775422563776e-05,17.544725984334946,0.920617088675499,20.89663715660572
cosine,35,10000,2130,0.0003937765723094344,0.00039686718373559414,0.0003978120478712693,0.00448781579334184,3.613939043134451e-05,17.62688187509775,0.920617088675499,20.98185132443905
cosine,35,10000,2140,0.00039751402800902724,0.0003983690810855478,0.0003980409411266168,0.004483178175119387,3.647153062047437e-05,17.708947509527206,0.920617088675499,21.06694210320711
cosine,35,10000,2150,0.00039731888682581484,0.00039813239418435843,0.00039814648003073553,0.0044785222174285235,3.637307236203924e-05,17.791066825389862,0.920617088675499,21.152097135782242
cosine,35,10000,2160,0.0003963038616348058,0.00039712756697554143,0.00039772243397550374,0.004473847966221672,3.603398727136664e-05,17.873109072446823,0.920617088675499,21.23713530600071
cosine,35,10000,2170,0.0003952357219532132,0.000398540889727883,0.00039801938378030343,0.004469155467631802,3.6283276131143793e-05,17.955996207892895,0.920617088675499,21.323113940656185
cosine,35,10000,2180,0.00039651046972721815,0.000397108105244115,0.0003976350159082399,0.004464444767971983,3.59805126208812e-05,18.038241274654865,0.920617088675499,21.408429451286793
cosine,35,10000,2190,0.0004004733054898679,0.0003979569359216839,0.000397755914705021,0.004459715913734918,3.575923983589746e-05,18.120856881141663,0.920617088675499,21.494076408445835
cosine,35,10000,2200,0.00040051527321338654,0.00039815781346987935,0.00039793567573074575,0.004454968951592488,3.5684428439708427e-05,18.203350961208344,0.9587532132863998,21.579639472067356
cosine,35,10000,2210,0.00039754793397150934,0.0003982357680797577,0.0003981084208828651,0.004450203928395295,3.624376768129878e-05,18.285649813711643,0.9587532132863998,21.782514944672585
cosine,35,10000,2220,0.0003982723574154079,0.0003983827511547133,0.0003982343023744965,0.004445420891172195,3.628508420661092e-05,18.367863819003105,0.9587532132863998,21.867741264402866
cosine,35,10000,2230,0.00039728579577058554,0.00039928869518917053,0.00039862713106665837,0.004440619887129831,3.6503221053862944e-05,18.450722262263298,0.9587532132863998,21.953657157719135
cosine,35,10000,2240,0.0003980266337748617,0.00039798528596293183,0.00039833496628675317,0.004435800963652178,3.596152237150818e-05,18.532785028219223,0.9587532132863998,22.038758039474487
cosine,35,10000,2250,0.00039698585169389844,0.0003977268497692421,0.0003981081333456379,0.004430964168300064,3.614104934968054e-05,18.615024276077747,0.9587532132863998,22.123986706137657
cosine,35,10000,2260,0.0003996762970928103,0.00039854031347204,0.0003983350848669513,0.004426109548810705,3.583064244594425e-05,18.697119012475014,0.9587532132863998,22.2091269120574
cosine,35,10000,2270,0.00039681093767285347,0.0003975938627263531,0.0003979676072297883,0.004421237153097237,3.5957065847469494e-05,18.779088102281094,0.9587532132863998,22.294092759490013
cosine,35,10000,2280,0.00039426935836672783,0.0003973746352130547,0.0003977065143405056,0.004416347029248238,3.601741263992153e-05,18.861117742955685,0.9587532132863998,22.379137352108955
cosine,35,10000,2290,0.0003992984420619905,0.00039842256519477813,0.00039803288529720055,0.004411439225527255,3.591724089346826e-05,18.943254306912422,0.9587532132863998,22.464292481541634
cosine,35,10000,2300,0.0003983706992585212,0.00039739921339787543,0.00039775372643247866,0.004406513790372333,3.609728446463123e-05,19.02533646672964,0.9969189316034317,22.54939679801464
cosine,35,10000,2310,0.000396654853830114,0.00039672252896707507,0.0003973670794997435,0.004401570772395523,3.576498056645505e-05,19.10790828615427,0.9969189316034317,22.753363087773323
cosine,35,10000,2320,0.00039824118721298873,0.0003969782090280205,0.00039719589513260024,0.004396610220382424,3.5644814488478005e-05,19.19006683677435,0.9969189316034317,22.838542357087135
cosine,35,10000,2330,0.00039792092866264284,0.0003967937780544162,0.0003970318509057631,0.004391632183291674,3.582039789762348e-05,19.272121757268906,0.9969189316034317,22.923607423901558
cosine,35,10000,2340,0.00039505973109044135,0.0003971644619014114,0.000397103923905695,0.004386636710254495,3.6673918657470495e-05,19.35440944135189,0.9969189316034317,23.008927136659622
cosine,35,10000,2350,0.0003981642075814307,0.0003956730623031035,0.0003965975352362459,0.004381623850574188,3.5890141589334235e-05,19.436778619885445,0.9969189316034317,23.09433814883232
cosine,35,10000,2360,0.00039283226942643523,0.0003952645056415349,0.0003960682972331358,0.004376593653725651,3.649652353487909e-05,19.518960043787956,0.9969189316034317,23.17956244945526
cosine,35,10000,2370,0.0003943235788028687,0.00039574747497681526,0.0003958546356850456,0.004371546169354901,3.549168832250871e-05,19.601680733263493,0.9969189316034317,23.2653678804636
cosine,35,10000,2380,0.0003968863165937364,0.00039624773489777,0.0003960498074246928,0.0043664814472785685,3.576918243197724e-05,19.683762602508068,0.9969189316034317,23.35045788437128
cosine,35,10000,2390,0.00039705884410068393,0.00039540413417853414,0.0003958418527476412,0.004361399537483416,3.583123907446861e-05,19.766203247010708,0.9969189316034317,23.435925476253033
cosine,35,10000,2400,0.00039571753586642444,0.0003970643389038742,0.00039629294428622974,0.004356300490125841,3.569625914678909e-05,19.848545715212822,1.0348470211029053,23.521290436387062
cosine,35,10000,2410,0.00039391525206156075,0.0003966080257669091,0.00039635589130364654,0.004351184355531382,3.651984661701135e-05,19.930665992200375,1.0348470211029053,23.723813757300377
cosine,35,10000,2420,0.00039396368083544075,0.00039630574465263633,0.0003963106010196995,0.004346051184194224,3.605508027249016e-05,20.012566901743412,1.0348470211029053,23.808665119111538
cosine,35,10000,2430,0.0003990376426372677,0.0003965927171520889,0.00039642329440543885,0.004340901026776693,3.5616118111647666e-05,20.094599336385727,1.0348470211029053,23.893671192228794
cosine,35,10000,2440,0.00039289798587560654,0.0003962029266403988,0.0003963176010154066,0.0043357339341087665,3.5351076803635806e-05,20.176697731018066,1.0348470211029053,23.978779837489128
cosine,35,10000,2450,0.0003951171529479325,0.00039492902578786016,0.0003957491304898928,0.004330549957187562,3.606660175137222e-05,20.259071826934814,1.0348470211029053,24.064255110919476
cosine,35,10000,2460,0.00039244251092895865,0.0003958173474529758,0.00039575840356641267,0.004325349147176836,3.62392129318323e-05,20.341158255934715,1.0348470211029053,24.149410530924797
cosine,35,10000,2470,0.00039662187919020653,0.0003966352407587692,0.0003961326089238222,0.004320131555406486,3.573955473257229e-05,20.42335818707943,1.0348470211029053,24.234618544578552
cosine,35,10000,2480,0.0003949924139305949,0.00039564651378896085,0.00039594967191722947,0.004314897233372039,3.5895893233828247e-05,20.505534648895264,1.0348470211029053,24.31987626850605
cosine,35,10000,2490,0.0003954685525968671,0.000396656699012965,0.00039623451055465425,0.004309646232734136,3.52748429577332e-05,20.587880931794643,1.0348470211029053,24.405314572155476
cosine,35,10000,2500,0.00039623642805963755,0.0003960937523515895,0.0003961323422562677,0.004304378605318036,3.527049193507992e-05,20.67077950388193,1.0730275362730026,24.491366170346737
cosine,35,10000,2510,0.0003963478375226259,0.000395646903780289,0.0003959433007186436,0.004299094403113093,3.5652370570460334e-05,20.753267467021942,1.0730275362730026,24.69574659317732
cosine,35,10000,2520,0.000392084737541154,0.00039466059824917467,0.0003954017044858007,0.0042937936782722515,3.5846060200128704e-05,20.83539042621851,1.0730275362730026,24.780914284288883
cosine,35,10000,2530,0.00039302135701291263,0.000394657434662804,0.00039507031842509664,0.004288476483111524,3.5704259062185884e-05,20.91792843490839,1.0730275362730026,24.866494543850422
cosine,35,10000,2540,0.00039123554597608745,0.0003954752755817026,0.0003951426062825621,0.004283142870109481,3.56972923327703e-05,21.000459514558315,1.0730275362730026,24.95206254720688
cosine,35,10000,2550,0.00039323497912846506,0.0003948654804844409,0.0003949642065653868,0.004277792891906732,3.606034806580283e-05,21.082540474832058,1.0730275362730026,25.037185661494732
cosine,35,10000,2560,0.00039663942879997194,0.0003956337342970073,0.00039518372820180573,0.004272426601305399,3.594699228415266e-05,21.165183067321777,1.0730275362730026,25.12292943149805
cosine,35,10000,2570,0.0003963405906688422,0.00039533436356578024,0.00039526192284507195,0.004267044051268602,3.554597060428932e-05,21.247238844633102,1.0730275362730026,25.20804750174284
cosine,35,10000,2580,0.00039506255416199565,0.000395648178528063,0.0003954322651260014,0.004261645294919941,3.6244859074940905e-05,21.329577140510082,1.0730275362730026,25.293442778289318
cosine,35,10000,2590,0.00039588374784216285,0.00039623636985197663,0.00039574818137532016,0.0042562303855429575,3.51313101418782e-05,21.412281669676304,1.0730275362730026,25.379197850823402
cosine,35,10000,2600,0.00039531459333375096,0.0003959828114602715,0.00039580604825451417,0.004250799376580624,3.5395223676459864e-05,21.494398295879364,1.1117222383618355,25.464353121817112
cosine,35,10000,2610,0.00039573333924636245,0.000395229589776136,0.0003955519066561424,0.004245352321634806,3.520058817230165e-05,21.5770940259099,1.1117222383618355,25.671292833983898
cosine,35,10000,2620,0.0003950938698835671,0.00039433418423868717,0.00039507958312025196,0.004239889274465734,3.546951847965829e-05,21.659864149987698,1.1117222383618355,25.757122047245502
cosine,35,10000,2630,0.00039543298771604896,0.00039493733493145555,0.00039499704322584257,0.004234410288991481,3.550693509168923e-05,21.742620706558228,1.1117222383618355,25.843047477304935
cosine,35,10000,2640,0.00039549381472170353,0.00039503292355220766,0.00039501018030585033,0.0042289154192874205,3.479392034932971e-05,21.82468768209219,1.1117222383618355,25.928158454596996
cosine,35,10000,2650,0.00039344833930954337,0.0003944206255255267,0.00039470760620723144,0.004223404719585698,3.52241077052895e-05,21.906937271356583,1.1117222383618355,26.013477362692356
cosine,35,10000,2660,0.0003904777695424855,0.00039421539986506104,0.00039449468439516766,0.004217878244274698,3.5826607927447185e-05,21.989005751907825,1.1117222383618355,26.098520651459694
cosine,35,10000,2670,0.00039435498183593154,0.0003935199783882126,0.00039409972861000845,0.004212336047898498,3.5444896639091894e-05,22.07111757993698,1.1117222383618355,26.18361110240221
cosine,35,10000,2680,0.000393329537473619,0.00039559470023959876,0.00039462268662457135,0.004206778185156336,3.541517799021676e-05,22.153306432068348,1.1117222383618355,26.268850199878216
cosine,35,10000,2690,0.00039242813363671303,0.0003944577736547217,0.0003944860717230848,0.004201204710902078,3.566761006368324e-05,22.235426016151905,1.1117222383618355,26.354013793170452
cosine,35,10000,2700,0.00039211209514178336,0.0003943974443245679,0.00039444579123186404,0.004195615680143662,3.5224824387114495e-05,22.31830344349146,1.1499000042676926,26.440010108053684
cosine,35,10000,2710,0.00039092882070690393,0.0003945920820115134,0.0003944665555904377,0.004190011148042568,3.551701593096368e-05,22.40064213424921,1.1499000042676926,26.64501342177391
cosine,35,10000,2720,0.0003947447403334081,0.00039334205794148145,0.0003939848271381091,0.004184391169913262,3.483345062704757e-05,22.482758089900017,1.1499000042676926,26.73014547675848
cosine,35,10000,2730,0.0004009641706943512,0.00039439339307136836,0.00039423134232710914,0.004178755801222662,3.505364657030441e-05,22.565497055649757,1.1499000042676926,26.81594370305538
cosine,35,10000,2740,0.00039645147626288235,0.00039505601453129204,0.00039453867419414224,0.004173105097589579,3.54811163560953e-05,22.64794185757637,1.1499000042676926,26.90146891772747
cosine,35,10000,2750,0.0003925022901967168,0.0003942385432310402,0.0003944169814248616,0.004167439114784179,3.576078961486928e-05,22.729859970510006,1.1499000042676926,26.98645283281803
cosine,35,10000,2760,0.00039224250940606,0.0003943482763133943,0.00039439949716837106,0.004161757908727423,3.557527088560164e-05,22.81281054019928,1.1499000042676926,27.07256807386875
cosine,35,10000,2770,0.00039555830880999565,0.00039441096305381507,0.00039442055689397785,0.004156061535490522,3.502012259559706e-05,22.89524006843567,1.1499000042676926,27.158048570156097
cosine,35,10000,2780,0.00039270453271456063,0.00039308335981331767,0.0003938744097509324,0.004150350051294378,3.567160456441343e-05,22.97740138322115,1.1499000042676926,27.243282429873943
cosine,35,10000,2790,0.00039880460826680064,0.000393414733116515,0.0003937695292527782,0.004144623512509036,3.4989090636372566e-05,23.059504866600037,1.1499000042676926,27.328407518565655
cosine,35,10000,2800,0.0003952217230107635,0.00039446039590984583,0.0003940464234099437,0.004138881975653123,3.5149507311871275e-05,23.141746796667576,1.188285268843174,27.413710832595825
cosine,35,10000,2810,0.00039097818080335855,0.0003935169952455908,0.0003937930503769278,0.00413312549739329,3.531376933096908e-05,23.224035747349262,1.188285268843174,27.618805542588234
cosine,35,10000,2820,0.0003938542795367539,0.00039488080074079335,0.0003942108993331697,0.004127354134543652,3.556328374543227e-05,23.30622973293066,1.188285268843174,27.704095773398876
cosine,35,10000,2830,0.00039207766531035304,0.0003938903275411576,0.00039405027349241644,0.004121567944065231,3.5481360100675374e-05,23.388529986143112,1.188285268843174,27.789498388767242
cosine,35,10000,2840,0.0003947400255128741,0.00039474681834690274,0.0003942655040038398,0.004115766983065393,3.513942283461802e-05,23.471058815717697,1.188285268843174,27.875113435089588
cosine,35,10000,2850,0.0003948636876884848,0.00039358107023872434,0.0003939457317724117,0.0041099513087972765,3.542039485182613e-05,23.553385488688946,1.188285268843174,27.96045808494091
cosine,35,10000,2860,0.0003963364288210869,0.00039464253641199323,0.0003942092894575815,0.00410412097865924,3.4958407923113555e-05,23.635535679757595,1.188285268843174,28.0456240773201
cosine,35,10000,2870,0.0003894879191648215,0.00039382197719532995,0.0003940163744377772,0.004098276050194291,3.546694279066287e-05,23.71768344193697,1.188285268843174,28.130847953259945
cosine,35,10000,2880,0.00039179937448352575,0.00039507740293629465,0.00039440197217382924,0.004092416581089512,3.5535133065423e-05,23.79981802403927,1.188285268843174,28.21602638810873
cosine,35,10000,2890,0.00039300930802710354,0.0003941131202736869,0.0003942779673171415,0.0040865426291754985,3.5295051930006593e-05,23.88199058175087,1.188285268843174,28.30126041918993
cosine,35,10000,2900,0.00039437494706362486,0.00039399027300532905,0.0003941930384231488,0.004080654252425782,3.4936165320686996e-05,23.964071452617645,1.2266703397035599,28.386387698352337
cosine,35,10000,2910,0.00039152224780991673,0.0003933018771931529,0.00039381949967353606,0.0040747515089562675,3.4996286558452994e-05,24.046330526471138,1.2266703397035599,28.591497473418713
cosine,35,10000,2920,0.00039468257455155253,0.0003943105781218037,0.00039406051174456936,0.004068834457024646,3.4906068322015926e-05,24.128630504012108,1.2266703397035599,28.676916182041168
cosine,35,10000,2930,0.00039259728509932756,0.00039475800876971335,0.00039435948877055734,0.004062903155029834,3.501249375403859e-05,24.211318239569664,1.2266703397035599,28.762693911790848
cosine,35,10000,2940,0.0003911612438969314,0.0003919516922906041,0.0003933027768806239,0.004056957661511387,3.478258804534562e-05,24.29351906478405,1.2266703397035599,28.847981058061123
cosine,35,10000,2950,0.00039816120988689363,0.00039444376598112284,0.0003938375607061997,0.004050998035148926,3.48046887665987e-05,24.37568187713623,1.2266703397035599,28.933214358985424
cosine,35,10000,2960,0.00039186119101941586,0.0003940739203244448,0.0003939567259767724,0.0040450243347615565,3.519464371493086e-05,24.45781995356083,1.2266703397035599,29.018476970493793
cosine,35,10000,2970,0.0003972659760620445,0.0003940065682400018,0.0003939775092024943,0.004039036619307291,3.478332655504346e-05,24.54042060673237,1.2266703397035599,29.104243256151676
cosine,35,10000,2980,0.0003924024058505893,0.00039397840737365186,0.0003940144231202785,0.004033034947882462,3.496470890240744e-05,24.623078495264053,1.2266703397035599,29.18996811658144
cosine,35,10000,2990,0.0003940737806260586,0.0003936874330975115,0.00039393532540229256,0.004027019379721143,3.4670236345846206e-05,24.705189421772957,1.2266703397035599,29.275124095380306
cosine,35,10000,3000,0.000390475062886253,0.0003918858536053449,0.00039310979238930846,0.004020989974194565,3.479216684354469e-05,24.787280336022377,1.2648313492536545,29.360281132161617
cosine,35,10000,3010,0.0003904640907421708,0.0003926345845684409,0.0003929317996768451,0.004014946790810527,3.449074210948311e-05,24.869716934859753,1.2648313492536545,29.631727553904057
cosine,35,10000,3020,0.0003945700591430068,0.00039181429310701786,0.0003925038277330668,0.004008889889212806,3.469684816082008e-05,24.951846949756145,1.2648313492536545,29.71694316715002
cosine,35,10000,3030,0.0003975415020249784,0.0003940825234167278,0.00039316954623131286,0.004002819329180577,3.4837583370972425e-05,25.03404278308153,1.2648313492536545,29.802157290279865
cosine,35,10000,3040,0.0003913496038876474,0.0003935070155421272,0.0003933171261770534,0.003996735170627818,3.527356602717191e-05,25.116268634796143,1.2648313492536545,29.88749259710312
cosine,35,10000,3050,0.0003929667000193149,0.00039237639866769315,0.000392907323145802,0.003990637473602718,3.443671084824018e-05,25.198336578905582,1.2648313492536545,29.97260443121195
cosine,35,10000,3060,0.00039190499228425324,0.00039260033227037636,0.00039278360786796745,0.003984526298287084,3.504347114358097e-05,25.280454993247986,1.2648313492536545,30.05778581649065
cosine,35,10000,3070,0.00039229568210430443,0.00039403498522005975,0.0003932664710339436,0.003978401704995747,3.523630221025087e-05,25.36250811815262,1.2648313492536545,30.142840638756752
cosine,35,10000,3080,0.0003939787857234478,0.00039386381686199454,0.00039351017109081645,0.003972263754175973,3.4777625842252746e-05,25.44513736665249,1.2648313492536545,30.228534869849682
cosine,35,10000,3090,0.0003904291370417923,0.0003924924210878089,0.0003930828498757482,0.003966112506406858,3.482724787318148e-05,25.527420662343502,1.2648313492536545,30.31390703469515
cosine,35,10000,3100,0.000393395108403638,0.0003944941621739417,0.0003936796886485383,0.0039599480223987335,3.477129575912841e-05,25.609802789986134,1.3034567534923553,30.399331875145435
cosine,35,10000,3110,0.00038854312151670456,0.00039104458410292863,0.0003925705746007347,0.003953770362992568,3.511243994580582e-05,25.69209072738886,1.3034567534923553,30.590052276849747
cosine,35,10000,3120,0.00039158196887001395,0.00039191059477161616,0.000392289625508951,0.003947579589159367,3.4767621400533244e-05,25.774758748710155,1.3034567534923553,30.67579322308302
cosine,35,10000,3130,0.0003924228949472308,0.00039237485616467894,0.0003922842031179068,0.003941375761999566,3.480672603473067e-05,25.856946289539337,1.3034567534923553,30.76105046272278
cosine,35,10000,3140,0.00039116700645536184,0.00039268356340471655,0.0003924174788671616,0.003935158942742436,3.4681357647059485e-05,25.9395217821002,1.3034567534923553,30.846694968640804
cosine,35,10000,3150,0.0003903731412719935,0.00039157090650405736,0.0003920266655912139,0.003928929192745475,3.49780784745235e-05,26.02192098647356,1.3034567534923553,30.932127714157104
cosine,35,10000,3160,0.00039760995423421264,0.0003929373429855332,0.0003924529260306809,0.003922686573493799,3.45259795722086e-05,26.104180611670017,1.3034567534923553,31.017416432499886
cosine,35,10000,3170,0.00039321486838161945,0.00039193276315927503,0.0003922139089663734,0.0039164311465995395,3.488652509986423e-05,26.186554223299026,1.3034567534923553,31.102868378162384
cosine,35,10000,3180,0.0003948428202420473,0.0003932434192392975,0.0003926716522456016,0.003910162973801234,3.418189589865506e-05,26.268624633550644,1.3034567534923553,31.18796992301941
cosine,35,10000,3190,0.0003937264555133879,0.0003923300857422873,0.00039253578085360184,0.0039038821169632204,3.454189209151082e-05,26.351275213062763,1.3034567534923553,31.273696340620518
cosine,35,10000,3200,0.00039158453000709414,0.000392280999221839,0.0003924892250471206,0.0038975886380750177,3.48852263414301e-05,26.433640152215958,1.341824047267437,31.35915880650282
cosine,35,10000,3210,0.0003935330896638334,0.000391603953903541,0.0003921650220024804,0.003891282599250722,3.444124013185501e-05,26.516001105308533,1.341824047267437,31.565058045089245
cosine,35,10000,3220,0.0003939432790502906,0.00039154494588728995,0.0003920033329390656,0.0038849640627283896,3.444034155108966e-05,26.59828570485115,1.341824047267437,31.650400184094906
cosine,35,10000,3230,0.00039518275298178196,0.0003921356546925381,0.0003919979266529892,0.0038786330908694277,3.416116305743344e-05,26.68086690455675,1.341824047267437,31.736041836440563
cosine,35,10000,3240,0.0003892832901328802,0.0003926028701243922,0.0003921744554738867,0.0038722897461579706,3.477404607110657e-05,26.763028919696808,1.341824047267437,31.821266442537308
cosine,35,10000,3250,0.0003936478169634938,0.0003910863655619323,0.0003918066338414102,0.0038659340912002692,3.415860919631086e-05,26.845784656703472,1.341824047267437,31.907151892781258
cosine,35,10000,3260,0.0003922870382666588,0.000390976550988853,0.0003914866197679551,0.003859566188724073,3.47700624843128e-05,26.928177669644356,1.341824047267437,31.992626279592514
cosine,35,10000,3270,0.0003898070426657796,0.0003914421860827133,0.000391466492976378,0.0038531861015780097,3.454611942288466e-05,27.01041754335165,1.341824047267437,32.07790756225586
cosine,35,10000,3280,0.0003961451002396643,0.0003917213442036882,0.00039163962798076585,0.0038467938927309623,3.424024907872081e-05,27.09261989593506,1.341824047267437,32.16319917887449
cosine,35,10000,3290,0.00038947039865888655,0.0003921121096936986,0.0003918248643572692,0.0038403896252714514,3.4379580029053614e-05,27.175212167203426,1.341824047267437,32.24884566664696
cosine,35,10000,3300,0.00039228005334734917,0.0003905162011506036,0.0003913195236365858,0.003833973362407014,3.422934969421476e-05,27.258077651262283,1.380001813173294,32.33481030911207
cosine,35,10000,3310,0.00039477620157413185,0.0003900260926457122,0.00039088238868874184,0.003827545167463569,3.389354606042616e-05,27.34044359624386,1.380001813173294,32.54064840078354
cosine,35,10000,3320,0.0003938663867302239,0.00039264846418518573,0.00039155611829001785,0.0038211051038848096,3.3839100069599226e-05,27.422596663236618,1.380001813173294,32.625876262784004
cosine,35,10000,3330,0.00038932604365982115,0.00039217017183545977,0.0003917127115213198,0.003814653235231561,3.427821138757281e-05,27.505243100225925,1.380001813173294,32.711657628417015
cosine,35,10000,3340,0.0003923547628801316,0.00039102842565625907,0.0003914449257737658,0.003808189625181164,3.407883195905015e-05,27.587699972093105,1.380001813173294,32.79716648161411
cosine,35,10000,3350,0.00038982671685516834,0.0003915250184945762,0.0003914562810421601,0.0038017143375268393,3.441217268118635e-05,27.66986622661352,1.380001813173294,32.88235955685377
cosine,35,10000,3360,0.00039129791548475623,0.0003925618279026821,0.00039188380352187283,0.0037952274361770606,3.4416916605550796e-05,27.752559915184975,1.380001813173294,32.96809098124504
cosine,35,10000,3370,0.0003882205346599221,0.0003923498239601031,0.0003920632708756312,0.0037887289851549297,3.4586362744448707e-05,27.83479370176792,1.380001813173294,33.05333471298218
cosine,35,10000,3380,0.0003915040288120508,0.00039124198665376755,0.00039178502510651443,0.0037822190485975295,3.383401417522691e-05,27.917302891612053,1.380001813173294,33.13885923475027
cosine,35,10000,3390,0.000391725217923522,0.00039062623982317747,0.0003913097783304105,0.0037756976907553095,3.416544132051058e-05,27.99965052306652,1.380001813173294,33.22423454374075
cosine,35,10000,3400,0.0003906620549969375,0.00039138717111200096,0.0003913178541407113,0.0037691649759914363,3.381078931852244e-05,28.08179159462452,1.4184432700276375,33.309378653764725
cosine,35,10000,3410,0.0003926404460798949,0.00039105921168811617,0.00039123664434839755,0.0037626209687811685,3.398611443117261e-05,28.163941763341427,1.4184432700276375,33.51459503918886
cosine,35,10000,3420,0.000390339526347816,0.00039148060022853315,0.0003913469391233445,0.0037560657337112145,3.426449256949127e-05,28.245771303772926,1.4184432700276375,33.59942007064819
cosine,35,10000,3430,0.0003910530358552933,0.0003913503082003444,0.00039131281244883347,0.0037494993354790992,3.4121880162274465e-05,28.327738396823406,1.4184432700276375,33.684377670288086
cosine,35,10000,3440,0.0003914957633242011,0.000390328184585087,0.0003909105612280024,0.003742921838892521,3.400841524126008e-05,28.409787096083164,1.4184432700276375,33.76942986994982
cosine,35,10000,3450,0.0003904715122189373,0.0003918210364645347,0.00039126898807599966,0.003736333308868716,3.463872417341918e-05,28.491855643689632,1.4184432700276375,33.8544886931777
cosine,35,10000,3460,0.00038838019827380776,0.00039099474088288844,0.0003911284041879222,0.0037297338104338145,3.431944423937239e-05,28.573924474418163,1.4184432700276375,33.93953365832567
cosine,35,10000,3470,0.0003915416600648314,0.0003909101244062185,0.00039096135265641335,0.003723123408722203,3.386090247659013e-05,28.656058207154274,1.4184432700276375,34.02467688173056
cosine,35,10000,3480,0.00039026845479384065,0.00039138505817390976,0.00039111298416806214,0.0037165021689758793,3.398491389816627e-05,28.73809304833412,1.4184432700276375,34.1097192466259
cosine,35,10000,3490,0.00039374243351630867,0.0003904777637217194,0.0003909321697442811,0.0037098701565438045,3.3912543585756794e-05,28.820235908031464,1.4184432700276375,34.194885566830635
cosine,35,10000,3500,0.0003889798535965383,0.0003922334086382762,0.00039143543603998015,0.0037032274368812654,3.4072596463374794e-05,28.9028664752841,1.4565765783190727,34.28053671866655
cosine,35,10000,3510,0.00038636336103081703,0.0003910461236955598,0.00039123858198531554,0.0036965740755492225,3.412963997106999e-05,28.98525609821081,1.4565765783190727,34.485560826957226
cosine,35,10000,3520,0.00039193080738186836,0.00039099849527701735,0.0003911381485118635,0.0036899101382136656,3.413919694139622e-05,29.06744858622551,1.4565765783190727,34.57084809243679
cosine,35,10000,3530,0.00038768642116338015,0.0003905479155946523,0.0003908205489492003,0.003683235690644965,3.349383041495457e-05,29.15026006102562,1.4565765783190727,34.656783290207386
cosine,35,10000,3540,0.00039392104372382164,0.0003899923642165959,0.00039054795893628735,0.0036765507987172276,3.373249637661502e-05,29.23244647681713,1.4565765783190727,34.74201975762844
cosine,35,10000,3550,0.0003910778323188424,0.0003898225724697113,0.00039032061497039827,0.003669855528407634,3.354044019943103e-05,29.3148040920496,1.4565765783190727,34.827386774122715
cosine,35,10000,3560,0.00038776732981204987,0.00038961200043559075,0.0003899977729133935,0.0036631499457958003,3.3868785976665094e-05,29.397471584379673,1.4565765783190727,34.91313724219799
cosine,35,10000,3570,0.0003916379064321518,0.0003916003042832017,0.00039068120789628215,0.0036564341170631197,3.3436699595768005e-05,29.4795108884573,1.4565765783190727,34.99817306548357
cosine,35,10000,3580,0.00039077113615348935,0.00039060094859451057,0.0003906613855857912,0.00364970810849211,3.3622269256738946e-05,29.562277287244797,1.4565765783190727,35.08398163318634
cosine,35,10000,3590,0.00038584676804021,0.00038987246225588026,0.00039026275876961186,0.00364297198646576,3.3959364373004064e-05,29.64445585757494,1.4565765783190727,35.169159449636936
cosine,35,10000,3600,0.0003892728709615767,0.00038877409533597527,0.00038967273328758607,0.003636225817466876,3.378668043296784e-05,29.727291263639927,1.4948176816105843,35.25507805496454
cosine,35,10000,3610,0.00039141305023804307,0.00038973841001279654,0.00038977202448253073,0.003629469668077422,3.35789482051041e-05,29.80960365384817,1.4948176816105843,35.460946805775166
cosine,35,10000,3620,0.00038999185198917985,0.00039066374592948704,0.00039015290130067976,0.0036227036049778635,3.401275534997694e-05,29.89174434542656,1.4948176816105843,35.54614516347647
cosine,35,10000,3630,0.00039057800313457847,0.00039027867023833096,0.00039019731189924954,0.003615927694946513,3.3504173188703135e-05,29.97381953150034,1.4948176816105843,35.63124806433916
cosine,35,10000,3640,0.0003920567105524242,0.0003897361399140209,0.0003900201647740659,0.0036091420048588695,3.373812432982959e-05,30.05595687031746,1.4948176816105843,35.716442823410034
cosine,35,10000,3650,0.0003887140192091465,0.00039046137244440614,0.00039018609026632766,0.0036023466016869513,3.3734311728039756e-05,30.138036333024502,1.4948176816105843,35.80153539776802
cosine,35,10000,3660,0.00039072686922736466,0.00039124172471929344,0.00039056975346674235,0.0035955415524986448,3.411695433896966e-05,30.220706179738045,1.4948176816105843,35.8872596770525
cosine,35,10000,3670,0.00039071968058124185,0.00038973774935584514,0.0003902232623472588,0.003588726924457039,3.340580951771699e-05,30.302903056144714,1.4948176816105843,35.97249861061573
cosine,35,10000,3680,0.00038790079997852445,0.00039087232144083826,0.00039049234256610145,0.0035819027848197627,3.4081538615282625e-05,30.3849341198802,1.4948176816105843,36.057528011500835
cosine,35,10000,3690,0.0003899102157447487,0.0003902275493601337,0.00039035041602939434,0.0035750692009383165,3.366371674928814e-05,30.467690907418728,1.4948176816105843,36.14331667870283
cosine,35,10000,3700,0.00039146310882642865,0.0003888617298798636,0.00038975660144935213,0.0035682262402574154,3.35124132107012e-05,30.549927413463593,1.5330524146556854,36.22855553030968
cosine,35,10000,3710,0.0003904633631464094,0.0003878735995385796,0.00038906048644656954,0.0035613739703143172,3.377687608008273e-05,30.632301673293114,1.5330524146556854,36.43470352143049
cosine,35,10000,3720,0.0003885095356963575,0.00038909393479116263,0.0003890791044034643,0.003554512458738163,3.300142998341471e-05,30.714324936270714,1.5330524146556854,36.51978897303343
cosine,35,10000,3730,0.0003905748308170587,0.0003883119788952172,0.000388786841678429,0.0035476417732493003,3.334568100399338e-05,30.796597592532635,1.5330524146556854,36.60515929758549
cosine,35,10000,3740,0.00038602453423663974,0.0003882553690345958,0.0003886023672420761,0.0035407619816586215,3.3503572922199965e-05,30.87877695262432,1.5330524146556854,36.6904289573431
cosine,35,10000,3750,0.0003882221062667668,0.0003890847146976739,0.00038878312612719443,0.0035338731518668896,3.3663574868114665e-05,30.961676217615604,1.5330524146556854,36.77649445831776
cosine,35,10000,3760,0.00039035920053720474,0.0003901808289811015,0.00038931288158132926,0.003526975351864077,3.331714833620936e-05,31.04396364092827,1.5330524146556854,36.861862026154995
cosine,35,10000,3770,0.00038941751699894667,0.0003890293330186978,0.0003892295910936153,0.0035200686497286835,3.3099782740464434e-05,31.126218505203724,1.5330524146556854,36.94720760732889
cosine,35,10000,3780,0.0003878590650856495,0.0003888166334945709,0.0003889990421919218,0.0035131531136270737,3.3150092349387705e-05,31.20841846615076,1.5330524146556854,37.03251366317272
cosine,35,10000,3790,0.00039350579027086496,0.00039019800024107096,0.0003894664385105277,0.0035062288118127916,3.3372754842275754e-05,31.290947638452053,1.5330524146556854,37.11810687929392
cosine,35,10000,3800,0.0003878680581692606,0.00038895782199688256,0.00038922409457490295,0.0034992958126259053,3.329733954160474e-05,31.373541191220284,1.5713580623269081,37.20380721241236
cosine,35,10000,3810,0.00038877283805049956,0.0003896193375112489,0.0003893669002460524,0.003492354184492315,3.322222255519591e-05,31.455996692180634,1.5713580623269081,37.40995551645756
cosine,35,10000,3820,0.0003901031450368464,0.00038987510197330266,0.0003895696122445595,0.0034854039959230877,3.301197648397647e-05,31.538309566676617,1.5713580623269081,37.49536902457476
cosine,35,10000,3830,0.0003890823572874069,0.0003889262909069657,0.0003892565226792507,0.0034784453155137793,3.3152282412629575e-05,31.621160969138145,1.5713580623269081,37.58130230009556
cosine,35,10000,3840,0.00038679223507642746,0.0003895115194609389,0.0003893011123379147,0.0034714782119437577,3.309773455839604e-05,31.703324444592,1.5713580623269081,37.666516058146954
cosine,35,10000,3850,0.00038983789272606373,0.00038890905561856927,0.00038914614625496966,0.0034645027539755213,3.313464185339399e-05,31.78556802868843,1.5713580623269081,37.75180425494909
cosine,35,10000,3860,0.000389931199606508,0.0003879763069562614,0.00038879012983632146,0.0034575190104540214,3.293010013294406e-05,31.867691032588482,1.5713580623269081,37.836998879909515
cosine,35,10000,3870,0.0003891093365382403,0.00038916993071325123,0.0003889701675653782,0.003450527050305992,3.320147152408026e-05,31.94982684403658,1.5713580623269081,37.92215160280466
cosine,35,10000,3880,0.00038671575020998716,0.00038888676499482244,0.0003889382868221136,0.0034435269425392556,3.319490861031227e-05,32.03199811279774,1.5713580623269081,38.00737477093935
cosine,35,10000,3890,0.00038754811976104975,0.0003887626953655854,0.00038888517924580185,0.0034365187562420494,3.3332336897728965e-05,32.11423947662115,1.5713580623269081,38.09265024214983
cosine,35,10000,3900,0.00039182609179988503,0.0003887981438310817,0.00038884539464174633,0.003429502560582341,3.3083520975196734e-05,32.19645744562149,1.6098147854208946,38.177969977259636
cosine,35,10000,3910,0.00038944819243624806,0.00038951020978856833,0.0003891231972127935,0.003422478424807151,3.3309308491880074e-05,32.278797939419746,1.6098147854208946,38.38487919420004
cosine,35,10000,3920,0.00038809035322628915,0.00038941970269661396,0.00038925844547693547,0.0034154464182418647,3.3199416066054255e-05,32.36162067949772,1.6098147854208946,38.47080047428608
cosine,35,10000,3930,0.00038768048398196697,0.00038992518675513567,0.00038958203047016765,0.0034084066102895464,3.307204315206036e-05,32.44404949992895,1.6098147854208946,38.55626741051674
cosine,35,10000,3940,0.0003901523887179792,0.00039003292040433734,0.00038980289080244897,0.0034013590704302576,3.31827141053509e-05,32.526816599071026,1.6098147854208946,38.64210179448128
cosine,35,10000,3950,0.000385695428121835,0.0003877026872942224,0.00038889235180429945,0.003394303868220372,3.327892045490444e-05,32.60914085805416,1.6098147854208946,38.72749853134155
cosine,35,10000,3960,0.00038997348747216165,0.00038853734731674193,0.00038871303537962995,0.0033872410732918882,3.2294363336404786e-05,32.69163668900728,1.6098147854208946,38.813070960342884
cosine,35,10000,3970,0.0003879163705278188,0.0003876129543641582,0.00038819020963917495,0.0033801707553517413,3.3080192224588245e-05,32.774798199534416,1.6098147854208946,38.89931455999613
cosine,35,10000,3980,0.0003869437496177852,0.0003885709185851738,0.000388259943619238,0.003373092984181111,3.298670708318241e-05,32.856695376336575,1.6098147854208946,38.98424951732159
cosine,35,10000,3990,0.00039334798930212855,0.00038939502846915277,0.0003887909344061406,0.003366007829634746,3.2445110264234245e-05,32.93959275633097,1.6098147854208946,39.07026991993189
cosine,35,10000,4000,0.00038891832809895277,0.0003885913407430053,0.00038867663897217066,0.00335891536164026,3.26076042256318e-05,33.021835803985596,1.6478066965937614,39.155550837516785
cosine,35,10000,4010,0.00038552528712898493,0.0003883081488311291,0.000388540181057013,0.003351815650197449,3.307464794488624e-05,33.104037798941135,1.6478066965937614,39.42811261117458
cosine,35,10000,4020,0.00039161572931334376,0.000389007170451805,0.00038872819796047,0.0033447087653775964,3.3070624340325594e-05,33.18650966882706,1.6478066965937614,39.51361954212189
cosine,35,10000,4030,0.0003851106157526374,0.00038756793655920775,0.00038829449664396024,0.003337594777322788,3.322490374557674e-05,33.268537037074566,1.6478066965937614,39.59864445775747
cosine,35,10000,4040,0.0003903785836882889,0.00038814451836515217,0.00038825643482806165,0.0033304737562452145,3.2791711419122294e-05,33.35098447650671,1.6478066965937614,39.684152849018574
cosine,35,10000,4050,0.0003928037185687572,0.0003894932830007747,0.0003887830349517801,0.003323345772426476,3.2591815397609025e-05,33.43345855176449,1.6478066965937614,39.7696378082037
cosine,35,10000,4060,0.00039150065276771784,0.0003877848386764526,0.00038845482107054466,0.0033162108962168967,3.226909029763192e-05,33.51568154990673,1.6478066965937614,39.85485582053661
cosine,35,10000,4070,0.0003877068229485303,0.00038759280578233303,0.000388092103109953,0.0033090691980348277,3.277041469118558e-05,33.59826347976923,1.6478066965937614,39.94050948321819
cosine,35,10000,4080,0.00038934071199037135,0.00038772090629208834,0.00038791416604122927,0.003301920748365942,3.277381620137021e-05,33.68027912080288,1.6478066965937614,40.02552944421768
cosine,35,10000,4090,0.0003883457975462079,0.00038866442046128216,0.0003882212779149262,0.0032947656177625554,3.27857123920694e-05,33.76217497140169,1.6478066965937614,40.11044546216726
cosine,35,10000,4100,0.0003898179274983704,0.0003878650371916592,0.0003881260557985028,0.003287603876842916,3.270326487836428e-05,33.84400966018438,1.6859052628278732,40.19531264901161
cosine,35,10000,4110,0.0003889845684170723,0.0003879375813994557,0.0003880653015813972,0.003280435596290516,3.252033639000729e-05,33.926607854664326,1.6859052628278732,40.39290673285723
cosine,35,10000,4120,0.0003872835077345371,0.0003884202975314111,0.00038820952662130845,0.0032732608468533913,3.32594063365832e-05,34.00866915285587,1.6859052628278732,40.47800748050213
cosine,35,10000,4130,0.0003844166058115661,0.0003862973477225751,0.000387382571270705,0.00326607969934342,3.295594433438964e-05,34.090785562992096,1.6859052628278732,40.563172057271004
cosine,35,10000,4140,0.0003880034782923758,0.0003876869275700301,0.00038749945629895855,0.0032588922246356324,3.274775735917501e-05,34.17293977737427,1.6859052628278732,40.64834067225456
cosine,35,10000,4150,0.000391610199585557,0.0003868942061671987,0.0003873119990910673,0.003251698493667499,3.201706931577064e-05,34.25580046325922,1.6859052628278732,40.734287448227406
cosine,35,10000,4160,0.0003881719894707203,0.00038690830988343807,0.0003871882984142853,0.0032444985774382415,3.19340979331173e-05,34.33800212293863,1.6859052628278732,40.81951451301575
cosine,35,10000,4170,0.00039022404234856367,0.00038733818510081617,0.00038735120473536134,0.0032372925470081264,3.233883035136387e-05,34.42005681246519,1.6859052628278732,40.90458597242832
cosine,35,10000,4180,0.00038942089304327965,0.0003881092794472352,0.000387670048299014,0.0032300804734977633,3.213215313735418e-05,34.5023078545928,1.6859052628278732,40.98989945650101
cosine,35,10000,4190,0.0003907039063051343,0.0003877210634527728,0.0003877559821659707,0.0032228624280874084,3.215748438378796e-05,34.58440351486206,1.6859052628278732,41.07497886568308
cosine,35,10000,4200,0.0003898921422660351,0.0003882145247189328,0.0003879229650314419,0.0032156384820162566,3.248560460633598e-05,34.66717741638422,1.7240267246961594,41.16084335744381
cosine,35,10000,4210,0.0003900835872627795,0.0003878516028635204,0.00038800836375732544,0.003208408706581738,3.229716094210744e-05,34.749489933252335,1.7240267246961594,41.36681441217661
cosine,35,10000,4220,0.00038736415444873273,0.0003874016139889136,0.0003877596846790713,0.0032011731731388157,3.235771509935148e-05,34.831584341824055,1.7240267246961594,41.45193566381931
cosine,35,10000,4230,0.00038395560113713145,0.00038708553765900435,0.0003874079877108604,0.003193931953099286,3.2593303330941126e-05,34.91363541036844,1.7240267246961594,41.53698369115591
cosine,35,10000,4240,0.0003815778763964772,0.0003879916912410408,0.0003875620330653073,0.003186685117931066,3.241913509555161e-05,34.99570230394602,1.7240267246961594,41.62204250693321
cosine,35,10000,4250,0.0003876830742228776,0.0003873807960189879,0.0003875164292503313,0.003179432739157494,3.259195000282489e-05,35.07775970548391,1.7240267246961594,41.70710652321577
cosine,35,10000,4260,0.0003864108002744615,0.00038732301618438214,0.00038742277589038905,0.00317217488835662,3.201582148903981e-05,35.160415828228,1.7240267246961594,41.79279013723135
cosine,35,10000,4270,0.00038857030449435115,0.000386091013206169,0.00038692266658551123,0.003164911637160501,3.2161293347598985e-05,35.24249632656574,1.7240267246961594,41.87787016481161
cosine,35,10000,4280,0.0003905851044692099,0.00038727381033822896,0.0003871053825745492,0.0031576430572544953,3.222136365366168e-05,35.32491383701563,1.7240267246961594,41.96329667419195
cosine,35,10000,4290,0.0003854217065963894,0.00038763086195103824,0.00038730725625370254,0.0031503692203765504,3.202013613190502e-05,35.40730217844248,1.7240267246961594,42.048718594014645
cosine,35,10000,4300,0.0003832702641375363,0.00038686612388119104,0.0003870689358894914,0.0031430901983165007,3.230535730835982e-05,35.4893354177475,1.7623428404331207,42.13376917690039
cosine,35,10000,4310,0.00038863345980644226,0.00038740295567549763,0.0003871999749904118,0.0031358060629153575,3.215887409169227e-05,35.57141174376011,1.7623428404331207,42.33973537385464
cosine,35,10000,4320,0.0003852762747555971,0.00038748580554965885,0.0003872937871875002,0.003128516886064592,3.242332604713738e-05,35.653352573513985,1.7623428404331207,42.424740977585316
cosine,35,10000,4330,0.00038581452099606395,0.00038775349676143376,0.00038746481901864095,0.0031212227397054383,3.264619954279624e-05,35.73549444973469,1.7623428404331207,42.50990905612707
cosine,35,10000,4340,0.00038468302227556705,0.00038728213985450566,0.0003873939159110118,0.0031139236958281774,3.20981525874231e-05,35.818189814686775,1.7623428404331207,42.595656767487526
cosine,35,10000,4350,0.00038835054147057235,0.00038800891197752205,0.0003876720108351946,0.003106619826471425,3.229836147511378e-05,35.900639943778515,1.7623428404331207,42.68112964183092
cosine,35,10000,4360,0.0003843853482976556,0.0003879358555423096,0.0003877352443215029,0.003099311203721423,3.207290865248069e-05,35.98286569863558,1.7623428404331207,42.766391061246395
cosine,35,10000,4370,0.00038594999932684004,0.00038782279298175124,0.0003877653074563123,0.003091997899711328,3.242920138291083e-05,36.06501431018114,1.7623428404331207,42.851587660610676
cosine,35,10000,4380,0.0003843803715426475,0.00038503033865708856,0.0003866518549137161,0.003084679986620497,3.2015865144785494e-05,36.14719019085169,1.7623428404331207,42.93678018450737
cosine,35,10000,4390,0.00038304677582345903,0.00038726517814211545,0.00038684854345131766,0.003077357536673776,3.253037721151486e-05,36.22927366942167,1.7623428404331207,43.021911941468716
cosine,35,10000,4400,0.0003875537368003279,0.00038643234292976556,0.00038666025931505217,0.0030700306221407977,3.21774605254177e-05,36.31157057732344,1.8008514046669006,43.10727310925722
cosine,35,10000,4410,0.0003871294320560992,0.0003859481366816908,0.00038640738566265444,0.00306269931533524,3.1695759389549494e-05,36.39400543272495,1.8008514046669006,43.31419922411442
cosine,35,10000,4420,0.0003841228026431054,0.0003856082534184679,0.0003860370392518775,0.0030553636886141485,3.177519465680234e-05,36.47616369277239,1.8008514046669006,43.39942862838507
cosine,35,10000,4430,0.00038542778929695487,0.00038507265562657265,0.00038567022860631824,0.0030480238143771946,3.16203004331328e-05,36.559014566242695,1.8008514046669006,43.48533392697573
cosine,35,10000,4440,0.00038494536420330405,0.00038626492023468016,0.0003858862304702814,0.003040679765065975,3.164480585837737e-05,36.64132522791624,1.8008514046669006,43.57069493085146
cosine,35,10000,4450,0.00038764928467571735,0.00038717900170013306,0.00038635852709293343,0.003033331613163291,3.2013460440794006e-05,36.72399612516165,1.8008514046669006,43.65642440319061
cosine,35,10000,4460,0.000387150066671893,0.00038645130989607425,0.0003863870094853819,0.003025979431192435,3.1559098715661094e-05,36.80648636817932,1.8008514046669006,43.74198209494352
cosine,35,10000,4470,0.0003861103905364871,0.0003864399972371757,0.00038638427684418053,0.0030186232917164763,3.194359669578262e-05,36.88878095149994,1.8008514046669006,43.82727687805891
cosine,35,10000,4480,0.000388730491977185,0.000386606395477429,0.00038648923776855225,0.0030112632673375394,3.184141678502783e-05,36.97138473391533,1.8008514046669006,43.91293042898178
cosine,35,10000,4490,0.0003860723809339106,0.0003869042207952589,0.00038664771960069874,0.003003899430696095,3.194131568307057e-05,37.05347719043493,1.8008514046669006,43.99804253131151
cosine,35,10000,4500,0.00038477464113384485,0.00038588386378251015,0.00038627241763723025,0.002996531854470237,3.2096995710162446e-05,37.13617816567421,1.8392514511942863,44.08379101008177
cosine,35,10000,4510,0.0003867560881190002,0.000386658709612675,0.0003864163826037903,0.00298916061137497,3.217989797121845e-05,37.21845359355211,1.8392514511942863,44.29038168489933
cosine,35,10000,4520,0.0003845140745397657,0.0003860194468870759,0.0003862878318444374,0.0029817857741614847,3.184548768331297e-05,37.30060683935881,1.8392514511942863,44.37564181536436
cosine,35,10000,4530,0.00038382597267627716,0.0003865727136144415,0.0003863904881085325,0.0029744074156164493,3.217006815248169e-05,37.38263151049614,1.8392514511942863,44.46065363287926
cosine,35,10000,4540,0.0003886881750077009,0.0003880601812852547,0.0003870360743311507,0.002967025608561283,3.1783347367309034e-05,37.464835323393345,1.8392514511942863,44.5459159463644
cosine,35,10000,4550,0.00038739098818041384,0.00038557586376555266,0.0003864311573902033,0.0029596404258514413,3.157382889185101e-05,37.5470020622015,1.8392514511942863,44.63114480674267
cosine,35,10000,4560,0.00038318868610076606,0.0003862252924591303,0.0003863355606100957,0.002952251940375697,3.199796992703341e-05,37.62960938364267,1.8392514511942863,44.716858208179474
cosine,35,10000,4570,0.00039013547939248383,0.00038694326649419964,0.00038668630005735794,0.0029448602250554184,3.140010085189715e-05,37.71227440237999,1.8392514511942863,44.80254665762186
cosine,35,10000,4580,0.0003856240655295551,0.00038663748127873985,0.00038666235375966345,0.0029374653528438524,3.21564293699339e-05,37.79473243653774,1.8392514511942863,44.88809177279472
cosine,35,10000,4590,0.00038316333666443825,0.000385121232829988,0.0003859926352818065,0.002930067396725399,3.1274241337087005e-05,37.87751131504774,1.8392514511942863,44.97394696623087
cosine,35,10000,4600,0.00038328563096001744,0.0003858627955196425,0.00038590821166003116,0.0029226664297149017,3.166900569340214e-05,37.959681920707226,1.87752366065979,45.05916239321232
cosine,35,10000,4610,0.0003858695854432881,0.0003859104763250798,0.00038591250582499737,0.002915262524856914,3.1658419175073504e-05,38.04207693040371,1.87752366065979,45.26666461676359
cosine,35,10000,4620,0.0003861651348415762,0.0003867715160595253,0.00038623854084446043,0.0029078557552249893,3.1450217647943646e-05,38.12492863833904,1.87752366065979,45.35258994996548
cosine,35,10000,4630,0.00038748409133404493,0.00038581145054195076,0.00038610810699023473,0.0029004461939209567,3.132223355351016e-05,38.20724493265152,1.87752366065979,45.43795470148325
cosine,35,10000,4640,0.00038563902489840984,0.00038624737062491475,0.0003861227791367578,0.002893033914074191,3.135044244118035e-05,38.289794921875,1.87752366065979,45.52358666062355
cosine,35,10000,4650,0.0003849698696285486,0.0003868325176881626,0.0003863978401644248,0.0028856189888409036,3.153009311063215e-05,38.3724053055048,1.87752366065979,45.60925351828337
cosine,35,10000,4660,0.00038687148480676115,0.0003867523046210408,0.0003865584526411926,0.0028782014914034123,3.1463478080695495e-05,38.45445542037487,1.87752366065979,45.69437567144632
cosine,35,10000,4670,0.0003842806036118418,0.00038685344043187797,0.0003867035983113276,0.0028707814949694233,3.1732757634017617e-05,38.53726579248905,1.87752366065979,45.78035032749176
cosine,35,10000,4680,0.0003857359988614917,0.00038623490545433017,0.0003864858256732777,0.0028633590727713022,3.142189234495163e-05,38.619551219046116,1.87752366065979,45.86568006128073
cosine,35,10000,4690,0.00038338894955813885,0.000384823014610447,0.0003858446044869041,0.002855934298065364,3.156687307637185e-05,38.70178883522749,1.87752366065979,45.95097340643406
cosine,35,10000,4700,0.0003900703159160912,0.00038586035370826723,0.00038594534022541073,0.0028485072441311364,3.1568968552164733e-05,38.78403886407614,1.9156033098697662,46.03631053119898
cosine,35,10000,4710,0.0003847097104880959,0.0003858312324155122,0.00038585019371536073,0.0028410779842706424,3.1433755793841556e-05,38.86643699556589,1.9156033098697662,46.24279306828976
cosine,35,10000,4720,0.0003844712919089943,0.00038658480625599625,0.0003860582317782574,0.002833646591807677,3.155642480123788e-05,38.94864182174206,1.9156033098697662,46.328023962676525
cosine,35,10000,4730,0.00038420260534621775,0.00038445501995738597,0.00038540382171878414,0.002826213140087086,3.116060179308988e-05,39.031449265778065,1.9156033098697662,46.41392386704683
cosine,35,10000,4740,0.00038536833017133176,0.0003868232452077791,0.0003860164836765696,0.0028187777024740344,3.15764409606345e-05,39.11365434527397,1.9156033098697662,46.49915799498558
cosine,35,10000,4750,0.00038078663055785,0.0003845045517664403,0.00038535537411719316,0.0028113403523532914,3.142012428725138e-05,39.19602474570274,1.9156033098697662,46.58459999412298
cosine,35,10000,4760,0.00038668978959321976,0.00038511403545271605,0.00038526261503994664,0.0028039011631284987,3.097236913163215e-05,39.27842463552952,1.9156033098697662,46.67004521936178
cosine,35,10000,4770,0.00038413313450291753,0.0003842649020953104,0.00038485531381821846,0.002796460208221451,3.1335948733612895e-05,39.36074471473694,1.9156033098697662,46.75538765639067
cosine,35,10000,4780,0.0003835761162918061,0.0003848545777145773,0.0003848101220304151,0.0027890175610713686,3.1455398129764944e-05,39.442844428122044,1.9156033098697662,46.84049504250288
cosine,35,10000,4790,0.0003827811451628804,0.00038602779095526786,0.00038529420579191205,0.0027815732951341756,3.170019408571534e-05,39.52492506802082,1.9156033098697662,46.92560823261738
cosine,35,10000,4800,0.00038523509283550084,0.00038555703067686407,0.0003854277834169311,0.0027741274838817727,3.166924580000341e-05,39.607021279633045,1.9537793323397636,47.01073607802391
cosine,35,10000,4810,0.00038345938082784414,0.00038518334622494876,0.0003853017418539242,0.0027666802008013084,3.141103661619127e-05,39.689240612089634,1.9537793323397636,47.21694867312908
cosine,35,10000,4820,0.00038367975503206253,0.00038568539021071046,0.0003853947241899553,0.002759231519394459,3.154001387883909e-05,39.77137089520693,1.9537793323397636,47.302088752388954
cosine,35,10000,4830,0.0003839971905108541,0.00038480321818497033,0.0003850775293485575,0.002751781513176705,3.122436464764178e-05,39.853502206504345,1.9537793323397636,47.387229293584824
cosine,35,10000,4840,0.00038260716246441007,0.0003858191514154896,0.0003853375233147854,0.002744330255676601,3.0956813134253025e-05,39.93558047711849,1.9537793323397636,47.47234520316124
cosine,35,10000,4850,0.00038539699744433165,0.0003851839021081105,0.000385330498378788,0.0027368778204350467,3.099345485679805e-05,40.01767057925463,1.9537793323397636,47.55743087083101
cosine,35,10000,4860,0.00038387186941690743,0.00038492177554871887,0.00038514405672352954,0.002729424281004574,3.089576421189122e-05,40.09970597177744,1.9537793323397636,47.64246990531683
cosine,35,10000,4870,0.00038617828977294266,0.0003850893583148718,0.0003851530654267685,0.002721969710948604,3.081221802858636e-05,40.1819538846612,1.9537793323397636,47.72779420763254
cosine,35,10000,4880,0.0003877629933413118,0.00038547291769646107,0.0003852997335951139,0.0027145141838407346,3.101520269410685e-05,40.264143981039524,1.9537793323397636,47.81300663948059
cosine,35,10000,4890,0.00038388808025047183,0.0003850880137179047,0.00038520214780658085,0.00270705777326401,3.1213086913339794e-05,40.346864484250546,1.9537793323397636,47.89877409487963
cosine,35,10000,4900,0.0003852569789160043,0.0003853655012790114,0.00038526885697433993,0.0026996005528101916,3.061316965613514e-05,40.42901547253132,1.9919197335839272,47.983985505998135
cosine,35,10000,4910,0.00038249907083809376,0.0003839798067929223,0.00038473795745005014,0.0026921425960790366,3.073318293900229e-05,40.51136955618858,1.9919197335839272,48.19090462476015
cosine,35,10000,4920,0.0003867876366712153,0.00038396492309402677,0.00038447799135701355,0.002684683976677563,3.106367512373254e-05,40.59345764666796,1.9919197335839272,48.27597722411156
cosine,35,10000,4930,0.00038351939292624593,0.0003841614001430571,0.00038440292034480926,0.002677224768219336,3.075494532822631e-05,40.67626667767763,1.9919197335839272,48.36182126402855
cosine,35,10000,4940,0.00038862318615429103,0.0003861036442685872,0.0003851294482107853,0.002669765044323729,3.088786615990102e-05,40.75833520293236,1.9919197335839272,48.44686781615019
cosine,35,10000,4950,0.0003829421184491366,0.00038455798639915886,0.0003848636154574587,0.0026623048786152083,3.098339220741764e-05,40.84036308526993,1.9919197335839272,48.531885378062725
cosine,35,10000,4960,0.0003875508555211127,0.00038520224334206434,0.0003849983238172954,0.002654844344722595,3.0658848118036985e-05,40.92244461923838,1.9919197335839272,48.61696560680866
cosine,35,10000,4970,0.00038017757469788194,0.00038467101694550365,0.00038479393664736755,0.0026473835162783496,3.079964153585024e-05,41.00477443635464,1.9919197335839272,48.702302724123
cosine,35,10000,4980,0.00038509152363985777,0.00038478939968626945,0.0003847910467753089,0.0026399224669178345,3.0474904633592814e-05,41.08732955157757,1.9919197335839272,48.78786963224411
cosine,35,10000,4990,0.0003882238524965942,0.00038469608116429297,0.00038480442788282605,0.0026324612702785946,3.0494995371554978e-05,41.16934371739626,1.9919197335839272,48.8728556856513
cosine,35,10000,5000,0.00038620285340584815,0.00038401351775974035,0.00038455374417681424,0.0026249999999996294,3.0639308533864096e-05,41.25206968188286,2.0300101935863495,48.958603136241436
cosine,35,10000,5010,0.00038361718179658055,0.00038553434133064,0.0003849620964729426,0.0026175387297206632,3.0369346859515645e-05,41.33438201248646,2.0300101935863495,49.23134444653988
cosine,35,10000,5020,0.0003822913859039545,0.00038478261267300696,0.0003848828767777765,0.002610077533081424,3.0514142054016702e-05,41.41647380590439,2.0300101935863495,49.316417165100574
cosine,35,10000,5030,0.0003856528492178768,0.0003844146354822442,0.0003847133360319437,0.002602616483720909,3.032933091162704e-05,41.49911431223154,2.0300101935863495,49.40205177664757
cosine,35,10000,5040,0.00038694741670042276,0.0003843435668386519,0.0003845924569010902,0.002595155655276661,3.064530756091699e-05,41.581126160919666,2.0300101935863495,49.4870418086648
cosine,35,10000,5050,0.0003834804520010948,0.0003843211685307324,0.00038445696238181127,0.0025876951213840487,3.0700342904310673e-05,41.663854248821735,2.0300101935863495,49.572780065238476
cosine,35,10000,5060,0.0003846028121188283,0.0003838680888293311,0.00038424200841516106,0.0025802349556755273,3.0754941690247506e-05,41.746161088347435,2.0300101935863495,49.65806816518307
cosine,35,10000,5070,0.00038616510573774576,0.0003845491242827848,0.000384409327891085,0.00257277523177992,3.054551052628085e-05,41.82817047089338,2.0300101935863495,49.7430464848876
cosine,35,10000,5080,0.0003832705260720104,0.0003836664807749912,0.00038405954314701496,0.0025653160233216933,3.063405165448785e-05,41.91026110947132,2.0300101935863495,49.82814475148916
cosine,35,10000,5090,0.0003881084267050028,0.0003846315637929365,0.0003842968203654704,0.0025578574039202204,3.076666689594276e-05,41.99231627583504,2.0300101935863495,49.913174003362656
cosine,35,10000,5100,0.0003828603948932141,0.00038432877918239685,0.00038429383527190103,0.0025503994471890636,3.0360250093508512e-05,42.075010403990746,2.0681016221642494,49.9988971054554
cosine,35,10000,5110,0.00038324572960846126,0.00038490175211336464,0.0003845380748599397,0.0025429422267352446,3.050974919460714e-05,42.15721742808819,2.0681016221642494,50.172481790184975
cosine,35,10000,5120,0.0003854460665024817,0.0003850490407785401,0.000384730342147681,0.0025354858161585198,3.0361128665390424e-05,42.23927952349186,2.0681016221642494,50.25755112618208
cosine,35,10000,5130,0.00038238795241340995,0.0003839236916974187,0.00038439586837329064,0.002528030289050652,3.0413231797865592e-05,42.32128507643938,2.0681016221642494,50.342542201280594
cosine,35,10000,5140,0.00038229412166401744,0.00038330278475768865,0.00038394257024192553,0.002520575718994682,3.070575985475443e-05,42.40328395366669,2.0681016221642494,50.42750345915556
cosine,35,10000,5150,0.00038496003253385425,0.0003837685304461047,0.00038388344314396614,0.0025131221795642086,3.0429355319938622e-05,42.485315546393394,2.0681016221642494,50.51250369846821
cosine,35,10000,5160,0.0003847191692329943,0.00038472519954666493,0.00038422371681770756,0.002505669744322655,2.9819184419466183e-05,42.56734501570463,2.0681016221642494,50.59747814387083
cosine,35,10000,5170,0.00038444710662588477,0.00038499827205669136,0.0003845183112467195,0.002498218486822552,3.040298179257661e-05,42.649356074631214,2.0681016221642494,50.6824364811182
cosine,35,10000,5180,0.00038454975583590567,0.0003845887549687177,0.0003845016370557237,0.002490768480604799,3.066374483751133e-05,42.73136407881975,2.0681016221642494,50.76739792525768
cosine,35,10000,5190,0.0003815355885308236,0.00038358625606633724,0.00038412677877170813,0.002483319799197951,3.0323115424835123e-05,42.81332065910101,2.0681016221642494,50.85229855030775
cosine,35,10000,5200,0.0003859028220176697,0.00038393060385715215,0.00038407856529472704,0.002475872516117486,3.0261953725130297e-05,42.89534966647625,2.106180891394615,50.937338940799236
cosine,35,10000,5210,0.00038710114313289523,0.00038491527666337786,0.0003844562439380074,0.0024684267048650814,3.0069344575167634e-05,42.97756127268076,2.106180891394615,51.11100812256336
cosine,35,10000,5220,0.0003817040997091681,0.0003825394931482151,0.00038372083692977656,0.0024609824389278884,2.9991448172950186e-05,43.05961015820503,2.106180891394615,51.19604799896479
cosine,35,10000,5230,0.0003819680423475802,0.0003840548626612872,0.0003838438292857664,0.0024535397917778085,3.0324092222144827e-05,43.1420179605484,2.106180891394615,51.281434282660484
cosine,35,10000,5240,0.00038269098149612546,0.00038336906873155386,0.0003836489077413981,0.0024460988368707626,3.0399327442864887e-05,43.22425740212202,2.106180891394615,51.366670683026314
cosine,35,10000,5250,0.0003843060112558305,0.00038352023402694614,0.0003835794741418062,0.00243865964764597,2.9828182960045524e-05,43.30636631697416,2.106180891394615,51.451762452721596
cosine,35,10000,5260,0.0003839994897134602,0.00038291208329610527,0.00038334552002319995,0.002431222297525227,2.9887412893003784e-05,43.38910053670406,2.106180891394615,51.53750021010637
cosine,35,10000,5270,0.0003836505929939449,0.00038388324319384994,0.0003835010638505689,0.002423786859912176,3.0124498152872548e-05,43.471125312149525,2.106180891394615,51.622487246990204
cosine,35,10000,5280,0.00038686575135216117,0.00038325730711221697,0.00038347115013256824,0.0024163534081915843,2.9879425710532814e-05,43.55354719609022,2.106180891394615,51.7078829780221
cosine,35,10000,5290,0.00037968531250953674,0.0003827970242127776,0.0003831568532465196,0.002408922015728619,2.9850800274289213e-05,43.635890029370785,2.106180891394615,51.79321368038654
cosine,35,10000,5300,0.00038114143535494804,0.00038279766449704765,0.0003829789413759657,0.002401492755868123,2.9717250072280876e-05,43.71812231838703,2.1444564014673233,51.87841019779444
cosine,35,10000,5310,0.0003809877671301365,0.0003827703389106318,0.0003828948620148932,0.0023940657019338955,2.9679442377528176e-05,43.800335094332695,2.1444564014673233,52.05244351923466
cosine,35,10000,5320,0.00038551114266738296,0.00038303414767142384,0.00038297842362687573,0.0023866409272279582,2.9829569029971026e-05,43.88296413421631,2.1444564014673233,52.138057217001915
cosine,35,10000,5330,0.00038407137617468834,0.0003834564209682867,0.00038319276204413296,0.0023792185050298398,2.955826676043216e-05,43.965157210826874,2.1444564014673233,52.223235823214054
cosine,35,10000,5340,0.00038221082650125027,0.0003836515359580517,0.0003833296919617669,0.00237179850859585,2.9830800485797226e-05,44.04742036014795,2.1444564014673233,52.30850901454687
cosine,35,10000,5350,0.00037962596979923546,0.00038354313001036643,0.00038337476442496513,0.0023643810111583586,3.0177221560734324e-05,44.13007174432278,2.1444564014673233,52.39418152719736
cosine,35,10000,5360,0.0003823722945526242,0.0003826637665042654,0.0003830892203031506,0.002356966085925072,2.9600534617202356e-05,44.21218913048506,2.1444564014673233,52.47931819409132
cosine,35,10000,5370,0.00038019815110601485,0.000382253184216097,0.00038268203793838797,0.0023495538060783073,2.9879132853238843e-05,44.29497028142214,2.1444564014673233,52.565235041081905
cosine,35,10000,5380,0.0003822166472673416,0.00038313278928399087,0.0003829137102148352,0.0023421442447742755,2.9904314942541532e-05,44.37717895209789,2.1444564014673233,52.65043234080076
cosine,35,10000,5390,0.0003819486009888351,0.00038190889463294295,0.0003825689895160987,0.0023347374751423525,2.950451562355738e-05,44.45966789871454,2.1444564014673233,52.7358894944191
cosine,35,10000,5400,0.00038178235990926623,0.0003829565510386601,0.0003826403762431462,0.002327333570284364,2.9600327252410352e-05,44.54213284701109,2.1825974732637405,52.82146745920181
cosine,35,10000,5410,0.0003816508105956018,0.0003833968861727044,0.0003829340831238824,0.002319932603273867,2.931906965386588e-05,44.62435485422611,2.1825974732637405,52.9955505207181
cosine,35,10000,5420,0.00038664089515805244,0.00038396262971218675,0.0003833805357090912,0.002312534647155414,2.966235661006067e-05,44.70643425732851,2.1825974732637405,53.08061473071575
cosine,35,10000,5430,0.0003804409643635154,0.00038167875027284026,0.00038261036246341933,0.0023051397749438455,2.970464811369311e-05,44.78886590898037,2.1825974732637405,53.166057012975216
cosine,35,10000,5440,0.00038289750227704644,0.00038219343405216933,0.00038247915387102597,0.002297748059623568,2.9557852030848153e-05,44.87129237502813,2.1825974732637405,53.251524560153484
cosine,35,10000,5450,0.0003829144989140332,0.0003824375657131895,0.00038251569460012,0.0022903595741478244,2.9278175134095363e-05,44.953547932207584,2.1825974732637405,53.3367660343647
cosine,35,10000,5460,0.000388395186746493,0.00038271238445304335,0.00038268318736076805,0.0022829743914379837,3.0055540264584124e-05,45.036100931465626,2.1825974732637405,53.42234227061272
cosine,35,10000,5470,0.0003844696911983192,0.00038175392255652697,0.0003824227333240507,0.002275592584382818,2.9521157557610422e-05,45.11826492100954,2.1825974732637405,53.50754437595606
cosine,35,10000,5480,0.0003855717950500548,0.00038316803111229094,0.00038280358680360644,0.0022682142258377827,2.9457505661412142e-05,45.20063192397356,2.1825974732637405,53.59295856207609
cosine,35,10000,5490,0.0003830845234915614,0.00038207101461011915,0.0003824918183900057,0.0022608393886242983,2.966775355162099e-05,45.283219158649445,2.1825974732637405,53.67855732142925
cosine,35,10000,5500,0.00038243498420342803,0.0003820125915808603,0.00038229371926261195,0.0022534681455290305,2.917468736995943e-05,45.36563905328512,2.2209625765681267,53.76395561546087
cosine,35,10000,5510,0.0003787814639508724,0.00038204847660381345,0.0003821534321786635,0.002246100569303173,2.944767584267538e-05,45.447713263332844,2.2209625765681267,53.93816442042589
cosine,35,10000,5520,0.00037947879172861576,0.0003811796777881682,0.00038174520943711843,0.0022387367326617297,2.943557410617359e-05,45.5305947586894,2.2209625765681267,54.024157136678696
cosine,35,10000,5530,0.0003794026270043105,0.0003812583105172962,0.00038151161031838417,0.002231376708282793,2.9148683097446337e-05,45.61262717097998,2.2209625765681267,54.1091583520174
cosine,35,10000,5540,0.00037970286211930215,0.00038279206783045085,0.00038195002896050916,0.0022240205688068343,2.9408080081338994e-05,45.694700978696346,2.2209625765681267,54.194241784513
cosine,35,10000,5550,0.00038345379289239645,0.00038364824140444396,0.0003826041732522518,0.0022166683868359797,2.940917511295993e-05,45.77674700319767,2.2209625765681267,54.27931546419859
cosine,35,10000,5560,0.0003802959399763495,0.00038171117193996906,0.00038221610683322846,0.0022093202349332966,2.9577269742731005e-05,45.858743615448475,2.2209625765681267,54.364298559725285
cosine,35,10000,5570,0.0003807784814853221,0.0003810725931543857,0.00038173595435923917,0.002201976185622077,2.9370912670856342e-05,45.940807834267616,2.2209625765681267,54.449341021478176
cosine,35,10000,5580,0.00038250337820500135,0.00038111700559966265,0.00038142435068700976,0.002194636311385127,2.9575601729447953e-05,46.02285458147526,2.2209625765681267,54.53436867147684
cosine,35,10000,5590,0.00038071314338594675,0.00038289428339339794,0.00038200888736210006,0.0021873006846640395,2.9234090106911026e-05,46.10483627021313,2.2209625765681267,54.619325026869774
cosine,35,10000,5600,0.00038105808198451996,0.00038203791482374074,0.0003820370717651764,0.0021799693778584866,2.9036131309112534e-05,46.18741424381733,2.25909660756588,54.70492824912071
cosine,35,10000,5610,0.00038547164876945317,0.0003827106876997277,0.0003822825901120119,0.002172642463325508,2.891329859266989e-05,46.26982419192791,2.25909660756588,54.87955640256405
cosine,35,10000,5620,0.00038049143040552735,0.00038165342120919374,0.0003820098273611672,0.002165320013378792,2.912699528678786e-05,46.35219419002533,2.25909660756588,54.96491742879152
cosine,35,10000,5630,0.0003839341225102544,0.0003825492138275877,0.0003822236235222579,0.0021580021002879637,2.900107210734859e-05,46.43441980332136,2.25909660756588,55.05012534558773
cosine,35,10000,5640,0.00038302066968753934,0.0003834138595266268,0.00038272135757295246,0.0021506887962778713,2.9175342206144705e-05,46.51702482253313,2.25909660756588,55.13573030382395
cosine,35,10000,5650,0.0003834185190498829,0.00038219063426367936,0.0003825186642966341,0.0021433801735278738,2.8865892090834677e-05,46.59907207638025,2.25909660756588,55.22075527906418
cosine,35,10000,5660,0.0003835510287899524,0.00038309739320538936,0.00038273135546062944,0.002136076304171124,2.9246308258734643e-05,46.6814631074667,2.25909660756588,55.30620660632849
cosine,35,10000,5670,0.00038214452797546983,0.00038276304258033633,0.00038273829846059324,0.0021287772602938664,2.8957321774214506e-05,46.76404273509979,2.25909660756588,55.39184071868658
cosine,35,10000,5680,0.00038106751162558794,0.0003820091806119308,0.00038249630715200545,0.0021214831139347162,2.8715783628285863e-05,46.84648636728525,2.25909660756588,55.47725556045771
cosine,35,10000,5690,0.00038186131860129535,0.00038074025651440023,0.00038181471586884344,0.0021141939370839537,2.8481559638748877e-05,46.92915976047516,2.25909660756588,55.56292911618948
cosine,35,10000,5700,0.0003830780915450305,0.00038204724551178516,0.00038194944960979023,0.0021069098016828105,2.8752965590683743e-05,47.01122219860554,2.297402411699295,55.64801033586264
cosine,35,10000,5710,0.00038694191607646644,0.0003808021283475682,0.00038153408823445414,0.002099630779622763,2.8806090995203704e-05,47.09371434152126,2.297402411699295,55.82292041927576
cosine,35,10000,5720,0.00038477155612781644,0.0003827871376415715,0.00038203536948973533,0.0020923569427448207,2.9145265216357075e-05,47.176041804254055,2.297402411699295,55.90823606401682
cosine,35,10000,5730,0.00038144877180457115,0.00038149688043631613,0.00038185368302503684,0.002085088362838817,2.9091888791299425e-05,47.258565470576286,2.297402411699295,55.99379404634237
cosine,35,10000,5740,0.0003822171129286289,0.0003821682505076751,0.00038203432819519065,0.0020778251116427013,2.913013486249838e-05,47.340596221387386,2.297402411699295,56.078812494874
cosine,35,10000,5750,0.0003843785962089896,0.00038240208523347973,0.00038222359661753625,0.0020705672608418305,2.884525565605145e-05,47.42324358969927,2.297402411699295,56.1644848510623
cosine,35,10000,5760,0.00038520205998793244,0.00038138577656354755,0.0003819203397614027,0.0020633148820682606,2.858553489204496e-05,47.50533549487591,2.297402411699295,56.24962618947029
cosine,35,10000,5770,0.00038104812847450376,0.000380648099235259,0.00038140327802965333,0.0020560680469000436,2.8985643439227715e-05,47.58779662847519,2.297402411699295,56.33508654683828
cosine,35,10000,5780,0.00038668428896926343,0.00038222448201850054,0.00038181890680541247,0.0020488268268605172,2.8624714104807936e-05,47.67004560679197,2.297402411699295,56.42034665495157
cosine,35,10000,5790,0.0003795563825406134,0.00038094517949502913,0.00038145787738127796,0.0020415912934175994,2.8457288863137364e-05,47.75217203050852,2.297402411699295,56.505490101873875
cosine,35,10000,5800,0.00038184577715583146,0.0003817487217020243,0.0003815825988856305,0.002034361517983084,2.832255449902732e-05,47.8350009098649,2.3355127424001694,56.591438576579094
cosine,35,10000,5810,0.00038179493276402354,0.0003817425662418827,0.00038166146665990526,0.0020271375719119354,2.8382299205986783e-05,47.9171923622489,2.3355127424001694,56.76589707285166
cosine,35,10000,5820,0.00038071299786679447,0.0003814130002865568,0.0003814977667179406,0.002019919526501585,2.859887717931997e-05,47.999253921210766,2.3355127424001694,56.85097585618496
cosine,35,10000,5830,0.00037973985308781266,0.00038250458019319924,0.00038188926780054384,0.002012707452991226,2.8802178348996677e-05,48.081550762057304,2.3355127424001694,56.93626757711172
cosine,35,10000,5840,0.00038163975114002824,0.00038172432396095247,0.000381841144871785,0.0020055014225611144,2.9042061214568093e-05,48.16408811509609,2.3355127424001694,57.02186194807291
cosine,35,10000,5850,0.0003826839092653245,0.00038246970798354595,0.00038206581177021475,0.001998301506331862,2.8541353458422236e-05,48.24626288563013,2.3355127424001694,57.10704781860113
cosine,35,10000,5860,0.0003838792908936739,0.0003813893155893311,0.0003817875795007012,0.0019911077753637318,2.8547394322231412e-05,48.32871710509062,2.3355127424001694,57.19252797216177
cosine,35,10000,5870,0.0003810159978456795,0.00038167178572621194,0.00038169497336363657,0.0019839203006559464,2.865818896680139e-05,48.410937666893005,2.3355127424001694,57.277801394462585
cosine,35,10000,5880,0.0003824305022135377,0.00038152259367052466,0.00038164387132089107,0.00197673915314598,2.874526944651734e-05,48.49372498691082,2.3355127424001694,57.36361299455166
cosine,35,10000,5890,0.0003812621580436826,0.00038122672995086757,0.00038150691988425844,0.001969564403708858,2.850823148037307e-05,48.575968615710735,2.3355127424001694,57.44888762384653
cosine,35,10000,5900,0.0003820324200205505,0.00038167984748724846,0.00038159330061515804,0.00196239612315646,2.822987880790606e-05,48.658275321125984,2.3738382756710052,57.534185610711575
cosine,35,10000,5910,0.0003792511415667832,0.0003806126333074644,0.00038119976177501897,0.001955234382236824,2.894643330364488e-05,48.740704737603664,2.3738382756710052,57.716166868805885
cosine,35,10000,5920,0.0003839331620838493,0.00038230938371270896,0.00038161145642368115,0.00194807925163344,2.811271042446606e-05,48.822795405983925,2.3738382756710052,57.80129984021187
cosine,35,10000,5930,0.00038291772943921387,0.0003804379754001275,0.0003811853955781361,0.001940930801964558,2.8127005862188525e-05,48.90488488972187,2.3738382756710052,57.88637448102236
cosine,35,10000,5940,0.0003850591601803899,0.00038126193976495415,0.00038131336350946926,0.00193378910378249,2.7994083211524412e-05,48.98694113641977,2.3738382756710052,57.9713891223073
cosine,35,10000,5950,0.000381344958441332,0.0003801900631515309,0.0003809255068509611,0.001926654227572915,2.857837716874201e-05,49.069171115756035,2.3738382756710052,58.056662403047085
cosine,35,10000,5960,0.00038081686943769455,0.000380869914079085,0.00038085697211437435,0.0019195262437541809,2.8361995646264404e-05,49.151321709156036,2.3738382756710052,58.141859754920006
cosine,35,10000,5970,0.0003790855989791453,0.00038124802231322976,0.00038098955072163223,0.0019124052226766092,2.8534508601296693e-05,49.23372647166252,2.3738382756710052,58.227269776165485
cosine,35,10000,5980,0.00037481734761968255,0.00037988005788065494,0.0003804810652406716,0.0019052912346218043,2.837012470990885e-05,49.31657934188843,2.3738382756710052,58.31324678659439
cosine,35,10000,5990,0.00038218090776354074,0.0003813441377133131,0.000380858227027444,0.0018981843498019548,2.868553201551549e-05,49.398703545331955,2.3738382756710052,58.39838641136885
cosine,35,10000,6000,0.00038271225639618933,0.0003802679770160466,0.00038067503945992217,0.0018910846383591456,2.793299063341692e-05,49.48065845668316,2.4120809882879257,58.48337555676699
cosine,35,10000,6010,0.0003804928273893893,0.0003814768919255584,0.0003809876578555766,0.0018839921703646615,2.803363895509392e-05,49.56295471638441,2.4120809882879257,58.71820666640997
cosine,35,10000,6020,0.00038005883106961846,0.0003802666178671643,0.00038067828283541434,0.0018769070158182995,2.844837035809178e-05,49.64506920427084,2.4120809882879257,58.80336423963308
cosine,35,10000,6030,0.0003828621411230415,0.00038072604511398824,0.00038066324123103455,0.0018698292446476742,2.8380703952279873e-05,49.72766473144293,2.4120809882879257,58.88896098732948
cosine,35,10000,6040,0.00038217182736843824,0.00038022134685888886,0.00038047741478931156,0.001862758926707529,2.8188667783979326e-05,49.80986551940441,2.4120809882879257,58.9741386026144
cosine,35,10000,6050,0.00037723552668467164,0.00038063790416345,0.00038048087101346523,0.0018556961317790484,2.8607480999198742e-05,49.89224945008755,2.4120809882879257,59.059514328837395
cosine,35,10000,6060,0.0003804449224844575,0.00037985305534675716,0.00038021856946740795,0.0018486409295691664,2.8051430490450002e-05,49.97455041855574,2.4120809882879257,59.1448273435235
cosine,35,10000,6070,0.00037962093483656645,0.000381011122954078,0.00038047385166759294,0.0018415933897098806,2.8146201657364145e-05,50.0568977817893,2.4120809882879257,59.230182245373726
cosine,35,10000,6080,0.00038145214784890413,0.000379189447266981,0.0003799675774742513,0.0018345535817575651,2.7766671337303706e-05,50.13949508219957,2.4120809882879257,59.31579169631004
cosine,35,10000,6090,0.00038126364233903587,0.0003812862036284059,0.0003804744531112107,0.001827521575192281,2.8309241315582767e-05,50.22146623581648,2.4120809882879257,59.400741547346115
cosine,35,10000,6100,0.00037775663076899946,0.00037956153391860425,0.00038004606730930053,0.0018204974394170942,2.796457010845188e-05,50.303785517811775,2.4514295905828476,59.48605490475893
cosine,35,10000,6110,0.0003786989545915276,0.00038078325742390006,0.00038030385928151543,0.0018134812437573897,2.7822878109873272e-05,50.38614422827959,2.4514295905828476,59.669467113912106
cosine,35,10000,6120,0.00038591024349443614,0.00038082742248661815,0.00038052822529418184,0.0018064730574601862,2.7908326956094243e-05,50.46836955845356,2.4514295905828476,59.75471259653568
cosine,35,10000,6130,0.0003787243622355163,0.0003799374826485291,0.00038027411185861346,0.0017994729496934529,2.7706179025699385e-05,50.550388276576996,2.4514295905828476,59.83970168232918
cosine,35,10000,6140,0.00037961662746965885,0.0003808148350799456,0.00038047330769217706,0.0017924809895454275,2.8448816010495648e-05,50.63311732560396,2.4514295905828476,59.92543834447861
cosine,35,10000,6150,0.0003825635649263859,0.00038170817715581505,0.00038099063985803857,0.001785497246023934,2.77699509751983e-05,50.71519277244806,2.4514295905828476,60.01051012426615
cosine,35,10000,6160,0.0003792271309066564,0.000379848899319768,0.00038045683846331656,0.0017785217880556998,2.773697087832261e-05,50.797533713281155,2.4514295905828476,60.09585493057966
cosine,35,10000,6170,0.0003802625578828156,0.0003801478276727721,0.00038033024804630237,0.0017715546844856817,2.744218727457337e-05,50.88003508001566,2.4514295905828476,60.181382551789284
cosine,35,10000,6180,0.000379718083422631,0.00037988524709362535,0.0003801267667818217,0.001764596004076378,2.7615118597168475e-05,50.96202766150236,2.4514295905828476,60.2663683667779
cosine,35,10000,6190,0.00038007472176104784,0.0003790059039602056,0.0003797353952732357,0.0017576458155071544,2.7342859539203346e-05,51.04472204297781,2.4514295905828476,60.35210574418306
cosine,35,10000,6200,0.00038094352930784225,0.00037921482871752234,0.00037954310669972266,0.0017507041873735666,2.7720599973690696e-05,51.126967906951904,2.489767111837864,60.437334917485714
cosine,35,10000,6210,0.00038208533078432083,0.0003808871697401628,0.0003800716897696178,0.0017437711881866816,2.7896638130187057e-05,51.209638096392155,2.489767111837864,60.61320584267378
cosine,35,10000,6220,0.0003804315929301083,0.0003795128461206332,0.00037984820235315513,0.0017368468863724028,2.768657031992916e-05,51.29188933968544,2.489767111837864,60.69846539199352
cosine,35,10000,6230,0.0003797559766098857,0.000379682463244535,0.00037975630241494685,0.001729931350270794,2.758470145636238e-05,51.374673537909985,2.489767111837864,60.78427670896053
cosine,35,10000,6240,0.0003765618021134287,0.00037835165567230434,0.00037915513415153764,0.0017230246481354037,2.7612313715508208e-05,51.45657294243574,2.489767111837864,60.86920890212059
cosine,35,10000,6250,0.0003764439024962485,0.000378916974295862,0.000379043796156062,0.0017161268481325949,2.7558535293792374e-05,51.5392836779356,2.489767111837864,60.954977832734585
cosine,35,10000,6260,0.00037635472835972905,0.00037901700125075877,0.00037901931065329684,0.0017092380183408673,2.747559301496949e-05,51.62154745310545,2.489767111837864,61.04024504125118
cosine,35,10000,6270,0.00038225334719754755,0.00037879257288295773,0.0003789978515258473,0.0017023582267501904,2.7663219952955842e-05,51.70401991903782,2.489767111837864,61.125752441585064
cosine,35,10000,6280,0.0003833218652289361,0.00037895301065873357,0.00037897602769027135,0.0016954875412613303,2.7718559067579918e-05,51.78647579997778,2.489767111837864,61.211281433701515
cosine,35,10000,6290,0.0003782919957302511,0.00038018074119463565,0.0003794539585920184,0.0016886260296851787,2.774540553218685e-05,51.86856410652399,2.489767111837864,61.29637002199888
cosine,35,10000,6300,0.000377122953068465,0.0003789884882280603,0.0003792642363081236,0.0016817737597420851,2.719878284551669e-05,51.95151686668396,2.5279193222522736,61.38239121437073
cosine,35,10000,6310,0.0003784247674047947,0.00037977043830323965,0.0003794711537896283,0.0016749307990611875,2.7293395760352723e-05,52.03401052206755,2.5279193222522736,61.557697869837284
cosine,35,10000,6320,0.00038158957613632083,0.0003800462174694985,0.0003796529195881863,0.0016680972151797437,2.7477160983835347e-05,52.11656118184328,2.5279193222522736,61.64325822144747
cosine,35,10000,6330,0.0003821413265541196,0.0003800556733040139,0.00037985238477111695,0.0016612730755424692,2.7038451662519947e-05,52.19877790659666,2.5279193222522736,61.72846785932779
cosine,35,10000,6340,0.00037605626857839525,0.00037884649354964496,0.0003793871571139211,0.0016544584475008668,2.7317973945173435e-05,52.28140001744032,2.5279193222522736,61.814050160348415
cosine,35,10000,6350,0.00038097845390439034,0.0003795856173383072,0.00037949463186233244,0.0016476533983125641,2.7117024728795514e-05,52.36345765739679,2.5279193222522736,61.89907933026552
cosine,35,10000,6360,0.00037898507434874773,0.0003795969852944836,0.00037954294948375135,0.001640857995140649,2.7335328923072666e-05,52.445485427975655,2.5279193222522736,61.984153531491756
cosine,35,10000,6370,0.000380024837795645,0.0003800179925747216,0.00037981422215387545,0.001634072305053008,2.7387182853999548e-05,52.52748166024685,2.5279193222522736,62.06910816580057
cosine,35,10000,6380,0.00038326065987348557,0.0003782663668971509,0.0003792085344616389,0.0016272963950216613,2.714673064474482e-05,52.60950331389904,2.5279193222522736,62.154085494577885
cosine,35,10000,6390,0.0003766329027712345,0.00037901691102888436,0.0003790807173998318,0.0016205303319221074,2.7415477234171703e-05,52.69152753055096,2.5279193222522736,62.2390500754118
cosine,35,10000,6400,0.0003785720909945667,0.00037963009672239425,0.0003792744215140978,0.0016137741825326562,2.7355386919225566e-05,52.77361527085304,2.566017746925354,62.324141666293144
cosine,35,10000,6410,0.00038008944829925895,0.0003793029231019318,0.0003793180989959488,0.0016070280135337758,2.6952324333251454e-05,52.85587730258703,2.566017746925354,62.49961233884096
cosine,35,10000,6420,0.00038035245961509645,0.00037878488074056805,0.00037916305730857863,0.001600291891507429,2.710381340875756e-05,52.93795555084944,2.566017746925354,62.584701359272
cosine,35,10000,6430,0.00037904572673141956,0.00037873066030442716,0.00037899989761704795,0.0015935658829364227,2.707738894969225e-05,53.021022483706474,2.566017746925354,62.670832335948944
cosine,35,10000,6440,0.0003774032520595938,0.00037792320363223554,0.0003785433712979045,0.0015868500542037451,2.7430622139945626e-05,53.103456906974316,2.566017746925354,62.75635230541229
cosine,35,10000,6450,0.0003780318074859679,0.00038015715254005047,0.0003792154308156332,0.0015801444715919132,2.7026477255276404e-05,53.18573950231075,2.566017746925354,62.84163372218609
cosine,35,10000,6460,0.00037900416646152735,0.0003790490503888577,0.0003791640422230006,0.001573449201282323,2.7159676392329857e-05,53.26831731945276,2.566017746925354,62.927264496684074
cosine,35,10000,6470,0.0003801241400651634,0.00037837597192265094,0.00037882605037695756,0.001566764309354587,2.735583075264003e-05,53.35042057186365,2.566017746925354,63.012370362877846
cosine,35,10000,6480,0.00038127839798107743,0.00037889594095759095,0.00037888065863230484,0.0015600898617858898,2.717869392654393e-05,53.43308362364769,2.566017746925354,63.09809369593859
cosine,35,10000,6490,0.0003770348848775029,0.00037882908072788267,0.0003788032566860449,0.0015534259244503355,2.6941224859911017e-05,53.51548332720995,2.566017746925354,63.18350016325712
cosine,35,10000,6500,0.00037866609636694193,0.00037893585686106236,0.0003789346781598319,0.0015467725631182953,2.721424971241504e-05,53.597603373229504,2.604200027883053,63.26864168047905
cosine,35,10000,6510,0.00037872837856411934,0.0003796506498474628,0.00037919457261867894,0.0015401298434557583,2.6351519409217872e-05,53.68008105456829,2.604200027883053,63.44433803856373
cosine,35,10000,6520,0.0003790436312556267,0.00037837680138181896,0.000378885340856901,0.0015334978310236878,2.6673236789065413e-05,53.76259334385395,2.604200027883053,63.52984859794378
cosine,35,10000,6530,0.0003787990426644683,0.00037878948205616325,0.00037890177079350667,0.001526876591277368,2.679178760445211e-05,53.844382271170616,2.604200027883053,63.61460556834936
cosine,35,10000,6540,0.0003790641494560987,0.00038020306965336204,0.0003793859276507858,0.001520266189565761,2.6781124688568525e-05,53.926959954202175,2.604200027883053,63.70017966628075
cosine,35,10000,6550,0.0003799591213464737,0.0003786311659496278,0.0003791418023321122,0.001513666691130865,2.7099769795313478e-05,54.00937910377979,2.604200027883053,63.78559659421444
cosine,35,10000,6560,0.00038045644760131836,0.00037985638773534446,0.00037944507558323673,0.0015070781611070641,2.7243440854363143e-05,54.09126382321119,2.604200027883053,63.87045442312956
cosine,35,10000,6570,0.0003760706458706409,0.00037900705938227476,0.00037922234594109535,0.001500500664520488,2.639976446516812e-05,54.173089027404785,2.604200027883053,63.95530264824629
cosine,35,10000,6580,0.00037655854248441756,0.0003785474254982546,0.00037895043317223937,0.0014939342662883758,2.6645860998542048e-05,54.25499872863293,2.604200027883053,64.04019981622696
cosine,35,10000,6590,0.0003799309488385916,0.00037862446042709054,0.00037884742400641367,0.0014873790312184252,2.6422378141433e-05,54.33769570291042,2.604200027883053,64.12588652223349
cosine,35,10000,6600,0.00037777499528601766,0.00037939132016617805,0.00037908605978755397,0.0014808350240081596,2.6591769710648805e-05,54.42018511891365,2.642145410180092,64.21141466498375
cosine,35,10000,6610,0.00037876819260418415,0.00037855920963920654,0.0003788921040699935,0.00147430230924429,2.7099758881377056e-05,54.502434238791466,2.642145410180092,64.38648549467325
cosine,35,10000,6620,0.0003781205159612,0.00037923654599580914,0.00037900944945540673,0.001467780951402073,2.6580915800877847e-05,54.58452745527029,2.642145410180092,64.47159911692142
cosine,35,10000,6630,0.00037891691317781806,0.00037835489492863415,0.00037870041071122365,0.001461271014844676,2.6669147700886242e-05,54.6672680452466,2.642145410180092,64.55739872902632
cosine,35,10000,6640,0.0003764009743463248,0.0003789000678807497,0.0003787744968686372,0.0014547725638225473,2.6706862627179362e-05,54.74942025542259,2.642145410180092,64.64259531348944
cosine,35,10000,6650,0.00038064358523115516,0.00037814139213878664,0.0003785077325208223,0.0014482856624727725,2.6731553589343093e-05,54.83179979771376,2.642145410180092,64.72803404927254
cosine,35,10000,6660,0.00038155249785631895,0.00037953682185616345,0.0003789214527086336,0.0014418103748184512,2.642070467118174e-05,54.913934744894505,2.642145410180092,64.81322532892227
cosine,35,10000,6670,0.00037794464151374996,0.0003775187244173139,0.0003783659376755392,0.0014353467647680578,2.640254569996614e-05,54.99605977535248,2.642145410180092,64.89840278029442
cosine,35,10000,6680,0.00038022641092538834,0.000378564020502381,0.00037848676485613983,0.001428894896114813,2.6386056561022997e-05,55.07891522347927,2.642145410180092,64.98432683199644
cosine,35,10000,6690,0.000375642761355266,0.0003773888776777312,0.0003779921134277448,0.0014224548325360569,2.6915811758954078e-05,55.16116736829281,2.642145410180092,65.06958436965942
cosine,35,10000,6700,0.0003813673392869532,0.000379108454217203,0.0003784960008077874,0.0014160266375926156,2.6784453439177014e-05,55.24363149702549,2.6803881525993347,65.15508457273245
cosine,35,10000,6710,0.00037862203316763043,0.00037788444897159936,0.0003782281982233759,0.0014096103747281792,2.6540541512076743e-05,55.32608450949192,2.6803881525993347,65.3313297405839
cosine,35,10000,6720,0.00037988502299413085,0.00037947578821331265,0.0003787985649163003,0.0014032061072686724,2.65183061856078e-05,55.408235251903534,2.6803881525993347,65.4165540188551
cosine,35,10000,6730,0.00038356505683623254,0.00037846179329790173,0.0003787239000995091,0.0013968138984216288,2.643165862536989e-05,55.49032374471426,2.6803881525993347,65.50162733346224
cosine,35,10000,6740,0.00037749961484223604,0.00037762533174827694,0.000378303138843019,0.0013904338112755682,2.650416354299523e-05,55.57305780798197,2.6803881525993347,65.58742401748896
cosine,35,10000,6750,0.0003764521679840982,0.00037894125271122905,0.0003785416142070909,0.0013840659087993763,2.6488658477319404e-05,55.65533163398504,2.6803881525993347,65.67274820804596
cosine,35,10000,6760,0.00037704576971009374,0.00037888996594119816,0.000378669561942192,0.001377710253841679,2.6813369913725182e-05,55.73754586279392,2.6803881525993347,65.75797861069441
cosine,35,10000,6770,0.00037935347063466907,0.0003775447723455727,0.0003782432562356168,0.0013713669091302246,2.6483781766728498e-05,55.820117220282555,2.6803881525993347,65.84354282170534
cosine,35,10000,6780,0.000382574915420264,0.00037865748454350977,0.000378409239690438,0.0013650359372712657,2.6352936401963234e-05,55.9020439684391,2.6803881525993347,65.92844600975513
cosine,35,10000,6790,0.00037637894274666905,0.00037676234496757387,0.0003777869148275122,0.0013587174007489381,2.607540227472782e-05,55.98464497178793,2.6803881525993347,66.01410008221865
cosine,35,10000,6800,0.0003839756245724857,0.0003776892088353634,0.000377789792010655,0.001352411361924645,2.613666765682865e-05,56.0667816773057,2.7185606956481934,66.09924276173115
cosine,35,10000,6810,0.00037896959111094475,0.00037948441749904307,0.00037841535475380186,0.0013461178830364445,2.5905825168592855e-05,56.14910330623388,2.7185606956481934,66.27493979781866
cosine,35,10000,6820,0.0003774609649553895,0.0003781595965847373,0.0003782829169208453,0.0013398370261984342,2.6597121177474037e-05,56.231254391372204,2.7185606956481934,66.36010377854109
cosine,35,10000,6830,0.0003754260833375156,0.0003788175992667675,0.0003784371449288196,0.0013335688534001331,2.5798262868192978e-05,56.31345550715923,2.7185606956481934,66.4453766644001
cosine,35,10000,6840,0.00038044387474656105,0.00037855366826988757,0.000378535368758806,0.0013273134265058778,2.6209074349026196e-05,56.395607866346836,2.7185606956481934,66.5305504500866
cosine,35,10000,6850,0.00037880759919062257,0.00037798497069161383,0.0003782863089189063,0.0013210708072542055,2.5945606466848403e-05,56.47779543697834,2.7185606956481934,66.61578042805195
cosine,35,10000,6860,0.0003752778866328299,0.00037799100682605057,0.00037814053206502616,0.0013148410572572475,2.6289977540727705e-05,56.560385167598724,2.7185606956481934,66.70145557075739
cosine,35,10000,6870,0.00037376416730694473,0.00037669627636205405,0.0003775339000833585,0.0013086242380001226,2.6004114261013456e-05,56.64277187734842,2.7185606956481934,66.78686409443617
cosine,35,10000,6880,0.0003793570795096457,0.00037817943666595966,0.00037783141750599226,0.0013024204108403258,2.6193083613179624e-05,56.72530199587345,2.7185606956481934,66.8723831102252
cosine,35,10000,6890,0.00037940271431580186,0.00037768220354337243,0.000377792241287909,0.0012962296370071275,2.6090830942848697e-05,56.80799197405577,2.7185606956481934,66.9580938667059
cosine,35,10000,6900,0.00038111163303256035,0.00037865873891860244,0.0003781835408560917,0.0012900519776009654,2.6012527087004855e-05,56.89026036858559,2.7568489238619804,67.0434542298317
cosine,35,10000,6910,0.0003762815613299608,0.00037785888416692616,0.0003780590762270491,0.001283887493592844,2.5750732675078325e-05,56.97258800268173,2.7568489238619804,67.21989823877811
cosine,35,10000,6920,0.0003771164338104427,0.00037680302921216935,0.00037751639823848347,0.001277736245823731,2.5920246116584167e-05,57.055169962346554,2.7568489238619804,67.3055183365941
cosine,35,10000,6930,0.00037663168041035533,0.00037627776619046925,0.00037698349053987945,0.0012715982950039606,2.5756800823728554e-05,57.13760779798031,2.7568489238619804,67.39102355390787
cosine,35,10000,6940,0.0003769643371924758,0.00037838089046999813,0.00037753720039420167,0.0012654737017126277,2.5849769372143783e-05,57.219897501170635,2.7568489238619804,67.47634318470955
cosine,35,10000,6950,0.0003755665384232998,0.0003772878291783854,0.00037742486504285794,0.0012593625263969959,2.570119613665156e-05,57.30272125452757,2.7568489238619804,67.56219284236431
cosine,35,10000,6960,0.0003765073779504746,0.0003778876009164378,0.0003775765112338429,0.0012532648293718987,2.600450170575641e-05,57.38481379300356,2.7568489238619804,67.64734138548374
cosine,35,10000,6970,0.0003747151349671185,0.0003773674630792812,0.00037743452542655367,0.001247180670819143,2.5460238248342648e-05,57.4674376398325,2.7568489238619804,67.73296789079905
cosine,35,10000,6980,0.0003791987837757915,0.00037771911593154073,0.0003775942274277446,0.0012411101107869188,2.5745050152181648e-05,57.54971516877413,2.7568489238619804,67.81825411319733
cosine,35,10000,6990,0.0003788927278947085,0.00037734169454779477,0.00037748033858016404,0.0012350532091892023,2.576165752543602e-05,57.63200852274895,2.7568489238619804,67.90359573066235
cosine,35,10000,7000,0.00038010883145034313,0.00037844702310394494,0.00037793841834328555,0.001229010025805166,2.5583114620530978e-05,57.71470605581999,2.795114003121853,67.98934214562178
cosine,35,10000,7010,0.00037903140764683485,0.0003776254161493853,0.00037783760414767954,0.0012229806202785918,2.542469337640796e-05,57.797112710773945,2.795114003121853,68.22747284173965
cosine,35,10000,7020,0.00038116343785077333,0.0003781398118007928,0.0003780510228645782,0.0012169650521172762,2.594691795820836e-05,57.879688672721386,2.795114003121853,68.31312470138073
cosine,35,10000,7030,0.00038123494596220553,0.00037800164136569947,0.0003780143598147982,0.0012109633806924496,2.5264325813623145e-05,57.96217589080334,2.795114003121853,68.39864797145128
cosine,35,10000,7040,0.00037695583887398243,0.00037793830560985955,0.00037801089119003097,0.0012049756652381864,2.5716642994666472e-05,58.044303342700005,2.795114003121853,68.48376026749611
cosine,35,10000,7050,0.00038063962711021304,0.0003767242713365704,0.0003775426681670742,0.001199001964850821,2.594651778053958e-05,58.126715771853924,2.795114003121853,68.56926134228706
cosine,35,10000,7060,0.00038201038842089474,0.0003767272602999583,0.000377252969452668,0.0011930423384883628,2.5906829250743613e-05,58.208998300135136,2.795114003121853,68.65454134345055
cosine,35,10000,7070,0.0003779696999117732,0.00037769431073684243,0.0003774828939237194,0.00118709684496992,2.56893144978676e-05,58.29139657318592,2.795114003121853,68.73993524163961
cosine,35,10000,7080,0.00038034096360206604,0.000377835423569195,0.00037763151997930773,0.0011811655429751111,2.5466730221523903e-05,58.37383611500263,2.795114003121853,68.82540449500084
cosine,35,10000,7090,0.0003784177824854851,0.0003777111560339108,0.0003776312701847131,0.0011752484910434945,2.5448880478506908e-05,58.455976232886314,2.795114003121853,68.9105127081275
cosine,35,10000,7100,0.00037553702713921666,0.0003777512989472598,0.0003776195695537123,0.0011693457475739832,2.533142287575174e-05,58.53861162811518,2.834603749215603,68.99615941941738
cosine,35,10000,7110,0.0003778940299525857,0.0003779874969040975,0.00037776940403889346,0.0011634573708242707,2.5545115931890905e-05,58.62061592936516,2.834603749215603,69.18067706376314
cosine,35,10000,7120,0.0003791957860812545,0.0003771413408685476,0.00037753537233173285,0.0011575834189102609,2.5433557311771438e-05,58.702442266047,2.834603749215603,69.26554480195045
cosine,35,10000,7130,0.0003776080848183483,0.00037738994869869203,0.00037749205941933154,0.001151723949805486,2.5486404410912655e-05,58.784606754779816,2.834603749215603,69.35071222484112
cosine,35,10000,7140,0.0003749181341845542,0.0003763961780350655,0.00037706467556186413,0.001145879021340539,2.5256349545088597e-05,58.86710495501757,2.834603749215603,69.43622083216906
cosine,35,10000,7150,0.0003769445465877652,0.0003764278313610703,0.00037687525161713293,0.0011400486912025078,2.5209415980498306e-05,58.94919165223837,2.834603749215603,69.52129213511944
cosine,35,10000,7160,0.00037997981416992843,0.00037756257224828,0.0003771754294937791,0.0011342330169343958,2.5167140847770497e-05,59.031939789652824,2.834603749215603,69.60704283416271
cosine,35,10000,7170,0.00037896327557973564,0.0003779692226089537,0.0003775327125653176,0.0011284320559345586,2.5452896807109937e-05,59.11405239254236,2.834603749215603,69.69216395169497
cosine,35,10000,7180,0.000377016665879637,0.00037733346107415855,0.00037745148402312817,0.0011226458654561412,2.4997056243591942e-05,59.196212254464626,2.834603749215603,69.77727748453617
cosine,35,10000,7190,0.0003755021607503295,0.0003758616425329819,0.00037679635727661816,0.001116874502606507,2.5543993615428917e-05,59.27875252068043,2.834603749215603,69.86283302307129
cosine,35,10000,7200,0.0003722598194144666,0.0003757327242055908,0.0003763372376203322,0.0011111180243466765,2.528747427277267e-05,59.360778488218784,2.8729599565267563,69.94784294068813
cosine,35,10000,7210,0.00037473859265446663,0.0003768677561311051,0.0003765702657230223,0.0011053764874907677,2.502685492800083e-05,59.44292814284563,2.8729599565267563,70.1240161806345
cosine,35,10000,7220,0.00037258138763718307,0.00037608602724503726,0.00037638912879027074,0.0010996499487054305,2.465269972162787e-05,59.52564385533333,2.8729599565267563,70.2098748832941
cosine,35,10000,7230,0.00037557343603111804,0.00037623301323037596,0.0003763001516992663,0.0010939384645092902,2.503346149751451e-05,59.607800751924515,2.8729599565267563,70.29505331814289
cosine,35,10000,7240,0.00037706911098212004,0.000376737947226502,0.0003764633602077787,0.001088242091272391,2.5282393835368566e-05,59.69006334990263,2.8729599565267563,70.3803040087223
cosine,35,10000,7250,0.00037652638275176287,0.00037763009895570577,0.000376923868259704,0.0010825608852156362,2.4910104912123643e-05,59.77316693216562,2.8729599565267563,70.46644611656666
cosine,35,10000,7260,0.0003781804989557713,0.00037673727492801843,0.00037685214530438805,0.001076894902410236,2.481726733094547e-05,59.85506024956703,2.8729599565267563,70.55131347477436
cosine,35,10000,7270,0.0003798467223532498,0.0003767666086787358,0.0003768428053473763,0.0010712441987771547,2.4867076717782766e-05,59.93767409026623,2.8729599565267563,70.63703701645136
cosine,35,10000,7280,0.00037675286876037717,0.00037617001798935236,0.0003765493173526395,0.0010656088300865546,2.563238922448363e-05,60.0200037881732,2.8729599565267563,70.72246711701155
cosine,35,10000,7290,0.00037878419971093535,0.0003779920662054792,0.000377136846892337,0.0010599888519572495,2.5513183572911657e-05,60.10247629880905,2.8729599565267563,70.80793429911137
cosine,35,10000,7300,0.00037633496685884893,0.0003768843977013603,0.00037700431184619206,0.0010543843198561557,2.4682507500983775e-05,60.184984900057316,2.9110355228185654,70.89341872930527
cosine,35,10000,7310,0.0003760747495107353,0.0003762954467674717,0.0003766768339058419,0.001048795289097741,2.5137895136140287e-05,60.2671599984169,2.9110355228185654,71.06931107491255
cosine,35,10000,7320,0.0003730092430487275,0.0003770283714402467,0.00037672846731110117,0.0010432218148434835,2.5147457563434727e-05,60.349166251719,2.9110355228185654,71.15431617945433
cosine,35,10000,7330,0.0003781343693844974,0.000376609482918866,0.0003766746589021293,0.0010376639521013239,2.4761406166362576e-05,60.43119406700134,2.9110355228185654,71.2393049299717
cosine,35,10000,7340,0.00037679087836295366,0.0003771281015360728,0.00037683968112316407,0.0010321217557251229,2.5147895939880982e-05,60.513320192694664,2.9110355228185654,71.32442835718393
cosine,35,10000,7350,0.00037888213410042226,0.00037669955054298043,0.0003768200186067557,0.0010265952804141233,2.5109960915870033e-05,60.59553608298302,2.9110355228185654,71.40967623889446
cosine,35,10000,7360,0.00037458588485606015,0.000376833020709455,0.00037682279176449405,0.001021084580712402,2.4880779164959677e-05,60.67774482816458,2.9110355228185654,71.49491118639708
cosine,35,10000,7370,0.0003761235566344112,0.00037685231072828176,0.00037688203497905713,0.0010155897110083432,2.4719360226299614e-05,60.760238878428936,2.9110355228185654,71.58048187196255
cosine,35,10000,7380,0.00037681893445551395,0.0003763281274586916,0.00037667005694984443,0.0010101107255340923,2.5026507501024753e-05,60.842493295669556,2.9110355228185654,71.66574804484844
cosine,35,10000,7390,0.0003736804937943816,0.0003753237338969484,0.0003760423678017863,0.0010046476783650226,2.49398362939246e-05,60.92518609762192,2.9110355228185654,71.7514870762825
cosine,35,10000,7400,0.00037804775638505816,0.00037737168604508043,0.00037651986063872735,0.0009992006234192047,2.476890222169459e-05,61.007105097174644,2.9492638930678368,71.8363729044795
cosine,35,10000,7410,0.0003782588755711913,0.00037675712956115605,0.00037662279559347935,0.0009937696144568721,2.4989567464217544e-05,61.089895859360695,2.9492638930678368,72.01319323480129
cosine,35,10000,7420,0.0003766558365896344,0.0003771841147681698,0.0003768999469204546,0.0009883547050798902,2.4627781385788694e-05,61.17230673134327,2.9492638930678368,72.09866820275784
cosine,35,10000,7430,0.00037869031075388193,0.0003764867316931486,0.0003768201287835716,0.000982955948731228,2.4682834919076413e-05,61.25502418726683,2.9492638930678368,72.18442699313164
cosine,35,10000,7440,0.0003744693531189114,0.00037653754116036,0.0003767265080045281,0.0009775733986944323,2.4950739316409454e-05,61.336955308914185,2.9492638930678368,72.26937302947044
cosine,35,10000,7450,0.0003771364572457969,0.0003753515600692481,0.0003761906704118678,0.0009722071080930994,2.4888833650038578e-05,61.41944893449545,2.9492638930678368,72.35490646958351
cosine,35,10000,7460,0.0003745978756342083,0.00037626158737111835,0.00037615925364837275,0.0009668571298903489,2.4016873794607818e-05,61.50176490098238,2.9492638930678368,72.44024161249399
cosine,35,10000,7470,0.00037306826561689377,0.0003762505017220974,0.00037620690840790426,0.000961523516888307,2.472949927323498e-05,61.584305711090565,2.9492638930678368,72.52582067251205
cosine,35,10000,7480,0.0003721010289154947,0.0003765282599488273,0.0003763085279354873,0.0009562063217275819,2.4233688236563466e-05,61.66698648780584,2.9492638930678368,72.61154969781637
cosine,35,10000,7490,0.00037570198765024543,0.00037749786861240864,0.00037678132924930986,0.000950905596886741,2.4675342501723208e-05,61.74879975616932,2.9492638930678368,72.69636874645948
cosine,35,10000,7500,0.0003753699129447341,0.0003772546129766852,0.0003769131538526488,0.0009456213946818005,2.4647757527418435e-05,61.83133675158024,2.9875282496213913,72.78196945041418
cosine,35,10000,7510,0.00037868641084060073,0.00037665209092665466,0.00037682306061156387,0.0009403537672657017,2.45914652623469e-05,61.91335602104664,2.9875282496213913,72.95804946869612
cosine,35,10000,7520,0.0003763043787330389,0.0003769359522266313,0.00037684826739078475,0.0009351027666278001,2.469816172379069e-05,61.995067827403545,2.9875282496213913,73.04275305569172
cosine,35,10000,7530,0.00037731730844825506,0.0003768134629353881,0.0003768571897019231,0.0009298684445933537,2.4565631974837743e-05,62.077131889760494,2.9875282496213913,73.12777639180422
cosine,35,10000,7540,0.00038021180080249906,0.0003772257274249569,0.0003770109995071597,0.000924650852823006,2.4224567823694088e-05,62.16008086502552,2.9875282496213913,73.2137335985899
cosine,35,10000,7550,0.00037751495256088674,0.00037650588201358913,0.0003768182585966949,0.0009194500428122831,2.4518627469660714e-05,62.24245420843363,2.9875282496213913,73.29910749942064
cosine,35,10000,7560,0.0003721476823557168,0.00037557390169240534,0.00037628037298963104,0.0009142660658910791,2.429430060146842e-05,62.32470891624689,2.9875282496213913,73.38434598594904
cosine,35,10000,7570,0.00037694547791033983,0.00037552825233433396,0.00037604066375136573,0.0009090989732231527,2.436846261844039e-05,62.40728309750557,2.9875282496213913,73.4699399843812
cosine,35,10000,7580,0.0003766870649997145,0.0003774900076678023,0.0003765990782289307,0.0009039488158056236,2.4186509108403698e-05,62.48933592438698,2.9875282496213913,73.55496547371149
cosine,35,10000,7590,0.00037742662243545055,0.00037617300113197417,0.00037647045057928363,0.0008988156444684664,2.4457252948195674e-05,62.57172019779682,2.9875282496213913,73.64037059992552
cosine,35,10000,7600,0.00037486065411940217,0.00037672772305086255,0.0003765582204829488,0.0008936995098740089,2.4064154786174186e-05,62.653551273047924,3.025825574994087,73.72518051415682
cosine,35,10000,7610,0.0003794768126681447,0.0003767692309338599,0.0003766623287069602,0.0008886004625164353,2.4425515221082605e-05,62.73620378226042,3.025825574994087,73.90234042704105
cosine,35,10000,7620,0.00037630408769473433,0.0003757826896617189,0.0003763122181917305,0.0008835185527212841,2.439993477310054e-05,62.81836976110935,3.025825574994087,73.98748091608286
cosine,35,10000,7630,0.00037711928598582745,0.00037700975663028656,0.00037663223987546444,0.000878453830644952,2.4250817659776658e-05,62.90106311440468,3.025825574994087,74.07320554554462
cosine,35,10000,7640,0.0003773848875425756,0.0003767837042687461,0.0003767116941460788,0.0008734063462742031,2.4241926439572126e-05,62.9830652102828,3.025825574994087,74.15818796306849
cosine,35,10000,7650,0.00037890084786340594,0.00037581622891593727,0.00037644279357003027,0.0008683761494256699,2.4295395633089356e-05,63.06581448018551,3.025825574994087,74.24396532773972
cosine,35,10000,7660,0.0003770945477299392,0.00037683914706576616,0.00037664179333207575,0.0008633632897453631,2.4287786800414324e-05,63.14800741523504,3.025825574994087,74.32915732264519
cosine,35,10000,7670,0.0003778187674470246,0.0003762075211852789,0.0003765255211802503,0.0008583678167081853,2.4509137801942416e-05,63.23046462982893,3.025825574994087,74.41466183960438
cosine,35,10000,7680,0.00037599512143060565,0.00037466677895281464,0.0003757794894209063,0.000853389779617438,2.3963886633282527e-05,63.31294098496437,3.025825574994087,74.5002835765481
cosine,35,10000,7690,0.00037697143852710724,0.0003761558065889403,0.0003760031866833715,0.0008484292276043379,2.3828451958252117e-05,63.394956827163696,3.025825574994087,74.58532079309225
cosine,35,10000,7700,0.0003757600497920066,0.00037551436689682306,0.00037579051793666283,0.0008434862096275311,2.3912529286462814e-05,63.47761443257332,3.0640571415424347,74.67102168500423
cosine,35,10000,7710,0.00037926461664028466,0.00037737667444162073,0.0003764401131638527,0.0008385607744726095,2.4167358787963167e-05,63.55978520959616,3.0640571415424347,74.84759571403265
cosine,35,10000,7720,0.0003742544795386493,0.0003749194787815213,0.00037581415740843934,0.0008336529707516281,2.4068616767181084e-05,63.64181292057037,3.0640571415424347,74.932613119483
cosine,35,10000,7730,0.00037794766831211746,0.00037653086765203624,0.00037612168110153876,0.0008287628469026303,2.4085005861707032e-05,63.72409139573574,3.0640571415424347,75.0178808644414
cosine,35,10000,7740,0.00037688034353777766,0.0003749795927433297,0.00037569567325901516,0.0008238904511891623,2.4221144485636614e-05,63.806554824113846,3.0640571415424347,75.10332228988409
cosine,35,10000,7750,0.00037650781450793147,0.0003766601614188403,0.00037607362446719534,0.0008190358316998044,2.3812137442291714e-05,63.88830877095461,3.0640571415424347,75.18806890398264
cosine,35,10000,7760,0.00037341046845540404,0.0003751701326109469,0.00037569142222223156,0.0008141990363476907,2.401151868980378e-05,63.970311388373375,3.0640571415424347,75.27304182201624
cosine,35,10000,7770,0.00037843655445612967,0.00037638803478330375,0.000375947470487269,0.0008093801128700376,2.342218067497015e-05,64.05236347019672,3.0640571415424347,75.35806675255299
cosine,35,10000,7780,0.00037557625910267234,0.0003768240101635456,0.0003762556687084068,0.0008045791088276754,2.4089677026495337e-05,64.13439398258924,3.0640571415424347,75.44306842982769
cosine,35,10000,7790,0.0003724397101905197,0.0003759863961022347,0.00037611466393408993,0.0007997960716045752,2.409888111287728e-05,64.21648044884205,3.0640571415424347,75.52815762907267
cosine,35,10000,7800,0.0003773624775931239,0.00037589318526443094,0.00037597601437543523,0.0007950310484073832,2.3736723960610107e-05,64.29856729507446,3.102120190858841,75.61325119435787
cosine,35,10000,7810,0.00037578726187348366,0.0003761579835554585,0.00037608147435305413,0.000790284086264956,2.3783624783391133e-05,64.38084249198437,3.102120190858841,75.78983809053898
cosine,35,10000,7820,0.00037675307248719037,0.0003764964785659686,0.00037624427239967115,0.0007855552320278926,2.368178502365481e-05,64.46287740021944,3.102120190858841,75.87491143494844
cosine,35,10000,7830,0.00037329242331907153,0.0003755293437279761,0.00037593426849893486,0.0007808445323680744,2.3859127395553514e-05,64.54553367197514,3.102120190858841,75.96060330420732
cosine,35,10000,7840,0.00037547212559729815,0.0003762255568290129,0.0003760758923636971,0.0007761520337782066,2.3598799089086242e-05,64.62770100682974,3.102120190858841,76.04574815183878
cosine,35,10000,7850,0.0003777249075938016,0.00037356763787101956,0.000375111678464046,0.0007714777825713552,2.3535236323368736e-05,64.71017397195101,3.102120190858841,76.13119397312403
cosine,35,10000,7860,0.00037572678411379457,0.0003759352606721222,0.00037538687002162144,0.0007668218248804922,2.4235019736806862e-05,64.7924934104085,3.102120190858841,76.21652615815401
cosine,35,10000,7870,0.00037704111309722066,0.0003750156261958182,0.00037531555534394724,0.0007621842066580413,2.3936250727274455e-05,64.8745643272996,3.102120190858841,76.30162090808153
cosine,35,10000,7880,0.000374098977772519,0.00037553874717559664,0.000375416412421306,0.0007575649736754216,2.3884787879069336e-05,64.9571422636509,3.102120190858841,76.38725598156452
cosine,35,10000,7890,0.00037679210072383285,0.00037505750660784545,0.0003753168678919295,0.000752964171522597,2.3675560441915877e-05,65.03921216726303,3.102120190858841,76.47238116711378
cosine,35,10000,7900,0.00037838565185666084,0.0003759241051739082,0.0003755731985006217,0.0007483818456076282,2.3705088096903637e-05,65.12171917408705,3.1403155401349068,76.55792836844921
cosine,35,10000,7910,0.00037369609344750643,0.00037589423882309345,0.00037565203467796083,0.0007438180411562224,2.358161873416975e-05,65.20423012971878,3.1403155401349068,76.73516457527876
cosine,35,10000,7920,0.0003754010540433228,0.0003760063729714602,0.000375808868706908,0.0007392728032112859,2.3420638171955943e-05,65.28663291782141,3.1403155401349068,76.82065280526876
cosine,35,10000,7930,0.0003728660522028804,0.00037527495296671984,0.00037554578149568866,0.0007347461766324833,2.3468010112992488e-05,65.36874680966139,3.1403155401349068,76.90578791499138
cosine,35,10000,7940,0.00037183702806942165,0.0003757932310691103,0.00037559390220555735,0.000730238206095791,2.3545557269244455e-05,65.45147448033094,3.1403155401349068,76.991585098207
cosine,35,10000,7950,0.00037638534558936954,0.00037549265543930234,0.00037556008762020833,0.0007257489360930576,2.3372100258711725e-05,65.53378309309483,3.1403155401349068,77.07692118734121
cosine,35,10000,7960,0.0003724381676875055,0.00037525305524468424,0.000375407288410319,0.0007212784109315671,2.3087663066689856e-05,65.61618506908417,3.1403155401349068,77.1623518243432
cosine,35,10000,7970,0.0003756279475055635,0.0003746735077584162,0.00037512537185262516,0.0007168266747335965,2.3260919988388196e-05,65.69874288141727,3.1403155401349068,77.24794144928455
cosine,35,10000,7980,0.0003717630170285702,0.00037499779427889733,0.0003750655482490884,0.0007123937714359862,2.350471550016664e-05,65.78079427033663,3.1403155401349068,77.33299344778061
cosine,35,10000,7990,0.00037915032589808106,0.0003762279258808121,0.0003755557699819434,0.0007079797447897016,2.3156762836151756e-05,65.86354595422745,3.1403155401349068,77.41880968213081
cosine,35,10000,8000,0.00037536537274718285,0.0003757533500902355,0.0003756359421996807,0.0007035846383594028,2.3087395675247535e-05,65.94549673050642,3.1784840002655983,77.50378417223692
cosine,35,10000,8010,0.00037607242120429873,0.0003744680172530934,0.0003751600153762763,0.0006992084955230166,2.3287437215913087e-05,66.02768129855394,3.1784840002655983,77.74406026303768
cosine,35,10000,8020,0.00037753157084807754,0.00037562384677585213,0.0003754055364853867,0.0006948513594713064,2.3617125407326967e-05,66.11003814637661,3.1784840002655983,77.82948838919401
cosine,35,10000,8030,0.00037257099756971,0.00037500729667954146,0.0003751743590906454,0.0006905132732074454,2.3655507902731188e-05,66.19191215932369,3.1784840002655983,77.91435691714287
cosine,35,10000,8040,0.0003742934495676309,0.0003748149931197986,0.00037500486574614634,0.0006861942795465946,2.3122362108551897e-05,66.27401760220528,3.1784840002655983,77.99944895505905
cosine,35,10000,8050,0.00037603071541525424,0.0003760406601941213,0.0003754194583667328,0.0006818944211154773,2.3258473447640426e-05,66.35627304017544,3.1784840002655983,78.08473437279463
cosine,35,10000,8060,0.00037673438782803714,0.0003753573400899768,0.0003753898222233248,0.0006776137403519593,2.3242671886691824e-05,66.43816678225994,3.1784840002655983,78.16961701214314
cosine,35,10000,8070,0.0003737745573744178,0.000375065827392973,0.00037523704878691504,0.0006733522795046331,2.3110080292099155e-05,66.52099858224392,3.1784840002655983,78.25550519675016
cosine,35,10000,8080,0.0003754848730750382,0.00037535559094976635,0.00037520776449722737,0.0006691100806323958,2.3165421225712635e-05,66.60340399295092,3.1784840002655983,78.34092835336924
cosine,35,10000,8090,0.00037160387728363276,0.000374201824888587,0.00037483460354936207,0.0006648871856040375,2.3107651941245422e-05,66.68574646115303,3.1784840002655983,78.42629139870405
cosine,35,10000,8100,0.0003755409561563283,0.00037456553836818786,0.00037475828108681907,0.0006606836360978283,2.299139123351779e-05,66.76842265576124,3.216495417058468,78.51204523444176
cosine,35,10000,8110,0.0003761661646421999,0.00037613185704685745,0.00037529392782797077,0.0006564994736011041,2.3407828848576173e-05,66.85066701471806,3.216495417058468,78.69627326726913
cosine,35,10000,8120,0.00037651800084859133,0.0003745172260096297,0.000374964387733981,0.0006523347394098586,2.3769040126353502e-05,66.93280383944511,3.216495417058468,78.78145158290863
cosine,35,10000,8130,0.00037471295217983425,0.0003746788395801559,0.00037484196314294804,0.000648189474628339,2.3051983589539304e-05,67.01488093286753,3.216495417058468,78.86652761697769
cosine,35,10000,8140,0.00037474255077540874,0.00037494630087167027,0.00037488334506159357,0.0006440637201686339,2.3241180315380916e-05,67.0969290882349,3.216495417058468,78.95153445005417
cosine,35,10000,8150,0.0003743193228729069,0.0003743777691852301,0.00037472725907558135,0.0006399575167502741,2.2996267944108695e-05,67.17891725897789,3.216495417058468,79.03650572150946
cosine,35,10000,8160,0.0003747023001778871,0.0003741412132512778,0.0003745062708714357,0.0006358709048998304,2.2934586013434455e-05,67.26110139489174,3.216495417058468,79.12174052745104
cosine,35,10000,8170,0.0003770336043089628,0.0003757587866857648,0.00037499710378652166,0.0006318039249505114,2.312397009518463e-05,67.34331895411015,3.216495417058468,79.20702766627073
cosine,35,10000,8180,0.0003751084441319108,0.0003751422045752406,0.0003750999777631535,0.0006277566170417669,2.3243550458573736e-05,67.42564760893583,3.216495417058468,79.29241757839918
cosine,35,10000,8190,0.00036948177148588,0.0003749130730284378,0.00037494979825119135,0.0006237290211188933,2.3011667508399114e-05,67.50855103880167,3.216495417058468,79.37845707684755
cosine,35,10000,8200,0.00037172966403886676,0.00037450260133482517,0.00037467921229247244,0.0006197211769326343,2.2914555302122608e-05,67.59074729681015,3.2548512294888496,79.46371078491211
cosine,35,10000,8210,0.000374067691154778,0.00037555015296675265,0.0003750272785103701,0.0006157331240387958,2.25722324103117e-05,67.67336654663086,3.2548512294888496,79.64237492531538
cosine,35,10000,8220,0.0003799176774919033,0.00037601650110445916,0.0003754621682675384,0.0006117649017978494,2.2652671759715304e-05,67.75582879036665,3.2548512294888496,79.72791311889887
cosine,35,10000,8230,0.0003725968999788165,0.0003753485652850941,0.00037542457035651176,0.000607816549374546,2.292733552167192e-05,67.83831409364939,3.2548512294888496,79.81344294548035
cosine,35,10000,8240,0.00037122826324775815,0.00037389502103906124,0.00037479939452100483,0.0006038881057375302,2.3084332497091964e-05,67.92058263719082,3.2548512294888496,79.89882508665323
cosine,35,10000,8250,0.00037673109909519553,0.00037601738586090505,0.0003752606925774743,0.0005999796096589553,2.251316254842095e-05,68.0027543604374,3.2548512294888496,79.98405985534191
cosine,35,10000,8260,0.0003740446118172258,0.00037407393101602794,0.0003747952822601135,0.0005960910997140989,2.2859649106976576e-05,68.08492954820395,3.2548512294888496,80.06930052489042
cosine,35,10000,8270,0.00037312484346330166,0.0003752935503143817,0.0003749632640387638,0.0005922226142809851,2.2594005713472143e-05,68.16740503907204,3.2548512294888496,80.15486297756433
cosine,35,10000,8280,0.0003741333493962884,0.00037437212886288763,0.0003746773176361478,0.0005883741915400031,2.2701329726260155e-05,68.24993465840816,3.2548512294888496,80.24046715348959
cosine,35,10000,8290,0.00037487607914954424,0.0003753454075194895,0.0003749438476383948,0.0005845458694735304,2.2746431568521075e-05,68.33226687461138,3.2548512294888496,80.32584728300571
cosine,35,10000,8300,0.00037603668170049787,0.00037390126963146033,0.00037453796967776363,0.0005807376858655623,2.2752483346266672e-05,68.41502495110035,3.293152429163456,80.41167939454317
cosine,35,10000,8310,0.00037541435449384153,0.0003745111520402133,0.00037450812370531017,0.0005769496783013325,2.2464502762886696e-05,68.49738101661205,3.293152429163456,80.58949238806963
cosine,35,10000,8320,0.0003738607629202306,0.00037339012196753175,0.0003740649916375033,0.0005731818841669459,2.2473735953099094e-05,68.57963290065527,3.293152429163456,80.67483085393906
cosine,35,10000,8330,0.0003736847429536283,0.0003745306050404906,0.00037422068249815226,0.0005694343406490108,2.2830026864539832e-05,68.66184270381927,3.293152429163456,80.7600633725524
cosine,35,10000,8340,0.00037424586480483413,0.0003747157024918124,0.000374456738262016,0.0005657070847342676,2.281137858517468e-05,68.74416072666645,3.293152429163456,80.84541372209787
cosine,35,10000,8350,0.0003741958935279399,0.00037402120942715557,0.00037428746261610753,0.0005620001532092281,2.269262586196419e-05,68.82632494717836,3.293152429163456,80.9305997043848
cosine,35,10000,8360,0.0003739392850548029,0.00037429347867146134,0.0003742601542712737,0.0005583135826598099,2.2578433345188387e-05,68.90905979275703,3.293152429163456,81.01635474711657
cosine,35,10000,8370,0.0003726219292730093,0.00037439763254951683,0.00037432011860111085,0.0005546474094709757,2.2789965441916138e-05,68.99114161729813,3.293152429163456,81.10144054889679
cosine,35,10000,8380,0.00037069874815642834,0.0003748386894585565,0.00037448563701924934,0.0005510016698263747,2.293820580234751e-05,69.07340595126152,3.293152429163456,81.18673691898584
cosine,35,10000,8390,0.00037694681668654084,0.00037458956940099596,0.0003745924033428465,0.0005473763997079857,2.246857366117183e-05,69.15596197545528,3.293152429163456,81.27238141745329
cosine,35,10000,8400,0.0003744142013601959,0.00037466054782271386,0.00037459009248492863,0.0005437716348957607,2.2641346731688827e-05,69.23822472989559,3.33186125010252,81.35771863907576
cosine,35,10000,8410,0.00037366902688518167,0.0003743994195247069,0.00037445971447556064,0.0005401874109672738,2.2618867660639808e-05,69.32065404951572,3.33186125010252,81.54353144019842
cosine,35,10000,8420,0.00037585169775411487,0.00037508093810174615,0.0003747595137284356,0.0005366237632973675,2.2457967133959755e-05,69.40326163172722,3.33186125010252,81.62924553453922
cosine,35,10000,8430,0.0003754186909645796,0.0003742761735338718,0.00037458430859386635,0.0005330807270578055,2.247950942546595e-05,69.48561206459999,3.33186125010252,81.71470368653536
cosine,35,10000,8440,0.000374883966287598,0.00037306695012375715,0.0003739832666555113,0.0005295583372169259,2.2722228095517494e-05,69.56822963804007,3.33186125010252,81.80038706958294
cosine,35,10000,8450,0.00037896883441135287,0.000375058816280216,0.0003744696193428115,0.0005260566285392933,2.253128695883788e-05,69.6509924158454,3.33186125010252,81.886200517416
cosine,35,10000,8460,0.0003771874471567571,0.00037437126447912303,0.00037448549746443296,0.0005225756355853595,2.2258946046349593e-05,69.73323284834623,3.33186125010252,81.97152391076088
cosine,35,10000,8470,0.0003727166331373155,0.00037435394478961824,0.00037443356002370436,0.0005191153927111198,2.244825373054482e-05,69.8161106184125,3.33186125010252,82.0574853271246
cosine,35,10000,8480,0.00037491184775717556,0.00037446725182235243,0.0003744624703440072,0.0005156759340677742,2.233406667073723e-05,69.89840960502625,3.33186125010252,82.14285431802273
cosine,35,10000,8490,0.0003758579841814935,0.00037468760274350643,0.0003745884458641963,0.0005122572936013903,2.2337228074320592e-05,69.98102229088545,3.33186125010252,82.22856348752975
cosine,35,10000,8500,0.0003745919093489647,0.0003738352272193879,0.00037428946749856507,0.00050885950505257,2.2347296180669218e-05,70.06352428346872,3.3700478300452232,82.31415557861328
cosine,35,10000,8510,0.0003735393984243274,0.0003733799792826176,0.0003738995798272165,0.0005054826019561148,2.256139850942418e-05,70.14590168744326,3.3700478300452232,82.4923205152154
cosine,35,10000,8520,0.00037572061410173774,0.0003726265887962654,0.00037344536517499205,0.0005021266176406939,2.2095253370935097e-05,70.22808761894703,3.3700478300452232,82.57753573358059
cosine,35,10000,8530,0.0003710190940182656,0.00037363524315878747,0.0003735111913620898,0.0004987915852285186,2.211884748248849e-05,70.31022761017084,3.3700478300452232,82.66270213574171
cosine,35,10000,8540,0.0003740183310583234,0.0003741756227100268,0.0003737448636964003,0.0004954775376350121,2.2009153326507658e-05,70.39261411130428,3.3700478300452232,82.74815940856934
cosine,35,10000,8550,0.00037232344038784504,0.0003735982900252566,0.00037370638388192117,0.0004921845075684856,2.2532976799993776e-05,70.47466971725225,3.3700478300452232,82.8332344442606
cosine,35,10000,8560,0.0003749330062419176,0.00037498294550459833,0.00037415879343946255,0.0004889125275298169,2.2302900106296875e-05,70.55710203200579,3.3700478300452232,82.91871827840805
cosine,35,10000,8570,0.00037600044743157923,0.0003753992059500888,0.00037459044946895896,0.00048566162981212847,2.2672875275020488e-05,70.63938437402248,3.3700478300452232,83.00404431670904
cosine,35,10000,8580,0.0003721851098816842,0.00037523551727645097,0.0003748038155760025,0.0004824318465004678,2.2084226657170802e-05,70.72159353643656,3.3700478300452232,83.0892811641097
cosine,35,10000,8590,0.0003738696686923504,0.00037323399155866357,0.0003741753786814232,0.00047922320947149254,2.2369400539901108e-05,70.80428763478994,3.3700478300452232,83.17501939833164
cosine,35,10000,8600,0.0003778230457101017,0.0003740074171219021,0.0003741916501421268,0.0004760357503931551,2.2062578864279203e-05,70.8861835822463,3.4083914384245872,83.2599115818739
cosine,35,10000,8610,0.00037291221087798476,0.00037442515895236284,0.00037428189317630843,0.00047286950072438844,2.218591544078663e-05,70.96866804361343,3.4083914384245872,83.43829420953989
cosine,35,10000,8620,0.0003774593351408839,0.00037557245523203167,0.00037480103462452945,0.00046972449171479977,2.1931466108071618e-05,71.05093389004469,3.4083914384245872,83.52358175814152
cosine,35,10000,8630,0.00037403946043923497,0.0003754641977138817,0.0003750601417743568,0.0004666007544043576,2.2329208150040358e-05,71.13353423029184,3.4083914384245872,83.60926023125648
cosine,35,10000,8640,0.0003719545784406364,0.00037343227886594833,0.00037445088672261116,0.00046349831962308886,2.221118484158069e-05,71.21570605039597,3.4083914384245872,83.69443874806166
cosine,35,10000,8650,0.00037598618655465543,0.0003740278771147132,0.0003742808193938512,0.0004604172179907721,2.2210921088117175e-05,71.2984347641468,3.4083914384245872,83.78019355237484
cosine,35,10000,8660,0.000374282943084836,0.00037436517013702544,0.0003742931219565001,0.00045735747991663565,2.2299205738818273e-05,71.38055296987295,3.4083914384245872,83.86531934142113
cosine,35,10000,8670,0.00037533484282903373,0.0003736347338417545,0.0003739950409160403,0.0004543191355990601,2.2187581635080278e-05,71.46312697976828,3.4083914384245872,83.95094545930624
cosine,35,10000,8680,0.0003744570421986282,0.0003743351815501228,0.00037408472570441437,0.00045130221502527693,2.219024463556707e-05,71.5457790568471,3.4083914384245872,84.03676746040583
cosine,35,10000,8690,0.00037795290700159967,0.0003752643649931997,0.00037455040887092786,0.00044830674797107384,2.2192791220732033e-05,71.62793213129044,3.4083914384245872,84.1219585314393
cosine,35,10000,8700,0.00037238854565657675,0.00037461989268194884,0.0003745342328096989,0.00044533276400050197,2.1883031877223402e-05,71.71077086776495,3.44657913595438,84.20791220664978
cosine,35,10000,8710,0.00037026600330136716,0.000373171380488202,0.0003739469155525558,0.0004423802924655823,2.2062247808207758e-05,71.79279621690512,3.44657913595438,84.38548734039068
cosine,35,10000,8720,0.00036889698822051287,0.00037366405595093963,0.00037381182305849694,0.0004394493625060164,2.194391709053889e-05,71.87457949668169,3.44657913595438,84.47027084976435
cosine,35,10000,8730,0.00037210958544164896,0.00037432254466693846,0.0003739607454608506,0.00043654000304890056,2.1855817976756953e-05,71.95673013478518,3.44657913595438,84.55541364103556
cosine,35,10000,8740,0.0003751215117517859,0.00037417191779240964,0.0003740349089457474,0.0004336522428084374,2.231751750514377e-05,72.038893930614,3.44657913595438,84.64058496057987
cosine,35,10000,8750,0.0003750185132957995,0.00037477752775885167,0.0003743145209028049,0.00043078611028565426,2.22170892811846e-05,72.12082637101412,3.44657913595438,84.72549647837877
cosine,35,10000,8760,0.0003739933017641306,0.0003739257488632575,0.0003741523056787606,0.0004279416337681232,2.210967977589462e-05,72.20377948135138,3.44657913595438,84.8114904910326
cosine,35,10000,8770,0.0003735383797902614,0.0003732849785592407,0.000373834047830937,0.0004251188413296783,2.187432983191684e-05,72.28597997874022,3.44657913595438,84.8966808989644
cosine,35,10000,8780,0.00037520803743973374,0.0003740305197425187,0.0003739888553676359,0.00042231776083014136,2.229842903034296e-05,72.36821179836988,3.44657913595438,84.98190660774708
cosine,35,10000,8790,0.0003702070680446923,0.00037296241498552263,0.0003735566081503677,0.00041953841991504654,2.1521273083635606e-05,72.4504159167409,3.44657913595438,85.06711764633656
cosine,35,10000,8800,0.00037402426823973656,0.00037442056927829983,0.00037394416343441875,0.0004167808460153662,2.2206570065463893e-05,72.53259428590536,3.4847507625818253,85.1522825062275
cosine,35,10000,8810,0.000375019502826035,0.0003740146494237706,0.00037396523007428696,0.00041404506634724127,2.178173599531874e-05,72.61487890779972,3.4847507625818253,85.33005382120609
cosine,35,10000,8820,0.0003732579352799803,0.000374138550250791,0.0003739847878978409,0.0004113311079117132,2.2027967133908533e-05,72.69735231250525,3.4847507625818253,85.41554718464613
cosine,35,10000,8830,0.0003749667666852474,0.00037418618449009956,0.0003740240450365797,0.00040863899749445613,2.1959709556540474e-05,72.77946547418833,3.4847507625818253,85.500682041049
cosine,35,10000,8840,0.0003730875323526561,0.0003722606546944007,0.0003732991820571389,0.000405968761665512,2.183579454140272e-05,72.8620170801878,3.4847507625818253,85.58626237511635
cosine,35,10000,8850,0.0003739871026482433,0.0003750952804693952,0.0003740382482595204,0.0004033204267790315,2.19844496314181e-05,72.94458422064781,3.4847507625818253,85.67191360145807
cosine,35,10000,8860,0.00037297530798241496,0.0003737238235771656,0.00037394339851383186,0.00040069401897301006,2.180245610361453e-05,73.02668389678001,3.4847507625818253,85.7570118457079
cosine,35,10000,8870,0.00037752301432192326,0.00037400395376607776,0.0003740275770524726,0.0003980895641690329,2.194679109379649e-05,73.10944850742817,3.4847507625818253,85.84278771281242
cosine,35,10000,8880,0.0003722759138327092,0.00037381447909865526,0.0003739481408317633,0.00039550708807201693,2.1901721993344836e-05,73.19130947440863,3.4847507625818253,85.92765444517136
cosine,35,10000,8890,0.000371527043171227,0.0003738529747352004,0.0003739259447597163,0.00039294661616995927,2.1781113900942728e-05,73.2735599949956,3.4847507625818253,86.01289159804583
cosine,35,10000,8900,0.0003745921130757779,0.0003755053214263171,0.0003745176207818453,0.00039040817373368344,2.178757858928293e-05,73.35623902827501,3.5227686762809753,86.09860580414534
cosine,35,10000,8910,0.0003727520233951509,0.0003735450358362868,0.00037412437004182453,0.00038789178581659194,2.124181810359005e-05,73.43851178139448,3.5227686762809753,86.27662862092257
cosine,35,10000,8920,0.0003769077593460679,0.000375066400738433,0.00037443328369311856,0.00038539747725441686,2.1806203221785836e-05,73.5205931738019,3.5227686762809753,86.36171321570873
cosine,35,10000,8930,0.0003712796315085143,0.0003729823714820668,0.0003738757998588383,0.0003829252726649778,2.1458596165757626e-05,73.60308760404587,3.5227686762809753,86.44722068309784
cosine,35,10000,8940,0.00037540431367233396,0.00037364884628914296,0.00037381513959977233,0.00038047519644793514,2.1706991901737638e-05,73.68528893589973,3.5227686762809753,86.53241553902626
cosine,35,10000,8950,0.00037196112680248916,0.0003736435202881694,0.0003737027818798152,0.0003780472727845518,2.1502466552192345e-05,73.76751374453306,3.5227686762809753,86.61772029101849
cosine,35,10000,8960,0.00037254681228660047,0.00037419550062622875,0.0003739634393331563,0.00037564152563745486,2.1317368009476922e-05,73.84955837577581,3.5227686762809753,86.7027825191617
cosine,35,10000,8970,0.00037545355735346675,0.0003735975653398782,0.00037383407542547346,0.000373257978750397,2.1353689589886926e-05,73.93161471188068,3.5227686762809753,86.78782577812672
cosine,35,10000,8980,0.00037497992161661386,0.00037373481027316304,0.00037379722997360595,0.00037089665564802394,2.216013308498077e-05,74.01384288817644,3.5227686762809753,86.87317307293415
cosine,35,10000,8990,0.00037403838359750807,0.0003745568625163287,0.0003741411702679149,0.0003685575796356409,2.1571397155639715e-05,74.09597373753786,3.5227686762809753,86.95839537680149
cosine,35,10000,9000,0.0003737552906386554,0.0003735873178811744,0.0003739552268757561,0.00036624077379898473,2.185947960242629e-05,74.17808260768652,3.561065696179867,87.04351019114256
cosine,35,10000,9010,0.00037322985008358955,0.000373691224376671,0.0003737813420834817,0.00036394626100399286,2.1714224203606136e-05,74.26053010672331,3.561065696179867,87.2846297994256
cosine,35,10000,9020,0.00037205760600045323,0.00037375800602603706,0.0003737213207280132,0.0003616740638965808,2.1695252144127153e-05,74.3432601466775,3.561065696179867,87.37052971124649
cosine,35,10000,9030,0.00037264300044626,0.00037375255196820946,0.0003737282646050446,0.00035942420490241644,2.1539422959904186e-05,74.42543686181307,3.561065696179867,87.4557271823287
cosine,35,10000,9040,0.00037401728332042694,0.00037292130291461946,0.0003734592679211921,0.00035719670622669935,2.1715208276873454e-05,74.50813049077988,3.561065696179867,87.54143546521664
cosine,35,10000,9050,0.0003734998172149062,0.0003734724858077243,0.0003734982656385059,0.00035499158985394274,2.154929461539723e-05,74.59015773236752,3.561065696179867,87.62650133669376
cosine,35,10000,9060,0.0003721134562510997,0.00037350239290390164,0.00037349939191533765,0.00035280887754775476,2.1518339053727686e-05,74.67234090715647,3.561065696179867,87.71169053018093
cosine,35,10000,9070,0.00037460989551618695,0.0003739746753126383,0.00037370825327601387,0.000350648590850625,2.13379789784085e-05,74.75537940859795,3.561065696179867,87.79781007766724
cosine,35,10000,9080,0.00037190428702160716,0.00037364460586104543,0.00037368142418881277,0.00034851075108371064,2.1437497707665898e-05,74.83752187341452,3.561065696179867,87.88302081078291
cosine,35,10000,9090,0.00037779001286253333,0.00037274582718964665,0.00037336773225033084,0.00034639537934662724,2.166782178392168e-05,74.91942718625069,3.561065696179867,87.9679796770215
cosine,35,10000,9100,0.0003737430088222027,0.00037412005476653574,0.0003736849669954437,0.00034430249651723954,2.132949884980917e-05,75.00144051015377,3.5992836132645607,88.05299238115549
cosine,35,10000,9110,0.0003718794323503971,0.00037485035718418656,0.00037412672017971335,0.0003422321232514564,2.1239005945972167e-05,75.0840072631836,3.5992836132645607,88.24033138155937
cosine,35,10000,9120,0.0003736134967766702,0.00037410899822134527,0.00037412211446596834,0.000340184279983026,2.119196687999647e-05,75.16599836945534,3.5992836132645607,88.3253879994154
cosine,35,10000,9130,0.0003720307722687721,0.0003729705611476675,0.0003736549014957742,0.00033815898692333486,2.1404310245998204e-05,75.24902255088091,3.5992836132645607,88.4114733710885
cosine,35,10000,9140,0.0003711832105182111,0.00037283759156707673,0.0003733435653404164,0.00033615626406120785,2.111413050442934e-05,75.33101430535316,3.5992836132645607,88.4964796602726
cosine,35,10000,9150,0.00037264940328896046,0.0003734310972504318,0.00037333352260021435,0.00033417613116271084,2.1341742467484437e-05,75.413667909801,3.5992836132645607,88.58222521096468
cosine,35,10000,9160,0.00037474685814231634,0.0003726900846231729,0.00037308410095668017,0.0003322186077709562,2.1384617866715416e-05,75.49596717208624,3.5992836132645607,88.66756753623486
cosine,35,10000,9170,0.0003742473782040179,0.00037341509596444666,0.0003732129577979597,0.00033028371320590976,2.1102943719597533e-05,75.57817889004946,3.5992836132645607,88.75279947370291
cosine,35,10000,9180,0.00037329288898035884,0.00037271528854034843,0.00037298471453879665,0.00032837146656419954,2.1299467334756628e-05,75.66054169088602,3.5992836132645607,88.83819963037968
cosine,35,10000,9190,0.0003732646582648158,0.00037274841452017426,0.0003729451850518708,0.0003264818867189279,2.120045064657461e-05,75.74259743839502,3.5992836132645607,88.92326028645039
cosine,35,10000,9200,0.0003687082207761705,0.0003721548448083922,0.0003726231623212597,0.0003246149923194849,2.151847365894355e-05,75.82527561485767,3.6374484598636627,89.00897175818682
cosine,35,10000,9210,0.00037244317354634404,0.0003735647478606552,0.0003729949238831554,0.00032277080179136415,2.1472471416927874e-05,75.90798924863338,3.6374484598636627,89.18783590942621
cosine,35,10000,9220,0.00037755275843665004,0.00037400454166345296,0.00037335340366919815,0.000320949333335983,2.143526216968894e-05,75.99005900323391,3.6374484598636627,89.2729416936636
cosine,35,10000,9230,0.0003786518645938486,0.00037543779762927443,0.00037420999657624776,0.0003191506049304985,2.216754546680022e-05,76.07225611805916,3.6374484598636627,89.35816612839699
cosine,35,10000,9240,0.0003746130969375372,0.0003733881516382098,0.0003738751121767091,0.0003173746343276343,2.1472204025485553e-05,76.15494298934937,3.6374484598636627,89.44390945881605
cosine,35,10000,9250,0.0003770628245547414,0.00037406916671898214,0.0003739850256358474,0.0003156214390555036,2.1289088181219995e-05,76.23675802350044,3.6374484598636627,89.52875516563654
cosine,35,10000,9260,0.00037480832543224096,0.00037397150590550153,0.00037393015065927414,0.00031389103641743526,2.1572699552052654e-05,76.31912682950497,3.6374484598636627,89.61414648592472
cosine,35,10000,9270,0.000373588758520782,0.000374466524226591,0.0003741069576901131,0.0003121834434918051,2.0755091099999845e-05,76.40142819285393,3.6374484598636627,89.69947098195553
cosine,35,10000,9280,0.0003740161773748696,0.0003743010078324005,0.0003741559095398594,0.0003104986771318659,2.1245046809781343e-05,76.48361291736364,3.6374484598636627,89.7846629023552
cosine,35,10000,9290,0.0003737595397979021,0.0003741967753740028,0.0003741760615745661,0.00030883675396558137,2.136369403160643e-05,76.56640629470348,3.6374484598636627,89.87054413557053
cosine,35,10000,9300,0.0003715919447131455,0.000373336547636427,0.0003737679502843535,0.00030719769039546236,2.1273935999488458e-05,76.64844153821468,3.676132492721081,89.9555840715766
cosine,35,10000,9310,0.0003728318552020937,0.00037212677125353366,0.0003731219226978289,0.00030558150259840444,2.1218787878751755e-05,76.7308961674571,3.676132492721081,90.13482589274645
cosine,35,10000,9320,0.0003757430240511894,0.00037402895104605706,0.00037349973718311166,0.0003039882065255284,2.1306403141352348e-05,76.81325123459101,3.676132492721081,90.22019909322262
cosine,35,10000,9330,0.0003726697468664497,0.00037276868242770435,0.0003731954926740896,0.00030241781790202386,2.1750065570813604e-05,76.89598271995783,3.676132492721081,90.30594965815544
cosine,35,10000,9340,0.00037481662002392113,0.00037365018215496093,0.00037342818707666793,0.00030087035222699243,2.109681736328639e-05,76.9781031832099,3.676132492721081,90.3910892829299
cosine,35,10000,9350,0.00036992167588323355,0.00037356410175561907,0.00037350970834068684,0.000299345824773295,2.065078660962172e-05,77.06080327928066,3.676132492721081,90.47686006128788
cosine,35,10000,9360,0.00037352414801716805,0.00037281651457306,0.0003732024334862535,0.00029784425058740284,2.1583658963209018e-05,77.1430052369833,3.676132492721081,90.56209306418896
cosine,35,10000,9370,0.00037276159855537117,0.0003736830345587805,0.000373400605541467,0.00029636564448924673,2.1622581698466092e-05,77.2255713865161,3.676132492721081,90.64766734093428
cosine,35,10000,9380,0.0003763161366805434,0.00037429900257848205,0.00037377136165577283,0.0002949100210720714,2.1054902390460484e-05,77.3078411668539,3.676132492721081,90.73296155780554
cosine,35,10000,9390,0.00037528114626184106,0.00037324836011976004,0.00037361882902725053,0.000293477394702293,2.088824476231821e-05,77.38973481208086,3.676132492721081,90.81790339201689
cosine,35,10000,9400,0.0003714680497068912,0.0003725509566720575,0.00037310458057105095,0.000292067779519355,2.117014810210094e-05,77.47173042595387,3.7143117263913155,90.90289394557476
cosine,35,10000,9410,0.00037623028038069606,0.00037380590802058575,0.00037348545233696536,0.0002906811894355903,2.1092242604936473e-05,77.55399115383625,3.7143117263913155,91.08138833940029
cosine,35,10000,9420,0.0003746713628061116,0.0003723619563970715,0.00037310868190384695,0.00028931763813608324,2.0894223780487664e-05,77.63613843917847,3.7143117263913155,91.16659180819988
cosine,35,10000,9430,0.0003721676184795797,0.0003736485028639436,0.00037331104969352217,0.00028797713907853463,2.0847444829996675e-05,77.71819421648979,3.7143117263913155,91.25164294987917
cosine,35,10000,9440,0.0003729150048457086,0.0003730960510438308,0.00037319168864586585,0.0002866597054931289,2.090980160573963e-05,77.80087913572788,3.7143117263913155,91.33740556240082
cosine,35,10000,9450,0.00037340985727496445,0.00037249969609547405,0.0003729542693064481,0.00028536535038240423,2.103663791785948e-05,77.88337937742472,3.7143117263913155,91.42299588769674
cosine,35,10000,9460,0.0003711501194629818,0.0003730679367436096,0.00037297838996648396,0.00028409408652112206,2.117835174431093e-05,77.96560976654291,3.7143117263913155,91.50824841856956
cosine,35,10000,9470,0.0003734997007995844,0.0003722046210896224,0.0003726735780420463,0.00028284592645614416,2.0854708054685034e-05,78.04780171066523,3.7143117263913155,91.59347680956125
cosine,35,10000,9480,0.0003713816695380956,0.0003732872544787824,0.0003729194889435963,0.0002816208825063064,2.104025952576194e-05,78.12977361679077,3.7143117263913155,91.67845023423433
cosine,35,10000,9490,0.00037295499350875616,0.00037313977954909203,0.00037300192783245375,0.0002804189667622978,2.0964616851415485e-05,78.21243462711573,3.7143117263913155,91.76414807885885
cosine,35,10000,9500,0.0003723959089256823,0.0003732006531208754,0.0003730659837152203,0.00027924019108654165,2.0945768483215943e-05,78.29448394477367,3.7524320632219315,91.84920378029346
cosine,35,10000,9510,0.0003745880676433444,0.0003727696399437264,0.00037302988309824875,0.00027808456711307786,2.0868663341389038e-05,78.37736085802317,3.7524320632219315,92.02878057211637
cosine,35,10000,9520,0.000376054085791111,0.000372937205247581,0.00037302820908385214,0.0002769521062474486,2.1069326976430602e-05,78.45951955765486,3.7524320632219315,92.1139580309391
cosine,35,10000,9530,0.0003734258352778852,0.0003727197268744931,0.00037294813309637724,0.00027584281966658525,2.1266383555484936e-05,78.54224007576704,3.7524320632219315,92.19974260777235
cosine,35,10000,9540,0.00037276578950695693,0.0003723361063748598,0.0003727302563180886,0.0002747567183186987,2.0749535906361416e-05,78.62427853047848,3.7524320632219315,92.28479208052158
cosine,35,10000,9550,0.0003754798963200301,0.00037287344166543336,0.00037282008006405315,0.0002736938129231708,2.1201014533289708e-05,78.70668555051088,3.7524320632219315,92.37026470899582
cosine,35,10000,9560,0.00037648508441634476,0.00037419186264742166,0.0003733549974044667,0.00027265411397044863,2.106841748172883e-05,78.78865318745375,3.7524320632219315,92.45525884628296
cosine,35,10000,9570,0.00037419149884954095,0.00037400216388050467,0.0003735937221954084,0.0002716376317219411,2.0891760868835263e-05,78.87098859995604,3.7524320632219315,92.54064272344112
cosine,35,10000,9580,0.00037333116051740944,0.00037325295270420613,0.0003735166152215448,0.00027064437620991755,2.135219438059721e-05,78.95372632145882,3.7524320632219315,92.62648572027683
cosine,35,10000,9590,0.0003745857975445688,0.0003733442514203489,0.00037347783155420087,0.0002696743572374093,2.110367131535895e-05,79.03606690466404,3.7524320632219315,92.71196484565735
cosine,35,10000,9600,0.0003725001006387174,0.0003727314848219976,0.000373199316345599,0.00026872758437811146,2.0944329662597738e-05,79.11902613192797,3.790686473250389,92.79809215664864
cosine,35,10000,9610,0.00037052162224426866,0.0003744262678083032,0.00037361535601300726,0.00026780406697629,2.1101937818457372e-05,79.2011685743928,3.790686473250389,92.97704140096903
cosine,35,10000,9620,0.00037053361302241683,0.00037343059084378184,0.0003735305885526186,0.0002669038141466892,2.07415250770282e-05,79.28316579759121,3.790686473250389,93.06210991740227
cosine,35,10000,9630,0.00037352496292442083,0.00037297988892532886,0.0003732842484865399,0.0002660268347744407,2.0913405023748055e-05,79.36544907093048,3.790686473250389,93.14754915237427
cosine,35,10000,9640,0.00037357211112976074,0.00037279788230080155,0.00037306884917170995,0.0002651731375149769,2.1179477698751725e-05,79.44825490564108,3.790686473250389,93.23341393470764
cosine,35,10000,9650,0.0003728620649781078,0.0003730974247446284,0.00037307293565169426,0.0002643427307939452,2.0829567802138627e-05,79.53048792481422,3.790686473250389,93.31870305538177
cosine,35,10000,9660,0.0003709029406309128,0.0003727766801603138,0.00037293905609154414,0.0002635356228071248,2.0992521967855282e-05,79.61320225894451,3.790686473250389,93.40453849732876
cosine,35,10000,9670,0.0003750814648810774,0.0003717258747201413,0.0003724818520066244,0.00026275182152034565,2.0840192519244738e-05,79.69559332728386,3.790686473250389,93.48997021466494
cosine,35,10000,9680,0.0003698506916407496,0.00037255708884913473,0.000372505415648946,0.00026199133466940974,2.0861107259406708e-05,79.77809406071901,3.790686473250389,93.5755596011877
cosine,35,10000,9690,0.00037008250365033746,0.0003723427304066718,0.00037238105329029814,0.0002612541697600155,2.049721842922736e-05,79.86077617108822,3.790686473250389,93.661361977458
cosine,35,10000,9700,0.0003695000777952373,0.00037354430533014237,0.0003727980217897016,0.00026054033406768294,2.0659921574406326e-05,79.94303471595049,3.82901468873024,93.74680744111538
cosine,35,10000,9710,0.00037353564403019845,0.000374001546879299,0.0003732988856152468,0.00025984983463768214,2.1142297555343248e-05,80.02547044306993,3.82901468873024,93.92629869282246
cosine,35,10000,9720,0.0003723803674802184,0.00037298908282537015,0.0003732117478824308,0.00025918267828496373,2.099359880958218e-05,80.10774888843298,3.82901468873024,94.01161623746157
cosine,35,10000,9730,0.000370034365914762,0.0003716657432960346,0.00037256250618085336,0.0002585388715940914,2.109756132995244e-05,80.1899940520525,3.82901468873024,94.09690383076668
cosine,35,10000,9740,0.00037087651435285807,0.00037348618498072027,0.00037289897556273187,0.0002579184209191775,2.068157664325554e-05,80.27223794907331,3.82901468873024,94.18212819099426
cosine,35,10000,9750,0.00037337891990318894,0.0003729591931914911,0.00037297968861943454,0.00025732133238381966,2.075306292681489e-05,80.35467762500048,3.82901468873024,94.26764001697302
cosine,35,10000,9760,0.0003718126390594989,0.00037249231536407024,0.0003727427960720152,0.0002567476118810406,2.0655694243032485e-05,80.43683183193207,3.82901468873024,94.35278651118279
cosine,35,10000,9770,0.000376517535187304,0.000373681727796793,0.00037313289317527374,0.00025619726507323,2.108961416524835e-05,80.51947436481714,3.82901468873024,94.43847092986107
cosine,35,10000,9780,0.00037477939622476697,0.00037290622130967674,0.0003730755849935491,0.000255670297392089,2.1200190531089902e-05,80.60204435139894,3.82901468873024,94.52411431074142
cosine,35,10000,9790,0.0003736663202289492,0.00037319588591344655,0.0003731327590476934,0.0002551667140385755,2.0887910068267956e-05,80.68435430526733,3.82901468873024,94.60945858806372
cosine,35,10000,9800,0.0003746408619917929,0.0003734924306627363,0.0003732702382489596,0.0002546865199828542,2.0960296751582064e-05,80.76714223623276,3.8670911863446236,94.69526405632496
cosine,35,10000,9810,0.00037289963802322745,0.00037383520102594046,0.00037346818210286557,0.0002542297199642462,2.0772100469912402e-05,80.84954047948122,3.8670911863446236,94.87429045140743
cosine,35,10000,9820,0.0003700904780998826,0.0003739807405509055,0.0003737201988887063,0.0002537963184911836,2.106200554408133e-05,80.93175268173218,3.8670911863446236,94.95955090969801
cosine,35,10000,9830,0.0003708419972099364,0.00037267262814566493,0.0003733334982242051,0.0002533863198411638,2.0892792235827073e-05,81.0140137001872,3.8670911863446236,95.04481415450573
cosine,35,10000,9840,0.0003706035786308348,0.00037300125404726714,0.000373168505730652,0.00025299972806070787,2.100314486597199e-05,81.09621870517731,3.8670911863446236,95.13006744533777
cosine,35,10000,9850,0.0003751275653485209,0.0003727610222995281,0.0003730139172963113,0.0002526365469653209,2.0931594917783514e-05,81.17841125279665,3.8670911863446236,95.21525732427835
cosine,35,10000,9860,0.0003747245646081865,0.0003745570837054402,0.0003736227623626556,0.00025229678013945325,2.113154550897889e-05,81.260746486485,3.8670911863446236,95.30064505338669
cosine,35,10000,9870,0.00037518522003665566,0.0003735588805284351,0.0003735777462684172,0.0002519804309364667,2.0878307623206638e-05,81.34296172112226,3.8670911863446236,95.38597300648689
cosine,35,10000,9880,0.0003721831308212131,0.0003723800473380834,0.0003730594126342709,0.00025168750247860013,2.090786256303545e-05,81.42532532662153,3.8670911863446236,95.47136584669352
cosine,35,10000,9890,0.00037121481727808714,0.000374256054055877,0.0003735597580256462,0.0002514179976569389,2.0660481823142618e-05,81.50822447240353,3.8670911863446236,95.55729433894157
cosine,35,10000,9900,0.0003755078068934381,0.00037295989168342205,0.0003733331385230549,0.00025117191913138706,2.1050705981906503e-05,81.59042054414749,3.9054873436689377,95.64253421872854
cosine,35,10000,9910,0.0003696319763548672,0.00037233463081065565,0.0003728740217137379,0.00025094926933064046,2.0640072762034833e-05,81.67305059731007,3.9054873436689377,95.82257274538279
cosine,35,10000,9920,0.0003747020964510739,0.0003731290518771857,0.0003730260207917561,0.00025075005045216246,2.0784362277481705e-05,81.75559516996145,3.9054873436689377,95.90817175805569
cosine,35,10000,9930,0.0003708972653839737,0.00037182710948400197,0.00037253525568978847,0.00025057426446216277,2.078191209875513e-05,81.83799140900373,3.9054873436689377,95.99362275749445
cosine,35,10000,9940,0.00037529889959841967,0.00037351486389525235,0.00037292128195620775,0.00025042191309557866,2.0382689399411902e-05,81.92020017653704,3.9054873436689377,96.07888834178448
cosine,35,10000,9950,0.0003700006927829236,0.00037198718928266317,0.0003725545536975083,0.000250292997856056,2.0669662262662314e-05,82.00278466939926,3.9054873436689377,96.16455726325512
cosine,35,10000,9960,0.0003724225680343807,0.0003729113290319219,0.00037275234161499124,0.0002501875200159367,2.1223795556579717e-05,82.08496123552322,3.9054873436689377,96.24976351857185
cosine,35,10000,9970,0.00037176519981585443,0.00037221163511276246,0.00037253204932896015,0.00025010548061624415,2.076562486763578e-05,82.16742008924484,3.9054873436689377,96.33532182127237
cosine,35,10000,9980,0.0003748447634279728,0.0003742534841876477,0.0003732273019281142,0.00025004688046667437,2.1115816707606427e-05,82.2496084049344,3.9054873436689377,96.420550622046
cosine,35,10000,9990,0.00037429045187309384,0.0003725477785337716,0.00037291414953511076,0.00025001172014558673,2.0962697817594744e-05,82.33202385157347,3.9054873436689377,96.50600036233664
cosine,35,10000,10000,0.000372376263840124,0.0003722638852195814,0.00037268128828177706,0.00025,2.115349707310088e-05,82.4146316871047,3.9439512714743614,96.59167680889368
exponential,35,10000,0,,,,0.005,,0.0,0.03924701362848282,0.0
exponential,35,10000,10,0.0006924436893314123,0.0007511067378800362,0.0008390910866724174,0.004985043752274521,5.88644907111302e-05,0.08287160098552704,0.03924701362848282,0.15303443372249603
exponential,35,10000,20,0.0006373330252245069,0.0006602195964660496,0.0007664068612719773,0.004970132242418248,4.9463604227639735e-05,0.16516545414924622,0.03924701362848282,0.2388630509376526
exponential,35,10000,30,0.0005982842994853854,0.0006153707741759718,0.0007051967098555232,0.004955265336609049,4.719809294329025e-05,0.24732262641191483,0.03924701362848282,0.3245265930891037
exponential,35,10000,40,0.0005706549272872508,0.0005829064175486565,0.0006556944886182207,0.004940442901425089,4.5387314457912e-05,0.3300875723361969,0.03924701362848282,0.4108244702219963
exponential,35,10000,50,0.0005567234475165606,0.000562194047961384,0.0006179226297116583,0.00492566480384363,4.357227953732945e-05,0.41231080889701843,0.03924701362848282,0.4965471476316452
exponential,35,10000,60,0.0005301946075633168,0.0005411680322140455,0.0005868324506950299,0.004910930911239842,4.3891341192647815e-05,0.4948485493659973,0.03924701362848282,0.5826734080910683
exponential,35,10000,70,0.0005188259528949857,0.0005284039012622088,0.0005631499836405689,0.0048962410913856004,4.3390729842940345e-05,0.5774806290864944,0.03924701362848282,0.6689666509628296
exponential,35,10000,80,0.0005085378652438521,0.0005150870943907649,0.0005436099726149766,0.004881595212448313,4.198428359813988e-05,0.6596058756113052,0.03924701362848282,0.7545771971344948
exponential,35,10000,90,0.0005014972412027419,0.0005063613643869758,0.0005285648566111525,0.004866993142989736,4.233025902067311e-05,0.7421543076634407,0.03924701362848282,0.8406374230980873
exponential,35,10000,100,0.0004959753714501858,0.0004997005918994546,0.00051689275570173,0.004852434751964784,4.156498107477091e-05,0.8241758495569229,0.07763472199440002,0.9261427819728851
exponential,35,10000,110,0.000487718905787915,0.0004906309477519244,0.0005062167927861622,0.004837919908720364,4.0755843656370416e-05,0.9068442434072495,0.07763472199440002,1.0956099703907967
exponential,35,10000,120,0.000480920250993222,0.0004842081223614514,0.0004972626789878241,0.004823448482994196,4.084327883902006e-05,0.9891284182667732,0.07763472199440002,1.1809646636247635
exponential,35,10000,130,0.00047602609265595675,0.00047840398619882765,0.0004895370234840646,0.004809020344913647,4.039850682602264e-05,1.0716742724180222,0.07763472199440002,1.266605131328106
exponential,35,10000,140,0.0004703341401182115,0.00047598596720490607,0.0004840250986914794,0.0047946353649945695,4.07990810344927e-05,1.1538678333163261,0.07763472199440002,1.3518507480621338
exponential,35,10000,150,0.0004703239246737212,0.0004709481494501233,0.00047872255625393083,0.004780293414140131,3.971950718550943e-05,1.2368812337517738,0.07763472199440002,1.43799439817667
exponential,35,10000,160,0.0004653878277167678,0.0004671852948376909,0.0004740317218966889,0.004765994363639661,3.946619835915044e-05,1.3192106038331985,0.07763472199440002,1.5233464762568474
exponential,35,10000,170,0.000459040398709476,0.000463440825114958,0.00046975346291109536,0.004751738085167494,3.94156995753292e-05,1.4017622098326683,0.07763472199440002,1.608930379152298
exponential,35,10000,180,0.0004571745521388948,0.00046013511891942473,0.00046579795593328896,0.004737524450781823,3.93065856769681e-05,1.4842321425676346,0.07763472199440002,1.6944890469312668
exponential,35,10000,190,0.00045241933548823,0.00045783452806062995,0.00046245420272758965,0.004723353332923544,3.9101705624489114e-05,1.5663693100214005,0.07763472199440002,1.77962127327919
exponential,35,10000,200,0.0004577404470182955,0.0004549011617200449,0.00045945974228767095,0.0047092246044151105,3.836676478385925e-05,1.6486998498439789,0.11586111038923264,1.8649593740701675
exponential,35,10000,210,0.00044981384417042136,0.00045254579745233057,0.00045663766646062364,0.004695138138459401,3.836123869405128e-05,1.7310342565178871,0.11586111038923264,2.0338406562805176
exponential,35,10000,220,0.000448877748567611,0.0004508794314460829,0.0004542609718851241,0.0046810938086385735,3.912634929292835e-05,1.8132754862308502,0.11586111038923264,2.1191466450691223
exponential,35,10000,230,0.00044543168041855097,0.0004481996642425656,0.0004517821910960598,0.004667091488912934,3.8914182368898764e-05,1.8953987881541252,0.11586111038923264,2.204292804002762
exponential,35,10000,240,0.00044293724931776524,0.00044764904014300556,0.00045003896440030857,0.004653131053619805,3.8294547266559675e-05,1.9778931885957718,0.11586111038923264,2.289790838956833
exponential,35,10000,250,0.00043952249689027667,0.00044518752256408336,0.0004480487766316118,0.004639212377472395,3.86401115974877e-05,2.060418911278248,0.11586111038923264,2.3753722831606865
exponential,35,10000,260,0.00044831831473857164,0.00044401014456525446,0.0004464629364821331,0.004625335335558678,3.764592111110687e-05,2.142677091062069,0.11586111038923264,2.4606533274054527
exponential,35,10000,270,0.00044420361518859863,0.0004428048036061227,0.0004450392955842252,0.0046114998033402734,3.796017699642107e-05,2.225290521979332,0.11586111038923264,2.5463054701685905
exponential,35,10000,280,0.00044045576942153275,0.0004414408467710018,0.00044349768990978045,0.004597705656651324,3.864690370392054e-05,2.307361900806427,0.11586111038923264,2.631437622010708
exponential,35,10000,290,0.0004400211328174919,0.00044053333112969995,0.00044224706340055645,0.004583952771697383,3.8606158341281116e-05,2.389996513724327,0.11586111038923264,2.71710953861475
exponential,35,10000,300,0.00043596618343144655,0.0004403296246891841,0.00044147155088072236,0.004570241025054304,3.7969090044498444e-05,2.4721275940537453,0.1539582908153534,2.802297979593277
exponential,35,10000,310,0.00043581792851909995,0.0004363071464467794,0.0004394195932477455,0.004556570293667132,3.796126475208439e-05,2.5546312108635902,0.1539582908153534,2.9719301387667656
exponential,35,10000,320,0.0004353172262199223,0.00043658136564772576,0.0004382718793457404,0.004542940454849004,3.8053287426009774e-05,2.6366817355155945,0.1539582908153534,3.0570154264569283
exponential,35,10000,330,0.0004363250045571476,0.00043555389565881343,0.00043715640012796636,0.004529351386280039,3.709755765157752e-05,2.7195635363459587,0.1539582908153534,3.1429828479886055
exponential,35,10000,340,0.00043210116564296186,0.00043473914556670936,0.0004361325837946082,0.004515802966006251,3.751357508008368e-05,2.801904119551182,0.1539582908153534,3.228393316268921
exponential,35,10000,350,0.00043549417750909925,0.00043477126746438444,0.00043563394116843295,0.004502295072438444,3.782119165407494e-05,2.8844021037220955,0.1539582908153534,3.313888229429722
exponential,35,10000,360,0.0004289303324185312,0.000430600912659429,0.0004336121676367517,0.004488827584351126,3.810970520135015e-05,2.9670681580901146,0.1539582908153534,3.3996493220329285
exponential,35,10000,370,0.0004257835098542273,0.0004292546713259071,0.0004318044622416976,0.004475400380881423,3.759325772989541e-05,3.049164317548275,0.1539582908153534,3.484803721308708
exponential,35,10000,380,0.00043013281538151205,0.0004308228875743225,0.0004313855227533976,0.004462013341527991,3.7163747037993744e-05,3.1319293826818466,0.1539582908153534,3.570644497871399
exponential,35,10000,390,0.0004306737973820418,0.00043123335344716904,0.0004312946738671382,0.004448666346149935,3.7580837670248e-05,3.2144163697957993,0.1539582908153534,3.656175822019577
exponential,35,10000,400,0.0004313209792599082,0.00042860833636950704,0.0004302846719027766,0.004435359274965732,3.672141247079708e-05,3.2969333454966545,0.19223251193761826,3.741777740418911
exponential,35,10000,410,0.00042797395144589245,0.0004269755765562877,0.0004289482609005061,0.004422092008552156,3.71144778910093e-05,3.3795236870646477,0.19223251193761826,3.911520503461361
exponential,35,10000,420,0.0004263001901563257,0.00042681054037529975,0.00042808652091250106,0.004408864427843204,3.723906047525816e-05,3.4622931331396103,0.19223251193761826,3.9973648115992546
exponential,35,10000,430,0.0004226906457915902,0.0004262617294443771,0.00042725367110841753,0.004395676414129029,3.663486859295517e-05,3.544422373175621,0.19223251193761826,4.082609117031097
exponential,35,10000,440,0.00042474217480048537,0.0004247596050845459,0.00042620652548160706,0.004382527849054877,3.6966441257391125e-05,3.627014271914959,0.19223251193761826,4.168258808553219
exponential,35,10000,450,0.0004224960575811565,0.000422932070796378,0.0004248325885844586,0.004369418614620022,3.697929787449539e-05,3.709541067481041,0.19223251193761826,4.253886438906193
exponential,35,10000,460,0.0004267607582733035,0.00042561078735161575,0.00042515183506608336,0.004356348593176708,3.6871784686809406e-05,3.791806071996689,0.19223251193761826,4.3392418548464775
exponential,35,10000,470,0.0004251480277162045,0.0004239899746607989,0.0004246281486082953,0.00434331766742909,3.7223526305751875e-05,3.8745939061045647,0.19223251193761826,4.425075724720955
exponential,35,10000,480,0.0004255316162016243,0.0004216463974444196,0.0004234125470926561,0.0043303257204321864,3.70441994164139e-05,3.957077868282795,0.19223251193761826,4.510645188391209
exponential,35,10000,490,0.00042363209649920464,0.00042297278705518695,0.00042321442043624066,0.004317372635590828,3.664359246613458e-05,4.040062323212624,0.19223251193761826,4.596759021282196
exponential,35,10000,500,0.0004188181774225086,0.00042067978356499227,0.00042216916154071404,0.004304458296658609,3.7359073758125305e-05,4.122382640838623,0.23029422760009766,4.682130873203278
exponential,35,10000,510,0.00042277027387171984,0.0004220104543492198,0.0004220660226726511,0.004291582587736844,3.663039387902245e-05,4.204769738018513,0.23029422760009766,4.851668395102024
exponential,35,10000,520,0.0004213904612697661,0.00042042009881697594,0.0004213813185417978,0.004278745393273536,3.631563959061168e-05,4.2868965938687325,0.23029422760009766,4.936853587627411
exponential,35,10000,530,0.0004207500023767352,0.00042038786050397904,0.0004209468137822484,0.004265946598062328,3.6330118746263906e-05,4.369681134819984,0.23029422760009766,5.02273952960968
exponential,35,10000,540,0.00041983634582720697,0.00041996670770458875,0.00042049768385951435,0.004253186087241471,3.647309131338261e-05,4.45180281996727,0.23029422760009766,5.107908345758915
exponential,35,10000,550,0.0004193112254142761,0.00041871808643918486,0.000419834068409634,0.004240463746292802,3.6313445889391005e-05,4.534275099635124,0.23029422760009766,5.193413890898228
exponential,35,10000,560,0.00041890813736245036,0.00041916872141882776,0.0004195148555370562,0.004227779461040709,3.6233050195733085e-05,4.6166806146502495,0.23029422760009766,5.278914026916027
exponential,35,10000,570,0.0004221597337163985,0.00041928572463802995,0.0004194357390877167,0.004215133117651106,3.637449844973162e-05,4.6989761069417,0.23029422760009766,5.36430586129427
exponential,35,10000,580,0.00041803409112617373,0.000417140094214119,0.00041856461834425304,0.0042025246026304135,3.629716957220808e-05,4.781873844563961,0.23029422760009766,5.450249545276165
exponential,35,10000,590,0.00041318091098219156,0.0004169167601503432,0.00041786721564935546,0.004189953802824543,3.652757004601881e-05,4.863799639046192,0.23029422760009766,5.535187765955925
exponential,35,10000,600,0.0004167696461081505,0.0004164316924288869,0.0004173359488795468,0.0041774206054178715,3.6201126931700855e-05,4.94636557996273,0.26842639595270157,5.620831534266472
exponential,35,10000,610,0.0004169193853158504,0.0004145048791542649,0.0004162495420322134,0.004164924897932241,3.597401882871054e-05,5.02878150343895,0.26842639595270157,5.790309727191925
exponential,35,10000,620,0.00041600613621994853,0.0004155841248575598,0.00041597560307081346,0.004152466568225943,3.66837703040801e-05,5.111391201615334,0.26842639595270157,5.875945128500462
exponential,35,10000,630,0.00041566978325136006,0.0004138253047131002,0.0004151230339254065,0.004140045504492714,3.5908742574974895e-05,5.193451642990112,0.26842639595270157,5.961021549999714
exponential,35,10000,640,0.0004131879541091621,0.0004145529674133286,0.00041487872789420724,0.004127661595260723,3.624145392677747e-05,5.275508917868137,0.26842639595270157,6.046071402728558
exponential,35,10000,650,0.0004137944197282195,0.00041460125357843934,0.0004146958460342828,0.004115314729391591,3.627213664003648e-05,5.357681259512901,0.26842639595270157,6.131268583238125
exponential,35,10000,660,0.00041258230339735746,0.00041449560376349837,0.0004147065819286312,0.004103004796079372,3.638453927123919e-05,5.439900241792202,0.26842639595270157,6.216550529003143
exponential,35,10000,670,0.0004152331384830177,0.00041459672211203725,0.00041466408662869133,0.004090731684849575,3.581422788556665e-05,5.5220687463879585,0.26842639595270157,6.301755964756012
exponential,35,10000,680,0.000415787217207253,0.0004145181243075058,0.00041461358062901404,0.00407849528555816,3.639178612502292e-05,5.604396373033524,0.26842639595270157,6.387205317616463
exponential,35,10000,690,0.00040973618160933256,0.00041174046928063037,0.00041342146779710403,0.004066295488390559,3.606899917940609e-05,5.686732724308968,0.26842639595270157,6.47257723659277
exponential,35,10000,700,0.0004157900111749768,0.0004127638909267262,0.0004131854904045106,0.004054132183860687,3.5346587537787855e-05,5.769735366106033,0.30688871443271637,6.558681048452854
exponential,35,10000,710,0.0004117134085390717,0.0004114927403861657,0.0004125132541376857,0.004042005262809958,3.608253973652609e-05,5.852086052298546,0.30688871443271637,6.7283723801374435
exponential,35,10000,720,0.0004106272535864264,0.00041077378264162687,0.0004118650585593777,0.0040299146164063035,3.586517050280236e-05,5.934247151017189,0.30688871443271637,6.813580013811588
exponential,35,10000,730,0.0004121986567042768,0.00041299054282717407,0.0004122858807374013,0.004017860136143204,3.573247522581369e-05,6.016741439700127,0.30688871443271637,6.89912748336792
exponential,35,10000,740,0.0004147948347963393,0.0004120960278669372,0.00041220735568806536,0.004005841713838707,3.5300377930980176e-05,6.099478393793106,0.30688871443271637,6.984960220754147
exponential,35,10000,750,0.0004082928935531527,0.000411166506819427,0.00041180175589698785,0.003993859241634461,3.556053343345411e-05,6.181586630642414,0.30688871443271637,7.070084556937218
exponential,35,10000,760,0.00040891868411563337,0.0004101311962585896,0.0004111283037735222,0.003981912611994746,3.542855483829044e-05,6.264390371739864,0.30688871443271637,7.155974328517914
exponential,35,10000,770,0.00041295806295238435,0.00040972410643007605,0.000410608361603542,0.003970001717705508,3.509656380629167e-05,6.346666753292084,0.30688871443271637,7.241347752511501
exponential,35,10000,780,0.0004093041061423719,0.000409816051251255,0.0004103407899835545,0.003958126451873392,3.558702883310616e-05,6.429051697254181,0.30688871443271637,7.32677636295557
exponential,35,10000,790,0.00040901871398091316,0.0004098531528143212,0.00041018275808868003,0.003946286707924794,3.576989547582343e-05,6.511437654495239,0.30688871443271637,7.412262938916683
exponential,35,10000,800,0.0004129605367779732,0.00040914291166700424,0.00040979249963541217,0.003934482379604897,3.524070052662864e-05,6.593503154814243,0.34537384659051895,7.497359700500965
exponential,35,10000,810,0.00040539802284911275,0.00040850903606042265,0.00040924788100265116,0.003922713360976717,3.6200926842866465e-05,6.675875551998615,0.34537384659051895,7.667577005922794
exponential,35,10000,820,0.00041042655357159674,0.00040882483881432563,0.0004090938576009653,0.003910979546420154,3.4604978282004595e-05,6.758619889616966,0.34537384659051895,7.753397285938263
exponential,35,10000,830,0.00040931912371888757,0.000409012584714219,0.00040909987783618645,0.0038992808306310463,3.516006108839065e-05,6.841157130897045,0.34537384659051895,7.83899811655283
exponential,35,10000,840,0.0004086769768036902,0.000408874693675898,0.0004089835071957442,0.003887617108620221,3.528508750605397e-05,6.923476375639439,0.34537384659051895,7.9243373945355415
exponential,35,10000,850,0.00040688784793019295,0.00040894749690778553,0.00040891053924555263,0.0038759882757125543,3.515405114740133e-05,7.006106272339821,0.34537384659051895,8.010065272450447
exponential,35,10000,860,0.00040775854722596705,0.0004087613779120147,0.0004088160878198902,0.0038643942275460334,3.516038123052567e-05,7.088208682835102,0.34537384659051895,8.09521309286356
exponential,35,10000,870,0.0004084985121153295,0.0004089165449840948,0.00040883513964277816,0.003852834860070815,3.586133607313968e-05,7.1707949712872505,0.34537384659051895,8.180835723876953
exponential,35,10000,880,0.00040985451778396964,0.0004070357041200623,0.000408141881474657,0.0038413100695483,3.470197771093808e-05,7.252741187810898,0.34537384659051895,8.265878468751907
exponential,35,10000,890,0.0004087086417712271,0.000407329568406567,0.0004078551342070046,0.0038298197525501922,3.556149749783799e-05,7.335083939135075,0.34537384659051895,8.351284936070442
exponential,35,10000,900,0.0004077151825185865,0.00040733603527769445,0.0004076716910024975,0.0038183638059575784,3.475593257462606e-05,7.41789223998785,0.38339442014694214,8.437166757881641
exponential,35,10000,910,0.00040441640885546803,0.0004077314020833001,0.00040770017236087616,0.0038069421269599987,3.50315822288394e-05,7.500085428357124,0.38339442014694214,8.606624104082584
exponential,35,10000,920,0.0004041253123432398,0.00040773031942080705,0.0004076477652761975,0.003795554613054524,3.5101424145977944e-05,7.5820587277412415,0.38339442014694214,8.691637054085732
exponential,35,10000,930,0.0004059186903759837,0.0004066544905072078,0.0004072071891786753,0.0037842011620448385,3.525224747136235e-05,7.664732351899147,0.38339442014694214,8.777387782931328
exponential,35,10000,940,0.000406862236559391,0.0004059221886564046,0.00040670229225086527,0.0037728816720403215,3.4773649531416595e-05,7.747496455907822,0.38339442014694214,8.863210305571556
exponential,35,10000,950,0.0004066750407218933,0.00040471838437952103,0.00040599003605095325,0.003761596041455131,3.496426870697178e-05,7.829664245247841,0.38339442014694214,8.948436617851257
exponential,35,10000,960,0.00040560594061389565,0.00040510529943276196,0.0004056743791162581,0.0037503441690072943,3.5160592233296484e-05,7.912464193999767,0.38339442014694214,9.034425593912601
exponential,35,10000,970,0.00040421736775897443,0.0004053427750477567,0.00040554501312847465,0.0037391259537177994,3.4862750908359885e-05,7.99462815374136,0.38339442014694214,9.11963675916195
exponential,35,10000,980,0.00040351093048229814,0.0004048030008561909,0.0004052240698243241,0.003727941294909686,3.5116358048981056e-05,8.077471747994423,0.38339442014694214,9.20559474080801
exponential,35,10000,990,0.0004066627298016101,0.00040557899337727575,0.00040535829336003486,0.003716790092207144,3.482860847725533e-05,8.159907966852188,0.38339442014694214,9.291147708892822
exponential,35,10000,1000,0.0004047200782224536,0.00040465471101924777,0.000405079288763182,0.003705672245534613,3.557359741535038e-05,8.242621071636677,0.421538271009922,9.376962423324585
exponential,35,10000,1010,0.0004046817193739116,0.00040420329314656557,0.0004047635386079615,0.0036945876551158843,3.486029163468629e-05,8.32508660852909,0.421538271009922,9.602901130914688
exponential,35,10000,1020,0.00040375639218837023,0.0004047881957376376,0.0004047715691593366,0.0036835362214732038,3.5227065382059664e-05,8.407322824001312,0.421538271009922,9.688186466693878
exponential,35,10000,1030,0.0004084085812792182,0.0004039650346385315,0.00040447891789805796,0.003672517845426378,3.437780469539575e-05,8.489529252052307,0.421538271009922,9.773406818509102
exponential,35,10000,1040,0.0004060895589645952,0.0004041037522256374,0.00040437136579462435,0.003661532428091891,3.456781996646896e-05,8.571713030338287,0.421538271009922,9.858640469610691
exponential,35,10000,1050,0.000404432910727337,0.0004038411017972976,0.00040412608839662204,0.003650579870882008,3.4522319765528664e-05,8.65381620079279,0.421538271009922,9.943761825561523
exponential,35,10000,1060,0.00040045715286396444,0.0004036840226035565,0.0004038532310993587,0.0036396600755038973,3.481145540717989e-05,8.736119575798512,0.421538271009922,10.02917855978012
exponential,35,10000,1070,0.00040447042556479573,0.0004029631381854415,0.0004035650276467646,0.0036287729439587434,3.452081364230253e-05,8.818798445165157,0.421538271009922,10.114975072443485
exponential,35,10000,1080,0.0004021445638500154,0.0004036947910208255,0.00040352797114268546,0.0036179183785408713,3.4434870030963793e-05,8.901161514222622,0.421538271009922,10.200397118926048
exponential,35,10000,1090,0.0004046412359457463,0.00040150225977413355,0.0004027704329594939,0.003607096281836868,3.4308875910937786e-05,8.983863696455956,0.421538271009922,10.286157242953777
exponential,35,10000,1100,0.00040202063973993063,0.00040429712098557504,0.00040343156097965644,0.003596306556724708,3.4654913179110736e-05,9.06651572138071,0.45974571257829666,10.37192751467228
exponential,35,10000,1110,0.0004010834963992238,0.0004038955725263804,0.0004035710069983947,0.003585549106372881,3.427183037274517e-05,9.14881482720375,0.45974571257829666,10.549237884581089
exponential,35,10000,1120,0.0004026505339425057,0.0004037648148369044,0.00040365085541173296,0.0035748238342395247,3.528078377712518e-05,9.23097389191389,0.45974571257829666,10.63441364467144
exponential,35,10000,1130,0.0004014583246316761,0.00040315653895959256,0.00040338585209298664,0.003564130644071559,3.499878948787227e-05,9.313438929617405,0.45974571257829666,10.719917885959148
exponential,35,10000,1140,0.00040162893128581345,0.0004036037775222212,0.0004035371276985107,0.003553469439903819,3.437857958488166e-05,9.396005354821682,0.45974571257829666,10.805506363511086
exponential,35,10000,1150,0.0003997843014076352,0.00040229851729236545,0.00040300855426674513,0.0035428401260581954,3.427931369515136e-05,9.478255048394203,0.45974571257829666,10.890756964683533
exponential,35,10000,1160,0.000399262789869681,0.000403038298827596,0.0004029938322161874,0.003532242607142777,3.4878663427662104e-05,9.560839682817459,0.45974571257829666,10.976377472281456
exponential,35,10000,1170,0.00039968895725905895,0.00040158493211492894,0.00040240412579352705,0.0035216767880509943,3.412318619666621e-05,9.642959743738174,0.45974571257829666,11.061489298939705
exponential,35,10000,1180,0.00040378246922045946,0.000400576667743735,0.0004016928473181951,0.003511142573960763,3.413905142224394e-05,9.725744873285294,0.45974571257829666,11.147302076220512
exponential,35,10000,1190,0.00040588254341855645,0.0004016163060441613,0.00040175277295151737,0.003500639870333637,3.41117920470424e-05,9.807991057634354,0.45974571257829666,11.232617884874344
exponential,35,10000,1200,0.00040197878843173385,0.0004020282183773816,0.00040190849326747263,0.0034901685829139585,3.422990994295105e-05,9.89015344530344,0.49812201410532,11.317785896360874
exponential,35,10000,1210,0.0004005674854852259,0.00040141145582310854,0.00040164762555266217,0.0034797286177280103,3.435156759223901e-05,9.972453489899635,0.49812201410532,11.488091208040714
exponential,35,10000,1220,0.0003992076963186264,0.0004012230405351147,0.0004014116367202867,0.0034693198810831754,3.425794784561731e-05,10.055139347910881,0.49812201410532,11.57383731007576
exponential,35,10000,1230,0.0004018049221485853,0.0004016336490167305,0.0004015126868944657,0.003458942279567094,3.396063402760774e-05,10.137338601052761,0.49812201410532,11.659058660268784
exponential,35,10000,1240,0.00040198967326432467,0.00040054869023151694,0.0004011153316344881,0.003448595720046826,3.381257192813791e-05,10.219877623021603,0.49812201410532,11.744579829275608
exponential,35,10000,1250,0.00040286610601469874,0.00040106925298459827,0.0004011786203923555,0.003438280109668018,3.396345709916204e-05,10.302344664931297,0.49812201410532,11.8301145657897
exponential,35,10000,1260,0.00040460663149133325,0.0004019867745228112,0.0004014699240726877,0.003427995355854062,3.391502468730323e-05,10.384368553757668,0.49812201410532,11.91514877974987
exponential,35,10000,1270,0.0003951155231334269,0.0004002277011750266,0.00040089262618014275,0.003417741366305273,3.4643981052795425e-05,10.467123880982399,0.49812201410532,12.00091714411974
exponential,35,10000,1280,0.00039728698902763426,0.00040184760582633315,0.00040122593895572714,0.003407518048998058,3.410218778299168e-05,10.549181140959263,0.49812201410532,12.085986137390137
exponential,35,10000,1290,0.000401164434151724,0.00039950502396095543,0.0004005885978160851,0.003397325312184087,3.360381742822938e-05,10.631071671843529,0.49812201410532,12.17092065513134
exponential,35,10000,1300,0.000402244389988482,0.0004023670277092606,0.00040127789744624277,0.0033871630643894737,3.3789277949836105e-05,10.71297848969698,0.5360058918595314,12.25584339350462
exponential,35,10000,1310,0.00039981279405765235,0.00039949689817149193,0.00040054748774504543,0.003377031214413954,3.404949893592857e-05,10.795254796743393,0.5360058918595314,12.425333365797997
exponential,35,10000,1320,0.00039837165968492627,0.00039999890141189097,0.0004003148636035832,0.0033669296713300647,3.3795720810303465e-05,10.877369716763496,0.5360058918595314,12.51049616932869
exponential,35,10000,1330,0.00039638305315747857,0.00039897530805319545,0.0003998024232927042,0.0033568583444823297,3.409065175219439e-05,10.959978856146336,0.5360058918595314,12.5961277410388
exponential,35,10000,1340,0.0003991020785178989,0.00040068314119707794,0.0004001660959578273,0.0033468171434864464,3.3766049455152825e-05,11.04231495410204,0.5360058918595314,12.681468658149242
exponential,35,10000,1350,0.000397473486373201,0.0003994881524704397,0.000399924501457703,0.0033368059782284743,3.378064138814807e-05,11.124453820288181,0.5360058918595314,12.766578085720539
exponential,35,10000,1360,0.0003998936153948307,0.0004001635912572965,0.00040001452193142725,0.003326824758864026,3.381321585038677e-05,11.206754453480244,0.5360058918595314,12.851945340633392
exponential,35,10000,1370,0.0003989097895100713,0.0003993384394561872,0.0003997254368110599,0.003316873395817461,3.3515119866933674e-05,11.288545280694962,0.5360058918595314,12.936715096235275
exponential,35,10000,1380,0.0004011908022221178,0.00039955832762643694,0.0003996562157000024,0.003306951799781081,3.3610638638492674e-05,11.37119760364294,0.5360058918595314,13.022350572049618
exponential,35,10000,1390,0.0003976341395173222,0.0003995058155851439,0.0003995467276094323,0.0032970598817143324,3.399610432097688e-05,11.453029282391071,0.5360058918595314,13.107151664793491
exponential,35,10000,1400,0.0003987718955613673,0.0003989561984781176,0.0003993324573132116,0.0032871975528430014,3.31370611093007e-05,11.534981571137905,0.5739924982190132,13.192063130438328
exponential,35,10000,1410,0.0004017390892840922,0.0003991731413407251,0.0003992397996704229,0.0032773647246584197,3.327695594634861e-05,11.617162838578224,0.5739924982190132,13.365772597491741
exponential,35,10000,1420,0.0003975634463131428,0.00039860867254901675,0.00039891599691111563,0.003267561308916673,3.393026418052614e-05,11.699141725897789,0.5739924982190132,13.450726673007011
exponential,35,10000,1430,0.0004015993617940694,0.0003989225544501096,0.0003989511864823906,0.0032577872176378034,3.3007614547386765e-05,11.781219266355038,0.5739924982190132,13.535774059593678
exponential,35,10000,1440,0.0003971249971073121,0.000398292820318602,0.00039871865901392416,0.003248042363105026,3.359201946295798e-05,11.86323843151331,0.5739924982190132,13.620769821107388
exponential,35,10000,1450,0.00039444700814783573,0.00039796507044229654,0.0003983208166355908,0.003238326657863936,3.351333361933939e-05,11.945913344621658,0.5739924982190132,13.706469543278217
exponential,35,10000,1460,0.00040192549931816757,0.0003974068007664755,0.0003979441262173316,0.003228640014721729,3.2895557524170727e-05,12.027911134064198,0.5739924982190132,13.791419342160225
exponential,35,10000,1470,0.0003987121453974396,0.0003986165364040062,0.0003981915679658556,0.003218982346746415,3.305575955891982e-05,12.110127314925194,0.5739924982190132,13.876613788306713
exponential,35,10000,1480,0.00039783352985978127,0.0003972298727603629,0.00039777459031676904,0.0032093535672660387,3.323133569210768e-05,12.192165166139603,0.5739924982190132,13.961612597107887
exponential,35,10000,1490,0.0004011860000900924,0.00039640516915824265,0.0003972132581063217,0.003199753589867903,3.2877058401936665e-05,12.27423345297575,0.5739924982190132,14.046613797545433
exponential,35,10000,1500,0.00039062733412720263,0.0003969363053329289,0.0003970665026743408,0.003190182328397792,3.3736301702447236e-05,12.356722474098206,0.6120428293943405,14.132080376148224
exponential,35,10000,1510,0.0003997432650066912,0.0003981342975748703,0.00039754731690225904,0.0031806396969592003,3.340056355227716e-05,12.438906893134117,0.6120428293943405,14.305763751268387
exponential,35,10000,1520,0.000399142736569047,0.00039806741988286377,0.0003978145949852706,0.003171125609912558,3.344127981108613e-05,12.520946681499481,0.6120428293943405,14.390783451497555
exponential,35,10000,1530,0.00039989929064176977,0.00039763906970620156,0.00039776469600684,0.0031616399818744667,3.317778100608848e-05,12.603260286152363,0.6120428293943405,14.476112872362137
exponential,35,10000,1540,0.0003966227232012898,0.0003991368255810812,0.00039825802262526377,0.0031521827277169287,3.3049032936105505e-05,12.685701861977577,0.6120428293943405,14.561532810330391
exponential,35,10000,1550,0.0003977952874265611,0.0003961108304793015,0.00039739529193914553,0.003142753762566588,3.2988875318551436e-05,12.767753660678864,0.6120428293943405,14.64654365926981
exponential,35,10000,1560,0.00040175954927690327,0.0003962194488849491,0.000396984304145298,0.003133353001803963,3.2669158827047795e-05,12.85039984434843,0.6120428293943405,14.732204973697662
exponential,35,10000,1570,0.00039638913585804403,0.0003975171159254387,0.00039724534798052445,0.0031239803610626925,3.30410293827299e-05,12.932500258088112,0.6120428293943405,14.81729370355606
exponential,35,10000,1580,0.00039743667002767324,0.000397590157808736,0.00039737480892653766,0.003114635756228776,3.283755722804926e-05,13.014833264052868,0.6120428293943405,14.902584008872509
exponential,35,10000,1590,0.0003994596772827208,0.0003983994596637785,0.0003978054978303038,0.003105319103439818,3.303255289210938e-05,13.097065165638924,0.6120428293943405,14.987832218408585
exponential,35,10000,1600,0.0003949588572140783,0.00039724515518173574,0.00039751173403885246,0.0030960303190842773,3.306369035271928e-05,13.17903459072113,0.650299035012722,15.07278623431921
exponential,35,10000,1610,0.0003966741496697068,0.00039612541440874337,0.00039696704019602297,0.003086769319800714,3.296612703707069e-05,13.26110127568245,0.650299035012722,15.242706313729286
exponential,35,10000,1620,0.00039857279625721276,0.00039624036580789836,0.000396672060288277,0.0030775360224770446,3.287100116722286e-05,13.343454211950302,0.650299035012722,15.328050158917904
exponential,35,10000,1630,0.0003942294279113412,0.0003951377526391298,0.0003960197880839763,0.003068330344249795,3.279096927144565e-05,13.42563033849001,0.650299035012722,15.413251787424088
exponential,35,10000,1640,0.00039310703868977726,0.0003954665473429486,0.00039572580043215267,0.0030591522025033555,3.28161331708543e-05,13.507659614086151,0.650299035012722,15.498232036828995
exponential,35,10000,1650,0.00040050846291705966,0.00039563493337482216,0.0003957342033085292,0.0030500015148692394,3.261530218878761e-05,13.5905337408185,0.650299035012722,15.584156297147274
exponential,35,10000,1660,0.0003942684852518141,0.00039542532758787277,0.0003956343409064174,0.0030408781992253458,3.290449967607856e-05,13.672711417078972,0.650299035012722,15.669355221092701
exponential,35,10000,1670,0.00039300520438700914,0.00039585395716130735,0.00039567187461282466,0.0030317821736952216,3.259876393713057e-05,13.755215644836426,0.650299035012722,15.754862919449806
exponential,35,10000,1680,0.00039593077963218093,0.0003955326392315328,0.00039565574366391443,0.0030227133566473265,3.269947410444729e-05,13.837535001337528,0.650299035012722,15.840194940567017
exponential,35,10000,1690,0.0003966680960729718,0.0003961115056881681,0.0003958248621630237,0.003013671666694301,3.284395643277094e-05,13.919745333492756,0.650299035012722,15.925389237701893
exponential,35,10000,1700,0.0003949294041376561,0.0003962901420891285,0.00039596821966509375,0.003004657022692234,3.2859847124200314e-05,14.002102009952068,0.6882464662194252,16.0107511729002
exponential,35,10000,1710,0.00039019668474793434,0.00039431195764336733,0.00039525489529036793,0.0029956693437399374,3.3461117709521204e-05,14.08401756733656,0.6882464662194252,16.180174104869366
exponential,35,10000,1720,0.0003936989523936063,0.0003962521819630638,0.00039561624336790455,0.002986708549178218,3.2473781175212935e-05,14.16578559577465,0.6882464662194252,16.264936365187168
exponential,35,10000,1730,0.0003933215339202434,0.0003945249889511615,0.0003951454893566695,0.0029777745585891553,3.267056672484614e-05,14.248196244239807,0.6882464662194252,16.35031332820654
exponential,35,10000,1740,0.00039846476283855736,0.00039418201486114414,0.000394749989810184,0.0029688672917953783,3.256700074416585e-05,14.330696396529675,0.6882464662194252,16.435789853334427
exponential,35,10000,1750,0.00039331219159066677,0.00039530569047201424,0.0003950029475943115,0.0029599866688593468,3.276857387390919e-05,14.413034826517105,0.6882464662194252,16.52112378180027
exponential,35,10000,1760,0.0003927801735699177,0.0003941141825634986,0.0003946144824395203,0.002951132610082632,3.29948597936891e-05,14.49594447016716,0.6882464662194252,16.607147239148617
exponential,35,10000,1770,0.00039303902303799987,0.000396439791074954,0.00039528878154381625,0.0029423050360052046,3.2743173505878076e-05,14.578934028744698,0.6882464662194252,16.69312334060669
exponential,35,10000,1780,0.00039365459815599024,0.0003955278778448701,0.0003953636763458498,0.0029335038674047215,3.277432915638201e-05,14.661034643650055,0.6882464662194252,16.77821446210146
exponential,35,10000,1790,0.0003956282162107527,0.0003947549208533019,0.0003951947072141174,0.0029247290252958106,3.219523568986915e-05,14.743531607091427,0.6882464662194252,16.863693825900555
exponential,35,10000,1800,0.0003930111706722528,0.0003929790225811303,0.0003942809252117522,0.0029159804309293667,3.2535273930989206e-05,14.825345173478127,0.7264106497168541,16.94845513254404
exponential,35,10000,1810,0.0003943083866033703,0.0003945526812458411,0.0003943693689622986,0.0029072580057918416,3.256186391809024e-05,14.907658837735653,0.7264106497168541,17.118721783161163
exponential,35,10000,1820,0.00039631733670830727,0.00039525922620669006,0.000394749679367349,0.0028985616716045407,3.2404768717242405e-05,14.990257978439331,0.7264106497168541,17.204299189150333
exponential,35,10000,1830,0.00039423280395567417,0.00039484275912400336,0.00039477260921693986,0.0028898913503229216,3.20815815939568e-05,15.07270360738039,0.7264106497168541,17.28973776847124
exponential,35,10000,1840,0.0003940702590625733,0.0003949605772504583,0.0003947618316843042,0.0028812469641358923,3.2650634238962084e-05,15.15448097884655,0.7264106497168541,17.374492146074772
exponential,35,10000,1850,0.00039496785029768944,0.00039479086990468204,0.0003948125299979348,0.0028726284354651127,3.23788590321783e-05,15.236465469002724,0.7264106497168541,17.45942498743534
exponential,35,10000,1860,0.000399094948079437,0.00039451154589187354,0.00039476016921471735,0.002864035686964299,3.1920520996209234e-05,15.318457245826721,0.7264106497168541,17.544361770153046
exponential,35,10000,1870,0.0003938923473469913,0.00039426939329132436,0.0003945892023994042,0.002855468641518529,3.2055781048256904e-05,15.400419369339943,0.7264106497168541,17.629274301230907
exponential,35,10000,1880,0.00039491220377385616,0.00039390267338603737,0.0003943194723084718,0.0028469272222435525,3.205673783668317e-05,15.482453495264053,0.7264106497168541,17.714315369725227
exponential,35,10000,1890,0.0003923717304132879,0.00039429336320608856,0.00039431146157857506,0.0028384113524850966,3.252690294175409e-05,15.564447417855263,0.7264106497168541,17.79925487190485
exponential,35,10000,1900,0.0003922957694157958,0.00039408729062415657,0.00039417124337263456,0.0028299209558181808,3.172802462358959e-05,15.647115975618362,0.7645105570554733,17.884918347001076
exponential,35,10000,1910,0.00039421484689228237,0.0003945273900171742,0.0003943483453768615,0.0028214559560464326,3.210657450836152e-05,15.729507111012936,0.7645105570554733,18.055195041000843
exponential,35,10000,1920,0.000395205948734656,0.0003945294884033501,0.00039443486245176965,0.002813016277201401,3.186144749633968e-05,15.81208299845457,0.7645105570554733,18.140781931579113
exponential,35,10000,1930,0.00039496348472312093,0.00039380293455906214,0.0003942145495344897,0.0028046018435418756,3.208661655662581e-05,15.894267216324806,0.7645105570554733,18.22595302760601
exponential,35,10000,1940,0.00039413064951077104,0.00039382170361932365,0.00039406593520567633,0.0027962125795532064,3.214187017874792e-05,15.977011449635029,0.7645105570554733,18.311687938869
exponential,35,10000,1950,0.0003943695919588208,0.00039352430030703545,0.00039380897394200804,0.002787848409946627,3.163979999953881e-05,16.059094704687595,0.7645105570554733,18.3967512100935
exponential,35,10000,1960,0.0003955150314141065,0.00039465747540816664,0.00039412030369627443,0.0027795092596585784,3.198709964635782e-05,16.14149707555771,0.7645105570554733,18.482130356132984
exponential,35,10000,1970,0.00039395299972966313,0.00039303335652220996,0.0003936876304321019,0.0027711950538500353,3.2004380045691505e-05,16.223975613713264,0.7645105570554733,18.567593909800053
exponential,35,10000,1980,0.0003972005797550082,0.00039448847819585354,0.00039401026885181226,0.002762905717905835,3.2193289371207356e-05,16.30614161491394,0.7645105570554733,18.65272668004036
exponential,35,10000,1990,0.000391433946788311,0.0003928148449631408,0.0003934767409133293,0.002754641177434007,3.2254985853796825e-05,16.389081120491028,0.7645105570554733,18.738661132752895
exponential,35,10000,2000,0.0003960716421715915,0.00039387926226481796,0.0003936868337583693,0.0027464013582651063,3.2025945984059945e-05,16.47124907374382,0.8024900704622269,18.823798961937428
exponential,35,10000,2010,0.000391748093534261,0.00039459478866774587,0.00039403042837050353,0.0027381861864515453,3.2152551284525543e-05,16.553635857999325,0.8024900704622269,19.05353184789419
exponential,35,10000,2020,0.00039297519833780825,0.0003924028860637918,0.0003933738901943172,0.002729995588266936,3.199749335180968e-05,16.636219508945942,0.8024900704622269,19.13912131637335
exponential,35,10000,2030,0.00039230799302458763,0.00039365236589219423,0.00039348236875296226,0.0027218294902054195,3.1899329769657925e-05,16.718260511755943,0.8024900704622269,19.224130794405937
exponential,35,10000,2040,0.00038939600926823914,0.0003932746680220589,0.00039337080734890055,0.002713687818981014,3.212753654224798e-05,16.800839200615883,0.8024900704622269,19.30969887971878
exponential,35,10000,2050,0.00039491025381721556,0.00039287418185267596,0.00039316392444724616,0.0027055705015269554,3.141353590763174e-05,16.883168511092663,0.8024900704622269,19.394999273121357
exponential,35,10000,2060,0.0003945846401620656,0.00039161231543403117,0.00039251803344709146,0.0026974774649950383,3.1629548175260425e-05,16.965261436998844,0.8024900704622269,19.480049215257168
exponential,35,10000,2070,0.0003910232335329056,0.00039247013337444513,0.0003924701197573836,0.002689408636754967,3.185309105901979e-05,17.047823809087276,0.8024900704622269,19.565584905445576
exponential,35,10000,2080,0.00038894216413609684,0.0003925493598217145,0.00039251153812679834,0.0026813639443936978,3.2089843443827704e-05,17.130147591233253,0.8024900704622269,19.650966078042984
exponential,35,10000,2090,0.00039221561746671796,0.00039277120085898785,0.0003926351783757011,0.0026733433157147945,3.1994772143661976e-05,17.212695315480232,0.8024900704622269,19.73656176030636
exponential,35,10000,2100,0.000392932299291715,0.0003929200523998588,0.00039279369638209484,0.002665346678737778,3.1472260161535814e-05,17.295098163187504,0.8405008837580681,19.821965850889683
exponential,35,10000,2110,0.0003949661913793534,0.00039335838227998464,0.0003930553278131259,0.002657373961697482,3.134412327199243e-05,17.377914510667324,0.8405008837580681,20.00110725313425
exponential,35,10000,2120,0.0003896170819643885,0.0003920148796169087,0.00039257684331500453,0.0026494250930434054,3.1303563446272165e-05,17.460128165781498,0.8405008837580681,20.08636000752449
exponential,35,10000,2130,0.00038801226764917374,0.00039101919101085513,0.0003919547474268755,0.0026415000014390743,3.154041769448668e-05,17.542975269258022,0.8405008837580681,20.17224632203579
exponential,35,10000,2140,0.00039154713158495724,0.00039258211909327657,0.0003922093361242564,0.0026335986157614,3.193437441950664e-05,17.625155366957188,0.8405008837580681,20.257433779537678
exponential,35,10000,2150,0.0003907113568857312,0.000392179426853545,0.00039225378369963043,0.002625720865100039,3.13113268930465e-05,17.707711920142174,0.8405008837580681,20.343030855059624
exponential,35,10000,2160,0.0003904959885403514,0.00039127104100771247,0.0003918415269051727,0.002617866678756761,3.149490657960996e-05,17.79034212976694,0.8405008837580681,20.428697921335697
exponential,35,10000,2170,0.0003892673412337899,0.00039275352901313454,0.0003921762078169787,0.0026100359862448077,3.146251037833281e-05,17.872550390660763,0.8405008837580681,20.513920545578003
exponential,35,10000,2180,0.0003904484328813851,0.0003911615553079173,0.00039174575746846597,0.002602228717288269,3.1314444640884176e-05,17.955304346978664,0.8405008837580681,20.59967964142561
exponential,35,10000,2190,0.00039462727727368474,0.0003921337978681549,0.0003918909155986603,0.0025944448018214465,3.114722858299501e-05,18.037385128438473,0.8405008837580681,20.684748716652393
exponential,35,10000,2200,0.00039481872227042913,0.000392415770329535,0.0003921265074714799,0.002586684169988222,3.112301419605501e-05,18.119808040559292,0.8787396773695946,20.770187437534332
exponential,35,10000,2210,0.0003918783913832158,0.0003922477742889896,0.00039222481929659724,0.0025789467521414385,3.156565435347147e-05,18.20239394903183,0.8787396773695946,20.941628202795982
exponential,35,10000,2220,0.0003921886964235455,0.0003924121003365144,0.00039231322188108293,0.0025712324788422693,3.17081758112181e-05,18.285021118819714,0.8787396773695946,21.02730844169855
exponential,35,10000,2230,0.0003908564685843885,0.00039307551051024345,0.00039259324134473326,0.0025635412808595976,3.124895374639891e-05,18.366949751973152,0.8787396773695946,21.112253986299038
exponential,35,10000,2240,0.00039222638588398695,0.00039204779895953836,0.0003923363430982915,0.0025558730891693917,3.107806696789339e-05,18.45061931014061,0.8787396773695946,21.199053525924683
exponential,35,10000,2250,0.000391076086089015,0.00039180836465675385,0.0003921394235118857,0.0025482278349540912,3.1400668376591057e-05,18.5332463234663,0.8787396773695946,21.284835569560528
exponential,35,10000,2260,0.00039328914135694504,0.0003926138277165592,0.0003923815768279037,0.002540605449601984,3.160250707878731e-05,18.615846872329712,0.8787396773695946,21.370441123843193
exponential,35,10000,2270,0.0003912454703822732,0.00039174354169517754,0.00039206706358175993,0.0025330058647065946,3.156438106088899e-05,18.698415614664555,0.8787396773695946,21.45607167482376
exponential,35,10000,2280,0.00038827076787129045,0.0003916010173270479,0.00039185054015489934,0.002525429012066067,3.157554237986915e-05,18.780476287007332,0.8787396773695946,21.541146472096443
exponential,35,10000,2290,0.00039351271698251367,0.0003925037657609209,0.0003921515899958866,0.0025178748236825534,3.13507771352306e-05,18.86248119175434,0.8787396773695946,21.626139417290688
exponential,35,10000,2300,0.00039251905400305986,0.00039156362472567705,0.0003918940679936766,0.002510343231761605,3.0949431675253436e-05,18.944604858756065,0.9168143719434738,21.71127489209175
exponential,35,10000,2310,0.00039094456587918103,0.00039076175016816705,0.0003914713256800147,0.0025028341687115645,3.095101783401333e-05,19.026896759867668,0.9168143719434738,21.88260867446661
exponential,35,10000,2320,0.00039282446959987283,0.00039121085428632795,0.0003913490029824342,0.0024953475671429565,3.085530624957755e-05,19.10907082259655,0.9168143719434738,21.96782324463129
exponential,35,10000,2330,0.00039210286922752857,0.0003910431871190667,0.0003912236939470927,0.002487883359867885,3.083830597461201e-05,19.19113040715456,0.9168143719434738,22.052901223301888
exponential,35,10000,2340,0.00038891093572601676,0.00039115543477237226,0.0003912150321504592,0.002480441479899429,3.1561874493490905e-05,19.273885123431683,0.9168143719434738,22.138695500791073
exponential,35,10000,2350,0.0003925681521650404,0.00038992316694930196,0.0003907687339332432,0.002473021860451043,3.131946868961677e-05,19.356000296771526,0.9168143719434738,22.223802529275417
exponential,35,10000,2360,0.0003866674960590899,0.00038925266708247366,0.0003901545329308526,0.0024656244349359566,3.09723945974838e-05,19.438871636986732,0.9168143719434738,22.309768691658974
exponential,35,10000,2370,0.00038841599598526955,0.00038983902777545154,0.0003899541741270554,0.002458249136966577,3.088107769144699e-05,19.521212220191956,0.9168143719434738,22.395123898983
exponential,35,10000,2380,0.0003908665385097265,0.00039031594060361384,0.000390132865335971,0.0024508959003538937,3.089923120569438e-05,19.603670850396156,0.9168143719434738,22.480568647384644
exponential,35,10000,2390,0.0003911395906470716,0.0003895735426340252,0.00038996521689622465,0.0024435646591068837,3.111359546892345e-05,19.68626620620489,0.9168143719434738,22.566227927803993
exponential,35,10000,2400,0.00038996885996311903,0.0003910722123691812,0.0003903702728441848,0.0024362553474319188,3.095400461461395e-05,19.768354080617428,0.9551421776413918,22.651371031999588
exponential,35,10000,2410,0.00038744459743611515,0.00039058618422131984,0.00039038188658568744,0.002428967899732176,3.124107024632394e-05,19.850821428000927,0.9551421776413918,22.823207534849644
exponential,35,10000,2420,0.00038823916111141443,0.0003903423843439668,0.0003903393469820629,0.00242170225060705,3.0784776754444465e-05,19.93331530690193,0.9551421776413918,22.908717066049576
exponential,35,10000,2430,0.0003931853570975363,0.0003903809032635763,0.00039035770530169197,0.0024144583348515644,3.080918395426124e-05,20.016093336045742,0.9551421776413918,22.99456925690174
exponential,35,10000,2440,0.0003872168599627912,0.00039041472773533316,0.00039035962132846677,0.002407236087455787,3.051791281905025e-05,20.098377212882042,0.9551421776413918,23.07989027351141
exponential,35,10000,2450,0.00038912665331736207,0.0003891849366482347,0.0003898691197962277,0.0024000354436042467,3.093604391324334e-05,20.181139566004276,0.9551421776413918,23.165692754089832
exponential,35,10000,2460,0.0003860316064674407,0.0003898264636518434,0.000389830201990326,0.002392856338675352,3.0889663321431726e-05,20.263321332633495,0.9551421776413918,23.25087396800518
exponential,35,10000,2470,0.0003903397300746292,0.0003906902682501823,0.0003901963278754805,0.0023856987082408105,3.0452252758550458e-05,20.345872081816196,0.9551421776413918,23.336490988731384
exponential,35,10000,2480,0.0003894141409546137,0.000389754626667127,0.00039004127733053624,0.00237856248806505,3.062849282287061e-05,20.428359746932983,0.9551421776413918,23.422020077705383
exponential,35,10000,2490,0.0003893071843776852,0.0003907621867256239,0.0003903294318273707,0.002371447614104644,3.0630777473561466e-05,20.510696291923523,0.9551421776413918,23.507356338202953
exponential,35,10000,2500,0.000390133005566895,0.0003904053563019261,0.0003903093075150389,0.002364354022507736,3.0469671401078813e-05,20.593452088534832,0.9930815324187279,23.593145735561848
exponential,35,10000,2510,0.00039025131263770163,0.00038982520054560156,0.000390115220649163,0.0023572816496134647,3.0340799639816396e-05,20.67561972886324,0.9930815324187279,23.7640183866024
exponential,35,10000,2520,0.00038622599095106125,0.0003888172010192648,0.00038956678863311334,0.0023502304319513957,3.084681884502061e-05,20.757674284279346,0.9930815324187279,23.84908140450716
exponential,35,10000,2530,0.0003872137167491019,0.0003887787606799975,0.00038922109465308076,0.002343200306240951,3.0437538953265175e-05,20.839946188032627,0.9930815324187279,23.934324122965336
exponential,35,10000,2540,0.00038498122012242675,0.00038955594063736496,0.00038926048220114284,0.0023361912093908407,3.040354567929171e-05,20.922854870557785,0.9930815324187279,24.0202317237854
exponential,35,10000,2550,0.0003877235867548734,0.00038909270078875126,0.00038913867237496113,0.002329203078498494,3.072768959100358e-05,21.004684917628765,0.9930815324187279,24.105024106800556
exponential,35,10000,2560,0.0003905457560904324,0.00038979914970695975,0.0003893480615140989,0.0023222358508494995,3.072866820730269e-05,21.087175242602825,0.9930815324187279,24.190517500042915
exponential,35,10000,2570,0.00039071665378287435,0.0003894509864039719,0.0003894105867189128,0.002315289463917042,3.0276049074018374e-05,21.169275894761086,0.9930815324187279,24.27559854835272
exponential,35,10000,2580,0.00038863596273586154,0.0003896626876667142,0.0003895293960591374,0.002308363855361336,3.104330971837044e-05,21.251651726663113,0.9930815324187279,24.360939018428326
exponential,35,10000,2590,0.0003898161230608821,0.0003901869582477957,0.0003897925676638865,0.002301458963029071,3.0127846912364475e-05,21.334165893495083,0.9930815324187279,24.44648826122284
exponential,35,10000,2600,0.00038942310493439436,0.0003899684175848961,0.00038982849262822537,0.0022945747249528544,3.0010802220203914e-05,21.41627936065197,1.0312896966934204,24.53155557066202
exponential,35,10000,2610,0.00038955005584284663,0.0003893290879204869,0.0003896059291096526,0.002287711079350651,3.0198176318663172e-05,21.49880190938711,1.0312896966934204,24.703126065433025
exponential,35,10000,2620,0.0003891137312166393,0.00038841301575303077,0.0003891390995957746,0.0022808679646252336,3.072278923355043e-05,21.581395134329796,1.0312896966934204,24.788723826408386
exponential,35,10000,2630,0.00038974679773673415,0.00038898491475265474,0.0003890581141204981,0.0022740453193636247,3.0558163416571915e-05,21.663992404937744,1.0312896966934204,24.874312721192837
exponential,35,10000,2640,0.0003895222907885909,0.00038911745650693774,0.00038907713332590846,0.0022672430823365516,3.0123479518806562e-05,21.746220514178276,1.0312896966934204,24.959524653851986
exponential,35,10000,2650,0.00038757227594032884,0.0003885882266331464,0.00038881076687361134,0.0022604611924978914,3.0174385756254196e-05,21.828862220048904,1.0312896966934204,25.04518809169531
exponential,35,10000,2660,0.0003843778686132282,0.0003883591532940045,0.0003886042687635717,0.002253699588984126,3.0684881494380534e-05,21.910634212195873,1.0312896966934204,25.129907824099064
exponential,35,10000,2670,0.0003885554033331573,0.0003877609531627968,0.0003882551204612242,0.0022469582111137943,3.0270690331235528e-05,21.993653923273087,1.0312896966934204,25.216061301529408
exponential,35,10000,2680,0.0003876684349961579,0.00038985086139291524,0.00038882047755081704,0.0022402369983869513,3.0543527827830985e-05,22.076271452009678,1.0312896966934204,25.301754340529442
exponential,35,10000,2690,0.00038704066537320614,0.00038863697263877837,0.0003886817350209279,0.00223353589048462,3.058410948142409e-05,22.15856544673443,1.0312896966934204,25.38702517747879
exponential,35,10000,2700,0.00038638562546111643,0.0003886044985847548,0.000388640373830818,0.0022268548272682534,3.042790194740519e-05,22.241279430687428,1.06918066740036,25.472783595323563
exponential,35,10000,2710,0.0003852544177789241,0.00038874287565704435,0.0003886480066370888,0.0022201937487791932,3.008560452144593e-05,22.323490999639034,1.06918066740036,25.643609777092934
exponential,35,10000,2720,0.00038883660454303026,0.0003874676418490708,0.00038815219637150587,0.0022135525952381337,3.0122917451080866e-05,22.405696526169777,1.06918066740036,25.72884077578783
exponential,35,10000,2730,0.00039533889503218234,0.00038875165046192706,0.00038847454620299785,0.0022069313070445826,3.050223494938109e-05,22.48796048760414,1.06918066740036,25.814117200672626
exponential,35,10000,2740,0.0003903175238519907,0.0003891700500389561,0.0003887271714560996,0.002200329824776328,3.052210377063602e-05,22.57062739878893,1.06918066740036,25.899793922901154
exponential,35,10000,2750,0.0003867716295644641,0.00038847722462378444,0.0003886258791801154,0.002193748089188905,3.0626539228251204e-05,22.65271244198084,1.06918066740036,25.984871551394463
exponential,35,10000,2760,0.00038635171949863434,0.00038859513006173074,0.00038862965916424655,0.002187186041215064,3.0349534426932223e-05,22.735452130436897,1.06918066740036,26.070644572377205
exponential,35,10000,2770,0.00039003673009574413,0.00038852441648487004,0.0003886063770832886,0.0021806436219642404,2.9984084903844632e-05,22.817616313695908,1.06918066740036,26.155790366232395
exponential,35,10000,2780,0.0003868177009280771,0.0003874515212373808,0.00038813361652782947,0.0021741207727220243,3.0052233341848478e-05,22.90020977705717,1.06918066740036,26.24134449660778
exponential,35,10000,2790,0.00039293442387133837,0.0003876479488098994,0.00038801597923948634,0.0021676174349496364,3.01034924632404e-05,22.98253095895052,1.06918066740036,26.32663733512163
exponential,35,10000,2800,0.00038911489536985755,0.0003886177844833583,0.0003882602115848444,0.002161133550283402,3.0083518140600063e-05,23.06457917392254,1.107181653380394,26.411644160747528
exponential,35,10000,2810,0.0003856911789625883,0.00038783218187745663,0.0003880454937186281,0.002154669060534226,3.0326757041621022e-05,23.146911151707172,1.107181653380394,26.582787737250328
exponential,35,10000,2820,0.00038820767076686025,0.0003889416169840842,0.0003883910273706085,0.0021482239076870717,3.0260054700192995e-05,23.22891876846552,1.107181653380394,26.667750284075737
exponential,35,10000,2830,0.0003865481121465564,0.00038809966063126924,0.0003882425988803766,0.0021417980339004396,3.0319195502670482e-05,23.310934729874134,1.107181653380394,26.75271477550268
exponential,35,10000,2840,0.00038926437264308333,0.0003888834296958521,0.00038844125649740676,0.002135391381505848,2.9903963877586648e-05,23.39298039674759,1.107181653380394,26.837739691138268
exponential,35,10000,2850,0.0003888100618496537,0.00038772209954913707,0.00038810263820402216,0.0021290038930073174,3.04430923279142e-05,23.475176110863686,1.107181653380394,26.92289137095213
exponential,35,10000,2860,0.0003904172626789659,0.0003888448467478156,0.0003883884705752586,0.0021226355110808524,2.9839915441698395e-05,23.557833559811115,1.107181653380394,27.008545443415642
exponential,35,10000,2870,0.00038377492455765605,0.00038805788790341467,0.00038821769057589817,0.0021162861785739284,3.0267370675574057e-05,23.639938600361347,1.107181653380394,27.09361021965742
exponential,35,10000,2880,0.0003860217984765768,0.0003890779102221131,0.0003885253983060478,0.002109955838504977,2.9961925974930637e-05,23.722644224762917,1.107181653380394,27.179330594837666
exponential,35,10000,2890,0.00038701677112840116,0.0003881544602336362,0.0003883751219658043,0.002103644434062877,2.9595661544590257e-05,23.804776065051556,1.107181653380394,27.26442988216877
exponential,35,10000,2900,0.0003882359596900642,0.00038804488722234967,0.000388271006996851,0.002097351908606443,2.94564579235157e-05,23.887308843433857,1.1454299092292786,27.349939294159412
exponential,35,10000,2910,0.0003853922535199672,0.00038727119972463696,0.00038784581861925913,0.0020910782056639183,2.9896971682319418e-05,23.969476722180843,1.1454299092292786,27.521115511655807
exponential,35,10000,2920,0.0003886789781972766,0.00038857317413203417,0.0003881805786354942,0.0020848232689324665,2.9902088499511592e-05,24.052105747163296,1.1454299092292786,27.6067076921463
exponential,35,10000,2930,0.00038650521310046315,0.000388784465030767,0.0003884393925376946,0.0020785870422776677,2.9939434170955792e-05,24.134210169315338,1.1454299092292786,27.691752716898918
exponential,35,10000,2940,0.00038541315007023513,0.0003861019591568038,0.00038740661404457785,0.0020723694697330135,2.9686854759347625e-05,24.216558016836643,1.1454299092292786,27.77704878896475
exponential,35,10000,2950,0.00039175976417027414,0.00038867847761139276,0.00038798353391876115,0.0020661704954994036,2.973550363094546e-05,24.298999078571796,1.1454299092292786,27.862453266978264
exponential,35,10000,2960,0.00038641452556475997,0.00038830575067549944,0.00038814019827769866,0.002059990063944651,2.9960699976072647e-05,24.38099667429924,1.1454299092292786,27.947401240468025
exponential,35,10000,2970,0.0003915955312550068,0.0003881778829963878,0.00038815846490150883,0.0020538281196029753,2.98936283797957e-05,24.46394571661949,1.1454299092292786,28.033344209194183
exponential,35,10000,2980,0.00038669779314659536,0.0003881383192492649,0.0003881856123921393,0.0020476846071745083,2.9277447538333945e-05,24.545968249440193,1.1454299092292786,28.11835788935423
exponential,35,10000,2990,0.0003882326418533921,0.0003879563068039715,0.0003881489276304303,0.002041559471524798,2.964760824397672e-05,24.62803041189909,1.1454299092292786,28.203355997800827
exponential,35,10000,3000,0.00038469431456178427,0.00038610463961958886,0.0003873268527260625,0.002035452657684314,2.9501963581424206e-05,24.71070098131895,1.1834280863404274,28.289032779634
exponential,35,10000,3010,0.00038531856262125075,0.00038701850571669637,0.00038722391320984473,0.002029364110847952,2.9445549444062635e-05,24.793083041906357,1.1834280863404274,28.521408066153526
exponential,35,10000,3020,0.0003890277585014701,0.0003862964978907257,0.0003868749756284841,0.0020232937763745443,2.997311639774125e-05,24.875425957143307,1.1834280863404274,28.606767423450947
exponential,35,10000,3030,0.0003916867426596582,0.00038833018916193394,0.0003874845088763311,0.0020172415997863694,2.9842369258403778e-05,24.95822400599718,1.1834280863404274,28.69260884076357
exponential,35,10000,3040,0.00038564245915040374,0.0003877299226587638,0.0003875922849875253,0.0020112075267686605,2.967558611999266e-05,25.04042435437441,1.1834280863404274,28.777846455574036
exponential,35,10000,3050,0.0003874502726830542,0.0003864019934553653,0.0003870798002982422,0.00200519150316912,2.949523513962049e-05,25.12314734607935,1.1834280863404274,28.863617926836014
exponential,35,10000,3060,0.0003858861746266484,0.0003868398867780343,0.0003869821395629575,0.0019991934749974353,2.9316450309124775e-05,25.205636493861675,1.1834280863404274,28.949092492461205
exponential,35,10000,3070,0.0003864977043122053,0.00038832884456496686,0.00038750271714484895,0.0019932133884247912,2.935153679572977e-05,25.288044042885303,1.1834280863404274,29.034540086984634
exponential,35,10000,3080,0.0003884924517478794,0.00038829187978990377,0.0003878279865665631,0.001987251189783387,2.9463646569638513e-05,25.37061634659767,1.1834280863404274,29.120142214000225
exponential,35,10000,3090,0.0003855441464111209,0.0003868594183586538,0.0003874261604100444,0.0019813068255659563,2.971254798467271e-05,25.45280112326145,1.1834280863404274,29.205300197005272
exponential,35,10000,3100,0.0003875851398333907,0.0003887254686560482,0.00038797374544949196,0.0019753802424252874,2.92747063213028e-05,25.535575419664383,1.2214585319161415,29.29110660403967
exponential,35,10000,3110,0.00038274843245744705,0.0003853757953038439,0.00038687749818633186,0.001969471387173742,2.9632581572514027e-05,25.61831843852997,1.2214585319161415,29.472561575472355
exponential,35,10000,3120,0.0003858146956190467,0.0003861710923956707,0.0003865768946701574,0.001963580206782779,2.9353528589126654e-05,25.70086119323969,1.2214585319161415,29.558203987777233
exponential,35,10000,3130,0.0003870165965054184,0.0003865313250571489,0.00038651775964923757,0.0019577066483824814,2.965171188407112e-05,25.783141314983368,1.2214585319161415,29.643475882709026
exponential,35,10000,3140,0.00038548992597498,0.00038707060448359696,0.00038671495137151843,0.0019518506592610765,2.9294427804416046e-05,25.865881003439426,1.2214585319161415,29.729208663105965
exponential,35,10000,3150,0.0003849505155812949,0.0003858948592096567,0.0003863316700118529,0.001946012186864467,2.9595850719488226e-05,25.948112294077873,1.2214585319161415,29.814474068582058
exponential,35,10000,3160,0.0003917895955964923,0.00038722914760001,0.00038675464947383637,0.001940191178795758,2.9122867999831215e-05,26.03090826421976,1.2214585319161415,29.900314658880234
exponential,35,10000,3170,0.00038766252691857517,0.0003862931305775419,0.00038654381289030985,0.0019343875828147868,2.9671931770280935e-05,26.113353863358498,1.2214585319161415,29.985742695629597
exponential,35,10000,3180,0.00038926192792132497,0.0003876445174682885,0.0003870307584253457,0.0019286013468376533,2.8743481379933655e-05,26.1956574767828,1.2214585319161415,30.07106489688158
exponential,35,10000,3190,0.0003884509496856481,0.00038688305940013377,0.00038697830104302407,0.0019228324189362546,2.9612137950607575e-05,26.278144620358944,1.2214585319161415,30.156554706394672
exponential,35,10000,3200,0.00038596929516643286,0.0003865726932417601,0.00038687118480475294,0.0019170807473378165,2.9447186534525827e-05,26.360408186912537,1.2597126141190529,30.241793610155582
exponential,35,10000,3210,0.00038823296199552715,0.0003859866003040224,0.000386555134439047,0.0019113462804244313,2.95141180686187e-05,26.442781321704388,1.2597126141190529,30.41399871557951
exponential,35,10000,3220,0.0003884143370669335,0.0003861010249238461,0.0003864601109447719,0.0019056289667325917,2.9234059184091166e-05,26.525403909385204,1.2597126141190529,30.499607257544994
exponential,35,10000,3230,0.0003894601250067353,0.0003866397571982816,0.0003864735171607853,0.001899928754952732,2.9007587727392092e-05,26.6077164337039,1.2597126141190529,30.584896609187126
exponential,35,10000,3240,0.00038328312803059816,0.00038703919271938504,0.00038663096000402756,0.0018942455939287652,2.9322303817025386e-05,26.689757116138935,1.2597126141190529,30.669897347688675
exponential,35,10000,3250,0.0003882304881699383,0.00038556392246391624,0.00038627602606814153,0.0018885794326576266,2.8748041586368345e-05,26.771907426416874,1.2597126141190529,30.75503622740507
exponential,35,10000,3260,0.00038626830792054534,0.00038531830068677664,0.0003859033178552473,0.0018829302202888127,2.8975715395063162e-05,26.854074887931347,1.2597126141190529,30.840197555720806
exponential,35,10000,3270,0.00038459792267531157,0.0003860237542539835,0.0003859562739039834,0.0018772979061239274,2.917658093792852e-05,26.936138905584812,1.2597126141190529,30.92522034049034
exponential,35,10000,3280,0.00039027933962643147,0.0003862059529637918,0.0003861193995731307,0.0018716824396162253,2.8960266718058847e-05,27.018186643719673,1.2597126141190529,31.010211244225502
exponential,35,10000,3290,0.00038395391311496496,0.00038662047882098705,0.0003863070337931284,0.0018660837703701597,2.8904611099278554e-05,27.100257143378258,1.2597126141190529,31.095234617590904
exponential,35,10000,3300,0.00038657113327644765,0.0003849025728413835,0.0003857650999061861,0.0018605018481409295,2.9159797122702003e-05,27.1825333237648,1.2979603558778763,31.180606938898563
exponential,35,10000,3310,0.00038924795808270574,0.0003846443258225918,0.0003853914813446315,0.0018549366228340282,2.8655302230617963e-05,27.264677301049232,1.2979603558778763,31.352675415575504
exponential,35,10000,3320,0.0003882462624460459,0.00038718926080036906,0.0003860731534478094,0.0018493880445047948,2.9060422093607485e-05,27.3471764549613,1.2979603558778763,31.438168920576572
exponential,35,10000,3330,0.0003840486169792712,0.00038648857153020797,0.00038615146371379425,0.0018438560633579645,2.9038628781563602e-05,27.429229617118835,1.2979603558778763,31.523193016648293
exponential,35,10000,3340,0.00038704840699210763,0.00038538542576134206,0.0003858613640576134,0.0018383406297472233,2.8777809347957373e-05,27.51148484647274,1.2979603558778763,31.608410991728306
exponential,35,10000,3350,0.0003840980934910476,0.00038609808252658694,0.00038593538542505126,0.0018328416941747615,2.888209382945206e-05,27.593979462981224,1.2979603558778763,31.693893142044544
exponential,35,10000,3360,0.00038561169640161097,0.00038700962613802403,0.0003863514538303066,0.0018273592072908286,2.896386467909906e-05,27.67633817344904,1.2979603558778763,31.779258526861668
exponential,35,10000,3370,0.0003827621403615922,0.00038672156224492935,0.0003864931896105418,0.0018218931198932934,2.9299060770426877e-05,27.759027898311615,1.2979603558778763,31.864949144423008
exponential,35,10000,3380,0.00038678094279021025,0.00038583877321798357,0.0003862881488214632,0.0018164433829271995,2.8949152692803182e-05,27.841095320880413,1.2979603558778763,31.950016349554062
exponential,35,10000,3390,0.00038649316411465406,0.00038543016416952013,0.00038593716533698405,0.0018110099474843264,2.934905387519393e-05,27.923425294458866,1.2979603558778763,32.03534123301506
exponential,35,10000,3400,0.0003854568349197507,0.00038602647255174815,0.0003859438444324016,0.0018055927648027502,2.8595350158866495e-05,28.00582515448332,1.3358891531825066,32.120727844536304
exponential,35,10000,3410,0.00038758607115596533,0.0003859022108372301,0.0003859488341394689,0.001800191786266406,2.9074333724565804e-05,28.088406778872013,1.3358891531825066,32.29287715256214
exponential,35,10000,3420,0.00038454713649116457,0.0003860335855279118,0.0003859860468580549,0.0017948069634046515,2.914559081546031e-05,28.170513845980167,1.3358891531825066,32.37798446416855
exponential,35,10000,3430,0.0003857774136122316,0.0003859818505588919,0.0003859534594405118,0.0017894382478918331,2.918643622251693e-05,28.253188773989677,1.3358891531825066,32.46366060525179
exponential,35,10000,3440,0.0003864540485665202,0.0003849956556223333,0.0003855731253660554,0.0017840855915468498,2.8812721211579628e-05,28.335754707455635,1.3358891531825066,32.54921551793814
exponential,35,10000,3450,0.0003854703390970826,0.00038652286457363516,0.00038594758786072015,0.0017787489463327237,2.940225022030063e-05,28.41784878820181,1.3358891531825066,32.63428382575512
exponential,35,10000,3460,0.0003832070215139538,0.0003856377035845071,0.0003857999755603919,0.0017734282643561664,2.9129569156793877e-05,28.500557847321033,1.3358891531825066,32.71999141573906
exponential,35,10000,3470,0.0003862942976411432,0.000385591117083095,0.00038563341398032373,0.0017681234978671515,2.8639897209359333e-05,28.58268105983734,1.3358891531825066,32.80506952852011
exponential,35,10000,3480,0.00038490031147375703,0.00038618443359155207,0.00038584041639725314,0.0017628345992584833,2.8717578970827162e-05,28.665390327572823,1.3358891531825066,32.89075834304094
exponential,35,10000,3490,0.00038905697874724865,0.000385362483211793,0.0003857266220656598,0.001757561521065373,2.90412954200292e-05,28.74757956713438,1.3358891531825066,32.97593089193106
exponential,35,10000,3500,0.00038413191214203835,0.0003868394327582791,0.0003861636715246776,0.001752304215965009,2.8820157240261324e-05,28.829850658774376,1.3741582036018372,33.06117833405733
exponential,35,10000,3510,0.0003808512119576335,0.00038574500649701804,0.000385952484565853,0.0017470626367761346,2.9262606403790414e-05,28.912289805710316,1.3741582036018372,33.23365641385317
exponential,35,10000,3520,0.0003865871694870293,0.0003857950301608071,0.00038587732597094297,0.0017418367364586244,2.9140022888896056e-05,28.994687415659428,1.3741582036018372,33.31905308365822
exponential,35,10000,3530,0.000382189464289695,0.0003850741253700107,0.0003854768375649887,0.0017366264681130618,2.8299795303610153e-05,29.076902151107788,1.3741582036018372,33.404271915555
exponential,35,10000,3540,0.0003892026434186846,0.0003848057414870709,0.00038527243839148856,0.0017314317849803176,2.907059752033092e-05,29.15934804826975,1.3741582036018372,33.489769488573074
exponential,35,10000,3550,0.00038578262319788337,0.00038449784624390305,0.000385027399393594,0.0017262526404411313,2.852861871360801e-05,29.241852559149265,1.3741582036018372,33.575288720428944
exponential,35,10000,3560,0.000383045116905123,0.00038451203727163374,0.00038478576336580087,0.0017210889880156916,2.8622955142054707e-05,29.324000597000122,1.3741582036018372,33.66042668372393
exponential,35,10000,3570,0.0003867657214868814,0.0003864691563649103,0.00038550384165283904,0.0017159407813632204,2.8392745662131347e-05,29.406806871294975,1.3741582036018372,33.746259428560734
exponential,35,10000,3580,0.0003854161477647722,0.0003854373353533447,0.0003854900216582569,0.0017108079742815566,2.8473521524574608e-05,29.488941982388496,1.3741582036018372,33.83140718191862
exponential,35,10000,3590,0.0003807214670814574,0.00038477476336993275,0.00038511666209294993,0.0017056905207067411,2.8838036087108776e-05,29.571323104202747,1.3741582036018372,33.91682977974415
exponential,35,10000,3600,0.00038429786218330264,0.00038379952602554115,0.0003846022335558903,0.001700588374712603,2.8469963581301272e-05,29.65359465777874,1.412346489727497,34.00214705616236
exponential,35,10000,3610,0.00038653064984828234,0.00038460691284853966,0.00038467577871417063,0.0016955014905103492,2.863183726731222e-05,29.73591113090515,1.412346489727497,34.174556858837605
exponential,35,10000,3620,0.0003848638734780252,0.000385527141042985,0.0003850355158423848,0.001690429822448151,2.8501201086328365e-05,29.818073116242886,1.412346489727497,34.259707652032375
exponential,35,10000,3630,0.00038527834112755954,0.00038537966611329466,0.00038516711565968317,0.0016853733250107366,2.8436534194042906e-05,29.900160498917103,1.412346489727497,34.344800405204296
exponential,35,10000,3640,0.00038685434265062213,0.0003847758227493614,0.0003850161490045504,0.0016803319528189817,2.8486416340456344e-05,29.98221269994974,1.412346489727497,34.42981041222811
exponential,35,10000,3650,0.00038399279583245516,0.0003853994741803035,0.0003851661025941883,0.0016753056606295023,2.83698427665513e-05,30.0642114803195,1.412346489727497,34.51475340873003
exponential,35,10000,3660,0.0003855325048789382,0.00038603471766691656,0.00038547620362905626,0.001670294403334248,2.8601392841665074e-05,30.14626795053482,1.412346489727497,34.59973607212305
exponential,35,10000,3670,0.0003854288952425122,0.000384585969732143,0.0003851052063906283,0.0016652981359600988,2.828096148732584e-05,30.228342816233635,1.412346489727497,34.68476502597332
exponential,35,10000,3680,0.0003828593180514872,0.00038561973196920006,0.00038532087869078634,0.0016603168136684597,2.8611526431632228e-05,30.31038176268339,1.412346489727497,34.76975405216217
exponential,35,10000,3690,0.0003847586049232632,0.00038489417638629673,0.0003851159191591478,0.0016553503917548593,2.8200045562698506e-05,30.3930741250515,1.412346489727497,34.85542497783899
exponential,35,10000,3700,0.00038653076626360416,0.00038387097883969546,0.0003846234357292237,0.0016503988256485486,2.7811902327812277e-05,30.47518042474985,1.4504535645246506,34.940487533807755
exponential,35,10000,3710,0.0003853156231343746,0.00038293385005090387,0.0003840029919743157,0.001645462070912101,2.8703785574180074e-05,30.558091461658478,1.4504535645246506,35.11361712962389
exponential,35,10000,3720,0.00038385813240893185,0.00038411207497119905,0.00038405662028109485,0.0016405400832410128,2.7940472136833705e-05,30.64056697487831,1.4504535645246506,35.19906985759735
exponential,35,10000,3730,0.00038544260314665735,0.00038343774212989956,0.00038381068786034957,0.001635632818463307,2.808926728903316e-05,30.723270907998085,1.4504535645246506,35.28476141393185
exponential,35,10000,3740,0.0003811416681855917,0.0003831891546724364,0.00038359173290195556,0.0016307402325391354,2.811187005136162e-05,30.805322661995888,1.4504535645246506,35.369771249592304
exponential,35,10000,3750,0.0003830761997960508,0.00038404818333219736,0.00038376554130713355,0.0016258622815603834,2.8003287297906354e-05,30.887751519680023,1.4504535645246506,35.455196388065815
exponential,35,10000,3760,0.00038486241828650236,0.0003851488203508779,0.00038428243523067995,0.001620998921750278,2.8227648726897314e-05,30.969927221536636,1.4504535645246506,35.54035634547472
exponential,35,10000,3770,0.0003843822341877967,0.0003841218160232529,0.0003842454198164514,0.0016161501094629914,2.8434482373995706e-05,31.052448228001595,1.4504535645246506,35.625833593308926
exponential,35,10000,3780,0.0003826652537100017,0.0003838257776806131,0.0003840057066866579,0.0016113158011832537,2.7912252335227095e-05,31.13479495793581,1.4504535645246506,35.71116893738508
exponential,35,10000,3790,0.00038818875327706337,0.00038509282749146225,0.0003844269201774202,0.001606495953525959,2.8525184461614117e-05,31.21697285026312,1.4504535645246506,35.79633221775293
exponential,35,10000,3800,0.0003827127511613071,0.0003841638535959646,0.00038428218715569974,0.0016016905232357766,2.8183419999550097e-05,31.299646481871605,1.4885318949818611,35.88200645148754
exponential,35,10000,3810,0.0003837241674773395,0.0003847335116006434,0.0003844506946131033,0.0015968994671867634,2.799985850288067e-05,31.382337972521782,1.4885318949818611,36.05491530150175
exponential,35,10000,3820,0.0003853578236885369,0.0003850630368106067,0.0003846895498898913,0.0015921227423819774,2.7607553420239128e-05,31.464852422475815,1.4885318949818611,36.14043466001749
exponential,35,10000,3830,0.000384359824238345,0.00038395324372686446,0.0003843416785696156,0.001587360305953091,2.805181975418236e-05,31.546880811452866,1.4885318949818611,36.22542334347963
exponential,35,10000,3840,0.0003816651878878474,0.0003844124643364921,0.00038431411333318373,0.001582612115160006,2.797284469124861e-05,31.629772439599037,1.4885318949818611,36.31133212149143
exponential,35,10000,3850,0.00038522505201399326,0.00038398554024752227,0.000384186530881926,0.0015778781273904706,2.81429984170245e-05,31.712104633450508,1.4885318949818611,36.39664154499769
exponential,35,10000,3860,0.0003847983607556671,0.00038312277756631375,0.00038386703613384605,0.0015731583001596975,2.7854115614900365e-05,31.794712580740452,1.4885318949818611,36.48219622671604
exponential,35,10000,3870,0.00038386607775464654,0.00038418900221586226,0.0003840151400740597,0.0015684525911099812,2.801136906782631e-05,31.876941695809364,1.4885318949818611,36.567412689328194
exponential,35,10000,3880,0.00038216373650357127,0.00038397353782784196,0.00038400705046208147,0.0015637609580103193,2.7991030947305262e-05,31.95916698127985,1.4885318949818611,36.65259650349617
exponential,35,10000,3890,0.00038270733784884214,0.00038388360117096453,0.0003839794267783494,0.0015590833587560324,2.7802012482425198e-05,32.04188001155853,1.4885318949818611,36.7383099719882
exponential,35,10000,3900,0.00038691452937200665,0.00038384076615329834,0.0003839247375116031,0.001554419751368387,2.779047645162791e-05,32.123982951045036,1.5267059430480003,36.82339829951525
exponential,35,10000,3910,0.00038521975511685014,0.0003847062209388241,0.0003842548562711339,0.0015497700939942187,2.81817792711081e-05,32.206681087613106,1.5267059430480003,36.996485352516174
exponential,35,10000,3920,0.00038323982153087854,0.0003845714672934264,0.00038439259756499884,0.0015451343449055554,2.7772073735832237e-05,32.289067193865776,1.5267059430480003,37.081852063536644
exponential,35,10000,3930,0.00038275710539892316,0.000385027815354988,0.0003847026991465309,0.001540512462499245,2.765710451058112e-05,32.371326208114624,1.5267059430480003,37.16710485517979
exponential,35,10000,3940,0.0003852148656733334,0.0003852913971059024,0.0003849746657216791,0.0015359044052965802,2.8148264391347766e-05,32.45331097394228,1.5267059430480003,37.25204512476921
exponential,35,10000,3950,0.0003804073203355074,0.00038305084744933994,0.000384128746566583,0.0015313101319429263,2.774857603071723e-05,32.53601710498333,1.5267059430480003,37.33778317272663
exponential,35,10000,3960,0.000385803374228999,0.0003840818448225036,0.0003840786470450502,0.0015267296012073514,2.7406515073380433e-05,32.618192084133625,1.5267059430480003,37.42295053601265
exponential,35,10000,3970,0.000383209262508899,0.00038308679359033704,0.0003835895612510801,0.001522162771982256,2.7849384423461743e-05,32.70068499445915,1.5267059430480003,37.50844135135412
exponential,35,10000,3980,0.0003822878934442997,0.00038384302461054177,0.0003836134159218306,0.0015176096032830024,2.784195021376945e-05,32.78300127387047,1.5267059430480003,37.59376998990774
exponential,35,10000,3990,0.0003885255428031087,0.0003847074491204694,0.00038413194518324055,0.0015130700542475494,2.7602174668572843e-05,32.86502539366484,1.5267059430480003,37.67877682298422
exponential,35,10000,4000,0.00038420199416577816,0.0003839417768176645,0.0003840180395612472,0.0015085440841360836,2.7731968657462858e-05,32.94766893237829,1.5648548528552055,37.76440814137459
exponential,35,10000,4010,0.0003811884962487966,0.0003836298128589988,0.0003838764382929732,0.001504031652330655,2.8047481464454904e-05,33.03001768141985,1.5648548528552055,37.99829954653978
exponential,35,10000,4020,0.0003866315237246454,0.00038443144876509905,0.00038408906352684964,0.0014995327183348114,2.8036698495270684e-05,33.11202158033848,1.5648548528552055,38.083321169018745
exponential,35,10000,4030,0.00038083450635895133,0.00038294743862934413,0.00038366201824148254,0.0014950472417732364,2.766241414065007e-05,33.194055154919624,1.5648548528552055,38.16830573230982
exponential,35,10000,4040,0.0003856729599647224,0.0003836293966742232,0.00038367206265105063,0.001490575182391386,2.7715062969946302e-05,33.276184536516666,1.5648548528552055,38.25347696989775
exponential,35,10000,4050,0.00038831724668852985,0.0003849497239571065,0.00038422171452148193,0.0014861165000551269,2.7955569748883136e-05,33.35820907354355,1.5648548528552055,38.338508158922195
exponential,35,10000,4060,0.00038713921094313264,0.00038329307863023133,0.0003839219898400945,0.0014816711547503778,2.7478674383019097e-05,33.44047161191702,1.5648548528552055,38.4237514808774
exponential,35,10000,4070,0.00038326397771015763,0.0003830598230706528,0.0003835599764711646,0.0014772391065827496,2.7711928851203993e-05,33.52298600226641,1.5648548528552055,38.50927199423313
exponential,35,10000,4080,0.00038477039197459817,0.00038314521370921286,0.00038336365384967217,0.0014728203157771864,2.746399877651129e-05,33.605057671666145,1.5648548528552055,38.59432712942362
exponential,35,10000,4090,0.00038415263406932354,0.0003841726953396574,0.0003837012607608448,0.00146841474267761,2.768635931715835e-05,33.68773457407951,1.5648548528552055,38.680021308362484
exponential,35,10000,4100,0.0003853744128718972,0.0003833964467048645,0.00038363370868983916,0.0014640223477465641,2.7781639801105484e-05,33.76972617208958,1.6030021905899048,38.764962270855904
exponential,35,10000,4110,0.00038433834561146796,0.00038347511435858904,0.0003835847492656702,0.0014596430915648575,2.7607038646237925e-05,33.85223948210478,1.6030021905899048,38.945645079016685
exponential,35,10000,4120,0.0003825973253697157,0.0003837557625956833,0.00038365725797399305,0.0014552769348312121,2.7604402930592187e-05,33.934484876692295,1.6030021905899048,39.0308923125267
exponential,35,10000,4130,0.00038004928501322865,0.0003818311233771965,0.0003828691427953435,0.0014509238383619103,2.7783891709987074e-05,34.01722262054682,1.6030021905899048,39.11664950102568
exponential,35,10000,4140,0.00038314081029966474,0.00038327263901010155,0.0003830181480614425,0.0014465837630904417,2.7488300474942662e-05,34.099222645163536,1.6030021905899048,39.20165375620127
exponential,35,10000,4150,0.0003875199763569981,0.0003824903367785737,0.00038286944401530085,0.0014422566700671548,2.738908187893685e-05,34.18187652528286,1.6030021905899048,39.287329114973545
exponential,35,10000,4160,0.0003837448894046247,0.00038271372322924436,0.00038284514484604096,0.0014379425204589051,2.7243051590630785e-05,34.264103412628174,1.6030021905899048,39.3725478798151
exponential,35,10000,4170,0.0003856313123833388,0.000382799407816492,0.00038292875786517143,0.0014336412755487085,2.7426811357145198e-05,34.34666720032692,1.6030021905899048,39.4581655934453
exponential,35,10000,4180,0.000385523890145123,0.0003838695032754913,0.0003833248147631852,0.001429352896735393,2.7404124921304174e-05,34.42896280437708,1.6030021905899048,39.5434495806694
exponential,35,10000,4190,0.000385833322070539,0.000383436877746135,0.00038341931869558953,0.001425077345533252,2.728036997723393e-05,34.51078054308891,1.6030021905899048,39.62821738421917
exponential,35,10000,4200,0.00038507647695951164,0.000384019486955367,0.0003836435611565129,0.0014208145835716997,2.759880226221867e-05,34.59333144873381,1.6409491300582886,39.71376425772905
exponential,35,10000,4210,0.0003850350622087717,0.0003833761380519718,0.000383645475481987,0.0014165645725949258,2.7293208404444158e-05,34.675546422600746,1.6409491300582886,39.88616827130318
exponential,35,10000,4220,0.00038351750117726624,0.0003830564295640215,0.0003834170388217076,0.0014123272744615526,2.7368188966647722e-05,34.7576389759779,1.6409491300582886,39.97125515341759
exponential,35,10000,4230,0.0003799818514380604,0.00038289524673018605,0.0003831303610550477,0.0014081026511442933,2.734818190219812e-05,34.83994294703007,1.6409491300582886,40.056554056704044
exponential,35,10000,4240,0.0003774757497012615,0.0003836685937130824,0.0003832651096180104,0.0014038906647296095,2.727410537772812e-05,34.9223914667964,1.6409491300582886,40.14202477782965
exponential,35,10000,4250,0.00038362632039934397,0.0003831567126326263,0.0003832500070555875,0.0013996912774173731,2.7404983484302647e-05,35.0043261051178,1.6409491300582886,40.22693036496639
exponential,35,10000,4260,0.000382385216653347,0.0003830890083918348,0.0003831805953391994,0.001395504451520524,2.7108975700684823e-05,35.08693642169237,1.6409491300582886,40.31255799531937
exponential,35,10000,4270,0.0003842267033178359,0.0003819371311692521,0.00038272293234633317,0.0013913301494647345,2.7518926799530163e-05,35.16925597190857,1.6409491300582886,40.39793565124273
exponential,35,10000,4280,0.0003869250067509711,0.0003831503592664376,0.0003829363543156423,0.0013871683337880706,2.73570458375616e-05,35.2515599578619,1.6409491300582886,40.48323706537485
exponential,35,10000,4290,0.0003809776098933071,0.0003834284929325804,0.00038311429625808246,0.0013830189671406562,2.710470107558649e-05,35.33412615954876,1.6409491300582886,40.56881266832352
exponential,35,10000,4300,0.0003793484647758305,0.0003829423658316955,0.0003829816533750338,0.0013788820122843382,2.7567686629481614e-05,35.416159726679325,1.6790063008666039,40.65386921167374
exponential,35,10000,4310,0.00038468511775135994,0.00038324264460243285,0.0003830860093590368,0.001374757432092352,2.720446173043456e-05,35.49852631241083,1.6790063008666039,40.82714069634676
exponential,35,10000,4320,0.0003813945804722607,0.0003833577706245705,0.0003831837962638744,0.001370645189548989,2.750089333858341e-05,35.58078067749739,1.6790063008666039,40.91239355504513
exponential,35,10000,4330,0.0003815052332356572,0.00038351676776073875,0.0003833013210266029,0.0013665452477492628,2.7322967071086168e-05,35.66326639056206,1.6790063008666039,40.99787440150976
exponential,35,10000,4340,0.0003806574968621135,0.00038326095091179013,0.000383292040380436,0.0013624575698985804,2.696422961889766e-05,35.745395466685295,1.6790063008666039,41.083011858165264
exponential,35,10000,4350,0.0003842300793621689,0.00038372442359104755,0.00038349852658546444,0.0013583821193124091,2.751568354142364e-05,35.82788326591253,1.6790063008666039,41.1685296818614
exponential,35,10000,4360,0.00037982570938766,0.00038380979385692625,0.00038357815256079546,0.0013543188594159498,2.7061172659159638e-05,35.909970462322235,1.6790063008666039,41.25360430032015
exponential,35,10000,4370,0.00038186850724741817,0.00038372283452190457,0.00038363196503256433,0.0013502677537438077,2.728945946728345e-05,35.99261425435543,1.6790063008666039,41.33924462646246
exponential,35,10000,4380,0.00038078901707194746,0.0003810547786997631,0.000382583164751982,0.0013462287659396642,2.718786709010601e-05,36.0751685872674,1.6790063008666039,41.4248276129365
exponential,35,10000,4390,0.00037888254155404866,0.0003832538612186909,0.00038280463726867223,0.0013422018597559525,2.7366708309273235e-05,36.15723982453346,1.6790063008666039,41.5099231004715
exponential,35,10000,4400,0.00038346718065440655,0.00038245861069299283,0.00038264035217908826,0.0013381869990535305,2.730850246734917e-05,36.23932608217001,1.7180794775485992,41.59502720087767
exponential,35,10000,4410,0.0003836823452729732,0.0003820932237431407,0.0003824583752837158,0.0013341841478013588,2.6531284675002098e-05,36.32154455035925,1.7180794775485992,41.769117616117
exponential,35,10000,4420,0.00038014573510736227,0.0003815205389400944,0.0003820358994646598,0.001330193270076174,2.7030382625525817e-05,36.403702691197395,1.7180794775485992,41.85430687665939
exponential,35,10000,4430,0.0003814463270828128,0.00038122974510770293,0.00038173545414339576,0.0013262143300621695,2.6577436074148864e-05,36.48580622673035,1.7180794775485992,41.93940527737141
exponential,35,10000,4440,0.00038106198189780116,0.0003823636652668938,0.0003819686215661784,0.0013222472920506713,2.6618763513397425e-05,36.568287536501884,1.7180794775485992,42.024920992553234
exponential,35,10000,4450,0.0003836115065496415,0.0003833411232335493,0.0003824654732310757,0.0013182921204398209,2.7581994800129905e-05,36.651149682700634,1.7180794775485992,42.110797956585884
exponential,35,10000,4460,0.00038301770109683275,0.0003826219792244956,0.00038251889911908684,0.0013143487797342517,2.6585856176097877e-05,36.733321860432625,1.7180794775485992,42.19596315920353
exponential,35,10000,4470,0.0003820675192400813,0.0003827161737717688,0.0003825674978592734,0.0013104172345447746,2.7036907340516336e-05,36.8161740526557,1.7180794775485992,42.28185660392046
exponential,35,10000,4480,0.0003852286608889699,0.0003827053908025846,0.0003826499057104044,0.001306497449588057,2.7173609851161018e-05,36.898378886282444,1.7180794775485992,42.36707781255245
exponential,35,10000,4490,0.0003822108847089112,0.00038289947260636834,0.0003827452483965529,0.0013025893896863082,2.675770883797668e-05,36.9808904081583,1.7180794775485992,42.452572003006935
exponential,35,10000,4500,0.00038071052404120564,0.0003819135163212195,0.00038234228108674923,0.0012986930197669629,2.7159274395671673e-05,37.06326783448458,1.7560557797551155,42.537968285381794
exponential,35,10000,4510,0.00038262587622739375,0.0003827868989901617,0.00038251555407346635,0.001294808304862366,2.7029469492845237e-05,37.14553941786289,1.7560557797551155,42.7110870629549
exponential,35,10000,4520,0.0003811456845141947,0.0003821751335635781,0.0003824174422083013,0.0012909352101094604,2.6735400751931593e-05,37.22763576358557,1.7560557797551155,42.79618316143751
exponential,35,10000,4530,0.00037997495383024216,0.0003826966625638306,0.00038250971329713854,0.0012870737007494725,2.6825804525287822e-05,37.3103496581316,1.7560557797551155,42.881980784237385
exponential,35,10000,4540,0.00038497013156302273,0.00038426564715337007,0.0003831875974676734,0.001283223742127601,2.703944846871309e-05,37.392531633377075,1.7560557797551155,42.96718033403158
exponential,35,10000,4550,0.0003830658388324082,0.0003819078381638974,0.00038264604791861335,0.0012793852996927058,2.677262273209635e-05,37.47486277669668,1.7560557797551155,43.05251367390156
exponential,35,10000,4560,0.0003794398216996342,0.00038250022626016287,0.0003825677605251012,0.001275558338996998,2.712919558689464e-05,37.55725605785847,1.7560557797551155,43.13789992034435
exponential,35,10000,4570,0.000386310595786199,0.00038330157985910773,0.0003829634573122485,0.0012717428256957305,2.6546087610768154e-05,37.63944835215807,1.7560557797551155,43.2232071980834
exponential,35,10000,4580,0.00038136719376780093,0.00038286196358967574,0.000382906397552233,0.0012679387255468894,2.7015790692530572e-05,37.72210840880871,1.7560557797551155,43.3089903742075
exponential,35,10000,4590,0.0003801389248110354,0.0003815251897322014,0.00038231740031627017,0.0012641460044108882,2.6674162654671818e-05,37.80455484241247,1.7560557797551155,43.39446400105953
exponential,35,10000,4600,0.000380116980522871,0.0003823211649432778,0.00038228928533958737,0.0012603646282502597,2.6798996259458363e-05,37.88718343526125,1.7945081070065498,43.480090364813805
exponential,35,10000,4610,0.0003821434802375734,0.00038237899716477843,0.00038232389325776567,0.0012565945631293513,2.716504968702793e-05,37.969760440289974,1.7945081070065498,43.65434316545725
exponential,35,10000,4620,0.0003827497421298176,0.0003831883834209293,0.00038265221071809324,0.001252835775214021,2.6583427825244144e-05,38.05243082344532,1.7945081070065498,43.740059323608875
exponential,35,10000,4630,0.0003835988463833928,0.0003821312391664833,0.00038248214518943753,0.0012490882307713326,2.6308736778446473e-05,38.134589329361916,1.7945081070065498,43.825204610824585
exponential,35,10000,4640,0.00038213367224670947,0.0003826462663710117,0.00038250759016451326,0.0012453518961692534,2.6391984647489153e-05,38.2168203368783,1.7945081070065498,43.91044570505619
exponential,35,10000,4650,0.00038136279908940196,0.00038322076725307854,0.0003827794100677646,0.001241626737876353,2.652312468853779e-05,38.29923228919506,1.7945081070065498,43.99591559916735
exponential,35,10000,4660,0.00038311054231598973,0.00038320822932291776,0.0003829720059352319,0.0012379127224615013,2.653987394296564e-05,38.38172988593578,1.7945081070065498,44.08142796903849
exponential,35,10000,4670,0.0003805719898082316,0.0003832379326922819,0.00038309983846412845,0.0012342098165935703,2.7020618290407583e-05,38.46424367278814,1.7945081070065498,44.1669564768672
exponential,35,10000,4680,0.00038241309812292457,0.0003826876200037077,0.0003829041695104226,0.0012305179870411324,2.653945739439223e-05,38.546290427446365,1.7945081070065498,44.25201519578695
exponential,35,10000,4690,0.0003805738524533808,0.0003813410934526473,0.0003823050941566921,0.0012268372006721633,2.6496434657019563e-05,38.62894829362631,1.7945081070065498,44.33769287914038
exponential,35,10000,4700,0.0003862970625050366,0.00038239787972997873,0.0003824248703129887,0.0012231674244537465,2.635182136145886e-05,38.71132158488035,1.8325660079717636,44.423058457672596
exponential,35,10000,4710,0.00038101585232652724,0.00038218200497794894,0.0003822749466646558,0.0012195086254517733,2.6640282158041373e-05,38.793588906526566,1.8325660079717636,44.596627712249756
exponential,35,10000,4720,0.00038120700628496706,0.000383123813662678,0.00038253313382022335,0.0012158607708306504,2.6886747946264222e-05,38.875752188265324,1.8325660079717636,44.68180198967457
exponential,35,10000,4730,0.0003808446344919503,0.00038115458737593145,0.0003819714486595748,0.0012122238278530037,2.6762481866171584e-05,38.95875880867243,1.8325660079717636,44.767898336052895
exponential,35,10000,4740,0.0003819184785243124,0.0003834706323686987,0.0003826056288755507,0.0012085977638793843,2.679835779417772e-05,39.041135199368,1.8325660079717636,44.85327725857496
exponential,35,10000,4750,0.0003780210099648684,0.00038122877012938263,0.00038200698129518443,0.0012049825463679765,2.662019687704742e-05,39.12353787571192,1.8325660079717636,44.93867249041796
exponential,35,10000,4760,0.00038361098268069327,0.00038186051533557476,0.0003819602247843703,0.0012013781428743052,2.6466635972610675e-05,39.20606581866741,1.8325660079717636,45.02421149611473
exponential,35,10000,4770,0.0003810462076216936,0.00038092760078143326,0.0003815324295513422,0.0011977845210509445,2.64425380009925e-05,39.28816047310829,1.8325660079717636,45.109337106347084
exponential,35,10000,4780,0.0003804663720075041,0.00038136592193041,0.00038142129103629484,0.0011942016486472286,2.6782228815136477e-05,39.3707580268383,1.8325660079717636,45.19498001039028
exponential,35,10000,4790,0.00037921906914561987,0.00038257574778981506,0.0003818791906973633,0.0011906294935089604,2.7036086976295337e-05,39.452829115092754,1.8325660079717636,45.28006660193205
exponential,35,10000,4800,0.0003821899008471519,0.0003823567123617977,0.0003821007274633952,0.0011870680235781246,2.6671903469832614e-05,39.53529565781355,1.8706298843026161,45.36556898802519
exponential,35,10000,4810,0.0003798286197707057,0.0003818041208432987,0.0003819524978922825,0.0011835172068925992,2.6429275749251246e-05,39.617772340774536,1.8706298843026161,45.53946663439274
exponential,35,10000,4820,0.00038035440957173705,0.0003823730716248974,0.0003820665751579145,0.0011799770115858692,2.6607440304360352e-05,39.700393572449684,1.8706298843026161,45.62512453645468
exponential,35,10000,4830,0.0003809501067735255,0.00038153731729835273,0.00038178155667620224,0.0011764474058867398,2.6356312446296215e-05,39.7824981585145,1.8706298843026161,45.7102040424943
exponential,35,10000,4840,0.0003792307688854635,0.0003827397100394592,0.000382129934188529,0.0011729283581190522,2.6418718334753066e-05,39.86458903551102,1.8706298843026161,45.79526359587908
exponential,35,10000,4850,0.00038221030263230205,0.0003820815531071275,0.0003821655596220613,0.001169419836701399,2.6522717234911397e-05,39.94669423252344,1.8706298843026161,45.880326084792614
exponential,35,10000,4860,0.00038072216557338834,0.0003818481432972476,0.00038200722216803214,0.0011659218101468403,2.641906394273974e-05,40.02875651419163,1.8706298843026161,45.965352796018124
exponential,35,10000,4870,0.000382815720513463,0.0003819212346570566,0.00038199789177354755,0.0011624342470626214,2.6445968615007587e-05,40.110890969634056,1.8706298843026161,46.05050252377987
exponential,35,10000,4880,0.00038432987639680505,0.0003822136437520385,0.00038210976933623816,0.0011589571161498917,2.6619880372891203e-05,40.19302400946617,1.8706298843026161,46.13562222570181
exponential,35,10000,4890,0.0003808485926128924,0.0003820453304797411,0.00038207487031022123,0.001155490386203423,2.633072108437773e-05,40.2755107358098,1.8706298843026161,46.221105962991714
exponential,35,10000,4900,0.0003820445854216814,0.0003822283208137378,0.0003821428114274036,0.00115203402611133,2.618473081383854e-05,40.35808353871107,1.9086250588297844,46.306730039417744
exponential,35,10000,4910,0.00037945754593238235,0.00038090120069682597,0.0003816316896270525,0.0011485880048547894,2.6501837055548094e-05,40.440423898398876,1.9086250588297844,46.48041758686304
exponential,35,10000,4920,0.00038330606184899807,0.0003809016692684963,0.00038138255764613135,0.0011451522915077647,2.6567437089397572e-05,40.522440969944,1.9086250588297844,46.565465450286865
exponential,35,10000,4930,0.0003802627034019679,0.00038101849204394964,0.00038128430040683663,0.001141726855236727,2.5759192794794217e-05,40.60534331202507,1.9086250588297844,46.65140914171934
exponential,35,10000,4940,0.0003853242960758507,0.00038307087088469417,0.0003820366810589422,0.0011383116653003768,2.6476573111722246e-05,40.68764594197273,1.9086250588297844,46.73676536232233
exponential,35,10000,4950,0.0003802708233706653,0.00038158643001224847,0.00038182340730156795,0.0011349066910493703,2.6519408493186347e-05,40.769653625786304,1.9086250588297844,46.821759432554245
exponential,35,10000,4960,0.00038455810863524675,0.0003821668535238132,0.0003819699112691023,0.0011315119019260427,2.644183587108273e-05,40.852352634072304,1.9086250588297844,46.90752424299717
exponential,35,10000,4970,0.0003771164338104427,0.000381780625320971,0.0003818217017951714,0.0011281272674641362,2.629068876558449e-05,40.93434976041317,1.9086250588297844,46.99251451343298
exponential,35,10000,4980,0.0003822140279226005,0.0003818554774625227,0.0003818342062394497,0.0011247527572885241,2.6003986931755207e-05,41.01706222444773,1.9086250588297844,47.07824286818504
exponential,35,10000,4990,0.0003853160887956619,0.00038186002348084003,0.0003819023617204084,0.0011213883411149393,2.6196006729151122e-05,41.09916729480028,1.9086250588297844,47.163440987467766
exponential,35,10000,5000,0.0003833103401120752,0.00038117121439427135,0.00038167691330844993,0.001118033988749704,2.6165147573919967e-05,41.181503400206566,1.9469245299696922,47.2487617880106
exponential,35,10000,5010,0.0003811200149357319,0.00038263530004769566,0.0003820899294948342,0.0011146896700894551,2.5956584067898802e-05,41.26424928754568,1.9469245299696922,47.48497249931097
exponential,35,10000,5020,0.00037989355041645467,0.00038186477613635363,0.00038200381259128116,0.0011113553551208774,2.65015314653283e-05,41.34663914144039,1.9469245299696922,47.57040564715862
exponential,35,10000,5030,0.0003829003544524312,0.0003815450530964881,0.000381838089494669,0.0011080310139204323,2.6285759304300882e-05,41.42907612025738,1.9469245299696922,47.65584000200033
exponential,35,10000,5040,0.00038426072569563985,0.0003815457836026326,0.0003817516947070371,0.001104716616654091,2.597180355223827e-05,41.512027092278004,1.9469245299696922,47.741830833256245
exponential,35,10000,5050,0.0003803195431828499,0.0003814465890172869,0.00038160329197150096,0.001101412133577065,2.6065417841891758e-05,41.594095423817635,1.9469245299696922,47.82693113386631
exponential,35,10000,5060,0.000381798337912187,0.00038123601698316636,0.00038147587611868497,0.0010981175350335396,2.6077339498442598e-05,41.67653498053551,1.9469245299696922,47.91240671277046
exponential,35,10000,5070,0.00038350868271663785,0.0003817221964709461,0.0003816093463408021,0.0010948327914564089,2.6227638954878785e-05,41.75849814713001,1.9469245299696922,47.997354723513126
exponential,35,10000,5080,0.0003803953295573592,0.00038093023176770656,0.00038128636867495243,0.0010915578733670089,2.6376379537396133e-05,41.84070838987827,1.9469245299696922,48.08257009088993
exponential,35,10000,5090,0.00038567392039112747,0.00038197060930542646,0.0003815763782728666,0.0010882927513748543,2.6614352464093827e-05,41.92306378483772,1.9469245299696922,48.16797401756048
exponential,35,10000,5100,0.00038026703987270594,0.00038148158928379415,0.0003815214986123993,0.001085037396177373,2.583327477623243e-05,42.004973985254765,1.9851712882518768,48.25285755097866
exponential,35,10000,5110,0.00038054314791224897,0.00038210219936445354,0.00038175590961481176,0.0010817917785596455,2.610136471048463e-05,42.08728297799826,1.9851712882518768,48.43515342473984
exponential,35,10000,5120,0.0003827552718576044,0.0003823215840384364,0.0003819699090962855,0.0010785558693941408,2.6098647140315734e-05,42.16979321837425,1.9851712882518768,48.52066696435213
exponential,35,10000,5130,0.0003802769351750612,0.0003813981282291934,0.00038172992106295727,0.0010753296396404555,2.58284380834084e-05,42.25206410139799,1.9851712882518768,48.60598313063383
exponential,35,10000,5140,0.00038009005947969854,0.00038059464714024216,0.0003812691228163554,0.001072113060345053,2.6332329071010463e-05,42.33418231457472,1.9851712882518768,48.69111716002226
exponential,35,10000,5150,0.00038252235390245914,0.00038111511385068296,0.0003812249978986154,0.0010689061026410045,2.587266317277681e-05,42.41691093146801,1.9851712882518768,48.77685444802046
exponential,35,10000,5160,0.00038167950697243214,0.00038190758205018937,0.0003814958080934447,0.0010657087377477295,2.5685634682304226e-05,42.49899485707283,1.9851712882518768,48.86195707321167
exponential,35,10000,5170,0.00038136105285957456,0.00038248679193202405,0.0003818724439631802,0.0010625209369707373,2.633001895446796e-05,42.5814586058259,1.9851712882518768,48.947484619915485
exponential,35,10000,5180,0.0003817118704319,0.0003820107347564772,0.00038187866379681525,0.001059342671701369,2.6496374630369246e-05,42.66365794837475,1.9851712882518768,49.032724149525166
exponential,35,10000,5190,0.0003788479370996356,0.0003810424474067986,0.0003815369478193618,0.001056173913416542,2.5768429622985423e-05,42.74594817310572,1.9851712882518768,49.11800950020552
exponential,35,10000,5200,0.0003834222734440118,0.00038137403898872433,0.0003814960917160351,0.001053014633678493,2.5776029360713437e-05,42.828103981912136,2.023084320127964,49.20320372283459
exponential,35,10000,5210,0.000384290877263993,0.00038241495494730773,0.00038190240435106586,0.0010498648041345233,2.5989082132582553e-05,42.910520508885384,2.023084320127964,49.37734227627516
exponential,35,10000,5220,0.00037933490239083767,0.00038004522502887994,0.0003811963312358922,0.0010467243965167439,2.6097566660610028e-05,42.99261715263128,2.023084320127964,49.46248595416546
exponential,35,10000,5230,0.00037976703606545925,0.0003816213371464983,0.00038135721520994234,0.001043593382641823,2.6429837816976942e-05,43.075153812766075,2.023084320127964,49.54804089665413
exponential,35,10000,5240,0.0003802581923082471,0.0003810177877312526,0.00038121592744121797,0.001040471734410731,2.6064750272780657e-05,43.157548032701015,2.023084320127964,49.63345614820719
exponential,35,10000,5250,0.0003819203993771225,0.00038123093836475166,0.00038120217755338153,0.0010373594238084899,2.5737754185684025e-05,43.23988812416792,2.023084320127964,49.71882100403309
exponential,35,10000,5260,0.000381325779017061,0.00038038862112443894,0.00038090376425491823,0.0010342564229039223,2.575119651737623e-05,43.32222746312618,2.023084320127964,49.80417710542679
exponential,35,10000,5270,0.0003812064533121884,0.0003814651456195861,0.00038107435142313724,0.0010311627038493989,2.6026555133285e-05,43.40424082428217,2.023084320127964,49.889176562428474
exponential,35,10000,5280,0.0003845923056360334,0.0003808276291238144,0.0003810404878831577,0.0010280782388805895,2.5901606932166032e-05,43.486423410475254,2.023084320127964,49.97432140260935
exponential,35,10000,5290,0.0003773257485590875,0.0003804502688581124,0.0003807570728352254,0.0010250030003162154,2.5649898816482164e-05,43.56861752271652,2.023084320127964,50.05954845249653
exponential,35,10000,5300,0.00037910405080765486,0.0003805381420534104,0.0003806376267613178,0.0010219369605577978,2.5422797989449464e-05,43.65073028206825,2.0612432584166527,50.14466945827007
exponential,35,10000,5310,0.0003792429342865944,0.00038042047526687384,0.0003805616197655631,0.001018880092089413,2.5697519959066994e-05,43.73329243063927,2.0612432584166527,50.319145031273365
exponential,35,10000,5320,0.0003830476780422032,0.0003809094137977809,0.00038072881820733716,0.0010158323674774434,2.547245821915567e-05,43.81544440984726,2.0612432584166527,50.40430419892073
exponential,35,10000,5330,0.00038172572385519743,0.00038121070247143507,0.00038094443957188684,0.001012793759370333,2.5907344024744816e-05,43.89823820441961,2.0612432584166527,50.490152433514595
exponential,35,10000,5340,0.0003797399112954736,0.0003814152907580137,0.0003810865369410363,0.0010097642404983404,2.5896497390931472e-05,43.98034716397524,2.0612432584166527,50.57529703527689
exponential,35,10000,5350,0.0003771976917050779,0.0003812185866991058,0.000381100514544956,0.001006743783673296,2.595064688648563e-05,44.063049264252186,2.0612432584166527,50.66104856133461
exponential,35,10000,5360,0.00038023508386686444,0.0003805023530730978,0.00038086301861279924,0.0010037323617883554,2.580441469035577e-05,44.145426005125046,2.0612432584166527,50.746459893882275
exponential,35,10000,5370,0.0003779657417908311,0.00038004895322956144,0.0003804718103110095,0.0010007299478177582,2.5747196559677832e-05,44.22798590362072,2.0612432584166527,50.83204907178879
exponential,35,10000,5380,0.0003798786783590913,0.000381089115398936,0.000380770297636186,0.0009977365148165853,2.5747545805643313e-05,44.310524597764015,2.0612432584166527,50.91764639317989
exponential,35,10000,5390,0.00037980329943820834,0.0003796186967520043,0.0003803700518493317,0.0009947520359205153,2.570473589003086e-05,44.39256592094898,2.0612432584166527,51.002712436020374
exponential,35,10000,5400,0.00037952663842588663,0.0003808608977124095,0.00038047634425070475,0.0009917764843455853,2.541445974202361e-05,44.47536597400904,2.099508799612522,51.08855979144573
exponential,35,10000,5410,0.00037995824823156,0.0003813501331023872,0.0003808222920401062,0.00098880983338795,2.5504452423774637e-05,44.557756312191486,2.099508799612522,51.26312243193388
exponential,35,10000,5420,0.00038433034205809236,0.00038177904207259417,0.00038123637652402335,0.0009858520564236422,2.566565126471687e-05,44.640252232551575,2.099508799612522,51.34867050498724
exponential,35,10000,5430,0.00037819650606252253,0.0003795140044530854,0.00038045283080533635,0.000982903126908333,2.5636536520323716e-05,44.722361631691456,2.099508799612522,51.43376675248146
exponential,35,10000,5440,0.00038070755545049906,0.00038025552348699423,0.0003804090921157181,0.0009799630183770951,2.535661042202264e-05,44.80493991822004,2.099508799612522,51.5193647891283
exponential,35,10000,5450,0.00038032280281186104,0.00038042858068365604,0.0003804695796431422,0.000977031704444164,2.5309511329396628e-05,44.887027345597744,2.099508799612522,51.60444764792919
exponential,35,10000,5460,0.0003863489255309105,0.00038068418798502534,0.00038063800523571105,0.0009741091588027013,2.6202307708445005e-05,44.969513691961765,2.099508799612522,51.68996684253216
exponential,35,10000,5470,0.0003828729677479714,0.00037961921188980343,0.0003803563670768129,0.0009711953552245591,2.560329085099511e-05,45.05199562013149,2.099508799612522,51.77546714991331
exponential,35,10000,5480,0.0003839948622044176,0.00038132703339215367,0.00038082381115857507,0.0009682902675600447,2.5697341698105447e-05,45.1340649202466,2.099508799612522,51.86052142828703
exponential,35,10000,5490,0.00038063255487941206,0.00038014784222468735,0.0003805338006533304,0.0009653938697376851,2.5581763111404143e-05,45.21718483418226,2.099508799612522,51.9467793032527
exponential,35,10000,5500,0.0003808954788837582,0.00038026692636776714,0.0003804306822197626,0.0009625061357639942,2.5645867935963906e-05,45.29912781715393,2.137786418199539,52.03174474090338
exponential,35,10000,5510,0.00037687941221520305,0.0003801366954576224,0.00038027427111451295,0.0009596270397232385,2.5233586711692624e-05,45.38174166530371,2.137786418199539,52.213706471025944
exponential,35,10000,5520,0.00037736695958301425,0.0003794952324824408,0.0003799395923751316,0.000956756555777205,2.529064477130305e-05,45.46406704187393,2.137786418199539,52.2990555614233
exponential,35,10000,5530,0.0003773717035073787,0.0003793529176618904,0.0003796609277195351,0.0009538946581649692,2.5357268896186724e-05,45.546728290617466,2.137786418199539,52.38473295420408
exponential,35,10000,5540,0.0003779226099140942,0.00038089419540483506,0.00038008765500381766,0.0009510413212026642,2.5646566427894868e-05,45.62864926457405,2.137786418199539,52.469636268913746
exponential,35,10000,5550,0.0003819066332653165,0.0003818584023974836,0.00038077635802899316,0.0009481965192832494,2.5469700631219894e-05,45.71131359785795,2.137786418199539,52.55534904450178
exponential,35,10000,5560,0.00037867360515519977,0.0003800423874054104,0.0003804537356201829,0.0009453602268762821,2.540304558351636e-05,45.79337701946497,2.137786418199539,52.64042943716049
exponential,35,10000,5570,0.00037912337575107813,0.00037938293244224044,0.0003799985403921414,0.0009425324185276868,2.5399913283763453e-05,45.875886745750904,2.137786418199539,52.72593850642443
exponential,35,10000,5580,0.0003811744099948555,0.00037944098294246943,0.0003797181511533518,0.0009397130688595281,2.57844749285141e-05,45.95826982706785,2.137786418199539,52.811367228627205
exponential,35,10000,5590,0.00037870925734750926,0.00038102063990663737,0.0003802308212517336,0.0009369021525697817,2.5304607333964668e-05,46.04046109318733,2.137786418199539,52.89658150076866
exponential,35,10000,5600,0.00037940722540952265,0.00038031086733099074,0.00038028297905857907,0.0009340996444321083,2.5100209313677624e-05,46.123284965753555,2.1757989674806595,52.982455514371395
exponential,35,10000,5610,0.00038388310349546373,0.00038103197293821723,0.000380557518709553,0.0009313055192956266,2.520001544326078e-05,46.2055591866374,2.1757989674806595,53.15691511332989
exponential,35,10000,5620,0.0003790568734984845,0.00037994942686054857,0.00038029589775719183,0.0009285197520846886,2.5202500182786025e-05,46.28761797398329,2.1757989674806595,53.241965875029564
exponential,35,10000,5630,0.0003821526188403368,0.00038094953633844854,0.0003805480485527026,0.0009257423177986531,2.5427578293601982e-05,46.370144970715046,2.1757989674806595,53.32750777155161
exponential,35,10000,5640,0.0003815540694631636,0.00038182143762242047,0.0003810753671763396,0.0009229731915116621,2.5425957574043423e-05,46.45268527418375,2.1757989674806595,53.413097225129604
exponential,35,10000,5650,0.0003818959230557084,0.00038055378245189787,0.00038088301282087234,0.0009202123483724175,2.5384104446857236e-05,46.534843511879444,2.1757989674806595,53.498268254101276
exponential,35,10000,5660,0.0003821310237981379,0.0003816929616732523,0.0003811898234894936,0.0009174597636039572,2.5791508960537612e-05,46.617665991187096,2.1757989674806595,53.58412231504917
exponential,35,10000,5670,0.00038052856689319015,0.000381137224030681,0.00038116336413266826,0.0009147154125034333,2.502511597413104e-05,46.69962465763092,2.1757989674806595,53.669077061116695
exponential,35,10000,5680,0.00037987646646797657,0.0003804766980465502,0.00038094280826842176,0.0009119792704418905,2.504087024135515e-05,46.78213556110859,2.1757989674806595,53.7546001970768
exponential,35,10000,5690,0.0003801999264396727,0.00037915962166152896,0.0003802503929597358,0.0009092513128640444,2.495408807590138e-05,46.86442129313946,2.1757989674806595,53.83990413695574
exponential,35,10000,5700,0.0003819972334895283,0.000380671423044987,0.0003804652959041802,0.0009065315152880621,2.5184857804561034e-05,46.94667835533619,2.214540846645832,53.925205536186695
exponential,35,10000,5710,0.0003854694659821689,0.0003793020732700825,0.00038004425932142274,0.0009038198533053418,2.55560407822486e-05,47.029179476201534,2.214540846645832,54.100903041660786
exponential,35,10000,5720,0.0003829349880106747,0.00038123882550280543,0.000380518391043346,0.0009011163025802938,2.5412535251234658e-05,47.11176907271147,2.214540846645832,54.18651484698057
exponential,35,10000,5730,0.00038024253444746137,0.0003799551341217011,0.00038032635581725576,0.0008984208388501224,2.537867840146646e-05,47.19428917020559,2.214540846645832,54.27213330566883
exponential,35,10000,5740,0.0003807072062045336,0.00038064610271248966,0.000380503154797786,0.0008957334379246076,2.5348075723741204e-05,47.27674278616905,2.214540846645832,54.3576218560338
exponential,35,10000,5750,0.0003829886263702065,0.00038105979620013387,0.0003807651325755897,0.0008930540756858888,2.532443068048451e-05,47.35955698788166,2.214540846645832,54.44352149963379
exponential,35,10000,5760,0.00038396648596972227,0.0003798880585236475,0.0003804500264794314,0.0008903827280882475,2.5205921701854095e-05,47.44162281602621,2.214540846645832,54.52856274694204
exponential,35,10000,5770,0.00037993944715708494,0.00037932712002657353,0.00037999726462889136,0.0008877193711578928,2.545273491705302e-05,47.52454198151827,2.214540846645832,54.614493042230606
exponential,35,10000,5780,0.00038533369661308825,0.0003808425826719031,0.000380429114280856,0.0008850639809927441,2.5149258362944238e-05,47.60693744570017,2.214540846645832,54.699868872761726
exponential,35,10000,5790,0.0003782022395171225,0.0003794679039856419,0.0003800316691652937,0.0008824165337622191,2.502662937331479e-05,47.688793271780014,2.214540846645832,54.78471065312624
exponential,35,10000,5800,0.0003806262684520334,0.0003804441075772047,0.0003802088785190609,0.0008797770057070181,2.4759840016486123e-05,47.77086078375578,2.252708576619625,54.869723588228226
exponential,35,10000,5810,0.00038053805474191904,0.0003804204723564908,0.00038031005968753337,0.0008771453731389113,2.5038239982677624e-05,47.85305318981409,2.252708576619625,55.04528006911278
exponential,35,10000,5820,0.0003795178490690887,0.00038016372127458453,0.00038019082298312856,0.0008745216124405267,2.4975995984277688e-05,47.935103707015514,2.252708576619625,55.130314610898495
exponential,35,10000,5830,0.0003784361178986728,0.0003812398499576375,0.00038060473860022156,0.0008719057000651379,2.5014767743414268e-05,48.01730268448591,2.252708576619625,55.21546933054924
exponential,35,10000,5840,0.0003804223088081926,0.0003804954729275778,0.0003805768009307117,0.0008692976125364517,2.53559228440281e-05,48.099962286651134,2.252708576619625,55.301130220294
exponential,35,10000,5850,0.00038143963320180774,0.0003811732633039355,0.0003807895443148489,0.0008666973264483992,2.5066923626582138e-05,48.1820512637496,2.252708576619625,55.38620851188898
exponential,35,10000,5860,0.0003826012252829969,0.00038004879606887696,0.0003804878796629805,0.0008641048184649248,2.5259027097490616e-05,48.264820106327534,2.252708576619625,55.47199568897486
exponential,35,10000,5870,0.00037976517342031,0.00038038128695916384,0.00038039924758839566,0.0008615200653197767,2.5293478756793775e-05,48.347104877233505,2.252708576619625,55.55733950436115
exponential,35,10000,5880,0.0003816080279648304,0.0003804458305239677,0.000380428954725606,0.0008589430438162982,2.54206115641864e-05,48.42952548712492,2.252708576619625,55.6427628621459
exponential,35,10000,5890,0.0003798642719630152,0.0003801249724347144,0.0003803328959654022,0.0008563737308272195,2.492222483851947e-05,48.5119995623827,2.252708576619625,55.72825589776039
exponential,35,10000,5900,0.0003815704840235412,0.00038059042999520897,0.00038045218890350296,0.0008538121032944507,2.511947059247177e-05,48.59417752921581,2.290941044688225,55.81351338326931
exponential,35,10000,5910,0.0003786524757742882,0.00037958987231831995,0.0003801108289426204,0.000851258138228874,2.5422003091080114e-05,48.67677891254425,2.290941044688225,55.98906850069761
exponential,35,10000,5920,0.00038282215245999396,0.00038112972397357224,0.0003804919869435587,0.0008487118127101379,2.4770833988441154e-05,48.75931127369404,2.290941044688225,56.074614867568016
exponential,35,10000,5930,0.000381871999707073,0.0003793927695369348,0.0003800969698673363,0.0008461731038864514,2.482080162735656e-05,48.84144350886345,2.290941044688225,56.15973951667547
exponential,35,10000,5940,0.0003842043224722147,0.000380158016923815,0.00038022384374033715,0.0008436419889743787,2.4880013370420784e-05,48.92370234429836,2.290941044688225,56.24506838619709
exponential,35,10000,5950,0.0003805407031904906,0.00037920163304079325,0.0003798824310770803,0.0008411184452586356,2.5258554160245694e-05,49.00606892257929,2.290941044688225,56.33048467338085
exponential,35,10000,5960,0.0003799420956056565,0.0003800156089710072,0.00037988429196871275,0.0008386024500918842,2.530869096517563e-05,49.08826396614313,2.290941044688225,56.41566655784845
exponential,35,10000,5970,0.0003785167937166989,0.0003802768827881664,0.0003800173092127415,0.0008360939808945308,2.51212804869283e-05,49.171018332242966,2.290941044688225,56.50146412849426
exponential,35,10000,5980,0.0003735809004865587,0.0003789207024965435,0.00037951446042400465,0.0008335930151545229,2.466988553351257e-05,49.253296226263046,2.290941044688225,56.58676862716675
exponential,35,10000,5990,0.0003813178918790072,0.0003803524246904999,0.0003798776878330872,0.0008310995304271469,2.511624370526988e-05,49.335566602647305,2.290941044688225,56.67201191186905
exponential,35,10000,6000,0.00038187444442883134,0.00037941024056635796,0.0003797510050157683,0.0008286135043348277,2.4679147827555425e-05,49.4180371761322,2.328975684940815,56.757488667964935
exponential,35,10000,6010,0.0003800987615250051,0.0003804918669629842,0.00038004307733088485,0.0008261349145669261,2.495693479431793e-05,49.500378124415874,2.328975684940815,56.996611937880516
exponential,35,10000,6020,0.00037952279672026634,0.0003794308431679383,0.0003797814913237052,0.0008236637388795401,2.5311863282695413e-05,49.58257032185793,2.328975684940815,57.08179997652769
exponential,35,10000,6030,0.00038194135413505137,0.00037987671385053545,0.00037978106179343695,0.0008211999550953048,2.4911172658903524e-05,49.66528184711933,2.328975684940815,57.16757134348154
exponential,35,10000,6040,0.0003815885283984244,0.0003793741954723373,0.0003796127421973883,0.0008187435411031934,2.5169740183628164e-05,49.747379787266254,2.328975684940815,57.25265248864889
exponential,35,10000,6050,0.00037647990393452346,0.0003796962148044258,0.00037959196300680465,0.0008162944748583185,2.5250408725696616e-05,49.83026657253504,2.328975684940815,57.33856752514839
exponential,35,10000,6060,0.00038017588667571545,0.00037912731058895586,0.0003794008519975939,0.0008138527343817347,2.4920593205024488e-05,49.91255182027817,2.328975684940815,57.423899963498116
exponential,35,10000,6070,0.0003788475878536701,0.00038008179690223186,0.00037961643291259715,0.0008114182977602406,2.460631003486924e-05,49.99507365375757,2.328975684940815,57.509432569146156
exponential,35,10000,6080,0.00038062589010223746,0.0003782816929742694,0.00037909098974338117,0.0008089911431461828,2.449765452183783e-05,50.07757890969515,2.328975684940815,57.59496355801821
exponential,35,10000,6090,0.00038057228084653616,0.00038045888650231066,0.0003796223777654327,0.0008065712487572603,2.497596142347902e-05,50.15975210815668,2.328975684940815,57.68012075126171
exponential,35,10000,6100,0.00037727472954429686,0.0003787566121900454,0.0003792239786304579,0.0008041585928763279,2.4689934434718452e-05,50.24255350232124,2.366994932293892,57.76603525876999
exponential,35,10000,6110,0.00037834496470168233,0.00038011886354070155,0.0003795471074031829,0.0008017531538512018,2.4560773454140872e-05,50.3247941210866,2.366994932293892,57.94899046421051
exponential,35,10000,6120,0.0003852395457215607,0.00038009261479601266,0.0003797789434266734,0.0007993549100944653,2.4842334823915735e-05,50.40693923085928,2.366994932293892,58.0341369882226
exponential,35,10000,6130,0.00037829941720701754,0.00037927772209513935,0.00037956296567706073,0.0007969638400832754,2.4826878870953806e-05,50.489362083375454,2.366994932293892,58.11954557150602
exponential,35,10000,6140,0.0003786245943047106,0.0003800535196205601,0.0003797316529554806,0.0007945799223591687,2.5388693757122383e-05,50.5718000754714,2.366994932293892,58.205028757452965
exponential,35,10000,6150,0.00038146309088915586,0.00038107467698864637,0.00038028708889951653,0.0007922031355278695,2.4666036551934667e-05,50.653831876814365,2.366994932293892,58.29004818201065
exponential,35,10000,6160,0.00037892372347414494,0.000379225640790537,0.00037979599467415564,0.0007898334582590983,2.474177563271951e-05,50.73640587925911,2.366994932293892,58.37565666437149
exponential,35,10000,6170,0.0003792764327954501,0.0003795087424805388,0.000379676261871504,0.0007874708692863795,2.427363142487593e-05,50.81846583634615,2.366994932293892,58.46075385808945
exponential,35,10000,6180,0.00037891327519901097,0.00037928027159068735,0.0003794895871031339,0.0007851153474068503,2.4589804525021464e-05,50.90106475353241,2.366994932293892,58.54634705930948
exponential,35,10000,6190,0.0003801709972321987,0.000378593584173359,0.0003791958907257606,0.0007827668714810719,2.4430095436400734e-05,50.98347157239914,2.366994932293892,58.63176420331001
exponential,35,10000,6200,0.00038109265733510256,0.00037895754794590173,0.0003791186055167664,0.0007804254204328382,2.4873492293409072e-05,51.06585253030062,2.4052018746733665,58.717151284217834
exponential,35,10000,6210,0.00038181254058144987,0.0003802736144280061,0.0003795702612935759,0.0007780909732489874,2.468187449267134e-05,51.14820070564747,2.4052018746733665,58.89256330579519
exponential,35,10000,6220,0.0003797758836299181,0.00037915891443844884,0.00037940913796185064,0.0007757635089792134,2.4666185709065758e-05,51.23039781302214,2.4052018746733665,58.977759189903736
exponential,35,10000,6230,0.00037933472776785493,0.0003793737356318161,0.0003793739983685982,0.0007734430067358775,2.4630104235257022e-05,51.31246271729469,2.4052018746733665,59.062791116535664
exponential,35,10000,6240,0.0003759789979085326,0.0003778622776735574,0.00037872881898933506,0.0007711294456938213,2.4633009161334485e-05,51.394531674683094,2.4052018746733665,59.147835314273834
exponential,35,10000,6250,0.0003757945087272674,0.0003784759639529511,0.0003786129122766609,0.0007688228050901798,2.454753303027246e-05,51.47663988173008,2.4052018746733665,59.23291552066803
exponential,35,10000,6260,0.00037577253533527255,0.00037875730195082726,0.00037865935401109924,0.0007665230642241946,2.4476823455188423e-05,51.5587744563818,2.4052018746733665,59.31802259385586
exponential,35,10000,6270,0.0003818869299720973,0.0003782793239224702,0.0003785766861142021,0.0007642302024570285,2.478624264767859e-05,51.64092317223549,2.4052018746733665,59.40317493677139
exponential,35,10000,6280,0.00038318612496368587,0.00037867599457968025,0.0003786158769686526,0.0007619441992115806,2.4831490009091794e-05,51.72367952764034,2.4052018746733665,59.48894851654768
exponential,35,10000,6290,0.0003782795974984765,0.00037980072665959596,0.0003790868226695367,0.0007596650339723006,2.461974509060383e-05,51.80573755502701,2.4052018746733665,59.57397898286581
exponential,35,10000,6300,0.0003771157353185117,0.0003786816378124058,0.0003789261656917022,0.0007573926862850059,2.4498534912709147e-05,51.88820118457079,2.4434033557772636,59.65947972238064
exponential,35,10000,6310,0.00037816623807884753,0.0003795328811975196,0.00037917090320111434,0.000755127135756697,2.4425396986771375e-05,51.970593214035034,2.4434033557772636,59.83501683175564
exponential,35,10000,6320,0.0003814551164396107,0.00037978562759235503,0.00037936815761714475,0.0007528683620553754,2.4546692657168023e-05,52.05294545739889,2.4434033557772636,59.92044222354889
exponential,35,10000,6330,0.0003815626259893179,0.00037965394731145354,0.0003795200161490769,0.0007506163449098603,2.428509651508648e-05,52.13504058122635,2.4434033557772636,60.00555267184973
exponential,35,10000,6340,0.00037629742291755974,0.0003786902729189023,0.00037912984564718186,0.0007483710641096071,2.4528872017981485e-05,52.21778877824545,2.4434033557772636,60.09136217832565
exponential,35,10000,6350,0.0003809080517385155,0.0003792535339016467,0.00037921337119489355,0.0007461324995045264,2.4160945031326264e-05,52.300052151083946,2.4434033557772636,60.176684215664864
exponential,35,10000,6360,0.00037888920633122325,0.00037943637289572507,0.0003793154975645275,0.0007439006310048025,2.4323633624590002e-05,52.382322676479816,2.4434033557772636,60.26198206841946
exponential,35,10000,6370,0.000379866425646469,0.00037980932975187896,0.0003795947850769036,0.000741675438580713,2.4608334570075385e-05,52.464792154729366,2.4434033557772636,60.3475176692009
exponential,35,10000,6380,0.0003832238435279578,0.00037811215443070976,0.00037901669092760455,0.00073945690226245,2.431127541058231e-05,52.54687777906656,2.4434033557772636,60.43261180818081
exponential,35,10000,6390,0.0003768157912418246,0.0003788996633375064,0.00037893328345225746,0.0007372450021399394,2.4565713829360902e-05,52.62953381240368,2.4434033557772636,60.51827573031187
exponential,35,10000,6400,0.0003784687432926148,0.00037954806466586886,0.00037915606382481854,0.0007350397183626642,2.457297705404926e-05,52.71192213147879,2.481668181717396,60.60374714434147
exponential,35,10000,6410,0.0003796570235863328,0.0003791102004470304,0.0003791705986252186,0.0007328410311394848,2.4325867343577556e-05,52.79432962834835,2.481668181717396,60.77966759353876
exponential,35,10000,6420,0.00038026535185053945,0.0003786673158174381,0.0003790296426251686,0.0007306489207384614,2.448593841108959e-05,52.87665348500013,2.481668181717396,60.86508424580097
exponential,35,10000,6430,0.00037898647133260965,0.00037872047687415034,0.0003789142825067482,0.0007284633674866779,2.4574092094553635e-05,52.95910435169935,2.481668181717396,60.95054820179939
exponential,35,10000,6440,0.00037762802094221115,0.0003777454927330837,0.00037842828504318913,0.0007262843517700645,2.478826354490593e-05,53.04126138240099,2.481668181717396,61.03572480380535
exponential,35,10000,6450,0.00037801897269673645,0.00038000185450073334,0.0003790872407386161,0.0007241118540332222,2.4256161850644276e-05,53.12391649931669,2.481668181717396,61.12142138928175
exponential,35,10000,6460,0.0003787291352637112,0.0003791348193772137,0.00037911827371761754,0.0007219458547792469,2.4664172087796032e-05,53.205978855490685,2.481668181717396,61.20647785067558
exponential,35,10000,6470,0.0003800746635533869,0.00037846536142751577,0.0003788361094540762,0.0007197863345695547,2.430822678434197e-05,53.28846853226423,2.481668181717396,61.291952565312386
exponential,35,10000,6480,0.0003812816576100886,0.00037911494728177787,0.00037896957992546306,0.0007176332740237074,2.4715889594517648e-05,53.37111399322748,2.481668181717396,61.37767870724201
exponential,35,10000,6490,0.000377502350602299,0.0003789823531406,0.0003789308332741287,0.0007154866538192384,2.45126702793641e-05,53.45335901528597,2.481668181717396,61.46294781565666
exponential,35,10000,6500,0.00037877424620091915,0.00037904349155724046,0.00037906055465063024,0.0007133464546914796,2.444595520501025e-05,53.53617699444294,2.519850067794323,61.54880256950855
exponential,35,10000,6510,0.00037926947697997093,0.00037993413279764355,0.00037938824898016427,0.0007112126574333881,2.4054254026850685e-05,53.61846228688955,2.519850067794323,61.724571615457535
exponential,35,10000,6520,0.00037882139440625906,0.0003786258050240576,0.00037908705290624277,0.0007090852428953743,2.4037237380980514e-05,53.700609996914864,2.519850067794323,61.80978985130787
exponential,35,10000,6530,0.0003791563503909856,0.00037887996586505324,0.00037905775987735497,0.0007069641919851294,2.4241411665570922e-05,53.7829028442502,2.519850067794323,61.89510576426983
exponential,35,10000,6540,0.0003793730866163969,0.0003802986553637311,0.0003795184336991781,0.000704849485667455,2.443663834128529e-05,53.86572063714266,2.519850067794323,61.9809839501977
exponential,35,10000,6550,0.0003799043770413846,0.000378737025312148,0.0003792597265595274,0.0007027411049640915,2.4701877919142134e-05,53.94782155752182,2.519850067794323,62.06615334004164
exponential,35,10000,6560,0.00038072638562880456,0.0003801708051469177,0.0003796390031571583,0.0007006390309535476,2.4837065211613663e-05,54.03032425791025,2.519850067794323,62.15167919546366
exponential,35,10000,6570,0.0003765524597838521,0.00037924338248558344,0.00037943210560305437,0.0006985432447709318,2.412569483567495e-05,54.112664587795734,2.519850067794323,62.23702870309353
exponential,35,10000,6580,0.00037694795173592865,0.00037879852461628614,0.00037918016695064516,0.0006964537276077811,2.433866757201031e-05,54.19500283896923,2.519850067794323,62.322394870221615
exponential,35,10000,6590,0.00038065348053351045,0.000378924046526663,0.00037910798369286165,0.000694370460711894,2.4083827156573534e-05,54.27752319723368,2.519850067794323,62.40838913619518
exponential,35,10000,6600,0.00037772575160488486,0.0003795637021539733,0.00037930651296526265,0.0006922934253871616,2.4202985514421016e-05,54.35951568931341,2.557897038757801,62.49342069029808
exponential,35,10000,6610,0.00037854016409255564,0.0003787873109104112,0.00037910073612106737,0.0006902226029933996,2.4462646251777187e-05,54.441795974969864,2.557897038757801,62.66903526335955
exponential,35,10000,6620,0.00037897631409578025,0.0003795362485107034,0.0003792621390125841,0.0006881579749461809,2.4211474737967364e-05,54.52391557395458,2.557897038757801,62.75419621914625
exponential,35,10000,6630,0.00037905736826360226,0.00037869687657803296,0.00037899088948724455,0.0006860995227166691,2.4253688025055453e-05,54.60605385154486,2.557897038757801,62.839332796633244
exponential,35,10000,6640,0.0003760289400815964,0.0003791808558162302,0.0003790555726964601,0.0006840472278314526,2.427311301289592e-05,54.68823371082544,2.557897038757801,62.92454322427511
exponential,35,10000,6650,0.00038124705315567553,0.0003785331093240529,0.0003788315721438387,0.0006820010718723777,2.4438595573883504e-05,54.77066443115473,2.557897038757801,63.01000044494867
exponential,35,10000,6660,0.00038201804272830486,0.0003799160971539095,0.0003792767298375277,0.0006799610364763846,2.4007105821510777e-05,54.85327362269163,2.557897038757801,63.09564672410488
exponential,35,10000,6670,0.0003780099214054644,0.0003777920501306653,0.0003786870557189152,0.0006779271033353416,2.379490979365073e-05,54.93549607694149,2.557897038757801,63.1808772534132
exponential,35,10000,6680,0.00038086960557848215,0.00037909915263298897,0.0003788924990455366,0.0006758992541958817,2.4156553990906104e-05,55.01828374713659,2.557897038757801,63.2667270898819
exponential,35,10000,6690,0.0003759160463232547,0.0003777130681555718,0.00037836579083710335,0.0006738774708592377,2.4551725800847635e-05,55.10044549405575,2.557897038757801,63.35194402188063
exponential,35,10000,6700,0.0003820398123934865,0.0003795579104917124,0.00037890022897707184,0.0006718617351810796,2.480975308571942e-05,55.183258913457394,2.5960448682308197,63.43778497725725
exponential,35,10000,6710,0.00037873521796427667,0.00037823808670509604,0.00037860961059713727,0.000669852029071352,2.4239365302491933e-05,55.26556771248579,2.5960448682308197,63.613781318068504
exponential,35,10000,6720,0.0003801097918767482,0.0003797929326537997,0.0003791522653495009,0.0006678483344941108,2.432758810755331e-05,55.34798964112997,2.5960448682308197,63.69925893843174
exponential,35,10000,6730,0.0003841624711640179,0.00037910021492280064,0.000379192064320858,0.0006658506334673624,2.4280339857796207e-05,55.43025114387274,2.5960448682308197,63.78456922620535
exponential,35,10000,6740,0.0003779797116294503,0.0003782278799917549,0.00037882109883946596,0.0006638589080629016,2.4400347683695145e-05,55.51305406540632,2.5960448682308197,63.870477855205536
exponential,35,10000,6750,0.0003767336602322757,0.0003793647832935676,0.0003790129265956508,0.0006618731404061507,2.423553087282926e-05,55.595217265188694,2.5960448682308197,63.95564801990986
exponential,35,10000,6760,0.0003778137033805251,0.00037956325977575036,0.0003792222334118084,0.0006598933126759997,2.4396111257374287e-05,55.67770244926214,2.5960448682308197,64.04113407433033
exponential,35,10000,6770,0.0003796215169131756,0.0003778590733418241,0.00037870386966523716,0.0006579194071046459,2.437934927002061e-05,55.76012582331896,2.5960448682308197,64.12662586569786
exponential,35,10000,6780,0.0003832450893241912,0.0003793199633946642,0.00037895590804450265,0.0006559514059774344,2.4068782295216806e-05,55.842345863580704,2.5960448682308197,64.21187856048346
exponential,35,10000,6790,0.00037675973726436496,0.0003773702454054728,0.0003783544899621591,0.0006539892916326995,2.4101171220536344e-05,55.925135642290115,2.5960448682308197,64.29767591506243
exponential,35,10000,6800,0.00038484923425130546,0.00037842354795429855,0.00037842513586762775,0.0006520330464616057,2.4097709683701396e-05,56.00714584439993,2.6341447308659554,64.38274436444044
exponential,35,10000,6810,0.00037965242518112063,0.0003802639024797827,0.00037911009139945294,0.00065008265290799,2.3788423277437687e-05,56.08983135223389,2.6341447308659554,64.55938433855772
exponential,35,10000,6820,0.0003783203137572855,0.0003788705420447513,0.0003789923135285297,0.0006481380934682043,2.434154157526791e-05,56.1720235273242,2.6341447308659554,64.6445939540863
exponential,35,10000,6830,0.0003762376436498016,0.00037948635290376844,0.0003791303078244032,0.0006461993506909584,2.3687838620389812e-05,56.25429181009531,2.6341447308659554,64.72989021986723
exponential,35,10000,6840,0.0003814709489233792,0.00037921554467175157,0.00037921758276191246,0.000644266407177163,2.4359893359360285e-05,56.336324609816074,2.6341447308659554,64.8150023445487
exponential,35,10000,6850,0.00037976348539814353,0.000378806353546679,0.00037902777725047247,0.0006423392455797738,2.3908783987280913e-05,56.419106639921665,2.6341447308659554,64.90083315223455
exponential,35,10000,6860,0.0003761800180654973,0.0003787703200941905,0.00037889927437779905,0.0006404178486036363,2.427163053653203e-05,56.50154051184654,2.6341447308659554,64.98628790676594
exponential,35,10000,6870,0.00037466234061867,0.0003775580116780475,0.0003783260128030642,0.0006385021990053296,2.4053426386672072e-05,56.583942003548145,2.6341447308659554,65.07174104452133
exponential,35,10000,6880,0.00037988467374816537,0.00037897658767178656,0.0003786292448206859,0.0006365922795930122,2.384890649409499e-05,56.666460163891315,2.6341447308659554,65.15728804469109
exponential,35,10000,6890,0.000380335288355127,0.0003784188156714663,0.0003785712725594397,0.0006346880732262684,2.382471393502783e-05,56.74862615764141,2.6341447308659554,65.2424421980977
exponential,35,10000,6900,0.00038208795012906194,0.0003795308846747503,0.0003789979818007445,0.0006327895628159527,2.3966287699295208e-05,56.83135060220957,2.6721939891576767,65.32822039723396
exponential,35,10000,6910,0.00037725656875409186,0.0003786046843742952,0.00037885052651370885,0.0006308967313240383,2.377193231950514e-05,56.913454070687294,2.6721939891576767,65.5039114356041
exponential,35,10000,6920,0.00037778756814077497,0.00037755765370093284,0.00037829471973550236,0.0006290095617634628,2.4144088456523605e-05,56.99532537162304,2.6721939891576767,65.58880764991045
exponential,35,10000,6930,0.0003776890807785094,0.0003773066826397553,0.00037787186187599267,0.0006271280371979771,2.4040602511377074e-05,57.077645152807236,2.6721939891576767,65.67412882298231
exponential,35,10000,6940,0.00037781649734824896,0.00037941841583233327,0.0003784836286004591,0.0006252521407419921,2.3750872060190886e-05,57.16028235852718,2.6721939891576767,65.75980145484209
exponential,35,10000,6950,0.0003765537985600531,0.00037828347994945944,0.0003783906199933143,0.0006233818555604277,2.356978257012088e-05,57.2424728050828,2.6721939891576767,65.84503234177828
exponential,35,10000,6960,0.00037725651054643095,0.000378805334912613,0.00037851908808336543,0.0006215171648685618,2.394579496467486e-05,57.32529692351818,2.6721939891576767,65.93093482404947
exponential,35,10000,6970,0.000376011710613966,0.0003784125205129385,0.0003784126572032446,0.0006196580519318795,2.3150150809669867e-05,57.40755768120289,2.6721939891576767,66.01626318693161
exponential,35,10000,6980,0.00038026529364287853,0.00037865643680561333,0.0003785587911758651,0.0006178045000659237,2.3761484044371173e-05,57.48965631425381,2.6721939891576767,66.10135977715254
exponential,35,10000,6990,0.00038003548979759216,0.00037843710742890835,0.00037850569655563035,0.0006159564926361435,2.422533361823298e-05,57.57169886678457,2.6721939891576767,66.1864048987627
exponential,35,10000,7000,0.0003812198410741985,0.00037943027273286135,0.0003789460977643852,0.0006141140130577469,2.37744261539774e-05,57.65383931994438,2.710282474756241,66.27152074873447
exponential,35,10000,7010,0.00038012105505913496,0.000378611619817093,0.0003788390446428998,0.000612277044795551,2.3544314899481833e-05,57.736301243305206,2.710282474756241,66.50940445065498
exponential,35,10000,7020,0.0003821405698545277,0.0003792525356402621,0.0003791038554193092,0.0006104455713638338,2.4101716917357408e-05,57.818866692483425,2.710282474756241,66.59505136311054
exponential,35,10000,7030,0.00038240934372879565,0.00037905395729467275,0.0003790734367285314,0.0006086195763261861,2.362799750699196e-05,57.90155003964901,2.710282474756241,66.68077985942364
exponential,35,10000,7040,0.0003781768027693033,0.00037905781355220827,0.0003790978662309866,0.000606799043295364,2.4002671125344932e-05,57.98373758792877,2.710282474756241,66.76600036770105
exponential,35,10000,7050,0.00038197729736566544,0.00037779587728437036,0.0003786249105258561,0.0006049839559331423,2.4366589059354737e-05,58.066637858748436,2.710282474756241,66.8519924134016
exponential,35,10000,7060,0.00038309639785438776,0.00037776265235152097,0.0003783156769687758,0.0006031742979501672,2.4062379452516325e-05,58.148856088519096,2.710282474756241,66.93722574412823
exponential,35,10000,7070,0.0003788984613493085,0.0003786213928833604,0.00037848979655785795,0.0006013700531058104,2.3856830011936836e-05,58.23140776157379,2.710282474756241,67.02285704016685
exponential,35,10000,7080,0.0003815044183284044,0.00037885067577008157,0.0003786432065978456,0.0005995712052080236,2.3652433810639195e-05,58.3138959556818,2.710282474756241,67.10838770866394
exponential,35,10000,7090,0.0003794970689341426,0.0003789137408602983,0.0003787216369315176,0.0005977777381131925,2.379599573032465e-05,58.39626099169254,2.710282474756241,67.193728081882
exponential,35,10000,7100,0.00037636462366208434,0.00037884982593823225,0.0003787103489676533,0.000595989635725993,2.344740460102912e-05,58.47912832349539,2.7484485507011414,67.2796928808093
exponential,35,10000,7110,0.00037900605821050704,0.0003790769289480522,0.00037885819558584823,0.000594206881999246,2.39685414271662e-05,58.56140220165253,2.7484485507011414,67.46483897417784
exponential,35,10000,7120,0.00038048147689551115,0.0003783973166719079,0.00037869358313662307,0.0005924294609337732,2.3730504835839383e-05,58.64346421509981,2.7484485507011414,67.54990758746862
exponential,35,10000,7130,0.0003788743633776903,0.00037857866263948383,0.0003786651447922799,0.0005906573565782539,2.381925514782779e-05,58.72584955394268,2.7484485507011414,67.63529402017593
exponential,35,10000,7140,0.0003763923014048487,0.0003776456898776814,0.000378274135055786,0.0005888905530290817,2.3464668629458174e-05,58.80792870372534,2.7484485507011414,67.72043925523758
exponential,35,10000,7150,0.0003782776475418359,0.00037753001670353114,0.00037803763706287333,0.0005871290344302223,2.3583930669701658e-05,58.89003735780716,2.7484485507011414,67.8055604994297
exponential,35,10000,7160,0.00038091043825261295,0.0003788756061112508,0.0003783924565640074,0.0005853727849730703,2.3782824428053573e-05,58.97280292958021,2.7484485507011414,67.89134216308594
exponential,35,10000,7170,0.0003804799052886665,0.00037937037996016443,0.0003788279311829226,0.0005836217888963082,2.4074715838651173e-05,59.05504447966814,2.7484485507011414,67.97663740813732
exponential,35,10000,7180,0.00037826914922334254,0.00037863911129534247,0.00037874785474035084,0.0005818760304857642,2.3428636268363334e-05,59.1374247521162,2.7484485507011414,68.06201433390379
exponential,35,10000,7190,0.000377311633201316,0.0003771701914956793,0.00037810655469690496,0.0005801354940742717,2.3878024876466952e-05,59.21988824009895,2.7484485507011414,68.14749529212713
exponential,35,10000,7200,0.0003735982463695109,0.00037712439661845564,0.000377683690720777,0.0005784001640415282,2.3755468646413647e-05,59.30212917923927,2.7866113781929016,68.23275484144688
exponential,35,10000,7210,0.000376477517420426,0.00037819570570718497,0.0003779113880269801,0.0005766700248139557,2.362424311286304e-05,59.38437804579735,2.7866113781929016,68.40933976322412
exponential,35,10000,7220,0.00037421518936753273,0.0003774037846596912,0.0003777210863844249,0.0005749450608645608,2.3154703740146942e-05,59.46690948307514,2.7866113781929016,68.49490688741207
exponential,35,10000,7230,0.0003770655603148043,0.00037769877235405147,0.00037768399389315134,0.0005732252567127948,2.3421602236339822e-05,59.5491389259696,2.7866113781929016,68.58015765994787
exponential,35,10000,7240,0.0003783914144150913,0.00037819035351276397,0.0003778748196303047,0.0005715105969244153,2.374048017372843e-05,59.63146875053644,2.7866113781929016,68.66547351330519
exponential,35,10000,7250,0.00037799880374222994,0.0003789784939726815,0.0003783128155285363,0.0005698010661113477,2.355706601520069e-05,59.7140109911561,2.7866113781929016,68.75102365761995
exponential,35,10000,7260,0.0003796034725382924,0.0003781529609113932,0.0003782536736803357,0.0005680966489315471,2.3208769562188536e-05,59.79624640196562,2.7866113781929016,68.83624309301376
exponential,35,10000,7270,0.00038127985317260027,0.00037822280719410626,0.0003782645999211396,0.0005663973300888603,2.326132744201459e-05,59.879003539681435,2.7866113781929016,68.92206741124392
exponential,35,10000,7280,0.0003784122527576983,0.000377608064445667,0.00037797761914719216,0.0005647030943328886,2.4332843167940155e-05,59.96111310273409,2.7866113781929016,69.00716172158718
exponential,35,10000,7290,0.00038024125387892127,0.0003794270334765315,0.00037856502521793785,0.000563013926458851,2.4214870791183785e-05,60.043419897556305,2.7866113781929016,69.09244966506958
exponential,35,10000,7300,0.00037767665344290435,0.00037842728197574617,0.00037847682752620564,0.0005613298113074485,2.3376376702799462e-05,60.12587767839432,2.8245968222618103,69.17797189205885
exponential,35,10000,7310,0.00037781413993798196,0.0003778485581278801,0.00037819334844994823,0.0005596507337647265,2.366973967582453e-05,60.207859598100185,2.8245968222618103,69.35381821542978
exponential,35,10000,7320,0.00037480724859051406,0.00037863767065573486,0.00037828254956321765,0.0005579766787619403,2.3782004063832574e-05,60.289742559194565,2.8245968222618103,69.43869941681623
exponential,35,10000,7330,0.00038000568747520447,0.00037809962523169813,0.000378206648935094,0.0005563076312754196,2.344671156606637e-05,60.37226561456919,2.8245968222618103,69.52421447634697
exponential,35,10000,7340,0.0003780181286856532,0.0003787132416618988,0.00037838451136704273,0.0005546435763264337,2.3527787561761215e-05,60.45474600791931,2.8245968222618103,69.60970490425825
exponential,35,10000,7350,0.0003802738501690328,0.0003781661973334849,0.0003783279093824352,0.000552984498981057,2.378917452006135e-05,60.53686076402664,2.8245968222618103,69.69477310031652
exponential,35,10000,7360,0.000376424053683877,0.0003784764267038554,0.00037838657743840425,0.0005513303843500349,2.3584681912325323e-05,60.61894699186087,2.8245968222618103,69.7798185274005
exponential,35,10000,7370,0.00037775549571961164,0.00037843433092348276,0.0003784492856843527,0.0005496812175886504,2.3381589926430024e-05,60.700970374047756,2.8245968222618103,69.8648254647851
exponential,35,10000,7380,0.000378287339117378,0.00037793191149830817,0.0003782447484176605,0.0005480369838965906,2.360423604841344e-05,60.78300070017576,2.8245968222618103,69.94984164088964
exponential,35,10000,7390,0.00037544226506724954,0.0003770163370063528,0.0003776599492981881,0.0005463976685178145,2.3652024538023397e-05,60.86523511260748,2.8245968222618103,70.03509301692247
exponential,35,10000,7400,0.0003796963137574494,0.00037888800434302536,0.00037809844745209984,0.0005447632567404192,2.355125434405636e-05,60.94732965528965,2.862633153796196,70.1201576590538
exponential,35,10000,7410,0.00037945067742839456,0.0003783603577176109,0.00037820927721070346,0.0005431337338965095,2.3783974029356614e-05,61.029846988618374,2.862633153796196,70.29689969867468
exponential,35,10000,7420,0.0003781523846555501,0.00037889750383328645,0.0003785365094182118,0.0005415090853620654,2.3265365598490462e-05,61.11197825521231,2.862633153796196,70.38203951716423
exponential,35,10000,7430,0.00038048563874326646,0.00037832389352843165,0.00037853128436797035,0.0005398892965568111,2.348503221583087e-05,61.19447818398476,2.862633153796196,70.46754114329815
exponential,35,10000,7440,0.00037616840563714504,0.000378243561135605,0.000378434268590645,0.0005382743529440836,2.385126026638318e-05,61.2763514444232,2.862633153796196,70.55241383612156
exponential,35,10000,7450,0.0003787637106142938,0.00037713577912654726,0.000377926990183969,0.000536664240030703,2.3618944396730512e-05,61.359045162796974,2.862633153796196,70.63812202215195
exponential,35,10000,7460,0.0003763904969673604,0.0003780760249355808,0.0003779284604907709,0.0005350589433668419,2.3136930394684896e-05,61.44111332297325,2.862633153796196,70.72319431602955
exponential,35,10000,7470,0.000375016825273633,0.00037802340812049807,0.00037797564079651216,0.0005334584485458964,2.3653488824493252e-05,61.523428812623024,2.862633153796196,70.808544524014
exponential,35,10000,7480,0.000373829563613981,0.00037816292606294153,0.0003780205619783147,0.000531862741204356,2.2954936866881326e-05,61.60603332519531,2.862633153796196,70.89418181777
exponential,35,10000,7490,0.00037725240690633655,0.00037921686889603735,0.0003784964069529545,0.0005302718070216751,2.3409364075632766e-05,61.68829648196697,2.862633153796196,70.97943110018969
exponential,35,10000,7500,0.0003768758615478873,0.00037907538935542104,0.00037866609609744564,0.0005286856317201445,2.3549700927105732e-05,61.77097397297621,2.9006655886769295,71.06515859812498
exponential,35,10000,7510,0.00038100004894658923,0.0003785512497415766,0.00037863932254414,0.0005271042010647631,2.351065631955862e-05,61.8531454578042,2.9006655886769295,71.24144272506237
exponential,35,10000,7520,0.0003780116676352918,0.0003787607158301398,0.0003786608328588039,0.0005255275008631102,2.3364778826362453e-05,61.935321889817715,2.9006655886769295,71.3266559690237
exponential,35,10000,7530,0.00037927378434687853,0.00037869407387916,0.0003786953559944829,0.0005239555169652183,2.3375681848847307e-05,62.01752167195082,2.9006655886769295,71.41184876859188
exponential,35,10000,7540,0.00038242468144744635,0.0003790706570725888,0.0003788549143778757,0.0005223882352634458,2.338913327548653e-05,62.10029640048742,2.9006655886769295,71.4976666122675
exponential,35,10000,7550,0.0003790206101257354,0.0003783771418966353,0.0003786683002392245,0.0005208256416923508,2.33978389587719e-05,62.18239486962557,2.9006655886769295,71.5827576443553
exponential,35,10000,7560,0.000374260765966028,0.0003773948177695274,0.0003781192514776637,0.0005192677222285644,2.3349801267613657e-05,62.265041686594486,2.9006655886769295,71.66841273009777
exponential,35,10000,7570,0.0003786661254707724,0.0003773997799726203,0.00037788774746887047,0.0005177144628906654,2.3450233129551634e-05,62.347274750471115,2.9006655886769295,71.7536583095789
exponential,35,10000,7580,0.00037854810943827033,0.00037935189320705833,0.0003784499068860286,0.0005161658497390543,2.3056714780977927e-05,62.42975241690874,2.9006655886769295,71.83914247900248
exponential,35,10000,7590,0.0003793861251324415,0.0003781865816563368,0.00037838598552906067,0.0005146218688758284,2.3397617042064667e-05,62.512242205441,2.9006655886769295,71.92465311288834
exponential,35,10000,7600,0.00037708901800215244,0.0003785939275985584,0.00037845835575994367,0.0005130825064446574,2.3248101570061408e-05,62.59432075172663,2.9387144446372986,72.00972888618708
exponential,35,10000,7610,0.0003819078265223652,0.0003787938039749861,0.00037861791438622276,0.0005115477486306583,2.3736234652460553e-05,62.6767268627882,2.9387144446372986,72.18675580620766
exponential,35,10000,7620,0.0003781977866310626,0.0003777202218770981,0.0003782636037935539,0.0005100175816602722,2.357985249545891e-05,62.7590506747365,2.9387144446372986,72.27206877619028
exponential,35,10000,7630,0.0003796906676143408,0.00037911649560555815,0.00037865145520590273,0.0005084919918011403,2.3429838620359078e-05,62.84149146825075,2.9387144446372986,72.35752127319574
exponential,35,10000,7640,0.0003793713403865695,0.0003787931229453534,0.0003787265299840376,0.0005069709653619803,2.3373135263682343e-05,62.92370502650738,2.9387144446372986,72.4427717924118
exponential,35,10000,7650,0.0003807874454651028,0.00037788177141919734,0.00037847683956502025,0.0005054544886924645,2.3237707864609547e-05,63.00645545870066,2.9387144446372986,72.52856729924679
exponential,35,10000,7660,0.0003790523624047637,0.0003788415779126808,0.0003786604229160317,0.0005039425481830966,2.349071655771695e-05,63.08855839818716,2.9387144446372986,72.61367224156857
exponential,35,10000,7670,0.000379997247364372,0.00037839640863239764,0.00037860810120620206,0.0005024351302650896,2.384196523053106e-05,63.17094234377146,2.9387144446372986,72.69905637204647
exponential,35,10000,7680,0.00037801708094775677,0.0003768073103856295,0.0003778845745435667,0.0005009322214102439,2.319071973033715e-05,63.25330015271902,2.9387144446372986,72.78444171696901
exponential,35,10000,7690,0.0003792395000346005,0.0003781965817324817,0.00037807921619777867,0.0004994338081308268,2.2912292479304597e-05,63.335665479302406,2.9387144446372986,72.86978539824486
exponential,35,10000,7700,0.0003779132093768567,0.0003776800032937899,0.00037789665129800404,0.0004979398769794501,2.3245376723934896e-05,63.418061561882496,2.976767525076866,72.9552102535963
exponential,35,10000,7710,0.0003814488009084016,0.00037958815228193997,0.00037858554971590596,0.0004964504145489502,2.341447543585673e-05,63.5003303065896,2.976767525076866,73.13188572973013
exponential,35,10000,7720,0.00037627306301146746,0.0003770517650991678,0.00037795033870944975,0.0004949654074722679,2.342896732443478e-05,63.58238312602043,2.976767525076866,73.21694652736187
exponential,35,10000,7730,0.0003801437560468912,0.00037873437686357646,0.00037828620609139924,0.0004934848424223284,2.336647048650775e-05,63.664597637951374,2.976767525076866,73.30213799327612
exponential,35,10000,7740,0.0003789551556110382,0.00037710157048422845,0.00037784470419154076,0.0004920087061119212,2.333364318474196e-05,63.7472181096673,2.976767525076866,73.38777396082878
exponential,35,10000,7750,0.00037872223765589297,0.00037878427829127757,0.00037821627057086043,0.0004905369852935806,2.315919118700549e-05,63.829403057694435,2.976767525076866,73.47301482409239
exponential,35,10000,7760,0.00037570801214314997,0.0003774362412514165,0.0003778861675617948,0.0004890696667594687,2.306417445652187e-05,63.912182465195656,2.976767525076866,73.55881366878748
exponential,35,10000,7770,0.0003809577028732747,0.00037864305195398627,0.0003781699653011831,0.00048760673734125437,2.2916883608559147e-05,63.99430951476097,2.976767525076866,73.64394806325436
exponential,35,10000,7780,0.00037773160147480667,0.0003790307673625648,0.0003784795570260368,0.00048614818390999676,2.349734859308228e-05,64.07688792794943,2.976767525076866,73.72955749183893
exponential,35,10000,7790,0.0003742004628293216,0.0003782598709221929,0.00037835407832330744,0.00048469399337602685,2.33643404499162e-05,64.15931206941605,2.976767525076866,73.81502073258162
exponential,35,10000,7800,0.0003793712821789086,0.0003781143022933975,0.00037820311414625004,0.00048324415268883014,2.305204361618962e-05,64.24140098690987,3.015053577721119,73.90009547024965
exponential,35,10000,7810,0.0003779574763029814,0.00037829134671483187,0.0003782640149786054,0.0004817986488369296,2.3208758648252115e-05,64.32367704063654,3.015053577721119,74.07746431976557
exponential,35,10000,7820,0.00037921208422631025,0.0003787722787819803,0.000378467586394115,0.0004803574688477685,2.299712286912836e-05,64.40638240426779,3.015053577721119,74.1632063165307
exponential,35,10000,7830,0.00037544616498053074,0.00037774340307805687,0.00037815884396965335,0.00047892059978759446,2.3141152269090526e-05,64.48842793703079,3.015053577721119,74.24824825674295
exponential,35,10000,7840,0.0003776513913180679,0.0003784235566854477,0.00037828724764163446,0.00047748802876134284,2.297221726621501e-05,64.5707958266139,3.015053577721119,74.33359497785568
exponential,35,10000,7850,0.0003800018166657537,0.0003759276878554374,0.00037738591698082064,0.0004760597429125218,2.2661923139821738e-05,64.65322610735893,3.015053577721119,74.41902961581945
exponential,35,10000,7860,0.0003777907695621252,0.0003781371575314552,0.00037762399911489596,0.0004746357294230964,2.36440228036372e-05,64.73513694107533,3.015053577721119,74.50391897559166
exponential,35,10000,7870,0.0003795030643232167,0.00037741085106972604,0.00037762032830633346,0.00047321597551337345,2.34313374676276e-05,64.81729201972485,3.015053577721119,74.58904002606869
exponential,35,10000,7880,0.00037628845893777907,0.00037792790099047127,0.0003777536166738606,0.00047180046844188704,2.324046363355592e-05,64.8993838056922,3.015053577721119,74.67410313338041
exponential,35,10000,7890,0.00037932535633444786,0.00037747039168607445,0.0003776847541408626,0.0004703891955052844,2.3163000150816515e-05,64.98145344108343,3.015053577721119,74.75919975340366
exponential,35,10000,7900,0.0003807283646892756,0.00037828477215953173,0.00037793937769138196,0.0004689821440382113,2.3031438104226254e-05,65.06356038153172,3.0531023293733597,74.84428039193153
exponential,35,10000,7910,0.0003758250968530774,0.0003782736661378294,0.0003780197665886418,0.00046757930141319906,2.2911872292752378e-05,65.14592460542917,3.0531023293733597,75.02130531519651
exponential,35,10000,7920,0.0003776236844714731,0.00037836993287783117,0.0003781725256466096,0.00046618065504055073,2.2969601559452713e-05,65.22846860438585,3.0531023293733597,75.10686154663563
exponential,35,10000,7930,0.0003751954936888069,0.0003777624049689621,0.0003779575243303959,0.0004647861923682283,2.291354030603543e-05,65.31024813652039,3.0531023293733597,75.1915777772665
exponential,35,10000,7940,0.00037422729656100273,0.0003782678308198228,0.000378024388428553,0.0004633959008817401,2.308348484802991e-05,65.39265736937523,3.0531023293733597,75.27697128802538
exponential,35,10000,7950,0.00037846091436222196,0.00037791700451634825,0.00037797942415671254,0.0004620097681040284,2.283214416820556e-05,65.47484423220158,3.0531023293733597,75.36219264566898
exponential,35,10000,7960,0.00037497631274163723,0.00037768915644846856,0.0003778320457506541,0.00046062778159535747,2.2671822080155835e-05,65.55726478993893,3.0531023293733597,75.44761842489243
exponential,35,10000,7970,0.00037829592474736273,0.00037713789788540453,0.0003775688487442616,0.0004592499289532019,2.292093267897144e-05,65.63968048244715,3.0531023293733597,75.53307906538248
exponential,35,10000,7980,0.00037475430872291327,0.00037748937029391527,0.00037753495299702386,0.0004578761978121354,2.3041164240567014e-05,65.72180578112602,3.0531023293733597,75.61819275468588
exponential,35,10000,7990,0.00038205209420993924,0.0003788637404795736,0.0003781009219350833,0.00045650657584371974,2.2680411348119378e-05,65.80456370860338,3.0531023293733597,75.7039961963892
exponential,35,10000,8000,0.00037773107760585845,0.0003783209598623216,0.00037818789021025544,0.00045514105075639404,2.2680644178763032e-05,65.88664848357439,3.091232769191265,75.78908824920654
exponential,35,10000,8010,0.00037855689879506826,0.0003770012583117932,0.00037770639180829404,0.0004537796102953646,2.27279251703294e-05,65.96896470338106,3.091232769191265,76.03037212789059
exponential,35,10000,8020,0.0003800488484557718,0.00037813749222550543,0.0003779388041806441,0.00045242224224249496,2.3231699742609635e-05,66.05139698088169,3.091232769191265,76.11584055423737
exponential,35,10000,8030,0.00037524974322877824,0.0003775974444579333,0.0003777351043856139,0.000451068934416196,2.3269223675015382e-05,66.13325580954552,3.091232769191265,76.20066425204277
exponential,35,10000,8040,0.00037681375397369266,0.00037725392612628637,0.0003775227043829241,0.0004497196746713167,2.2837610231363215e-05,66.21543091535568,3.091232769191265,76.28583504259586
exponential,35,10000,8050,0.00037845823680981994,0.00037853151734452696,0.0003779278646640107,0.0004483744508990355,2.2837861251900904e-05,66.29759842902422,3.091232769191265,76.37103717774153
exponential,35,10000,8060,0.00037905777571722865,0.00037797072727698835,0.0003779454588598333,0.0004470332510267512,2.301524546055589e-05,66.37985926866531,3.091232769191265,76.45626129209995
exponential,35,10000,8070,0.00037680630339309573,0.0003776377852773294,0.0003778019729903072,0.00044569606301797483,2.254077116958797e-05,66.46251391619444,3.091232769191265,76.54195522516966
exponential,35,10000,8080,0.0003778576501645148,0.0003778863785555586,0.00037775604664717373,0.00044436287487222145,2.284589754708577e-05,66.54478710889816,3.091232769191265,76.62729439139366
exponential,35,10000,8090,0.000374151422875002,0.0003768115391721949,0.0003774092869540982,0.0004430336746249025,2.2916678062756546e-05,66.62756960093975,3.091232769191265,76.71309466660023
exponential,35,10000,8100,0.00037847895873710513,0.00037712850025855004,0.0003773274810639288,0.00044170845034721874,2.2786651243222877e-05,66.70997481793165,3.129338286817074,76.79855258762836
exponential,35,10000,8110,0.0003788630128838122,0.0003788578440435231,0.00037792594046831454,0.00044038719014605275,2.3183423763839528e-05,66.7923527136445,3.129338286817074,76.9837144240737
exponential,35,10000,8120,0.0003791823983192444,0.0003771334537304938,0.00037758844606397573,0.0004390698821638625,2.3510880055255257e-05,66.87460102140903,3.129338286817074,77.0689659640193
exponential,35,10000,8130,0.00037709157913923264,0.00037728159804828465,0.00037745436603438325,0.00043775651457857466,2.2668453311780468e-05,66.95742002129555,3.129338286817074,77.154889754951
exponential,35,10000,8140,0.00037785101449117064,0.00037763638538308443,0.0003775382993291553,0.0004364470756034789,2.2940126655157655e-05,67.03953531384468,3.129338286817074,77.24002516269684
exponential,35,10000,8150,0.000376906362362206,0.000376961549045518,0.0003773563520920209,0.0004351415534871216,2.291171949764248e-05,67.12219285964966,3.129338286817074,77.32567844539881
exponential,35,10000,8160,0.00037774918018840253,0.0003768487978959456,0.0003771694391243815,0.00043383993651320107,2.2827292923466302e-05,67.20460873097181,3.129338286817074,77.41114929318428
exponential,35,10000,8170,0.0003797271056100726,0.00037849551008548585,0.0003776897551605771,0.0004325422130004616,2.3000608052825555e-05,67.28668136149645,3.129338286817074,77.49627717584372
exponential,35,10000,8180,0.0003777075035031885,0.00037783632287755606,0.00037779352135649223,0.00043124837130258933,2.325160676264204e-05,67.3694394081831,3.129338286817074,77.58205258846283
exponential,35,10000,8190,0.0003721942484844476,0.00037772252107970417,0.0003776873696364225,0.0004299583998081072,2.2929454644327052e-05,67.45159016549587,3.129338286817074,77.66725388914347
exponential,35,10000,8200,0.0003742805274669081,0.00037715680955443533,0.0003773806628640501,0.00042867228694027124,2.2760827050660737e-05,67.53413631767035,3.16740183532238,77.7528775408864
exponential,35,10000,8210,0.00037688884185627103,0.0003783085907343775,0.0003777507162857534,0.0004273900211569661,2.2798809368396178e-05,67.61633826047182,3.16740183532238,77.9302881360054
exponential,35,10000,8220,0.00038276929990388453,0.0003787608671700582,0.0003781995751958525,0.00042611159095060183,2.2815500415163115e-05,67.6985784471035,3.16740183532238,78.01562087237835
exponential,35,10000,8230,0.00037541944766417146,0.00037795644311700016,0.00037810848502846004,0.00042483698484801087,2.2857364456285723e-05,67.78069090098143,3.16740183532238,78.10076852887869
exponential,35,10000,8240,0.00037384033203125,0.0003766243433346972,0.00037749714750217103,0.0004235661914103444,2.2802749299444258e-05,67.86341982334852,3.16740183532238,78.18654379993677
exponential,35,10000,8250,0.0003793574869632721,0.0003787615773035213,0.00037796936082371604,0.00042229919923297024,2.238229353679344e-05,67.94584836810827,3.16740183532238,78.27198272943497
exponential,35,10000,8260,0.000376756361220032,0.0003768407681491226,0.00037752575659194483,0.00042103599694537033,2.2679998437524773e-05,68.02817197144032,3.16740183532238,78.35732236504555
exponential,35,10000,8270,0.00037598947528749704,0.0003781462408369407,0.00037774351610608776,0.0004197765732110386,2.2576759874937125e-05,68.11061675846577,3.16740183532238,78.44283287227154
exponential,35,10000,8280,0.0003765992005355656,0.0003772240830585361,0.0003774785060514318,0.0004185209167273792,2.2684309442411177e-05,68.19283808022738,3.16740183532238,78.5280444920063
exponential,35,10000,8290,0.0003778742684517056,0.00037826622719876467,0.00037779311312621843,0.00041726901622560545,2.276263512612786e-05,68.27564389258623,3.16740183532238,78.61392826586962
exponential,35,10000,8300,0.0003789335605688393,0.0003768130874959752,0.0003774152757537797,0.0004160208604706381,2.272965866723098e-05,68.35778210312128,3.2054422795772552,78.69909532368183
exponential,35,10000,8310,0.000378572556655854,0.0003774339536903426,0.0003774079275263109,0.000414776438261005,2.2605410777032375e-05,68.4400470033288,3.2054422795772552,78.87645256519318
exponential,35,10000,8320,0.00037667929427698255,0.0003763009561225772,0.0003769703632847932,0.0004135357384287404,2.2580894437851384e-05,68.52215791493654,3.2054422795772552,78.96158787608147
exponential,35,10000,8330,0.00037647620774805546,0.0003774098469875753,0.0003771190816561286,0.0004122987498392846,2.284662150486838e-05,68.60432504117489,3.2054422795772552,79.04680670797825
exponential,35,10000,8340,0.0003771645715460181,0.00037768949696328493,0.0003773792562342245,0.00041106546139138436,2.2746740796719678e-05,68.68644258379936,3.2054422795772552,79.1319343149662
exponential,35,10000,8350,0.00037728133611381054,0.0003769067203393206,0.00037720258105253365,0.00040983586201699294,2.2887155864736997e-05,68.76869965344667,3.2054422795772552,79.21716723591089
exponential,35,10000,8360,0.00037678980152122676,0.0003772345604375005,0.0003771898788530287,0.0004086099406811707,2.2621503376285546e-05,68.85146057605743,3.2054422795772552,79.30298681557178
exponential,35,10000,8370,0.0003755916841328144,0.00037745487643405797,0.0003773028222795752,0.00040738768638198656,2.2917964088264853e-05,68.93352250754833,3.2054422795772552,79.38804642856121
exponential,35,10000,8380,0.0003737603547051549,0.0003777087666094303,0.00037742516602450445,0.00040616908815041883,2.2916989109944552e-05,69.0162434130907,3.2054422795772552,79.47377511113882
exponential,35,10000,8390,0.000379996927222237,0.0003775527118705213,0.00037753939991904724,0.00040495413505025696,2.2652555344393477e-05,69.0985171943903,3.2054422795772552,79.5590807273984
exponential,35,10000,8400,0.00037715653888881207,0.0003775602934183553,0.00037751598988901666,0.00040374281617800334,2.2646407160209492e-05,69.18090049922466,3.2436654791235924,79.6444623619318
exponential,35,10000,8410,0.00037650702870450914,0.0003774345386773348,0.00037743254482371417,0.00040253512066277527,2.2729102056473494e-05,69.26347486674786,3.2436654791235924,79.82243656367064
exponential,35,10000,8420,0.0003786287270486355,0.000377956178272143,0.00037768848398830456,0.0004013310376662078,2.2735775928595103e-05,69.34614019840956,3.2436654791235924,79.90816587209702
exponential,35,10000,8430,0.0003783123684115708,0.00037727166782133283,0.0003775380408497967,0.0004001305563823561,2.2655318389297463e-05,69.42823644727468,3.2436654791235924,79.9932716563344
exponential,35,10000,8440,0.0003778238024096936,0.00037601196672767403,0.00037693372044392184,0.0003989336660375985,2.287092138431035e-05,69.51091288030148,3.2436654791235924,80.07899025082588
exponential,35,10000,8450,0.000382016267394647,0.00037806433974765243,0.00037744130674612867,0.0003977403558905402,2.274660801049322e-05,69.59331595152617,3.2436654791235924,80.16440256685019
exponential,35,10000,8460,0.0003803952713496983,0.0003773827775148675,0.00037748056449893135,0.0003965506152319165,2.247193879156839e-05,69.67571852356195,3.2436654791235924,80.24982293695211
exponential,35,10000,8470,0.0003761344123631716,0.00037743157881777736,0.0003774635022311771,0.00039536443338449663,2.2879963580635376e-05,69.75832626223564,3.2436654791235924,80.33548325300217
exponential,35,10000,8480,0.0003777457750402391,0.0003774805198190734,0.0003774862715685991,0.0003941817997029882,2.2466607333626598e-05,69.8404039889574,3.2436654791235924,80.42053906619549
exponential,35,10000,8490,0.00037899453309364617,0.0003778224519919604,0.0003776576727387018,0.00039300270357394166,2.2733438527211547e-05,69.92290750145912,3.2436654791235924,80.5060777887702
exponential,35,10000,8500,0.0003775279619731009,0.0003768021735595539,0.0003773229813970314,0.0003918271344156548,2.2714693841408007e-05,70.00521020591259,3.2816735729575157,80.59139966219664
exponential,35,10000,8510,0.00037632189923897386,0.0003762766340514645,0.0003768756375987576,0.0003906550816780778,2.3010334189166315e-05,70.08779522776604,3.2816735729575157,80.76917137205601
exponential,35,10000,8520,0.00037870436790399253,0.00037559501070063563,0.00037641975861537046,0.00038948653484271886,2.2374404579750262e-05,70.16984102129936,3.2816735729575157,80.85419707745314
exponential,35,10000,8530,0.0003742326807696372,0.0003766490903217345,0.0003765060538079699,0.00038832148342254967,2.2308426196104847e-05,70.2528238222003,3.2816735729575157,80.94025976210833
exponential,35,10000,8540,0.00037730333860963583,0.0003772965894313529,0.00037679741624016707,0.00038715991696191117,2.23545193875907e-05,70.33494532853365,3.2816735729575157,81.0253711566329
exponential,35,10000,8550,0.00037545693339779973,0.0003767400630749762,0.0003767940329831678,0.0003860018250364195,2.2727754185325466e-05,70.41724760830402,3.2816735729575157,81.11068999022245
exponential,35,10000,8560,0.0003779691469389945,0.0003780769620789215,0.000377250592337188,0.00038484719725287317,2.2632633772445843e-05,70.49989771097898,3.2816735729575157,81.19642271101475
exponential,35,10000,8570,0.0003794669173657894,0.00037852955283597113,0.00037770250228832025,0.00038369602324915916,2.2917343812878244e-05,70.58220631629229,3.2816735729575157,81.28172253072262
exponential,35,10000,8580,0.00037520111072808504,0.0003783002641284838,0.00037790100532494604,0.00038254829269416006,2.2500529667013325e-05,70.66486051678658,3.2816735729575157,81.36743273586035
exponential,35,10000,8590,0.00037704696296714246,0.00037636952474713327,0.0003772838875550804,0.0003814039952876615,2.2705868104822002e-05,70.74689722806215,3.2816735729575157,81.45244651287794
exponential,35,10000,8600,0.00038113564369268715,0.00037714069767389444,0.0003773123796616141,0.00038026312076025974,2.255904473713599e-05,70.8293516561389,3.319680169224739,81.53788769245148
exponential,35,10000,8610,0.0003757700906135142,0.0003773698233999312,0.0003773241984885889,0.00037912565887326895,2.248341843369417e-05,70.91171631962061,3.319680169224739,81.71544075757265
exponential,35,10000,8620,0.000380657467758283,0.0003787695342907682,0.0003779007797506761,0.00037799159941863023,2.224211311840918e-05,70.9941902756691,3.319680169224739,81.80095636099577
exponential,35,10000,8630,0.0003768974565900862,0.00037859419535379857,0.00037816749309857163,0.0003768609322188193,2.271316225233022e-05,71.07621540129185,3.319680169224739,81.88596267998219
exponential,35,10000,8640,0.0003750097821466625,0.00037650880985893307,0.0003775436929167645,0.0003757336471267554,2.272695564897731e-05,71.15882609039545,3.319680169224739,81.97160205990076
exponential,35,10000,8650,0.0003793078358285129,0.0003772983240196481,0.0003774504620800117,0.0003746097340257104,2.26755491894437e-05,71.24092996865511,3.319680169224739,82.05668354779482
exponential,35,10000,8660,0.00037755040102638304,0.0003775648074224591,0.0003774765269125641,0.0003734891828292176,2.2656207875115797e-05,71.32330941408873,3.319680169224739,82.14203385263681
exponential,35,10000,8670,0.00037846609484404325,0.0003769070084672421,0.00037720939780184625,0.0003723719834809816,2.2642603653366677e-05,71.40538359433413,3.319680169224739,82.22712032496929
exponential,35,10000,8680,0.0003776292724069208,0.0003775742021389306,0.0003773106575375669,0.00037125812595478774,2.2773303498979658e-05,71.48731366544962,3.319680169224739,82.31201047450304
exponential,35,10000,8690,0.0003812552895396948,0.0003784441447351128,0.0003777579549479916,0.00037014760025441245,2.2796501070843078e-05,71.56999612599611,3.319680169224739,82.39769914001226
exponential,35,10000,8700,0.00037557637551799417,0.00037773168878629804,0.0003777003405030808,0.00036904039641353324,2.2301772332866676e-05,71.65201433002949,3.357737571001053,82.48269630223513
exponential,35,10000,8710,0.00037359195994213223,0.0003765493514947593,0.00037719488305064733,0.00036793650449563935,2.2437068764702417e-05,71.73438443988562,3.357737571001053,82.66054950654507
exponential,35,10000,8720,0.00037208787398412824,0.0003768398455576971,0.0003770309428532296,0.0003668359145939427,2.2622414689976722e-05,71.81661033630371,3.357737571001053,82.7457569912076
exponential,35,10000,8730,0.00037537235766649246,0.00037752602947875856,0.00037717284026700593,0.0003657386168312889,2.2487878595711663e-05,71.89908590912819,3.357737571001053,82.83125334978104
exponential,35,10000,8740,0.00037830136716365814,0.0003774402430281043,0.0003772744671906445,0.00036464460136006847,2.2620994059252553e-05,71.98109571635723,3.357737571001053,82.91624788939953
exponential,35,10000,8750,0.0003784816071856767,0.0003780293744057417,0.00037755709269936694,0.00036355385836212863,2.2779318896937184e-05,72.06380892544985,3.357737571001053,83.00198347121477
exponential,35,10000,8760,0.00037730636540800333,0.00037722625420428814,0.0003774233763103304,0.00036246637804868517,2.272128767799586e-05,72.14608646184206,3.357737571001053,83.0872619971633
exponential,35,10000,8770,0.0003768514725379646,0.0003765444766031578,0.0003771049171342134,0.00036138215066023455,2.2355814508046024e-05,72.22874847054482,3.357737571001053,83.17296148091555
exponential,35,10000,8780,0.00037832726957276464,0.0003771847055759281,0.0003772060246843968,0.0003603011664664664,2.2958665795158595e-05,72.31094414740801,3.357737571001053,83.2581304833293
exponential,35,10000,8790,0.0003733694611582905,0.0003762573323911056,0.00037680572597617904,0.0003592234157661762,2.227023105660919e-05,72.39345618337393,3.357737571001053,83.34361775964499
exponential,35,10000,8800,0.0003770508919842541,0.000377577097970061,0.00037715523046232235,0.0003581488888871779,2.276376289955806e-05,72.47606549412012,3.3957698196172714,83.42921143770218
exponential,35,10000,8810,0.00037796166725456715,0.0003772633848711848,0.00037718701408726154,0.00035707757618621763,2.2340645955409855e-05,72.558325111866,3.3957698196172714,83.60692163556814
exponential,35,10000,8820,0.0003766898298636079,0.0003775193326873705,0.0003772716506648766,0.00035600946804888677,2.2657884983345866e-05,72.64041328430176,3.3957698196172714,83.69198912382126
exponential,35,10000,8830,0.0003777703386731446,0.00037743685825262217,0.00037729095298403854,0.00035494455488953574,2.260109977214597e-05,72.72249104082584,3.3957698196172714,83.77706354111433
exponential,35,10000,8840,0.0003765499568544328,0.0003755931335035712,0.0003765904889145623,0.0003538828271511882,2.2463998902821913e-05,72.80456845462322,3.3957698196172714,83.86210757493973
exponential,35,10000,8850,0.00037709908792749047,0.0003783862048294395,0.00037733108708141625,0.000352824275305455,2.2650916434940882e-05,72.886702850461,3.3957698196172714,83.94722456485033
exponential,35,10000,8860,0.0003763636923395097,0.0003769830887904391,0.00037722270673358417,0.00035176888985244897,2.2366419216268696e-05,72.96884977817535,3.3957698196172714,84.03243611007929
exponential,35,10000,8870,0.00038084067637100816,0.00037736482918262484,0.00037733428742045224,0.000350716661320699,2.2790005459683016e-05,73.05141642689705,3.3957698196172714,84.11804264783859
exponential,35,10000,8880,0.00037585129030048847,0.0003771746065467596,0.00037727922918728157,0.000349667580267066,2.2566960979020223e-05,73.13386878371239,3.3957698196172714,84.20348111540079
exponential,35,10000,8890,0.00037510436959564686,0.0003772557363845408,0.0003772844068144471,0.00034862163727665747,2.239286550320685e-05,73.21633142232895,3.3957698196172714,84.28900973498821
exponential,35,10000,8900,0.00037766239256598055,0.00037894404085818677,0.00037790358614384,0.0003475788229627431,2.255795698147267e-05,73.29857809841633,3.4339048862457275,84.37427040934563
exponential,35,10000,8910,0.00037616491317749023,0.00037692050682380795,0.0003774995767853471,0.00034653912796667093,2.1916679543210194e-05,73.38095677644014,3.4339048862457275,84.55236662179232
exponential,35,10000,8920,0.0003801445127464831,0.0003785086097195745,0.000377833997532383,0.0003455025429577827,2.2403701223083772e-05,73.46308267116547,3.4339048862457275,84.63754836469889
exponential,35,10000,8930,0.00037486961809918284,0.00037633493775501847,0.00037725951539635224,0.00034446905863333085,2.239215245936066e-05,73.54548663645983,3.4339048862457275,84.72295632958412
exponential,35,10000,8940,0.00037883216282352805,0.00037703123525716363,0.00037720269535828667,0.0003434386657183944,2.2348165657604113e-05,73.62781003117561,3.4339048862457275,84.8083623200655
exponential,35,10000,8950,0.00037537538446485996,0.000377038840088062,0.0003770919488391241,0.00034241135496579605,2.2197316866368055e-05,73.71000216901302,3.4339048862457275,84.8935996517539
exponential,35,10000,8960,0.00037584203528240323,0.00037751868658233436,0.00037732245915942736,0.000341387117156019,2.1984647901263088e-05,73.79239714890718,3.4339048862457275,84.97900145500898
exponential,35,10000,8970,0.00037926409277133644,0.0003770669107325375,0.00037724360237696735,0.00034036594309712467,2.2140138753456995e-05,73.87447924166918,3.4339048862457275,85.06406451761723
exponential,35,10000,8980,0.00037857663119211793,0.00037705896538682283,0.00037717406826741335,0.0003393478236246692,2.2978078050073236e-05,73.9570980668068,3.4339048862457275,85.14972809702158
exponential,35,10000,8990,0.00037740194238722324,0.00037786037719342855,0.00037748532002969556,0.00033833274960162274,2.2301044737105258e-05,74.03929941356182,3.4339048862457275,85.23495335131884
exponential,35,10000,9000,0.00037714431528002024,0.00037698187807109205,0.00037731856631991465,0.00033732071191828594,2.2526839529746212e-05,74.12146209180355,3.4723043963313103,85.32012988626957
exponential,35,10000,9010,0.0003767366870306432,0.00037700471002608536,0.00037712760490017026,0.000336311701492209,2.260393011965789e-05,74.20356023311615,3.4723043963313103,85.56145282834768
exponential,35,10000,9020,0.00037563705700449646,0.00037715179787483065,0.000377092424139013,0.00033530570926811016,2.2471635020338e-05,74.2853743582964,3.4723043963313103,85.64628782868385
exponential,35,10000,9030,0.00037604995304718614,0.0003770866635022685,0.00037708513343539705,0.00033430272621779393,2.2316509785014205e-05,74.367551214993,3.4723043963313103,85.73144385963678
exponential,35,10000,9040,0.0003776769735850394,0.0003763698972761631,0.0003768557913087243,0.0003333027433400707,2.242483060399536e-05,74.44996163994074,3.4723043963313103,85.81685198098421
exponential,35,10000,9050,0.0003768955357372761,0.0003767396527109668,0.0003768408807082157,0.0003323057516606756,2.2231719412957318e-05,74.53197842091322,3.4723043963313103,85.90183629095554
exponential,35,10000,9060,0.00037524651270359755,0.000376875713118352,0.00037684132877266376,0.00033131174223218797,2.2345064280671068e-05,74.61458382755518,3.4723043963313103,85.98744776844978
exponential,35,10000,9070,0.00037796865217387676,0.0003774218348553404,0.0003770916462237503,0.00033032070613395106,2.2170373995322734e-05,74.69682935625315,3.4723043963313103,86.07269311696291
exponential,35,10000,9080,0.00037501798942685127,0.0003770027804421261,0.0003770559205314016,0.00032933263447199225,2.2167429051478393e-05,74.77905262261629,3.4723043963313103,86.15789287537336
exponential,35,10000,9090,0.00038096861680969596,0.0003760568768484518,0.00037671494305308246,0.00032834751837894274,2.2476066078525037e-05,74.8614646345377,3.4723043963313103,86.24329079687595
exponential,35,10000,9100,0.0003769122122321278,0.00037745604931842535,0.00037702290356970525,0.0003273653490139584,2.205319469794631e-05,74.94351939857006,3.5103475004434586,86.32830421626568
exponential,35,10000,9110,0.0003752025659196079,0.0003782707673963159,0.0003774928332573904,0.0003263861175626403,2.2160233129397966e-05,75.02571164816618,3.5103475004434586,86.51416336745024
exponential,35,10000,9120,0.0003770361072383821,0.00037745152658317236,0.0003774803106827145,0.00032540981523695555,2.2024367353878915e-05,75.10786552727222,3.5103475004434586,86.59931992739439
exponential,35,10000,9130,0.0003753339988179505,0.0003764373861486092,0.0003770549146300453,0.0003244364332751585,2.2425996576203033e-05,75.18997353315353,3.5103475004434586,86.68443389236927
exponential,35,10000,9140,0.00037488166708499193,0.000376350965234451,0.00037679520851185473,0.00032346596294171177,2.1872485376661643e-05,75.27218432724476,3.5103475004434586,86.7696403414011
exponential,35,10000,9150,0.0003760745166800916,0.0003768922848394141,0.00037678883556623824,0.00032249839552720853,2.2230862668948248e-05,75.35487558692694,3.5103475004434586,86.85533848404884
exponential,35,10000,9160,0.0003780944680329412,0.00037618341448251156,0.0003765491207160746,0.00032153372234829374,2.223000774392858e-05,75.43688946217299,3.5103475004434586,86.94033434987068
exponential,35,10000,9170,0.000377759977709502,0.0003769832954276353,0.0003767189820919073,0.0003205719347475865,2.1910622308496386e-05,75.51955985277891,3.5103475004434586,87.02598065137863
exponential,35,10000,9180,0.00037700950633734465,0.00037631028972100465,0.0003765252557991622,0.00031961302409360233,2.2262023776420392e-05,75.60171790421009,3.5103475004434586,87.1111094802618
exponential,35,10000,9190,0.0003768999595195055,0.000376295208116062,0.00037649010182685966,0.0003186569817806757,2.2224890926736407e-05,75.683713324368,3.5103475004434586,87.19605737179518
exponential,35,10000,9200,0.00037239634548313916,0.00037562364886980506,0.00037613478107348825,0.00031770379922888275,2.2348936909111217e-05,75.76575312018394,3.54834146797657,87.28104838728905
exponential,35,10000,9210,0.0003760761464945972,0.0003770727576920763,0.00037650471238674296,0.0003167534678839642,2.2476480808109045e-05,75.84794323891401,3.54834146797657,87.45902026444674
exponential,35,10000,9220,0.0003812004579231143,0.0003774653741857037,0.00037684306161447114,0.00031580597921724885,2.2313261069939472e-05,75.93006014823914,3.54834146797657,87.5441217571497
exponential,35,10000,9230,0.00038237404078245163,0.0003789598151342943,0.00037770924457451586,0.0003148613247255767,2.30646001000423e-05,76.01221442967653,3.54834146797657,87.62921991199255
exponential,35,10000,9240,0.0003780755214393139,0.0003769996052142233,0.0003774134749672403,0.0003139194959312232,2.2254624127526768e-05,76.09491588175297,3.54834146797657,87.71490665525198
exponential,35,10000,9250,0.0003805491141974926,0.00037753529322799296,0.00037749717614479793,0.00031298048438182217,2.2242951672524214e-05,76.17692245543003,3.54834146797657,87.79989267140627
exponential,35,10000,9260,0.00037818076089024544,0.0003774764045374468,0.00037744518262077876,0.0003120442816502913,2.2480429834104143e-05,76.25950423628092,3.54834146797657,87.88547826558352
exponential,35,10000,9270,0.00037694128695875406,0.0003781098610488698,0.00037767000769908506,0.0003111108793347552,2.172170570702292e-05,76.34181999415159,3.54834146797657,87.97079382836819
exponential,35,10000,9280,0.0003774639335460961,0.00037778804544359447,0.0003776907724021882,0.0003101802690584709,2.2144144168123603e-05,76.42410203069448,3.54834146797657,88.05603718012571
exponential,35,10000,9290,0.00037738014361821115,0.00037776778335683046,0.0003777250675819333,0.00030925244246975207,2.2184685803949833e-05,76.5067274197936,3.54834146797657,88.1416779756546
exponential,35,10000,9300,0.000375273113604635,0.0003768732713069767,0.00037731359640139463,0.00030832739124189473,2.221709473815281e-05,76.58879864960909,3.586432561278343,88.22671646624804
exponential,35,10000,9310,0.00037636375054717064,0.0003756323683774099,0.0003766500945269572,0.000307405107073102,2.2124364477349445e-05,76.67132500559092,3.586432561278343,88.40538027137518
exponential,35,10000,9320,0.00037915093707852066,0.00037756671372335404,0.00037703050095867806,0.00030648558168640944,2.2335254470817745e-05,76.75374349206686,3.586432561278343,88.49081022292376
exponential,35,10000,9330,0.0003765547589864582,0.00037635085463989527,0.0003767531644721623,0.0003055688068296116,2.2644459022558294e-05,76.83641330897808,3.586432561278343,88.57649700343609
exponential,35,10000,9340,0.00037808934575878084,0.0003771907417103648,0.00037697261479627736,0.0003046547742751871,2.196992682002019e-05,76.9188502728939,3.586432561278343,88.66194912791252
exponential,35,10000,9350,0.00037318654358386993,0.00037708880263380705,0.000377045625535618,0.00030374347582022527,2.161306474590674e-05,77.00129129737616,3.586432561278343,88.74743814766407
exponential,35,10000,9360,0.00037722830893471837,0.00037630349979735913,0.0003767152097811041,0.00030283490328635216,2.2582371457247064e-05,77.08340828120708,3.586432561278343,88.83252430707216
exponential,35,10000,9370,0.00037632446037605405,0.0003773649223148823,0.0003769827793824269,0.0003019290485196578,2.2606143829762004e-05,77.16592723876238,3.586432561278343,88.91803445667028
exponential,35,10000,9380,0.00037973932921886444,0.00037778511468786744,0.00037731978483154457,0.00030102590339062214,2.1915393517701887e-05,77.24835236370564,3.586432561278343,89.0034842044115
exponential,35,10000,9390,0.0003785810258705169,0.0003768350841710344,0.00037717686097552173,0.000300125459794043,2.1800209651701152e-05,77.33053734153509,3.586432561278343,89.08864840120077
exponential,35,10000,9400,0.0003751521580852568,0.00037608414422720673,0.0003766585745516484,0.00029922770964896253,2.19596204260597e-05,77.41315257549286,3.624445177614689,89.17427064478397
exponential,35,10000,9410,0.000379979086574167,0.00037753912911284713,0.00037711225411640574,0.0002983326448985951,2.201023198722396e-05,77.49540961533785,3.624445177614689,89.35265024006367
exponential,35,10000,9420,0.00037824123864993453,0.00037591995496768507,0.00037670636747191307,0.000297440257510255,2.192799365730025e-05,77.57752175629139,3.624445177614689,89.43777570873499
exponential,35,10000,9430,0.0003757866215892136,0.00037727501185145227,0.00037691517836236857,0.0002965505394752843,2.1691887013730593e-05,77.65994946658611,3.624445177614689,89.52319817245007
exponential,35,10000,9440,0.0003763544955290854,0.0003765798290260136,0.00037674368694947617,0.00029566348280898094,2.191803287132643e-05,77.74274061620235,3.624445177614689,89.60905766487122
exponential,35,10000,9450,0.0003768507158383727,0.0003759851213544607,0.00037648044909125724,0.00029477907955052725,2.2000836906954646e-05,77.82498010993004,3.624445177614689,89.69428604841232
exponential,35,10000,9460,0.00037477834848687053,0.0003766251087654382,0.00037652079208217565,0.000293897321762918,2.2238529709284194e-05,77.90773060917854,3.624445177614689,89.78010478615761
exponential,35,10000,9470,0.0003768748720176518,0.0003757338650757447,0.0003762102330545087,0.0002930182015328898,2.1909872884862125e-05,77.98986712098122,3.624445177614689,89.86526098102331
exponential,35,10000,9480,0.00037479246384464204,0.0003767891583265737,0.0003764394561649672,0.00029214171097084984,2.187544851040002e-05,78.07241592556238,3.624445177614689,89.95083428919315
exponential,35,10000,9490,0.00037675676867365837,0.0003767234098631889,0.00037655429175836316,0.00029126784221080484,2.1936288248980418e-05,78.1547329351306,3.624445177614689,90.03617188334465
exponential,35,10000,9500,0.00037615516339428723,0.00037666050193365665,0.00037659380221957884,0.0002903965874102909,2.1727422790718265e-05,78.2366990223527,3.6628041192889214,90.12113508582115
exponential,35,10000,9510,0.00037802240694873035,0.0003761997330002487,0.00037651666463339706,0.00028952793875030246,2.1913992895861156e-05,78.31889103353024,3.6628041192889214,90.29995266348124
exponential,35,10000,9520,0.0003794827498495579,0.00037647636781912297,0.00037653580684836064,0.0002886618884352232,2.1953737814328633e-05,78.40152841806412,3.6628041192889214,90.38558698445559
exponential,35,10000,9530,0.00037718075327575207,0.00037627205310855063,0.00037647587618134344,0.00028779842869275493,2.223337651230395e-05,78.48363071680069,3.6628041192889214,90.47067608684301
exponential,35,10000,9540,0.0003763017593882978,0.00037584675301332026,0.0003762490641414699,0.0002869375517738484,2.1776340872747824e-05,78.56602030992508,3.6628041192889214,90.5560380294919
exponential,35,10000,9550,0.0003790913033299148,0.00037631852028425784,0.0003763099430841308,0.0002860792499526342,2.190666964452248e-05,78.64837286621332,3.6628041192889214,90.64134878665209
exponential,35,10000,9560,0.00038018362829461694,0.00037775341188535095,0.0003768784570587545,0.0002852235155263521,2.188556027249433e-05,78.73040053993464,3.6628041192889214,90.72632426023483
exponential,35,10000,9570,0.00037796839023940265,0.00037766067252960057,0.0003771757242343693,0.00028437034081528327,2.1813668354297988e-05,78.81237851828337,3.6628041192889214,90.81123917549849
exponential,35,10000,9580,0.00037686011637561023,0.00037680223758798095,0.0003770865697997831,0.00028351971816268083,2.250490251753945e-05,78.8944104090333,3.6628041192889214,90.89620441943407
exponential,35,10000,9590,0.00037854077527299523,0.000376899991533719,0.0003770431780183946,0.0002826716399347011,2.2019288735464215e-05,78.9763930439949,3.6628041192889214,90.98111232370138
exponential,35,10000,9600,0.0003762086562346667,0.0003762826177990064,0.0003767580365423896,0.00028182609852033506,2.1903384549659677e-05,79.05849528312683,3.7007824033498764,91.06618368625641
exponential,35,10000,9610,0.0003743944689631462,0.00037789577909279614,0.0003771399924951463,0.0002809830863313401,2.2061682102503255e-05,79.14071473479271,3.7007824033498764,91.24451084434986
exponential,35,10000,9620,0.00037397327832877636,0.00037704097630921753,0.0003770954037072423,0.0002801425958021719,2.1672009097528644e-05,79.22274212539196,3.7007824033498764,91.32951138913631
exponential,35,10000,9630,0.0003769043833017349,0.00037646970886271445,0.00037681247840530877,0.00027930461938991676,2.186605524912011e-05,79.3051518201828,3.7007824033498764,91.4149852246046
exponential,35,10000,9640,0.00037741544656455517,0.0003763560234801844,0.00037661115593045524,0.0002784691495742236,2.2250220354180783e-05,79.3878159224987,3.7007824033498764,91.50069301575422
exponential,35,10000,9650,0.00037615158362314105,0.0003767350513953716,0.00037664934465326915,0.0002776361788572366,2.177804708480835e-05,79.46985685825348,3.7007824033498764,91.58568684011698
exponential,35,10000,9660,0.00037458923179656267,0.0003764477150980383,0.00037655627734486523,0.0002768056997635278,2.201757706643548e-05,79.55256930738688,3.7007824033498764,91.67139400541782
exponential,35,10000,9670,0.0003783681313507259,0.0003752821299713105,0.0003760714730255057,0.00027597770484003026,2.1904450477450155e-05,79.63477937877178,3.7007824033498764,91.75657546520233
exponential,35,10000,9680,0.0003734655329026282,0.0003761148022022098,0.00037608265867323094,0.000275152186655971,2.1639738406520337e-05,79.71683664619923,3.7007824033498764,91.84158590435982
exponential,35,10000,9690,0.00037342944415286183,0.00037590567953884604,0.0003759486558753082,0.00027432913780280424,2.1573043341049924e-05,79.79950363188982,3.7007824033498764,91.92727095633745
exponential,35,10000,9700,0.000373055983800441,0.00037717739469371735,0.00037639632075494526,0.0002735085508941451,2.1707646737922914e-05,79.88179016113281,3.7391087412834167,92.01259521394968
exponential,35,10000,9710,0.0003772033378481865,0.0003775551333092153,0.00037688136062099213,0.0002726904185657032,2.197843605244998e-05,79.96428533643484,3.7391087412834167,92.19259391725063
exponential,35,10000,9720,0.00037603219971060753,0.00037646645796485245,0.00037675471657125506,0.00027187473347521667,2.2004303900757805e-05,80.04679521173239,3.7391087412834167,92.27815333008766
exponential,35,10000,9730,0.0003735175996553153,0.00037517256278079,0.0003760918330640222,0.00027106148830238595,2.185911944252439e-05,80.12904244661331,3.7391087412834167,92.36344867944717
exponential,35,10000,9740,0.00037434231489896774,0.00037702821136917917,0.0003764356127243811,0.00027025067574880845,2.169663093809504e-05,80.21155378222466,3.7391087412834167,92.44897580891848
exponential,35,10000,9750,0.00037650461308658123,0.0003764330642297864,0.0003764864656587535,0.0002694422885379131,2.1852976715308614e-05,80.29437926411629,3.7391087412834167,92.53487038612366
exponential,35,10000,9760,0.0003753654891625047,0.00037611353618558494,0.00037629873281020575,0.0002686363194148946,2.1538326109293848e-05,80.37667064368725,3.7391087412834167,92.62021580338478
exponential,35,10000,9770,0.00037991144927218556,0.0003772554366150871,0.0003766981950840394,0.00026783276114664866,2.1953092073090374e-05,80.45941442996264,3.7391087412834167,92.70599687099457
exponential,35,10000,9780,0.0003781267732847482,0.00037646068667527286,0.00037663231855971605,0.00026703160652170703,2.2100586647866294e-05,80.54164067655802,3.7391087412834167,92.79125702381134
exponential,35,10000,9790,0.0003768505994230509,0.00037667504511773586,0.00037665775336025663,0.0002662328483501729,2.1822925191372633e-05,80.6242356300354,3.7391087412834167,92.87687051296234
exponential,35,10000,9800,0.0003783335560001433,0.0003771389805478975,0.00037684035655509884,0.0002654364794636559,2.1803216441185214e-05,80.70671661198139,3.7771387174725533,92.96239753067493
exponential,35,10000,9810,0.0003764442808460444,0.0003774608194362372,0.00037706105112833674,0.0002646424927152085,2.1672600269084796e-05,80.78902727365494,3.7771387174725533,93.14135941118002
exponential,35,10000,9820,0.00037338375113904476,0.0003774766984861344,0.0003772703727951184,0.0002638508809792612,2.2044041543267667e-05,80.8713237196207,3.7771387174725533,93.22673421353102
exponential,35,10000,9830,0.00037422540481202304,0.00037619425274897366,0.00037687227245541337,0.0002630616371515589,2.173014945583418e-05,80.95405782014132,3.7771387174725533,93.31260441243649
exponential,35,10000,9840,0.00037419487489387393,0.0003765502420719713,0.000376714064013952,0.0002622747541490972,2.1997551812091842e-05,81.03643403947353,3.7771387174725533,93.397983700037
exponential,35,10000,9850,0.0003787146997638047,0.00037632856401614845,0.00037657161896578273,0.0002614902249100586,2.1713110982091166e-05,81.11886963248253,3.7771387174725533,93.48347264528275
exponential,35,10000,9860,0.00037814376992173493,0.00037808040506206455,0.00037716392926528415,0.00026070804239374944,2.1992669644532725e-05,81.20153155177832,3.7771387174725533,93.56926506012678
exponential,35,10000,9870,0.00037893117405474186,0.00037707658193539826,0.00037710981857220447,0.0002599281995805364,2.183172728109639e-05,81.28368832916021,3.7771387174725533,93.6544613391161
exponential,35,10000,9880,0.00037560216151177883,0.0003757971076993272,0.00037654098953232226,0.0002591506894717835,2.19890662265243e-05,81.36625815927982,3.7771387174725533,93.74006775766611
exponential,35,10000,9890,0.00037487130612134933,0.0003777056350372732,0.0003770290511032565,0.0002583755050897898,2.148595012840815e-05,81.44860180467367,3.7771387174725533,93.82548747956753
exponential,35,10000,9900,0.0003796162491198629,0.00037659864174202087,0.00037687561456201243,0.00025760263947772615,2.193924410676118e-05,81.53078616410494,3.8153340071439743,93.91064759343863
exponential,35,10000,9910,0.0003734509227797389,0.00037587668921332804,0.0003764210017776217,0.00025683208569957295,2.153923560399562e-05,81.61320620775223,3.8153340071439743,94.0895796790719
exponential,35,10000,9920,0.0003781559644266963,0.0003766829613596201,0.00037657248196208974,0.00025606383684005814,2.1734947949880734e-05,81.69560607522726,3.8153340071439743,94.17494254559278
exponential,35,10000,9930,0.00037447683280333877,0.000375425347010605,0.0003760996477106548,0.0002552978860045949,2.165091791539453e-05,81.77753281593323,3.8153340071439743,94.25980578362942
exponential,35,10000,9940,0.0003785731387324631,0.0003770120965782553,0.0003764556139659683,0.00025453422631921977,2.1231298887869343e-05,81.8594429269433,3.8153340071439743,94.34463377296925
exponential,35,10000,9950,0.0003736047656275332,0.0003755277371965349,0.00037608518937579344,0.0002537728509305312,2.1433474103105254e-05,81.94134674966335,3.8153340071439743,94.42944160103798
exponential,35,10000,9960,0.0003757871163543314,0.000376383145339787,0.00037626000817453094,0.0002530137530056276,2.2019323296262883e-05,82.02327160537243,3.8153340071439743,94.51427347958088
exponential,35,10000,9970,0.0003753084456548095,0.00037582437216769903,0.0003760817584491784,0.0002522569257320466,2.1676663891412318e-05,82.10521718859673,3.8153340071439743,94.59912252426147
exponential,35,10000,9980,0.0003783404245041311,0.0003777309029828757,0.0003767503223022122,0.00025150236231770337,2.1977371943648905e-05,82.18719139695168,3.8153340071439743,94.68402183800936
exponential,35,10000,9990,0.0003773636999540031,0.0003760795603739098,0.000376436567359941,0.00025075005599083013,2.1869094780413434e-05,82.26910728216171,3.8153340071439743,94.76887417584658
exponential,35,10000,10000,0.0003755746583919972,0.0003759018320124596,0.00037624082061375535,0.00024999999999991484,2.199258051405195e-05,82.35168151557446,3.853261813521385,94.85441356152296
