bit_width,seed,condition,layer,head,wikitext_validation_normalized_key_mse,relative_change_vs_random
2,17,random_initialization,0,0,0.0007695505119045265,0.0
2,17,random_initialization,0,1,0.000901161980436882,0.0
2,17,random_initialization,0,2,0.0007998487672011834,0.0
2,17,random_initialization,0,3,0.0008261432485596742,0.0
2,17,random_initialization,0,4,0.0008104790176730603,0.0
2,17,random_initialization,0,5,0.0008778791125223506,0.0
2,17,random_initialization,0,6,0.0009528639893687796,0.0
2,17,random_initialization,0,7,0.0009389084079884924,0.0
2,17,random_initialization,1,0,0.0008847351200529374,0.0
2,17,random_initialization,1,1,0.0009533596166875213,0.0
2,17,random_initialization,1,2,0.0008824410106171854,0.0
2,17,random_initialization,1,3,0.000874943860253552,0.0
2,17,random_initialization,1,4,0.0009298268851125613,0.0
2,17,random_initialization,1,5,0.0008269600475614425,0.0
2,17,random_initialization,1,6,0.0008129363850457594,0.0
2,17,random_initialization,1,7,0.0008327343857672531,0.0
2,17,random_initialization,2,0,0.0009078300936380401,0.0
2,17,random_initialization,2,1,0.0009567917586537078,0.0
2,17,random_initialization,2,2,0.0009913459361996502,0.0
2,17,random_initialization,2,3,0.0009029401844600216,0.0
2,17,random_initialization,2,4,0.0009077280046767555,0.0
2,17,random_initialization,2,5,0.0009258778845833149,0.0
2,17,random_initialization,2,6,0.0008895535065676086,0.0
2,17,random_initialization,2,7,0.000892905991349835,0.0
2,17,random_initialization,3,0,0.0008813051099423319,0.0
2,17,random_initialization,3,1,0.0008246546785812825,0.0
2,17,random_initialization,3,2,0.0009578081517247483,0.0
2,17,random_initialization,3,3,0.0009290520720242057,0.0
2,17,random_initialization,3,4,0.0008683287051098887,0.0
2,17,random_initialization,3,5,0.0009010828471218701,0.0
2,17,random_initialization,3,6,0.0009231134899891913,0.0
2,17,random_initialization,3,7,0.000890082614205312,0.0
2,17,random_initialization,4,0,0.0008517272981407586,0.0
2,17,random_initialization,4,1,0.0011258809972787276,0.0
2,17,random_initialization,4,2,0.0008020502791623585,0.0
2,17,random_initialization,4,3,0.0010969052673317492,0.0
2,17,random_initialization,4,4,0.0008905013237381354,0.0
2,17,random_initialization,4,5,0.0008844998374115676,0.0
2,17,random_initialization,4,6,0.0008982041363196913,0.0
2,17,random_initialization,4,7,0.0008917264567571692,0.0
2,17,random_initialization,5,0,0.0008966831373982131,0.0
2,17,random_initialization,5,1,0.0009516928694210947,0.0
2,17,random_initialization,5,2,0.0008660467028676067,0.0
2,17,random_initialization,5,3,0.0009925867998390459,0.0
2,17,random_initialization,5,4,0.0008913068231777288,0.0
2,17,random_initialization,5,5,0.0008786551443336066,0.0
2,17,random_initialization,5,6,0.0008298582288261969,0.0
2,17,random_initialization,5,7,0.0010351488235755824,0.0
2,17,random_initialization,6,0,0.0009102621152123902,0.0
2,17,random_initialization,6,1,0.0010959533537970856,0.0
2,17,random_initialization,6,2,0.0011207583593204618,0.0
2,17,random_initialization,6,3,0.000818194621388102,0.0
2,17,random_initialization,6,4,0.0008968047113739885,0.0
2,17,random_initialization,6,5,0.0008896120889403392,0.0
2,17,random_initialization,6,6,0.0008957268255471718,0.0
2,17,random_initialization,6,7,0.0009107370242418256,0.0
2,17,random_initialization,7,0,0.0009355028960271738,0.0
2,17,random_initialization,7,1,0.0008501265947415959,0.0
2,17,random_initialization,7,2,0.0008744423175812699,0.0
2,17,random_initialization,7,3,0.0009507319118711166,0.0
2,17,random_initialization,7,4,0.001075680491339881,0.0
2,17,random_initialization,7,5,0.0008962494284787681,0.0
2,17,random_initialization,7,6,0.0008756718743825331,0.0
2,17,random_initialization,7,7,0.0009023494167195167,0.0
2,17,random_initialization,8,0,0.0009442032751394436,0.0
2,17,random_initialization,8,1,0.0008828345344227273,0.0
2,17,random_initialization,8,2,0.0008606392293586396,0.0
2,17,random_initialization,8,3,0.0009248357819160447,0.0
2,17,random_initialization,8,4,0.0008488695311825722,0.0
2,17,random_initialization,8,5,0.001082527291146107,0.0
2,17,random_initialization,8,6,0.0010026352283603046,0.0
2,17,random_initialization,8,7,0.0008575383908464573,0.0
2,17,random_initialization,9,0,0.0008500411131535657,0.0
2,17,random_initialization,9,1,0.0009676146582933143,0.0
2,17,random_initialization,9,2,0.0007981516755535267,0.0
2,17,random_initialization,9,3,0.0009213921948685311,0.0
2,17,random_initialization,9,4,0.0008861055939632934,0.0
2,17,random_initialization,9,5,0.0008677395235281438,0.0
2,17,random_initialization,9,6,0.0008751710447540972,0.0
2,17,random_initialization,9,7,0.0009202997971442528,0.0
2,17,random_initialization,10,0,0.0008604432769061532,0.0
2,17,random_initialization,10,1,0.0008417365970672108,0.0
2,17,random_initialization,10,2,0.0008509667677571997,0.0
2,17,random_initialization,10,3,0.000979808177362429,0.0
2,17,random_initialization,10,4,0.0009358845054521225,0.0
2,17,random_initialization,10,5,0.0008943824395828415,0.0
2,17,random_initialization,10,6,0.0009875138784991577,0.0
2,17,random_initialization,10,7,0.000857241091580363,0.0
2,17,random_initialization,11,0,0.0009385955163452309,0.0
2,17,random_initialization,11,1,0.000885367513546953,0.0
2,17,random_initialization,11,2,0.0009369960389449261,0.0
2,17,random_initialization,11,3,0.0009098148620978463,0.0
2,17,random_initialization,11,4,0.000884011598827783,0.0
2,17,random_initialization,11,5,0.0009089964587474242,0.0
2,17,random_initialization,11,6,0.0008959787191997748,0.0
2,17,random_initialization,11,7,0.0008358568375115283,0.0
2,17,random_initialization,12,0,0.0009102373405767139,0.0
2,17,random_initialization,12,1,0.0009260065817215946,0.0
2,17,random_initialization,12,2,0.0009133405037573539,0.0
2,17,random_initialization,12,3,0.0009202254514093511,0.0
2,17,random_initialization,12,4,0.0008716881020518485,0.0
2,17,random_initialization,12,5,0.0009585441039234865,0.0
2,17,random_initialization,12,6,0.0009795455225685146,0.0
2,17,random_initialization,12,7,0.0008507929596817121,0.0
2,17,random_initialization,13,0,0.0009164386174234096,0.0
2,17,random_initialization,13,1,0.0008833567189867608,0.0
2,17,random_initialization,13,2,0.000868231069034664,0.0
2,17,random_initialization,13,3,0.0009151692829618696,0.0
2,17,random_initialization,13,4,0.0009248721980839036,0.0
2,17,random_initialization,13,5,0.0009305360908911098,0.0
2,17,random_initialization,13,6,0.0009219267885782756,0.0
2,17,random_initialization,13,7,0.0008384849134017713,0.0
2,17,random_initialization,14,0,0.0010016631713369861,0.0
2,17,random_initialization,14,1,0.0009069035695574712,0.0
2,17,random_initialization,14,2,0.0009320276803919114,0.0
2,17,random_initialization,14,3,0.0008884996022970881,0.0
2,17,random_initialization,14,4,0.0008943447937781457,0.0
2,17,random_initialization,14,5,0.0008533936015737709,0.0
2,17,random_initialization,14,6,0.0008432698959950358,0.0
2,17,random_initialization,14,7,0.0009177851607091725,0.0
2,17,random_initialization,15,0,0.0009224026325682644,0.0
2,17,random_initialization,15,1,0.0009854213494691066,0.0
2,17,random_initialization,15,2,0.0009025870931509417,0.0
2,17,random_initialization,15,3,0.0008128459667204879,0.0
2,17,random_initialization,15,4,0.0009180229062621947,0.0
2,17,random_initialization,15,5,0.0009435215397388674,0.0
2,17,random_initialization,15,6,0.0008780089337960817,0.0
2,17,random_initialization,15,7,0.0008446097126579843,0.0
2,17,random_initialization,16,0,0.0008542204304831102,0.0
2,17,random_initialization,16,1,0.0008904259375412948,0.0
2,17,random_initialization,16,2,0.0008441911777481437,0.0
2,17,random_initialization,16,3,0.0008974133161245845,0.0
2,17,random_initialization,16,4,0.000939194349484751,0.0
2,17,random_initialization,16,5,0.0008751321511226706,0.0
2,17,random_initialization,16,6,0.0009578949538990855,0.0
2,17,random_initialization,16,7,0.0008150609792210162,0.0
2,17,random_initialization,17,0,0.0008712528979231138,0.0
2,17,random_initialization,17,1,0.0009130680264206603,0.0
2,17,random_initialization,17,2,0.0010115007244166918,0.0
2,17,random_initialization,17,3,0.0008134218296618201,0.0
2,17,random_initialization,17,4,0.0008877170039340854,0.0
2,17,random_initialization,17,5,0.000866153794049751,0.0
2,17,random_initialization,17,6,0.0008844600888551213,0.0
2,17,random_initialization,17,7,0.0008586388430558145,0.0
2,17,random_initialization,18,0,0.0008789008134044707,0.0
2,17,random_initialization,18,1,0.0008900435532268602,0.0
2,17,random_initialization,18,2,0.0009062255339813419,0.0
2,17,random_initialization,18,3,0.0009297069809690583,0.0
2,17,random_initialization,18,4,0.0008579880486649927,0.0
2,17,random_initialization,18,5,0.0009187139658024535,0.0
2,17,random_initialization,18,6,0.0009100559072976466,0.0
2,17,random_initialization,18,7,0.0009672885862528346,0.0
2,17,random_initialization,19,0,0.0008764406375121325,0.0
2,17,random_initialization,19,1,0.0009558928686601575,0.0
2,17,random_initialization,19,2,0.0009589507862983737,0.0
2,17,random_initialization,19,3,0.0008537483954569325,0.0
2,17,random_initialization,19,4,0.0009183587608276866,0.0
2,17,random_initialization,19,5,0.0008498607385263313,0.0
2,17,random_initialization,19,6,0.0008048510753724258,0.0
2,17,random_initialization,19,7,0.0009049371437868103,0.0
2,17,random_initialization,20,0,0.0009644190358812921,0.0
2,17,random_initialization,20,1,0.0008971006282081362,0.0
2,17,random_initialization,20,2,0.0009410298844159115,0.0
2,17,random_initialization,20,3,0.0009625928869354539,0.0
2,17,random_initialization,20,4,0.0008546210046915803,0.0
2,17,random_initialization,20,5,0.0009702055795060005,0.0
2,17,random_initialization,20,6,0.0008730049994483124,0.0
2,17,random_initialization,20,7,0.0008735534647712484,0.0
2,17,random_initialization,21,0,0.0009390811901539564,0.0
2,17,random_initialization,21,1,0.0010203532729065046,0.0
2,17,random_initialization,21,2,0.000907839996216353,0.0
2,17,random_initialization,21,3,0.0009120591457758565,0.0
2,17,random_initialization,21,4,0.0009488766627328005,0.0
2,17,random_initialization,21,5,0.00085587869034498,0.0
2,17,random_initialization,21,6,0.0008674618438817561,0.0
2,17,random_initialization,21,7,0.0010325147668481804,0.0
2,17,random_initialization,22,0,0.0008717976706975605,0.0
2,17,random_initialization,22,1,0.0008605300317867659,0.0
2,17,random_initialization,22,2,0.0009138300665654242,0.0
2,17,random_initialization,22,3,0.0009254631331714336,0.0
2,17,random_initialization,22,4,0.0009187613541143946,0.0
2,17,random_initialization,22,5,0.00093556024148711,0.0
2,17,random_initialization,22,6,0.0009048974316101521,0.0
2,17,random_initialization,22,7,0.0009120289905695245,0.0
2,17,random_initialization,23,0,0.0009104066157306079,0.0
2,17,random_initialization,23,1,0.0009201537177432328,0.0
2,17,random_initialization,23,2,0.000956916541326791,0.0
2,17,random_initialization,23,3,0.000911743820324773,0.0
2,17,random_initialization,23,4,0.000857762002851814,0.0
2,17,random_initialization,23,5,0.0008363426713913213,0.0
2,17,random_initialization,23,6,0.000986578732408816,0.0
2,17,random_initialization,23,7,0.0009864377752819564,0.0
2,17,random_initialization,24,0,0.0008648485854791943,0.0
2,17,random_initialization,24,1,0.0008665252425998915,0.0
2,17,random_initialization,24,2,0.0008295516672660597,0.0
2,17,random_initialization,24,3,0.0009973986307159066,0.0
2,17,random_initialization,24,4,0.0009072810244106222,0.0
2,17,random_initialization,24,5,0.000846559094497934,0.0
2,17,random_initialization,24,6,0.000892843512701802,0.0
2,17,random_initialization,24,7,0.0008784445635683369,0.0
2,17,random_initialization,25,0,0.0009053600879269652,0.0
2,17,random_initialization,25,1,0.0010202179619227536,0.0
2,17,random_initialization,25,2,0.00081649544154061,0.0
2,17,random_initialization,25,3,0.0008851720012899023,0.0
2,17,random_initialization,25,4,0.0008856391214067116,0.0
2,17,random_initialization,25,5,0.0008462164041702636,0.0
2,17,random_initialization,25,6,0.0008561840731999837,0.0
2,17,random_initialization,25,7,0.0008512171261827461,0.0
2,17,random_initialization,26,0,0.000934664250962669,0.0
2,17,random_initialization,26,1,0.0010175892130064312,0.0
2,17,random_initialization,26,2,0.0008234107663156465,0.0
2,17,random_initialization,26,3,0.0008589311146351974,0.0
2,17,random_initialization,26,4,0.0010009973011619877,0.0
2,17,random_initialization,26,5,0.0009083039221877698,0.0
2,17,random_initialization,26,6,0.0009562275736243464,0.0
2,17,random_initialization,26,7,0.0008561672402720433,0.0
2,17,random_initialization,27,0,0.0010135482662008144,0.0
2,17,random_initialization,27,1,0.0008838200192258228,0.0
2,17,random_initialization,27,2,0.0009218536542903166,0.0
2,17,random_initialization,27,3,0.000891687763214577,0.0
2,17,random_initialization,27,4,0.0008332769139087759,0.0
2,17,random_initialization,27,5,0.0008994270319817588,0.0
2,17,random_initialization,27,6,0.0008831410777929705,0.0
2,17,random_initialization,27,7,0.0010891994752455503,0.0
2,17,random_initialization,28,0,0.000909520749701187,0.0
2,17,random_initialization,28,1,0.0009972891748475377,0.0
2,17,random_initialization,28,2,0.000880532508745091,0.0
2,17,random_initialization,28,3,0.0008733553659112658,0.0
2,17,random_initialization,28,4,0.0008610024815425277,0.0
2,17,random_initialization,28,5,0.0009012296868604608,0.0
2,17,random_initialization,28,6,0.0008476805669488385,0.0
2,17,random_initialization,28,7,0.000874738565471489,0.0
2,17,random_initialization,29,0,0.0008921327971620485,0.0
2,17,random_initialization,29,1,0.0008184955368051305,0.0
2,17,random_initialization,29,2,0.0008594564606028143,0.0
2,17,random_initialization,29,3,0.0008689224487170577,0.0
2,17,random_initialization,29,4,0.0009119282512983773,0.0
2,17,random_initialization,29,5,0.0009169160948658828,0.0
2,17,random_initialization,29,6,0.000851637902087532,0.0
2,17,random_initialization,29,7,0.0008989157249743585,0.0
2,17,random_initialization,30,0,0.0008951863637776114,0.0
2,17,random_initialization,30,1,0.0008017851614567917,0.0
2,17,random_initialization,30,2,0.0009459954198973719,0.0
2,17,random_initialization,30,3,0.0010713336087064818,0.0
2,17,random_initialization,30,4,0.0009865635911410209,0.0
2,17,random_initialization,30,5,0.0008561582762922626,0.0
2,17,random_initialization,30,6,0.0008768211664573755,0.0
2,17,random_initialization,30,7,0.0009052615387190599,0.0
2,17,random_initialization,31,0,0.0009907204221235588,0.0
2,17,random_initialization,31,1,0.0008857237226038706,0.0
2,17,random_initialization,31,2,0.0008967834073700942,0.0
2,17,random_initialization,31,3,0.0009932679968187585,0.0
2,17,random_initialization,31,4,0.0008864714036462829,0.0
2,17,random_initialization,31,5,0.0008815665314614307,0.0
2,17,random_initialization,31,6,0.0009459591819904745,0.0
2,17,random_initialization,31,7,0.0008415936317760497,0.0
2,17,existing_80_step,0,0,0.00025791248299356084,-0.6648530811119018
2,17,existing_80_step,0,1,0.00033037014509318396,-0.6333953803365949
2,17,existing_80_step,0,2,0.00037098704888194334,-0.5361785076195158
2,17,existing_80_step,0,3,0.00030575138771382626,-0.6299051184562926
2,17,existing_80_step,0,4,0.0002739699320954969,-0.6619654227667942
2,17,existing_80_step,0,5,0.00026393273583380505,-0.6993518446116516
2,17,existing_80_step,0,6,0.00036975608963984996,-0.6119529190259428
2,17,existing_80_step,0,7,0.00021934073993179481,-0.7663875005638642
2,17,existing_80_step,1,0,0.000340405169481528,-0.6152462338545348
2,17,existing_80_step,1,1,0.0003659660978883039,-0.6161300610153124
2,17,existing_80_step,1,2,0.0001712614011921687,-0.8059231165238033
2,17,existing_80_step,1,3,0.0003435096932662418,-0.6073923038139895
2,17,existing_80_step,1,4,0.00034949184555443935,-0.6241323507094213
2,17,existing_80_step,1,5,0.00042444048085599206,-0.4867460863344109
2,17,existing_80_step,1,6,0.0004149280157434987,-0.4895934991024632
2,17,existing_80_step,1,7,0.00038762742224207614,-0.5345125302050192
2,17,existing_80_step,2,0,0.000576742702833144,-0.3647019339027371
2,17,existing_80_step,2,1,0.00047550042836519424,-0.5030262080912297
2,17,existing_80_step,2,2,0.0006032446253811941,-0.39148928405986344
2,17,existing_80_step,2,3,0.0006527167897729669,-0.2771206764229835
2,17,existing_80_step,2,4,0.0006101530852902215,-0.32782388320442013
2,17,existing_80_step,2,5,0.0006611716380575672,-0.2858975799436844
2,17,existing_80_step,2,6,0.0006076937097532209,-0.3168553602828899
2,17,existing_80_step,2,7,0.0005486442532856017,-0.3855520529589028
2,17,existing_80_step,3,0,0.0005600852928182576,-0.3644819637379537
2,17,existing_80_step,3,1,0.0005924419092480093,-0.28158788807548735
2,17,existing_80_step,3,2,0.0005081834842712851,-0.4694308214477118
2,17,existing_80_step,3,3,0.0005813778006995562,-0.3742247413184727
2,17,existing_80_step,3,4,0.0004188492730463622,-0.5176374216566341
2,17,existing_80_step,3,5,0.0005495748300745618,-0.3900951151939611
2,17,existing_80_step,3,6,0.0006073113363527227,-0.3421054475546298
2,17,existing_80_step,3,7,0.0004967458644387079,-0.4419103839229406
2,17,existing_80_step,4,0,0.0005720852059312165,-0.32832350544590366
2,17,existing_80_step,4,1,0.0005768543014710303,-0.4876418530330502
2,17,existing_80_step,4,2,0.0005888031337235589,-0.2658775278546249
2,17,existing_80_step,4,3,0.0005011741741327569,-0.5431016797358662
2,17,existing_80_step,4,4,0.0006237035013327841,-0.29960407165414504
2,17,existing_80_step,4,5,0.0005388904537539929,-0.39073990637350314
2,17,existing_80_step,4,6,0.00048776176845422015,-0.4569588930498817
2,17,existing_80_step,4,7,0.000570406235055998,-0.3603349651300877
2,17,existing_80_step,5,0,0.0006279144836298656,-0.29973648723694973
2,17,existing_80_step,5,1,0.0006922264619788621,-0.2726367043183411
2,17,existing_80_step,5,2,0.0006393358089553658,-0.26177675310300025
2,17,existing_80_step,5,3,0.0005561188081628643,-0.4397277817385417
2,17,existing_80_step,5,4,0.0006413869523385074,-0.2803971251428272
2,17,existing_80_step,5,5,0.0006402863691619132,-0.2712882030099284
2,17,existing_80_step,5,6,0.00038362508348654956,-0.5377221431795973
2,17,existing_80_step,5,7,0.0005843377148266882,-0.43550366718450684
2,17,existing_80_step,6,0,0.0005840313169755973,-0.35839215187009504
2,17,existing_80_step,6,1,0.0005965652999293525,-0.455665427855604
2,17,existing_80_step,6,2,0.0005988488192087971,-0.46567534899147117
2,17,existing_80_step,6,3,0.0005617974966298789,-0.3133693598758135
2,17,existing_80_step,6,4,0.0005373909079935402,-0.4007715379079497
2,17,existing_80_step,6,5,0.0006107496337790508,-0.3134652267298382
2,17,existing_80_step,6,6,0.0006271228230616543,-0.29987267861653644
2,17,existing_80_step,6,7,0.0006484565310529433,-0.28798707662865325
2,17,existing_80_step,7,0,0.0005986699725326616,-0.36005545779168613
2,17,existing_80_step,7,1,0.0005792887313873507,-0.3185853319135004
2,17,existing_80_step,7,2,0.0006307732073764782,-0.27865658523799114
2,17,existing_80_step,7,3,0.000561250803002622,-0.40966449532756777
2,17,existing_80_step,7,4,0.0005754439189331606,-0.46504196779065826
2,17,existing_80_step,7,5,0.0006193520093802363,-0.3089512922407308
2,17,existing_80_step,7,6,0.0006680528131255414,-0.23709687079237432
2,17,existing_80_step,7,7,0.000594024113524938,-0.34169169667720584
2,17,existing_80_step,8,0,0.0006824107767897658,-0.2772628577368737
2,17,existing_80_step,8,1,0.0005487582384375855,-0.3784132620090461
2,17,existing_80_step,8,2,0.0006459393880504649,-0.24946555302640805
2,17,existing_80_step,8,3,0.0006754478272341657,-0.2696564725958214
2,17,existing_80_step,8,4,0.0005830043919559103,-0.3131990599972195
2,17,existing_80_step,8,5,0.0004517432753345929,-0.5826957167460254
2,17,existing_80_step,8,6,0.0006390233975253068,-0.3626561490659404
2,17,existing_80_step,8,7,0.0007341541204368696,-0.1438819203042302
2,17,existing_80_step,9,0,0.0007258973128045909,-0.14604446588284883
2,17,existing_80_step,9,1,0.000527873715327587,-0.4544587447045765
2,17,existing_80_step,9,2,0.0005212411269894801,-0.3469397572485282
2,17,existing_80_step,9,3,0.0006955120225029532,-0.245150950511153
2,17,existing_80_step,9,4,0.0006942344116396271,-0.21653308999606033
2,17,existing_80_step,9,5,0.0006792907988710795,-0.21717199637380843
2,17,existing_80_step,9,6,0.0006521322065964341,-0.25485171098220216
2,17,existing_80_step,9,7,0.0006839948728156742,-0.25676950604775467
2,17,existing_80_step,10,0,0.0006873467573313974,-0.20117133135974877
2,17,existing_80_step,10,1,0.0006301257308223285,-0.2513979634272521
2,17,existing_80_step,10,2,0.0005939958209637552,-0.3019753021269147
2,17,existing_80_step,10,3,0.0006712470822094474,-0.31491990195836617
2,17,existing_80_step,10,4,0.0007176235121733043,-0.2332135984806983
2,17,existing_80_step,10,5,0.0006806052988395095,-0.23902206850465677
2,17,existing_80_step,10,6,0.0006718049880873878,-0.3197007123500789
2,17,existing_80_step,10,7,0.0007023727011983283,-0.18065908401162592
2,17,existing_80_step,11,0,0.000683353835484013,-0.2719400172026134
2,17,existing_80_step,11,1,0.0007290272224054206,-0.17658236692602713
2,17,existing_80_step,11,2,0.0006615159181819763,-0.2940035062188152
2,17,existing_80_step,11,3,0.0007016846575425006,-0.22876105153463877
2,17,existing_80_step,11,4,0.0006268996366998181,-0.2908468197350584
2,17,existing_80_step,11,5,0.0006787242600694299,-0.2533257379190498
2,17,existing_80_step,11,6,0.0006934595730854198,-0.22603120115981193
2,17,existing_80_step,11,7,0.0006704993902530987,-0.19782986731402907
2,17,existing_80_step,12,0,0.0005765081004938111,-0.3666398039344953
2,17,existing_80_step,12,1,0.0006527283949253615,-0.2951147348090822
2,17,existing_80_step,12,2,0.0006526309007313102,-0.28544622947687215
2,17,existing_80_step,12,3,0.0006322548506432213,-0.3129348360503339
2,17,existing_80_step,12,4,0.0005684219649992883,-0.3479067069272924
2,17,existing_80_step,12,5,0.000549665328435367,-0.4265622977748318
2,17,existing_80_step,12,6,0.0006176496935950126,-0.3694527927855329
2,17,existing_80_step,12,7,0.0006297193212958518,-0.25984422634217086
2,17,existing_80_step,13,0,0.0007470901146007236,-0.1847897934493568
2,17,existing_80_step,13,1,0.000722794695320772,-0.18176351661213233
2,17,existing_80_step,13,2,0.0007284553539648186,-0.16098907313378438
2,17,existing_80_step,13,3,0.0007083595046424307,-0.22597980741892493
2,17,existing_80_step,13,4,0.000699643038387876,-0.24352462984901513
2,17,existing_80_step,13,5,0.0007176103099482134,-0.2288205508923272
2,17,existing_80_step,13,6,0.0006896357845107559,-0.2519625277683285
2,17,existing_80_step,13,7,0.0006241335286176763,-0.2556413137052898
2,17,existing_80_step,14,0,0.0007014869152044412,-0.29967784053783253
2,17,existing_80_step,14,1,0.0007114512409316376,-0.21551610908445945
2,17,existing_80_step,14,2,0.0005706005249521695,-0.38778585984459624
2,17,existing_80_step,14,3,0.0006951621326152235,-0.21759995072819205
2,17,existing_80_step,14,4,0.0006743161029589828,-0.24602221911490654
2,17,existing_80_step,14,5,0.0007029457119642757,-0.1762936695705819
2,17,existing_80_step,14,6,0.0006122809936641715,-0.27392048907224836
2,17,existing_80_step,14,7,0.0007482261935365386,-0.18474799379150525
2,17,existing_80_step,15,0,0.0006942668151168618,-0.2473278039289625
2,17,existing_80_step,15,1,0.0006228399797691964,-0.36794551883339055
2,17,existing_80_step,15,2,0.0006592276658921037,-0.26962431559847316
2,17,existing_80_step,15,3,0.000662947499222355,-0.18441189799208085
2,17,existing_80_step,15,4,0.0006865759678476024,-0.252114557094166
2,17,existing_80_step,15,5,0.0007156077517720405,-0.24155652877824624
2,17,existing_80_step,15,6,0.0006539054484164808,-0.2552405525199919
2,17,existing_80_step,15,7,0.0006475219561252743,-0.2333477268601085
2,17,existing_80_step,16,0,0.0006400958336598706,-0.2506666771036371
2,17,existing_80_step,16,1,0.0006383424515661318,-0.28310438335975846
2,17,existing_80_step,16,2,0.000677894913678756,-0.19698886751337336
2,17,existing_80_step,16,3,0.0005313106994435657,-0.4079531806615116
2,17,existing_80_step,16,4,0.0006754598507541232,-0.2808092902979181
2,17,existing_80_step,16,5,0.000635653137578629,-0.27364897202876615
2,17,existing_80_step,16,6,0.000718924817192601,-0.24947426200938108
2,17,existing_80_step,16,7,0.0005098098954476882,-0.3745131855840623
2,17,existing_80_step,17,0,0.0007012699607003015,-0.19510171802930745
2,17,existing_80_step,17,1,0.0006661180159426294,-0.2704617874377942
2,17,existing_80_step,17,2,0.0006259932961256709,-0.38112422362656617
2,17,existing_80_step,17,3,0.0006701946149405558,-0.17607987577713644
2,17,existing_80_step,17,4,0.0006447574633057229,-0.2736903084560073
2,17,existing_80_step,17,5,0.0006754252135579009,-0.22020174916060564
2,17,existing_80_step,17,6,0.0006882777088321745,-0.22181032529901112
2,17,existing_80_step,17,7,0.0007164096386986785,-0.16564496878682514
2,17,existing_80_step,18,0,0.0006881489971419796,-0.2170345201110958
2,17,existing_80_step,18,1,0.000674787526804721,-0.2418488686780852
2,17,existing_80_step,18,2,0.0007045797246973962,-0.22251172773520345
2,17,existing_80_step,18,3,0.000690221775585087,-0.2575921341736614
2,17,existing_80_step,18,4,0.0006611494536628015,-0.22941880753288688
2,17,existing_80_step,18,5,0.0006813912732468452,-0.2583205452290235
2,17,existing_80_step,18,6,0.0006175216585688759,-0.3214464588196924
2,17,existing_80_step,18,7,0.0006626986360060982,-0.3148904624489399
2,17,existing_80_step,19,0,0.0006776874215574935,-0.22677316346127058
2,17,existing_80_step,19,1,0.000631228231213754,-0.3396454227150736
2,17,existing_80_step,19,2,0.0006897648017911706,-0.2807088625958402
2,17,existing_80_step,19,3,0.0006992758280830458,-0.180934533166779
2,17,existing_80_step,19,4,0.0006497091417259071,-0.29253232022271386
2,17,existing_80_step,19,5,0.0006409722518583294,-0.24579143052333138
2,17,existing_80_step,19,6,0.0006331989497994073,-0.2132719093325316
2,17,existing_80_step,19,7,0.0006646872534474824,-0.2654879313871188
2,17,existing_80_step,20,0,0.0006874067548778839,-0.28723228254227956
2,17,existing_80_step,20,1,0.0006293068254308309,-0.2985103280021051
2,17,existing_80_step,20,2,0.0006832815743109677,-0.27390023884833986
2,17,existing_80_step,20,3,0.0006476839080278296,-0.3271465883258083
2,17,existing_80_step,20,4,0.0006477845090557821,-0.24202131061644377
2,17,existing_80_step,20,5,0.0006575481856998522,-0.3222589113178921
2,17,existing_80_step,20,6,0.000719758518243907,-0.1755390648406918
2,17,existing_80_step,20,7,0.0006664320098934695,-0.23710220751286976
2,17,existing_80_step,21,0,0.0007186672082752921,-0.23471238077138876
2,17,existing_80_step,21,1,0.0005730414377467241,-0.43838918052921055
2,17,existing_80_step,21,2,0.0006546426411659922,-0.27890085929858033
2,17,existing_80_step,21,3,0.0006738846168445889,-0.2611393460987236
2,17,existing_80_step,21,4,0.0005842970531375613,-0.38422233775381953
2,17,existing_80_step,21,5,0.000665886760543799,-0.22198464799328127
2,17,existing_80_step,21,6,0.0006743902304151561,-0.22257072726407734
2,17,existing_80_step,21,7,0.0006959124366403557,-0.3260024369775607
2,17,existing_80_step,22,0,0.0006892499695823062,-0.20939227902408883
2,17,existing_80_step,22,1,0.000582815810048487,-0.32272461329634894
2,17,existing_80_step,22,2,0.0006835802269051783,-0.25196133075991495
2,17,existing_80_step,22,3,0.00067498173302738,-0.27065518999734617
2,17,existing_80_step,22,4,0.000629537691565929,-0.31479737502373717
2,17,existing_80_step,22,5,0.0006681435334030539,-0.28583590476118
2,17,existing_80_step,22,6,0.0006747194020135794,-0.25436919318800544
2,17,existing_80_step,22,7,0.0006635823119722772,-0.27241094435178265
2,17,existing_80_step,23,0,0.0006358872815326322,-0.30153486305421007
2,17,existing_80_step,23,1,0.0006826204444223549,-0.25814520850217454
2,17,existing_80_step,23,2,0.0006744486636307556,-0.2951854895353632
2,17,existing_80_step,23,3,0.00069540181721095,-0.23728376139336996
2,17,existing_80_step,23,4,0.0006612766374018975,-0.2290674625323327
2,17,existing_80_step,23,5,0.0006802178977522999,-0.18667560436596603
2,17,existing_80_step,23,6,0.0006690909613098484,-0.32180682663186366
2,17,existing_80_step,23,7,0.0006016143852320965,-0.3901142065852706
2,17,existing_80_step,24,0,0.0006341224361676723,-0.2667821317921004
2,17,existing_80_step,24,1,0.000639311383565655,-0.2622126256270529
2,17,existing_80_step,24,2,0.0006451119479606859,-0.2223366266181211
2,17,existing_80_step,24,3,0.0005499288854480255,-0.44863681529891314
2,17,existing_80_step,24,4,0.0006502833930426277,-0.28326133188439867
2,17,existing_80_step,24,5,0.0006703735671180766,-0.20811958494681007
2,17,existing_80_step,24,6,0.0006490284940809943,-0.2730769895869073
2,17,existing_80_step,24,7,0.00058284029000788,-0.3365087403577072
2,17,existing_80_step,25,0,0.0006247776982490905,-0.309912479486846
2,17,existing_80_step,25,1,0.0006507485450129025,-0.36214753189948806
2,17,existing_80_step,25,2,0.0006418670018319972,-0.21387558438674684
2,17,existing_80_step,25,3,0.0006435043214878533,-0.27301776315776227
2,17,existing_80_step,25,4,0.0006665259243163746,-0.2474068633534469
2,17,existing_80_step,25,5,0.00047224207628460135,-0.44193698685427096
2,17,existing_80_step,25,6,0.0006733998816343956,-0.21348702608124107
2,17,existing_80_step,25,7,0.0005916168411204126,-0.3049754017832114
2,17,existing_80_step,26,0,0.0006743238918716088,-0.27853890723103986
2,17,existing_80_step,26,1,0.0006317935258266516,-0.37912713917235813
2,17,existing_80_step,26,2,0.0006274497536651324,-0.23798694487241412
2,17,existing_80_step,26,3,0.0006414648851205129,-0.25318238658410475
2,17,existing_80_step,26,4,0.0006568231110577472,-0.34383128676242464
2,17,existing_80_step,26,5,0.0006170120323076844,-0.32069870311521986
2,17,existing_80_step,26,6,0.0006575101215275936,-0.31239158996904626
2,17,existing_80_step,26,7,0.0006796717207180336,-0.20614607900429477
2,17,existing_80_step,27,0,0.0006851690231997054,-0.3239897437070325
2,17,existing_80_step,27,1,0.0006675990989606362,-0.24464361019405748
2,17,existing_80_step,27,2,0.0006217424052010756,-0.3255519438389381
2,17,existing_80_step,27,3,0.0005745789203501772,-0.35562767141853246
2,17,existing_80_step,27,4,0.0006839327470515855,-0.17922513436336493
2,17,existing_80_step,27,5,0.0006581524103239644,-0.26825369160428747
2,17,existing_80_step,27,6,0.0006909718358656392,-0.21759744480188295
2,17,existing_80_step,27,7,0.0006420882273232564,-0.41049528399882546
2,17,existing_80_step,28,0,0.0006705345804220997,-0.26276054653794717
2,17,existing_80_step,28,1,0.0006147804888314568,-0.38354841871672535
2,17,existing_80_step,28,2,0.0006109334499342367,-0.30617729173347497
2,17,existing_80_step,28,3,0.0006579753717232961,-0.24661209239063933
2,17,existing_80_step,28,4,0.0006648436137766112,-0.2278261351982266
2,17,existing_80_step,28,5,0.0006604246373171918,-0.2671960911342608
2,17,existing_80_step,28,6,0.0006374012627929915,-0.2480643208711642
2,17,existing_80_step,28,7,0.0006666296285402495,-0.23790986832627822
2,17,existing_80_step,29,0,0.0006741857796441764,-0.2442988512597905
2,17,existing_80_step,29,1,0.0006585967603314202,-0.19535693144748253
2,17,existing_80_step,29,2,0.0006641308609687258,-0.22726642778051737
2,17,existing_80_step,29,3,0.0006295208804658614,-0.27551546010195355
2,17,existing_80_step,29,4,0.0006466425766120665,-0.2909063013549637
2,17,existing_80_step,29,5,0.0006544027055497281,-0.28630033956875023
2,17,existing_80_step,29,6,0.00032819383523019496,-0.6146321876636451
2,17,existing_80_step,29,7,0.0006269060540944338,-0.3025975220176327
2,17,existing_80_step,30,0,0.0006791865271225106,-0.24129035628246123
2,17,existing_80_step,30,1,0.0006179424526635557,-0.2292917325374364
2,17,existing_80_step,30,2,0.0006667530615231954,-0.2951836261580111
2,17,existing_80_step,30,3,0.0006174581540108193,-0.4236546403539673
2,17,existing_80_step,30,4,0.0006089732305554207,-0.3827329165359669
2,17,existing_80_step,30,5,0.0006460918521042913,-0.2453593336709881
2,17,existing_80_step,30,6,0.0006667985981039237,-0.23952725639825384
2,17,existing_80_step,30,7,0.0006455393413489219,-0.2869029404890475
2,17,existing_80_step,31,0,0.0005288092379487352,-0.4662376729700802
2,17,existing_80_step,31,1,0.0005397655695560388,-0.3905937531296736
2,17,existing_80_step,31,2,0.0006135637740953825,-0.3158172095370065
2,17,existing_80_step,31,3,0.0005556635878747329,-0.44057032980583916
2,17,existing_80_step,31,4,0.0006311223551165313,-0.28805108374555105
2,17,existing_80_step,31,5,0.000640683647361584,-0.2732441347342433
2,17,existing_80_step,31,6,0.0005182180357223842,-0.4521771704441233
2,17,existing_80_step,31,7,0.0006451014123740606,-0.23347636196738264
2,17,selected_horizon,0,0,0.00017678430958767422,-0.770275885919225
2,17,selected_horizon,0,1,0.00022508866641146597,-0.7502239649498492
2,17,selected_horizon,0,2,0.0002985237915709149,-0.62677470565404
2,17,selected_horizon,0,3,0.00022066504152462585,-0.732897361432971
2,17,selected_horizon,0,4,0.0001950574733200483,-0.7593306315565437
2,17,selected_horizon,0,5,0.00018842214012693148,-0.7853666439499274
2,17,selected_horizon,0,6,0.0002629541722853901,-0.724038083903682
2,17,selected_horizon,0,7,0.00016662444886605954,-0.8225338622507024
2,17,selected_horizon,1,0,0.00024413727624050807,-0.7240560810721515
2,17,selected_horizon,1,1,0.0002661952985363314,-0.7207818604051685
2,17,selected_horizon,1,2,0.00010306777357982355,-0.8832015145037998
2,17,selected_horizon,1,3,0.0002480856619513361,-0.7164553370550623
2,17,selected_horizon,1,4,0.00025438464217586443,-0.7264172006114131
2,17,selected_horizon,1,5,0.0002921049326687353,-0.6467726179395237
2,17,selected_horizon,1,6,0.0002816044470819179,-0.6535959611820467
2,17,selected_horizon,1,7,0.0002851908011507476,-0.6575248890581329
2,17,selected_horizon,2,0,0.0004960248097631847,-0.45361492944630866
2,17,selected_horizon,2,1,0.00037831554254808,-0.6045999151577099
2,17,selected_horizon,2,2,0.0005241380822553765,-0.4712863964877153
2,17,selected_horizon,2,3,0.0005170854601601604,-0.42733143450760347
2,17,selected_horizon,2,4,0.0005197011596465018,-0.42747039094429085
2,17,selected_horizon,2,5,0.0005694196916010696,-0.3849948237425142
2,17,selected_horizon,2,6,0.00048688794231566135,-0.4526603079849065
2,17,selected_horizon,2,7,0.00046507289334840607,-0.4791468554877314
2,17,selected_horizon,3,0,0.00046790776468697004,-0.46907403643944884
2,17,selected_horizon,3,1,0.000514214851136785,-0.3764482704185602
2,17,selected_horizon,3,2,0.0004290912802389357,-0.5520070700314456
2,17,selected_horizon,3,3,0.00048385063200839795,-0.47919966320704616
2,17,selected_horizon,3,4,0.00035018351627513766,-0.5967154900967817
2,17,selected_horizon,3,5,0.0004346245968918083,-0.5176641101536517
2,17,selected_horizon,3,6,0.000521877060236875,-0.4346555803848283
2,17,selected_horizon,3,7,0.00039263098551600706,-0.5588825360143026
2,17,selected_horizon,4,0,0.00048123734995897394,-0.4349865843099426
2,17,selected_horizon,4,1,0.00046674851364514325,-0.5854370801414343
2,17,selected_horizon,4,2,0.00048722682186053135,-0.3925233435871639
2,17,selected_horizon,4,3,0.0003973527818743605,-0.6377510495132077
2,17,selected_horizon,4,4,0.0004992619033146184,-0.43934737657792244
2,17,selected_horizon,4,5,0.0004419361903273966,-0.5003546958010815
2,17,selected_horizon,4,6,0.00038708576539647765,-0.5690447752973774
2,17,selected_horizon,4,7,0.0004823194194614189,-0.4591172934181969
2,17,selected_horizon,5,0,0.0005184078618185595,-0.4218605879856791
2,17,selected_horizon,5,1,0.00052143109132885,-0.45210150450530184
2,17,selected_horizon,5,2,0.0005480915933731012,-0.3671339067993791
2,17,selected_horizon,5,3,0.00045142267117626034,-0.5452058487484809
2,17,selected_horizon,5,4,0.0005181628948776051,-0.4186481227303674
2,17,selected_horizon,5,5,0.0005173785393708386,-0.4111699650228179
2,17,selected_horizon,5,6,0.0002969736851810012,-0.6421392535914727
2,17,selected_horizon,5,7,0.0004891385051450925,-0.5274703559479266
2,17,selected_horizon,6,0,0.0004784469692822313,-0.47438549700533683
2,17,selected_horizon,6,1,0.00048496916497242637,-0.5574910526144365
2,17,selected_horizon,6,2,0.0004987466982129263,-0.554991766008039
2,17,selected_horizon,6,3,0.0004883899400738301,-0.40308830282304253
2,17,selected_horizon,6,4,0.0004439056119736051,-0.5050141838645112
2,17,selected_horizon,6,5,0.00048213479021796957,-0.45803930026146106
2,17,selected_horizon,6,6,0.0005128612501721364,-0.4274356471808854
2,17,selected_horizon,6,7,0.0005309045955073088,-0.4170604890590907
2,17,selected_horizon,7,0,0.0004763965498568723,-0.49075887217452907
2,17,selected_horizon,7,1,0.0004980149569746573,-0.41418729862693726
2,17,selected_horizon,7,2,0.0005178323262953199,-0.4078141966783383
2,17,selected_horizon,7,3,0.0004470097101147985,-0.529825701090597
2,17,selected_horizon,7,4,0.0004894180474366294,-0.54501540989462
2,17,selected_horizon,7,5,0.0004884449026576476,-0.45501231338389775
2,17,selected_horizon,7,6,0.0005206304267630912,-0.4054503267788451
2,17,selected_horizon,7,7,0.000500975063914666,-0.44481034216661175
2,17,selected_horizon,8,0,0.000532391404703958,-0.43614747086602473
2,17,selected_horizon,8,1,0.00045317423246160615,-0.4866827080366422
2,17,selected_horizon,8,2,0.0005252342562016565,-0.38971611067151973
2,17,selected_horizon,8,3,0.0005454970378195867,-0.41016875808000886
2,17,selected_horizon,8,4,0.0004887750892521581,-0.42420469660250554
2,17,selected_horizon,8,5,0.00036972633097320795,-0.6584600369919851
2,17,selected_horizon,8,6,0.0005271004993119277,-0.4742848800815224
2,17,selected_horizon,8,7,0.0006034098514646757,-0.29634654505781005
2,17,selected_horizon,9,0,0.0005997976586513687,-0.29438982495072424
2,17,selected_horizon,9,1,0.00040484209057467524,-0.5816081462751519
2,17,selected_horizon,9,2,0.00044016362153342925,-0.4485213337074422
2,17,selected_horizon,9,3,0.0005610296393570025,-0.3911065857931942
2,17,selected_horizon,9,4,0.0005597165072686039,-0.36834107460584437
2,17,selected_horizon,9,5,0.000547928357264027,-0.3685566435464365
2,17,selected_horizon,9,6,0.0005221639803494327,-0.40335779676514705
2,17,selected_horizon,9,7,0.0005589096290350426,-0.39268743645345383
2,17,selected_horizon,10,0,0.0005587965424638242,-0.35057131892173415
2,17,selected_horizon,10,1,0.0005180267980904318,-0.384573749204505
2,17,selected_horizon,10,2,0.0004919926923321327,-0.4218426488864845
2,17,selected_horizon,10,3,0.0005347930928110145,-0.45418592621809106
2,17,selected_horizon,10,4,0.0005987475633446593,-0.360233490503824
2,17,selected_horizon,10,5,0.0005675304055330344,-0.36544996813919745
2,17,selected_horizon,10,6,0.0005551557915168814,-0.4378248208920185
2,17,selected_horizon,10,7,0.0005293767862895038,-0.38246452312082524
2,17,selected_horizon,11,0,0.0005715755396522582,-0.3910310355222033
2,17,selected_horizon,11,1,0.0006192564142111223,-0.30056569194609173
2,17,selected_horizon,11,2,0.0005476061887748074,-0.4155725680639787
2,17,selected_horizon,11,3,0.0005443725967779756,-0.40166662531455677
2,17,selected_horizon,11,4,0.0005254907009657472,-0.4055613052333721
2,17,selected_horizon,11,5,0.0005501528321474325,-0.39476900393481157
2,17,selected_horizon,11,6,0.0005707426753360778,-0.3629952775599123
2,17,selected_horizon,11,7,0.0005686737677024212,-0.3196517128513913
2,17,selected_horizon,12,0,0.00045828837755834684,-0.49651771342627893
2,17,selected_horizon,12,1,0.00053913208830636,-0.4177880600977727
2,17,selected_horizon,12,2,0.0005338841838238295,-0.4154598623103811
2,17,selected_horizon,12,3,0.0005129673008923419,-0.44256344996031344
2,17,selected_horizon,12,4,0.0004761112668347778,-0.4538054773099812
2,17,selected_horizon,12,5,0.0004476836074900348,-0.5329546072448952
2,17,selected_horizon,12,6,0.0005231810100667644,-0.46589413354174114
2,17,selected_horizon,12,7,0.0005333567532943562,-0.3731062919304259
2,17,selected_horizon,13,0,0.000638026020169491,-0.30379841263857116
2,17,selected_horizon,13,1,0.000587191512749996,-0.33527248943832794
2,17,selected_horizon,13,2,0.0006176123715704307,-0.28865437600946686
2,17,selected_horizon,13,3,0.0005939300790487323,-0.3510161561295777
2,17,selected_horizon,13,4,0.0005901978620386217,-0.36186008914381984
2,17,selected_horizon,13,5,0.0006140548648545519,-0.34010634206942564
2,17,selected_horizon,13,6,0.0005662163966917433,-0.3858336652035911
2,17,selected_horizon,13,7,0.0005042864922870649,-0.3985741612915232
2,17,selected_horizon,14,0,0.0005782376683782786,-0.4227224431078298
2,17,selected_horizon,14,1,0.0005987692493363284,-0.33976525240880767
2,17,selected_horizon,14,2,0.0004844958002649946,-0.48017015968745974
2,17,selected_horizon,14,3,0.0006020219552738126,-0.3224285596556585
2,17,selected_horizon,14,4,0.0005616695416392758,-0.3719765066596837
2,17,selected_horizon,14,5,0.0005875650676898658,-0.31149581317891534
2,17,selected_horizon,14,6,0.0004956102311552968,-0.41227567412389354
2,17,selected_horizon,14,7,0.0006229224163689651,-0.32127643479479123
2,17,selected_horizon,15,0,0.000564367750484962,-0.3881546620117709
2,17,selected_horizon,15,1,0.0005225148561294191,-0.4697548856527995
2,17,selected_horizon,15,2,0.0005387489109125454,-0.40310589969576577
2,17,selected_horizon,15,3,0.0005458698506117798,-0.32844613498649833
2,17,selected_horizon,15,4,0.0005593412024609279,-0.39071106107980325
2,17,selected_horizon,15,5,0.0005828522625961341,-0.3822586575422046
2,17,selected_horizon,15,6,0.0005400573318183888,-0.3849067919121908
2,17,selected_horizon,15,7,0.0005172749297344126,-0.3875574457857584
2,17,selected_horizon,16,0,0.0005397934037318919,-0.3680865213834701
2,17,selected_horizon,16,1,0.0005357323861971963,-0.39834144131459454
2,17,selected_horizon,16,2,0.0005685769538104068,-0.3264831843812086
2,17,selected_horizon,16,3,0.0004454842855921015,-0.5035907339598061
2,17,selected_horizon,16,4,0.0005642729265673552,-0.3991947173905811
2,17,selected_horizon,16,5,0.000513868078996893,-0.4128108785196921
2,17,selected_horizon,16,6,0.0006019514075887855,-0.3715893322764061
2,17,selected_horizon,16,7,0.00043440350054879673,-0.4670294473378272
2,17,selected_horizon,17,0,0.0005987935801385902,-0.3127212758017908
2,17,selected_horizon,17,1,0.0005602649107459001,-0.3863930238120286
2,17,selected_horizon,17,2,0.0005221110368438531,-0.48382534560719964
2,17,selected_horizon,17,3,0.00059301472720108,-0.2709628564460513
2,17,selected_horizon,17,4,0.0005425300187198445,-0.3888480041324877
2,17,selected_horizon,17,5,0.0005557832773774862,-0.3583318791702221
2,17,selected_horizon,17,6,0.0005573179769271519,-0.3698777548588253
2,17,selected_horizon,17,7,0.0005948940670350567,-0.3071661364423197
2,17,selected_horizon,18,0,0.0005840188205183949,-0.3355122539298082
2,17,selected_horizon,18,1,0.0005547576547542121,-0.3767072939937224
2,17,selected_horizon,18,2,0.0005707387717848178,-0.3702022836662108
2,17,selected_horizon,18,3,0.0006092740259191487,-0.3446601581026248
2,17,selected_horizon,18,4,0.0005422971262305509,-0.3679432632256926
2,17,selected_horizon,18,5,0.0005554778654186521,-0.39537452776885973
2,17,selected_horizon,18,6,0.0005202309439482633,-0.42835276407022493
2,17,selected_horizon,18,7,0.0005456748294818681,-0.43587173751760067
2,17,selected_horizon,19,0,0.0005597153904091101,-0.36137672484251737
2,17,selected_horizon,19,1,0.0005434667000372428,-0.4314564760808378
2,17,selected_horizon,19,2,0.0005721767374780029,-0.4033304465115977
2,17,selected_horizon,19,3,0.0005601222983386833,-0.34392579673440943
2,17,selected_horizon,19,4,0.0005887792649446055,-0.3588788063458358
2,17,selected_horizon,19,5,0.0005352029838832095,-0.37024625374357456
2,17,selected_horizon,19,6,0.0005475046855281107,-0.3197441088405506
2,17,selected_horizon,19,7,0.0005992316546326037,-0.3378195836618529
2,17,selected_horizon,20,0,0.0005982830371067394,-0.37964410194369025
2,17,selected_horizon,20,1,0.0005591533699771389,-0.3767105357021221
2,17,selected_horizon,20,2,0.0005680588910763618,-0.39634341004063794
2,17,selected_horizon,20,3,0.0005422312788141426,-0.43669718925473255
2,17,selected_horizon,20,4,0.0005951436614850536,-0.3036168568079697
2,17,selected_horizon,20,5,0.0005484980720211752,-0.43465788735161276
2,17,selected_horizon,20,6,0.0005830905938637443,-0.3320879098834221
2,17,selected_horizon,20,7,0.0005733075595344417,-0.34370638701024453
2,17,selected_horizon,21,0,0.000610134859016398,-0.3502852943776137
2,17,selected_horizon,21,1,0.0005197633963689441,-0.49060446987308265
2,17,selected_horizon,21,2,0.0005473661767609883,-0.39706756802710635
2,17,selected_horizon,21,3,0.0005635627894662321,-0.38209841754634327
2,17,selected_horizon,21,4,0.0005258869496174157,-0.4457794460843399
2,17,selected_horizon,21,5,0.0005702707130694762,-0.3337014701936129
2,17,selected_horizon,21,6,0.0005658257396135014,-0.34772261903587637
2,17,selected_horizon,21,7,0.0005835637857671827,-0.43481313342515215
2,17,selected_horizon,22,0,0.000576496182475239,-0.33872709018141656
2,17,selected_horizon,22,1,0.0004932108840876026,-0.4268522121610077
2,17,selected_horizon,22,2,0.0005827667082485277,-0.3622810962668129
2,17,selected_horizon,22,3,0.0005715422084904276,-0.3824257412266312
2,17,selected_horizon,22,4,0.0005367204103094991,-0.4158217387943461
2,17,selected_horizon,22,5,0.0005851342903042678,-0.3745626798182727
2,17,selected_horizon,22,6,0.000593590742937522,-0.34402428142457947
2,17,selected_horizon,22,7,0.0005661780269292649,-0.37921049354394964
2,17,selected_horizon,23,0,0.00058071079547517,-0.36214128342076535
2,17,selected_horizon,23,1,0.0005748774638050236,-0.37523757963509957
2,17,selected_horizon,23,2,0.0006040044936526101,-0.3688012824868287
2,17,selected_horizon,23,3,0.0006034405232639983,-0.3381468458442128
2,17,selected_horizon,23,4,0.000577348571823677,-0.32691286172136597
2,17,selected_horizon,23,5,0.0005829119181726128,-0.3030226268344131
2,17,selected_horizon,23,6,0.0005485676811076701,-0.4439696872764575
2,17,selected_horizon,23,7,0.0005442062720248941,-0.4483116060013597
2,17,selected_horizon,24,0,0.000550178941921331,-0.363843624006752
2,17,selected_horizon,24,1,0.0005644650482281577,-0.3485878766387037
2,17,selected_horizon,24,2,0.0006082905420043971,-0.26672374246545644
2,17,selected_horizon,24,3,0.0004862403256993275,-0.5124914846230368
2,17,selected_horizon,24,4,0.0005412276368588209,-0.4034619679052505
2,17,selected_horizon,24,5,0.0005685797405021731,-0.32836379149717976
2,17,selected_horizon,24,6,0.0005248512497928459,-0.4121576263631997
2,17,selected_horizon,24,7,0.0005296163399179932,-0.3970975951326578
2,17,selected_horizon,25,0,0.0005370525395846926,-0.4068078030539201
2,17,selected_horizon,25,1,0.0005451401302707382,-0.4656630733658718
2,17,selected_horizon,25,2,0.0005961272290733177,-0.26989521466462696
2,17,selected_horizon,25,3,0.0005434837985376362,-0.3860133423270806
2,17,selected_horizon,25,4,0.0005681255497620441,-0.3585134892645014
2,17,selected_horizon,25,5,0.00042855121864704415,-0.4935678196084495
2,17,selected_horizon,25,6,0.0006221878647920676,-0.2733012861747784
2,17,selected_horizon,25,7,0.0005561524703807663,-0.3466385329030997
2,17,selected_horizon,26,0,0.0005773540433438029,-0.3822872301479917
2,17,selected_horizon,26,1,0.0005476464648381807,-0.46181970304089737
2,17,selected_horizon,26,2,0.0005179732524993597,-0.3709418510313725
2,17,selected_horizon,26,3,0.0005208936527196784,-0.3935559629355019
2,17,selected_horizon,26,4,0.0005650296407111455,-0.4355333025820928
2,17,selected_horizon,26,5,0.0005385314179875422,-0.40710217711003793
2,17,selected_horizon,26,6,0.0005661593750119209,-0.4079240228703796
2,17,selected_horizon,26,7,0.0005629584338748828,-0.3424667431844212
2,17,selected_horizon,27,0,0.0006189665000420064,-0.3893073268605735
2,17,selected_horizon,27,1,0.0005548428089241497,-0.3722219492039101
2,17,selected_horizon,27,2,0.0005516709352377802,-0.40156343398944305
2,17,selected_horizon,27,3,0.0005030706161051057,-0.4358220031062083
2,17,selected_horizon,27,4,0.0005839632976858411,-0.29919659606725735
2,17,selected_horizon,27,5,0.0005490720723173581,-0.3895312762531093
2,17,selected_horizon,27,6,0.0006258032881305553,-0.2913892198350911
2,17,selected_horizon,27,7,0.0005676605287590064,-0.47882776143365985
2,17,selected_horizon,28,0,0.0005785275861853734,-0.3639204093194771
2,17,selected_horizon,28,1,0.0005651072387991007,-0.43335669026439344
2,17,selected_horizon,28,2,0.0005300035263644531,-0.3980874969400068
2,17,selected_horizon,28,3,0.0005380124930525199,-0.38397070190190746
2,17,selected_horizon,28,4,0.000575671459955629,-0.33139395960359413
2,17,selected_horizon,28,5,0.0005765272508142516,-0.3602882159567426
2,17,selected_horizon,28,6,0.0005250931462796871,-0.3805530446808286
2,17,selected_horizon,28,7,0.0005818505887873471,-0.3348291572422826
2,17,selected_horizon,29,0,0.0006122762279119343,-0.3136938470823651
2,17,selected_horizon,29,1,0.0006162628524180036,-0.2470785426350773
2,17,selected_horizon,29,2,0.0005625165431411006,-0.34549733590162673
2,17,selected_horizon,29,3,0.0005734673832193948,-0.3400246661067336
2,17,selected_horizon,29,4,0.0005522819919860922,-0.39437999513693217
2,17,selected_horizon,29,5,0.0005620156589429826,-0.38705879186776787
2,17,selected_horizon,29,6,0.0002875524223782122,-0.6623536579650052
2,17,selected_horizon,29,7,0.000540877128514694,-0.398300515290104
2,17,selected_horizon,30,0,0.0005710329569410533,-0.36210717673206944
2,17,selected_horizon,30,1,0.0005336866888683289,-0.3343769446934453
2,17,selected_horizon,30,2,0.000565970109164482,-0.40172003240154974
2,17,selected_horizon,30,3,0.0005241900253167842,-0.5107126099127177
2,17,selected_horizon,30,4,0.0004970393947587581,-0.49619122454752074
2,17,selected_horizon,30,5,0.0005571677975240164,-0.3492233703131094
2,17,selected_horizon,30,6,0.0005728592586820014,-0.34666351521083005
2,17,selected_horizon,30,7,0.0005266861589916516,-0.41819448141262067
2,17,selected_horizon,31,0,0.00044933054959983565,-0.5464607980557032
2,17,selected_horizon,31,1,0.0004438815976754995,-0.49884869700614276
2,17,selected_horizon,31,2,0.0005344073797459714,-0.40408422440244096
2,17,selected_horizon,31,3,0.0004773902765009552,-0.5193741487393714
2,17,selected_horizon,31,4,0.0005395306288846768,-0.39137277675799825
2,17,selected_horizon,31,5,0.0005322275501384865,-0.3962706941061181
2,17,selected_horizon,31,6,0.00044176296614750754,-0.5329999702334345
2,17,selected_horizon,31,7,0.0005370454673538916,-0.36187080429714946
2,17,horizon_1000,0,0,0.00017678430958767422,-0.770275885919225
2,17,horizon_1000,0,1,0.00022508866641146597,-0.7502239649498492
2,17,horizon_1000,0,2,0.0002985237915709149,-0.62677470565404
2,17,horizon_1000,0,3,0.00022066504152462585,-0.732897361432971
2,17,horizon_1000,0,4,0.0001950574733200483,-0.7593306315565437
2,17,horizon_1000,0,5,0.00018842214012693148,-0.7853666439499274
2,17,horizon_1000,0,6,0.0002629541722853901,-0.724038083903682
2,17,horizon_1000,0,7,0.00016662444886605954,-0.8225338622507024
2,17,horizon_1000,1,0,0.00024413727624050807,-0.7240560810721515
2,17,horizon_1000,1,1,0.0002661952985363314,-0.7207818604051685
2,17,horizon_1000,1,2,0.00010306777357982355,-0.8832015145037998
2,17,horizon_1000,1,3,0.0002480856619513361,-0.7164553370550623
2,17,horizon_1000,1,4,0.00025438464217586443,-0.7264172006114131
2,17,horizon_1000,1,5,0.0002921049326687353,-0.6467726179395237
2,17,horizon_1000,1,6,0.0002816044470819179,-0.6535959611820467
2,17,horizon_1000,1,7,0.0002851908011507476,-0.6575248890581329
2,17,horizon_1000,2,0,0.0004960248097631847,-0.45361492944630866
2,17,horizon_1000,2,1,0.00037831554254808,-0.6045999151577099
2,17,horizon_1000,2,2,0.0005241380822553765,-0.4712863964877153
2,17,horizon_1000,2,3,0.0005170854601601604,-0.42733143450760347
2,17,horizon_1000,2,4,0.0005197011596465018,-0.42747039094429085
2,17,horizon_1000,2,5,0.0005694196916010696,-0.3849948237425142
2,17,horizon_1000,2,6,0.00048688794231566135,-0.4526603079849065
2,17,horizon_1000,2,7,0.00046507289334840607,-0.4791468554877314
2,17,horizon_1000,3,0,0.00046790776468697004,-0.46907403643944884
2,17,horizon_1000,3,1,0.000514214851136785,-0.3764482704185602
2,17,horizon_1000,3,2,0.0004290912802389357,-0.5520070700314456
2,17,horizon_1000,3,3,0.00048385063200839795,-0.47919966320704616
2,17,horizon_1000,3,4,0.00035018351627513766,-0.5967154900967817
2,17,horizon_1000,3,5,0.0004346245968918083,-0.5176641101536517
2,17,horizon_1000,3,6,0.000521877060236875,-0.4346555803848283
2,17,horizon_1000,3,7,0.00039263098551600706,-0.5588825360143026
2,17,horizon_1000,4,0,0.00048123734995897394,-0.4349865843099426
2,17,horizon_1000,4,1,0.00046674851364514325,-0.5854370801414343
2,17,horizon_1000,4,2,0.00048722682186053135,-0.3925233435871639
2,17,horizon_1000,4,3,0.0003973527818743605,-0.6377510495132077
2,17,horizon_1000,4,4,0.0004992619033146184,-0.43934737657792244
2,17,horizon_1000,4,5,0.0004419361903273966,-0.5003546958010815
2,17,horizon_1000,4,6,0.00038708576539647765,-0.5690447752973774
2,17,horizon_1000,4,7,0.0004823194194614189,-0.4591172934181969
2,17,horizon_1000,5,0,0.0005184078618185595,-0.4218605879856791
2,17,horizon_1000,5,1,0.00052143109132885,-0.45210150450530184
2,17,horizon_1000,5,2,0.0005480915933731012,-0.3671339067993791
2,17,horizon_1000,5,3,0.00045142267117626034,-0.5452058487484809
2,17,horizon_1000,5,4,0.0005181628948776051,-0.4186481227303674
2,17,horizon_1000,5,5,0.0005173785393708386,-0.4111699650228179
2,17,horizon_1000,5,6,0.0002969736851810012,-0.6421392535914727
2,17,horizon_1000,5,7,0.0004891385051450925,-0.5274703559479266
2,17,horizon_1000,6,0,0.0004784469692822313,-0.47438549700533683
2,17,horizon_1000,6,1,0.00048496916497242637,-0.5574910526144365
2,17,horizon_1000,6,2,0.0004987466982129263,-0.554991766008039
2,17,horizon_1000,6,3,0.0004883899400738301,-0.40308830282304253
2,17,horizon_1000,6,4,0.0004439056119736051,-0.5050141838645112
2,17,horizon_1000,6,5,0.00048213479021796957,-0.45803930026146106
2,17,horizon_1000,6,6,0.0005128612501721364,-0.4274356471808854
2,17,horizon_1000,6,7,0.0005309045955073088,-0.4170604890590907
2,17,horizon_1000,7,0,0.0004763965498568723,-0.49075887217452907
2,17,horizon_1000,7,1,0.0004980149569746573,-0.41418729862693726
2,17,horizon_1000,7,2,0.0005178323262953199,-0.4078141966783383
2,17,horizon_1000,7,3,0.0004470097101147985,-0.529825701090597
2,17,horizon_1000,7,4,0.0004894180474366294,-0.54501540989462
2,17,horizon_1000,7,5,0.0004884449026576476,-0.45501231338389775
2,17,horizon_1000,7,6,0.0005206304267630912,-0.4054503267788451
2,17,horizon_1000,7,7,0.000500975063914666,-0.44481034216661175
2,17,horizon_1000,8,0,0.000532391404703958,-0.43614747086602473
2,17,horizon_1000,8,1,0.00045317423246160615,-0.4866827080366422
2,17,horizon_1000,8,2,0.0005252342562016565,-0.38971611067151973
2,17,horizon_1000,8,3,0.0005454970378195867,-0.41016875808000886
2,17,horizon_1000,8,4,0.0004887750892521581,-0.42420469660250554
2,17,horizon_1000,8,5,0.00036972633097320795,-0.6584600369919851
2,17,horizon_1000,8,6,0.0005271004993119277,-0.4742848800815224
2,17,horizon_1000,8,7,0.0006034098514646757,-0.29634654505781005
2,17,horizon_1000,9,0,0.0005997976586513687,-0.29438982495072424
2,17,horizon_1000,9,1,0.00040484209057467524,-0.5816081462751519
2,17,horizon_1000,9,2,0.00044016362153342925,-0.4485213337074422
2,17,horizon_1000,9,3,0.0005610296393570025,-0.3911065857931942
2,17,horizon_1000,9,4,0.0005597165072686039,-0.36834107460584437
2,17,horizon_1000,9,5,0.000547928357264027,-0.3685566435464365
2,17,horizon_1000,9,6,0.0005221639803494327,-0.40335779676514705
2,17,horizon_1000,9,7,0.0005589096290350426,-0.39268743645345383
2,17,horizon_1000,10,0,0.0005587965424638242,-0.35057131892173415
2,17,horizon_1000,10,1,0.0005180267980904318,-0.384573749204505
2,17,horizon_1000,10,2,0.0004919926923321327,-0.4218426488864845
2,17,horizon_1000,10,3,0.0005347930928110145,-0.45418592621809106
2,17,horizon_1000,10,4,0.0005987475633446593,-0.360233490503824
2,17,horizon_1000,10,5,0.0005675304055330344,-0.36544996813919745
2,17,horizon_1000,10,6,0.0005551557915168814,-0.4378248208920185
2,17,horizon_1000,10,7,0.0005293767862895038,-0.38246452312082524
2,17,horizon_1000,11,0,0.0005715755396522582,-0.3910310355222033
2,17,horizon_1000,11,1,0.0006192564142111223,-0.30056569194609173
2,17,horizon_1000,11,2,0.0005476061887748074,-0.4155725680639787
2,17,horizon_1000,11,3,0.0005443725967779756,-0.40166662531455677
2,17,horizon_1000,11,4,0.0005254907009657472,-0.4055613052333721
2,17,horizon_1000,11,5,0.0005501528321474325,-0.39476900393481157
2,17,horizon_1000,11,6,0.0005707426753360778,-0.3629952775599123
2,17,horizon_1000,11,7,0.0005686737677024212,-0.3196517128513913
2,17,horizon_1000,12,0,0.00045828837755834684,-0.49651771342627893
2,17,horizon_1000,12,1,0.00053913208830636,-0.4177880600977727
2,17,horizon_1000,12,2,0.0005338841838238295,-0.4154598623103811
2,17,horizon_1000,12,3,0.0005129673008923419,-0.44256344996031344
2,17,horizon_1000,12,4,0.0004761112668347778,-0.4538054773099812
2,17,horizon_1000,12,5,0.0004476836074900348,-0.5329546072448952
2,17,horizon_1000,12,6,0.0005231810100667644,-0.46589413354174114
2,17,horizon_1000,12,7,0.0005333567532943562,-0.3731062919304259
2,17,horizon_1000,13,0,0.000638026020169491,-0.30379841263857116
2,17,horizon_1000,13,1,0.000587191512749996,-0.33527248943832794
2,17,horizon_1000,13,2,0.0006176123715704307,-0.28865437600946686
2,17,horizon_1000,13,3,0.0005939300790487323,-0.3510161561295777
2,17,horizon_1000,13,4,0.0005901978620386217,-0.36186008914381984
2,17,horizon_1000,13,5,0.0006140548648545519,-0.34010634206942564
2,17,horizon_1000,13,6,0.0005662163966917433,-0.3858336652035911
2,17,horizon_1000,13,7,0.0005042864922870649,-0.3985741612915232
2,17,horizon_1000,14,0,0.0005782376683782786,-0.4227224431078298
2,17,horizon_1000,14,1,0.0005987692493363284,-0.33976525240880767
2,17,horizon_1000,14,2,0.0004844958002649946,-0.48017015968745974
2,17,horizon_1000,14,3,0.0006020219552738126,-0.3224285596556585
2,17,horizon_1000,14,4,0.0005616695416392758,-0.3719765066596837
2,17,horizon_1000,14,5,0.0005875650676898658,-0.31149581317891534
2,17,horizon_1000,14,6,0.0004956102311552968,-0.41227567412389354
2,17,horizon_1000,14,7,0.0006229224163689651,-0.32127643479479123
2,17,horizon_1000,15,0,0.000564367750484962,-0.3881546620117709
2,17,horizon_1000,15,1,0.0005225148561294191,-0.4697548856527995
2,17,horizon_1000,15,2,0.0005387489109125454,-0.40310589969576577
2,17,horizon_1000,15,3,0.0005458698506117798,-0.32844613498649833
2,17,horizon_1000,15,4,0.0005593412024609279,-0.39071106107980325
2,17,horizon_1000,15,5,0.0005828522625961341,-0.3822586575422046
2,17,horizon_1000,15,6,0.0005400573318183888,-0.3849067919121908
2,17,horizon_1000,15,7,0.0005172749297344126,-0.3875574457857584
2,17,horizon_1000,16,0,0.0005397934037318919,-0.3680865213834701
2,17,horizon_1000,16,1,0.0005357323861971963,-0.39834144131459454
2,17,horizon_1000,16,2,0.0005685769538104068,-0.3264831843812086
2,17,horizon_1000,16,3,0.0004454842855921015,-0.5035907339598061
2,17,horizon_1000,16,4,0.0005642729265673552,-0.3991947173905811
2,17,horizon_1000,16,5,0.000513868078996893,-0.4128108785196921
2,17,horizon_1000,16,6,0.0006019514075887855,-0.3715893322764061
2,17,horizon_1000,16,7,0.00043440350054879673,-0.4670294473378272
2,17,horizon_1000,17,0,0.0005987935801385902,-0.3127212758017908
2,17,horizon_1000,17,1,0.0005602649107459001,-0.3863930238120286
2,17,horizon_1000,17,2,0.0005221110368438531,-0.48382534560719964
2,17,horizon_1000,17,3,0.00059301472720108,-0.2709628564460513
2,17,horizon_1000,17,4,0.0005425300187198445,-0.3888480041324877
2,17,horizon_1000,17,5,0.0005557832773774862,-0.3583318791702221
2,17,horizon_1000,17,6,0.0005573179769271519,-0.3698777548588253
2,17,horizon_1000,17,7,0.0005948940670350567,-0.3071661364423197
2,17,horizon_1000,18,0,0.0005840188205183949,-0.3355122539298082
2,17,horizon_1000,18,1,0.0005547576547542121,-0.3767072939937224
2,17,horizon_1000,18,2,0.0005707387717848178,-0.3702022836662108
2,17,horizon_1000,18,3,0.0006092740259191487,-0.3446601581026248
2,17,horizon_1000,18,4,0.0005422971262305509,-0.3679432632256926
2,17,horizon_1000,18,5,0.0005554778654186521,-0.39537452776885973
2,17,horizon_1000,18,6,0.0005202309439482633,-0.42835276407022493
2,17,horizon_1000,18,7,0.0005456748294818681,-0.43587173751760067
2,17,horizon_1000,19,0,0.0005597153904091101,-0.36137672484251737
2,17,horizon_1000,19,1,0.0005434667000372428,-0.4314564760808378
2,17,horizon_1000,19,2,0.0005721767374780029,-0.4033304465115977
2,17,horizon_1000,19,3,0.0005601222983386833,-0.34392579673440943
2,17,horizon_1000,19,4,0.0005887792649446055,-0.3588788063458358
2,17,horizon_1000,19,5,0.0005352029838832095,-0.37024625374357456
2,17,horizon_1000,19,6,0.0005475046855281107,-0.3197441088405506
2,17,horizon_1000,19,7,0.0005992316546326037,-0.3378195836618529
2,17,horizon_1000,20,0,0.0005982830371067394,-0.37964410194369025
2,17,horizon_1000,20,1,0.0005591533699771389,-0.3767105357021221
2,17,horizon_1000,20,2,0.0005680588910763618,-0.39634341004063794
2,17,horizon_1000,20,3,0.0005422312788141426,-0.43669718925473255
2,17,horizon_1000,20,4,0.0005951436614850536,-0.3036168568079697
2,17,horizon_1000,20,5,0.0005484980720211752,-0.43465788735161276
2,17,horizon_1000,20,6,0.0005830905938637443,-0.3320879098834221
2,17,horizon_1000,20,7,0.0005733075595344417,-0.34370638701024453
2,17,horizon_1000,21,0,0.000610134859016398,-0.3502852943776137
2,17,horizon_1000,21,1,0.0005197633963689441,-0.49060446987308265
2,17,horizon_1000,21,2,0.0005473661767609883,-0.39706756802710635
2,17,horizon_1000,21,3,0.0005635627894662321,-0.38209841754634327
2,17,horizon_1000,21,4,0.0005258869496174157,-0.4457794460843399
2,17,horizon_1000,21,5,0.0005702707130694762,-0.3337014701936129
2,17,horizon_1000,21,6,0.0005658257396135014,-0.34772261903587637
2,17,horizon_1000,21,7,0.0005835637857671827,-0.43481313342515215
2,17,horizon_1000,22,0,0.000576496182475239,-0.33872709018141656
2,17,horizon_1000,22,1,0.0004932108840876026,-0.4268522121610077
2,17,horizon_1000,22,2,0.0005827667082485277,-0.3622810962668129
2,17,horizon_1000,22,3,0.0005715422084904276,-0.3824257412266312
2,17,horizon_1000,22,4,0.0005367204103094991,-0.4158217387943461
2,17,horizon_1000,22,5,0.0005851342903042678,-0.3745626798182727
2,17,horizon_1000,22,6,0.000593590742937522,-0.34402428142457947
2,17,horizon_1000,22,7,0.0005661780269292649,-0.37921049354394964
2,17,horizon_1000,23,0,0.00058071079547517,-0.36214128342076535
2,17,horizon_1000,23,1,0.0005748774638050236,-0.37523757963509957
2,17,horizon_1000,23,2,0.0006040044936526101,-0.3688012824868287
2,17,horizon_1000,23,3,0.0006034405232639983,-0.3381468458442128
2,17,horizon_1000,23,4,0.000577348571823677,-0.32691286172136597
2,17,horizon_1000,23,5,0.0005829119181726128,-0.3030226268344131
2,17,horizon_1000,23,6,0.0005485676811076701,-0.4439696872764575
2,17,horizon_1000,23,7,0.0005442062720248941,-0.4483116060013597
2,17,horizon_1000,24,0,0.000550178941921331,-0.363843624006752
2,17,horizon_1000,24,1,0.0005644650482281577,-0.3485878766387037
2,17,horizon_1000,24,2,0.0006082905420043971,-0.26672374246545644
2,17,horizon_1000,24,3,0.0004862403256993275,-0.5124914846230368
2,17,horizon_1000,24,4,0.0005412276368588209,-0.4034619679052505
2,17,horizon_1000,24,5,0.0005685797405021731,-0.32836379149717976
2,17,horizon_1000,24,6,0.0005248512497928459,-0.4121576263631997
2,17,horizon_1000,24,7,0.0005296163399179932,-0.3970975951326578
2,17,horizon_1000,25,0,0.0005370525395846926,-0.4068078030539201
2,17,horizon_1000,25,1,0.0005451401302707382,-0.4656630733658718
2,17,horizon_1000,25,2,0.0005961272290733177,-0.26989521466462696
2,17,horizon_1000,25,3,0.0005434837985376362,-0.3860133423270806
2,17,horizon_1000,25,4,0.0005681255497620441,-0.3585134892645014
2,17,horizon_1000,25,5,0.00042855121864704415,-0.4935678196084495
2,17,horizon_1000,25,6,0.0006221878647920676,-0.2733012861747784
2,17,horizon_1000,25,7,0.0005561524703807663,-0.3466385329030997
2,17,horizon_1000,26,0,0.0005773540433438029,-0.3822872301479917
2,17,horizon_1000,26,1,0.0005476464648381807,-0.46181970304089737
2,17,horizon_1000,26,2,0.0005179732524993597,-0.3709418510313725
2,17,horizon_1000,26,3,0.0005208936527196784,-0.3935559629355019
2,17,horizon_1000,26,4,0.0005650296407111455,-0.4355333025820928
2,17,horizon_1000,26,5,0.0005385314179875422,-0.40710217711003793
2,17,horizon_1000,26,6,0.0005661593750119209,-0.4079240228703796
2,17,horizon_1000,26,7,0.0005629584338748828,-0.3424667431844212
2,17,horizon_1000,27,0,0.0006189665000420064,-0.3893073268605735
2,17,horizon_1000,27,1,0.0005548428089241497,-0.3722219492039101
2,17,horizon_1000,27,2,0.0005516709352377802,-0.40156343398944305
2,17,horizon_1000,27,3,0.0005030706161051057,-0.4358220031062083
2,17,horizon_1000,27,4,0.0005839632976858411,-0.29919659606725735
2,17,horizon_1000,27,5,0.0005490720723173581,-0.3895312762531093
2,17,horizon_1000,27,6,0.0006258032881305553,-0.2913892198350911
2,17,horizon_1000,27,7,0.0005676605287590064,-0.47882776143365985
2,17,horizon_1000,28,0,0.0005785275861853734,-0.3639204093194771
2,17,horizon_1000,28,1,0.0005651072387991007,-0.43335669026439344
2,17,horizon_1000,28,2,0.0005300035263644531,-0.3980874969400068
2,17,horizon_1000,28,3,0.0005380124930525199,-0.38397070190190746
2,17,horizon_1000,28,4,0.000575671459955629,-0.33139395960359413
2,17,horizon_1000,28,5,0.0005765272508142516,-0.3602882159567426
2,17,horizon_1000,28,6,0.0005250931462796871,-0.3805530446808286
2,17,horizon_1000,28,7,0.0005818505887873471,-0.3348291572422826
2,17,horizon_1000,29,0,0.0006122762279119343,-0.3136938470823651
2,17,horizon_1000,29,1,0.0006162628524180036,-0.2470785426350773
2,17,horizon_1000,29,2,0.0005625165431411006,-0.34549733590162673
2,17,horizon_1000,29,3,0.0005734673832193948,-0.3400246661067336
2,17,horizon_1000,29,4,0.0005522819919860922,-0.39437999513693217
2,17,horizon_1000,29,5,0.0005620156589429826,-0.38705879186776787
2,17,horizon_1000,29,6,0.0002875524223782122,-0.6623536579650052
2,17,horizon_1000,29,7,0.000540877128514694,-0.398300515290104
2,17,horizon_1000,30,0,0.0005710329569410533,-0.36210717673206944
2,17,horizon_1000,30,1,0.0005336866888683289,-0.3343769446934453
2,17,horizon_1000,30,2,0.000565970109164482,-0.40172003240154974
2,17,horizon_1000,30,3,0.0005241900253167842,-0.5107126099127177
2,17,horizon_1000,30,4,0.0004970393947587581,-0.49619122454752074
2,17,horizon_1000,30,5,0.0005571677975240164,-0.3492233703131094
2,17,horizon_1000,30,6,0.0005728592586820014,-0.34666351521083005
2,17,horizon_1000,30,7,0.0005266861589916516,-0.41819448141262067
2,17,horizon_1000,31,0,0.00044933054959983565,-0.5464607980557032
2,17,horizon_1000,31,1,0.0004438815976754995,-0.49884869700614276
2,17,horizon_1000,31,2,0.0005344073797459714,-0.40408422440244096
2,17,horizon_1000,31,3,0.0004773902765009552,-0.5193741487393714
2,17,horizon_1000,31,4,0.0005395306288846768,-0.39137277675799825
2,17,horizon_1000,31,5,0.0005322275501384865,-0.3962706941061181
2,17,horizon_1000,31,6,0.00044176296614750754,-0.5329999702334345
2,17,horizon_1000,31,7,0.0005370454673538916,-0.36187080429714946
2,29,random_initialization,0,0,0.0008926317241275683,0.0
2,29,random_initialization,0,1,0.0009273919677070808,0.0
2,29,random_initialization,0,2,0.00094781312145642,0.0
2,29,random_initialization,0,3,0.0009182744579447899,0.0
2,29,random_initialization,0,4,0.0007973990759637672,0.0
2,29,random_initialization,0,5,0.000845271184516605,0.0
2,29,random_initialization,0,6,0.0008964930930233095,0.0
2,29,random_initialization,0,7,0.0011844288019347005,0.0
2,29,random_initialization,1,0,0.0009298638251493685,0.0
2,29,random_initialization,1,1,0.0009075122470676433,0.0
2,29,random_initialization,1,2,0.0009412578874616884,0.0
2,29,random_initialization,1,3,0.0008613730533397757,0.0
2,29,random_initialization,1,4,0.00094332647495321,0.0
2,29,random_initialization,1,5,0.0008320484957948793,0.0
2,29,random_initialization,1,6,0.0007898148614913225,0.0
2,29,random_initialization,1,7,0.0008053768760873936,0.0
2,29,random_initialization,2,0,0.000827889332867926,0.0
2,29,random_initialization,2,1,0.0007310007131309249,0.0
2,29,random_initialization,2,2,0.0009345292128273286,0.0
2,29,random_initialization,2,3,0.0009247626621800009,0.0
2,29,random_initialization,2,4,0.0008724992258066777,0.0
2,29,random_initialization,2,5,0.0008960086524893995,0.0
2,29,random_initialization,2,6,0.0010131669187103398,0.0
2,29,random_initialization,2,7,0.0009881815312837716,0.0
2,29,random_initialization,3,0,0.0009202006767736748,0.0
2,29,random_initialization,3,1,0.0010309606805094518,0.0
2,29,random_initialization,3,2,0.000936986743909074,0.0
2,29,random_initialization,3,3,0.0008706411827006377,0.0
2,29,random_initialization,3,4,0.0007985212032508571,0.0
2,29,random_initialization,3,5,0.0008519845177943353,0.0
2,29,random_initialization,3,6,0.0009097449546970893,0.0
2,29,random_initialization,3,7,0.0009777578088687733,0.0
2,29,random_initialization,4,0,0.0008725019106350373,0.0
2,29,random_initialization,4,1,0.0009324282582383603,0.0
2,29,random_initialization,4,2,0.000929905098018935,0.0
2,29,random_initialization,4,3,0.0008325260059791617,0.0
2,29,random_initialization,4,4,0.0008261494513135403,0.0
2,29,random_initialization,4,5,0.0008382821179111488,0.0
2,29,random_initialization,4,6,0.0008667264301038813,0.0
2,29,random_initialization,4,7,0.0008399155412917025,0.0
2,29,random_initialization,5,0,0.0009004816129163373,0.0
2,29,random_initialization,5,1,0.0009039080869115423,0.0
2,29,random_initialization,5,2,0.0009469479118706658,0.0
2,29,random_initialization,5,3,0.000876836300449213,0.0
2,29,random_initialization,5,4,0.000892698866664432,0.0
2,29,random_initialization,5,5,0.000873475983098615,0.0
2,29,random_initialization,5,6,0.0007876545932958834,0.0
2,29,random_initialization,5,7,0.0008724362050998025,0.0
2,29,random_initialization,6,0,0.0009318941411038395,0.0
2,29,random_initialization,6,1,0.0008684186468599364,0.0
2,29,random_initialization,6,2,0.0008452022811979987,0.0
2,29,random_initialization,6,3,0.0008517548594682012,0.0
2,29,random_initialization,6,4,0.0009266403649235144,0.0
2,29,random_initialization,6,5,0.0008714221476111561,0.0
2,29,random_initialization,6,6,0.0008388560781895649,0.0
2,29,random_initialization,6,7,0.0008419859914283734,0.0
2,29,random_initialization,7,0,0.0009364733959955629,0.0
2,29,random_initialization,7,1,0.0009071717176993843,0.0
2,29,random_initialization,7,2,0.0010852682316908613,0.0
2,29,random_initialization,7,3,0.0009206770628225058,0.0
2,29,random_initialization,7,4,0.0009152780294243712,0.0
2,29,random_initialization,7,5,0.000843246922158869,0.0
2,29,random_initialization,7,6,0.0009005311949294992,0.0
2,29,random_initialization,7,7,0.0008762997131270822,0.0
2,29,random_initialization,8,0,0.0008642444663564675,0.0
2,29,random_initialization,8,1,0.0010417611556476913,0.0
2,29,random_initialization,8,2,0.0010889834811678156,0.0
2,29,random_initialization,8,3,0.0008379982646147255,0.0
2,29,random_initialization,8,4,0.0011409964281483553,0.0
2,29,random_initialization,8,5,0.0009285830819862895,0.0
2,29,random_initialization,8,6,0.0008842827919579577,0.0
2,29,random_initialization,8,7,0.0008462819459964521,0.0
2,29,random_initialization,9,0,0.0009088908918784,0.0
2,29,random_initialization,9,1,0.00104722098694765,0.0
2,29,random_initialization,9,2,0.0007964910946611781,0.0
2,29,random_initialization,9,3,0.0009180462147924118,0.0
2,29,random_initialization,9,4,0.0009976337860280182,0.0
2,29,random_initialization,9,5,0.0008375255492865108,0.0
2,29,random_initialization,9,6,0.0008528496073267888,0.0
2,29,random_initialization,9,7,0.0008728953544050455,0.0
2,29,random_initialization,10,0,0.0009258325917471666,0.0
2,29,random_initialization,10,1,0.0008739381191844586,0.0
2,29,random_initialization,10,2,0.0010096599362441339,0.0
2,29,random_initialization,10,3,0.0008430173802480567,0.0
2,29,random_initialization,10,4,0.0008720891091797967,0.0
2,29,random_initialization,10,5,0.0008203333054552786,0.0
2,29,random_initialization,10,6,0.0009542411353322677,0.0
2,29,random_initialization,10,7,0.0009258037935069297,0.0
2,29,random_initialization,11,0,0.0009484869115112815,0.0
2,29,random_initialization,11,1,0.0008773844565439504,0.0
2,29,random_initialization,11,2,0.0009236332916771062,0.0
2,29,random_initialization,11,3,0.0008591735531808808,0.0
2,29,random_initialization,11,4,0.0009644957463024184,0.0
2,29,random_initialization,11,5,0.0009239762075594626,0.0
2,29,random_initialization,11,6,0.000938935478188796,0.0
2,29,random_initialization,11,7,0.0009159626642940566,0.0
2,29,random_initialization,12,0,0.000996358798147412,0.0
2,29,random_initialization,12,1,0.0009667595477367286,0.0
2,29,random_initialization,12,2,0.0008480387878080364,0.0
2,29,random_initialization,12,3,0.0009279449368477799,0.0
2,29,random_initialization,12,4,0.0008112792384054046,0.0
2,29,random_initialization,12,5,0.0008401632621826138,0.0
2,29,random_initialization,12,6,0.0009195604870910756,0.0
2,29,random_initialization,12,7,0.0011007521679857746,0.0
2,29,random_initialization,13,0,0.000928376437514089,0.0
2,29,random_initialization,13,1,0.0009402461728313938,0.0
2,29,random_initialization,13,2,0.0008824745200399775,0.0
2,29,random_initialization,13,3,0.0009385974262841046,0.0
2,29,random_initialization,13,4,0.0008841502931318246,0.0
2,29,random_initialization,13,5,0.0009585158331901766,0.0
2,29,random_initialization,13,6,0.0009057925235538278,0.0
2,29,random_initialization,13,7,0.0009738499757077079,0.0
2,29,random_initialization,14,0,0.0008499547693645582,0.0
2,29,random_initialization,14,1,0.00095010821314645,0.0
2,29,random_initialization,14,2,0.0009542375701130368,0.0
2,29,random_initialization,14,3,0.0008766056453168858,0.0
2,29,random_initialization,14,4,0.0008833125393721275,0.0
2,29,random_initialization,14,5,0.0008844090370985214,0.0
2,29,random_initialization,14,6,0.0008668435693834908,0.0
2,29,random_initialization,14,7,0.000907126181118656,0.0
2,29,random_initialization,15,0,0.0009261639024771284,0.0
2,29,random_initialization,15,1,0.0010276168250129558,0.0
2,29,random_initialization,15,2,0.0008786531579971779,0.0
2,29,random_initialization,15,3,0.0008203442230296787,0.0
2,29,random_initialization,15,4,0.0009367081183881965,0.0
2,29,random_initialization,15,5,0.0008746664789214265,0.0
2,29,random_initialization,15,6,0.0009296206444560084,0.0
2,29,random_initialization,15,7,0.0009246151130355429,0.0
2,29,random_initialization,16,0,0.0008761697899899445,0.0
2,29,random_initialization,16,1,0.0008654255398141686,0.0
2,29,random_initialization,16,2,0.000868024264491396,0.0
2,29,random_initialization,16,3,0.0008600243781984318,0.0
2,29,random_initialization,16,4,0.0008464499951514881,0.0
2,29,random_initialization,16,5,0.0009562218256178312,0.0
2,29,random_initialization,16,6,0.0009166587951767724,0.0
2,29,random_initialization,16,7,0.0009521813262836076,0.0
2,29,random_initialization,17,0,0.000868998406076571,0.0
2,29,random_initialization,17,1,0.0009099313829210587,0.0
2,29,random_initialization,17,2,0.0008936286540119909,0.0
2,29,random_initialization,17,3,0.0008743867037992459,0.0
2,29,random_initialization,17,4,0.0009177650208584964,0.0
2,29,random_initialization,17,5,0.000914979973458685,0.0
2,29,random_initialization,17,6,0.0009317434414697345,0.0
2,29,random_initialization,17,7,0.0008546387471142225,0.0
2,29,random_initialization,18,0,0.0008476827060803771,0.0
2,29,random_initialization,18,1,0.0009331150758953299,0.0
2,29,random_initialization,18,2,0.0009166738309431821,0.0
2,29,random_initialization,18,3,0.0009100251008931082,0.0
2,29,random_initialization,18,4,0.0008809278369881213,0.0
2,29,random_initialization,18,5,0.0009064671903615817,0.0
2,29,random_initialization,18,6,0.0008733349641261157,0.0
2,29,random_initialization,18,7,0.0008924594549171161,0.0
2,29,random_initialization,19,0,0.000890612463990692,0.0
2,29,random_initialization,19,1,0.0008532518731954042,0.0
2,29,random_initialization,19,2,0.0009375816771353129,0.0
2,29,random_initialization,19,3,0.0008923408458940685,0.0
2,29,random_initialization,19,4,0.0008849121768434998,0.0
2,29,random_initialization,19,5,0.0009022215745062567,0.0
2,29,random_initialization,19,6,0.0010322840353182983,0.0
2,29,random_initialization,19,7,0.0008365905705431942,0.0
2,29,random_initialization,20,0,0.000913717314688256,0.0
2,29,random_initialization,20,1,0.0009430170757696033,0.0
2,29,random_initialization,20,2,0.0009121187613345683,0.0
2,29,random_initialization,20,3,0.000887068104930222,0.0
2,29,random_initialization,20,4,0.0009179246189887635,0.0
2,29,random_initialization,20,5,0.0010038747932412662,0.0
2,29,random_initialization,20,6,0.0008733699469303247,0.0
2,29,random_initialization,20,7,0.0009178308100672439,0.0
2,29,random_initialization,21,0,0.0009868663983070292,0.0
2,29,random_initialization,21,1,0.0008111217139230575,0.0
2,29,random_initialization,21,2,0.0008444587401754688,0.0
2,29,random_initialization,21,3,0.0009374827313877176,0.0
2,29,random_initialization,21,4,0.0008497559538227506,0.0
2,29,random_initialization,21,5,0.0008833246247377247,0.0
2,29,random_initialization,21,6,0.0009339548087154981,0.0
2,29,random_initialization,21,7,0.0009003547274915036,0.0
2,29,random_initialization,22,0,0.0009319353594037239,0.0
2,29,random_initialization,22,1,0.0008320465858560055,0.0
2,29,random_initialization,22,2,0.0009369129802507814,0.0
2,29,random_initialization,22,3,0.0009338597010355443,0.0
2,29,random_initialization,22,4,0.000998433657514397,0.0
2,29,random_initialization,22,5,0.0008438346376351546,0.0
2,29,random_initialization,22,6,0.0009243837885151152,0.0
2,29,random_initialization,22,7,0.0008588066521042492,0.0
2,29,random_initialization,23,0,0.0009760806424310431,0.0
2,29,random_initialization,23,1,0.0008675078279338777,0.0
2,29,random_initialization,23,2,0.0008206559978134464,0.0
2,29,random_initialization,23,3,0.0008832001549308188,0.0
2,29,random_initialization,23,4,0.0008564995005144738,0.0
2,29,random_initialization,23,5,0.0008762760480749421,0.0
2,29,random_initialization,23,6,0.0008660553103254642,0.0
2,29,random_initialization,23,7,0.0008819503891572822,0.0
2,29,random_initialization,24,0,0.0008544141201127786,0.0
2,29,random_initialization,24,1,0.0008954372133302968,0.0
2,29,random_initialization,24,2,0.0008873716251400765,0.0
2,29,random_initialization,24,3,0.0008546067547285929,0.0
2,29,random_initialization,24,4,0.0009251452320313547,0.0
2,29,random_initialization,24,5,0.0009017557676997967,0.0
2,29,random_initialization,24,6,0.0009508723087492399,0.0
2,29,random_initialization,24,7,0.0008842822498991154,0.0
2,29,random_initialization,25,0,0.0009162766218651086,0.0
2,29,random_initialization,25,1,0.0009392944193677977,0.0
2,29,random_initialization,25,2,0.0008957057652878575,0.0
2,29,random_initialization,25,3,0.0009037562485900708,0.0
2,29,random_initialization,25,4,0.0008301035304612014,0.0
2,29,random_initialization,25,5,0.0008052909615798853,0.0
2,29,random_initialization,25,6,0.0009294654373661615,0.0
2,29,random_initialization,25,7,0.001002583871013485,0.0
2,29,random_initialization,26,0,0.0009438321831112262,0.0
2,29,random_initialization,26,1,0.0008909712887543719,0.0
2,29,random_initialization,26,2,0.0008494283028994687,0.0
2,29,random_initialization,26,3,0.000891275853064144,0.0
2,29,random_initialization,26,4,0.0008635704980406445,0.0
2,29,random_initialization,26,5,0.0008885640381777193,0.0
2,29,random_initialization,26,6,0.0009172563150059432,0.0
2,29,random_initialization,26,7,0.0008661511419632006,0.0
2,29,random_initialization,27,0,0.001015976296912413,0.0
2,29,random_initialization,27,1,0.0008967519133875612,0.0
2,29,random_initialization,27,2,0.0009460550500079989,0.0
2,29,random_initialization,27,3,0.0008723726023163181,0.0
2,29,random_initialization,27,4,0.0008670083880133461,0.0
2,29,random_initialization,27,5,0.0009042149067681748,0.0
2,29,random_initialization,27,6,0.0008857022512529511,0.0
2,29,random_initialization,27,7,0.0009266567103622947,0.0
2,29,random_initialization,28,0,0.0008662703767186031,0.0
2,29,random_initialization,28,1,0.0008850636222632602,0.0
2,29,random_initialization,28,2,0.0008632822209619917,0.0
2,29,random_initialization,28,3,0.0008613179779786151,0.0
2,29,random_initialization,28,4,0.0008892874175217003,0.0
2,29,random_initialization,28,5,0.0008472763292957097,0.0
2,29,random_initialization,28,6,0.0009386016499774996,0.0
2,29,random_initialization,28,7,0.0008718009885342326,0.0
2,29,random_initialization,29,0,0.0009692379244370386,0.0
2,29,random_initialization,29,1,0.0008568382982048206,0.0
2,29,random_initialization,29,2,0.000958285771048395,0.0
2,29,random_initialization,29,3,0.0009711398597573861,0.0
2,29,random_initialization,29,4,0.0009231609692506026,0.0
2,29,random_initialization,29,5,0.001000177438982064,0.0
2,29,random_initialization,29,6,0.0008806319274299312,0.0
2,29,random_initialization,29,7,0.0008823766329442151,0.0
2,29,random_initialization,30,0,0.0008772416040301323,0.0
2,29,random_initialization,30,1,0.0009042426281666849,0.0
2,29,random_initialization,30,2,0.0009559986719978042,0.0
2,29,random_initialization,30,3,0.000883349814102985,0.0
2,29,random_initialization,30,4,0.0008750546985538676,0.0
2,29,random_initialization,30,5,0.0009094167580769863,0.0
2,29,random_initialization,30,6,0.0008909709540603217,0.0
2,29,random_initialization,30,7,0.0009194828053296078,0.0
2,29,random_initialization,31,0,0.0008245316821557935,0.0
2,29,random_initialization,31,1,0.0008279864632640965,0.0
2,29,random_initialization,31,2,0.0009851712857198436,0.0
2,29,random_initialization,31,3,0.0008356260950677097,0.0
2,29,random_initialization,31,4,0.0008705712789378595,0.0
2,29,random_initialization,31,5,0.0008264225689345039,0.0
2,29,random_initialization,31,6,0.0009671137922850903,0.0
2,29,random_initialization,31,7,0.000828900832857471,0.0
2,29,existing_80_step,0,0,0.00025819493203016464,-0.7107486491335308
2,29,existing_80_step,0,1,0.00032960537464532536,-0.6445889266646828
2,29,existing_80_step,0,2,0.0003822577218670631,-0.5966950517843838
2,29,existing_80_step,0,3,0.0003053776963497512,-0.6674439828880532
2,29,existing_80_step,0,4,0.00027014094121113885,-0.661222404998857
2,29,existing_80_step,0,5,0.0002654253166838316,-0.6859879745745462
2,29,existing_80_step,0,6,0.0003686477994051529,-0.5887890243951185
2,29,existing_80_step,0,7,0.0002202075875175069,-0.8140811949542178
2,29,existing_80_step,1,0,0.00032322233346349094,-0.6523982063593342
2,29,existing_80_step,1,1,0.00036336244011181407,-0.5996060204301242
2,29,existing_80_step,1,2,0.00017311532155872555,-0.816080880845982
2,29,existing_80_step,1,3,0.0003388742152310442,-0.6065883255609895
2,29,existing_80_step,1,4,0.0003516458782542031,-0.6272278075608498
2,29,existing_80_step,1,5,0.0004259796733094845,-0.4880350418727286
2,29,existing_80_step,1,6,0.00039965171890798956,-0.4939931642291838
2,29,existing_80_step,1,7,0.0003962328210036503,-0.5080156473717107
2,29,existing_80_step,2,0,0.0005763575973105617,-0.30382289706043525
2,29,existing_80_step,2,1,0.0004675328018493019,-0.3604208676530181
2,29,existing_80_step,2,2,0.0006026272094459273,-0.3551542304143319
2,29,existing_80_step,2,3,0.0006614531921513844,-0.28473194344579245
2,29,existing_80_step,2,4,0.0006141377525636926,-0.2961165644635552
2,29,existing_80_step,2,5,0.0006650598406849895,-0.2577528812503765
2,29,existing_80_step,2,6,0.0006033291720086709,-0.404511575667464
2,29,existing_80_step,2,7,0.0005497364036273211,-0.4436888504552957
2,29,existing_80_step,3,0,0.0005634537628793623,-0.3876838203869905
2,29,existing_80_step,3,1,0.0005948842881480232,-0.4229806243880614
2,29,existing_80_step,3,2,0.0005090416707389522,-0.4567247892801031
2,29,existing_80_step,3,3,0.000575214307900751,-0.33932104369736277
2,29,existing_80_step,3,4,0.00042042247514473274,-0.4734986705009808
2,29,existing_80_step,3,5,0.0005376181070460007,-0.36898136548558863
2,29,existing_80_step,3,6,0.000604029293754138,-0.3360454590756626
2,29,existing_80_step,3,7,0.0004950674301653635,-0.4936706966951901
2,29,existing_80_step,4,0,0.0005824429827043787,-0.3324450346699455
2,29,existing_80_step,4,1,0.0005751173339376692,-0.3832047357463831
2,29,existing_80_step,4,2,0.0005736294442613143,-0.3831311974916886
2,29,existing_80_step,4,3,0.0004979832083336078,-0.4018406575204662
2,29,existing_80_step,4,4,0.0005999074564897455,-0.2738511711943647
2,29,existing_80_step,4,5,0.0005446878931252286,-0.3502331953799817
2,29,existing_80_step,4,6,0.0004850222612731159,-0.44039751826307677
2,29,existing_80_step,4,7,0.0005704137147404253,-0.32086776979601006
2,29,existing_80_step,5,0,0.000635520278592594,-0.29424402511188263
2,29,existing_80_step,5,1,0.0006828884688729886,-0.24451558874058732
2,29,existing_80_step,5,2,0.0006445969956985209,-0.3192899127628469
2,29,existing_80_step,5,3,0.0005465530666697305,-0.3766760495776404
2,29,existing_80_step,5,4,0.0006321649816527497,-0.29184968721330046
2,29,existing_80_step,5,5,0.0006305247770796996,-0.2781429721250691
2,29,existing_80_step,5,6,0.0003767049747693818,-0.5217383635216457
2,29,existing_80_step,5,7,0.0005938819558650721,-0.319283229657881
2,29,existing_80_step,6,0,0.0005852857866557315,-0.37193962185184076
2,29,existing_80_step,6,1,0.0006055700469005387,-0.3026749839030016
2,29,existing_80_step,6,2,0.0005946139681327622,-0.2964832426978899
2,29,existing_80_step,6,3,0.000559581629204331,-0.34302502300519955
2,29,existing_80_step,6,4,0.000537929077836452,-0.41948451826739375
2,29,existing_80_step,6,5,0.0006082382460590452,-0.30201653959975805
2,29,existing_80_step,6,6,0.0006230126055015717,-0.25730691867171146
2,29,existing_80_step,6,7,0.000661316098558018,-0.2145758892779925
2,29,existing_80_step,7,0,0.0006071494244679343,-0.35166399060116915
2,29,existing_80_step,7,1,0.0005686559161404148,-0.37315515348897355
2,29,existing_80_step,7,2,0.0006302324109128676,-0.41928419858843763
2,29,existing_80_step,7,3,0.000562543464184273,-0.3889893786864941
2,29,existing_80_step,7,4,0.0005770984280388802,-0.3694829226898148
2,29,existing_80_step,7,5,0.0006097384793974925,-0.27691585539802677
2,29,existing_80_step,7,6,0.0006651061630691402,-0.2614290689605594
2,29,existing_80_step,7,7,0.000593363158259308,-0.3228764663839875
2,29,existing_80_step,8,0,0.0006966380133235361,-0.19393407717093802
2,29,existing_80_step,8,1,0.0005477787562995218,-0.4741800907723875
2,29,existing_80_step,8,2,0.0006708566179440822,-0.38396070321960996
2,29,existing_80_step,8,3,0.0006617276667384431,-0.2103472111094691
2,29,existing_80_step,8,4,0.0005706934352929238,-0.4998289028660125
2,29,existing_80_step,8,5,0.0004580330823955592,-0.5067397939064304
2,29,existing_80_step,8,6,0.0006503673575934954,-0.2645255980233793
2,29,existing_80_step,8,7,0.0007352639368036762,-0.13118324184744143
2,29,existing_80_step,9,0,0.0007232127827592194,-0.20429086789002873
2,29,existing_80_step,9,1,0.0005266503831080627,-0.49709718419309185
2,29,existing_80_step,9,2,0.0005222911604505498,-0.3442598869573941
2,29,existing_80_step,9,3,0.000690291835780954,-0.2480859627126261
2,29,existing_80_step,9,4,0.0006865484319860116,-0.3118231944414821
2,29,existing_80_step,9,5,0.0006725649072905071,-0.19696192210080504
2,29,existing_80_step,9,6,0.0006605645867239218,-0.2254618152496711
2,29,existing_80_step,9,7,0.0006726928404532373,-0.22935454168875
2,29,existing_80_step,10,0,0.0006731066096108407,-0.27297157649138176
2,29,existing_80_step,10,1,0.0006455917682615109,-0.2612843471526748
2,29,existing_80_step,10,2,0.0006020108048687689,-0.4037489423337841
2,29,existing_80_step,10,3,0.0006660771505266894,-0.2098891836243079
2,29,existing_80_step,10,4,0.0007154735212679952,-0.17958668014911802
2,29,existing_80_step,10,5,0.0006888916541356593,-0.16022956820785203
2,29,existing_80_step,10,6,0.0006702032878820319,-0.29765835587388884
2,29,existing_80_step,10,7,0.0007001660560490564,-0.2437209039759507
2,29,existing_80_step,11,0,0.0006853297782072332,-0.2774494092751835
2,29,existing_80_step,11,1,0.0007056029062368907,-0.19578823060498873
2,29,existing_80_step,11,2,0.0006521945324493572,-0.29388152384035277
2,29,existing_80_step,11,3,0.0007041218195809051,-0.1804661386816836
2,29,existing_80_step,11,4,0.0006192972650751472,-0.3579056543801843
2,29,existing_80_step,11,5,0.0006925227753526997,-0.25049717764715035
2,29,existing_80_step,11,6,0.000693494024744723,-0.26140396134304017
2,29,existing_80_step,11,7,0.00067913264138042,-0.25855859866970055
2,29,existing_80_step,12,0,0.0005757881699537393,-0.4221076071949826
2,29,existing_80_step,12,1,0.000657142030831892,-0.3202632108776987
2,29,existing_80_step,12,2,0.0006656580007984303,-0.2150618457924712
2,29,existing_80_step,12,3,0.0006262259848881513,-0.32514747371171077
2,29,existing_80_step,12,4,0.000564694644708652,-0.30394540131634884
2,29,existing_80_step,12,5,0.0005501072264451068,-0.3452377041385819
2,29,existing_80_step,12,6,0.0006143504724605009,-0.3319085790604941
2,29,existing_80_step,12,7,0.0006439514108933508,-0.4149896501483222
2,29,existing_80_step,13,0,0.0007537848978245165,-0.1880611491574213
2,29,existing_80_step,13,1,0.0007190052201622166,-0.23530109354547774
2,29,existing_80_step,13,2,0.0007432083766616415,-0.15781321751026534
2,29,existing_80_step,13,3,0.0007074534587445669,-0.2462652901730551
2,29,existing_80_step,13,4,0.0006997560667514335,-0.20855529632550643
2,29,existing_80_step,13,5,0.0007236378478410188,-0.24504340691736523
2,29,existing_80_step,13,6,0.0006978457095101476,-0.22957444297267124
2,29,existing_80_step,13,7,0.0006133029637567233,-0.3702284961181736
2,29,existing_80_step,14,0,0.0007018021351541393,-0.17430649200448695
2,29,existing_80_step,14,1,0.0007200152103905566,-0.2421755749209872
2,29,existing_80_step,14,2,0.0005745718808611855,-0.3978733400812095
2,29,existing_80_step,14,3,0.0007048549596220255,-0.19592696740251292
2,29,existing_80_step,14,4,0.0006880778964841738,-0.22102555345442004
2,29,existing_80_step,14,5,0.0007173352823883761,-0.18891004919880033
2,29,existing_80_step,14,6,0.0006223131204023957,-0.2820929376623374
2,29,existing_80_step,14,7,0.0007469035153917503,-0.17662665796870863
2,29,existing_80_step,15,0,0.0006989761968725361,-0.24529967643626957
2,29,existing_80_step,15,1,0.0006345234833133873,-0.3825291024157887
2,29,existing_80_step,15,2,0.0006611486569454428,-0.24754307097412576
2,29,existing_80_step,15,3,0.0006613092591578607,-0.19386369697890152
2,29,existing_80_step,15,4,0.0006883639507577755,-0.26512438907623587
2,29,existing_80_step,15,5,0.0006992559356149286,-0.20054563371720963
2,29,existing_80_step,15,6,0.0006469120162364561,-0.3041118222853007
2,29,existing_80_step,15,7,0.0006583342583326157,-0.28799102561574846
2,29,existing_80_step,16,0,0.0006665576329396572,-0.23923691440296405
2,29,existing_80_step,16,1,0.0006310834469331894,-0.2707825019022423
2,29,existing_80_step,16,2,0.0006848725824966095,-0.21099834357983194
2,29,existing_80_step,16,3,0.0005249469686532393,-0.38961385053654923
2,29,existing_80_step,16,4,0.0006660889193881303,-0.2130794220526622
2,29,existing_80_step,16,5,0.0006472591849160381,-0.32310770620840734
2,29,existing_80_step,16,6,0.0007177286788646597,-0.21701653587881642
2,29,existing_80_step,16,7,0.0005061804640718037,-0.4683990852378493
2,29,existing_80_step,17,0,0.0007011235466052312,-0.19318201080399633
2,29,existing_80_step,17,1,0.0006637747574131936,-0.2705221845603939
2,29,existing_80_step,17,2,0.0006358397367876023,-0.28847431879789465
2,29,existing_80_step,17,3,0.0006593345278815832,-0.24594630154284391
2,29,existing_80_step,17,4,0.0006480344745796174,-0.29389935348218815
2,29,existing_80_step,17,5,0.0006907982242410071,-0.2450127387709438
2,29,existing_80_step,17,6,0.0006997673372097779,-0.24896993521525293
2,29,existing_80_step,17,7,0.0007128379911591765,-0.1659189411126645
2,29,existing_80_step,18,0,0.0006866602998343296,-0.18995598835630764
2,29,existing_80_step,18,1,0.0006841946706117596,-0.2667628159846518
2,29,existing_80_step,18,2,0.0006950919050723314,-0.2417238481029409
2,29,existing_80_step,18,3,0.0006979723912081681,-0.23301852825469244
2,29,existing_80_step,18,4,0.0006708446744596586,-0.23847942329389182
2,29,existing_80_step,18,5,0.0006826315729995258,-0.24693184678065389
2,29,existing_80_step,18,6,0.0006264068360906094,-0.28274160336932086
2,29,existing_80_step,18,7,0.0006652333977399394,-0.2546065884844925
2,29,existing_80_step,19,0,0.0006882345369376708,-0.22723455513546054
2,29,existing_80_step,19,1,0.0006225429133337457,-0.27038787386151286
2,29,existing_80_step,19,2,0.0006806820092606358,-0.27400244068293694
2,29,existing_80_step,19,3,0.0007056896429276094,-0.2091703005923107
2,29,existing_80_step,19,4,0.0006598739164473955,-0.25430575630546803
2,29,existing_80_step,19,5,0.0006404678424587473,-0.2901213398612806
2,29,existing_80_step,19,6,0.0006417456424969714,-0.3783245496971256
2,29,existing_80_step,19,7,0.0006616180362470914,-0.2091495415523199
2,29,existing_80_step,20,0,0.0006877415980852675,-0.24731469237844902
2,29,existing_80_step,20,1,0.000637042750895489,-0.32446318601856317
2,29,existing_80_step,20,2,0.0006794516593799926,-0.25508421909242207
2,29,existing_80_step,20,3,0.0006563194510817993,-0.26012507108073024
2,29,existing_80_step,20,4,0.0006549679019371979,-0.28646874875330536
2,29,existing_80_step,20,5,0.0006647751324635465,-0.33779079130261835
2,29,existing_80_step,20,6,0.0007125493648345582,-0.18413798489518704
2,29,existing_80_step,20,7,0.0006762721859558951,-0.263184261698135
2,29,existing_80_step,21,0,0.0007087527774274349,-0.28181486506856307
2,29,existing_80_step,21,1,0.0005765936948591843,-0.2891403534613307
2,29,existing_80_step,21,2,0.000652152331895195,-0.2277274177306932
2,29,existing_80_step,21,3,0.0006771069383830763,-0.2777392951219673
2,29,existing_80_step,21,4,0.0005952083120064344,-0.2995538197422408
2,29,existing_80_step,21,5,0.0006699160112475511,-0.24159703863518867
2,29,existing_80_step,21,6,0.0006714632363582496,-0.28105382606066637
2,29,existing_80_step,21,7,0.0006914997829881031,-0.23196962055755008
2,29,existing_80_step,22,0,0.0006863606431579683,-0.2635104610719788
2,29,existing_80_step,22,1,0.0005711995800083969,-0.31350048216260695
2,29,existing_80_step,22,2,0.0006782071686757263,-0.2761257630413103
2,29,existing_80_step,22,3,0.0006726115207129624,-0.2797509947510181
2,29,existing_80_step,22,4,0.0006277561878960114,-0.3712589883449924
2,29,existing_80_step,22,5,0.000669492939778138,-0.20660647250225359
2,29,existing_80_step,22,6,0.0006786634330637753,-0.26582071051468026
2,29,existing_80_step,22,7,0.0006745258142473176,-0.21457779513631672
2,29,existing_80_step,23,0,0.0006287326214078348,-0.3558599627158852
2,29,existing_80_step,23,1,0.0006800034971092828,-0.21614137047174484
2,29,existing_80_step,23,2,0.0006623207227676176,-0.1929374493913369
2,29,existing_80_step,23,3,0.0006891442499181721,-0.2197190568063783
2,29,existing_80_step,23,4,0.0006603675246878993,-0.2289925162930788
2,29,existing_80_step,23,5,0.0006768018174625468,-0.22763857468273013
2,29,existing_80_step,23,6,0.000691416636982467,-0.20164840658660457
2,29,existing_80_step,23,7,0.0006001114816172048,-0.31956322147482574
2,29,existing_80_step,24,0,0.0006340537220239639,-0.2579081886658523
2,29,existing_80_step,24,1,0.0006405474268831313,-0.28465400214849595
2,29,existing_80_step,24,2,0.0006456140145019162,-0.27244234973143017
2,29,existing_80_step,24,3,0.0005507464666152373,-0.35555568269508464
2,29,existing_80_step,24,4,0.0006513786029245239,-0.2959174620677853
2,29,existing_80_step,24,5,0.000669947072310606,-0.25706372356285506
2,29,existing_80_step,24,6,0.0006524555283249356,-0.31383475749423845
2,29,existing_80_step,24,7,0.0005864208287675865,-0.33683976034293445
2,29,existing_80_step,25,0,0.000625192860752577,-0.31768109560628305
2,29,existing_80_step,25,1,0.0006498766670119949,-0.308122508116889
2,29,existing_80_step,25,2,0.0006397477663995232,-0.2857612497403941
2,29,existing_80_step,25,3,0.0006567630953213666,-0.2732962053142454
2,29,existing_80_step,25,4,0.0006609820484300144,-0.20373540868718384
2,29,existing_80_step,25,5,0.00047793401063245256,-0.40650766811687206
2,29,existing_80_step,25,6,0.0006741761426383164,-0.2746624935847661
2,29,existing_80_step,25,7,0.0005863535297976341,-0.41515762745623946
2,29,existing_80_step,26,0,0.0006785876867070328,-0.2810292985876447
2,29,existing_80_step,26,1,0.0006343674940580968,-0.28800456079232556
2,29,existing_80_step,26,2,0.000626159984676633,-0.26284539549803515
2,29,existing_80_step,26,3,0.0006386099812516477,-0.2834878460398638
2,29,existing_80_step,26,4,0.0006472808054240886,-0.25045979813726343
2,29,existing_80_step,26,5,0.0006195447713253088,-0.302757320006017
2,29,existing_80_step,26,6,0.0006553844832524192,-0.28549471665597337
2,29,existing_80_step,26,7,0.000685397786583053,-0.208685697706818
2,29,existing_80_step,27,0,0.0006880073087813798,-0.3228116533109506
2,29,existing_80_step,27,1,0.000657574742945144,-0.2667149820053396
2,29,existing_80_step,27,2,0.0006150317349238321,-0.3498985762840841
2,29,existing_80_step,27,3,0.0005716155828849878,-0.344757525205127
2,29,existing_80_step,27,4,0.000678927175613353,-0.21693124887864165
2,29,existing_80_step,27,5,0.0006463071877078619,-0.2852283424325762
2,29,existing_80_step,27,6,0.0006923847977304831,-0.2182646066993655
2,29,existing_80_step,27,7,0.0006505038691102527,-0.29800986510319943
2,29,existing_80_step,28,0,0.0006753624184057117,-0.22037918350162566
2,29,existing_80_step,28,1,0.000598479455220513,-0.3238006396759388
2,29,existing_80_step,28,2,0.0006105519751145039,-0.2927550686331289
2,29,existing_80_step,28,3,0.0006508962760563008,-0.24430199682600684
2,29,existing_80_step,28,4,0.0006543329000123776,-0.2642053771142998
2,29,existing_80_step,28,5,0.0006670544789812993,-0.21270728814555467
2,29,existing_80_step,28,6,0.0006401685786840972,-0.31795498260689886
2,29,existing_80_step,28,7,0.0006703897124680225,-0.23102896041084428
2,29,existing_80_step,29,0,0.0006742141158611048,-0.30438739667279546
2,29,existing_80_step,29,1,0.0006636142097704578,-0.22550823047848179
2,29,existing_80_step,29,2,0.0006637100632360671,-0.30739860353979037
2,29,existing_80_step,29,3,0.0006276005005929619,-0.3537485931740548
2,29,existing_80_step,29,4,0.0006538338711834513,-0.29174445956676864
2,29,existing_80_step,29,5,0.000661814116028836,-0.33830329476097665
2,29,existing_80_step,29,6,0.0003258074757468421,-0.6300299073896961
2,29,existing_80_step,29,7,0.0006291400823101867,-0.28699371807825097
2,29,existing_80_step,30,0,0.000685699880705215,-0.21834546200836366
2,29,existing_80_step,30,1,0.0006108241868787445,-0.324490830390107
2,29,existing_80_step,30,2,0.0006683108404104132,-0.30092911215681245
2,29,existing_80_step,30,3,0.0006286249954428058,-0.2883623391247832
2,29,existing_80_step,30,4,0.000607152749580564,-0.30615451744450217
2,29,existing_80_step,30,5,0.0006710196721542161,-0.262142833640843
2,29,existing_80_step,30,6,0.000666117572109215,-0.25236892507708325
2,29,existing_80_step,30,7,0.0006418040247808676,-0.301994533164979
2,29,existing_80_step,31,0,0.0005202458996791393,-0.3690407404128834
2,29,existing_80_step,31,1,0.0005339275776350405,-0.35514938791367934
2,29,existing_80_step,31,2,0.0006090295973990578,-0.3818033409753179
2,29,existing_80_step,31,3,0.0005545007043110672,-0.33642485845761344
2,29,existing_80_step,31,4,0.0006248832687560935,-0.28221469755069073
2,29,existing_80_step,31,5,0.0006307313851721119,-0.2367931263236121
2,29,existing_80_step,31,6,0.0005178274550416972,-0.4645640883497506
2,29,existing_80_step,31,7,0.0006404712839866988,-0.22732459831316454
2,29,selected_horizon,0,0,0.0001674035611358704,-0.8124606636634099
2,29,selected_horizon,0,1,0.00022466671180154663,-0.757743522022278
2,29,selected_horizon,0,2,0.00029520466887333896,-0.6885412723346516
2,29,selected_horizon,0,3,0.00021474698314705165,-0.7661407422485849
2,29,selected_horizon,0,4,0.00019581709693738958,-0.7544302434753671
2,29,selected_horizon,0,5,0.0001915731972985668,-0.7733588926160733
2,29,selected_horizon,0,6,0.0002672488390089711,-0.7018952615600103
2,29,selected_horizon,0,7,0.00015629324752808316,-0.8680433578845883
2,29,selected_horizon,1,0,0.00023417454758600798,-0.7481625360053217
2,29,selected_horizon,1,1,0.0002619580955069978,-0.7113448371044714
2,29,selected_horizon,1,2,0.00010080941592605086,-0.8928992603738961
2,29,selected_horizon,1,3,0.00024530979862902313,-0.7152107351421189
2,29,selected_horizon,1,4,0.0002470081262799795,-0.7381520260075056
2,29,selected_horizon,1,5,0.00027869911355082877,-0.6650446278560005
2,29,selected_horizon,1,6,0.0002817913173203124,-0.6432185173266605
2,29,selected_horizon,1,7,0.0002938908692158293,-0.635089014917361
2,29,selected_horizon,2,0,0.0004978447941539343,-0.3986577983444606
2,29,selected_horizon,2,1,0.0003759523606277071,-0.48570178677736436
2,29,selected_horizon,2,2,0.0005215115270402748,-0.4419526753342556
2,29,selected_horizon,2,3,0.0005181687520234846,-0.4396737960830156
2,29,selected_horizon,2,4,0.0005180737462069374,-0.40621867517653415
2,29,selected_horizon,2,5,0.0005750860218540765,-0.3581691200678665
2,29,selected_horizon,2,6,0.00048127843729162123,-0.5249761629562081
2,29,selected_horizon,2,7,0.00045828909242118243,-0.5362298546241727
2,29,selected_horizon,3,0,0.00046955396646808367,-0.4897265582172883
2,29,selected_horizon,3,1,0.0005173626996111125,-0.49817416959543365
2,29,selected_horizon,3,2,0.0004269564014975913,-0.5443303715094784
2,29,selected_horizon,3,3,0.0004807274181075627,-0.44784668166465935
2,29,selected_horizon,3,4,0.00034873010190494824,-0.5632800976539706
2,29,selected_horizon,3,5,0.0004343184755271068,-0.49022726768381364
2,29,selected_horizon,3,6,0.0005179443724045996,-0.4306707943469107
2,29,selected_horizon,3,7,0.00039157658284239005,-0.5995157703772998
2,29,selected_horizon,4,0,0.00047875983909762,-0.4512793229883452
2,29,selected_horizon,4,1,0.00046824967648717575,-0.497816939426695
2,29,selected_horizon,4,2,0.000489837988425279,-0.4732387321364004
2,29,selected_horizon,4,3,0.0003998182564828312,-0.5197528322102184
2,29,selected_horizon,4,4,0.00048177938333537895,-0.4168374952384566
2,29,selected_horizon,4,5,0.00044591320511244703,-0.46806308331664753
2,29,selected_horizon,4,6,0.0003823403167189099,-0.5588685155556125
2,29,selected_horizon,4,7,0.00048583857824269217,-0.42156258057146667
2,29,selected_horizon,5,0,0.0005285240076773334,-0.41306518634441236
2,29,selected_horizon,5,1,0.0005231140239629894,-0.42127520315659917
2,29,selected_horizon,5,2,0.0005420177876658272,-0.42761604849511936
2,29,selected_horizon,5,3,0.00045055679584038444,-0.4861563149135601
2,29,selected_horizon,5,4,0.0005177755447220989,-0.4199885716705719
2,29,selected_horizon,5,5,0.0005072063650004566,-0.41932420030466566
2,29,selected_horizon,5,6,0.00029448735585901886,-0.6261211978378011
2,29,selected_horizon,5,7,0.0004921509935229551,-0.43588884706285724
2,29,selected_horizon,6,0,0.00047893208102323115,-0.4860660026728674
2,29,selected_horizon,6,1,0.0004938984347973019,-0.431266893469918
2,29,selected_horizon,6,2,0.0004977851876901696,-0.41104609066529785
2,29,selected_horizon,6,3,0.0004925014327454846,-0.4217803077132061
2,29,selected_horizon,6,4,0.00044685864668281283,-0.5177647514635336
2,29,selected_horizon,6,5,0.00048470161891600583,-0.4437809272523927
2,29,selected_horizon,6,6,0.000510135680087842,-0.39186745694347647
2,29,selected_horizon,6,7,0.0005245245556579903,-0.3770388569432501
2,29,selected_horizon,7,0,0.00048595131738693453,-0.48108369178996196
2,29,selected_horizon,7,1,0.0004965226871718187,-0.4526695690745125
2,29,selected_horizon,7,2,0.0005172716737433802,-0.5233697452495549
2,29,selected_horizon,7,3,0.00045144539944885764,-0.5096593391119485
2,29,selected_horizon,7,4,0.0004945120708725881,-0.45971381921666754
2,29,selected_horizon,7,5,0.0004804654799954733,-0.4302197050830707
2,29,selected_horizon,7,6,0.0005167727031221148,-0.4261468053168643
2,29,selected_horizon,7,7,0.0005035102440160699,-0.4254132045538509
2,29,selected_horizon,8,0,0.0005418890759756323,-0.3729909799016011
2,29,selected_horizon,8,1,0.0004502515566855436,-0.5677977104016612
2,29,selected_horizon,8,2,0.0005282920319586992,-0.5148759911471166
2,29,selected_horizon,8,3,0.0005398926259658765,-0.35573538900573354
2,29,selected_horizon,8,4,0.0004831234491575742,-0.5765775972308678
2,29,selected_horizon,8,5,0.000371571370124002,-0.5998512385890225
2,29,selected_horizon,8,6,0.0005235992357484065,-0.4078825908292689
2,29,selected_horizon,8,7,0.0006005039140291046,-0.29042097982836784
2,29,selected_horizon,9,0,0.0006056282509234734,-0.3336623170776586
2,29,selected_horizon,9,1,0.00040629077011544723,-0.6120295762027567
2,29,selected_horizon,9,2,0.00044236865142011084,-0.4446031419744982
2,29,selected_horizon,9,3,0.0005659731759806164,-0.3835025221376312
2,29,selected_horizon,9,4,0.0005603711288131308,-0.438299768250438
2,29,selected_horizon,9,5,0.000548380190593889,-0.3452376574528922
2,29,selected_horizon,9,6,0.0005292320820444729,-0.37945438738803855
2,29,selected_horizon,9,7,0.0005560439567489084,-0.36298898379645866
2,29,selected_horizon,10,0,0.0005536672324524261,-0.40197910789942704
2,29,selected_horizon,10,1,0.0005137727748660836,-0.41211767333649896
2,29,selected_horizon,10,2,0.0004925725879729725,-0.5121401074847943
2,29,selected_horizon,10,3,0.0005329522136889864,-0.3678040024131342
2,29,selected_horizon,10,4,0.0005907768281758763,-0.32257286330349394
2,29,selected_horizon,10,5,0.0005767231232312042,-0.2969648807430446
2,29,selected_horizon,10,6,0.0005513500873348676,-0.42221094132261766
2,29,selected_horizon,10,7,0.0005397733439167496,-0.4169678848775322
2,29,selected_horizon,11,0,0.0005662557159666903,-0.4029904797901313
2,29,selected_horizon,11,1,0.0006031027514836751,-0.3126129064796532
2,29,selected_horizon,11,2,0.0005453483099699952,-0.4095618738690463
2,29,selected_horizon,11,3,0.0005599741234618705,-0.34824096785951725
2,29,selected_horizon,11,4,0.0005229768685239833,-0.4577717210999462
2,29,selected_horizon,11,5,0.0005571502188104205,-0.3970080460382796
2,29,selected_horizon,11,6,0.000564010777452495,-0.39930826925352714
2,29,selected_horizon,11,7,0.0005712801830668468,-0.3763062564267952
2,29,selected_horizon,12,0,0.0004584237358358223,-0.5399009506533227
2,29,selected_horizon,12,1,0.0005400303962233011,-0.4414015382754057
2,29,selected_horizon,12,2,0.0005356554647732992,-0.3683597112841599
2,29,selected_horizon,12,3,0.0005101100250612944,-0.45027985518824715
2,29,selected_horizon,12,4,0.0004741407392430119,-0.4155640662332851
2,29,selected_horizon,12,5,0.00044966676978219766,-0.4647864408947933
2,29,selected_horizon,12,6,0.0005177914354135282,-0.43691421860512714
2,29,selected_horizon,12,7,0.0005289398395689204,-0.5194741787001812
2,29,selected_horizon,13,0,0.0006302028414211236,-0.3211774707373919
2,29,selected_horizon,13,1,0.0005797348312626127,-0.3834222908700193
2,29,selected_horizon,13,2,0.0006120882571849506,-0.30639554651705747
2,29,selected_horizon,13,3,0.0005914186040172353,-0.36989108700345136
2,29,selected_horizon,13,4,0.0005824380787089467,-0.3412453931945859
2,29,selected_horizon,13,5,0.0006092649564379826,-0.36436630951603705
2,29,selected_horizon,13,6,0.0005616116941382643,-0.3799775560800488
2,29,selected_horizon,13,7,0.0004940433827869128,-0.49269046042960996
2,29,selected_horizon,14,0,0.0005851260430063121,-0.31157978742355535
2,29,selected_horizon,14,1,0.0006011232180753723,-0.36731078654225363
2,29,selected_horizon,14,2,0.00048179278019233607,-0.49510185379175126
2,29,selected_horizon,14,3,0.0005928525279159658,-0.3236952886589563
2,29,selected_horizon,14,4,0.0005562409132835455,-0.3702784818622293
2,29,selected_horizon,14,5,0.0005980618843750563,-0.3237723052479015
2,29,selected_horizon,14,6,0.0004950681723130401,-0.4288840688232384
2,29,selected_horizon,14,7,0.0006216236652107909,-0.3147329686326406
2,29,selected_horizon,15,0,0.0005683817726094276,-0.3863054140965468
2,29,selected_horizon,15,1,0.0005255972901068162,-0.4885279441583786
2,29,selected_horizon,15,2,0.0005361735929909628,-0.38977787980284606
2,29,selected_horizon,15,3,0.0005377905654313508,-0.34443304367379635
2,29,selected_horizon,15,4,0.0005533990006370004,-0.40920870677491306
2,29,selected_horizon,15,5,0.0005832856259075925,-0.3331336687020899
2,29,selected_horizon,15,6,0.0005295942755765282,-0.4303114084924029
2,29,selected_horizon,15,7,0.0005250043686828576,-0.4321914477914487
2,29,selected_horizon,16,0,0.0005220543316681869,-0.4041630542018821
2,29,selected_horizon,16,1,0.0005362911942938808,-0.3803150362201724
2,29,selected_horizon,16,2,0.0005723258727812208,-0.34065682701097605
2,29,selected_horizon,16,3,0.0004383509913168382,-0.4903039932018086
2,29,selected_horizon,16,4,0.0005545379426621366,-0.34486626990541636
2,29,selected_horizon,16,5,0.0005220964303589426,-0.4540007178547643
2,29,selected_horizon,16,6,0.0006053114193491638,-0.3396545993622055
2,29,selected_horizon,16,7,0.0004307370436436031,-0.5476312843428859
2,29,selected_horizon,17,0,0.0006012271696818061,-0.3081377762287523
2,29,selected_horizon,17,1,0.0005589171632891521,-0.3857589992171519
2,29,selected_horizon,17,2,0.0005331398242560681,-0.4033989153520201
2,29,selected_horizon,17,3,0.0005898838171560783,-0.32537421418577267
2,29,selected_horizon,17,4,0.0005502792082552332,-0.40041383605959324
2,29,selected_horizon,17,5,0.0005726655326725449,-0.3741223313250986
2,29,selected_horizon,17,6,0.0005628004219033755,-0.3959706107342031
2,29,selected_horizon,17,7,0.0005899377101741266,-0.3097227194927527
2,29,selected_horizon,18,0,0.0005911839834880084,-0.30258812731759044
2,29,selected_horizon,18,1,0.0005693422790500335,-0.38984773287073304
2,29,selected_horizon,18,2,0.0005683968302037101,-0.37993557684648155
2,29,selected_horizon,18,3,0.0006074021694075782,-0.33254349928208865
2,29,selected_horizon,18,4,0.0005530582166102249,-0.3721866952222529
2,29,selected_horizon,18,5,0.0005623246797767933,-0.3796524730779423
2,29,selected_horizon,18,6,0.0005266267144179437,-0.3969934377413806
2,29,selected_horizon,18,7,0.0005502902240550611,-0.38340030908612277
2,29,selected_horizon,19,0,0.00055805017836974,-0.3734085239844877
2,29,selected_horizon,19,1,0.0005493898679560516,-0.35612228321444866
2,29,selected_horizon,19,2,0.000570788648474263,-0.3912118139741695
2,29,selected_horizon,19,3,0.0005792909068986773,-0.3508187935538635
2,29,selected_horizon,19,4,0.0005899122152186465,-0.33336637165184496
2,29,selected_horizon,19,5,0.0005359135902835988,-0.4060066779306636
2,29,selected_horizon,19,6,0.0005383698480727617,-0.47846733103185235
2,29,selected_horizon,19,7,0.0006035053629602771,-0.2786132378130631
2,29,selected_horizon,20,0,0.0005973400875518564,-0.3462528530985996
2,29,selected_horizon,20,1,0.0005634046756313182,-0.4025509292379255
2,29,selected_horizon,20,2,0.000578685987420613,-0.36555850844038396
2,29,selected_horizon,20,3,0.0005363008967833593,-0.3954230866799731
2,29,selected_horizon,20,4,0.0006028347888786811,-0.3432632959089852
2,29,selected_horizon,20,5,0.0005445567730930634,-0.4575451273810524
2,29,selected_horizon,20,6,0.0005910581894568168,-0.3232441858868199
2,29,selected_horizon,20,7,0.0005715952174796257,-0.37723247987529596
2,29,selected_horizon,21,0,0.0006029979595041368,-0.3889771092231119
2,29,selected_horizon,21,1,0.0005202314277994446,-0.3586271716444353
2,29,selected_horizon,21,2,0.000552649416931672,-0.345557822260401
2,29,selected_horizon,21,3,0.0005620322808681522,-0.4004878574817068
2,29,selected_horizon,21,4,0.0005240674836386461,-0.383272948802474
2,29,selected_horizon,21,5,0.0005593812202278059,-0.3667319979968899
2,29,selected_horizon,21,6,0.0005625916201097425,-0.3976243659117777
2,29,selected_horizon,21,7,0.0005776180732937064,-0.3584550003941005
2,29,selected_horizon,22,0,0.0005802756240882445,-0.37734348393055955
2,29,selected_horizon,22,1,0.0004940402250213083,-0.40623489907954846
2,29,selected_horizon,22,2,0.0005813240459247027,-0.3795325092314326
2,29,selected_horizon,22,3,0.0005631399872072507,-0.3969758127663155
2,29,selected_horizon,22,4,0.0005462714725581463,-0.452871536884994
2,29,selected_horizon,22,5,0.0005745415692217648,-0.31913014280627694
2,29,selected_horizon,22,6,0.0005929566723352764,-0.35853843424950915
2,29,selected_horizon,22,7,0.0005617812093987595,-0.3458583395665573
2,29,selected_horizon,23,0,0.0005774905148427933,-0.4083577834260849
2,29,selected_horizon,23,1,0.0005829885012644809,-0.32797320958708764
2,29,selected_horizon,23,2,0.0006061507301637903,-0.26138268436614537
2,29,selected_horizon,23,3,0.0005974442465230823,-0.32354603519076586
2,29,selected_horizon,23,4,0.0005698929744539782,-0.3346254444846022
2,29,selected_horizon,23,5,0.0005835106640006416,-0.33410177616684356
2,29,selected_horizon,23,6,0.0005510059017979074,-0.3637751593592342
2,29,selected_horizon,23,7,0.0005477489430631977,-0.37893451854295274
2,29,selected_horizon,24,0,0.0005373121639422607,-0.37113379648812683
2,29,selected_horizon,24,1,0.0005643330114253331,-0.36976819477216705
2,29,selected_horizon,24,2,0.0006051939017197583,-0.3179927275404765
2,29,selected_horizon,24,3,0.0004917878504784312,-0.42454485907426065
2,29,selected_horizon,24,4,0.0005489706745720468,-0.4066113561795438
2,29,selected_horizon,24,5,0.0005658052359649446,-0.3725515752361601
2,29,selected_horizon,24,6,0.0005304411897668615,-0.442153078929605
2,29,selected_horizon,24,7,0.0005327608414518181,-0.3975217284836387
2,29,selected_horizon,25,0,0.0005413216204033233,-0.40921594255952215
2,29,selected_horizon,25,1,0.0005522665196622256,-0.4120410935328088
2,29,selected_horizon,25,2,0.0005958920228295028,-0.33472347067231617
2,29,selected_horizon,25,3,0.000539395787200192,-0.4031623150139311
2,29,selected_horizon,25,4,0.0005676758664776571,-0.3161384747246416
2,29,selected_horizon,25,5,0.0004232056307955645,-0.47446866910652363
2,29,selected_horizon,25,6,0.0006070886265661102,-0.3468410957954227
2,29,selected_horizon,25,7,0.000551900127902627,-0.4495222356362804
2,29,selected_horizon,26,0,0.0005679995592799969,-0.3981985680890256
2,29,selected_horizon,26,1,0.0005471271106216591,-0.3859206042581084
2,29,selected_horizon,26,2,0.000520665931617259,-0.38703957727803573
2,29,selected_horizon,26,3,0.0005244974454399198,-0.41152063792962157
2,29,selected_horizon,26,4,0.0005673984815075528,-0.34296217530019435
2,29,selected_horizon,26,5,0.0005354264139896259,-0.3974250690049459
2,29,selected_horizon,26,6,0.0005684576426574495,-0.38026303732368827
2,29,selected_horizon,26,7,0.000564374615350971,-0.34841093198610706
2,29,selected_horizon,27,0,0.0006153464346425608,-0.39432993022315604
2,29,selected_horizon,27,1,0.0005547603104787413,-0.38136701779304355
2,29,selected_horizon,27,2,0.0005472423617902678,-0.4215533633210448
2,29,selected_horizon,27,3,0.0005032629560446367,-0.4231100854057359
2,29,selected_horizon,27,4,0.0005734461665269919,-0.3385921353760136
2,29,selected_horizon,27,5,0.0005463757515826728,-0.3957456933158544
2,29,selected_horizon,27,6,0.0006293557307799347,-0.28942742339243016
2,29,selected_horizon,27,7,0.0005665970493282657,-0.388557765791451
2,29,selected_horizon,28,0,0.0005783302294730674,-0.3323906195848936
2,29,selected_horizon,28,1,0.0005625834128295537,-0.36435822388572364
2,29,selected_horizon,28,2,0.0005278259595797863,-0.3885823815627668
2,29,selected_horizon,28,3,0.0005432117177406326,-0.3693249977023938
2,29,selected_horizon,28,4,0.0005645083765557501,-0.36521267991293144
2,29,selected_horizon,28,5,0.0005795518845843617,-0.31598244333568415
2,29,selected_horizon,28,6,0.0005330175117705949,-0.43211530495032424
2,29,selected_horizon,28,7,0.0005814398391521536,-0.3330589815804935
2,29,selected_horizon,29,0,0.0006073445729271043,-0.37337927291705225
2,29,selected_horizon,29,1,0.0006108264460635837,-0.28711584514448213
2,29,selected_horizon,29,2,0.0005688668243237771,-0.4063703735249885
2,29,selected_horizon,29,3,0.0005760395433753729,-0.4068418286123265
2,29,selected_horizon,29,4,0.0005585784565482754,-0.39492843051877025
2,29,selected_horizon,29,5,0.0005585340513789561,-0.4415650367524715
2,29,selected_horizon,29,6,0.000290577730993391,-0.670034980628713
2,29,selected_horizon,29,7,0.000533079157321481,-0.3958598432703703
2,29,selected_horizon,30,0,0.0005780196806881577,-0.3410940862441092
2,29,selected_horizon,30,1,0.0005365700380934868,-0.40660833566167887
2,29,selected_horizon,30,2,0.0005634054068650585,-0.4106629816883757
2,29,selected_horizon,30,3,0.0005151139594090637,-0.41686300128772164
2,29,selected_horizon,30,4,0.0005083699197712122,-0.4190421231822946
2,29,selected_horizon,30,5,0.0005682281880581286,-0.375172952322014
2,29,selected_horizon,30,6,0.0005728455071221106,-0.3570547900450108
2,29,selected_horizon,30,7,0.0005316527749528177,-0.42179149857812115
2,29,selected_horizon,31,0,0.0004469827817956684,-0.4578949584726667
2,29,selected_horizon,31,1,0.00043883324360649567,-0.4699994950684062
2,29,selected_horizon,31,2,0.0005300390330376104,-0.4619828645834697
2,29,selected_horizon,31,3,0.00047355589231301565,-0.4332921205929501
2,29,selected_horizon,31,4,0.0005403529430623166,-0.37931223308725015
2,29,selected_horizon,31,5,0.0005296667841321323,-0.359084802324524
2,29,selected_horizon,31,6,0.00044268005331105087,-0.5422668388741626
2,29,selected_horizon,31,7,0.0005453442681755405,-0.34208744091187065
2,29,horizon_1000,0,0,0.0001674035611358704,-0.8124606636634099
2,29,horizon_1000,0,1,0.00022466671180154663,-0.757743522022278
2,29,horizon_1000,0,2,0.00029520466887333896,-0.6885412723346516
2,29,horizon_1000,0,3,0.00021474698314705165,-0.7661407422485849
2,29,horizon_1000,0,4,0.00019581709693738958,-0.7544302434753671
2,29,horizon_1000,0,5,0.0001915731972985668,-0.7733588926160733
2,29,horizon_1000,0,6,0.0002672488390089711,-0.7018952615600103
2,29,horizon_1000,0,7,0.00015629324752808316,-0.8680433578845883
2,29,horizon_1000,1,0,0.00023417454758600798,-0.7481625360053217
2,29,horizon_1000,1,1,0.0002619580955069978,-0.7113448371044714
2,29,horizon_1000,1,2,0.00010080941592605086,-0.8928992603738961
2,29,horizon_1000,1,3,0.00024530979862902313,-0.7152107351421189
2,29,horizon_1000,1,4,0.0002470081262799795,-0.7381520260075056
2,29,horizon_1000,1,5,0.00027869911355082877,-0.6650446278560005
2,29,horizon_1000,1,6,0.0002817913173203124,-0.6432185173266605
2,29,horizon_1000,1,7,0.0002938908692158293,-0.635089014917361
2,29,horizon_1000,2,0,0.0004978447941539343,-0.3986577983444606
2,29,horizon_1000,2,1,0.0003759523606277071,-0.48570178677736436
2,29,horizon_1000,2,2,0.0005215115270402748,-0.4419526753342556
2,29,horizon_1000,2,3,0.0005181687520234846,-0.4396737960830156
2,29,horizon_1000,2,4,0.0005180737462069374,-0.40621867517653415
2,29,horizon_1000,2,5,0.0005750860218540765,-0.3581691200678665
2,29,horizon_1000,2,6,0.00048127843729162123,-0.5249761629562081
2,29,horizon_1000,2,7,0.00045828909242118243,-0.5362298546241727
2,29,horizon_1000,3,0,0.00046955396646808367,-0.4897265582172883
2,29,horizon_1000,3,1,0.0005173626996111125,-0.49817416959543365
2,29,horizon_1000,3,2,0.0004269564014975913,-0.5443303715094784
2,29,horizon_1000,3,3,0.0004807274181075627,-0.44784668166465935
2,29,horizon_1000,3,4,0.00034873010190494824,-0.5632800976539706
2,29,horizon_1000,3,5,0.0004343184755271068,-0.49022726768381364
2,29,horizon_1000,3,6,0.0005179443724045996,-0.4306707943469107
2,29,horizon_1000,3,7,0.00039157658284239005,-0.5995157703772998
2,29,horizon_1000,4,0,0.00047875983909762,-0.4512793229883452
2,29,horizon_1000,4,1,0.00046824967648717575,-0.497816939426695
2,29,horizon_1000,4,2,0.000489837988425279,-0.4732387321364004
2,29,horizon_1000,4,3,0.0003998182564828312,-0.5197528322102184
2,29,horizon_1000,4,4,0.00048177938333537895,-0.4168374952384566
2,29,horizon_1000,4,5,0.00044591320511244703,-0.46806308331664753
2,29,horizon_1000,4,6,0.0003823403167189099,-0.5588685155556125
2,29,horizon_1000,4,7,0.00048583857824269217,-0.42156258057146667
2,29,horizon_1000,5,0,0.0005285240076773334,-0.41306518634441236
2,29,horizon_1000,5,1,0.0005231140239629894,-0.42127520315659917
2,29,horizon_1000,5,2,0.0005420177876658272,-0.42761604849511936
2,29,horizon_1000,5,3,0.00045055679584038444,-0.4861563149135601
2,29,horizon_1000,5,4,0.0005177755447220989,-0.4199885716705719
2,29,horizon_1000,5,5,0.0005072063650004566,-0.41932420030466566
2,29,horizon_1000,5,6,0.00029448735585901886,-0.6261211978378011
2,29,horizon_1000,5,7,0.0004921509935229551,-0.43588884706285724
2,29,horizon_1000,6,0,0.00047893208102323115,-0.4860660026728674
2,29,horizon_1000,6,1,0.0004938984347973019,-0.431266893469918
2,29,horizon_1000,6,2,0.0004977851876901696,-0.41104609066529785
2,29,horizon_1000,6,3,0.0004925014327454846,-0.4217803077132061
2,29,horizon_1000,6,4,0.00044685864668281283,-0.5177647514635336
2,29,horizon_1000,6,5,0.00048470161891600583,-0.4437809272523927
2,29,horizon_1000,6,6,0.000510135680087842,-0.39186745694347647
2,29,horizon_1000,6,7,0.0005245245556579903,-0.3770388569432501
2,29,horizon_1000,7,0,0.00048595131738693453,-0.48108369178996196
2,29,horizon_1000,7,1,0.0004965226871718187,-0.4526695690745125
2,29,horizon_1000,7,2,0.0005172716737433802,-0.5233697452495549
2,29,horizon_1000,7,3,0.00045144539944885764,-0.5096593391119485
2,29,horizon_1000,7,4,0.0004945120708725881,-0.45971381921666754
2,29,horizon_1000,7,5,0.0004804654799954733,-0.4302197050830707
2,29,horizon_1000,7,6,0.0005167727031221148,-0.4261468053168643
2,29,horizon_1000,7,7,0.0005035102440160699,-0.4254132045538509
2,29,horizon_1000,8,0,0.0005418890759756323,-0.3729909799016011
2,29,horizon_1000,8,1,0.0004502515566855436,-0.5677977104016612
2,29,horizon_1000,8,2,0.0005282920319586992,-0.5148759911471166
2,29,horizon_1000,8,3,0.0005398926259658765,-0.35573538900573354
2,29,horizon_1000,8,4,0.0004831234491575742,-0.5765775972308678
2,29,horizon_1000,8,5,0.000371571370124002,-0.5998512385890225
2,29,horizon_1000,8,6,0.0005235992357484065,-0.4078825908292689
2,29,horizon_1000,8,7,0.0006005039140291046,-0.29042097982836784
2,29,horizon_1000,9,0,0.0006056282509234734,-0.3336623170776586
2,29,horizon_1000,9,1,0.00040629077011544723,-0.6120295762027567
2,29,horizon_1000,9,2,0.00044236865142011084,-0.4446031419744982
2,29,horizon_1000,9,3,0.0005659731759806164,-0.3835025221376312
2,29,horizon_1000,9,4,0.0005603711288131308,-0.438299768250438
2,29,horizon_1000,9,5,0.000548380190593889,-0.3452376574528922
2,29,horizon_1000,9,6,0.0005292320820444729,-0.37945438738803855
2,29,horizon_1000,9,7,0.0005560439567489084,-0.36298898379645866
2,29,horizon_1000,10,0,0.0005536672324524261,-0.40197910789942704
2,29,horizon_1000,10,1,0.0005137727748660836,-0.41211767333649896
2,29,horizon_1000,10,2,0.0004925725879729725,-0.5121401074847943
2,29,horizon_1000,10,3,0.0005329522136889864,-0.3678040024131342
2,29,horizon_1000,10,4,0.0005907768281758763,-0.32257286330349394
2,29,horizon_1000,10,5,0.0005767231232312042,-0.2969648807430446
2,29,horizon_1000,10,6,0.0005513500873348676,-0.42221094132261766
2,29,horizon_1000,10,7,0.0005397733439167496,-0.4169678848775322
2,29,horizon_1000,11,0,0.0005662557159666903,-0.4029904797901313
2,29,horizon_1000,11,1,0.0006031027514836751,-0.3126129064796532
2,29,horizon_1000,11,2,0.0005453483099699952,-0.4095618738690463
2,29,horizon_1000,11,3,0.0005599741234618705,-0.34824096785951725
2,29,horizon_1000,11,4,0.0005229768685239833,-0.4577717210999462
2,29,horizon_1000,11,5,0.0005571502188104205,-0.3970080460382796
2,29,horizon_1000,11,6,0.000564010777452495,-0.39930826925352714
2,29,horizon_1000,11,7,0.0005712801830668468,-0.3763062564267952
2,29,horizon_1000,12,0,0.0004584237358358223,-0.5399009506533227
2,29,horizon_1000,12,1,0.0005400303962233011,-0.4414015382754057
2,29,horizon_1000,12,2,0.0005356554647732992,-0.3683597112841599
2,29,horizon_1000,12,3,0.0005101100250612944,-0.45027985518824715
2,29,horizon_1000,12,4,0.0004741407392430119,-0.4155640662332851
2,29,horizon_1000,12,5,0.00044966676978219766,-0.4647864408947933
2,29,horizon_1000,12,6,0.0005177914354135282,-0.43691421860512714
2,29,horizon_1000,12,7,0.0005289398395689204,-0.5194741787001812
2,29,horizon_1000,13,0,0.0006302028414211236,-0.3211774707373919
2,29,horizon_1000,13,1,0.0005797348312626127,-0.3834222908700193
2,29,horizon_1000,13,2,0.0006120882571849506,-0.30639554651705747
2,29,horizon_1000,13,3,0.0005914186040172353,-0.36989108700345136
2,29,horizon_1000,13,4,0.0005824380787089467,-0.3412453931945859
2,29,horizon_1000,13,5,0.0006092649564379826,-0.36436630951603705
2,29,horizon_1000,13,6,0.0005616116941382643,-0.3799775560800488
2,29,horizon_1000,13,7,0.0004940433827869128,-0.49269046042960996
2,29,horizon_1000,14,0,0.0005851260430063121,-0.31157978742355535
2,29,horizon_1000,14,1,0.0006011232180753723,-0.36731078654225363
2,29,horizon_1000,14,2,0.00048179278019233607,-0.49510185379175126
2,29,horizon_1000,14,3,0.0005928525279159658,-0.3236952886589563
2,29,horizon_1000,14,4,0.0005562409132835455,-0.3702784818622293
2,29,horizon_1000,14,5,0.0005980618843750563,-0.3237723052479015
2,29,horizon_1000,14,6,0.0004950681723130401,-0.4288840688232384
2,29,horizon_1000,14,7,0.0006216236652107909,-0.3147329686326406
2,29,horizon_1000,15,0,0.0005683817726094276,-0.3863054140965468
2,29,horizon_1000,15,1,0.0005255972901068162,-0.4885279441583786
2,29,horizon_1000,15,2,0.0005361735929909628,-0.38977787980284606
2,29,horizon_1000,15,3,0.0005377905654313508,-0.34443304367379635
2,29,horizon_1000,15,4,0.0005533990006370004,-0.40920870677491306
2,29,horizon_1000,15,5,0.0005832856259075925,-0.3331336687020899
2,29,horizon_1000,15,6,0.0005295942755765282,-0.4303114084924029
2,29,horizon_1000,15,7,0.0005250043686828576,-0.4321914477914487
2,29,horizon_1000,16,0,0.0005220543316681869,-0.4041630542018821
2,29,horizon_1000,16,1,0.0005362911942938808,-0.3803150362201724
2,29,horizon_1000,16,2,0.0005723258727812208,-0.34065682701097605
2,29,horizon_1000,16,3,0.0004383509913168382,-0.4903039932018086
2,29,horizon_1000,16,4,0.0005545379426621366,-0.34486626990541636
2,29,horizon_1000,16,5,0.0005220964303589426,-0.4540007178547643
2,29,horizon_1000,16,6,0.0006053114193491638,-0.3396545993622055
2,29,horizon_1000,16,7,0.0004307370436436031,-0.5476312843428859
2,29,horizon_1000,17,0,0.0006012271696818061,-0.3081377762287523
2,29,horizon_1000,17,1,0.0005589171632891521,-0.3857589992171519
2,29,horizon_1000,17,2,0.0005331398242560681,-0.4033989153520201
2,29,horizon_1000,17,3,0.0005898838171560783,-0.32537421418577267
2,29,horizon_1000,17,4,0.0005502792082552332,-0.40041383605959324
2,29,horizon_1000,17,5,0.0005726655326725449,-0.3741223313250986
2,29,horizon_1000,17,6,0.0005628004219033755,-0.3959706107342031
2,29,horizon_1000,17,7,0.0005899377101741266,-0.3097227194927527
2,29,horizon_1000,18,0,0.0005911839834880084,-0.30258812731759044
2,29,horizon_1000,18,1,0.0005693422790500335,-0.38984773287073304
2,29,horizon_1000,18,2,0.0005683968302037101,-0.37993557684648155
2,29,horizon_1000,18,3,0.0006074021694075782,-0.33254349928208865
2,29,horizon_1000,18,4,0.0005530582166102249,-0.3721866952222529
2,29,horizon_1000,18,5,0.0005623246797767933,-0.3796524730779423
2,29,horizon_1000,18,6,0.0005266267144179437,-0.3969934377413806
2,29,horizon_1000,18,7,0.0005502902240550611,-0.38340030908612277
2,29,horizon_1000,19,0,0.00055805017836974,-0.3734085239844877
2,29,horizon_1000,19,1,0.0005493898679560516,-0.35612228321444866
2,29,horizon_1000,19,2,0.000570788648474263,-0.3912118139741695
2,29,horizon_1000,19,3,0.0005792909068986773,-0.3508187935538635
2,29,horizon_1000,19,4,0.0005899122152186465,-0.33336637165184496
2,29,horizon_1000,19,5,0.0005359135902835988,-0.4060066779306636
2,29,horizon_1000,19,6,0.0005383698480727617,-0.47846733103185235
2,29,horizon_1000,19,7,0.0006035053629602771,-0.2786132378130631
2,29,horizon_1000,20,0,0.0005973400875518564,-0.3462528530985996
2,29,horizon_1000,20,1,0.0005634046756313182,-0.4025509292379255
2,29,horizon_1000,20,2,0.000578685987420613,-0.36555850844038396
2,29,horizon_1000,20,3,0.0005363008967833593,-0.3954230866799731
2,29,horizon_1000,20,4,0.0006028347888786811,-0.3432632959089852
2,29,horizon_1000,20,5,0.0005445567730930634,-0.4575451273810524
2,29,horizon_1000,20,6,0.0005910581894568168,-0.3232441858868199
2,29,horizon_1000,20,7,0.0005715952174796257,-0.37723247987529596
2,29,horizon_1000,21,0,0.0006029979595041368,-0.3889771092231119
2,29,horizon_1000,21,1,0.0005202314277994446,-0.3586271716444353
2,29,horizon_1000,21,2,0.000552649416931672,-0.345557822260401
2,29,horizon_1000,21,3,0.0005620322808681522,-0.4004878574817068
2,29,horizon_1000,21,4,0.0005240674836386461,-0.383272948802474
2,29,horizon_1000,21,5,0.0005593812202278059,-0.3667319979968899
2,29,horizon_1000,21,6,0.0005625916201097425,-0.3976243659117777
2,29,horizon_1000,21,7,0.0005776180732937064,-0.3584550003941005
2,29,horizon_1000,22,0,0.0005802756240882445,-0.37734348393055955
2,29,horizon_1000,22,1,0.0004940402250213083,-0.40623489907954846
2,29,horizon_1000,22,2,0.0005813240459247027,-0.3795325092314326
2,29,horizon_1000,22,3,0.0005631399872072507,-0.3969758127663155
2,29,horizon_1000,22,4,0.0005462714725581463,-0.452871536884994
2,29,horizon_1000,22,5,0.0005745415692217648,-0.31913014280627694
2,29,horizon_1000,22,6,0.0005929566723352764,-0.35853843424950915
2,29,horizon_1000,22,7,0.0005617812093987595,-0.3458583395665573
2,29,horizon_1000,23,0,0.0005774905148427933,-0.4083577834260849
2,29,horizon_1000,23,1,0.0005829885012644809,-0.32797320958708764
2,29,horizon_1000,23,2,0.0006061507301637903,-0.26138268436614537
2,29,horizon_1000,23,3,0.0005974442465230823,-0.32354603519076586
2,29,horizon_1000,23,4,0.0005698929744539782,-0.3346254444846022
2,29,horizon_1000,23,5,0.0005835106640006416,-0.33410177616684356
2,29,horizon_1000,23,6,0.0005510059017979074,-0.3637751593592342
2,29,horizon_1000,23,7,0.0005477489430631977,-0.37893451854295274
2,29,horizon_1000,24,0,0.0005373121639422607,-0.37113379648812683
2,29,horizon_1000,24,1,0.0005643330114253331,-0.36976819477216705
2,29,horizon_1000,24,2,0.0006051939017197583,-0.3179927275404765
2,29,horizon_1000,24,3,0.0004917878504784312,-0.42454485907426065
2,29,horizon_1000,24,4,0.0005489706745720468,-0.4066113561795438
2,29,horizon_1000,24,5,0.0005658052359649446,-0.3725515752361601
2,29,horizon_1000,24,6,0.0005304411897668615,-0.442153078929605
2,29,horizon_1000,24,7,0.0005327608414518181,-0.3975217284836387
2,29,horizon_1000,25,0,0.0005413216204033233,-0.40921594255952215
2,29,horizon_1000,25,1,0.0005522665196622256,-0.4120410935328088
2,29,horizon_1000,25,2,0.0005958920228295028,-0.33472347067231617
2,29,horizon_1000,25,3,0.000539395787200192,-0.4031623150139311
2,29,horizon_1000,25,4,0.0005676758664776571,-0.3161384747246416
2,29,horizon_1000,25,5,0.0004232056307955645,-0.47446866910652363
2,29,horizon_1000,25,6,0.0006070886265661102,-0.3468410957954227
2,29,horizon_1000,25,7,0.000551900127902627,-0.4495222356362804
2,29,horizon_1000,26,0,0.0005679995592799969,-0.3981985680890256
2,29,horizon_1000,26,1,0.0005471271106216591,-0.3859206042581084
2,29,horizon_1000,26,2,0.000520665931617259,-0.38703957727803573
2,29,horizon_1000,26,3,0.0005244974454399198,-0.41152063792962157
2,29,horizon_1000,26,4,0.0005673984815075528,-0.34296217530019435
2,29,horizon_1000,26,5,0.0005354264139896259,-0.3974250690049459
2,29,horizon_1000,26,6,0.0005684576426574495,-0.38026303732368827
2,29,horizon_1000,26,7,0.000564374615350971,-0.34841093198610706
2,29,horizon_1000,27,0,0.0006153464346425608,-0.39432993022315604
2,29,horizon_1000,27,1,0.0005547603104787413,-0.38136701779304355
2,29,horizon_1000,27,2,0.0005472423617902678,-0.4215533633210448
2,29,horizon_1000,27,3,0.0005032629560446367,-0.4231100854057359
2,29,horizon_1000,27,4,0.0005734461665269919,-0.3385921353760136
2,29,horizon_1000,27,5,0.0005463757515826728,-0.3957456933158544
2,29,horizon_1000,27,6,0.0006293557307799347,-0.28942742339243016
2,29,horizon_1000,27,7,0.0005665970493282657,-0.388557765791451
2,29,horizon_1000,28,0,0.0005783302294730674,-0.3323906195848936
2,29,horizon_1000,28,1,0.0005625834128295537,-0.36435822388572364
2,29,horizon_1000,28,2,0.0005278259595797863,-0.3885823815627668
2,29,horizon_1000,28,3,0.0005432117177406326,-0.3693249977023938
2,29,horizon_1000,28,4,0.0005645083765557501,-0.36521267991293144
2,29,horizon_1000,28,5,0.0005795518845843617,-0.31598244333568415
2,29,horizon_1000,28,6,0.0005330175117705949,-0.43211530495032424
2,29,horizon_1000,28,7,0.0005814398391521536,-0.3330589815804935
2,29,horizon_1000,29,0,0.0006073445729271043,-0.37337927291705225
2,29,horizon_1000,29,1,0.0006108264460635837,-0.28711584514448213
2,29,horizon_1000,29,2,0.0005688668243237771,-0.4063703735249885
2,29,horizon_1000,29,3,0.0005760395433753729,-0.4068418286123265
2,29,horizon_1000,29,4,0.0005585784565482754,-0.39492843051877025
2,29,horizon_1000,29,5,0.0005585340513789561,-0.4415650367524715
2,29,horizon_1000,29,6,0.000290577730993391,-0.670034980628713
2,29,horizon_1000,29,7,0.000533079157321481,-0.3958598432703703
2,29,horizon_1000,30,0,0.0005780196806881577,-0.3410940862441092
2,29,horizon_1000,30,1,0.0005365700380934868,-0.40660833566167887
2,29,horizon_1000,30,2,0.0005634054068650585,-0.4106629816883757
2,29,horizon_1000,30,3,0.0005151139594090637,-0.41686300128772164
2,29,horizon_1000,30,4,0.0005083699197712122,-0.4190421231822946
2,29,horizon_1000,30,5,0.0005682281880581286,-0.375172952322014
2,29,horizon_1000,30,6,0.0005728455071221106,-0.3570547900450108
2,29,horizon_1000,30,7,0.0005316527749528177,-0.42179149857812115
2,29,horizon_1000,31,0,0.0004469827817956684,-0.4578949584726667
2,29,horizon_1000,31,1,0.00043883324360649567,-0.4699994950684062
2,29,horizon_1000,31,2,0.0005300390330376104,-0.4619828645834697
2,29,horizon_1000,31,3,0.00047355589231301565,-0.4332921205929501
2,29,horizon_1000,31,4,0.0005403529430623166,-0.37931223308725015
2,29,horizon_1000,31,5,0.0005296667841321323,-0.359084802324524
2,29,horizon_1000,31,6,0.00044268005331105087,-0.5422668388741626
2,29,horizon_1000,31,7,0.0005453442681755405,-0.34208744091187065
2,43,random_initialization,0,0,0.0008164581158780493,0.0
2,43,random_initialization,0,1,0.0008680801365699153,0.0
2,43,random_initialization,0,2,0.0009350777545478195,0.0
2,43,random_initialization,0,3,0.0008724531508050859,0.0
2,43,random_initialization,0,4,0.0009013064845930785,0.0
2,43,random_initialization,0,5,0.0008378847123822197,0.0
2,43,random_initialization,0,6,0.0008337120489159133,0.0
2,43,random_initialization,0,7,0.0009563622988935094,0.0
2,43,random_initialization,1,0,0.000919973615964409,0.0
2,43,random_initialization,1,1,0.0011221937675145455,0.0
2,43,random_initialization,1,2,0.0009405817654624116,0.0
2,43,random_initialization,1,3,0.0008658782353450079,0.0
2,43,random_initialization,1,4,0.000928459943679627,0.0
2,43,random_initialization,1,5,0.001028995364322327,0.0
2,43,random_initialization,1,6,0.0009732724174682517,0.0
2,43,random_initialization,1,7,0.0008436292337137274,0.0
2,43,random_initialization,2,0,0.0008070590374700259,0.0
2,43,random_initialization,2,1,0.0007984894291439559,0.0
2,43,random_initialization,2,2,0.0009125970645982306,0.0
2,43,random_initialization,2,3,0.0008742290847294498,0.0
2,43,random_initialization,2,4,0.0009212666409439407,0.0
2,43,random_initialization,2,5,0.0008904863025236409,0.0
2,43,random_initialization,2,6,0.0009466338415222708,0.0
2,43,random_initialization,2,7,0.0008759556549193803,0.0
2,43,random_initialization,3,0,0.0008432201284449548,0.0
2,43,random_initialization,3,1,0.001030448758683633,0.0
2,43,random_initialization,3,2,0.0009260337319574319,0.0
2,43,random_initialization,3,3,0.0008768980660533998,0.0
2,43,random_initialization,3,4,0.0009474336402490735,0.0
2,43,random_initialization,3,5,0.0008512847271049395,0.0
2,43,random_initialization,3,6,0.0008782706609054003,0.0
2,43,random_initialization,3,7,0.0009000163445307408,0.0
2,43,random_initialization,4,0,0.0008591559562773909,0.0
2,43,random_initialization,4,1,0.0008768433690420352,0.0
2,43,random_initialization,4,2,0.0008442053622275125,0.0
2,43,random_initialization,4,3,0.0009279448204324581,0.0
2,43,random_initialization,4,4,0.0008807399390207138,0.0
2,43,random_initialization,4,5,0.0009818016696954146,0.0
2,43,random_initialization,4,6,0.0008903177877073176,0.0
2,43,random_initialization,4,7,0.0010232757340418175,0.0
2,43,random_initialization,5,0,0.0008318958643940277,0.0
2,43,random_initialization,5,1,0.0008364455097762402,0.0
2,43,random_initialization,5,2,0.0008814612046990078,0.0
2,43,random_initialization,5,3,0.0008441968966508284,0.0
2,43,random_initialization,5,4,0.0009694461878098082,0.0
2,43,random_initialization,5,5,0.0008657461221446283,0.0
2,43,random_initialization,5,6,0.0010064065863844007,0.0
2,43,random_initialization,5,7,0.0008531696330464911,0.0
2,43,random_initialization,6,0,0.00100839418155374,0.0
2,43,random_initialization,6,1,0.0009964421842596494,0.0
2,43,random_initialization,6,2,0.0008942955464590341,0.0
2,43,random_initialization,6,3,0.0010671696218196303,0.0
2,43,random_initialization,6,4,0.0010259200716973282,0.0
2,43,random_initialization,6,5,0.0009240993676939979,0.0
2,43,random_initialization,6,6,0.0008666567846375983,0.0
2,43,random_initialization,6,7,0.0009690933620731812,0.0
2,43,random_initialization,7,0,0.0008770843232923653,0.0
2,43,random_initialization,7,1,0.0008389471186092123,0.0
2,43,random_initialization,7,2,0.0010049658012576401,0.0
2,43,random_initialization,7,3,0.0009294274568674155,0.0
2,43,random_initialization,7,4,0.0008484727586619556,0.0
2,43,random_initialization,7,5,0.0009833247859205585,0.0
2,43,random_initialization,7,6,0.0009640028038120363,0.0
2,43,random_initialization,7,7,0.0009070138839888386,0.0
2,43,random_initialization,8,0,0.0009118682391999755,0.0
2,43,random_initialization,8,1,0.0009282985702157021,0.0
2,43,random_initialization,8,2,0.0009163983886537608,0.0
2,43,random_initialization,8,3,0.0008867029318935238,0.0
2,43,random_initialization,8,4,0.0010198249729000963,0.0
2,43,random_initialization,8,5,0.0009137531960732304,0.0
2,43,random_initialization,8,6,0.000890520415850915,0.0
2,43,random_initialization,8,7,0.0009174623992294073,0.0
2,43,random_initialization,9,0,0.0008686865694471635,0.0
2,43,random_initialization,9,1,0.0009233671480615158,0.0
2,43,random_initialization,9,2,0.001004161524178926,0.0
2,43,random_initialization,9,3,0.0009466329101996962,0.0
2,43,random_initialization,9,4,0.0008589542012487072,0.0
2,43,random_initialization,9,5,0.001042248073645169,0.0
2,43,random_initialization,9,6,0.0009784646317712031,0.0
2,43,random_initialization,9,7,0.0008949142720666714,0.0
2,43,random_initialization,10,0,0.0008789864768914413,0.0
2,43,random_initialization,10,1,0.000835224589536665,0.0
2,43,random_initialization,10,2,0.0009534603959764354,0.0
2,43,random_initialization,10,3,0.0008738102187635377,0.0
2,43,random_initialization,10,4,0.0008925314104999416,0.0
2,43,random_initialization,10,5,0.0009036638111865614,0.0
2,43,random_initialization,10,6,0.000967342835792806,0.0
2,43,random_initialization,10,7,0.0008982817998912651,0.0
2,43,random_initialization,11,0,0.000857852184708463,0.0
2,43,random_initialization,11,1,0.0008782193945080508,0.0
2,43,random_initialization,11,2,0.0008585268005845137,0.0
2,43,random_initialization,11,3,0.0009115422762988601,0.0
2,43,random_initialization,11,4,0.0010010642508859746,0.0
2,43,random_initialization,11,5,0.000902014180610422,0.0
2,43,random_initialization,11,6,0.0008726797677809373,0.0
2,43,random_initialization,11,7,0.0008762813413341064,0.0
2,43,random_initialization,12,0,0.0008675105091242585,0.0
2,43,random_initialization,12,1,0.0009553681666147895,0.0
2,43,random_initialization,12,2,0.0009609378394088708,0.0
2,43,random_initialization,12,3,0.0008849449004628696,0.0
2,43,random_initialization,12,4,0.0009103568554564845,0.0
2,43,random_initialization,12,5,0.000950187910348177,0.0
2,43,random_initialization,12,6,0.000956241310632322,0.0
2,43,random_initialization,12,7,0.0009668926686572377,0.0
2,43,random_initialization,13,0,0.0009047847888723481,0.0
2,43,random_initialization,13,1,0.000914419892069418,0.0
2,43,random_initialization,13,2,0.0009270948503399268,0.0
2,43,random_initialization,13,3,0.0009408091682416853,0.0
2,43,random_initialization,13,4,0.0008659245395392645,0.0
2,43,random_initialization,13,5,0.0008548464502382558,0.0
2,43,random_initialization,13,6,0.0009947436774382368,0.0
2,43,random_initialization,13,7,0.0009475938604737166,0.0
2,43,random_initialization,14,0,0.0008807889644231182,0.0
2,43,random_initialization,14,1,0.0009013847229653038,0.0
2,43,random_initialization,14,2,0.0009475944716541562,0.0
2,43,random_initialization,14,3,0.0008879519155016169,0.0
2,43,random_initialization,14,4,0.0008958296457421966,0.0
2,43,random_initialization,14,5,0.0009078230068553239,0.0
2,43,random_initialization,14,6,0.0008724345789232757,0.0
2,43,random_initialization,14,7,0.0009186788192891981,0.0
2,43,random_initialization,15,0,0.000933341736526927,0.0
2,43,random_initialization,15,1,0.0008964909684436861,0.0
2,43,random_initialization,15,2,0.0009248127462342381,0.0
2,43,random_initialization,15,3,0.0008639313236926682,0.0
2,43,random_initialization,15,4,0.0009654302193666808,0.0
2,43,random_initialization,15,5,0.0009271783019357827,0.0
2,43,random_initialization,15,6,0.0008887003532436211,0.0
2,43,random_initialization,15,7,0.0009492860190221108,0.0
2,43,random_initialization,16,0,0.000916336037334986,0.0
2,43,random_initialization,16,1,0.0009641239557822701,0.0
2,43,random_initialization,16,2,0.0009141271402768325,0.0
2,43,random_initialization,16,3,0.000921177434065612,0.0
2,43,random_initialization,16,4,0.000896795707376441,0.0
2,43,random_initialization,16,5,0.0008533144282409921,0.0
2,43,random_initialization,16,6,0.0008871367062965874,0.0
2,43,random_initialization,16,7,0.0008163120583049022,0.0
2,43,random_initialization,17,0,0.0008877145046426449,0.0
2,43,random_initialization,17,1,0.0008582783339079469,0.0
2,43,random_initialization,17,2,0.000866622223838931,0.0
2,43,random_initialization,17,3,0.0008895581122487783,0.0
2,43,random_initialization,17,4,0.0008197263996407855,0.0
2,43,random_initialization,17,5,0.0009065750455192756,0.0
2,43,random_initialization,17,6,0.0008662203290441539,0.0
2,43,random_initialization,17,7,0.0009178495383821428,0.0
2,43,random_initialization,18,0,0.0009102220283239149,0.0
2,43,random_initialization,18,1,0.0009572466260578949,0.0
2,43,random_initialization,18,2,0.0008848353863868397,0.0
2,43,random_initialization,18,3,0.0009377095157105941,0.0
2,43,random_initialization,18,4,0.0008993115479825065,0.0
2,43,random_initialization,18,5,0.000905099390365649,0.0
2,43,random_initialization,18,6,0.0008380908184335567,0.0
2,43,random_initialization,18,7,0.0008712711787666194,0.0
2,43,random_initialization,19,0,0.0009535949939163402,0.0
2,43,random_initialization,19,1,0.0009469778524362482,0.0
2,43,random_initialization,19,2,0.0009700640621304046,0.0
2,43,random_initialization,19,3,0.0009055646733031608,0.0
2,43,random_initialization,19,4,0.0008400739679927938,0.0
2,43,random_initialization,19,5,0.0010390151946921833,0.0
2,43,random_initialization,19,6,0.000817663825728232,0.0
2,43,random_initialization,19,7,0.0008081773448793683,0.0
2,43,random_initialization,20,0,0.0009766367329575587,0.0
2,43,random_initialization,20,1,0.000905923021491617,0.0
2,43,random_initialization,20,2,0.000870642234076513,0.0
2,43,random_initialization,20,3,0.0008909938915167004,0.0
2,43,random_initialization,20,4,0.0009616216884751339,0.0
2,43,random_initialization,20,5,0.0009174006881949026,0.0
2,43,random_initialization,20,6,0.0008758622243476566,0.0
2,43,random_initialization,20,7,0.0008806949736026581,0.0
2,43,random_initialization,21,0,0.0009035844013851602,0.0
2,43,random_initialization,21,1,0.0008417252647632267,0.0
2,43,random_initialization,21,2,0.0008635064223199151,0.0
2,43,random_initialization,21,3,0.0009583387218299322,0.0
2,43,random_initialization,21,4,0.0009348686180601362,0.0
2,43,random_initialization,21,5,0.0009131281294685323,0.0
2,43,random_initialization,21,6,0.0008768419975240249,0.0
2,43,random_initialization,21,7,0.0009141401387751102,0.0
2,43,random_initialization,22,0,0.0008994923955469858,0.0
2,43,random_initialization,22,1,0.0008060300096985884,0.0
2,43,random_initialization,22,2,0.0008527640711690765,0.0
2,43,random_initialization,22,3,0.0008602413399785291,0.0
2,43,random_initialization,22,4,0.0008189173022401519,0.0
2,43,random_initialization,22,5,0.0009639653653721325,0.0
2,43,random_initialization,22,6,0.00098596598036238,0.0
2,43,random_initialization,22,7,0.0008701815349922981,0.0
2,43,random_initialization,23,0,0.000876866171893198,0.0
2,43,random_initialization,23,1,0.0008501583979523275,0.0
2,43,random_initialization,23,2,0.0008859385598043445,0.0
2,43,random_initialization,23,3,0.0008924213398131542,0.0
2,43,random_initialization,23,4,0.0009760512948560063,0.0
2,43,random_initialization,23,5,0.0008983541338238865,0.0
2,43,random_initialization,23,6,0.0009328678970632609,0.0
2,43,random_initialization,23,7,0.0009775216640264262,0.0
2,43,random_initialization,24,0,0.0008708685891178902,0.0
2,43,random_initialization,24,1,0.0007684507727390155,0.0
2,43,random_initialization,24,2,0.0008643669098091777,0.0
2,43,random_initialization,24,3,0.0009082680844585411,0.0
2,43,random_initialization,24,4,0.0008938303144532256,0.0
2,43,random_initialization,24,5,0.0008826776283967774,0.0
2,43,random_initialization,24,6,0.0009678801507106982,0.0
2,43,random_initialization,24,7,0.0009590265253791586,0.0
2,43,random_initialization,25,0,0.0009863221275736578,0.0
2,43,random_initialization,25,1,0.0008736822928767651,0.0
2,43,random_initialization,25,2,0.0008394602955377195,0.0
2,43,random_initialization,25,3,0.0009217493134201504,0.0
2,43,random_initialization,25,4,0.0008057090890360996,0.0
2,43,random_initialization,25,5,0.0008017645923246164,0.0
2,43,random_initialization,25,6,0.0009218115083058365,0.0
2,43,random_initialization,25,7,0.0008246538418461569,0.0
2,43,random_initialization,26,0,0.0009075659472728148,0.0
2,43,random_initialization,26,1,0.0009286647182307206,0.0
2,43,random_initialization,26,2,0.0008997664081107359,0.0
2,43,random_initialization,26,3,0.0009144926189037506,0.0
2,43,random_initialization,26,4,0.0008662511354486924,0.0
2,43,random_initialization,26,5,0.0009412163926754147,0.0
2,43,random_initialization,26,6,0.0009132940976996906,0.0
2,43,random_initialization,26,7,0.0008600097316957545,0.0
2,43,random_initialization,27,0,0.000852904369821772,0.0
2,43,random_initialization,27,1,0.0009713867839309387,0.0
2,43,random_initialization,27,2,0.0008218503644457087,0.0
2,43,random_initialization,27,3,0.0009800067673495505,0.0
2,43,random_initialization,27,4,0.0008737284188100602,0.0
2,43,random_initialization,27,5,0.000935875217692228,0.0
2,43,random_initialization,27,6,0.0008888405754987616,0.0
2,43,random_initialization,27,7,0.0008913258825486992,0.0
2,43,random_initialization,28,0,0.0009432950573682319,0.0
2,43,random_initialization,28,1,0.0008930451222113334,0.0
2,43,random_initialization,28,2,0.0008914770514820702,0.0
2,43,random_initialization,28,3,0.0008306643576361239,0.0
2,43,random_initialization,28,4,0.0009112524057854898,0.0
2,43,random_initialization,28,5,0.0008381701045436785,0.0
2,43,random_initialization,28,6,0.0009440909088880289,0.0
2,43,random_initialization,28,7,0.0008901849760150071,0.0
2,43,random_initialization,29,0,0.0009760206485225353,0.0
2,43,random_initialization,29,1,0.0008929179239203222,0.0
2,43,random_initialization,29,2,0.0009485823247814551,0.0
2,43,random_initialization,29,3,0.0008835632288537454,0.0
2,43,random_initialization,29,4,0.0008464307102258317,0.0
2,43,random_initialization,29,5,0.0010016566229751334,0.0
2,43,random_initialization,29,6,0.0010533588356338441,0.0
2,43,random_initialization,29,7,0.0009182965004583821,0.0
2,43,random_initialization,30,0,0.0008760147393331863,0.0
2,43,random_initialization,30,1,0.000905670636711875,0.0
2,43,random_initialization,30,2,0.0008833917272568215,0.0
2,43,random_initialization,30,3,0.0008777478033152875,0.0
2,43,random_initialization,30,4,0.0008125936874421313,0.0
2,43,random_initialization,30,5,0.0009157661515928339,0.0
2,43,random_initialization,30,6,0.0009041542652994394,0.0
2,43,random_initialization,30,7,0.0008953828764788341,0.0
2,43,random_initialization,31,0,0.0007870574445405509,0.0
2,43,random_initialization,31,1,0.0009344930840597954,0.0
2,43,random_initialization,31,2,0.0009802445674722549,0.0
2,43,random_initialization,31,3,0.0007887066858529579,0.0
2,43,random_initialization,31,4,0.0009091477550100535,0.0
2,43,random_initialization,31,5,0.00088133652752731,0.0
2,43,random_initialization,31,6,0.0010079257845063694,0.0
2,43,random_initialization,31,7,0.0009268922258343082,0.0
2,43,existing_80_step,0,0,0.0002574201062088832,-0.6847111919120994
2,43,existing_80_step,0,1,0.0003242433758714469,-0.6264822080221251
2,43,existing_80_step,0,2,0.0003775247678277083,-0.5962637695190707
2,43,existing_80_step,0,3,0.00029986662411829457,-0.6562948694246993
2,43,existing_80_step,0,4,0.0002588187053333968,-0.712840515676254
2,43,existing_80_step,0,5,0.0002696152987482492,-0.6782190977304069
2,43,existing_80_step,0,6,0.00036474364787864033,-0.5625064452973646
2,43,existing_80_step,0,7,0.00021395160274551017,-0.7762860340761576
2,43,existing_80_step,1,0,0.00034195401713077445,-0.6283001912263496
2,43,existing_80_step,1,1,0.00037882293145230506,-0.6624264521702622
2,43,existing_80_step,1,2,0.00017107992698583985,-0.8181126476529842
2,43,existing_80_step,1,3,0.0003555698694981402,-0.589353496849977
2,43,existing_80_step,1,4,0.0003548575386957964,-0.6177998403577408
2,43,existing_80_step,1,5,0.0004296550923754694,-0.582451867838656
2,43,existing_80_step,1,6,0.0003978641780122416,-0.5912098495021616
2,43,existing_80_step,1,7,0.00039463544271711726,-0.5322169657636228
2,43,existing_80_step,2,0,0.0005779443017672747,-0.28388844565941745
2,43,existing_80_step,2,1,0.0004733055338874692,-0.40724884186019805
2,43,existing_80_step,2,2,0.0006032521778251976,-0.3389720379050547
2,43,existing_80_step,2,3,0.000652950577205047,-0.2531127268465136
2,43,existing_80_step,2,4,0.0006242455492611043,-0.3224051305911881
2,43,existing_80_step,2,5,0.000634028732747538,-0.2879972089961422
2,43,existing_80_step,2,6,0.0005923854187130928,-0.3742190562715519
2,43,existing_80_step,2,7,0.0005524425432668068,-0.3693259011865715
2,43,existing_80_step,3,0,0.0005628266408166382,-0.3325270331786447
2,43,existing_80_step,3,1,0.0005952163446636405,-0.4223717194593827
2,43,existing_80_step,3,2,0.0005052713368058903,-0.454370484174634
2,43,existing_80_step,3,3,0.0005730420562031213,-0.3465123503097962
2,43,existing_80_step,3,4,0.0004201580450171605,-0.5565303709221219
2,43,existing_80_step,3,5,0.0005505479894054588,-0.35327397300105484
2,43,existing_80_step,3,6,0.0006181944918353111,-0.2961230297753307
2,43,existing_80_step,3,7,0.0005031115215388127,-0.44099735010798075
2,43,existing_80_step,4,0,0.0005885343598492909,-0.3149854161526943
2,43,existing_80_step,4,1,0.0005604235593636986,-0.360862408099214
2,43,existing_80_step,4,2,0.0005754994381277356,-0.31829450051202224
2,43,existing_80_step,4,3,0.0005089700352982618,-0.4515082965158832
2,43,existing_80_step,4,4,0.0006138714670669287,-0.3030048486849745
2,43,existing_80_step,4,5,0.0005461437322082929,-0.44373313973103784
2,43,existing_80_step,4,6,0.00048411482202936895,-0.45624491758608277
2,43,existing_80_step,4,7,0.0005716864361602347,-0.44131731346531466
2,43,existing_80_step,5,0,0.0006310095122898929,-0.24148016681206264
2,43,existing_80_step,5,1,0.0006826156641182024,-0.1839089861325088
2,43,existing_80_step,5,2,0.0006529094607685693,-0.25928735457901636
2,43,existing_80_step,5,3,0.0005528008114197291,-0.34517549920776924
2,43,existing_80_step,5,4,0.0006513585794891696,-0.3281127022009012
2,43,existing_80_step,5,5,0.0006327014307316858,-0.26918363877350515
2,43,existing_80_step,5,6,0.0003712930902111111,-0.6310704885735969
2,43,existing_80_step,5,7,0.0005920829535170924,-0.3060196582444133
2,43,existing_80_step,6,0,0.0005847982283739839,-0.4200698109216347
2,43,existing_80_step,6,1,0.0006010795077600051,-0.3967743264436325
2,43,existing_80_step,6,2,0.0006038415776856709,-0.3247852121409041
2,43,existing_80_step,6,3,0.0005625249068543781,-0.4728814470044442
2,43,existing_80_step,6,4,0.0005372041414375417,-0.4763684264908015
2,43,existing_80_step,6,5,0.0006079804734326899,-0.34208322753228654
2,43,existing_80_step,6,6,0.0006226819750736468,-0.28151260555350316
2,43,existing_80_step,6,7,0.0006470803746196907,-0.3322827294623174
2,43,existing_80_step,7,0,0.0006065387678972911,-0.30846014255449317
2,43,existing_80_step,7,1,0.0005855758681718726,-0.3020109907015032
2,43,existing_80_step,7,2,0.0006361099367495626,-0.3670332503319832
2,43,existing_80_step,7,3,0.0005575994728133082,-0.40006132948485634
2,43,existing_80_step,7,4,0.0005818027166242246,-0.3142941706911965
2,43,existing_80_step,7,5,0.0006217250993358903,-0.36773169126022764
2,43,existing_80_step,7,6,0.0006651604562648572,-0.3100015335696556
2,43,existing_80_step,7,7,0.0005992693695588969,-0.339294160610367
2,43,existing_80_step,8,0,0.0006804817203374114,-0.2537499486390383
2,43,existing_80_step,8,1,0.0005541421633097343,-0.4030561059886451
2,43,existing_80_step,8,2,0.0006674326905340422,-0.27167845470075824
2,43,existing_80_step,8,3,0.0006656502482655924,-0.24929734150746627
2,43,existing_80_step,8,4,0.0005778181439382024,-0.4334144002229622
2,43,existing_80_step,8,5,0.0004567343494272791,-0.5001556750881391
2,43,existing_80_step,8,6,0.000646805165160913,-0.27367733108861503
2,43,existing_80_step,8,7,0.0007203487912192941,-0.214846524692099
2,43,existing_80_step,9,0,0.0007258608929987531,-0.16441566092049215
2,43,existing_80_step,9,1,0.0005354984423320275,-0.42005902694693664
2,43,existing_80_step,9,2,0.0005210946874285582,-0.4810648736470535
2,43,existing_80_step,9,3,0.000691740344336722,-0.26926231183870786
2,43,existing_80_step,9,4,0.0006815119595557917,-0.20657939787122337
2,43,existing_80_step,9,5,0.0006762401426385622,-0.35117160708824996
2,43,existing_80_step,9,6,0.0006579376276931725,-0.3275815943370554
2,43,existing_80_step,9,7,0.0006730025452270638,-0.2479698153959881
2,43,existing_80_step,10,0,0.0006824098563811276,-0.22364009649558209
2,43,existing_80_step,10,1,0.0006321175860648509,-0.24317651325912984
2,43,existing_80_step,10,2,0.0005943523210589774,-0.3766365928075038
2,43,existing_80_step,10,3,0.0006677542914985679,-0.2358131352097757
2,43,existing_80_step,10,4,0.0007200169020507019,-0.19328676438693354
2,43,existing_80_step,10,5,0.0006902953500684816,-0.23611486758323866
2,43,existing_80_step,10,6,0.0006722448015352711,-0.30506044324573006
2,43,existing_80_step,10,7,0.0007056314061628655,-0.2144654313954925
2,43,existing_80_step,11,0,0.0006772072047169786,-0.2105782129037484
2,43,existing_80_step,11,1,0.000734452700271504,-0.16370248156166042
2,43,existing_80_step,11,2,0.0006584246511920355,-0.233076182661091
2,43,existing_80_step,11,3,0.0007023778016446158,-0.2294621764593474
2,43,existing_80_step,11,4,0.0006296426072367467,-0.37102677807194456
2,43,existing_80_step,11,5,0.000688896827341523,-0.2362682958317525
2,43,existing_80_step,11,6,0.00069371821518871,-0.2050712749389083
2,43,existing_80_step,11,7,0.0006830008169345092,-0.2205690287839915
2,43,existing_80_step,12,0,0.0005726031340600457,-0.3399467464226091
2,43,existing_80_step,12,1,0.0006553710845764726,-0.3140120139247612
2,43,existing_80_step,12,2,0.0006649611277680378,-0.3080081764944396
2,43,existing_80_step,12,3,0.000626284130703425,-0.2922902540306772
2,43,existing_80_step,12,4,0.0005728614269173704,-0.3707287164546942
2,43,existing_80_step,12,5,0.0005536922144528944,-0.4172813520117245
2,43,existing_80_step,12,6,0.000614840624621138,-0.3570235694852277
2,43,existing_80_step,12,7,0.0006454088907048572,-0.3324916905191119
2,43,existing_80_step,13,0,0.0007248457477544434,-0.1988749626772201
2,43,existing_80_step,13,1,0.0007046797982184216,-0.22936956607137543
2,43,existing_80_step,13,2,0.0007221784107969142,-0.2210307170489387
2,43,existing_80_step,13,3,0.0007102648814907297,-0.2450489371631323
2,43,existing_80_step,13,4,0.0007034044429019559,-0.18768390225293907
2,43,existing_80_step,13,5,0.0007269321613421198,-0.1496342282996961
2,43,existing_80_step,13,6,0.0006847078293503728,-0.31167410773225446
2,43,existing_80_step,13,7,0.0006259113251871895,-0.3394730049493072
2,43,existing_80_step,14,0,0.0006897469429532066,-0.21689874554120522
2,43,existing_80_step,14,1,0.00072061632090481,-0.2005452249798691
2,43,existing_80_step,14,2,0.0005679356800101232,-0.4006553467764396
2,43,existing_80_step,14,3,0.0007134102997952141,-0.19656651746485812
2,43,existing_80_step,14,4,0.0006820788366894703,-0.23860653648678182
2,43,existing_80_step,14,5,0.0007146269090299029,-0.21281251561870793
2,43,existing_80_step,14,6,0.0006132827838882804,-0.2970443873910067
2,43,existing_80_step,14,7,0.0007492672157241032,-0.1844078692226435
2,43,existing_80_step,15,0,0.0007044723133731168,-0.2452150313190321
2,43,existing_80_step,15,1,0.0006302676665654872,-0.2969614990548809
2,43,existing_80_step,15,2,0.0006733307236572728,-0.27192750489326584
2,43,existing_80_step,15,3,0.0006575827319466043,-0.2388483738083209
2,43,existing_80_step,15,4,0.0006978131023060996,-0.2771998552480957
2,43,existing_80_step,15,5,0.0007013313843344804,-0.24358520591969662
2,43,existing_80_step,15,6,0.0006494084518635646,-0.2692604999049201
2,43,existing_80_step,15,7,0.000657720273011364,-0.30714214701181186
2,43,existing_80_step,16,0,0.0006440502293116879,-0.2971462399483895
2,43,existing_80_step,16,1,0.0006325917311187368,-0.34386887980035197
2,43,existing_80_step,16,2,0.0006915045414643828,-0.24353570636249913
2,43,existing_80_step,16,3,0.0005320513155311346,-0.4224225476486883
2,43,existing_80_step,16,4,0.0006720791134284809,-0.2505772408360029
2,43,existing_80_step,16,5,0.0006480366573669016,-0.24056521732234928
2,43,existing_80_step,16,6,0.0007079317365423776,-0.20200378192253265
2,43,existing_80_step,16,7,0.000506284633956966,-0.3797903279681032
2,43,existing_80_step,17,0,0.0006730602399329655,-0.24180551696188612
2,43,existing_80_step,17,1,0.0006590315460925922,-0.2321470552660189
2,43,existing_80_step,17,2,0.0006251008126127999,-0.2786928428355419
2,43,existing_80_step,17,3,0.0006732419569743797,-0.24317259580440154
2,43,existing_80_step,17,4,0.0006451533190556802,-0.21296505841657104
2,43,existing_80_step,17,5,0.0006874787286506034,-0.2416747713843991
2,43,existing_80_step,17,6,0.0006653032651229296,-0.2319468352156198
2,43,existing_80_step,17,7,0.0007162647016230039,-0.21962732270309196
2,43,existing_80_step,18,0,0.0006754202186129987,-0.2579610275344366
2,43,existing_80_step,18,1,0.0006802378338761628,-0.2893807976346719
2,43,existing_80_step,18,2,0.0006945206587261055,-0.21508489668103173
2,43,existing_80_step,18,3,0.0006924006083863787,-0.261604370238603
2,43,existing_80_step,18,4,0.0006648026101174764,-0.2607649578070265
2,43,existing_80_step,18,5,0.0006891766788612586,-0.23856243170947264
2,43,existing_80_step,18,6,0.0006250585247471463,-0.25418759996032514
2,43,existing_80_step,18,7,0.000666918043862097,-0.2345459598397446
2,43,existing_80_step,19,0,0.0006840310416009743,-0.28268180310834873
2,43,existing_80_step,19,1,0.0006279502158577088,-0.33689028286964795
2,43,existing_80_step,19,2,0.0006743271624145564,-0.304863267552007
2,43,existing_80_step,19,3,0.0006956953766348306,-0.23175517205502905
2,43,existing_80_step,19,4,0.0006493719592981506,-0.22700621131052476
2,43,existing_80_step,19,5,0.0006495335655927192,-0.3748565286524526
2,43,existing_80_step,19,6,0.0006295262865023687,-0.23009155267239964
2,43,existing_80_step,19,7,0.0006653802593064029,-0.17669028521738614
2,43,existing_80_step,20,0,0.0006932500255061314,-0.2901659315979695
2,43,existing_80_step,20,1,0.0006348822716972791,-0.2991873960196584
2,43,existing_80_step,20,2,0.000667163072648691,-0.23371156769537096
2,43,existing_80_step,20,3,0.0006420432328013703,-0.2794078175907044
2,43,existing_80_step,20,4,0.0006577355525223538,-0.31601422845886457
2,43,existing_80_step,20,5,0.0006610827585973311,-0.2793958331358004
2,43,existing_80_step,20,6,0.0007156031642807648,-0.1829729101357842
2,43,existing_80_step,20,7,0.0006750138563802466,-0.2335441025410103
2,43,existing_80_step,21,0,0.0007100933216861449,-0.21413725093350533
2,43,existing_80_step,21,1,0.000567074392165523,-0.3262951512747591
2,43,existing_80_step,21,2,0.0006540695867442992,-0.2425423021324363
2,43,existing_80_step,21,3,0.0006878181557112839,-0.28228074266068853
2,43,existing_80_step,21,4,0.0005850625057064462,-0.37417676194922656
2,43,existing_80_step,21,5,0.0006691168091492727,-0.2672257183241977
2,43,existing_80_step,21,6,0.0006756784532626625,-0.22941823593007205
2,43,existing_80_step,21,7,0.0006972205628699157,-0.23729356879116256
2,43,existing_80_step,22,0,0.0006885698239784688,-0.2344906667501663
2,43,existing_80_step,22,1,0.0005782014995929785,-0.2826551212290538
2,43,existing_80_step,22,2,0.0006785039586247876,-0.20434739036952052
2,43,existing_80_step,22,3,0.0006644134737143759,-0.22764293828176282
2,43,existing_80_step,22,4,0.0006147921485535335,-0.24926223090931546
2,43,existing_80_step,22,5,0.0006729958149662707,-0.3018464779525921
2,43,existing_80_step,22,6,0.0006785906989534851,-0.3117503925398346
2,43,existing_80_step,22,7,0.0006693371869914699,-0.2308074119299783
2,43,existing_80_step,23,0,0.0006275444357015658,-0.28433271140262384
2,43,existing_80_step,23,1,0.0006773980894649867,-0.20320955354137232
2,43,existing_80_step,23,2,0.0006568981880263891,-0.2585285054400815
2,43,existing_80_step,23,3,0.0006953481679374818,-0.22082973936608635
2,43,existing_80_step,23,4,0.0006647366462857462,-0.3189531638459506
2,43,existing_80_step,23,5,0.0006804364311392419,-0.24257438629137007
2,43,existing_80_step,23,6,0.0006790414081478957,-0.27209264003448963
2,43,existing_80_step,23,7,0.0006017934247211087,-0.3843681967698672
2,43,existing_80_step,24,0,0.00064058103816933,-0.2644343289288001
2,43,existing_80_step,24,1,0.0006390113085217308,-0.1684421030067016
2,43,existing_80_step,24,2,0.0006504448247142136,-0.24748990581116845
2,43,existing_80_step,24,3,0.000546540619325242,-0.39826068021419125
2,43,existing_80_step,24,4,0.0006599425978492945,-0.26166903585833845
2,43,existing_80_step,24,5,0.0006638576014665887,-0.24790480679524568
2,43,existing_80_step,24,6,0.000653182443784317,-0.32514119304472144
2,43,existing_80_step,24,7,0.0005823268147651106,-0.39279383900785936
2,43,existing_80_step,25,0,0.0006234000247786753,-0.36795494357179953
2,43,existing_80_step,25,1,0.0006434735987568274,-0.2634924571515943
2,43,existing_80_step,25,2,0.0006337727791105863,-0.24502351989784021
2,43,existing_80_step,25,3,0.0006486662678071298,-0.2962660689160116
2,43,existing_80_step,25,4,0.0006539292189700063,-0.18838048637092242
2,43,existing_80_step,25,5,0.00047192879537760746,-0.4113873325219953
2,43,existing_80_step,25,6,0.0006637988662987482,-0.27989739733373503
2,43,existing_80_step,25,7,0.0005904183526581619,-0.2840409845949553
2,43,existing_80_step,26,0,0.0006811913990532048,-0.2494304120817368
2,43,existing_80_step,26,1,0.0006452353372878861,-0.3052009787588575
2,43,existing_80_step,26,2,0.0006225481956789736,-0.3081002023779094
2,43,existing_80_step,26,3,0.0006359740618790966,-0.3045607490616256
2,43,existing_80_step,26,4,0.0006641270701948088,-0.23333194841838717
2,43,existing_80_step,26,5,0.0006202277290867642,-0.3410359892651655
2,43,existing_80_step,26,6,0.0006581117668247316,-0.2794087156784277
2,43,existing_80_step,26,7,0.000677924352203263,-0.2117247895944831
2,43,existing_80_step,27,0,0.0006911439922987483,-0.18965828203791013
2,43,existing_80_step,27,1,0.0006538129564432893,-0.3269282975031988
2,43,existing_80_step,27,2,0.0006130597721494269,-0.2540494003882315
2,43,existing_80_step,27,3,0.0005602892051683739,-0.42828026924376433
2,43,existing_80_step,27,4,0.0006718498443660792,-0.231054146915493
2,43,existing_80_step,27,5,0.0006508671467599925,-0.3045364013752134
2,43,existing_80_step,27,6,0.000684304006426828,-0.23011614760854107
2,43,existing_80_step,27,7,0.000641295966488542,-0.2805145917508979
2,43,existing_80_step,28,0,0.0006776837362849619,-0.28157819656589583
2,43,existing_80_step,28,1,0.0006033901991031598,-0.3243452272500387
2,43,existing_80_step,28,2,0.0006060599989723414,-0.3201619739231944
2,43,existing_80_step,28,3,0.0006631663964071777,-0.201643370982723
2,43,existing_80_step,28,4,0.0006603998954233248,-0.27528323521509157
2,43,existing_80_step,28,5,0.0006615765596507117,-0.21068938624231753
2,43,existing_80_step,28,6,0.000640598671452608,-0.32146505657265656
2,43,existing_80_step,28,7,0.0006681342420051806,-0.24944336288830282
2,43,existing_80_step,29,0,0.0006693187351629604,-0.3142371156018566
2,43,existing_80_step,29,1,0.0006595844315597787,-0.2613157224306817
2,43,existing_80_step,29,2,0.0006561743466590997,-0.3082578817708032
2,43,existing_80_step,29,3,0.0006308070696832146,-0.2860645972087743
2,43,existing_80_step,29,4,0.0006480851479864214,-0.23433171769782646
2,43,existing_80_step,29,5,0.0006638777122134343,-0.3372202639248007
2,43,existing_80_step,29,6,0.0003238116860302398,-0.6925912850625204
2,43,existing_80_step,29,7,0.0006403097504517063,-0.30272003635853373
2,43,existing_80_step,30,0,0.0006793812244723085,-0.2244637059537985
2,43,existing_80_step,30,1,0.0006102042534621432,-0.3262404358415009
2,43,existing_80_step,30,2,0.0006621085340157151,-0.25049271621351105
2,43,existing_80_step,30,3,0.0006200410534802359,-0.29359999405487913
2,43,existing_80_step,30,4,0.0006012799167365301,-0.26004850144820973
2,43,existing_80_step,30,5,0.0006519573180412408,-0.28807445338827864
2,43,existing_80_step,30,6,0.000662317281239666,-0.2674731440653895
2,43,existing_80_step,30,7,0.0006439363605750259,-0.28082569201305485
2,43,existing_80_step,31,0,0.0005282776546664536,-0.32879403106994487
2,43,existing_80_step,31,1,0.0005399985057010781,-0.4221482053616512
2,43,existing_80_step,31,2,0.0006079030717955902,-0.3798455079805413
2,43,existing_80_step,31,3,0.0005517638383025769,-0.3004194738049365
2,43,existing_80_step,31,4,0.0006338589810184203,-0.30279871723226004
2,43,existing_80_step,31,5,0.0006392269569914788,-0.274707291680168
2,43,existing_80_step,31,6,0.0005125293209857773,-0.4915009330406325
2,43,existing_80_step,31,7,0.000636587315966608,-0.31320244336540076
2,43,selected_horizon,0,0,0.00017294898952968651,-0.788171632853829
2,43,selected_horizon,0,1,0.00022210514089238131,-0.7441421229035426
2,43,selected_horizon,0,2,0.00029432047995214816,-0.685244913034559
2,43,selected_horizon,0,3,0.00022215062290342757,-0.7453724332378988
2,43,selected_horizon,0,4,0.00018429075407766504,-0.7955293152463354
2,43,selected_horizon,0,5,0.000195462943338498,-0.7667185706458703
2,43,selected_horizon,0,6,0.0002582266624813201,-0.6902687650765086
2,43,selected_horizon,0,7,0.00015885593165876344,-0.8338956566538054
2,43,selected_horizon,1,0,0.00023923113531054696,-0.7399586997288387
2,43,selected_horizon,1,1,0.00026853327290154994,-0.7607068576968644
2,43,selected_horizon,1,2,0.0001021893831421039,-0.8913551305219433
2,43,selected_horizon,1,3,0.0002579431920821662,-0.7021022338326945
2,43,selected_horizon,1,4,0.00024726768424443435,-0.7336797500768044
2,43,selected_horizon,1,5,0.000295013554932666,-0.7132994324741635
2,43,selected_horizon,1,6,0.00028026207110087853,-0.7120414941687991
2,43,selected_horizon,1,7,0.00028376222144288477,-0.6636410758388026
2,43,selected_horizon,2,0,0.0004897064809483709,-0.39322099349323186
2,43,selected_horizon,2,1,0.00037799008350702934,-0.5266185503391514
2,43,selected_horizon,2,2,0.0005265916297503281,-0.422974661898393
2,43,selected_horizon,2,3,0.000528894172020955,-0.3950164993828438
2,43,selected_horizon,2,4,0.0005146199982846156,-0.4413995086619767
2,43,selected_horizon,2,5,0.0005572593327087816,-0.3742078557193896
2,43,selected_horizon,2,6,0.00048148698442673776,-0.49136935179449726
2,43,selected_horizon,2,7,0.00046144967382133473,-0.47320429837991645
2,43,selected_horizon,3,0,0.00046636330625915434,-0.44692579016204254
2,43,selected_horizon,3,1,0.0005172453093109652,-0.49803878654603806
2,43,selected_horizon,3,2,0.0004230010454193689,-0.5432120550023187
2,43,selected_horizon,3,3,0.0004823307062906679,-0.4499580681464341
2,43,selected_horizon,3,4,0.00034657148535188753,-0.6341997258396098
2,43,selected_horizon,3,5,0.0004415850398800103,-0.4812722161928611
2,43,selected_horizon,3,6,0.0005293899739626795,-0.39723595751571983
2,43,selected_horizon,3,7,0.0003925376386177959,-0.5638549888530514
2,43,selected_horizon,4,0,0.00048122918997250963,-0.4398814482325048
2,43,selected_horizon,4,1,0.00046639654465252534,-0.46809594379202446
2,43,selected_horizon,4,2,0.0004911217656626832,-0.4182437264236112
2,43,selected_horizon,4,3,0.00039676331471127924,-0.5724279009107759
2,43,selected_horizon,4,4,0.000491297098051291,-0.4421768829995839
2,43,selected_horizon,4,5,0.0004476810972846579,-0.5440208434117427
2,43,selected_horizon,4,6,0.0003844279963232111,-0.568212607193705
2,43,selected_horizon,4,7,0.0004832375434489222,-0.5277543213692839
2,43,selected_horizon,5,0,0.0005244911189947743,-0.3695231080673471
2,43,selected_horizon,5,1,0.0005435165694507305,-0.35020684181073786
2,43,selected_horizon,5,2,0.0005469227835419588,-0.3795271072324547
2,43,selected_horizon,5,3,0.0004497959016589448,-0.46719076622596656
2,43,selected_horizon,5,4,0.000517404603670002,-0.46628847461979034
2,43,selected_horizon,5,5,0.0005086107266834006,-0.4125174647927167
2,43,selected_horizon,5,6,0.0002897279991884716,-0.7121163522693711
2,43,selected_horizon,5,7,0.0004915316530968994,-0.42387582251170586
2,43,selected_horizon,6,0,0.00048545064237259794,-0.5185903972347277
2,43,selected_horizon,6,1,0.0004907223301415797,-0.5075255364603181
2,43,selected_horizon,6,2,0.0004980726171197603,-0.44305591245323733
2,43,selected_horizon,6,3,0.0004911436208203668,-0.539769863404734
2,43,selected_horizon,6,4,0.00044383672684489284,-0.5673768950532477
2,43,selected_horizon,6,5,0.00048613142644171603,-0.47394031049408597
2,43,selected_horizon,6,6,0.0005138541400810936,-0.4070846162059792
2,43,selected_horizon,6,7,0.0005202406500757206,-0.4631676673929848
2,43,selected_horizon,7,0,0.0004853132868447574,-0.446674311743474
2,43,selected_horizon,7,1,0.0005048770308349049,-0.3982016033717612
2,43,selected_horizon,7,2,0.0005196565616643056,-0.48291119855621556
2,43,selected_horizon,7,3,0.0004513687854341697,-0.5143582405500655
2,43,selected_horizon,7,4,0.0004955869844707195,-0.4159070171536658
2,43,selected_horizon,7,5,0.00047703915333840996,-0.5148712204057578
2,43,selected_horizon,7,6,0.0005260053803795017,-0.45435285219143035
2,43,selected_horizon,7,7,0.000502016981045017,-0.4465167624146373
2,43,selected_horizon,8,0,0.0005348150007193908,-0.4134953080626989
2,43,selected_horizon,8,1,0.0004504283187998226,-0.5147807685460941
2,43,selected_horizon,8,2,0.0005194133991608396,-0.4332013176890389
2,43,selected_horizon,8,3,0.0005429366719909012,-0.3876904513764508
2,43,selected_horizon,8,4,0.0004840590427193092,-0.5253508635479076
2,43,selected_horizon,8,5,0.00037140914901101496,-0.5935345007742667
2,43,selected_horizon,8,6,0.0005210432100284379,-0.41490032035866603
2,43,selected_horizon,8,7,0.0006031376433384139,-0.34260233024808456
2,43,selected_horizon,9,0,0.0006044956426194403,-0.30412686936768873
2,43,selected_horizon,9,1,0.00040699517376197036,-0.5592271453274014
2,43,selected_horizon,9,2,0.0004387966237118235,-0.5630218713362725
2,43,selected_horizon,9,3,0.0005521242492250167,-0.416749361578245
2,43,selected_horizon,9,4,0.000555824939510785,-0.3529050341650895
2,43,selected_horizon,9,5,0.0005540838683373295,-0.46837621258490697
2,43,selected_horizon,9,6,0.0005252134760667104,-0.4632269179561695
2,43,selected_horizon,9,7,0.0005617892893496901,-0.3722423399815479
2,43,selected_horizon,10,0,0.0005685508222086355,-0.3531745514227586
2,43,selected_horizon,10,1,0.0005150568722456228,-0.3833312875386643
2,43,selected_horizon,10,2,0.0004906736103293952,-0.48537599212298893
2,43,selected_horizon,10,3,0.0005386871234804858,-0.38351931356131214
2,43,selected_horizon,10,4,0.0005874259295524098,-0.34184284985178315
2,43,selected_horizon,10,5,0.0005724685324821621,-0.3665027575570623
2,43,selected_horizon,10,6,0.000555211150640389,-0.42604511027845254
2,43,selected_horizon,10,7,0.0005237325531197712,-0.4169618563092698
2,43,selected_horizon,11,0,0.0005654296801367309,-0.3408774958952987
2,43,selected_horizon,11,1,0.0006116227086749859,-0.30356501746628295
2,43,selected_horizon,11,2,0.0005502991698449478,-0.3590192298361732
2,43,selected_horizon,11,3,0.0005631274434563238,-0.3822256431782921
2,43,selected_horizon,11,4,0.0005220472557994071,-0.4785077427973497
2,43,selected_horizon,11,5,0.0005679473906639032,-0.3703564723566154
2,43,selected_horizon,11,6,0.0005668834346579388,-0.35041070552212045
2,43,selected_horizon,11,7,0.0005658131703967229,-0.35430193054745074
2,43,selected_horizon,12,0,0.00046318307977344375,-0.4660778458568513
2,43,selected_horizon,12,1,0.0005401435591920745,-0.43462261140017266
2,43,selected_horizon,12,2,0.0005326138489181176,-0.4457353773832451
2,43,selected_horizon,12,3,0.0005131062498548999,-0.42018282766924786
2,43,selected_horizon,12,4,0.0004794860215042718,-0.4732988293213425
2,43,selected_horizon,12,5,0.0004471780757739907,-0.5293793249693827
2,43,selected_horizon,12,6,0.000521118981851032,-0.45503402116518266
2,43,selected_horizon,12,7,0.0005294013208185788,-0.45247147074371813
2,43,selected_horizon,13,0,0.0006264810435823165,-0.30759109648260924
2,43,selected_horizon,13,1,0.0005711851954401936,-0.37535786306272495
2,43,selected_horizon,13,2,0.0006257794047996867,-0.3250103756155698
2,43,selected_horizon,13,3,0.0005908954117330723,-0.37192851464509047
2,43,selected_horizon,13,4,0.0005924495017097797,-0.31581855617002563
2,43,selected_horizon,13,5,0.0006155030678201001,-0.2799840630459983
2,43,selected_horizon,13,6,0.0005621387754217722,-0.43489082849016136
2,43,selected_horizon,13,7,0.0005037464143242687,-0.4683941767283737
2,43,selected_horizon,14,0,0.0005759429332101718,-0.3461056433791816
2,43,selected_horizon,14,1,0.0006045067311788443,-0.3293576918075712
2,43,selected_horizon,14,2,0.00048412840988021344,-0.48909747327345543
2,43,selected_horizon,14,3,0.0006077187645132653,-0.3155949619524654
2,43,selected_horizon,14,4,0.0005597309027507436,-0.37518153656658076
2,43,selected_horizon,14,5,0.0005949707410763949,-0.3446181286621512
2,43,selected_horizon,14,6,0.0004954828436893877,-0.4320687697857036
2,43,selected_horizon,14,7,0.0006173397923703305,-0.32801346955187255
2,43,selected_horizon,15,0,0.0005699987123080064,-0.38929259241203784
2,43,selected_horizon,15,1,0.000523501614225097,-0.4160547817521251
2,43,selected_horizon,15,2,0.0005380087495723274,-0.4182511521785843
2,43,selected_horizon,15,3,0.0005417774227680638,-0.37289295119852167
2,43,selected_horizon,15,4,0.0005520954400708433,-0.4281353235109875
2,43,selected_horizon,15,5,0.0005853057045897003,-0.36872368198469857
2,43,selected_horizon,15,6,0.0005370241269702092,-0.3957196877325942
2,43,selected_horizon,15,7,0.0005234853670117445,-0.44854832313763227
2,43,selected_horizon,16,0,0.0005181188935239334,-0.43457544785557306
2,43,selected_horizon,16,1,0.0005409662880992983,-0.4389037998123701
2,43,selected_horizon,16,2,0.0005757757062383462,-0.3701360775001392
2,43,selected_horizon,16,3,0.0004447614719538251,-0.5171815379900563
2,43,selected_horizon,16,4,0.0005526419809029903,-0.3837593374306685
2,43,selected_horizon,16,5,0.0005099737354612444,-0.4023612884262422
2,43,selected_horizon,16,6,0.0006022892157488968,-0.32108635402632113
2,43,selected_horizon,16,7,0.0004304096910345834,-0.4727387808917796
2,43,selected_horizon,17,0,0.0005989012170175556,-0.32534478834651115
2,43,selected_horizon,17,1,0.0005629609986499418,-0.344081079052007
2,43,selected_horizon,17,2,0.0005309314437909052,-0.3873553790958593
2,43,selected_horizon,17,3,0.0005921757001488004,-0.33430352441866157
2,43,selected_horizon,17,4,0.0005542947219510097,-0.3238052084281918
2,43,selected_horizon,17,5,0.0005679226778738666,-0.3735513891753251
2,43,selected_horizon,17,6,0.0005614133224298712,-0.3518816130194351
2,43,selected_horizon,17,7,0.0005903115416003857,-0.35685369233730335
2,43,selected_horizon,18,0,0.0005825774205732159,-0.3599611935936384
2,43,selected_horizon,18,1,0.0005648790356644895,-0.40989184992925193
2,43,selected_horizon,18,2,0.0005696289699699264,-0.35623170283009986
2,43,selected_horizon,18,3,0.0006039594518369995,-0.35592052579383243
2,43,selected_horizon,18,4,0.0005468856579682324,-0.39188409267611174
2,43,selected_horizon,18,5,0.0005641517163894605,-0.3766963911426897
2,43,selected_horizon,18,6,0.0005207768335822038,-0.37861527399194306
2,43,selected_horizon,18,7,0.0005495151344803162,-0.3692949475750873
2,43,selected_horizon,19,0,0.0005676579276041593,-0.404718007932453
2,43,selected_horizon,19,1,0.0005419259578047786,-0.4277311170365922
2,43,selected_horizon,19,2,0.000576116955926409,-0.40610421680690795
2,43,selected_horizon,19,3,0.000575595742702717,-0.3643791993307786
2,43,selected_horizon,19,4,0.0005837727476318832,-0.305093634758492
2,43,selected_horizon,19,5,0.0005438774605863728,-0.47654522920860565
2,43,selected_horizon,19,6,0.0005394755717134103,-0.34022326200753744
2,43,selected_horizon,19,7,0.0005963909861748107,-0.26205431276494107
2,43,selected_horizon,20,0,0.0006019482789270114,-0.38365181380785723
2,43,selected_horizon,20,1,0.0005612969616777264,-0.3804142864660379
2,43,selected_horizon,20,2,0.0005714046783396043,-0.34369749596894855
2,43,selected_horizon,20,3,0.000533675825863611,-0.40103312610240494
2,43,selected_horizon,20,4,0.0006034227299096528,-0.3724946752537222
2,43,selected_horizon,20,5,0.0005414492261479609,-0.40980071945081264
2,43,selected_horizon,20,6,0.0005837475364387501,-0.3335167104923082
2,43,selected_horizon,20,7,0.0005798947204311844,-0.341548733883413
2,43,selected_horizon,21,0,0.0006084179112804122,-0.32666178129267065
2,43,selected_horizon,21,1,0.0005188629147596657,-0.3835721268202406
2,43,selected_horizon,21,2,0.0005510732298716903,-0.361819187874521
2,43,selected_horizon,21,3,0.000566174818231957,-0.40921220719240536
2,43,selected_horizon,21,4,0.0005247556437097955,-0.43868514401663206
2,43,selected_horizon,21,5,0.0005659949529217556,-0.3801582333782867
2,43,selected_horizon,21,6,0.0005589531356235966,-0.3625383624393725
2,43,selected_horizon,21,7,0.0005867060499440413,-0.35818806651440754
2,43,selected_horizon,22,0,0.0005816328957735095,-0.3533765280808009
2,43,selected_horizon,22,1,0.0004897980343230302,-0.39233275631240067
2,43,selected_horizon,22,2,0.0005879918971913867,-0.3104870185427802
2,43,selected_horizon,22,3,0.000564878366276389,-0.3433489649654737
2,43,selected_horizon,22,4,0.0005399703622970264,-0.3406289489549981
2,43,selected_horizon,22,5,0.0005870409149792977,-0.3910145155965491
2,43,selected_horizon,22,6,0.0005907005252083763,-0.4008915753956628
2,43,selected_horizon,22,7,0.000564159156056121,-0.3516764797116566
2,43,selected_horizon,23,0,0.0005792831725557335,-0.33937105669724715
2,43,selected_horizon,23,1,0.000579037641728064,-0.3189061672239889
2,43,selected_horizon,23,2,0.000591302705288399,-0.3325691733984516
2,43,selected_horizon,23,3,0.0005987103068036959,-0.32911699878327927
2,43,selected_horizon,23,4,0.0005714611252187751,-0.41451732277750736
2,43,selected_horizon,23,5,0.0005814724718220532,-0.3527357976892828
2,43,selected_horizon,23,6,0.0005482594606291968,-0.4122860671321638
2,43,selected_horizon,23,7,0.0005478449857037049,-0.43955719257706954
2,43,selected_horizon,24,0,0.0005499640428752173,-0.368487909947148
2,43,selected_horizon,24,1,0.0005644333650707267,-0.26549183748114735
2,43,selected_horizon,24,2,0.0006058182007109281,-0.2991191659052847
2,43,selected_horizon,24,3,0.0004832934882870177,-0.4678955513722247
2,43,selected_horizon,24,4,0.000545601866178913,-0.38959122625789555
2,43,selected_horizon,24,5,0.000561234886845341,-0.3641677677220374
2,43,selected_horizon,24,6,0.0005249748974165414,-0.4576034057201596
2,43,selected_horizon,24,7,0.0005333199515007436,-0.44389447279376193
2,43,selected_horizon,25,0,0.0005366650912037585,-0.455892678263288
2,43,selected_horizon,25,1,0.0005422928079497069,-0.3793020502177002
2,43,selected_horizon,25,2,0.0005946462260908447,-0.2916326963267014
2,43,selected_horizon,25,3,0.0005407957905845251,-0.4132940673664268
2,43,selected_horizon,25,4,0.0005669450365530793,-0.2963402743397904
2,43,selected_horizon,25,5,0.0004244519950589165,-0.47060271914943147
2,43,selected_horizon,25,6,0.0006112598239269573,-0.3368928263323927
2,43,selected_horizon,25,7,0.0005498343998624478,-0.3332543038524739
2,43,selected_horizon,26,0,0.0005770788484369405,-0.3641466494296857
2,43,selected_horizon,26,1,0.0005537680881388951,-0.40369427494357
2,43,selected_horizon,26,2,0.0005220193652348826,-0.41982790140945486
2,43,selected_horizon,26,3,0.0005236346441961359,-0.42740418744566383
2,43,selected_horizon,26,4,0.0005676043329003733,-0.3447577617241782
2,43,selected_horizon,26,5,0.0005412923528638203,-0.4249012691702142
2,43,selected_horizon,26,6,0.0005680087961081881,-0.37806584150841543
2,43,selected_horizon,26,7,0.0005691705337085295,-0.3381812871044523
2,43,selected_horizon,27,0,0.0006216696856427006,-0.2711144324742896
2,43,selected_horizon,27,1,0.0005551909271162003,-0.4284553420940181
2,43,selected_horizon,27,2,0.0005433400510810316,-0.3388820220971934
2,43,selected_horizon,27,3,0.0005039486786699854,-0.48577020541100396
2,43,selected_horizon,27,4,0.0005782170046586543,-0.3382188421361708
2,43,selected_horizon,27,5,0.0005437634463305585,-0.4189786885569818
2,43,selected_horizon,27,6,0.0006256556007429026,-0.29609919035050364
2,43,selected_horizon,27,7,0.0005649362465192098,-0.3661844028316506
2,43,selected_horizon,28,0,0.0005779562416137196,-0.3873006785107068
2,43,selected_horizon,28,1,0.000565694226679625,-0.36655582947604176
2,43,selected_horizon,28,2,0.0005310177803039551,-0.40433937203302744
2,43,selected_horizon,28,3,0.0005496851954376325,-0.33825835864450987
2,43,selected_horizon,28,4,0.0005681386683136225,-0.3765298563750918
2,43,selected_horizon,28,5,0.0005746422721131239,-0.31440853235158744
2,43,selected_horizon,28,6,0.0005370884246076457,-0.43110518324952385
2,43,selected_horizon,28,7,0.0005910413492529187,-0.3360465912390834
2,43,selected_horizon,29,0,0.000619234488112852,-0.36555185686877967
2,43,selected_horizon,29,1,0.0006155979972390924,-0.3105771754067465
2,43,selected_horizon,29,2,0.0005707921736757271,-0.3982681747657142
2,43,selected_horizon,29,3,0.0005822579623782076,-0.34101155031816327
2,43,selected_horizon,29,4,0.0005546164793486241,-0.3447585577316189
2,43,selected_horizon,29,5,0.0005556117757805623,-0.44530714115354514
2,43,selected_horizon,29,6,0.00028131679300713586,-0.7329335612039013
2,43,selected_horizon,29,7,0.0005399636829679366,-0.41199418412418504
2,43,selected_horizon,30,0,0.0005753583100158721,-0.34320932721539693
2,43,selected_horizon,30,1,0.000546689687325852,-0.3963703081832686
2,43,selected_horizon,30,2,0.0005677257540810388,-0.3573340834377223
2,43,selected_horizon,30,3,0.0005158628118806519,-0.4122881197398409
2,43,selected_horizon,30,4,0.0004933825348416576,-0.3928299684498918
2,43,selected_horizon,30,5,0.000564594996831147,-0.38347252096059553
2,43,selected_horizon,30,6,0.0005790558097942267,-0.35956082715325804
2,43,selected_horizon,30,7,0.000527530111867236,-0.41083292329445587
2,43,selected_horizon,31,0,0.0004533841347438283,-0.42395038902339105
2,43,selected_horizon,31,1,0.00045524296183430124,-0.5128450176896423
2,43,selected_horizon,31,2,0.0005310992855811492,-0.4581971650700512
2,43,selected_horizon,31,3,0.00047717164670757484,-0.394994799376487
2,43,selected_horizon,31,4,0.0005405188385338988,-0.40546645409917814
2,43,selected_horizon,31,5,0.0005378549940360244,-0.3897280128113629
2,43,selected_horizon,31,6,0.00044017449727107305,-0.5632867974633191
2,43,selected_horizon,31,7,0.0005459663625515532,-0.41097104136338886
2,43,horizon_1000,0,0,0.00017294898952968651,-0.788171632853829
2,43,horizon_1000,0,1,0.00022210514089238131,-0.7441421229035426
2,43,horizon_1000,0,2,0.00029432047995214816,-0.685244913034559
2,43,horizon_1000,0,3,0.00022215062290342757,-0.7453724332378988
2,43,horizon_1000,0,4,0.00018429075407766504,-0.7955293152463354
2,43,horizon_1000,0,5,0.000195462943338498,-0.7667185706458703
2,43,horizon_1000,0,6,0.0002582266624813201,-0.6902687650765086
2,43,horizon_1000,0,7,0.00015885593165876344,-0.8338956566538054
2,43,horizon_1000,1,0,0.00023923113531054696,-0.7399586997288387
2,43,horizon_1000,1,1,0.00026853327290154994,-0.7607068576968644
2,43,horizon_1000,1,2,0.0001021893831421039,-0.8913551305219433
2,43,horizon_1000,1,3,0.0002579431920821662,-0.7021022338326945
2,43,horizon_1000,1,4,0.00024726768424443435,-0.7336797500768044
2,43,horizon_1000,1,5,0.000295013554932666,-0.7132994324741635
2,43,horizon_1000,1,6,0.00028026207110087853,-0.7120414941687991
2,43,horizon_1000,1,7,0.00028376222144288477,-0.6636410758388026
2,43,horizon_1000,2,0,0.0004897064809483709,-0.39322099349323186
2,43,horizon_1000,2,1,0.00037799008350702934,-0.5266185503391514
2,43,horizon_1000,2,2,0.0005265916297503281,-0.422974661898393
2,43,horizon_1000,2,3,0.000528894172020955,-0.3950164993828438
2,43,horizon_1000,2,4,0.0005146199982846156,-0.4413995086619767
2,43,horizon_1000,2,5,0.0005572593327087816,-0.3742078557193896
2,43,horizon_1000,2,6,0.00048148698442673776,-0.49136935179449726
2,43,horizon_1000,2,7,0.00046144967382133473,-0.47320429837991645
2,43,horizon_1000,3,0,0.00046636330625915434,-0.44692579016204254
2,43,horizon_1000,3,1,0.0005172453093109652,-0.49803878654603806
2,43,horizon_1000,3,2,0.0004230010454193689,-0.5432120550023187
2,43,horizon_1000,3,3,0.0004823307062906679,-0.4499580681464341
2,43,horizon_1000,3,4,0.00034657148535188753,-0.6341997258396098
2,43,horizon_1000,3,5,0.0004415850398800103,-0.4812722161928611
2,43,horizon_1000,3,6,0.0005293899739626795,-0.39723595751571983
2,43,horizon_1000,3,7,0.0003925376386177959,-0.5638549888530514
2,43,horizon_1000,4,0,0.00048122918997250963,-0.4398814482325048
2,43,horizon_1000,4,1,0.00046639654465252534,-0.46809594379202446
2,43,horizon_1000,4,2,0.0004911217656626832,-0.4182437264236112
2,43,horizon_1000,4,3,0.00039676331471127924,-0.5724279009107759
2,43,horizon_1000,4,4,0.000491297098051291,-0.4421768829995839
2,43,horizon_1000,4,5,0.0004476810972846579,-0.5440208434117427
2,43,horizon_1000,4,6,0.0003844279963232111,-0.568212607193705
2,43,horizon_1000,4,7,0.0004832375434489222,-0.5277543213692839
2,43,horizon_1000,5,0,0.0005244911189947743,-0.3695231080673471
2,43,horizon_1000,5,1,0.0005435165694507305,-0.35020684181073786
2,43,horizon_1000,5,2,0.0005469227835419588,-0.3795271072324547
2,43,horizon_1000,5,3,0.0004497959016589448,-0.46719076622596656
2,43,horizon_1000,5,4,0.000517404603670002,-0.46628847461979034
2,43,horizon_1000,5,5,0.0005086107266834006,-0.4125174647927167
2,43,horizon_1000,5,6,0.0002897279991884716,-0.7121163522693711
2,43,horizon_1000,5,7,0.0004915316530968994,-0.42387582251170586
2,43,horizon_1000,6,0,0.00048545064237259794,-0.5185903972347277
2,43,horizon_1000,6,1,0.0004907223301415797,-0.5075255364603181
2,43,horizon_1000,6,2,0.0004980726171197603,-0.44305591245323733
2,43,horizon_1000,6,3,0.0004911436208203668,-0.539769863404734
2,43,horizon_1000,6,4,0.00044383672684489284,-0.5673768950532477
2,43,horizon_1000,6,5,0.00048613142644171603,-0.47394031049408597
2,43,horizon_1000,6,6,0.0005138541400810936,-0.4070846162059792
2,43,horizon_1000,6,7,0.0005202406500757206,-0.4631676673929848
2,43,horizon_1000,7,0,0.0004853132868447574,-0.446674311743474
2,43,horizon_1000,7,1,0.0005048770308349049,-0.3982016033717612
2,43,horizon_1000,7,2,0.0005196565616643056,-0.48291119855621556
2,43,horizon_1000,7,3,0.0004513687854341697,-0.5143582405500655
2,43,horizon_1000,7,4,0.0004955869844707195,-0.4159070171536658
2,43,horizon_1000,7,5,0.00047703915333840996,-0.5148712204057578
2,43,horizon_1000,7,6,0.0005260053803795017,-0.45435285219143035
2,43,horizon_1000,7,7,0.000502016981045017,-0.4465167624146373
2,43,horizon_1000,8,0,0.0005348150007193908,-0.4134953080626989
2,43,horizon_1000,8,1,0.0004504283187998226,-0.5147807685460941
2,43,horizon_1000,8,2,0.0005194133991608396,-0.4332013176890389
2,43,horizon_1000,8,3,0.0005429366719909012,-0.3876904513764508
2,43,horizon_1000,8,4,0.0004840590427193092,-0.5253508635479076
2,43,horizon_1000,8,5,0.00037140914901101496,-0.5935345007742667
2,43,horizon_1000,8,6,0.0005210432100284379,-0.41490032035866603
2,43,horizon_1000,8,7,0.0006031376433384139,-0.34260233024808456
2,43,horizon_1000,9,0,0.0006044956426194403,-0.30412686936768873
2,43,horizon_1000,9,1,0.00040699517376197036,-0.5592271453274014
2,43,horizon_1000,9,2,0.0004387966237118235,-0.5630218713362725
2,43,horizon_1000,9,3,0.0005521242492250167,-0.416749361578245
2,43,horizon_1000,9,4,0.000555824939510785,-0.3529050341650895
2,43,horizon_1000,9,5,0.0005540838683373295,-0.46837621258490697
2,43,horizon_1000,9,6,0.0005252134760667104,-0.4632269179561695
2,43,horizon_1000,9,7,0.0005617892893496901,-0.3722423399815479
2,43,horizon_1000,10,0,0.0005685508222086355,-0.3531745514227586
2,43,horizon_1000,10,1,0.0005150568722456228,-0.3833312875386643
2,43,horizon_1000,10,2,0.0004906736103293952,-0.48537599212298893
2,43,horizon_1000,10,3,0.0005386871234804858,-0.38351931356131214
2,43,horizon_1000,10,4,0.0005874259295524098,-0.34184284985178315
2,43,horizon_1000,10,5,0.0005724685324821621,-0.3665027575570623
2,43,horizon_1000,10,6,0.000555211150640389,-0.42604511027845254
2,43,horizon_1000,10,7,0.0005237325531197712,-0.4169618563092698
2,43,horizon_1000,11,0,0.0005654296801367309,-0.3408774958952987
2,43,horizon_1000,11,1,0.0006116227086749859,-0.30356501746628295
2,43,horizon_1000,11,2,0.0005502991698449478,-0.3590192298361732
2,43,horizon_1000,11,3,0.0005631274434563238,-0.3822256431782921
2,43,horizon_1000,11,4,0.0005220472557994071,-0.4785077427973497
2,43,horizon_1000,11,5,0.0005679473906639032,-0.3703564723566154
2,43,horizon_1000,11,6,0.0005668834346579388,-0.35041070552212045
2,43,horizon_1000,11,7,0.0005658131703967229,-0.35430193054745074
2,43,horizon_1000,12,0,0.00046318307977344375,-0.4660778458568513
2,43,horizon_1000,12,1,0.0005401435591920745,-0.43462261140017266
2,43,horizon_1000,12,2,0.0005326138489181176,-0.4457353773832451
2,43,horizon_1000,12,3,0.0005131062498548999,-0.42018282766924786
2,43,horizon_1000,12,4,0.0004794860215042718,-0.4732988293213425
2,43,horizon_1000,12,5,0.0004471780757739907,-0.5293793249693827
2,43,horizon_1000,12,6,0.000521118981851032,-0.45503402116518266
2,43,horizon_1000,12,7,0.0005294013208185788,-0.45247147074371813
2,43,horizon_1000,13,0,0.0006264810435823165,-0.30759109648260924
2,43,horizon_1000,13,1,0.0005711851954401936,-0.37535786306272495
2,43,horizon_1000,13,2,0.0006257794047996867,-0.3250103756155698
2,43,horizon_1000,13,3,0.0005908954117330723,-0.37192851464509047
2,43,horizon_1000,13,4,0.0005924495017097797,-0.31581855617002563
2,43,horizon_1000,13,5,0.0006155030678201001,-0.2799840630459983
2,43,horizon_1000,13,6,0.0005621387754217722,-0.43489082849016136
2,43,horizon_1000,13,7,0.0005037464143242687,-0.4683941767283737
2,43,horizon_1000,14,0,0.0005759429332101718,-0.3461056433791816
2,43,horizon_1000,14,1,0.0006045067311788443,-0.3293576918075712
2,43,horizon_1000,14,2,0.00048412840988021344,-0.48909747327345543
2,43,horizon_1000,14,3,0.0006077187645132653,-0.3155949619524654
2,43,horizon_1000,14,4,0.0005597309027507436,-0.37518153656658076
2,43,horizon_1000,14,5,0.0005949707410763949,-0.3446181286621512
2,43,horizon_1000,14,6,0.0004954828436893877,-0.4320687697857036
2,43,horizon_1000,14,7,0.0006173397923703305,-0.32801346955187255
2,43,horizon_1000,15,0,0.0005699987123080064,-0.38929259241203784
2,43,horizon_1000,15,1,0.000523501614225097,-0.4160547817521251
2,43,horizon_1000,15,2,0.0005380087495723274,-0.4182511521785843
2,43,horizon_1000,15,3,0.0005417774227680638,-0.37289295119852167
2,43,horizon_1000,15,4,0.0005520954400708433,-0.4281353235109875
2,43,horizon_1000,15,5,0.0005853057045897003,-0.36872368198469857
2,43,horizon_1000,15,6,0.0005370241269702092,-0.3957196877325942
2,43,horizon_1000,15,7,0.0005234853670117445,-0.44854832313763227
2,43,horizon_1000,16,0,0.0005181188935239334,-0.43457544785557306
2,43,horizon_1000,16,1,0.0005409662880992983,-0.4389037998123701
2,43,horizon_1000,16,2,0.0005757757062383462,-0.3701360775001392
2,43,horizon_1000,16,3,0.0004447614719538251,-0.5171815379900563
2,43,horizon_1000,16,4,0.0005526419809029903,-0.3837593374306685
2,43,horizon_1000,16,5,0.0005099737354612444,-0.4023612884262422
2,43,horizon_1000,16,6,0.0006022892157488968,-0.32108635402632113
2,43,horizon_1000,16,7,0.0004304096910345834,-0.4727387808917796
2,43,horizon_1000,17,0,0.0005989012170175556,-0.32534478834651115
2,43,horizon_1000,17,1,0.0005629609986499418,-0.344081079052007
2,43,horizon_1000,17,2,0.0005309314437909052,-0.3873553790958593
2,43,horizon_1000,17,3,0.0005921757001488004,-0.33430352441866157
2,43,horizon_1000,17,4,0.0005542947219510097,-0.3238052084281918
2,43,horizon_1000,17,5,0.0005679226778738666,-0.3735513891753251
2,43,horizon_1000,17,6,0.0005614133224298712,-0.3518816130194351
2,43,horizon_1000,17,7,0.0005903115416003857,-0.35685369233730335
2,43,horizon_1000,18,0,0.0005825774205732159,-0.3599611935936384
2,43,horizon_1000,18,1,0.0005648790356644895,-0.40989184992925193
2,43,horizon_1000,18,2,0.0005696289699699264,-0.35623170283009986
2,43,horizon_1000,18,3,0.0006039594518369995,-0.35592052579383243
2,43,horizon_1000,18,4,0.0005468856579682324,-0.39188409267611174
2,43,horizon_1000,18,5,0.0005641517163894605,-0.3766963911426897
2,43,horizon_1000,18,6,0.0005207768335822038,-0.37861527399194306
2,43,horizon_1000,18,7,0.0005495151344803162,-0.3692949475750873
2,43,horizon_1000,19,0,0.0005676579276041593,-0.404718007932453
2,43,horizon_1000,19,1,0.0005419259578047786,-0.4277311170365922
2,43,horizon_1000,19,2,0.000576116955926409,-0.40610421680690795
2,43,horizon_1000,19,3,0.000575595742702717,-0.3643791993307786
2,43,horizon_1000,19,4,0.0005837727476318832,-0.305093634758492
2,43,horizon_1000,19,5,0.0005438774605863728,-0.47654522920860565
2,43,horizon_1000,19,6,0.0005394755717134103,-0.34022326200753744
2,43,horizon_1000,19,7,0.0005963909861748107,-0.26205431276494107
2,43,horizon_1000,20,0,0.0006019482789270114,-0.38365181380785723
2,43,horizon_1000,20,1,0.0005612969616777264,-0.3804142864660379
2,43,horizon_1000,20,2,0.0005714046783396043,-0.34369749596894855
2,43,horizon_1000,20,3,0.000533675825863611,-0.40103312610240494
2,43,horizon_1000,20,4,0.0006034227299096528,-0.3724946752537222
2,43,horizon_1000,20,5,0.0005414492261479609,-0.40980071945081264
2,43,horizon_1000,20,6,0.0005837475364387501,-0.3335167104923082
2,43,horizon_1000,20,7,0.0005798947204311844,-0.341548733883413
2,43,horizon_1000,21,0,0.0006084179112804122,-0.32666178129267065
2,43,horizon_1000,21,1,0.0005188629147596657,-0.3835721268202406
2,43,horizon_1000,21,2,0.0005510732298716903,-0.361819187874521
2,43,horizon_1000,21,3,0.000566174818231957,-0.40921220719240536
2,43,horizon_1000,21,4,0.0005247556437097955,-0.43868514401663206
2,43,horizon_1000,21,5,0.0005659949529217556,-0.3801582333782867
2,43,horizon_1000,21,6,0.0005589531356235966,-0.3625383624393725
2,43,horizon_1000,21,7,0.0005867060499440413,-0.35818806651440754
2,43,horizon_1000,22,0,0.0005816328957735095,-0.3533765280808009
2,43,horizon_1000,22,1,0.0004897980343230302,-0.39233275631240067
2,43,horizon_1000,22,2,0.0005879918971913867,-0.3104870185427802
2,43,horizon_1000,22,3,0.000564878366276389,-0.3433489649654737
2,43,horizon_1000,22,4,0.0005399703622970264,-0.3406289489549981
2,43,horizon_1000,22,5,0.0005870409149792977,-0.3910145155965491
2,43,horizon_1000,22,6,0.0005907005252083763,-0.4008915753956628
2,43,horizon_1000,22,7,0.000564159156056121,-0.3516764797116566
2,43,horizon_1000,23,0,0.0005792831725557335,-0.33937105669724715
2,43,horizon_1000,23,1,0.000579037641728064,-0.3189061672239889
2,43,horizon_1000,23,2,0.000591302705288399,-0.3325691733984516
2,43,horizon_1000,23,3,0.0005987103068036959,-0.32911699878327927
2,43,horizon_1000,23,4,0.0005714611252187751,-0.41451732277750736
2,43,horizon_1000,23,5,0.0005814724718220532,-0.3527357976892828
2,43,horizon_1000,23,6,0.0005482594606291968,-0.4122860671321638
2,43,horizon_1000,23,7,0.0005478449857037049,-0.43955719257706954
2,43,horizon_1000,24,0,0.0005499640428752173,-0.368487909947148
2,43,horizon_1000,24,1,0.0005644333650707267,-0.26549183748114735
2,43,horizon_1000,24,2,0.0006058182007109281,-0.2991191659052847
2,43,horizon_1000,24,3,0.0004832934882870177,-0.4678955513722247
2,43,horizon_1000,24,4,0.000545601866178913,-0.38959122625789555
2,43,horizon_1000,24,5,0.000561234886845341,-0.3641677677220374
2,43,horizon_1000,24,6,0.0005249748974165414,-0.4576034057201596
2,43,horizon_1000,24,7,0.0005333199515007436,-0.44389447279376193
2,43,horizon_1000,25,0,0.0005366650912037585,-0.455892678263288
2,43,horizon_1000,25,1,0.0005422928079497069,-0.3793020502177002
2,43,horizon_1000,25,2,0.0005946462260908447,-0.2916326963267014
2,43,horizon_1000,25,3,0.0005407957905845251,-0.4132940673664268
2,43,horizon_1000,25,4,0.0005669450365530793,-0.2963402743397904
2,43,horizon_1000,25,5,0.0004244519950589165,-0.47060271914943147
2,43,horizon_1000,25,6,0.0006112598239269573,-0.3368928263323927
2,43,horizon_1000,25,7,0.0005498343998624478,-0.3332543038524739
2,43,horizon_1000,26,0,0.0005770788484369405,-0.3641466494296857
2,43,horizon_1000,26,1,0.0005537680881388951,-0.40369427494357
2,43,horizon_1000,26,2,0.0005220193652348826,-0.41982790140945486
2,43,horizon_1000,26,3,0.0005236346441961359,-0.42740418744566383
2,43,horizon_1000,26,4,0.0005676043329003733,-0.3447577617241782
2,43,horizon_1000,26,5,0.0005412923528638203,-0.4249012691702142
2,43,horizon_1000,26,6,0.0005680087961081881,-0.37806584150841543
2,43,horizon_1000,26,7,0.0005691705337085295,-0.3381812871044523
2,43,horizon_1000,27,0,0.0006216696856427006,-0.2711144324742896
2,43,horizon_1000,27,1,0.0005551909271162003,-0.4284553420940181
2,43,horizon_1000,27,2,0.0005433400510810316,-0.3388820220971934
2,43,horizon_1000,27,3,0.0005039486786699854,-0.48577020541100396
2,43,horizon_1000,27,4,0.0005782170046586543,-0.3382188421361708
2,43,horizon_1000,27,5,0.0005437634463305585,-0.4189786885569818
2,43,horizon_1000,27,6,0.0006256556007429026,-0.29609919035050364
2,43,horizon_1000,27,7,0.0005649362465192098,-0.3661844028316506
2,43,horizon_1000,28,0,0.0005779562416137196,-0.3873006785107068
2,43,horizon_1000,28,1,0.000565694226679625,-0.36655582947604176
2,43,horizon_1000,28,2,0.0005310177803039551,-0.40433937203302744
2,43,horizon_1000,28,3,0.0005496851954376325,-0.33825835864450987
2,43,horizon_1000,28,4,0.0005681386683136225,-0.3765298563750918
2,43,horizon_1000,28,5,0.0005746422721131239,-0.31440853235158744
2,43,horizon_1000,28,6,0.0005370884246076457,-0.43110518324952385
2,43,horizon_1000,28,7,0.0005910413492529187,-0.3360465912390834
2,43,horizon_1000,29,0,0.000619234488112852,-0.36555185686877967
2,43,horizon_1000,29,1,0.0006155979972390924,-0.3105771754067465
2,43,horizon_1000,29,2,0.0005707921736757271,-0.3982681747657142
2,43,horizon_1000,29,3,0.0005822579623782076,-0.34101155031816327
2,43,horizon_1000,29,4,0.0005546164793486241,-0.3447585577316189
2,43,horizon_1000,29,5,0.0005556117757805623,-0.44530714115354514
2,43,horizon_1000,29,6,0.00028131679300713586,-0.7329335612039013
2,43,horizon_1000,29,7,0.0005399636829679366,-0.41199418412418504
2,43,horizon_1000,30,0,0.0005753583100158721,-0.34320932721539693
2,43,horizon_1000,30,1,0.000546689687325852,-0.3963703081832686
2,43,horizon_1000,30,2,0.0005677257540810388,-0.3573340834377223
2,43,horizon_1000,30,3,0.0005158628118806519,-0.4122881197398409
2,43,horizon_1000,30,4,0.0004933825348416576,-0.3928299684498918
2,43,horizon_1000,30,5,0.000564594996831147,-0.38347252096059553
2,43,horizon_1000,30,6,0.0005790558097942267,-0.35956082715325804
2,43,horizon_1000,30,7,0.000527530111867236,-0.41083292329445587
2,43,horizon_1000,31,0,0.0004533841347438283,-0.42395038902339105
2,43,horizon_1000,31,1,0.00045524296183430124,-0.5128450176896423
2,43,horizon_1000,31,2,0.0005310992855811492,-0.4581971650700512
2,43,horizon_1000,31,3,0.00047717164670757484,-0.394994799376487
2,43,horizon_1000,31,4,0.0005405188385338988,-0.40546645409917814
2,43,horizon_1000,31,5,0.0005378549940360244,-0.3897280128113629
2,43,horizon_1000,31,6,0.00044017449727107305,-0.5632867974633191
2,43,horizon_1000,31,7,0.0005459663625515532,-0.41097104136338886
3,17,random_initialization,0,0,0.00023520952800026862,0.0
3,17,random_initialization,0,1,0.0002492784751666477,0.0
3,17,random_initialization,0,2,0.00023431156751030358,0.0
3,17,random_initialization,0,3,0.0002552368587203091,0.0
3,17,random_initialization,0,4,0.00024711865080462303,0.0
3,17,random_initialization,0,5,0.00023486075406253804,0.0
3,17,random_initialization,0,6,0.00027623058485914953,0.0
3,17,random_initialization,0,7,0.0002740977652138099,0.0
3,17,random_initialization,1,0,0.00024694009061931865,0.0
3,17,random_initialization,1,1,0.000269308737188112,0.0
3,17,random_initialization,1,2,0.00026094963686773553,0.0
3,17,random_initialization,1,3,0.0002567259762145113,0.0
3,17,random_initialization,1,4,0.0002718737378017977,0.0
3,17,random_initialization,1,5,0.0002420549581074738,0.0
3,17,random_initialization,1,6,0.0002487997007847298,0.0
3,17,random_initialization,1,7,0.00023993039394554216,0.0
3,17,random_initialization,2,0,0.00025792157248361036,0.0
3,17,random_initialization,2,1,0.0002545789011492161,0.0
3,17,random_initialization,2,2,0.00029422874285955913,0.0
3,17,random_initialization,2,3,0.0002580078780738404,0.0
3,17,random_initialization,2,4,0.00026472765966900624,0.0
3,17,random_initialization,2,5,0.0002696195042517502,0.0
3,17,random_initialization,2,6,0.00026205661743006203,0.0
3,17,random_initialization,2,7,0.0002751240990619408,0.0
3,17,random_initialization,3,0,0.00025916181766660884,0.0
3,17,random_initialization,3,1,0.0002408696009297273,0.0
3,17,random_initialization,3,2,0.00030164895724738017,0.0
3,17,random_initialization,3,3,0.0002711296947381925,0.0
3,17,random_initialization,3,4,0.00026215147590846755,0.0
3,17,random_initialization,3,5,0.0002743001241469756,0.0
3,17,random_initialization,3,6,0.0002698161370062735,0.0
3,17,random_initialization,3,7,0.0002583882633189205,0.0
3,17,random_initialization,4,0,0.0002566866787674371,0.0
3,17,random_initialization,4,1,0.000325244567648042,0.0
3,17,random_initialization,4,2,0.00023678958859818522,0.0
3,17,random_initialization,4,3,0.0003756097903533373,0.0
3,17,random_initialization,4,4,0.0002518135315767722,0.0
3,17,random_initialization,4,5,0.00025213846765836934,0.0
3,17,random_initialization,4,6,0.0002594596517155878,0.0
3,17,random_initialization,4,7,0.00026699226691562217,0.0
3,17,random_initialization,5,0,0.000272720944849425,0.0
3,17,random_initialization,5,1,0.00028014937015541364,0.0
3,17,random_initialization,5,2,0.00025580549299775157,0.0
3,17,random_initialization,5,3,0.0002932902989414288,0.0
3,17,random_initialization,5,4,0.00026175610582868103,0.0
3,17,random_initialization,5,5,0.00025565954092598986,0.0
3,17,random_initialization,5,6,0.00024405369822488865,0.0
3,17,random_initialization,5,7,0.00034111139029846527,0.0
3,17,random_initialization,6,0,0.0002609838829812361,0.0
3,17,random_initialization,6,1,0.0003506546108837938,0.0
3,17,random_initialization,6,2,0.0003664306404971285,0.0
3,17,random_initialization,6,3,0.00024372931693505961,0.0
3,17,random_initialization,6,4,0.00024472627046634443,0.0
3,17,random_initialization,6,5,0.0002561139681347413,0.0
3,17,random_initialization,6,6,0.0002591945121821482,0.0
3,17,random_initialization,6,7,0.0002663197010406293,0.0
3,17,random_initialization,7,0,0.0002757421025307849,0.0
3,17,random_initialization,7,1,0.00024194985871872632,0.0
3,17,random_initialization,7,2,0.00025266771990573034,0.0
3,17,random_initialization,7,3,0.00026914866066363174,0.0
3,17,random_initialization,7,4,0.00032435081993753556,0.0
3,17,random_initialization,7,5,0.00025666267902124673,0.0
3,17,random_initialization,7,6,0.0002522902395867277,0.0
3,17,random_initialization,7,7,0.00025659752827777993,0.0
3,17,random_initialization,8,0,0.00027997916367894504,0.0
3,17,random_initialization,8,1,0.00024897820003388915,0.0
3,17,random_initialization,8,2,0.00025044986978173256,0.0
3,17,random_initialization,8,3,0.00027865569973073434,0.0
3,17,random_initialization,8,4,0.0002387977365287952,0.0
3,17,random_initialization,8,5,0.000392532252590172,0.0
3,17,random_initialization,8,6,0.00030955190959502943,0.0
3,17,random_initialization,8,7,0.00024898778428905644,0.0
3,17,random_initialization,9,0,0.0002480441307852743,0.0
3,17,random_initialization,9,1,0.00028549329726956785,0.0
3,17,random_initialization,9,2,0.0002424065587547375,0.0
3,17,random_initialization,9,3,0.00026772875389724504,0.0
3,17,random_initialization,9,4,0.0002520015405025333,0.0
3,17,random_initialization,9,5,0.00025018777159857564,0.0
3,17,random_initialization,9,6,0.00025695704971440136,0.0
3,17,random_initialization,9,7,0.00026162478388869204,0.0
3,17,random_initialization,10,0,0.00025235203429474495,0.0
3,17,random_initialization,10,1,0.0002472008263794123,0.0
3,17,random_initialization,10,2,0.0002476327945259982,0.0
3,17,random_initialization,10,3,0.0002793693620333215,0.0
3,17,random_initialization,10,4,0.0002706992927414831,0.0
3,17,random_initialization,10,5,0.0002573732690507313,0.0
3,17,random_initialization,10,6,0.0002808555454976158,0.0
3,17,random_initialization,10,7,0.0002501386543372064,0.0
3,17,random_initialization,11,0,0.0002688783406483708,0.0
3,17,random_initialization,11,1,0.00025764347810763866,0.0
3,17,random_initialization,11,2,0.0002667042826942634,0.0
3,17,random_initialization,11,3,0.00026667922247725073,0.0
3,17,random_initialization,11,4,0.0002538157677918207,0.0
3,17,random_initialization,11,5,0.00026276102107658517,0.0
3,17,random_initialization,11,6,0.0002587269373179879,0.0
3,17,random_initialization,11,7,0.00024619193845865084,0.0
3,17,random_initialization,12,0,0.0002644630440045148,0.0
3,17,random_initialization,12,1,0.0002761051873676479,0.0
3,17,random_initialization,12,2,0.00027341150052961893,0.0
3,17,random_initialization,12,3,0.0002632118103065295,0.0
3,17,random_initialization,12,4,0.00024782397758826846,0.0
3,17,random_initialization,12,5,0.0002988054111483507,0.0
3,17,random_initialization,12,6,0.00028334693161014,0.0
3,17,random_initialization,12,7,0.000253725844231667,0.0
3,17,random_initialization,13,0,0.0002680500110727735,0.0
3,17,random_initialization,13,1,0.00026033575159090105,0.0
3,17,random_initialization,13,2,0.0002529628154661623,0.0
3,17,random_initialization,13,3,0.0002637418856465956,0.0
3,17,random_initialization,13,4,0.00026902707941189874,0.0
3,17,random_initialization,13,5,0.0002731569475145079,0.0
3,17,random_initialization,13,6,0.0002657713248481741,0.0
3,17,random_initialization,13,7,0.000248423114499019,0.0
3,17,random_initialization,14,0,0.00030639445685665123,0.0
3,17,random_initialization,14,1,0.0002607898641144857,0.0
3,17,random_initialization,14,2,0.00026158580658375286,0.0
3,17,random_initialization,14,3,0.0002564045244071167,0.0
3,17,random_initialization,14,4,0.000259034170085215,0.0
3,17,random_initialization,14,5,0.0002493548608981655,0.0
3,17,random_initialization,14,6,0.00024128206314344425,0.0
3,17,random_initialization,14,7,0.00026678604081098456,0.0
3,17,random_initialization,15,0,0.0002727319169935072,0.0
3,17,random_initialization,15,1,0.00028688314523606095,0.0
3,17,random_initialization,15,2,0.0002562908393883845,0.0
3,17,random_initialization,15,3,0.0002428267071081791,0.0
3,17,random_initialization,15,4,0.0002701731773413485,0.0
3,17,random_initialization,15,5,0.00027586930082179606,0.0
3,17,random_initialization,15,6,0.00025201633980032057,0.0
3,17,random_initialization,15,7,0.00024751751061558025,0.0
3,17,random_initialization,16,0,0.0002474334451108007,0.0
3,17,random_initialization,16,1,0.0002599831022962462,0.0
3,17,random_initialization,16,2,0.00024850213503668783,0.0
3,17,random_initialization,16,3,0.0002538022345106583,0.0
3,17,random_initialization,16,4,0.00028359324096527416,0.0
3,17,random_initialization,16,5,0.00025218823247996625,0.0
3,17,random_initialization,16,6,0.00029023610113654286,0.0
3,17,random_initialization,16,7,0.0002341807667107787,0.0
3,17,random_initialization,17,0,0.00024931544794526417,0.0
3,17,random_initialization,17,1,0.00026147335483983625,0.0
3,17,random_initialization,17,2,0.00031258252238330897,0.0
3,17,random_initialization,17,3,0.00024530908649467165,0.0
3,17,random_initialization,17,4,0.000261742150541977,0.0
3,17,random_initialization,17,5,0.00025202362030540826,0.0
3,17,random_initialization,17,6,0.0002552949790697312,0.0
3,17,random_initialization,17,7,0.00025273441860917956,0.0
3,17,random_initialization,18,0,0.00025811640807660297,0.0
3,17,random_initialization,18,1,0.0002579371339379577,0.0
3,17,random_initialization,18,2,0.00026704591618909035,0.0
3,17,random_initialization,18,3,0.00026684349359129556,0.0
3,17,random_initialization,18,4,0.0002516179683880182,0.0
3,17,random_initialization,18,5,0.00026627904662746005,0.0
3,17,random_initialization,18,6,0.0002587313465483021,0.0
3,17,random_initialization,18,7,0.00029228678613435477,0.0
3,17,random_initialization,19,0,0.00025366436602780595,0.0
3,17,random_initialization,19,1,0.00027308658718538936,0.0
3,17,random_initialization,19,2,0.00029666155205632094,0.0
3,17,random_initialization,19,3,0.0002475988840160426,0.0
3,17,random_initialization,19,4,0.00026551806695351843,0.0
3,17,random_initialization,19,5,0.0002453270226396853,0.0
3,17,random_initialization,19,6,0.00023942189727677032,0.0
3,17,random_initialization,19,7,0.0002590702279121615,0.0
3,17,random_initialization,20,0,0.0002780765644274652,0.0
3,17,random_initialization,20,1,0.0002695904804568272,0.0
3,17,random_initialization,20,2,0.00027983449763269164,0.0
3,17,random_initialization,20,3,0.000296323934890097,0.0
3,17,random_initialization,20,4,0.0002461590356688248,0.0
3,17,random_initialization,20,5,0.0002696603969525313,0.0
3,17,random_initialization,20,6,0.0002525790951040108,0.0
3,17,random_initialization,20,7,0.0002526936568756355,0.0
3,17,random_initialization,21,0,0.00027718470118998084,0.0
3,17,random_initialization,21,1,0.00028992855368414894,0.0
3,17,random_initialization,21,2,0.00026463280300959013,0.0
3,17,random_initialization,21,3,0.0002790031139738858,0.0
3,17,random_initialization,21,4,0.0002669602818059502,0.0
3,17,random_initialization,21,5,0.00024892956571420655,0.0
3,17,random_initialization,21,6,0.00025116762935795123,0.0
3,17,random_initialization,21,7,0.00033764813088055234,0.0
3,17,random_initialization,22,0,0.00025538797035551397,0.0
3,17,random_initialization,22,1,0.00025168813044729177,0.0
3,17,random_initialization,22,2,0.00025819299298746046,0.0
3,17,random_initialization,22,3,0.0002676056737982435,0.0
3,17,random_initialization,22,4,0.000255266520071018,0.0
3,17,random_initialization,22,5,0.0002793466846924275,0.0
3,17,random_initialization,22,6,0.0002546099221945042,0.0
3,17,random_initialization,22,7,0.0002805225558404345,0.0
3,17,random_initialization,23,0,0.000255743128946051,0.0
3,17,random_initialization,23,1,0.0002748111728578806,0.0
3,17,random_initialization,23,2,0.00028040340839652345,0.0
3,17,random_initialization,23,3,0.00027295525615045335,0.0
3,17,random_initialization,23,4,0.0002474813218213967,0.0
3,17,random_initialization,23,5,0.00024477604165440425,0.0
3,17,random_initialization,23,6,0.00032033727256930433,0.0
3,17,random_initialization,23,7,0.0002908769092755392,0.0
3,17,random_initialization,24,0,0.000255381364695495,0.0
3,17,random_initialization,24,1,0.0002528461209294619,0.0
3,17,random_initialization,24,2,0.00024148655484168557,0.0
3,17,random_initialization,24,3,0.00028283775282034185,0.0
3,17,random_initialization,24,4,0.0002627206213219324,0.0
3,17,random_initialization,24,5,0.00024884056801965926,0.0
3,17,random_initialization,24,6,0.0002627229714562418,0.0
3,17,random_initialization,24,7,0.000248885423388856,0.0
3,17,random_initialization,25,0,0.0002606883062981069,0.0
3,17,random_initialization,25,1,0.00030651308043161407,0.0
3,17,random_initialization,25,2,0.000246050887653837,0.0
3,17,random_initialization,25,3,0.00025427589298487874,0.0
3,17,random_initialization,25,4,0.00025454424576309975,0.0
3,17,random_initialization,25,5,0.00023892414174042642,0.0
3,17,random_initialization,25,6,0.00024546504027966876,0.0
3,17,random_initialization,25,7,0.00024458839379803976,0.0
3,17,random_initialization,26,0,0.00027559141744859517,0.0
3,17,random_initialization,26,1,0.00031612327256880235,0.0
3,17,random_initialization,26,2,0.00024596037292212714,0.0
3,17,random_initialization,26,3,0.0002499039073882159,0.0
3,17,random_initialization,26,4,0.0002878929917642381,0.0
3,17,random_initialization,26,5,0.0002548596039559925,0.0
3,17,random_initialization,26,6,0.0002988639571412932,0.0
3,17,random_initialization,26,7,0.0002521238238841761,0.0
3,17,random_initialization,27,0,0.0002913195694418391,0.0
3,17,random_initialization,27,1,0.0002593319131847238,0.0
3,17,random_initialization,27,2,0.00025982660190493334,0.0
3,17,random_initialization,27,3,0.00025684696447569877,0.0
3,17,random_initialization,27,4,0.0002438513529341435,0.0
3,17,random_initialization,27,5,0.0002670540561666712,0.0
3,17,random_initialization,27,6,0.0002557067964517046,0.0
3,17,random_initialization,27,7,0.00036379436824063305,0.0
3,17,random_initialization,28,0,0.0002700735603866633,0.0
3,17,random_initialization,28,1,0.0003100046069448581,0.0
3,17,random_initialization,28,2,0.0002713587145990459,0.0
3,17,random_initialization,28,3,0.0002558872347435681,0.0
3,17,random_initialization,28,4,0.0002539251490816241,0.0
3,17,random_initialization,28,5,0.00026264912048645783,0.0
3,17,random_initialization,28,6,0.00024491162184858695,0.0
3,17,random_initialization,28,7,0.00025249602731491905,0.0
3,17,random_initialization,29,0,0.00025316999017377384,0.0
3,17,random_initialization,29,1,0.00024041306551225716,0.0
3,17,random_initialization,29,2,0.0002492088260623859,0.0
3,17,random_initialization,29,3,0.0002550707104091998,0.0
3,17,random_initialization,29,4,0.000261870069152792,0.0
3,17,random_initialization,29,5,0.0002648805548233213,0.0
3,17,random_initialization,29,6,0.0002478466303728055,0.0
3,17,random_initialization,29,7,0.000255918250331888,0.0
3,17,random_initialization,30,0,0.00025797913440328557,0.0
3,17,random_initialization,30,1,0.00024066031437541824,0.0
3,17,random_initialization,30,2,0.0002809322268149117,0.0
3,17,random_initialization,30,3,0.0003287299768999219,0.0
3,17,random_initialization,30,4,0.0002979301043524174,0.0
3,17,random_initialization,30,5,0.0002572602352302056,0.0
3,17,random_initialization,30,6,0.0002542201546020806,0.0
3,17,random_initialization,30,7,0.00026487812101549935,0.0
3,17,random_initialization,31,0,0.0002636506123963045,0.0
3,17,random_initialization,31,1,0.0002553583326516673,0.0
3,17,random_initialization,31,2,0.0002579784759291215,0.0
3,17,random_initialization,31,3,0.00027445256455393974,0.0
3,17,random_initialization,31,4,0.0002529547600715887,0.0
3,17,random_initialization,31,5,0.00025203424411301967,0.0
3,17,random_initialization,31,6,0.0002579967349447543,0.0
3,17,random_initialization,31,7,0.00024973486779344967,0.0
3,17,existing_80_step,0,0,0.00013019282414461486,-0.44648150416565535
3,17,existing_80_step,0,1,0.00014989278133725747,-0.3986934442011043
3,17,existing_80_step,0,2,0.00015222435285977554,-0.350333598647102
3,17,existing_80_step,0,3,0.00014623593324358808,-0.42705793365121
3,17,existing_80_step,0,4,0.00013148237121640705,-0.46793829284718924
3,17,existing_80_step,0,5,0.00013577706158685032,-0.42188271459481047
3,17,existing_80_step,0,6,0.00015395887112390483,-0.4426436478697363
3,17,existing_80_step,0,7,0.00011037973308702931,-0.5972979458591076
3,17,existing_80_step,1,0,0.00017472396120865596,-0.29244392528384805
3,17,existing_80_step,1,1,0.00018285782243765425,-0.32101043454105177
3,17,existing_80_step,1,2,0.00011132325062135351,-0.5733918162998686
3,17,existing_80_step,1,3,0.00017828814907261403,-0.3055313229244763
3,17,existing_80_step,1,4,0.00017822019071900286,-0.3444744161021925
3,17,existing_80_step,1,5,0.0001960068111657165,-0.19023839586591593
3,17,existing_80_step,1,6,0.0001858905461631366,-0.25285060401268084
3,17,existing_80_step,1,7,0.00019689999680849724,-0.1793453360761442
3,17,existing_80_step,2,0,0.00022115833598945756,-0.1425364933229419
3,17,existing_80_step,2,1,0.00020978125303372508,-0.17596763876843755
3,17,existing_80_step,2,2,0.00022015999365976313,-0.2517386591124117
3,17,existing_80_step,2,3,0.00023339915424003266,-0.09537973808212502
3,17,existing_80_step,2,4,0.00022882755365571938,-0.13561146598044727
3,17,existing_80_step,2,5,0.00023648090427741408,-0.12290876383851591
3,17,existing_80_step,2,6,0.00022931067178433295,-0.12495752241199692
3,17,existing_80_step,2,7,0.0002196199529862497,-0.20174221838413006
3,17,existing_80_step,3,0,0.00022565228846360696,-0.1292996379818158
3,17,existing_80_step,3,1,0.00022473326043837005,-0.0669920173781704
3,17,existing_80_step,3,2,0.00021490251856448594,-0.2875741374161426
3,17,existing_80_step,3,3,0.000224171718400612,-0.17319377865609265
3,17,existing_80_step,3,4,0.00020298364870541263,-0.22570091203191955
3,17,existing_80_step,3,5,0.0002220489641331369,-0.19048901336202617
3,17,existing_80_step,3,6,0.00022589246691495646,-0.16279111612325756
3,17,existing_80_step,3,7,0.0002131432001988287,-0.1751049468692285
3,17,existing_80_step,4,0,0.00022811048984294757,-0.11132712091530117
3,17,existing_80_step,4,1,0.00022681224800180644,-0.30264093373806156
3,17,existing_80_step,4,2,0.00022363546668202616,-0.05555194379124771
3,17,existing_80_step,4,3,0.00021388111508713337,-0.43057630397244245
3,17,existing_80_step,4,4,0.00023003707519819727,-0.0864784995556754
3,17,existing_80_step,4,5,0.00022239151985559147,-0.11797861738052197
3,17,existing_80_step,4,6,0.00021638060297846096,-0.16603371064549519
3,17,existing_80_step,4,7,0.00022429106502386276,-0.1599342272533096
3,17,existing_80_step,5,0,0.0002293753905178164,-0.15893738691592088
3,17,existing_80_step,5,1,0.00023428722943208413,-0.16370602831584935
3,17,existing_80_step,5,2,0.00023520506874774583,-0.08053159456660618
3,17,existing_80_step,5,3,0.00022341888416121947,-0.2382329556497295
3,17,existing_80_step,5,4,0.00023250737922353437,-0.11174037951301852
3,17,existing_80_step,5,5,0.00023208238872030051,-0.09222089705822724
3,17,existing_80_step,5,6,0.00019776710450969404,-0.18965741577307635
3,17,existing_80_step,5,7,0.0002255326826343662,-0.3388298102944323
3,17,existing_80_step,6,0,0.0002294125279149739,-0.1209705162848392
3,17,existing_80_step,6,1,0.00023005845650914125,-0.3439172069367651
3,17,existing_80_step,6,2,0.00022820584945293376,-0.3772195219719294
3,17,existing_80_step,6,3,0.00022592857294512214,-0.0730348905654234
3,17,existing_80_step,6,4,0.00021968993587506702,-0.10230342064858333
3,17,existing_80_step,6,5,0.00023031654473015806,-0.10072634301230787
3,17,existing_80_step,6,6,0.00023169719861471094,-0.10608756078953391
3,17,existing_80_step,6,7,0.0002328084128748742,-0.12583105205815276
3,17,existing_80_step,7,0,0.00023045996385917533,-0.16421916804146405
3,17,existing_80_step,7,1,0.00022520907168654958,-0.06919114200284938
3,17,existing_80_step,7,2,0.00023141145811678143,-0.08412733449638743
3,17,existing_80_step,7,3,0.0002276999603054719,-0.15399928149729977
3,17,existing_80_step,7,4,0.00022879634252603864,-0.294602237879032
3,17,existing_80_step,7,5,0.00023302726913243532,-0.09208744325019241
3,17,existing_80_step,7,6,0.0002324327015230665,-0.07870910145469553
3,17,existing_80_step,7,7,0.00022837739288661396,-0.10997820431308376
3,17,existing_80_step,8,0,0.00023510393748438219,-0.16028059233015546
3,17,existing_80_step,8,1,0.00022268468001129804,-0.10560571174107702
3,17,existing_80_step,8,2,0.000235098354096408,-0.061295762296476444
3,17,existing_80_step,8,3,0.00023321222943195608,-0.16308107224323923
3,17,existing_80_step,8,4,0.00022764685127185658,-0.04669594200945877
3,17,existing_80_step,8,5,0.00021155361355340574,-0.4610541881400996
3,17,existing_80_step,8,6,0.00023219706417876296,-0.24989296792730425
3,17,existing_80_step,8,7,0.0002370745387452189,-0.047846706929232916
3,17,existing_80_step,9,0,0.00023801425413694233,-0.04043585557367858
3,17,existing_80_step,9,1,0.00022511319002660457,-0.21149395737284615
3,17,existing_80_step,9,2,0.0002227399563707877,-0.08113065292036137
3,17,existing_80_step,9,3,0.00023680976664763875,-0.1154862404561636
3,17,existing_80_step,9,4,0.00023495901677961228,-0.06762864897149193
3,17,existing_80_step,9,5,0.0002350828117414494,-0.060374492968273547
3,17,existing_80_step,9,6,0.00023441647772415308,-0.08772116591197372
3,17,existing_80_step,9,7,0.0002349832939216867,-0.10183091055448294
3,17,existing_80_step,10,0,0.00023550777768832631,-0.06674904227934496
3,17,existing_80_step,10,1,0.00023229825546877692,-0.06028527949887363
3,17,existing_80_step,10,2,0.0002295559097547084,-0.0729987512594659
3,17,existing_80_step,10,3,0.0002342427396797575,-0.16153031966397796
3,17,existing_80_step,10,4,0.0002386557389399968,-0.11837324537115712
3,17,existing_80_step,10,5,0.00023379865251627052,-0.09159698915668653
3,17,existing_80_step,10,6,0.0002341421914024977,-0.16632519757568637
3,17,existing_80_step,10,7,0.00023649218110222137,-0.05455563543804995
3,17,existing_80_step,11,0,0.0002345367811358301,-0.12772155402971386
3,17,existing_80_step,11,1,0.00023812583549442934,-0.07575446021985159
3,17,existing_80_step,11,2,0.00023275248258869397,-0.12730129326228362
3,17,existing_80_step,11,3,0.00023724046968709445,-0.11039012532244645
3,17,existing_80_step,11,4,0.00023019926084089093,-0.0930458621873326
3,17,existing_80_step,11,5,0.0002344025306229014,-0.10792502760680898
3,17,existing_80_step,11,6,0.0002366500957577955,-0.08532873224970348
3,17,existing_80_step,11,7,0.00023412996870320057,-0.04899417028423996
3,17,existing_80_step,12,0,0.00022568675922229886,-0.14662269705083625
3,17,existing_80_step,12,1,0.00023340527241089148,-0.15465089723178335
3,17,existing_80_step,12,2,0.0002327746624359861,-0.1486288543639027
3,17,existing_80_step,12,3,0.00023247565331985243,-0.11677347209793729
3,17,existing_80_step,12,4,0.00022683103088638745,-0.0847091024289765
3,17,existing_80_step,12,5,0.00022182223801792134,-0.25763647597468975
3,17,existing_80_step,12,6,0.00023221793890115805,-0.18044660804490686
3,17,existing_80_step,12,7,0.00023121280082705198,-0.0887297999649545
3,17,existing_80_step,13,0,0.00024320429383806186,-0.09269060327688705
3,17,existing_80_step,13,1,0.00023700324891251512,-0.08962465791118573
3,17,existing_80_step,13,2,0.00024192285491153598,-0.0436426220758247
3,17,existing_80_step,13,3,0.00023896340644569136,-0.09394973096577654
3,17,existing_80_step,13,4,0.00023870059612818295,-0.11272650823854011
3,17,existing_80_step,13,5,0.00023946834335220046,-0.12333057778264339
3,17,existing_80_step,13,6,0.00023503126431023702,-0.11566357113769825
3,17,existing_80_step,13,7,0.0002330147372049396,-0.062024732783632526
3,17,existing_80_step,14,0,0.00023851321293477667,-0.2215485378497995
3,17,existing_80_step,14,1,0.0002373307370362454,-0.08995413666821733
3,17,existing_80_step,14,2,0.00022337552036333364,-0.1460717105390246
3,17,existing_80_step,14,3,0.00023816056273062713,-0.07115304115118488
3,17,existing_80_step,14,4,0.00023474129375244956,-0.09378251651036529
3,17,existing_80_step,14,5,0.00023932901331136236,-0.04020714715843303
3,17,existing_80_step,14,6,0.00023191965374280699,-0.03880275756375321
3,17,existing_80_step,14,7,0.00024078242586256238,-0.09746992334897125
3,17,existing_80_step,15,0,0.00023521087859990075,-0.1375747980185967
3,17,existing_80_step,15,1,0.00023213934400700964,-0.19082264726289702
3,17,existing_80_step,15,2,0.0002351388829993084,-0.08253106681281842
3,17,existing_80_step,15,3,0.00023398199300572742,-0.03642397579649827
3,17,existing_80_step,15,4,0.00023641814459551824,-0.12493850454733588
3,17,existing_80_step,15,5,0.0002358481378905708,-0.1450729124697997
3,17,existing_80_step,15,6,0.00023431526278727688,-0.07023781484592917
3,17,existing_80_step,15,7,0.00023427935502695618,-0.05348371335708957
3,17,existing_80_step,16,0,0.00023547605178464437,-0.048325695504913606
3,17,existing_80_step,16,1,0.0002350363374716835,-0.09595533172819941
3,17,existing_80_step,16,2,0.00023619345392944524,-0.04953149036496362
3,17,existing_80_step,16,3,0.00021922521682427032,-0.1362360648756855
3,17,existing_80_step,16,4,0.00023709341348876478,-0.16396662811228022
3,17,existing_80_step,16,5,0.00023379290996672353,-0.07294282660355311
3,17,existing_80_step,16,6,0.00023726988456473919,-0.18249355047284582
3,17,existing_80_step,16,7,0.00021623506017931504,-0.07663185488510771
3,17,existing_80_step,17,0,0.0002366386042922386,-0.05084660319888683
3,17,existing_80_step,17,1,0.00023322298511629924,-0.10804301547605713
3,17,existing_80_step,17,2,0.00023024748315947363,-0.26340256837159554
3,17,existing_80_step,17,3,0.00023082757616066374,-0.05903372981792283
3,17,existing_80_step,17,4,0.00023285250972548965,-0.11037443054802967
3,17,existing_80_step,17,5,0.00023672060888202395,-0.060720544387227474
3,17,existing_80_step,17,6,0.0002364548490731977,-0.07379749521586759
3,17,existing_80_step,17,7,0.0002381649019298493,-0.0576475367285059
3,17,existing_80_step,18,0,0.00023569256518385373,-0.08687492228736718
3,17,existing_80_step,18,1,0.0002343745763937477,-0.091350001391725
3,17,existing_80_step,18,2,0.00023507334117311984,-0.11972688244867713
3,17,existing_80_step,18,3,0.000237308317082352,-0.11068351756097301
3,17,existing_80_step,18,4,0.00023377676552627236,-0.07090591731602036
3,17,existing_80_step,18,5,0.00023930735642352374,-0.10129107245029037
3,17,existing_80_step,18,6,0.00022999131397227757,-0.11108059753656137
3,17,existing_80_step,18,7,0.00023350293758994667,-0.20111702387184574
3,17,existing_80_step,19,0,0.00023605183923791628,-0.06943240418703128
3,17,existing_80_step,19,1,0.0002322763984921039,-0.14944047275958222
3,17,existing_80_step,19,2,0.00023444210091838613,-0.20973210281770016
3,17,existing_80_step,19,3,0.00023546364445792278,-0.04901168923416278
3,17,existing_80_step,19,4,0.00023110988240659935,-0.12958886354404867
3,17,existing_80_step,19,5,0.00023226809116749791,-0.053230709490031204
3,17,existing_80_step,19,6,0.0002315630272278213,-0.0328243579152003
3,17,existing_80_step,19,7,0.0002330477755094762,-0.10044555336365509
3,17,existing_80_step,20,0,0.0002354976168135181,-0.1531195111735264
3,17,existing_80_step,20,1,0.00023048203274811385,-0.14506613008902688
3,17,existing_80_step,20,2,0.00023305211925617186,-0.16717873876267364
3,17,existing_80_step,20,3,0.00023465489357477054,-0.20811360154959732
3,17,existing_80_step,20,4,0.0002315549727427424,-0.059327754865477644
3,17,existing_80_step,20,5,0.00023236213655764004,-0.13831567711241233
3,17,existing_80_step,20,6,0.00023854309893067693,-0.05557069625082745
3,17,existing_80_step,20,7,0.00023429322300216882,-0.07281715774338789
3,17,existing_80_step,21,0,0.00023609752588527044,-0.14823031404085132
3,17,existing_80_step,21,1,0.0002250304059998598,-0.22384186331295203
3,17,existing_80_step,21,2,0.0002345674110983964,-0.11361173508827693
3,17,existing_80_step,21,3,0.00023681135280639865,-0.15122326258851795
3,17,existing_80_step,21,4,0.00022835158597445115,-0.14462337082623847
3,17,existing_80_step,21,5,0.0002344873255424318,-0.05801737584018341
3,17,existing_80_step,21,6,0.00023452578261640156,-0.06625792815774267
3,17,existing_80_step,21,7,0.0002343168107472593,-0.306032554848787
3,17,existing_80_step,22,0,0.00023557976237498224,-0.07756124124780674
3,17,existing_80_step,22,1,0.00022418405478674686,-0.10927839787941364
3,17,existing_80_step,22,2,0.0002333468964934582,-0.09623071566163284
3,17,existing_80_step,22,3,0.00023754484118398977,-0.11233256824336828
3,17,existing_80_step,22,4,0.00022998443546384806,-0.09904191352683542
3,17,existing_80_step,22,5,0.00023305822924157837,-0.16570254091905434
3,17,existing_80_step,22,6,0.00023564762341266032,-0.07447588302296398
3,17,existing_80_step,22,7,0.00023488451188313775,-0.1626893916625242
3,17,existing_80_step,23,0,0.00022980575067776954,-0.10141964859494994
3,17,existing_80_step,23,1,0.00023481100924982456,-0.14555508494096864
3,17,existing_80_step,23,2,0.000232475746088312,-0.17092396480586314
3,17,existing_80_step,23,3,0.00023532193608843954,-0.13787358628943297
3,17,existing_80_step,23,4,0.00023226230769068934,-0.06149560709753556
3,17,existing_80_step,23,5,0.00023553145274490817,-0.03776753985812218
3,17,existing_80_step,23,6,0.0002356809618504485,-0.26427243398765154
3,17,existing_80_step,23,7,0.00022812151746620657,-0.21574552605647462
3,17,existing_80_step,24,0,0.00023177309049060568,-0.09244321422214473
3,17,existing_80_step,24,1,0.0002309114297531778,-0.0867511476769041
3,17,existing_80_step,24,2,0.00023264571973413695,-0.03661005107859743
3,17,existing_80_step,24,3,0.0002213634516010643,-0.21734828751211985
3,17,existing_80_step,24,4,0.0002329538001504261,-0.11330218778308483
3,17,existing_80_step,24,5,0.0002349718970435788,-0.05573315913257678
3,17,existing_80_step,24,6,0.0002348342140976456,-0.10615271745752634
3,17,existing_80_step,24,7,0.00022724665541318245,-0.08694268905361066
3,17,existing_80_step,25,0,0.0002282903087689192,-0.12427867589940675
3,17,existing_80_step,25,1,0.00023649008198844967,-0.22845027802585796
3,17,existing_80_step,25,2,0.00023165800485003274,-0.0584955532615401
3,17,existing_80_step,25,3,0.00023510094251832925,-0.0754100211445911
3,17,existing_80_step,25,4,0.00023302686622628244,-0.08453296389517756
3,17,existing_80_step,25,5,0.0002143874526154832,-0.10269656697815216
3,17,existing_80_step,25,6,0.00023280520963453455,-0.05157488264198569
3,17,existing_80_step,25,7,0.00022552181235369062,-0.07795374567156567
3,17,existing_80_step,26,0,0.00023403781779052224,-0.15077973052562035
3,17,existing_80_step,26,1,0.00023138475080486387,-0.2680553098016396
3,17,existing_80_step,26,2,0.00022756913131161127,-0.07477318964847507
3,17,existing_80_step,26,3,0.0002343631304029259,-0.062187010790303525
3,17,existing_80_step,26,4,0.00023212076030176831,-0.19372556143410014
3,17,existing_80_step,26,5,0.0002290197762704338,-0.10138847932142497
3,17,existing_80_step,26,6,0.000233665054111043,-0.2181557911964148
3,17,existing_80_step,26,7,0.00023559745841339463,-0.0655486070938443
3,17,existing_80_step,27,0,0.00023865856746851932,-0.18076712825786795
3,17,existing_80_step,27,1,0.00023394980689772638,-0.0978749818149747
3,17,existing_80_step,27,2,0.000229236976338143,-0.11773092263271269
3,17,existing_80_step,27,3,0.00022519763479067478,-0.12322251792864168
3,17,existing_80_step,27,4,0.00023403044087899616,-0.0402741749716667
3,17,existing_80_step,27,5,0.0002346631836189772,-0.12128957340186788
3,17,existing_80_step,27,6,0.0002337565256311791,-0.08584156199646116
3,17,existing_80_step,27,7,0.00023189846524473978,-0.3625561979800915
3,17,existing_80_step,28,0,0.0002351985931454692,-0.12913136403009512
3,17,existing_80_step,28,1,0.00022690917012369027,-0.26804581273835193
3,17,existing_80_step,28,2,0.00022832220747659449,-0.15859637007066937
3,17,existing_80_step,28,3,0.00023260924263013294,-0.09096972788331045
3,17,existing_80_step,28,4,0.00023415792111336486,-0.07784667268977395
3,17,existing_80_step,28,5,0.00023329326540988404,-0.11176833572563734
3,17,existing_80_step,28,6,0.00023328074712480884,-0.04749008902063752
3,17,existing_80_step,28,7,0.00023257191423908807,-0.07890862001951875
3,17,existing_80_step,29,0,0.0002344366002944298,-0.07399530199643956
3,17,existing_80_step,29,1,0.00023172794135462027,-0.03612584091106351
3,17,existing_80_step,29,2,0.00023580788274557563,-0.053773951462921146
3,17,existing_80_step,29,3,0.00023028714076644974,-0.0971635261570832
3,17,existing_80_step,29,4,0.00023161473836808,-0.11553565813227423
3,17,existing_80_step,29,5,0.0002359651016377029,-0.1091641219375479
3,17,existing_80_step,29,6,0.00017713220404402819,-0.2853152621942458
3,17,existing_80_step,29,7,0.00023400839108944638,-0.08561272677516263
3,17,existing_80_step,30,0,0.0002352023411731352,-0.08828928464634883
3,17,existing_80_step,30,1,0.00022716026251146104,-0.056095878952845464
3,17,existing_80_step,30,2,0.0002349977603444131,-0.16350728782982196
3,17,existing_80_step,30,3,0.00023272437647392508,-0.29205003246547434
3,17,existing_80_step,30,4,0.00022819927289674524,-0.23405097516828485
3,17,existing_80_step,30,5,0.00023269061330211116,-0.09550493455045103
3,17,existing_80_step,30,6,0.00023573011640110053,-0.07273238516403895
3,17,existing_80_step,30,7,0.00023452239111065865,-0.11460263229164343
3,17,existing_80_step,31,0,0.00021731230117438827,-0.17575650896749345
3,17,existing_80_step,31,1,0.00022443840134656057,-0.12108448149716114
3,17,existing_80_step,31,2,0.00022743574118067045,-0.11839256991673418
3,17,existing_80_step,31,3,0.0002234551238871063,-0.18581513621385967
3,17,existing_80_step,31,4,0.00023023902303975774,-0.08980157963978287
3,17,existing_80_step,31,5,0.00023322633478528587,-0.0746244201613324
3,17,existing_80_step,31,6,0.00021817725337314187,-0.15434102908371727
3,17,existing_80_step,31,7,0.0002315246574653429,-0.0729181731369928
3,17,selected_horizon,0,0,0.0001011748918244848,-0.5698520689843429
3,17,selected_horizon,0,1,0.00011843625361507293,-0.5248837528555328
3,17,selected_horizon,0,2,0.00013046020194451557,-0.4432191149129727
3,17,selected_horizon,0,3,0.00011748547103707097,-0.5397002156110509
3,17,selected_horizon,0,4,0.00010541799383645412,-0.5734114220306273
3,17,selected_horizon,0,5,0.00010205408898400492,-0.5654698061778757
3,17,selected_horizon,0,6,0.000128554353977961,-0.5346121645309078
3,17,selected_horizon,0,7,8.359167713933857e-05,-0.695029701996538
3,17,selected_horizon,1,0,0.0001371968073726748,-0.44441258189956456
3,17,selected_horizon,1,1,0.00015140378854994196,-0.43780587985830366
3,17,selected_horizon,1,2,7.043199548206758e-05,-0.7300935294354649
3,17,selected_horizon,1,3,0.00014357032887346577,-0.44076430834757685
3,17,selected_horizon,1,4,0.00014365686001838185,-0.47160449854442704
3,17,selected_horizon,1,5,0.00016708742077753413,-0.30971287643136663
3,17,selected_horizon,1,6,0.00015596425510011613,-0.37313326901843075
3,17,selected_horizon,1,7,0.00016434884582849918,-0.315014479300184
3,17,selected_horizon,2,0,0.00021004285008530132,-0.18563287257157016
3,17,selected_horizon,2,1,0.00018316997375222854,-0.2804982151884327
3,17,selected_horizon,2,2,0.00021209518217801815,-0.27914866468618554
3,17,selected_horizon,2,3,0.00022222031930141384,-0.13870723266126148
3,17,selected_horizon,2,4,0.00021164057488931576,-0.20053471120496522
3,17,selected_horizon,2,5,0.00023182439144875389,-0.140179446245499
3,17,selected_horizon,2,6,0.00021470095634867903,-0.18070774760733274
3,17,selected_horizon,2,7,0.00020712334571726387,-0.24716392921060468
3,17,selected_horizon,3,0,0.00020798865807591937,-0.1974564002191082
3,17,selected_horizon,3,1,0.00021510643455258105,-0.10695897812635376
3,17,selected_horizon,3,2,0.00019596743641159264,-0.3503460505885948
3,17,selected_horizon,3,3,0.00020937760291417362,-0.22775849721531885
3,17,selected_horizon,3,4,0.00017691597622615518,-0.325138355170173
3,17,selected_horizon,3,5,0.00019834438171528745,-0.276907430019935
3,17,selected_horizon,3,6,0.0002144281916116597,-0.20528032907581786
3,17,selected_horizon,3,7,0.00019107512071059318,-0.26051161048768234
3,17,selected_horizon,4,0,0.00020658230096159969,-0.19519664225050387
3,17,selected_horizon,4,1,0.00020829406275879592,-0.35957711987307384
3,17,selected_horizon,4,2,0.0001955426014319528,-0.17419257075624883
3,17,selected_horizon,4,3,0.00018143406668968964,-0.5169612950743002
3,17,selected_horizon,4,4,0.00022102802267909283,-0.12225518106557189
3,17,selected_horizon,4,5,0.00019390988018130884,-0.23093892819225156
3,17,selected_horizon,4,6,0.00018871616521209944,-0.2726569855302024
3,17,selected_horizon,4,7,0.00020906403824483277,-0.2169659418978472
3,17,selected_horizon,5,0,0.00022482179701910354,-0.17563428381625615
3,17,selected_horizon,5,1,0.0002250779580208473,-0.19657874691638724
3,17,selected_horizon,5,2,0.00022645420449407538,-0.11474064985748439
3,17,selected_horizon,5,3,0.00020271536777727306,-0.30882348134618626
3,17,selected_horizon,5,4,0.00021663428560714237,-0.1723811564153954
3,17,selected_horizon,5,5,0.0002162159025829169,-0.15428189458609481
3,17,selected_horizon,5,6,0.0001405866933055222,-0.4239518010664378
3,17,selected_horizon,5,7,0.0002106855608872138,-0.38235553874976624
3,17,selected_horizon,6,0,0.0002095385216307477,-0.19712083659276056
3,17,selected_horizon,6,1,0.00021202352399996016,-0.3953493910558492
3,17,selected_horizon,6,2,0.00021194580131123075,-0.42159367179641827
3,17,selected_horizon,6,3,0.0001996559121835162,-0.18082931222954415
3,17,selected_horizon,6,4,0.00019605812121881172,-0.198867694730083
3,17,selected_horizon,6,5,0.00020512742958089802,-0.1990775392891469
3,17,selected_horizon,6,6,0.00020778473572136136,-0.198344386337388
3,17,selected_horizon,6,7,0.00022181018721312284,-0.1671281307901294
3,17,selected_horizon,7,0,0.00021457255479617743,-0.22183608224202278
3,17,selected_horizon,7,1,0.00019072088434768375,-0.2117338470141358
3,17,selected_horizon,7,2,0.00021396051033661934,-0.15319412223909157
3,17,selected_horizon,7,3,0.00020112512811465422,-0.25273591323565925
3,17,selected_horizon,7,4,0.000203010463337705,-0.3741022039753087
3,17,selected_horizon,7,5,0.0002090192128889612,-0.18562677797164884
3,17,selected_horizon,7,6,0.00022518181049235864,-0.10744937710937573
3,17,selected_horizon,7,7,0.00020877986571576912,-0.18635277932313418
3,17,selected_horizon,8,0,0.00022561189234693302,-0.19418327641822491
3,17,selected_horizon,8,1,0.00020031905023643048,-0.1954353826593474
3,17,selected_horizon,8,2,0.00022957029432291165,-0.08336828235134437
3,17,selected_horizon,8,3,0.000218000908716931,-0.21766929968564863
3,17,selected_horizon,8,4,0.0001995480788536952,-0.16436360848992862
3,17,selected_horizon,8,5,0.00017462867799622472,-0.5551227272563819
3,17,selected_horizon,8,6,0.00021231217669992475,-0.31413061874603954
3,17,selected_horizon,8,7,0.0002385801772106788,-0.041799669441996236
3,17,selected_horizon,9,0,0.00023310043434321415,-0.06024611989306274
3,17,selected_horizon,9,1,0.0001826830175559735,-0.360114513009106
3,17,selected_horizon,9,2,0.00018961354180646595,-0.21778708142004752
3,17,selected_horizon,9,3,0.00023077931837178767,-0.13801071042088614
3,17,selected_horizon,9,4,0.00021929751255811425,-0.12977709532728154
3,17,selected_horizon,9,5,0.00022064204949856503,-0.11809418946109201
3,17,selected_horizon,9,6,0.00022343092859955505,-0.13047363811232038
3,17,selected_horizon,9,7,0.00022986974272498628,-0.12137627288864154
3,17,selected_horizon,10,0,0.00023566349864267977,-0.06613196401885599
3,17,selected_horizon,10,1,0.00021778207428724272,-0.1190074989758193
3,17,selected_horizon,10,2,0.00020341081835795194,-0.17857883586337153
3,17,selected_horizon,10,3,0.0002246598278361489,-0.19583226234610218
3,17,selected_horizon,10,4,0.00023432854777638568,-0.13435847798771805
3,17,selected_horizon,10,5,0.0002287990901095327,-0.11102232584832387
3,17,selected_horizon,10,6,0.0002200665603595553,-0.2164421750346979
3,17,selected_horizon,10,7,0.00023613680787093472,-0.05597634041556845
3,17,selected_horizon,11,0,0.00022558301498065703,-0.16102199070148907
3,17,selected_horizon,11,1,0.0002362824834563071,-0.08290912235863909
3,17,selected_horizon,11,2,0.00021856133116671117,-0.18051060538364475
3,17,selected_horizon,11,3,0.0002276027480547782,-0.14652987982896185
3,17,selected_horizon,11,4,0.00020872262757620774,-0.17766090975324383
3,17,selected_horizon,11,5,0.00022776026435167296,-0.1332037628012976
3,17,selected_horizon,11,6,0.00023020972912490834,-0.11022125677633073
3,17,selected_horizon,11,7,0.00022962384264246793,-0.06729747496978093
3,17,selected_horizon,12,0,0.0001907461528389831,-0.2787417479936185
3,17,selected_horizon,12,1,0.00021561332596320426,-0.21908991272915015
3,17,selected_horizon,12,2,0.00022841448662802577,-0.16457615650559876
3,17,selected_horizon,12,3,0.00021373284835135564,-0.18798154192835034
3,17,selected_horizon,12,4,0.0002015621921600541,-0.18667195110988447
3,17,selected_horizon,12,5,0.0001921722678162041,-0.3568648336130882
3,17,selected_horizon,12,6,0.00021430854485515738,-0.24365320055758807
3,17,selected_horizon,12,7,0.00021346052199078258,-0.15869617997652516
3,17,selected_horizon,13,0,0.00023491072170145344,-0.12363099422638332
3,17,selected_horizon,13,1,0.00023261993555934168,-0.10646181272525637
3,17,selected_horizon,13,2,0.00023438405514752958,-0.07344462973498926
3,17,selected_horizon,13,3,0.0002331282685190672,-0.11607415732421633
3,17,selected_horizon,13,4,0.00022950175207370194,-0.146919512431984
3,17,selected_horizon,13,5,0.00023746546685288195,-0.13066290638545933
3,17,selected_horizon,13,6,0.00023277541004063096,-0.12415152321791138
3,17,selected_horizon,13,7,0.00021144018683116883,-0.14887071898455007
3,17,selected_horizon,14,0,0.00022764463574276306,-0.25702103726612724
3,17,selected_horizon,14,1,0.00023678739034949103,-0.09203760217635475
3,17,selected_horizon,14,2,0.00019337143748998642,-0.26077244015885087
3,17,selected_horizon,14,3,0.00022796329631091794,-0.11092326924403269
3,17,selected_horizon,14,4,0.00022427495696319966,-0.1341877525678583
3,17,selected_horizon,14,5,0.00023491695174016058,-0.057901053566793065
3,17,selected_horizon,14,6,0.00020399726145114983,-0.15452786339168648
3,17,selected_horizon,14,7,0.00023978784065548098,-0.10119794901350014
3,17,selected_horizon,15,0,0.00023103411967895227,-0.15288931993811197
3,17,selected_horizon,15,1,0.00020723147736134706,-0.27764498959732453
3,17,selected_horizon,15,2,0.00022250769325182773,-0.1318156599634121
3,17,selected_horizon,15,3,0.00021767613907286432,-0.10357414279027484
3,17,selected_horizon,15,4,0.0002243325870949775,-0.16967113722193825
3,17,selected_horizon,15,5,0.000225858421799785,-0.18128468398996203
3,17,selected_horizon,15,6,0.00021582405406661564,-0.1436108696855968
3,17,selected_horizon,15,7,0.00022829926274425816,-0.0776439930392237
3,17,selected_horizon,16,0,0.00022428838929045014,-0.09354053090917512
3,17,selected_horizon,16,1,0.00021752256907348055,-0.1633203575453247
3,17,selected_horizon,16,2,0.0002149934462067904,-0.13484265970169773
3,17,selected_horizon,16,3,0.00018949454715766478,-0.25337715200570055
3,17,selected_horizon,16,4,0.00021552196540142177,-0.2400313749797291
3,17,selected_horizon,16,5,0.00022321771848510252,-0.11487654959144508
3,17,selected_horizon,16,6,0.00023228961617860477,-0.1996529195748702
3,17,selected_horizon,16,7,0.00019153599259880139,-0.18210194932295645
3,17,selected_horizon,17,0,0.0002225111147708958,-0.10751172217877614
3,17,selected_horizon,17,1,0.00022394217558030505,-0.14353729955589806
3,17,selected_horizon,17,2,0.00021320474297681358,-0.3179249391449721
3,17,selected_horizon,17,3,0.00022128247746877605,-0.09794422770563567
3,17,selected_horizon,17,4,0.00021990761524648406,-0.15983109792927194
3,17,selected_horizon,17,5,0.00023092811443348182,-0.08370447915303492
3,17,selected_horizon,17,6,0.00022710968914907426,-0.11040283684137173
3,17,selected_horizon,17,7,0.00023517667250416707,-0.06947113179769639
3,17,selected_horizon,18,0,0.00022349707069224678,-0.13412296274509589
3,17,selected_horizon,18,1,0.0002289117419422837,-0.11252893894159324
3,17,selected_horizon,18,2,0.00023219956347020343,-0.1304882441797494
3,17,selected_horizon,18,3,0.0002179418625019025,-0.18325959696919597
3,17,selected_horizon,18,4,0.00021957538865535753,-0.1273461507456735
3,17,selected_horizon,18,5,0.00022476435606222367,-0.15590671174107762
3,17,selected_horizon,18,6,0.00021557216587098083,-0.16681079139849783
3,17,selected_horizon,18,7,0.00021998296688252594,-0.24737286350876328
3,17,selected_horizon,19,0,0.0002247300562885357,-0.114065330469391
3,17,selected_horizon,19,1,0.00021553145597863477,-0.21075781055362613
3,17,selected_horizon,19,2,0.00023090817285265075,-0.221644425264744
3,17,selected_horizon,19,3,0.00023232628518599086,-0.06168282579602487
3,17,selected_horizon,19,4,0.0002228333196399035,-0.1607602367830108
3,17,selected_horizon,19,5,0.0002168931468986557,-0.11590193136934121
3,17,selected_horizon,19,6,0.00020611713989637792,-0.13910489290748665
3,17,selected_horizon,19,7,0.00021807729081047,-0.15823098405421662
3,17,selected_horizon,20,0,0.00022608103881793795,-0.18698276755749407
3,17,selected_horizon,20,1,0.00022168963005242404,-0.17768005132538098
3,17,selected_horizon,20,2,0.00023047895683703246,-0.17637403970272042
3,17,selected_horizon,20,3,0.00021465289410116384,-0.275614053313729
3,17,selected_horizon,20,4,0.00022338177132041892,-0.0925306856460461
3,17,selected_horizon,20,5,0.0002255913659610087,-0.16342418645656792
3,17,selected_horizon,20,6,0.00023441540088242618,-0.07191289609341928
3,17,selected_horizon,20,7,0.0002286756089233677,-0.09504808410797749
3,17,selected_horizon,21,0,0.00023111768587114057,-0.16619609639734842
3,17,selected_horizon,21,1,0.00020531221616693074,-0.29185237687696014
3,17,selected_horizon,21,2,0.00022669446661893744,-0.14336218321837385
3,17,selected_horizon,21,3,0.00021679002929886337,-0.2229834778146793
3,17,selected_horizon,21,4,0.00021022878445364768,-0.21250913045386988
3,17,selected_horizon,21,5,0.00023076167053659447,-0.07298407935387817
3,17,selected_horizon,21,6,0.0002224176405434264,-0.11446534287884619
3,17,selected_horizon,21,7,0.0002249258577649016,-0.3338453934919835
3,17,selected_horizon,22,0,0.00022796924895374104,-0.10736105292510283
3,17,selected_horizon,22,1,0.0002028283497566008,-0.1941282674072035
3,17,selected_horizon,22,2,0.00022206651919987053,-0.13992042684653516
3,17,selected_horizon,22,3,0.00022452759094448993,-0.1609759697630011
3,17,selected_horizon,22,4,0.0002144497784684063,-0.1598985311166386
3,17,selected_horizon,22,5,0.00022118024662631797,-0.20822311934774973
3,17,selected_horizon,22,6,0.00022596751841774676,-0.11249523793058082
3,17,selected_horizon,22,7,0.0002220349579147296,-0.20849516984642597
3,17,selected_horizon,23,0,0.00021678582288586767,-0.1523298249330537
3,17,selected_horizon,23,1,0.00022947707202547463,-0.16496454769635815
3,17,selected_horizon,23,2,0.000217450058698887,-0.22450993038077835
3,17,selected_horizon,23,3,0.00022571097360923886,-0.17308434798988948
3,17,selected_horizon,23,4,0.0002232095030194614,-0.09807535624628624
3,17,selected_horizon,23,5,0.00022462554443336558,-0.08232217942918152
3,17,selected_horizon,23,6,0.00021654229385603685,-0.32401780124044616
3,17,selected_horizon,23,7,0.0002166422436857829,-0.25520989539749267
3,17,selected_horizon,24,0,0.00021095458669151412,-0.1739624896160819
3,17,selected_horizon,24,1,0.000218565342038346,-0.13557961168278884
3,17,selected_horizon,24,2,0.00022197901307663415,-0.08078106782317648
3,17,selected_horizon,24,3,0.00020205524015182164,-0.2856143208004949
3,17,selected_horizon,24,4,0.0002147086315744673,-0.18274922427437557
3,17,selected_horizon,24,5,0.00022314364377962193,-0.10326661944449182
3,17,selected_horizon,24,6,0.0002147813747797045,-0.18247965303834227
3,17,selected_horizon,24,7,0.0002120820709023974,-0.14787267163074244
3,17,selected_horizon,25,0,0.0002114664312102832,-0.1888150480809701
3,17,selected_horizon,25,1,0.00020595146270352416,-0.32808263055685855
3,17,selected_horizon,25,2,0.00022149964024720248,-0.09978117795362339
3,17,selected_horizon,25,3,0.00021463182201841846,-0.15590967158187435
3,17,selected_horizon,25,4,0.00022041597367206123,-0.1340759913418006
3,17,selected_horizon,25,5,0.00019975531267846236,-0.16393834786489733
3,17,selected_horizon,25,6,0.00022687110140395816,-0.07574984549541444
3,17,selected_horizon,25,7,0.0002175610143240192,-0.11050147987127087
3,17,selected_horizon,26,0,0.00022168676969158696,-0.19559624989795918
3,17,selected_horizon,26,1,0.0002098544155160198,-0.3361627133277692
3,17,selected_horizon,26,2,0.0002025217836489901,-0.17660808022473612
3,17,selected_horizon,26,3,0.00020587983726727543,-0.17616399271641156
3,17,selected_horizon,26,4,0.00022148757852846757,-0.230660054726693
3,17,selected_horizon,26,5,0.0002174857627323945,-0.14664482186848043
3,17,selected_horizon,26,6,0.00022168008308653953,-0.25825755234266556
3,17,selected_horizon,26,7,0.000225323323320481,-0.10629896116444378
3,17,selected_horizon,27,0,0.00022764654386264738,-0.21856762215180958
3,17,selected_horizon,27,1,0.00020386167943797773,-0.2138966742100664
3,17,selected_horizon,27,2,0.00020880137344647665,-0.19638184883442406
3,17,selected_horizon,27,3,0.00020461450094444444,-0.2033602524284309
3,17,selected_horizon,27,4,0.00021640598060912453,-0.11254960038065116
3,17,selected_horizon,27,5,0.00020623430555133382,-0.2277432198123183
3,17,selected_horizon,27,6,0.00022745201385987457,-0.11049679939643879
3,17,selected_horizon,27,7,0.000216007527342299,-0.4062372972211047
3,17,selected_horizon,28,0,0.00022947743946133414,-0.1503150507113982
3,17,selected_horizon,28,1,0.00021576172548520844,-0.30400477718195024
3,17,selected_horizon,28,2,0.00021268685395625653,-0.2162151332765625
3,17,selected_horizon,28,3,0.00021572473451669794,-0.1569539030234086
3,17,selected_horizon,28,4,0.00021905193261773093,-0.13733659934835052
3,17,selected_horizon,28,5,0.00022926530346012441,-0.12710424068621498
3,17,selected_horizon,28,6,0.00021326899695850443,-0.12920017699137654
3,17,selected_horizon,28,7,0.00022537515724252444,-0.10741107636742663
3,17,selected_horizon,29,0,0.00022378078028850723,-0.11608488772738859
3,17,selected_horizon,29,1,0.00022649701350019313,-0.05788392566108074
3,17,selected_horizon,29,2,0.0002232896285931929,-0.10400593702369319
3,17,selected_horizon,29,3,0.00021630381979775848,-0.15198487724932885
3,17,selected_horizon,29,4,0.00021927139641775284,-0.16267102564586836
3,17,selected_horizon,29,5,0.00022199008344614413,-0.16192382036418512
3,17,selected_horizon,29,6,0.00016491402675455902,-0.33461259285026823
3,17,selected_horizon,29,7,0.00021094285148137715,-0.17574127203583337
3,17,selected_horizon,30,0,0.00022783088479627622,-0.11686313188368223
3,17,selected_horizon,30,1,0.00021152646877453662,-0.12105795538617244
3,17,selected_horizon,30,2,0.00022424342296289979,-0.20178818391440917
3,17,selected_horizon,30,3,0.00020930241771566216,-0.3632998739893384
3,17,selected_horizon,30,4,0.00020604657947842497,-0.30840631252659406
3,17,selected_horizon,30,5,0.00022176787297212286,-0.13796287726442796
3,17,selected_horizon,30,6,0.00021936955363344168,-0.1370882691153618
3,17,selected_horizon,30,7,0.00022468395400210284,-0.15174589301411023
3,17,selected_horizon,31,0,0.0001982780759135494,-0.24795139252129195
3,17,selected_horizon,31,1,0.00019402908947085962,-0.24016934377648258
3,17,selected_horizon,31,2,0.00021559755441558082,-0.16428084304670693
3,17,selected_horizon,31,3,0.00020254664013918955,-0.2619976407639583
3,17,selected_horizon,31,4,0.00021259981622279156,-0.1595342338581661
3,17,selected_horizon,31,5,0.00021132907750143204,-0.16150649192470137
3,17,selected_horizon,31,6,0.00020027105438202852,-0.22374577947696414
3,17,selected_horizon,31,7,0.00021622196709358832,-0.1341939193191843
3,17,horizon_1000,0,0,0.0001011748918244848,-0.5698520689843429
3,17,horizon_1000,0,1,0.00011843625361507293,-0.5248837528555328
3,17,horizon_1000,0,2,0.00013046020194451557,-0.4432191149129727
3,17,horizon_1000,0,3,0.00011748547103707097,-0.5397002156110509
3,17,horizon_1000,0,4,0.00010541799383645412,-0.5734114220306273
3,17,horizon_1000,0,5,0.00010205408898400492,-0.5654698061778757
3,17,horizon_1000,0,6,0.000128554353977961,-0.5346121645309078
3,17,horizon_1000,0,7,8.359167713933857e-05,-0.695029701996538
3,17,horizon_1000,1,0,0.0001371968073726748,-0.44441258189956456
3,17,horizon_1000,1,1,0.00015140378854994196,-0.43780587985830366
3,17,horizon_1000,1,2,7.043199548206758e-05,-0.7300935294354649
3,17,horizon_1000,1,3,0.00014357032887346577,-0.44076430834757685
3,17,horizon_1000,1,4,0.00014365686001838185,-0.47160449854442704
3,17,horizon_1000,1,5,0.00016708742077753413,-0.30971287643136663
3,17,horizon_1000,1,6,0.00015596425510011613,-0.37313326901843075
3,17,horizon_1000,1,7,0.00016434884582849918,-0.315014479300184
3,17,horizon_1000,2,0,0.00021004285008530132,-0.18563287257157016
3,17,horizon_1000,2,1,0.00018316997375222854,-0.2804982151884327
3,17,horizon_1000,2,2,0.00021209518217801815,-0.27914866468618554
3,17,horizon_1000,2,3,0.00022222031930141384,-0.13870723266126148
3,17,horizon_1000,2,4,0.00021164057488931576,-0.20053471120496522
3,17,horizon_1000,2,5,0.00023182439144875389,-0.140179446245499
3,17,horizon_1000,2,6,0.00021470095634867903,-0.18070774760733274
3,17,horizon_1000,2,7,0.00020712334571726387,-0.24716392921060468
3,17,horizon_1000,3,0,0.00020798865807591937,-0.1974564002191082
3,17,horizon_1000,3,1,0.00021510643455258105,-0.10695897812635376
3,17,horizon_1000,3,2,0.00019596743641159264,-0.3503460505885948
3,17,horizon_1000,3,3,0.00020937760291417362,-0.22775849721531885
3,17,horizon_1000,3,4,0.00017691597622615518,-0.325138355170173
3,17,horizon_1000,3,5,0.00019834438171528745,-0.276907430019935
3,17,horizon_1000,3,6,0.0002144281916116597,-0.20528032907581786
3,17,horizon_1000,3,7,0.00019107512071059318,-0.26051161048768234
3,17,horizon_1000,4,0,0.00020658230096159969,-0.19519664225050387
3,17,horizon_1000,4,1,0.00020829406275879592,-0.35957711987307384
3,17,horizon_1000,4,2,0.0001955426014319528,-0.17419257075624883
3,17,horizon_1000,4,3,0.00018143406668968964,-0.5169612950743002
3,17,horizon_1000,4,4,0.00022102802267909283,-0.12225518106557189
3,17,horizon_1000,4,5,0.00019390988018130884,-0.23093892819225156
3,17,horizon_1000,4,6,0.00018871616521209944,-0.2726569855302024
3,17,horizon_1000,4,7,0.00020906403824483277,-0.2169659418978472
3,17,horizon_1000,5,0,0.00022482179701910354,-0.17563428381625615
3,17,horizon_1000,5,1,0.0002250779580208473,-0.19657874691638724
3,17,horizon_1000,5,2,0.00022645420449407538,-0.11474064985748439
3,17,horizon_1000,5,3,0.00020271536777727306,-0.30882348134618626
3,17,horizon_1000,5,4,0.00021663428560714237,-0.1723811564153954
3,17,horizon_1000,5,5,0.0002162159025829169,-0.15428189458609481
3,17,horizon_1000,5,6,0.0001405866933055222,-0.4239518010664378
3,17,horizon_1000,5,7,0.0002106855608872138,-0.38235553874976624
3,17,horizon_1000,6,0,0.0002095385216307477,-0.19712083659276056
3,17,horizon_1000,6,1,0.00021202352399996016,-0.3953493910558492
3,17,horizon_1000,6,2,0.00021194580131123075,-0.42159367179641827
3,17,horizon_1000,6,3,0.0001996559121835162,-0.18082931222954415
3,17,horizon_1000,6,4,0.00019605812121881172,-0.198867694730083
3,17,horizon_1000,6,5,0.00020512742958089802,-0.1990775392891469
3,17,horizon_1000,6,6,0.00020778473572136136,-0.198344386337388
3,17,horizon_1000,6,7,0.00022181018721312284,-0.1671281307901294
3,17,horizon_1000,7,0,0.00021457255479617743,-0.22183608224202278
3,17,horizon_1000,7,1,0.00019072088434768375,-0.2117338470141358
3,17,horizon_1000,7,2,0.00021396051033661934,-0.15319412223909157
3,17,horizon_1000,7,3,0.00020112512811465422,-0.25273591323565925
3,17,horizon_1000,7,4,0.000203010463337705,-0.3741022039753087
3,17,horizon_1000,7,5,0.0002090192128889612,-0.18562677797164884
3,17,horizon_1000,7,6,0.00022518181049235864,-0.10744937710937573
3,17,horizon_1000,7,7,0.00020877986571576912,-0.18635277932313418
3,17,horizon_1000,8,0,0.00022561189234693302,-0.19418327641822491
3,17,horizon_1000,8,1,0.00020031905023643048,-0.1954353826593474
3,17,horizon_1000,8,2,0.00022957029432291165,-0.08336828235134437
3,17,horizon_1000,8,3,0.000218000908716931,-0.21766929968564863
3,17,horizon_1000,8,4,0.0001995480788536952,-0.16436360848992862
3,17,horizon_1000,8,5,0.00017462867799622472,-0.5551227272563819
3,17,horizon_1000,8,6,0.00021231217669992475,-0.31413061874603954
3,17,horizon_1000,8,7,0.0002385801772106788,-0.041799669441996236
3,17,horizon_1000,9,0,0.00023310043434321415,-0.06024611989306274
3,17,horizon_1000,9,1,0.0001826830175559735,-0.360114513009106
3,17,horizon_1000,9,2,0.00018961354180646595,-0.21778708142004752
3,17,horizon_1000,9,3,0.00023077931837178767,-0.13801071042088614
3,17,horizon_1000,9,4,0.00021929751255811425,-0.12977709532728154
3,17,horizon_1000,9,5,0.00022064204949856503,-0.11809418946109201
3,17,horizon_1000,9,6,0.00022343092859955505,-0.13047363811232038
3,17,horizon_1000,9,7,0.00022986974272498628,-0.12137627288864154
3,17,horizon_1000,10,0,0.00023566349864267977,-0.06613196401885599
3,17,horizon_1000,10,1,0.00021778207428724272,-0.1190074989758193
3,17,horizon_1000,10,2,0.00020341081835795194,-0.17857883586337153
3,17,horizon_1000,10,3,0.0002246598278361489,-0.19583226234610218
3,17,horizon_1000,10,4,0.00023432854777638568,-0.13435847798771805
3,17,horizon_1000,10,5,0.0002287990901095327,-0.11102232584832387
3,17,horizon_1000,10,6,0.0002200665603595553,-0.2164421750346979
3,17,horizon_1000,10,7,0.00023613680787093472,-0.05597634041556845
3,17,horizon_1000,11,0,0.00022558301498065703,-0.16102199070148907
3,17,horizon_1000,11,1,0.0002362824834563071,-0.08290912235863909
3,17,horizon_1000,11,2,0.00021856133116671117,-0.18051060538364475
3,17,horizon_1000,11,3,0.0002276027480547782,-0.14652987982896185
3,17,horizon_1000,11,4,0.00020872262757620774,-0.17766090975324383
3,17,horizon_1000,11,5,0.00022776026435167296,-0.1332037628012976
3,17,horizon_1000,11,6,0.00023020972912490834,-0.11022125677633073
3,17,horizon_1000,11,7,0.00022962384264246793,-0.06729747496978093
3,17,horizon_1000,12,0,0.0001907461528389831,-0.2787417479936185
3,17,horizon_1000,12,1,0.00021561332596320426,-0.21908991272915015
3,17,horizon_1000,12,2,0.00022841448662802577,-0.16457615650559876
3,17,horizon_1000,12,3,0.00021373284835135564,-0.18798154192835034
3,17,horizon_1000,12,4,0.0002015621921600541,-0.18667195110988447
3,17,horizon_1000,12,5,0.0001921722678162041,-0.3568648336130882
3,17,horizon_1000,12,6,0.00021430854485515738,-0.24365320055758807
3,17,horizon_1000,12,7,0.00021346052199078258,-0.15869617997652516
3,17,horizon_1000,13,0,0.00023491072170145344,-0.12363099422638332
3,17,horizon_1000,13,1,0.00023261993555934168,-0.10646181272525637
3,17,horizon_1000,13,2,0.00023438405514752958,-0.07344462973498926
3,17,horizon_1000,13,3,0.0002331282685190672,-0.11607415732421633
3,17,horizon_1000,13,4,0.00022950175207370194,-0.146919512431984
3,17,horizon_1000,13,5,0.00023746546685288195,-0.13066290638545933
3,17,horizon_1000,13,6,0.00023277541004063096,-0.12415152321791138
3,17,horizon_1000,13,7,0.00021144018683116883,-0.14887071898455007
3,17,horizon_1000,14,0,0.00022764463574276306,-0.25702103726612724
3,17,horizon_1000,14,1,0.00023678739034949103,-0.09203760217635475
3,17,horizon_1000,14,2,0.00019337143748998642,-0.26077244015885087
3,17,horizon_1000,14,3,0.00022796329631091794,-0.11092326924403269
3,17,horizon_1000,14,4,0.00022427495696319966,-0.1341877525678583
3,17,horizon_1000,14,5,0.00023491695174016058,-0.057901053566793065
3,17,horizon_1000,14,6,0.00020399726145114983,-0.15452786339168648
3,17,horizon_1000,14,7,0.00023978784065548098,-0.10119794901350014
3,17,horizon_1000,15,0,0.00023103411967895227,-0.15288931993811197
3,17,horizon_1000,15,1,0.00020723147736134706,-0.27764498959732453
3,17,horizon_1000,15,2,0.00022250769325182773,-0.1318156599634121
3,17,horizon_1000,15,3,0.00021767613907286432,-0.10357414279027484
3,17,horizon_1000,15,4,0.0002243325870949775,-0.16967113722193825
3,17,horizon_1000,15,5,0.000225858421799785,-0.18128468398996203
3,17,horizon_1000,15,6,0.00021582405406661564,-0.1436108696855968
3,17,horizon_1000,15,7,0.00022829926274425816,-0.0776439930392237
3,17,horizon_1000,16,0,0.00022428838929045014,-0.09354053090917512
3,17,horizon_1000,16,1,0.00021752256907348055,-0.1633203575453247
3,17,horizon_1000,16,2,0.0002149934462067904,-0.13484265970169773
3,17,horizon_1000,16,3,0.00018949454715766478,-0.25337715200570055
3,17,horizon_1000,16,4,0.00021552196540142177,-0.2400313749797291
3,17,horizon_1000,16,5,0.00022321771848510252,-0.11487654959144508
3,17,horizon_1000,16,6,0.00023228961617860477,-0.1996529195748702
3,17,horizon_1000,16,7,0.00019153599259880139,-0.18210194932295645
3,17,horizon_1000,17,0,0.0002225111147708958,-0.10751172217877614
3,17,horizon_1000,17,1,0.00022394217558030505,-0.14353729955589806
3,17,horizon_1000,17,2,0.00021320474297681358,-0.3179249391449721
3,17,horizon_1000,17,3,0.00022128247746877605,-0.09794422770563567
3,17,horizon_1000,17,4,0.00021990761524648406,-0.15983109792927194
3,17,horizon_1000,17,5,0.00023092811443348182,-0.08370447915303492
3,17,horizon_1000,17,6,0.00022710968914907426,-0.11040283684137173
3,17,horizon_1000,17,7,0.00023517667250416707,-0.06947113179769639
3,17,horizon_1000,18,0,0.00022349707069224678,-0.13412296274509589
3,17,horizon_1000,18,1,0.0002289117419422837,-0.11252893894159324
3,17,horizon_1000,18,2,0.00023219956347020343,-0.1304882441797494
3,17,horizon_1000,18,3,0.0002179418625019025,-0.18325959696919597
3,17,horizon_1000,18,4,0.00021957538865535753,-0.1273461507456735
3,17,horizon_1000,18,5,0.00022476435606222367,-0.15590671174107762
3,17,horizon_1000,18,6,0.00021557216587098083,-0.16681079139849783
3,17,horizon_1000,18,7,0.00021998296688252594,-0.24737286350876328
3,17,horizon_1000,19,0,0.0002247300562885357,-0.114065330469391
3,17,horizon_1000,19,1,0.00021553145597863477,-0.21075781055362613
3,17,horizon_1000,19,2,0.00023090817285265075,-0.221644425264744
3,17,horizon_1000,19,3,0.00023232628518599086,-0.06168282579602487
3,17,horizon_1000,19,4,0.0002228333196399035,-0.1607602367830108
3,17,horizon_1000,19,5,0.0002168931468986557,-0.11590193136934121
3,17,horizon_1000,19,6,0.00020611713989637792,-0.13910489290748665
3,17,horizon_1000,19,7,0.00021807729081047,-0.15823098405421662
3,17,horizon_1000,20,0,0.00022608103881793795,-0.18698276755749407
3,17,horizon_1000,20,1,0.00022168963005242404,-0.17768005132538098
3,17,horizon_1000,20,2,0.00023047895683703246,-0.17637403970272042
3,17,horizon_1000,20,3,0.00021465289410116384,-0.275614053313729
3,17,horizon_1000,20,4,0.00022338177132041892,-0.0925306856460461
3,17,horizon_1000,20,5,0.0002255913659610087,-0.16342418645656792
3,17,horizon_1000,20,6,0.00023441540088242618,-0.07191289609341928
3,17,horizon_1000,20,7,0.0002286756089233677,-0.09504808410797749
3,17,horizon_1000,21,0,0.00023111768587114057,-0.16619609639734842
3,17,horizon_1000,21,1,0.00020531221616693074,-0.29185237687696014
3,17,horizon_1000,21,2,0.00022669446661893744,-0.14336218321837385
3,17,horizon_1000,21,3,0.00021679002929886337,-0.2229834778146793
3,17,horizon_1000,21,4,0.00021022878445364768,-0.21250913045386988
3,17,horizon_1000,21,5,0.00023076167053659447,-0.07298407935387817
3,17,horizon_1000,21,6,0.0002224176405434264,-0.11446534287884619
3,17,horizon_1000,21,7,0.0002249258577649016,-0.3338453934919835
3,17,horizon_1000,22,0,0.00022796924895374104,-0.10736105292510283
3,17,horizon_1000,22,1,0.0002028283497566008,-0.1941282674072035
3,17,horizon_1000,22,2,0.00022206651919987053,-0.13992042684653516
3,17,horizon_1000,22,3,0.00022452759094448993,-0.1609759697630011
3,17,horizon_1000,22,4,0.0002144497784684063,-0.1598985311166386
3,17,horizon_1000,22,5,0.00022118024662631797,-0.20822311934774973
3,17,horizon_1000,22,6,0.00022596751841774676,-0.11249523793058082
3,17,horizon_1000,22,7,0.0002220349579147296,-0.20849516984642597
3,17,horizon_1000,23,0,0.00021678582288586767,-0.1523298249330537
3,17,horizon_1000,23,1,0.00022947707202547463,-0.16496454769635815
3,17,horizon_1000,23,2,0.000217450058698887,-0.22450993038077835
3,17,horizon_1000,23,3,0.00022571097360923886,-0.17308434798988948
3,17,horizon_1000,23,4,0.0002232095030194614,-0.09807535624628624
3,17,horizon_1000,23,5,0.00022462554443336558,-0.08232217942918152
3,17,horizon_1000,23,6,0.00021654229385603685,-0.32401780124044616
3,17,horizon_1000,23,7,0.0002166422436857829,-0.25520989539749267
3,17,horizon_1000,24,0,0.00021095458669151412,-0.1739624896160819
3,17,horizon_1000,24,1,0.000218565342038346,-0.13557961168278884
3,17,horizon_1000,24,2,0.00022197901307663415,-0.08078106782317648
3,17,horizon_1000,24,3,0.00020205524015182164,-0.2856143208004949
3,17,horizon_1000,24,4,0.0002147086315744673,-0.18274922427437557
3,17,horizon_1000,24,5,0.00022314364377962193,-0.10326661944449182
3,17,horizon_1000,24,6,0.0002147813747797045,-0.18247965303834227
3,17,horizon_1000,24,7,0.0002120820709023974,-0.14787267163074244
3,17,horizon_1000,25,0,0.0002114664312102832,-0.1888150480809701
3,17,horizon_1000,25,1,0.00020595146270352416,-0.32808263055685855
3,17,horizon_1000,25,2,0.00022149964024720248,-0.09978117795362339
3,17,horizon_1000,25,3,0.00021463182201841846,-0.15590967158187435
3,17,horizon_1000,25,4,0.00022041597367206123,-0.1340759913418006
3,17,horizon_1000,25,5,0.00019975531267846236,-0.16393834786489733
3,17,horizon_1000,25,6,0.00022687110140395816,-0.07574984549541444
3,17,horizon_1000,25,7,0.0002175610143240192,-0.11050147987127087
3,17,horizon_1000,26,0,0.00022168676969158696,-0.19559624989795918
3,17,horizon_1000,26,1,0.0002098544155160198,-0.3361627133277692
3,17,horizon_1000,26,2,0.0002025217836489901,-0.17660808022473612
3,17,horizon_1000,26,3,0.00020587983726727543,-0.17616399271641156
3,17,horizon_1000,26,4,0.00022148757852846757,-0.230660054726693
3,17,horizon_1000,26,5,0.0002174857627323945,-0.14664482186848043
3,17,horizon_1000,26,6,0.00022168008308653953,-0.25825755234266556
3,17,horizon_1000,26,7,0.000225323323320481,-0.10629896116444378
3,17,horizon_1000,27,0,0.00022764654386264738,-0.21856762215180958
3,17,horizon_1000,27,1,0.00020386167943797773,-0.2138966742100664
3,17,horizon_1000,27,2,0.00020880137344647665,-0.19638184883442406
3,17,horizon_1000,27,3,0.00020461450094444444,-0.2033602524284309
3,17,horizon_1000,27,4,0.00021640598060912453,-0.11254960038065116
3,17,horizon_1000,27,5,0.00020623430555133382,-0.2277432198123183
3,17,horizon_1000,27,6,0.00022745201385987457,-0.11049679939643879
3,17,horizon_1000,27,7,0.000216007527342299,-0.4062372972211047
3,17,horizon_1000,28,0,0.00022947743946133414,-0.1503150507113982
3,17,horizon_1000,28,1,0.00021576172548520844,-0.30400477718195024
3,17,horizon_1000,28,2,0.00021268685395625653,-0.2162151332765625
3,17,horizon_1000,28,3,0.00021572473451669794,-0.1569539030234086
3,17,horizon_1000,28,4,0.00021905193261773093,-0.13733659934835052
3,17,horizon_1000,28,5,0.00022926530346012441,-0.12710424068621498
3,17,horizon_1000,28,6,0.00021326899695850443,-0.12920017699137654
3,17,horizon_1000,28,7,0.00022537515724252444,-0.10741107636742663
3,17,horizon_1000,29,0,0.00022378078028850723,-0.11608488772738859
3,17,horizon_1000,29,1,0.00022649701350019313,-0.05788392566108074
3,17,horizon_1000,29,2,0.0002232896285931929,-0.10400593702369319
3,17,horizon_1000,29,3,0.00021630381979775848,-0.15198487724932885
3,17,horizon_1000,29,4,0.00021927139641775284,-0.16267102564586836
3,17,horizon_1000,29,5,0.00022199008344614413,-0.16192382036418512
3,17,horizon_1000,29,6,0.00016491402675455902,-0.33461259285026823
3,17,horizon_1000,29,7,0.00021094285148137715,-0.17574127203583337
3,17,horizon_1000,30,0,0.00022783088479627622,-0.11686313188368223
3,17,horizon_1000,30,1,0.00021152646877453662,-0.12105795538617244
3,17,horizon_1000,30,2,0.00022424342296289979,-0.20178818391440917
3,17,horizon_1000,30,3,0.00020930241771566216,-0.3632998739893384
3,17,horizon_1000,30,4,0.00020604657947842497,-0.30840631252659406
3,17,horizon_1000,30,5,0.00022176787297212286,-0.13796287726442796
3,17,horizon_1000,30,6,0.00021936955363344168,-0.1370882691153618
3,17,horizon_1000,30,7,0.00022468395400210284,-0.15174589301411023
3,17,horizon_1000,31,0,0.0001982780759135494,-0.24795139252129195
3,17,horizon_1000,31,1,0.00019402908947085962,-0.24016934377648258
3,17,horizon_1000,31,2,0.00021559755441558082,-0.16428084304670693
3,17,horizon_1000,31,3,0.00020254664013918955,-0.2619976407639583
3,17,horizon_1000,31,4,0.00021259981622279156,-0.1595342338581661
3,17,horizon_1000,31,5,0.00021132907750143204,-0.16150649192470137
3,17,horizon_1000,31,6,0.00020027105438202852,-0.22374577947696414
3,17,horizon_1000,31,7,0.00021622196709358832,-0.1341939193191843
3,29,random_initialization,0,0,0.0002461719132043072,0.0
3,29,random_initialization,0,1,0.0002633635958773084,0.0
3,29,random_initialization,0,2,0.00026089696257258765,0.0
3,29,random_initialization,0,3,0.00026352542408858426,0.0
3,29,random_initialization,0,4,0.00024014098562474828,0.0
3,29,random_initialization,0,5,0.00026357968818047084,0.0
3,29,random_initialization,0,6,0.000260188391621341,0.0
3,29,random_initialization,0,7,0.00041234554373659194,0.0
3,29,random_initialization,1,0,0.00028632989415200427,0.0
3,29,random_initialization,1,1,0.00024325661888724426,0.0
3,29,random_initialization,1,2,0.0002711062697926536,0.0
3,29,random_initialization,1,3,0.00025254034699173644,0.0
3,29,random_initialization,1,4,0.0002622911852085963,0.0
3,29,random_initialization,1,5,0.00024241982737294165,0.0
3,29,random_initialization,1,6,0.00024149941145878984,0.0
3,29,random_initialization,1,7,0.00025152617126877885,0.0
3,29,random_initialization,2,0,0.00024242849758593366,0.0
3,29,random_initialization,2,1,0.0002351761258978513,0.0
3,29,random_initialization,2,2,0.00029707949943258427,0.0
3,29,random_initialization,2,3,0.0002685526342247613,0.0
3,29,random_initialization,2,4,0.00025276549240516033,0.0
3,29,random_initialization,2,5,0.00025904885660565924,0.0
3,29,random_initialization,2,6,0.0002880745287257014,0.0
3,29,random_initialization,2,7,0.00030139922273519915,0.0
3,29,random_initialization,3,0,0.00025904215362970717,0.0
3,29,random_initialization,3,1,0.00030537638667738065,0.0
3,29,random_initialization,3,2,0.0002810343085002387,0.0
3,29,random_initialization,3,3,0.00024588445921835955,0.0
3,29,random_initialization,3,4,0.00023306761158892186,0.0
3,29,random_initialization,3,5,0.00024440395827696193,0.0
3,29,random_initialization,3,6,0.0002627218909765361,0.0
3,29,random_initialization,3,7,0.0002652097955433419,0.0
3,29,random_initialization,4,0,0.00025204756275343243,0.0
3,29,random_initialization,4,1,0.0002721861619647825,0.0
3,29,random_initialization,4,2,0.00026946845355269033,0.0
3,29,random_initialization,4,3,0.0002406248013357981,0.0
3,29,random_initialization,4,4,0.00024364848741242895,0.0
3,29,random_initialization,4,5,0.0002384991676080972,0.0
3,29,random_initialization,4,6,0.0002451455848131445,0.0
3,29,random_initialization,4,7,0.00024573318205511896,0.0
3,29,random_initialization,5,0,0.0002583559835329652,0.0
3,29,random_initialization,5,1,0.0002584758785815211,0.0
3,29,random_initialization,5,2,0.00028571188158821315,0.0
3,29,random_initialization,5,3,0.0002614504974189913,0.0
3,29,random_initialization,5,4,0.0002537171112635406,0.0
3,29,random_initialization,5,5,0.0002528134846215835,0.0
3,29,random_initialization,5,6,0.00023382414565276122,0.0
3,29,random_initialization,5,7,0.0002453691467962926,0.0
3,29,random_initialization,6,0,0.0002733717210503528,0.0
3,29,random_initialization,6,1,0.00024552987269998994,0.0
3,29,random_initialization,6,2,0.0002463019172864733,0.0
3,29,random_initialization,6,3,0.00024971054153866135,0.0
3,29,random_initialization,6,4,0.0002628854363138089,0.0
3,29,random_initialization,6,5,0.0002544218295952305,0.0
3,29,random_initialization,6,6,0.00024603261135780485,0.0
3,29,random_initialization,6,7,0.0002458231383570819,0.0
3,29,random_initialization,7,0,0.00027102214335172903,0.0
3,29,random_initialization,7,1,0.0002592767486930825,0.0
3,29,random_initialization,7,2,0.00036630636168411,0.0
3,29,random_initialization,7,3,0.00026873759634327143,0.0
3,29,random_initialization,7,4,0.0002552158221078571,0.0
3,29,random_initialization,7,5,0.0002425894008410978,0.0
3,29,random_initialization,7,6,0.00025910482418112224,0.0
3,29,random_initialization,7,7,0.00024750422380748205,0.0
3,29,random_initialization,8,0,0.0002507746603441774,0.0
3,29,random_initialization,8,1,0.00032290495255438145,0.0
3,29,random_initialization,8,2,0.0003519620095175924,0.0
3,29,random_initialization,8,3,0.0002453315364618902,0.0
3,29,random_initialization,8,4,0.00041085443990596104,0.0
3,29,random_initialization,8,5,0.00029105328940204345,0.0
3,29,random_initialization,8,6,0.0002590041112853214,0.0
3,29,random_initialization,8,7,0.000246903950937849,0.0
3,29,random_initialization,9,0,0.0002704741091292817,0.0
3,29,random_initialization,9,1,0.000368893044651486,0.0
3,29,random_initialization,9,2,0.0002386681453572237,0.0
3,29,random_initialization,9,3,0.0002646362645464251,0.0
3,29,random_initialization,9,4,0.0002964848063129466,0.0
3,29,random_initialization,9,5,0.00024509733066224726,0.0
3,29,random_initialization,9,6,0.0002492667290425743,0.0
3,29,random_initialization,9,7,0.0002528592031012522,0.0
3,29,random_initialization,10,0,0.00027352083452569786,0.0
3,29,random_initialization,10,1,0.00024968678917502984,0.0
3,29,random_initialization,10,2,0.00028259335886104964,0.0
3,29,random_initialization,10,3,0.000248001652835228,0.0
3,29,random_initialization,10,4,0.00025482012642896734,0.0
3,29,random_initialization,10,5,0.00024413068604189903,0.0
3,29,random_initialization,10,6,0.0002837926640495425,0.0
3,29,random_initialization,10,7,0.00029312275182746816,0.0
3,29,random_initialization,11,0,0.0002745541733020218,0.0
3,29,random_initialization,11,1,0.0002553143713157624,0.0
3,29,random_initialization,11,2,0.00026178315056313295,0.0
3,29,random_initialization,11,3,0.00024982530703709926,0.0
3,29,random_initialization,11,4,0.00028991286853852216,0.0
3,29,random_initialization,11,5,0.00026859915305976756,0.0
3,29,random_initialization,11,6,0.0002785244450933533,0.0
3,29,random_initialization,11,7,0.0002618694234115537,0.0
3,29,random_initialization,12,0,0.0002839592198142782,0.0
3,29,random_initialization,12,1,0.00029323853595997207,0.0
3,29,random_initialization,12,2,0.0002464994095134898,0.0
3,29,random_initialization,12,3,0.00026478733525436837,0.0
3,29,random_initialization,12,4,0.00023993703780433862,0.0
3,29,random_initialization,12,5,0.00023889979547675466,0.0
3,29,random_initialization,12,6,0.0002621253916004207,0.0
3,29,random_initialization,12,7,0.0003878890711348504,0.0
3,29,random_initialization,13,0,0.00027191866684006527,0.0
3,29,random_initialization,13,1,0.00027144933301315177,0.0
3,29,random_initialization,13,2,0.0002585344045655802,0.0
3,29,random_initialization,13,3,0.00027962432432104833,0.0
3,29,random_initialization,13,4,0.0002557096204327536,0.0
3,29,random_initialization,13,5,0.00027644932924886234,0.0
3,29,random_initialization,13,6,0.00025695647218526574,0.0
3,29,random_initialization,13,7,0.0002739488809311297,0.0
3,29,random_initialization,14,0,0.0002485855711711338,0.0
3,29,random_initialization,14,1,0.00027867970857187174,0.0
3,29,random_initialization,14,2,0.0002759892977337586,0.0
3,29,random_initialization,14,3,0.0002538806020311313,0.0
3,29,random_initialization,14,4,0.00025641249339969363,0.0
3,29,random_initialization,14,5,0.0002568641175457742,0.0
3,29,random_initialization,14,6,0.00024785817822703393,0.0
3,29,random_initialization,14,7,0.0002639983777044108,0.0
3,29,random_initialization,15,0,0.0002807690543704666,0.0
3,29,random_initialization,15,1,0.00032206441937887575,0.0
3,29,random_initialization,15,2,0.0002589580253697932,0.0
3,29,random_initialization,15,3,0.00024087416750262491,0.0
3,29,random_initialization,15,4,0.0002856504070223309,0.0
3,29,random_initialization,15,5,0.00025497336355329026,0.0
3,29,random_initialization,15,6,0.0002750990624917904,0.0
3,29,random_initialization,15,7,0.0002672563332453137,0.0
3,29,random_initialization,16,0,0.000252675284173165,0.0
3,29,random_initialization,16,1,0.0002520562284189509,0.0
3,29,random_initialization,16,2,0.00025675020697235595,0.0
3,29,random_initialization,16,3,0.00024136399588314816,0.0
3,29,random_initialization,16,4,0.0002461896710883593,0.0
3,29,random_initialization,16,5,0.00027767620849772356,0.0
3,29,random_initialization,16,6,0.0002681422593013849,0.0
3,29,random_initialization,16,7,0.0002689059911062941,0.0
3,29,random_initialization,17,0,0.0002514094485377427,0.0
3,29,random_initialization,17,1,0.0002642411091073882,0.0
3,29,random_initialization,17,2,0.0002567139681559638,0.0
3,29,random_initialization,17,3,0.0002535407584218774,0.0
3,29,random_initialization,17,4,0.0002604588917165529,0.0
3,29,random_initialization,17,5,0.00026897680618276354,0.0
3,29,random_initialization,17,6,0.0002692641246540006,0.0
3,29,random_initialization,17,7,0.00025219506005669245,0.0
3,29,random_initialization,18,0,0.0002457100645187893,0.0
3,29,random_initialization,18,1,0.00026533807431405876,0.0
3,29,random_initialization,18,2,0.00026909926418738905,0.0
3,29,random_initialization,18,3,0.00027241554562351666,0.0
3,29,random_initialization,18,4,0.00025817047026066575,0.0
3,29,random_initialization,18,5,0.00026696194436226506,0.0
3,29,random_initialization,18,6,0.0002498979247320676,0.0
3,29,random_initialization,18,7,0.00026171783792960923,0.0
3,29,random_initialization,19,0,0.00025885612103593303,0.0
3,29,random_initialization,19,1,0.0002588405641290592,0.0
3,29,random_initialization,19,2,0.00027449842855276074,0.0
3,29,random_initialization,19,3,0.00025726828243932687,0.0
3,29,random_initialization,19,4,0.0002519341360311955,0.0
3,29,random_initialization,19,5,0.0002602995537017705,0.0
3,29,random_initialization,19,6,0.000354481609974755,0.0
3,29,random_initialization,19,7,0.000249271600296197,0.0
3,29,random_initialization,20,0,0.0002664076837390894,0.0
3,29,random_initialization,20,1,0.0002619678143673809,0.0
3,29,random_initialization,20,2,0.00026101396724698134,0.0
3,29,random_initialization,20,3,0.0002559490985731827,0.0
3,29,random_initialization,20,4,0.0002688412569114007,0.0
3,29,random_initialization,20,5,0.0002949108547909418,0.0
3,29,random_initialization,20,6,0.00025620392079872545,0.0
3,29,random_initialization,20,7,0.0002582388351584086,0.0
3,29,random_initialization,21,0,0.00030035909730941057,0.0
3,29,random_initialization,21,1,0.0002396099516772665,0.0
3,29,random_initialization,21,2,0.00024858837514329934,0.0
3,29,random_initialization,21,3,0.0002727083792706253,0.0
3,29,random_initialization,21,4,0.0002441833612465416,0.0
3,29,random_initialization,21,5,0.00026099125352629926,0.0
3,29,random_initialization,21,6,0.00027074315039499197,0.0
3,29,random_initialization,21,7,0.0002617273494252004,0.0
3,29,random_initialization,22,0,0.0002753444332483923,0.0
3,29,random_initialization,22,1,0.00023827470977266785,0.0
3,29,random_initialization,22,2,0.00026515733952692244,0.0
3,29,random_initialization,22,3,0.00027052121731685475,0.0
3,29,random_initialization,22,4,0.0003084557320107706,0.0
3,29,random_initialization,22,5,0.0002462395368638681,0.0
3,29,random_initialization,22,6,0.0002628774473123485,0.0
3,29,random_initialization,22,7,0.0002515373189453385,0.0
3,29,random_initialization,23,0,0.0002978681441163644,0.0
3,29,random_initialization,23,1,0.00024919238239817787,0.0
3,29,random_initialization,23,2,0.00024176756687666057,0.0
3,29,random_initialization,23,3,0.0002556320123403566,0.0
3,29,random_initialization,23,4,0.00024703668259462574,0.0
3,29,random_initialization,23,5,0.0002560280390753178,0.0
3,29,random_initialization,23,6,0.0002542755228205351,0.0
3,29,random_initialization,23,7,0.00025060877851501573,0.0
3,29,random_initialization,24,0,0.00024795586796244606,0.0
3,29,random_initialization,24,1,0.0002480956627550768,0.0
3,29,random_initialization,24,2,0.0002542370866649435,0.0
3,29,random_initialization,24,3,0.0002514499210519716,0.0
3,29,random_initialization,24,4,0.00027931889962928835,0.0
3,29,random_initialization,24,5,0.0002651343274919782,0.0
3,29,random_initialization,24,6,0.00027863026480190456,0.0
3,29,random_initialization,24,7,0.0002520652542443713,0.0
3,29,random_initialization,25,0,0.0002751774627540726,0.0
3,29,random_initialization,25,1,0.00027458400472823996,0.0
3,29,random_initialization,25,2,0.00025036326769622974,0.0
3,29,random_initialization,25,3,0.0002561910241638543,0.0
3,29,random_initialization,25,4,0.0002460271862219088,0.0
3,29,random_initialization,25,5,0.00024038765241130022,0.0
3,29,random_initialization,25,6,0.00026894562870438676,0.0
3,29,random_initialization,25,7,0.00031269358623831067,0.0
3,29,random_initialization,26,0,0.0002849121156032197,0.0
3,29,random_initialization,26,1,0.0002663505802047439,0.0
3,29,random_initialization,26,2,0.00024981334536278155,0.0
3,29,random_initialization,26,3,0.0002546376836107811,0.0
3,29,random_initialization,26,4,0.0002457758419041056,0.0
3,29,random_initialization,26,5,0.0002683644197531976,0.0
3,29,random_initialization,26,6,0.0002660462869243929,0.0
3,29,random_initialization,26,7,0.0002530860874685459,0.0
3,29,random_initialization,27,0,0.0003115236340818228,0.0
3,29,random_initialization,27,1,0.0002606941961857956,0.0
3,29,random_initialization,27,2,0.00028304371699050535,0.0
3,29,random_initialization,27,3,0.0002443426410536631,0.0
3,29,random_initialization,27,4,0.00025068090963031864,0.0
3,29,random_initialization,27,5,0.00026105527467734646,0.0
3,29,random_initialization,27,6,0.0002615184621390654,0.0
3,29,random_initialization,27,7,0.00026255233024130575,0.0
3,29,random_initialization,28,0,0.00025233454471162986,0.0
3,29,random_initialization,28,1,0.0002529827161197318,0.0
3,29,random_initialization,28,2,0.0002502861343600671,0.0
3,29,random_initialization,28,3,0.0002530830188334221,0.0
3,29,random_initialization,28,4,0.0002558193173172185,0.0
3,29,random_initialization,28,5,0.0002477658817952033,0.0
3,29,random_initialization,28,6,0.0002703560112422565,0.0
3,29,random_initialization,28,7,0.00025957123398256954,0.0
3,29,random_initialization,29,0,0.00028450230820453726,0.0
3,29,random_initialization,29,1,0.00025114349045907147,0.0
3,29,random_initialization,29,2,0.00026891612287727185,0.0
3,29,random_initialization,29,3,0.0002674393526831409,0.0
3,29,random_initialization,29,4,0.00025945484230760485,0.0
3,29,random_initialization,29,5,0.00031629112163500395,0.0
3,29,random_initialization,29,6,0.0002593409262772184,0.0
3,29,random_initialization,29,7,0.00026597242867865134,0.0
3,29,random_initialization,30,0,0.0002551810030126944,0.0
3,29,random_initialization,30,1,0.00024814704920572694,0.0
3,29,random_initialization,30,2,0.0002860846543626394,0.0
3,29,random_initialization,30,3,0.0002551482593844412,0.0
3,29,random_initialization,30,4,0.00024677849432919174,0.0
3,29,random_initialization,30,5,0.0002698985881579574,0.0
3,29,random_initialization,30,6,0.0002567339088273002,0.0
3,29,random_initialization,30,7,0.00027340089582139626,0.0
3,29,random_initialization,31,0,0.00024103993382595945,0.0
3,29,random_initialization,31,1,0.0002417943069303874,0.0
3,29,random_initialization,31,2,0.0002947841476270696,0.0
3,29,random_initialization,31,3,0.00024272622522403253,0.0
3,29,random_initialization,31,4,0.00025656455181888305,0.0
3,29,random_initialization,31,5,0.0002452186090522446,0.0
3,29,random_initialization,31,6,0.000315663035507896,0.0
3,29,random_initialization,31,7,0.00024212517018895596,0.0
3,29,existing_80_step,0,0,0.00013158955334802158,-0.46545667360999654
3,29,existing_80_step,0,1,0.00015248679392243503,-0.4210027645830249
3,29,existing_80_step,0,2,0.000155582720253733,-0.4036622016615229
3,29,existing_80_step,0,3,0.00014222618301573675,-0.4602942637977605
3,29,existing_80_step,0,4,0.00013737585231865523,-0.42793666828151117
3,29,existing_80_step,0,5,0.0001349761187157128,-0.4879115320020571
3,29,existing_80_step,0,6,0.00015685609923821175,-0.39714412983309205
3,29,existing_80_step,0,7,0.00011351369357726071,-0.7247122096952411
3,29,existing_80_step,1,0,0.00017627154829824576,-0.3843760225585517
3,29,existing_80_step,1,1,0.00018193544838140951,-0.25208428361103996
3,29,existing_80_step,1,2,0.00011036027581212693,-0.5929261396406206
3,29,existing_80_step,1,3,0.00017942879549082136,-0.2895044390800153
3,29,existing_80_step,1,4,0.00017860507978184614,-0.3190580169905284
3,29,existing_80_step,1,5,0.00019554854861780768,-0.19334754612718463
3,29,existing_80_step,1,6,0.00018737238679022994,-0.2241290127441834
3,29,existing_80_step,1,7,0.00019163186516379938,-0.23812355510702266
3,29,existing_80_step,2,0,0.00022074171738495352,-0.08945639814185963
3,29,existing_80_step,2,1,0.00020647085602831794,-0.12205860505586139
3,29,existing_80_step,2,2,0.00022011347573425155,-0.2590755129362216
3,29,existing_80_step,2,3,0.00023294823222386185,-0.1325788596476802
3,29,existing_80_step,2,4,0.00022799300586484605,-0.09800580888077162
3,29,existing_80_step,2,5,0.00023529635382146807,-0.09169120873731068
3,29,existing_80_step,2,6,0.0002294262740178965,-0.20358708896352493
3,29,existing_80_step,2,7,0.00022000098761054687,-0.27006783357290365
3,29,existing_80_step,3,0,0.00022538807843375253,-0.12991736952612784
3,29,existing_80_step,3,1,0.0002248498849439784,-0.26369590199675674
3,29,existing_80_step,3,2,0.0002160228132197517,-0.23132939044853942
3,29,existing_80_step,3,3,0.00022428768988902448,-0.08783299846598236
3,29,existing_80_step,3,4,0.00020112503625568934,-0.13705282821352263
3,29,existing_80_step,3,5,0.0002229108358733356,-0.08794097507729408
3,29,existing_80_step,3,6,0.00022445454033004353,-0.14565725948550762
3,29,existing_80_step,3,7,0.00021599515457637608,-0.1855687150097098
3,29,existing_80_step,4,0,0.00022714114675181918,-0.09881633343139348
3,29,existing_80_step,4,1,0.00022471212105301674,-0.17441754044023852
3,29,existing_80_step,4,2,0.00022512932628160343,-0.16454292399172094
3,29,existing_80_step,4,3,0.00021753816872660536,-0.09594452642051123
3,29,existing_80_step,4,4,0.00022907160746399313,-0.05982750027814137
3,29,existing_80_step,4,5,0.00022166506914800266,-0.07058346839917025
3,29,existing_80_step,4,6,0.00021364445001381682,-0.12849970283306786
3,29,existing_80_step,4,7,0.00022402098329621367,-0.08835680463387786
3,29,existing_80_step,5,0,0.0002306576989212772,-0.10720976628030682
3,29,existing_80_step,5,1,0.0002335138842681772,-0.09657378649927324
3,29,existing_80_step,5,2,0.0002370191941736266,-0.17042583998927166
3,29,existing_80_step,5,3,0.00022415410603571218,-0.14265182798068746
3,29,existing_80_step,5,4,0.0002340383625778486,-0.07756177180044943
3,29,existing_80_step,5,5,0.00023376120861939853,-0.07536099599553718
3,29,existing_80_step,5,6,0.00019227535995014478,-0.17769245167827172
3,29,existing_80_step,5,7,0.00022844987779535586,-0.06895434581668605
3,29,existing_80_step,6,0,0.0002274954867971246,-0.16781631281012477
3,29,existing_80_step,6,1,0.00022874549358675722,-0.06835982493153227
3,29,existing_80_step,6,2,0.0002269902934131096,-0.07840630753556985
3,29,existing_80_step,6,3,0.00022411970621760702,-0.10248199841051658
3,29,existing_80_step,6,4,0.0002218404770246707,-0.1561324958303983
3,29,existing_80_step,6,5,0.00022804917807661695,-0.10365718838108677
3,29,existing_80_step,6,6,0.00023185644931800198,-0.057619036604812136
3,29,existing_80_step,6,7,0.0002334115915800794,-0.0504897417710677
3,29,existing_80_step,7,0,0.00022935992910788627,-0.1537225472745748
3,29,existing_80_step,7,1,0.0002274090929859085,-0.12290980918191455
3,29,existing_80_step,7,2,0.00023179888012236916,-0.36719941456472843
3,29,existing_80_step,7,3,0.00022497565169032896,-0.16284265859490402
3,29,existing_80_step,7,4,0.00022503838499687845,-0.11824281450005603
3,29,existing_80_step,7,5,0.00022990290926827583,-0.05229614949719898
3,29,existing_80_step,7,6,0.00023302721729123732,-0.10064500717924059
3,29,existing_80_step,7,7,0.00022701191028318135,-0.08279581337666536
3,29,existing_80_step,8,0,0.00023397375844069757,-0.06699601100215354
3,29,existing_80_step,8,1,0.0002229123256256571,-0.3096658200430799
3,29,existing_80_step,8,2,0.00023710059667791938,-0.3263460536468263
3,29,existing_80_step,8,3,0.00023284920916921692,-0.05087942411599535
3,29,existing_80_step,8,4,0.00022944788906897884,-0.4415348435287779
3,29,existing_80_step,8,5,0.00021239261332084425,-0.2702621098796176
3,29,existing_80_step,8,6,0.00023377675188385183,-0.09740138593274639
3,29,existing_80_step,8,7,0.0002386176201980561,-0.03356094832957431
3,29,existing_80_step,9,0,0.00023693708590144524,-0.12399346959973305
3,29,existing_80_step,9,1,0.00022055034878576407,-0.40212928385751917
3,29,existing_80_step,9,2,0.00022334233472065534,-0.06421389253111104
3,29,existing_80_step,9,3,0.00023742697794659762,-0.10281767937762795
3,29,existing_80_step,9,4,0.00023466504080715822,-0.2085090506814578
3,29,existing_80_step,9,5,0.000235182991673355,-0.04045062001329821
3,29,existing_80_step,9,6,0.00023466396123694722,-0.05858289977854588
3,29,existing_80_step,9,7,0.00023723718004475813,-0.061781508700866065
3,29,existing_80_step,10,0,0.0002371202981521492,-0.1330814028725434
3,29,existing_80_step,10,1,0.00023091156253940426,-0.07519511423755863
3,29,existing_80_step,10,2,0.0002314739749635919,-0.18089379065200537
3,29,existing_80_step,10,3,0.0002346531791772577,-0.05382413183689153
3,29,existing_80_step,10,4,0.00023875230726844165,-0.0630555340572939
3,29,existing_80_step,10,5,0.00023505026547354646,-0.03719491685200989
3,29,existing_80_step,10,6,0.00023260941725311568,-0.1803543688059943
3,29,existing_80_step,10,7,0.00023521642469859216,-0.1975497526816329
3,29,existing_80_step,11,0,0.00023440019322151784,-0.14625157431620173
3,29,existing_80_step,11,1,0.000237565996030753,-0.06951577066948152
3,29,existing_80_step,11,2,0.00023370395774691133,-0.10726126855689247
3,29,existing_80_step,11,3,0.0002376152378928964,-0.048874428651816515
3,29,existing_80_step,11,4,0.0002322095970157534,-0.19903659956060712
3,29,existing_80_step,11,5,0.00023566473373648478,-0.1226154995207835
3,29,existing_80_step,11,6,0.0002355481374252122,-0.15429994898198857
3,29,existing_80_step,11,7,0.00023436189349013148,-0.10504292392392617
3,29,existing_80_step,12,0,0.00022810064638179028,-0.19671336422540484
3,29,existing_80_step,12,1,0.00023427853102475638,-0.20106499557501512
3,29,existing_80_step,12,2,0.00023313671317737317,-0.054209851303458644
3,29,existing_80_step,12,3,0.00023077711011865176,-0.12844354924696316
3,29,existing_80_step,12,4,0.00022408561471820576,-0.06606492782935501
3,29,existing_80_step,12,5,0.0002268835296490579,-0.05029835125524824
3,29,existing_80_step,12,6,0.00023200377290777396,-0.11491301361053795
3,29,existing_80_step,12,7,0.00023172776400315342,-0.4025926966047651
3,29,existing_80_step,13,0,0.0002405800159976934,-0.11525009006021773
3,29,existing_80_step,13,1,0.00023689057252340717,-0.1273120110708477
3,29,existing_80_step,13,2,0.0002395059600530658,-0.07360120810415241
3,29,existing_80_step,13,3,0.00023950794184202095,-0.14346528177201098
3,29,existing_80_step,13,4,0.0002415612143522594,-0.0553299717724735
3,29,existing_80_step,13,5,0.00023867443906055996,-0.13664308859399352
3,29,existing_80_step,13,6,0.0002353312556806486,-0.08415906523275014
3,29,existing_80_step,13,7,0.00023171693283075,-0.154159958444936
3,29,existing_80_step,14,0,0.00023637190952285891,-0.049132624998039866
3,29,existing_80_step,14,1,0.00023747974410071038,-0.14783984338973089
3,29,existing_80_step,14,2,0.000227059388635098,-0.177289153965174
3,29,existing_80_step,14,3,0.0002376384218223393,-0.06397566446136099
3,29,existing_80_step,14,4,0.0002353960444452241,-0.08196343585220421
3,29,existing_80_step,14,5,0.00023815021813788917,-0.07285524964206083
3,29,existing_80_step,14,6,0.00023022076857159846,-0.07115928060796084
3,29,existing_80_step,14,7,0.00024006015610211762,-0.09067563903402442
3,29,existing_80_step,15,0,0.0002363182884437265,-0.15831789591771975
3,29,existing_80_step,15,1,0.00023364609296550043,-0.27453615206515636
3,29,existing_80_step,15,2,0.00023467843038815772,-0.09375880491428713
3,29,existing_80_step,15,3,0.00023383602820103988,-0.029219153612677604
3,29,existing_80_step,15,4,0.00023717142084933585,-0.1697143955730656
3,29,existing_80_step,15,5,0.00023753723689878825,-0.06838411044790488
3,29,existing_80_step,15,6,0.0002351090743104578,-0.1453657741291866
3,29,existing_80_step,15,7,0.00023358428916253615,-0.125991566500578
3,29,existing_80_step,16,0,0.00023478351431549527,-0.07080933901476497
3,29,existing_80_step,16,1,0.0002320973653695546,-0.07918416924108708
3,29,existing_80_step,16,2,0.00023709201832389226,-0.07656542473821752
3,29,existing_80_step,16,3,0.00022043387889425503,-0.08671598641839712
3,29,existing_80_step,16,4,0.00023418243836204056,-0.04877228469105544
3,29,existing_80_step,16,5,0.00023448515003110515,-0.15554468530195487
3,29,existing_80_step,16,6,0.0002384597673881217,-0.11069680695089867
3,29,existing_80_step,16,7,0.00021824367286171764,-0.18840159728739728
3,29,existing_80_step,17,0,0.00023704390332568437,-0.057140037081389684
3,29,existing_80_step,17,1,0.00023290606168302475,-0.11858505866181784
3,29,existing_80_step,17,2,0.00023058284023136366,-0.10179083013014883
3,29,existing_80_step,17,3,0.00023300608336285222,-0.08099161328868727
3,29,existing_80_step,17,4,0.000232551618864818,-0.1071465545591942
3,29,existing_80_step,17,5,0.00023652325126022333,-0.12065558879633943
3,29,existing_80_step,17,6,0.00023811788560124114,-0.11567170001864088
3,29,existing_80_step,17,7,0.00023689506724622333,-0.06066729779334196
3,29,existing_80_step,18,0,0.0002343004007343552,-0.04643547592069269
3,29,existing_80_step,18,1,0.00023404038620356005,-0.11795400336498343
3,29,existing_80_step,18,2,0.0002355259803152876,-0.12476170818781013
3,29,existing_80_step,18,3,0.00023571910605824087,-0.13470758242259404
3,29,existing_80_step,18,4,0.00023536035405413713,-0.08835292504018
3,29,existing_80_step,18,5,0.00023687618795520393,-0.11269679833555232
3,29,existing_80_step,18,6,0.00023117692671803525,-0.0749145797593334
3,29,existing_80_step,18,7,0.0002339159091206966,-0.10622863549862487
3,29,existing_80_step,19,0,0.00023506314573751297,-0.0919158303199531
3,29,existing_80_step,19,1,0.00023125808456825325,-0.10656165757332065
3,29,existing_80_step,19,2,0.0002337511868972797,-0.14844253160323323
3,29,existing_80_step,19,3,0.00023579341996082803,-0.08347263904777451
3,29,existing_80_step,19,4,0.00023180747757578501,-0.07988857235653982
3,29,existing_80_step,19,5,0.00023109208632376976,-0.1122071358273023
3,29,existing_80_step,19,6,0.00023254194366018055,-0.3439943367534879
3,29,existing_80_step,19,7,0.0002333477805223083,-0.06388140387820836
3,29,existing_80_step,20,0,0.00023502169915445847,-0.11781185941832405
3,29,existing_80_step,20,1,0.0002332102976652095,-0.1097749995418986
3,29,existing_80_step,20,2,0.0002346582614336512,-0.10097431218457119
3,29,existing_80_step,20,3,0.0002357944267714629,-0.07874484385400972
3,29,existing_80_step,20,4,0.0002319057084605447,-0.13738794735299306
3,29,existing_80_step,20,5,0.00023332754608418327,-0.20882008141210703
3,29,existing_80_step,20,6,0.00023605947171745356,-0.07862662295905075
3,29,existing_80_step,20,7,0.00023382970357488375,-0.09452153688871714
3,29,existing_80_step,21,0,0.000237086337619985,-0.21065704437194413
3,29,existing_80_step,21,1,0.00022559893841389567,-0.05847425436754164
3,29,existing_80_step,21,2,0.00023293749745789682,-0.0629590087484201
3,29,existing_80_step,21,3,0.00023524259631813038,-0.13738405491132827
3,29,existing_80_step,21,4,0.00022597361021325924,-0.07457408621260135
3,29,existing_80_step,21,5,0.00023382282688544365,-0.10409707710039386
3,29,existing_80_step,21,6,0.00023425641484209336,-0.13476512886722145
3,29,existing_80_step,21,7,0.00023572340160171734,-0.09935510324233332
3,29,existing_80_step,22,0,0.00023558961947856005,-0.14438212278644053
3,29,existing_80_step,22,1,0.00022654599888483062,-0.04922348200120484
3,29,existing_80_step,22,2,0.00023643169333809055,-0.10833434307374797
3,29,existing_80_step,22,3,0.0002371948921791045,-0.12319301779097036
3,29,existing_80_step,22,4,0.0002305912175870617,-0.25243335215761215
3,29,existing_80_step,22,5,0.00023480273102904903,-0.04644585504212453
3,29,existing_80_step,22,6,0.00023334361048910068,-0.11234830954576339
3,29,existing_80_step,22,7,0.00023409761888615321,-0.0693324558451507
3,29,existing_80_step,23,0,0.00023000106739345938,-0.2278426816141583
3,29,existing_80_step,23,1,0.00023555023653898388,-0.054745436950779526
3,29,existing_80_step,23,2,0.00023366512050415622,-0.03351337186032842
3,29,existing_80_step,23,3,0.00023623102606507018,-0.07589419688742004
3,29,existing_80_step,23,4,0.00023249794503499288,-0.05885254532619421
3,29,existing_80_step,23,5,0.0002342746429349063,-0.0849648976689312
3,29,existing_80_step,23,6,0.00023425361996487482,-0.07874097606237758
3,29,existing_80_step,23,7,0.00022874023397889687,-0.08726168598602607
3,29,existing_80_step,24,0,0.00023304283331526676,-0.060143906936850317
3,29,existing_80_step,24,1,0.00023055499514157418,-0.07070122636855189
3,29,existing_80_step,24,2,0.00023285563656827435,-0.08410043702572607
3,29,existing_80_step,24,3,0.00022384690964827314,-0.10977538305925047
3,29,existing_80_step,24,4,0.00023400759255309822,-0.16222069876520076
3,29,existing_80_step,24,5,0.00023422167032549623,-0.11659243621487388
3,29,existing_80_step,24,6,0.00023503886950493325,-0.15644888873777987
3,29,existing_80_step,24,7,0.0002266568490085774,-0.100800902972375
3,29,existing_80_step,25,0,0.00023069442158885067,-0.16165219607746964
3,29,existing_80_step,25,1,0.00023506630350311752,-0.143918438600361
3,29,existing_80_step,25,2,0.00023188859995570965,-0.0737914467666069
3,29,existing_80_step,25,3,0.00023528280144091696,-0.08161184721899117
3,29,existing_80_step,25,4,0.00023152622634370346,-0.05894047768008009
3,29,existing_80_step,25,5,0.00021352994644985301,-0.11172664524171988
3,29,existing_80_step,25,6,0.00023246747514349408,-0.13563393365648588
3,29,existing_80_step,25,7,0.0002258323711430421,-0.2777838079130594
3,29,existing_80_step,26,0,0.00023569225686514983,-0.17275453040619543
3,29,existing_80_step,26,1,0.00022903730587131577,-0.14009083180800802
3,29,existing_80_step,26,2,0.0002305794741914724,-0.07699296906407269
3,29,existing_80_step,26,3,0.00023419633271259954,-0.08027622073968665
3,29,existing_80_step,26,4,0.00023231750128616113,-0.05475859837841804
3,29,existing_80_step,26,5,0.00023045703801471973,-0.14125338140331542
3,29,existing_80_step,26,6,0.00023581034838571213,-0.11364916567045893
3,29,existing_80_step,26,7,0.0002353989621042274,-0.06988580660924985
3,29,existing_80_step,27,0,0.0002321533302165335,-0.25478100272945076
3,29,existing_80_step,27,1,0.00023588845033373218,-0.09515265861302284
3,29,existing_80_step,27,2,0.00022959845409786794,-0.18882335019091845
3,29,existing_80_step,27,3,0.00022587031435250537,-0.07560009428358758
3,29,existing_80_step,27,4,0.00023599876658408903,-0.05856905126075017
3,29,existing_80_step,27,5,0.00023356059409707086,-0.10532129877190909
3,29,existing_80_step,27,6,0.00023279064862435916,-0.10985003995408124
3,29,existing_80_step,27,7,0.0002325636678506271,-0.1142197533082901
3,29,existing_80_step,28,0,0.00023516166857007192,-0.06805598560111241
3,29,existing_80_step,28,1,0.00022819424702902324,-0.0979848326040449
3,29,existing_80_step,28,2,0.00022935453762329416,-0.08363066851582064
3,29,existing_80_step,28,3,0.00023388477984553901,-0.07585747584479094
3,29,existing_80_step,28,4,0.00023347522801486775,-0.08734324497725038
3,29,existing_80_step,28,5,0.0002333783477297402,-0.05806906891787251
3,29,existing_80_step,28,6,0.00023179473282652907,-0.142631481499311
3,29,existing_80_step,28,7,0.00023263811726792483,-0.10376002109869115
3,29,existing_80_step,29,0,0.00023254840471054194,-0.18261329344521202
3,29,existing_80_step,29,1,0.00023040288033371326,-0.08258470122974693
3,29,existing_80_step,29,2,0.00023399956080538686,-0.12984183208613428
3,29,existing_80_step,29,3,0.00023273338229046203,-0.12977136702016365
3,29,existing_80_step,29,4,0.00023158205203799298,-0.10742829087986883
3,29,existing_80_step,29,5,0.00023561316993436776,-0.255074980554584
3,29,existing_80_step,29,6,0.00017380344979756046,-0.32982637066786746
3,29,existing_80_step,29,7,0.00023184359633887652,-0.12831718125569086
3,29,existing_80_step,30,0,0.00023520255126641132,-0.07829129719851927
3,29,existing_80_step,30,1,0.00022842518592369743,-0.0794765174325287
3,29,existing_80_step,30,2,0.00023236006290972,-0.1877926363181242
3,29,existing_80_step,30,3,0.00023333563149208203,-0.08549001253225591
3,29,existing_80_step,30,4,0.00022890923901286442,-0.07241009944930825
3,29,existing_80_step,30,5,0.00023463513207389042,-0.13065446664518734
3,29,existing_80_step,30,6,0.00023941130166349467,-0.06747300051999788
3,29,existing_80_step,30,7,0.00023369909649773035,-0.1452145912118802
3,29,existing_80_step,31,0,0.0002211286573583493,-0.08260571661949963
3,29,existing_80_step,31,1,0.00022038190581952222,-0.08855626661644192
3,29,existing_80_step,31,2,0.00022941533097764477,-0.22175146518435823
3,29,existing_80_step,31,3,0.00022082642135501374,-0.09022430043892297
3,29,existing_80_step,31,4,0.0002303122582816286,-0.10232237209365837
3,29,existing_80_step,31,5,0.00023226785651786486,-0.05281309026437109
3,29,existing_80_step,31,6,0.00021589254902210087,-0.3160664229350334
3,29,existing_80_step,31,7,0.00023331901684287004,-0.03637025154887261
3,29,selected_horizon,0,0,9.854184372670716e-05,-0.5997031406059569
3,29,selected_horizon,0,1,0.00011892549946423969,-0.54843607345169
3,29,selected_horizon,0,2,0.00013325178497325396,-0.48925513099379153
3,29,selected_horizon,0,3,0.00011453232536950964,-0.5653841531016396
3,29,selected_horizon,0,4,0.00010348963951400947,-0.5690463281610513
3,29,selected_horizon,0,5,0.00010346779026804143,-0.6074515795117039
3,29,selected_horizon,0,6,0.00013227256840764312,-0.4916277102779325
3,29,selected_horizon,0,7,8.461829975203727e-05,-0.7947878883684704
3,29,selected_horizon,1,0,0.00013891258913645288,-0.5148512538383149
3,29,selected_horizon,1,1,0.0001473315842304146,-0.3943367917207359
3,29,selected_horizon,1,2,6.610316177102504e-05,-0.7561725082139126
3,29,selected_horizon,1,3,0.00014485255360341398,-0.4264181730606642
3,29,selected_horizon,1,4,0.0001449645469620009,-0.44731445379411916
3,29,selected_horizon,1,5,0.00015907412216620287,-0.3438072954260409
3,29,selected_horizon,1,6,0.00015971648826962337,-0.338646469965092
3,29,selected_horizon,1,7,0.0001568180114190909,-0.3765340178000148
3,29,selected_horizon,2,0,0.0002095320587613969,-0.13569542835151194
3,29,selected_horizon,2,1,0.00017562937682669144,-0.25320065480211196
3,29,selected_horizon,2,2,0.00021360389291658066,-0.28098743493051626
3,29,selected_horizon,2,3,0.00022804911441198783,-0.1508215323588098
3,29,selected_horizon,2,4,0.00021299485615600133,-0.1573420322162103
3,29,selected_horizon,2,5,0.00022973205796006368,-0.11317092470407411
3,29,selected_horizon,2,6,0.00021512598596018506,-0.2532280208465651
3,29,selected_horizon,2,7,0.00020550637054839171,-0.3181589232930975
3,29,selected_horizon,3,0,0.00020435794067452662,-0.21110159944604986
3,29,selected_horizon,3,1,0.00021480062514456222,-0.2966036847783798
3,29,selected_horizon,3,2,0.0001970625962712802,-0.2987952349201776
3,29,selected_horizon,3,3,0.00021005031794629758,-0.14573568978688153
3,29,selected_horizon,3,4,0.0001732496484692092,-0.2566549796941237
3,29,selected_horizon,3,5,0.00019731402608158533,-0.19267254314274912
3,29,selected_horizon,3,6,0.00021330744402803248,-0.1880865228429589
3,29,selected_horizon,3,7,0.0001841137063820497,-0.30578089695046373
3,29,selected_horizon,4,0,0.00020708727788587566,-0.17838016117433966
3,29,selected_horizon,4,1,0.00020098371169297025,-0.2615946738726011
3,29,selected_horizon,4,2,0.0001962194965017261,-0.2718275779047418
3,29,selected_horizon,4,3,0.00018018236551142763,-0.2511895510721752
3,29,selected_horizon,4,4,0.0002190427348978119,-0.10098873494324787
3,29,selected_horizon,4,5,0.0001939770054377732,-0.18667638389196817
3,29,selected_horizon,4,6,0.0001885776418930618,-0.2307524443615824
3,29,selected_horizon,4,7,0.00021046788606327027,-0.1435105169636331
3,29,selected_horizon,5,0,0.00021891784854233265,-0.15265036424287184
3,29,selected_horizon,5,1,0.00023219347167469095,-0.10168224226981745
3,29,selected_horizon,5,2,0.00023057205089571653,-0.19299103133543388
3,29,selected_horizon,5,3,0.00020016094276797958,-0.234421258540546
3,29,selected_horizon,5,4,0.0002117053336405661,-0.16558511727392355
3,29,selected_horizon,5,5,0.00021774281049147248,-0.13872153292220754
3,29,selected_horizon,5,6,0.0001440578889742028,-0.3839049916250528
3,29,selected_horizon,5,7,0.000213018595786707,-0.13184441251875606
3,29,selected_horizon,6,0,0.0002062999647023389,-0.24535001678414214
3,29,selected_horizon,6,1,0.0002151059989046189,-0.12391108854011264
3,29,selected_horizon,6,2,0.0002062002895399928,-0.16281492319785065
3,29,selected_horizon,6,3,0.00019392638932913542,-0.22339526343500066
3,29,selected_horizon,6,4,0.0001951513486346812,-0.2576562955669893
3,29,selected_horizon,6,5,0.00020434994894458214,-0.1968065426237586
3,29,selected_horizon,6,6,0.00020914948527206434,-0.14991153360601225
3,29,selected_horizon,6,7,0.0002286383669343195,-0.06990705406176972
3,29,selected_horizon,7,0,0.00021432018365885597,-0.20921522865858969
3,29,selected_horizon,7,1,0.0001885701540231821,-0.27270703997294776
3,29,selected_horizon,7,2,0.00020970828063582303,-0.42750576410499735
3,29,selected_horizon,7,3,0.0001934749443535111,-0.28006000282008825
3,29,selected_horizon,7,4,0.00020857939671259373,-0.18273328436335848
3,29,selected_horizon,7,5,0.00020684394894487923,-0.1473496029599115
3,29,selected_horizon,7,6,0.00023067162146617193,-0.10973629227016873
3,29,selected_horizon,7,7,0.00020670674712164328,-0.1648354765758364
3,29,selected_horizon,8,0,0.00022961519425734878,-0.08437641210554592
3,29,selected_horizon,8,1,0.00019872218763339333,-0.3845799326972977
3,29,selected_horizon,8,2,0.00022642500789515907,-0.35667770449003106
3,29,selected_horizon,8,3,0.00023181004598882282,-0.05511517462479927
3,29,selected_horizon,8,4,0.000198978916159831,-0.515694862138098
3,29,selected_horizon,8,5,0.00017480953192716697,-0.3993899457851664
3,29,selected_horizon,8,6,0.0002175044910472934,-0.16022765056540597
3,29,selected_horizon,8,7,0.00023254079769685632,-0.05817303929902766
3,29,selected_horizon,9,0,0.0002299609595866059,-0.14978568437880044
3,29,selected_horizon,9,1,0.0001827777241487638,-0.5045237995163497
3,29,selected_horizon,9,2,0.00019442365373834036,-0.18538079957281653
3,29,selected_horizon,9,3,0.0002324985680388636,-0.12144101475526828
3,29,selected_horizon,9,4,0.0002136149860234582,-0.27950781465009505
3,29,selected_horizon,9,5,0.00022788172282162122,-0.07023988304609383
3,29,selected_horizon,9,6,0.00022252877352002542,-0.1072664435612748
3,29,selected_horizon,9,7,0.00022841448389954166,-0.0966732430613655
3,29,selected_horizon,10,0,0.00023142505142459413,-0.1539033879232653
3,29,selected_horizon,10,1,0.00021773660228063818,-0.12796106273766314
3,29,selected_horizon,10,2,0.00020447809856705135,-0.27642284521062416
3,29,selected_horizon,10,3,0.00022815501506556757,-0.08002623185276321
3,29,selected_horizon,10,4,0.00023243163377628662,-0.08785998565510347
3,29,selected_horizon,10,5,0.00023338648406934226,-0.044010042927224595
3,29,selected_horizon,10,6,0.00021689052846340928,-0.2357430055854225
3,29,selected_horizon,10,7,0.0002305990710738115,-0.21330203938061434
3,29,selected_horizon,11,0,0.00022897984490555245,-0.1659939379116105
3,29,selected_horizon,11,1,0.00023437711479346035,-0.08200578923310081
3,29,selected_horizon,11,2,0.0002184899340136326,-0.16537816301916478
3,29,selected_horizon,11,3,0.00022749991785531165,-0.08936400177613822
3,29,selected_horizon,11,4,0.00021377374378062086,-0.2626276133989006
3,29,selected_horizon,11,5,0.0002234142893939861,-0.16822414795822943
3,29,selected_horizon,11,6,0.00022314890065899817,-0.1988175379571974
3,29,selected_horizon,11,7,0.00021995822953613242,-0.16004615326759136
3,29,selected_horizon,12,0,0.00019923354011552874,-0.29837270208786937
3,29,selected_horizon,12,1,0.0002166196809412213,-0.2612850823576935
3,29,selected_horizon,12,2,0.0002252544254588429,-0.08618675434792178
3,29,selected_horizon,12,3,0.00021261165147734573,-0.19704750503606974
3,29,selected_horizon,12,4,0.00020118843258387642,-0.1614948887218509
3,29,selected_horizon,12,5,0.0001940365682457923,-0.1877909821623419
3,29,selected_horizon,12,6,0.00021733697576564737,-0.17086637643654148
3,29,selected_horizon,12,7,0.0002241519159724703,-0.422123662013299
3,29,selected_horizon,13,0,0.00023841461188567337,-0.12321351580506984
3,29,selected_horizon,13,1,0.000232850886277447,-0.1421939273427306
3,29,selected_horizon,13,2,0.00023295906339626526,-0.09892432387205723
3,29,selected_horizon,13,3,0.00023190220144897467,-0.170665134329594
3,29,selected_horizon,13,4,0.00023183613666333258,-0.09336169569615094
3,29,selected_horizon,13,5,0.00022791522951592924,-0.17556237110361095
3,29,selected_horizon,13,6,0.0002248049495392479,-0.12512439314171692
3,29,selected_horizon,13,7,0.00021143589219718706,-0.2281921668066908
3,29,selected_horizon,14,0,0.0002275142560392851,-0.08476483583732441
3,29,selected_horizon,14,1,0.00023581103414471727,-0.15382775677081134
3,29,selected_horizon,14,2,0.0001902986632558168,-0.3104853528074333
3,29,selected_horizon,14,3,0.0002394171206105966,-0.05696961998995546
3,29,selected_horizon,14,4,0.00022332057233143132,-0.12905736623635924
3,29,selected_horizon,14,5,0.0002338643034818233,-0.0895407824327672
3,29,selected_horizon,14,6,0.00020662362294388004,-0.16636350504191852
3,29,selected_horizon,14,7,0.00023425678045896348,-0.11265825761530966
3,29,selected_horizon,15,0,0.00023474031968362397,-0.16393806215591364
3,29,selected_horizon,15,1,0.00021642036335833836,-0.328021506456005
3,29,selected_horizon,15,2,0.0002268225880470709,-0.12409515896189252
3,29,selected_horizon,15,3,0.00021807782377436524,-0.09464005195995644
3,29,selected_horizon,15,4,0.00023085434986569453,-0.19182908831756945
3,29,selected_horizon,15,5,0.0002293217303304118,-0.10060514896693187
3,29,selected_horizon,15,6,0.00021608864335576072,-0.2145060713821614
3,29,selected_horizon,15,7,0.0002187367954320507,-0.18154682145072717
3,29,selected_horizon,16,0,0.00022138219810585724,-0.12384704016346043
3,29,selected_horizon,16,1,0.00022256891043070937,-0.1169870634548642
3,29,selected_horizon,16,2,0.00022212424028111855,-0.1348624684651785
3,29,selected_horizon,16,3,0.0001929401569213951,-0.20062577595540204
3,29,selected_horizon,16,4,0.00022135045492177596,-0.10089463159349352
3,29,selected_horizon,16,5,0.00021719688265875448,-0.21780521336765843
3,29,selected_horizon,16,6,0.00022025024827598827,-0.17860672596021976
3,29,selected_horizon,16,7,0.00019034630531677976,-0.29214553928796994
3,29,selected_horizon,17,0,0.00021941308023087913,-0.12726796265200888
3,29,selected_horizon,17,1,0.0002164570614695549,-0.18083502525117595
3,29,selected_horizon,17,2,0.00021213217314652866,-0.17366330055850318
3,29,selected_horizon,17,3,0.0002161278289349866,-0.14756179527016244
3,29,selected_horizon,17,4,0.00022401999012799934,-0.1399026976902312
3,29,selected_horizon,17,5,0.00023103661715140333,-0.1410537569011832
3,29,selected_horizon,17,6,0.00022069142687541898,-0.180390528597141
3,29,selected_horizon,17,7,0.00023534265710623004,-0.06682289076825718
3,29,selected_horizon,18,0,0.00022880930828250712,-0.06878332912158666
3,29,selected_horizon,18,1,0.00023176842387329089,-0.12651652246874398
3,29,selected_horizon,18,2,0.00022971179168962408,-0.14636781938703944
3,29,selected_horizon,18,3,0.00021381740225479007,-0.21510572472875802
3,29,selected_horizon,18,4,0.00021901422314840602,-0.1516681868097658
3,29,selected_horizon,18,5,0.00022580453241971554,-0.15416958413630394
3,29,selected_horizon,18,6,0.0002235374558949843,-0.10548494496441357
3,29,selected_horizon,18,7,0.00021771366846223827,-0.16813592002546718
3,29,selected_horizon,19,0,0.0002210893608207698,-0.1458986562265632
3,29,selected_horizon,19,1,0.00021779654252895853,-0.15856873801138804
3,29,selected_horizon,19,2,0.00022923736833035946,-0.1648864092265714
3,29,selected_horizon,19,3,0.00023128046359488508,-0.10101446862409343
3,29,selected_horizon,19,4,0.0002206284407293424,-0.12426142719292602
3,29,selected_horizon,19,5,0.00021941908562439494,-0.15705162569818687
3,29,selected_horizon,19,6,0.00020000810309284134,-0.43577297816074223
3,29,selected_horizon,19,7,0.00021945308526483132,-0.11962259236886122
3,29,selected_horizon,20,0,0.0002313177628820995,-0.13171512309440667
3,29,selected_horizon,20,1,0.00021355706121539697,-0.1847965684978889
3,29,selected_horizon,20,2,0.00022352804899128387,-0.1436165223304961
3,29,selected_horizon,20,3,0.0002170854741052608,-0.15184122423001914
3,29,selected_horizon,20,4,0.00022340277428156696,-0.16901603255339803
3,29,selected_horizon,20,5,0.00022606796392210526,-0.23343627320072133
3,29,selected_horizon,20,6,0.00023215978035295848,-0.09384766779059606
3,29,selected_horizon,20,7,0.0002281492852489464,-0.11651829939135498
3,29,selected_horizon,21,0,0.00023351445906882873,-0.22254907155924367
3,29,selected_horizon,21,1,0.00020609304556273855,-0.139881110445998
3,29,selected_horizon,21,2,0.00022286362309387187,-0.10348332674284703
3,29,selected_horizon,21,3,0.00021651797851518495,-0.20604574346312682
3,29,selected_horizon,21,4,0.0002113672217092244,-0.13439138264701067
3,29,selected_horizon,21,5,0.00022548459401150467,-0.13604540012378882
3,29,selected_horizon,21,6,0.00021850310440640897,-0.19295057294106638
3,29,selected_horizon,21,7,0.00023336421691055875,-0.10836900529093381
3,29,selected_horizon,22,0,0.00022854509097669506,-0.16996654597145555
3,29,selected_horizon,22,1,0.00020168132323306054,-0.15357646044148024
3,29,selected_horizon,22,2,0.0002237965700260247,-0.1559857614150568
3,29,selected_horizon,22,3,0.00021575275695795426,-0.20245532273629965
3,29,selected_horizon,22,4,0.00021629021375701996,-0.29879658145089166
3,29,selected_horizon,22,5,0.0002204602878919104,-0.10469175381128823
3,29,selected_horizon,22,6,0.00022138575423014117,-0.15783664025353725
3,29,selected_horizon,22,7,0.00021745611866208492,-0.13549162576015109
3,29,selected_horizon,23,0,0.00021853118960279971,-0.2663492423767583
3,29,selected_horizon,23,1,0.0002247606744276709,-0.0980435586970239
3,29,selected_horizon,23,2,0.00021880023086850997,-0.09499758923357798
3,29,selected_horizon,23,3,0.00022623060976911802,-0.1150145566748996
3,29,selected_horizon,23,4,0.00022796643770561786,-0.07719600461240468
3,29,selected_horizon,23,5,0.00022243526291276794,-0.1312074110471455
3,29,selected_horizon,23,6,0.00021984631530358456,-0.13540118661460904
3,29,selected_horizon,23,7,0.00021522785755223595,-0.14117989470452594
3,29,selected_horizon,24,0,0.0002072428842438967,-0.16419447562626555
3,29,selected_horizon,24,1,0.00021846995787200285,-0.11941242565099092
3,29,selected_horizon,24,2,0.00022273784179560607,-0.12389712800182436
3,29,selected_horizon,24,3,0.00020272135316190543,-0.19379034873506518
3,29,selected_horizon,24,4,0.00021388156892498955,-0.2342746258529127
3,29,selected_horizon,24,5,0.0002218149347754661,-0.16338658643823759
3,29,selected_horizon,24,6,0.00021268213367875433,-0.23668689103115495
3,29,selected_horizon,24,7,0.00021369966543716146,-0.15220498724514933
3,29,selected_horizon,25,0,0.0002117283238476375,-0.23057534680134725
3,29,selected_horizon,25,1,0.00021479626229847781,-0.21773934897968658
3,29,selected_horizon,25,2,0.00022474102115666028,-0.1023402784894843
3,29,selected_horizon,25,3,0.0002139131465810351,-0.16502481974457925
3,29,selected_horizon,25,4,0.00022263150094659068,-0.09509390256658844
3,29,selected_horizon,25,5,0.00019890270959876943,-0.17257518177993011
3,29,selected_horizon,25,6,0.00022432077003031736,-0.16592520536230423
3,29,selected_horizon,25,7,0.00021573660069407197,-0.3100702726609354
3,29,selected_horizon,26,0,0.0002299610114278039,-0.1928703665657482
3,29,selected_horizon,26,1,0.00021635491430060938,-0.18770623989518928
3,29,selected_horizon,26,2,0.00019959434030170087,-0.20102611006690663
3,29,selected_horizon,26,3,0.0002095528225254384,-0.17705494507347092
3,29,selected_horizon,26,4,0.00022174294372234726,-0.09778380981453529
3,29,selected_horizon,26,5,0.00021756904334324645,-0.1892776116024073
3,29,selected_horizon,26,6,0.000220812352381472,-0.17002279966333766
3,29,selected_horizon,26,7,0.00022728129715687828,-0.10196052485451094
3,29,selected_horizon,27,0,0.0002234756311736419,-0.28263667110744733
3,29,selected_horizon,27,1,0.00021194924556766637,-0.18698134186074827
3,29,selected_horizon,27,2,0.00021313941124390112,-0.24697352935394482
3,29,selected_horizon,27,3,0.0002059961643681163,-0.15693730951007057
3,29,selected_horizon,27,4,0.00022330987758323317,-0.1091867429691785
3,29,selected_horizon,27,5,0.00021439851207105676,-0.17872369238260186
3,29,selected_horizon,27,6,0.0002244458510176628,-0.1417590590666934
3,29,selected_horizon,27,7,0.00021599242336378666,-0.17733572135782213
3,29,selected_horizon,28,0,0.0002232120168628171,-0.11541237004269167
3,29,selected_horizon,28,1,0.00021414719503809465,-0.15351057051366715
3,29,selected_horizon,28,2,0.00021727391776948934,-0.13189790427257805
3,29,selected_horizon,28,3,0.00021288713014655514,-0.15882491394384576
3,29,selected_horizon,28,4,0.00021857901901967125,-0.1455726592037181
3,29,selected_horizon,28,5,0.00022781174629926682,-0.08053625201079968
3,29,selected_horizon,28,6,0.000217491717194207,-0.1955358558707232
3,29,selected_horizon,28,7,0.0002211726205132436,-0.14793092778495032
3,29,selected_horizon,29,0,0.00022523105690197553,-0.20833311222188694
3,29,selected_horizon,29,1,0.00021913972886977717,-0.12743217644540109
3,29,selected_horizon,29,2,0.00022521612845594063,-0.162504181429371
3,29,selected_horizon,29,3,0.00021973698494548444,-0.17836704755329588
3,29,selected_horizon,29,4,0.00022024952158972155,-0.15110652924874762
3,29,selected_horizon,29,5,0.00022642340991296805,-0.28412973230953387
3,29,selected_horizon,29,6,0.00016063329076132504,-0.3806095587488624
3,29,selected_horizon,29,7,0.00021712392845074646,-0.1836600149518647
3,29,selected_horizon,30,0,0.00022800622082286282,-0.10649218346586617
3,29,selected_horizon,30,1,0.00021174725679884432,-0.1466863802063803
3,29,selected_horizon,30,2,0.00022337213522405364,-0.21920965763892988
3,29,selected_horizon,30,3,0.0002072837169180275,-0.18759501860561173
3,29,selected_horizon,30,4,0.0002037878502960666,-0.1742074168577165
3,29,selected_horizon,30,5,0.00021872660454391735,-0.18959707778868337
3,29,selected_horizon,30,6,0.0002196650984842563,-0.14438610977554717
3,29,selected_horizon,30,7,0.00021610917610814795,-0.20955205556705672
3,29,selected_horizon,31,0,0.00019790986698353663,-0.1789332836174958
3,29,selected_horizon,31,1,0.00019076130320172524,-0.21105957529163233
3,29,selected_horizon,31,2,0.00021341633964766515,-0.27602504623940155
3,29,selected_horizon,31,3,0.0001988824842555914,-0.18063042396005638
3,29,selected_horizon,31,4,0.0002133301813955768,-0.1685126418158762
3,29,selected_horizon,31,5,0.00022000407079758588,-0.10282473402859348
3,29,selected_horizon,31,6,0.0001980198321689386,-0.3726860294227091
3,29,selected_horizon,31,7,0.00021306059261405608,-0.12003947194840467
3,29,horizon_1000,0,0,9.854184372670716e-05,-0.5997031406059569
3,29,horizon_1000,0,1,0.00011892549946423969,-0.54843607345169
3,29,horizon_1000,0,2,0.00013325178497325396,-0.48925513099379153
3,29,horizon_1000,0,3,0.00011453232536950964,-0.5653841531016396
3,29,horizon_1000,0,4,0.00010348963951400947,-0.5690463281610513
3,29,horizon_1000,0,5,0.00010346779026804143,-0.6074515795117039
3,29,horizon_1000,0,6,0.00013227256840764312,-0.4916277102779325
3,29,horizon_1000,0,7,8.461829975203727e-05,-0.7947878883684704
3,29,horizon_1000,1,0,0.00013891258913645288,-0.5148512538383149
3,29,horizon_1000,1,1,0.0001473315842304146,-0.3943367917207359
3,29,horizon_1000,1,2,6.610316177102504e-05,-0.7561725082139126
3,29,horizon_1000,1,3,0.00014485255360341398,-0.4264181730606642
3,29,horizon_1000,1,4,0.0001449645469620009,-0.44731445379411916
3,29,horizon_1000,1,5,0.00015907412216620287,-0.3438072954260409
3,29,horizon_1000,1,6,0.00015971648826962337,-0.338646469965092
3,29,horizon_1000,1,7,0.0001568180114190909,-0.3765340178000148
3,29,horizon_1000,2,0,0.0002095320587613969,-0.13569542835151194
3,29,horizon_1000,2,1,0.00017562937682669144,-0.25320065480211196
3,29,horizon_1000,2,2,0.00021360389291658066,-0.28098743493051626
3,29,horizon_1000,2,3,0.00022804911441198783,-0.1508215323588098
3,29,horizon_1000,2,4,0.00021299485615600133,-0.1573420322162103
3,29,horizon_1000,2,5,0.00022973205796006368,-0.11317092470407411
3,29,horizon_1000,2,6,0.00021512598596018506,-0.2532280208465651
3,29,horizon_1000,2,7,0.00020550637054839171,-0.3181589232930975
3,29,horizon_1000,3,0,0.00020435794067452662,-0.21110159944604986
3,29,horizon_1000,3,1,0.00021480062514456222,-0.2966036847783798
3,29,horizon_1000,3,2,0.0001970625962712802,-0.2987952349201776
3,29,horizon_1000,3,3,0.00021005031794629758,-0.14573568978688153
3,29,horizon_1000,3,4,0.0001732496484692092,-0.2566549796941237
3,29,horizon_1000,3,5,0.00019731402608158533,-0.19267254314274912
3,29,horizon_1000,3,6,0.00021330744402803248,-0.1880865228429589
3,29,horizon_1000,3,7,0.0001841137063820497,-0.30578089695046373
3,29,horizon_1000,4,0,0.00020708727788587566,-0.17838016117433966
3,29,horizon_1000,4,1,0.00020098371169297025,-0.2615946738726011
3,29,horizon_1000,4,2,0.0001962194965017261,-0.2718275779047418
3,29,horizon_1000,4,3,0.00018018236551142763,-0.2511895510721752
3,29,horizon_1000,4,4,0.0002190427348978119,-0.10098873494324787
3,29,horizon_1000,4,5,0.0001939770054377732,-0.18667638389196817
3,29,horizon_1000,4,6,0.0001885776418930618,-0.2307524443615824
3,29,horizon_1000,4,7,0.00021046788606327027,-0.1435105169636331
3,29,horizon_1000,5,0,0.00021891784854233265,-0.15265036424287184
3,29,horizon_1000,5,1,0.00023219347167469095,-0.10168224226981745
3,29,horizon_1000,5,2,0.00023057205089571653,-0.19299103133543388
3,29,horizon_1000,5,3,0.00020016094276797958,-0.234421258540546
3,29,horizon_1000,5,4,0.0002117053336405661,-0.16558511727392355
3,29,horizon_1000,5,5,0.00021774281049147248,-0.13872153292220754
3,29,horizon_1000,5,6,0.0001440578889742028,-0.3839049916250528
3,29,horizon_1000,5,7,0.000213018595786707,-0.13184441251875606
3,29,horizon_1000,6,0,0.0002062999647023389,-0.24535001678414214
3,29,horizon_1000,6,1,0.0002151059989046189,-0.12391108854011264
3,29,horizon_1000,6,2,0.0002062002895399928,-0.16281492319785065
3,29,horizon_1000,6,3,0.00019392638932913542,-0.22339526343500066
3,29,horizon_1000,6,4,0.0001951513486346812,-0.2576562955669893
3,29,horizon_1000,6,5,0.00020434994894458214,-0.1968065426237586
3,29,horizon_1000,6,6,0.00020914948527206434,-0.14991153360601225
3,29,horizon_1000,6,7,0.0002286383669343195,-0.06990705406176972
3,29,horizon_1000,7,0,0.00021432018365885597,-0.20921522865858969
3,29,horizon_1000,7,1,0.0001885701540231821,-0.27270703997294776
3,29,horizon_1000,7,2,0.00020970828063582303,-0.42750576410499735
3,29,horizon_1000,7,3,0.0001934749443535111,-0.28006000282008825
3,29,horizon_1000,7,4,0.00020857939671259373,-0.18273328436335848
3,29,horizon_1000,7,5,0.00020684394894487923,-0.1473496029599115
3,29,horizon_1000,7,6,0.00023067162146617193,-0.10973629227016873
3,29,horizon_1000,7,7,0.00020670674712164328,-0.1648354765758364
3,29,horizon_1000,8,0,0.00022961519425734878,-0.08437641210554592
3,29,horizon_1000,8,1,0.00019872218763339333,-0.3845799326972977
3,29,horizon_1000,8,2,0.00022642500789515907,-0.35667770449003106
3,29,horizon_1000,8,3,0.00023181004598882282,-0.05511517462479927
3,29,horizon_1000,8,4,0.000198978916159831,-0.515694862138098
3,29,horizon_1000,8,5,0.00017480953192716697,-0.3993899457851664
3,29,horizon_1000,8,6,0.0002175044910472934,-0.16022765056540597
3,29,horizon_1000,8,7,0.00023254079769685632,-0.05817303929902766
3,29,horizon_1000,9,0,0.0002299609595866059,-0.14978568437880044
3,29,horizon_1000,9,1,0.0001827777241487638,-0.5045237995163497
3,29,horizon_1000,9,2,0.00019442365373834036,-0.18538079957281653
3,29,horizon_1000,9,3,0.0002324985680388636,-0.12144101475526828
3,29,horizon_1000,9,4,0.0002136149860234582,-0.27950781465009505
3,29,horizon_1000,9,5,0.00022788172282162122,-0.07023988304609383
3,29,horizon_1000,9,6,0.00022252877352002542,-0.1072664435612748
3,29,horizon_1000,9,7,0.00022841448389954166,-0.0966732430613655
3,29,horizon_1000,10,0,0.00023142505142459413,-0.1539033879232653
3,29,horizon_1000,10,1,0.00021773660228063818,-0.12796106273766314
3,29,horizon_1000,10,2,0.00020447809856705135,-0.27642284521062416
3,29,horizon_1000,10,3,0.00022815501506556757,-0.08002623185276321
3,29,horizon_1000,10,4,0.00023243163377628662,-0.08785998565510347
3,29,horizon_1000,10,5,0.00023338648406934226,-0.044010042927224595
3,29,horizon_1000,10,6,0.00021689052846340928,-0.2357430055854225
3,29,horizon_1000,10,7,0.0002305990710738115,-0.21330203938061434
3,29,horizon_1000,11,0,0.00022897984490555245,-0.1659939379116105
3,29,horizon_1000,11,1,0.00023437711479346035,-0.08200578923310081
3,29,horizon_1000,11,2,0.0002184899340136326,-0.16537816301916478
3,29,horizon_1000,11,3,0.00022749991785531165,-0.08936400177613822
3,29,horizon_1000,11,4,0.00021377374378062086,-0.2626276133989006
3,29,horizon_1000,11,5,0.0002234142893939861,-0.16822414795822943
3,29,horizon_1000,11,6,0.00022314890065899817,-0.1988175379571974
3,29,horizon_1000,11,7,0.00021995822953613242,-0.16004615326759136
3,29,horizon_1000,12,0,0.00019923354011552874,-0.29837270208786937
3,29,horizon_1000,12,1,0.0002166196809412213,-0.2612850823576935
3,29,horizon_1000,12,2,0.0002252544254588429,-0.08618675434792178
3,29,horizon_1000,12,3,0.00021261165147734573,-0.19704750503606974
3,29,horizon_1000,12,4,0.00020118843258387642,-0.1614948887218509
3,29,horizon_1000,12,5,0.0001940365682457923,-0.1877909821623419
3,29,horizon_1000,12,6,0.00021733697576564737,-0.17086637643654148
3,29,horizon_1000,12,7,0.0002241519159724703,-0.422123662013299
3,29,horizon_1000,13,0,0.00023841461188567337,-0.12321351580506984
3,29,horizon_1000,13,1,0.000232850886277447,-0.1421939273427306
3,29,horizon_1000,13,2,0.00023295906339626526,-0.09892432387205723
3,29,horizon_1000,13,3,0.00023190220144897467,-0.170665134329594
3,29,horizon_1000,13,4,0.00023183613666333258,-0.09336169569615094
3,29,horizon_1000,13,5,0.00022791522951592924,-0.17556237110361095
3,29,horizon_1000,13,6,0.0002248049495392479,-0.12512439314171692
3,29,horizon_1000,13,7,0.00021143589219718706,-0.2281921668066908
3,29,horizon_1000,14,0,0.0002275142560392851,-0.08476483583732441
3,29,horizon_1000,14,1,0.00023581103414471727,-0.15382775677081134
3,29,horizon_1000,14,2,0.0001902986632558168,-0.3104853528074333
3,29,horizon_1000,14,3,0.0002394171206105966,-0.05696961998995546
3,29,horizon_1000,14,4,0.00022332057233143132,-0.12905736623635924
3,29,horizon_1000,14,5,0.0002338643034818233,-0.0895407824327672
3,29,horizon_1000,14,6,0.00020662362294388004,-0.16636350504191852
3,29,horizon_1000,14,7,0.00023425678045896348,-0.11265825761530966
3,29,horizon_1000,15,0,0.00023474031968362397,-0.16393806215591364
3,29,horizon_1000,15,1,0.00021642036335833836,-0.328021506456005
3,29,horizon_1000,15,2,0.0002268225880470709,-0.12409515896189252
3,29,horizon_1000,15,3,0.00021807782377436524,-0.09464005195995644
3,29,horizon_1000,15,4,0.00023085434986569453,-0.19182908831756945
3,29,horizon_1000,15,5,0.0002293217303304118,-0.10060514896693187
3,29,horizon_1000,15,6,0.00021608864335576072,-0.2145060713821614
3,29,horizon_1000,15,7,0.0002187367954320507,-0.18154682145072717
3,29,horizon_1000,16,0,0.00022138219810585724,-0.12384704016346043
3,29,horizon_1000,16,1,0.00022256891043070937,-0.1169870634548642
3,29,horizon_1000,16,2,0.00022212424028111855,-0.1348624684651785
3,29,horizon_1000,16,3,0.0001929401569213951,-0.20062577595540204
3,29,horizon_1000,16,4,0.00022135045492177596,-0.10089463159349352
3,29,horizon_1000,16,5,0.00021719688265875448,-0.21780521336765843
3,29,horizon_1000,16,6,0.00022025024827598827,-0.17860672596021976
3,29,horizon_1000,16,7,0.00019034630531677976,-0.29214553928796994
3,29,horizon_1000,17,0,0.00021941308023087913,-0.12726796265200888
3,29,horizon_1000,17,1,0.0002164570614695549,-0.18083502525117595
3,29,horizon_1000,17,2,0.00021213217314652866,-0.17366330055850318
3,29,horizon_1000,17,3,0.0002161278289349866,-0.14756179527016244
3,29,horizon_1000,17,4,0.00022401999012799934,-0.1399026976902312
3,29,horizon_1000,17,5,0.00023103661715140333,-0.1410537569011832
3,29,horizon_1000,17,6,0.00022069142687541898,-0.180390528597141
3,29,horizon_1000,17,7,0.00023534265710623004,-0.06682289076825718
3,29,horizon_1000,18,0,0.00022880930828250712,-0.06878332912158666
3,29,horizon_1000,18,1,0.00023176842387329089,-0.12651652246874398
3,29,horizon_1000,18,2,0.00022971179168962408,-0.14636781938703944
3,29,horizon_1000,18,3,0.00021381740225479007,-0.21510572472875802
3,29,horizon_1000,18,4,0.00021901422314840602,-0.1516681868097658
3,29,horizon_1000,18,5,0.00022580453241971554,-0.15416958413630394
3,29,horizon_1000,18,6,0.0002235374558949843,-0.10548494496441357
3,29,horizon_1000,18,7,0.00021771366846223827,-0.16813592002546718
3,29,horizon_1000,19,0,0.0002210893608207698,-0.1458986562265632
3,29,horizon_1000,19,1,0.00021779654252895853,-0.15856873801138804
3,29,horizon_1000,19,2,0.00022923736833035946,-0.1648864092265714
3,29,horizon_1000,19,3,0.00023128046359488508,-0.10101446862409343
3,29,horizon_1000,19,4,0.0002206284407293424,-0.12426142719292602
3,29,horizon_1000,19,5,0.00021941908562439494,-0.15705162569818687
3,29,horizon_1000,19,6,0.00020000810309284134,-0.43577297816074223
3,29,horizon_1000,19,7,0.00021945308526483132,-0.11962259236886122
3,29,horizon_1000,20,0,0.0002313177628820995,-0.13171512309440667
3,29,horizon_1000,20,1,0.00021355706121539697,-0.1847965684978889
3,29,horizon_1000,20,2,0.00022352804899128387,-0.1436165223304961
3,29,horizon_1000,20,3,0.0002170854741052608,-0.15184122423001914
3,29,horizon_1000,20,4,0.00022340277428156696,-0.16901603255339803
3,29,horizon_1000,20,5,0.00022606796392210526,-0.23343627320072133
3,29,horizon_1000,20,6,0.00023215978035295848,-0.09384766779059606
3,29,horizon_1000,20,7,0.0002281492852489464,-0.11651829939135498
3,29,horizon_1000,21,0,0.00023351445906882873,-0.22254907155924367
3,29,horizon_1000,21,1,0.00020609304556273855,-0.139881110445998
3,29,horizon_1000,21,2,0.00022286362309387187,-0.10348332674284703
3,29,horizon_1000,21,3,0.00021651797851518495,-0.20604574346312682
3,29,horizon_1000,21,4,0.0002113672217092244,-0.13439138264701067
3,29,horizon_1000,21,5,0.00022548459401150467,-0.13604540012378882
3,29,horizon_1000,21,6,0.00021850310440640897,-0.19295057294106638
3,29,horizon_1000,21,7,0.00023336421691055875,-0.10836900529093381
3,29,horizon_1000,22,0,0.00022854509097669506,-0.16996654597145555
3,29,horizon_1000,22,1,0.00020168132323306054,-0.15357646044148024
3,29,horizon_1000,22,2,0.0002237965700260247,-0.1559857614150568
3,29,horizon_1000,22,3,0.00021575275695795426,-0.20245532273629965
3,29,horizon_1000,22,4,0.00021629021375701996,-0.29879658145089166
3,29,horizon_1000,22,5,0.0002204602878919104,-0.10469175381128823
3,29,horizon_1000,22,6,0.00022138575423014117,-0.15783664025353725
3,29,horizon_1000,22,7,0.00021745611866208492,-0.13549162576015109
3,29,horizon_1000,23,0,0.00021853118960279971,-0.2663492423767583
3,29,horizon_1000,23,1,0.0002247606744276709,-0.0980435586970239
3,29,horizon_1000,23,2,0.00021880023086850997,-0.09499758923357798
3,29,horizon_1000,23,3,0.00022623060976911802,-0.1150145566748996
3,29,horizon_1000,23,4,0.00022796643770561786,-0.07719600461240468
3,29,horizon_1000,23,5,0.00022243526291276794,-0.1312074110471455
3,29,horizon_1000,23,6,0.00021984631530358456,-0.13540118661460904
3,29,horizon_1000,23,7,0.00021522785755223595,-0.14117989470452594
3,29,horizon_1000,24,0,0.0002072428842438967,-0.16419447562626555
3,29,horizon_1000,24,1,0.00021846995787200285,-0.11941242565099092
3,29,horizon_1000,24,2,0.00022273784179560607,-0.12389712800182436
3,29,horizon_1000,24,3,0.00020272135316190543,-0.19379034873506518
3,29,horizon_1000,24,4,0.00021388156892498955,-0.2342746258529127
3,29,horizon_1000,24,5,0.0002218149347754661,-0.16338658643823759
3,29,horizon_1000,24,6,0.00021268213367875433,-0.23668689103115495
3,29,horizon_1000,24,7,0.00021369966543716146,-0.15220498724514933
3,29,horizon_1000,25,0,0.0002117283238476375,-0.23057534680134725
3,29,horizon_1000,25,1,0.00021479626229847781,-0.21773934897968658
3,29,horizon_1000,25,2,0.00022474102115666028,-0.1023402784894843
3,29,horizon_1000,25,3,0.0002139131465810351,-0.16502481974457925
3,29,horizon_1000,25,4,0.00022263150094659068,-0.09509390256658844
3,29,horizon_1000,25,5,0.00019890270959876943,-0.17257518177993011
3,29,horizon_1000,25,6,0.00022432077003031736,-0.16592520536230423
3,29,horizon_1000,25,7,0.00021573660069407197,-0.3100702726609354
3,29,horizon_1000,26,0,0.0002299610114278039,-0.1928703665657482
3,29,horizon_1000,26,1,0.00021635491430060938,-0.18770623989518928
3,29,horizon_1000,26,2,0.00019959434030170087,-0.20102611006690663
3,29,horizon_1000,26,3,0.0002095528225254384,-0.17705494507347092
3,29,horizon_1000,26,4,0.00022174294372234726,-0.09778380981453529
3,29,horizon_1000,26,5,0.00021756904334324645,-0.1892776116024073
3,29,horizon_1000,26,6,0.000220812352381472,-0.17002279966333766
3,29,horizon_1000,26,7,0.00022728129715687828,-0.10196052485451094
3,29,horizon_1000,27,0,0.0002234756311736419,-0.28263667110744733
3,29,horizon_1000,27,1,0.00021194924556766637,-0.18698134186074827
3,29,horizon_1000,27,2,0.00021313941124390112,-0.24697352935394482
3,29,horizon_1000,27,3,0.0002059961643681163,-0.15693730951007057
3,29,horizon_1000,27,4,0.00022330987758323317,-0.1091867429691785
3,29,horizon_1000,27,5,0.00021439851207105676,-0.17872369238260186
3,29,horizon_1000,27,6,0.0002244458510176628,-0.1417590590666934
3,29,horizon_1000,27,7,0.00021599242336378666,-0.17733572135782213
3,29,horizon_1000,28,0,0.0002232120168628171,-0.11541237004269167
3,29,horizon_1000,28,1,0.00021414719503809465,-0.15351057051366715
3,29,horizon_1000,28,2,0.00021727391776948934,-0.13189790427257805
3,29,horizon_1000,28,3,0.00021288713014655514,-0.15882491394384576
3,29,horizon_1000,28,4,0.00021857901901967125,-0.1455726592037181
3,29,horizon_1000,28,5,0.00022781174629926682,-0.08053625201079968
3,29,horizon_1000,28,6,0.000217491717194207,-0.1955358558707232
3,29,horizon_1000,28,7,0.0002211726205132436,-0.14793092778495032
3,29,horizon_1000,29,0,0.00022523105690197553,-0.20833311222188694
3,29,horizon_1000,29,1,0.00021913972886977717,-0.12743217644540109
3,29,horizon_1000,29,2,0.00022521612845594063,-0.162504181429371
3,29,horizon_1000,29,3,0.00021973698494548444,-0.17836704755329588
3,29,horizon_1000,29,4,0.00022024952158972155,-0.15110652924874762
3,29,horizon_1000,29,5,0.00022642340991296805,-0.28412973230953387
3,29,horizon_1000,29,6,0.00016063329076132504,-0.3806095587488624
3,29,horizon_1000,29,7,0.00021712392845074646,-0.1836600149518647
3,29,horizon_1000,30,0,0.00022800622082286282,-0.10649218346586617
3,29,horizon_1000,30,1,0.00021174725679884432,-0.1466863802063803
3,29,horizon_1000,30,2,0.00022337213522405364,-0.21920965763892988
3,29,horizon_1000,30,3,0.0002072837169180275,-0.18759501860561173
3,29,horizon_1000,30,4,0.0002037878502960666,-0.1742074168577165
3,29,horizon_1000,30,5,0.00021872660454391735,-0.18959707778868337
3,29,horizon_1000,30,6,0.0002196650984842563,-0.14438610977554717
3,29,horizon_1000,30,7,0.00021610917610814795,-0.20955205556705672
3,29,horizon_1000,31,0,0.00019790986698353663,-0.1789332836174958
3,29,horizon_1000,31,1,0.00019076130320172524,-0.21105957529163233
3,29,horizon_1000,31,2,0.00021341633964766515,-0.27602504623940155
3,29,horizon_1000,31,3,0.0001988824842555914,-0.18063042396005638
3,29,horizon_1000,31,4,0.0002133301813955768,-0.1685126418158762
3,29,horizon_1000,31,5,0.00022000407079758588,-0.10282473402859348
3,29,horizon_1000,31,6,0.0001980198321689386,-0.3726860294227091
3,29,horizon_1000,31,7,0.00021306059261405608,-0.12003947194840467
3,43,random_initialization,0,0,0.00024576194664405193,0.0
3,43,random_initialization,0,1,0.0002368553468841128,0.0
3,43,random_initialization,0,2,0.00027135499294672627,0.0
3,43,random_initialization,0,3,0.00024106662385747768,0.0
3,43,random_initialization,0,4,0.00025240420836780686,0.0
3,43,random_initialization,0,5,0.0002427343606541399,0.0
3,43,random_initialization,0,6,0.00023794933895260328,0.0
3,43,random_initialization,0,7,0.0002633954663906479,0.0
3,43,random_initialization,1,0,0.0002500045702618081,0.0
3,43,random_initialization,1,1,0.000392735821151291,0.0
3,43,random_initialization,1,2,0.00024245107306342106,0.0
3,43,random_initialization,1,3,0.00025966988505388144,0.0
3,43,random_initialization,1,4,0.0002576522765593836,0.0
3,43,random_initialization,1,5,0.0003096122727583861,0.0
3,43,random_initialization,1,6,0.0002652342136570951,0.0
3,43,random_initialization,1,7,0.0002459248953528004,0.0
3,43,random_initialization,2,0,0.0002452934704706422,0.0
3,43,random_initialization,2,1,0.00024396218395850156,0.0
3,43,random_initialization,2,2,0.0002598285354906693,0.0
3,43,random_initialization,2,3,0.00025240604554710444,0.0
3,43,random_initialization,2,4,0.0002630853396112798,0.0
3,43,random_initialization,2,5,0.0002608234299259493,0.0
3,43,random_initialization,2,6,0.00028622502031794284,0.0
3,43,random_initialization,2,7,0.0002544598191889236,0.0
3,43,random_initialization,3,0,0.00025051163538591936,0.0
3,43,random_initialization,3,1,0.00028841590392403305,0.0
3,43,random_initialization,3,2,0.00026573169634502847,0.0
3,43,random_initialization,3,3,0.0002517950015317183,0.0
3,43,random_initialization,3,4,0.00031230933927872684,0.0
3,43,random_initialization,3,5,0.00024773977838776773,0.0
3,43,random_initialization,3,6,0.0002542131260270253,0.0
3,43,random_initialization,3,7,0.0002585287675174186,0.0
3,43,random_initialization,4,0,0.000251351406404865,0.0
3,43,random_initialization,4,1,0.00024733088230277644,0.0
3,43,random_initialization,4,2,0.0002545739753259113,0.0
3,43,random_initialization,4,3,0.0003027646635018755,0.0
3,43,random_initialization,4,4,0.0002524562896724092,0.0
3,43,random_initialization,4,5,0.0002765815552265849,0.0
3,43,random_initialization,4,6,0.00025669592105259653,0.0
3,43,random_initialization,4,7,0.00030020842132216785,0.0
3,43,random_initialization,5,0,0.00024203071279771393,0.0
3,43,random_initialization,5,1,0.00024732821657380555,0.0
3,43,random_initialization,5,2,0.00025748152438609395,0.0
3,43,random_initialization,5,3,0.00024725675120862434,0.0
3,43,random_initialization,5,4,0.0002870931893994566,0.0
3,43,random_initialization,5,5,0.00024920929990912555,0.0
3,43,random_initialization,5,6,0.0002959555404231651,0.0
3,43,random_initialization,5,7,0.00024546061831642874,0.0
3,43,random_initialization,6,0,0.00028807518538087606,0.0
3,43,random_initialization,6,1,0.00030057541880523786,0.0
3,43,random_initialization,6,2,0.00027580049754760694,0.0
3,43,random_initialization,6,3,0.00038395769843191374,0.0
3,43,random_initialization,6,4,0.0003176148147758795,0.0
3,43,random_initialization,6,5,0.0002674954757821979,0.0
3,43,random_initialization,6,6,0.00025496792477497365,0.0
3,43,random_initialization,6,7,0.00027584589588514064,0.0
3,43,random_initialization,7,0,0.00024810221020743484,0.0
3,43,random_initialization,7,1,0.0002496250972399139,0.0
3,43,random_initialization,7,2,0.00030622121994383633,0.0
3,43,random_initialization,7,3,0.00026840857026400045,0.0
3,43,random_initialization,7,4,0.0002481188721503713,0.0
3,43,random_initialization,7,5,0.0002780654376692837,0.0
3,43,random_initialization,7,6,0.00027879650951945223,0.0
3,43,random_initialization,7,7,0.00025286072377639357,0.0
3,43,random_initialization,8,0,0.00026527800764597487,0.0
3,43,random_initialization,8,1,0.0002848677322617732,0.0
3,43,random_initialization,8,2,0.0002607864280435024,0.0
3,43,random_initialization,8,3,0.0002581913104222622,0.0
3,43,random_initialization,8,4,0.00033400292522856034,0.0
3,43,random_initialization,8,5,0.00025597471721994225,0.0
3,43,random_initialization,8,6,0.00025397959871042985,0.0
3,43,random_initialization,8,7,0.000265164202573942,0.0
3,43,random_initialization,9,0,0.0002521284441172611,0.0
3,43,random_initialization,9,1,0.0002525159961805912,0.0
3,43,random_initialization,9,2,0.0003065487471758388,0.0
3,43,random_initialization,9,3,0.0002762850581348175,0.0
3,43,random_initialization,9,4,0.00025098943842749577,0.0
3,43,random_initialization,9,5,0.0003138794872938888,0.0
3,43,random_initialization,9,6,0.00030873832110955846,0.0
3,43,random_initialization,9,7,0.00025813036154431757,0.0
3,43,random_initialization,10,0,0.00025718967481225263,0.0
3,43,random_initialization,10,1,0.0002447909546390292,0.0
3,43,random_initialization,10,2,0.0002653442497830838,0.0
3,43,random_initialization,10,3,0.0002535696894483408,0.0
3,43,random_initialization,10,4,0.00026240739862259943,0.0
3,43,random_initialization,10,5,0.0002627518097142456,0.0
3,43,random_initialization,10,6,0.0002791121296468191,0.0
3,43,random_initialization,10,7,0.00026299356250092387,0.0
3,43,random_initialization,11,0,0.00024926701553340536,0.0
3,43,random_initialization,11,1,0.0002548532884247834,0.0
3,43,random_initialization,11,2,0.0002483817715983605,0.0
3,43,random_initialization,11,3,0.00026987330238625873,0.0
3,43,random_initialization,11,4,0.00029714258016610984,0.0
3,43,random_initialization,11,5,0.00027344758200342767,0.0
3,43,random_initialization,11,6,0.00025505517442070413,0.0
3,43,random_initialization,11,7,0.0002530763531467528,0.0
3,43,random_initialization,12,0,0.00025166508839902235,0.0
3,43,random_initialization,12,1,0.00027386894907976966,0.0
3,43,random_initialization,12,2,0.00028303628641879186,0.0
3,43,random_initialization,12,3,0.00026627617080521304,0.0
3,43,random_initialization,12,4,0.00025337478291476145,0.0
3,43,random_initialization,12,5,0.0003007855211762944,0.0
3,43,random_initialization,12,6,0.0002728739855228923,0.0
3,43,random_initialization,12,7,0.0002941774819191778,0.0
3,43,random_initialization,13,0,0.00027006799427908845,0.0
3,43,random_initialization,13,1,0.00026217476442980114,0.0
3,43,random_initialization,13,2,0.0002713632220547879,0.0
3,43,random_initialization,13,3,0.00027873311773873866,0.0
3,43,random_initialization,13,4,0.00025422086309845326,0.0
3,43,random_initialization,13,5,0.0002497960867913207,0.0
3,43,random_initialization,13,6,0.00031469433633901644,0.0
3,43,random_initialization,13,7,0.0002865898986783577,0.0
3,43,random_initialization,14,0,0.0002570630949776387,0.0
3,43,random_initialization,14,1,0.0002639071499288548,0.0
3,43,random_initialization,14,2,0.0003293850113550434,0.0
3,43,random_initialization,14,3,0.0002582739562058123,0.0
3,43,random_initialization,14,4,0.00025967415422201157,0.0
3,43,random_initialization,14,5,0.0002641093360580271,0.0
3,43,random_initialization,14,6,0.0002492850444468786,0.0
3,43,random_initialization,14,7,0.00026721191170508973,0.0
3,43,random_initialization,15,0,0.0002678626169654308,0.0
3,43,random_initialization,15,1,0.0002533787128413678,0.0
3,43,random_initialization,15,2,0.00027823202253784984,0.0
3,43,random_initialization,15,3,0.00024953273896244355,0.0
3,43,random_initialization,15,4,0.0002962360940728104,0.0
3,43,random_initialization,15,5,0.0002699526048672851,0.0
3,43,random_initialization,15,6,0.00025687511970318155,0.0
3,43,random_initialization,15,7,0.0002750303156062728,0.0
3,43,random_initialization,16,0,0.0002658412959135603,0.0
3,43,random_initialization,16,1,0.0002850561086233938,0.0
3,43,random_initialization,16,2,0.0002620631548779784,0.0
3,43,random_initialization,16,3,0.0002615562170831254,0.0
3,43,random_initialization,16,4,0.00026069182604260277,0.0
3,43,random_initialization,16,5,0.00025013846970978193,0.0
3,43,random_initialization,16,6,0.0002576183669589227,0.0
3,43,random_initialization,16,7,0.00023497926213167375,0.0
3,43,random_initialization,17,0,0.00025687003108032513,0.0
3,43,random_initialization,17,1,0.0002462017691868823,0.0
3,43,random_initialization,17,2,0.00026198117120657116,0.0
3,43,random_initialization,17,3,0.00026131242520932574,0.0
3,43,random_initialization,17,4,0.00024201786072808318,0.0
3,43,random_initialization,17,5,0.0002610862811707193,0.0
3,43,random_initialization,17,6,0.0002519860408938257,0.0
3,43,random_initialization,17,7,0.00026388983860670123,0.0
3,43,random_initialization,18,0,0.00026618810625222977,0.0
3,43,random_initialization,18,1,0.0002721593700698577,0.0
3,43,random_initialization,18,2,0.0002588891820778372,0.0
3,43,random_initialization,18,3,0.00027370621501177084,0.0
3,43,random_initialization,18,4,0.0002645202403073199,0.0
3,43,random_initialization,18,5,0.0002623515283630695,0.0
3,43,random_initialization,18,6,0.00024368270896957256,0.0
3,43,random_initialization,18,7,0.0002604464843898313,0.0
3,43,random_initialization,19,0,0.0002845038707164349,0.0
3,43,random_initialization,19,1,0.00030356183015101124,0.0
3,43,random_initialization,19,2,0.0003038210197701119,0.0
3,43,random_initialization,19,3,0.000260843689829926,0.0
3,43,random_initialization,19,4,0.00024832988674461376,0.0
3,43,random_initialization,19,5,0.00034138968476327136,0.0
3,43,random_initialization,19,6,0.00024045998088695342,0.0
3,43,random_initialization,19,7,0.00024227926678577205,0.0
3,43,random_initialization,20,0,0.00029646937946381513,0.0
3,43,random_initialization,20,1,0.00025614041987864766,0.0
3,43,random_initialization,20,2,0.0002488472036930034,0.0
3,43,random_initialization,20,3,0.0002607504684419837,0.0
3,43,random_initialization,20,4,0.0002675527357496321,0.0
3,43,random_initialization,20,5,0.000263948804786196,0.0
3,43,random_initialization,20,6,0.0002548227730585495,0.0
3,43,random_initialization,20,7,0.0002541079174989136,0.0
3,43,random_initialization,21,0,0.0002625423439894803,0.0
3,43,random_initialization,21,1,0.0002398952210569405,0.0
3,43,random_initialization,21,2,0.00025147093219857197,0.0
3,43,random_initialization,21,3,0.0002822038368321955,0.0
3,43,random_initialization,21,4,0.00025997112061304506,0.0
3,43,random_initialization,21,5,0.00026110076214536093,0.0
3,43,random_initialization,21,6,0.0002551912575654569,0.0
3,43,random_initialization,21,7,0.0002683907514438033,0.0
3,43,random_initialization,22,0,0.0002571126042312244,0.0
3,43,random_initialization,22,1,0.0002360044991291943,0.0
3,43,random_initialization,22,2,0.00025225641275028465,0.0
3,43,random_initialization,22,3,0.0002493551783118164,0.0
3,43,random_initialization,22,4,0.00024040380867518252,0.0
3,43,random_initialization,22,5,0.00028311414280324243,0.0
3,43,random_initialization,22,6,0.00029054328661004547,0.0
3,43,random_initialization,22,7,0.00025362409360241145,0.0
3,43,random_initialization,23,0,0.0002510768545107567,0.0
3,43,random_initialization,23,1,0.0002505595593902399,0.0
3,43,random_initialization,23,2,0.0002525989521018346,0.0
3,43,random_initialization,23,3,0.00025590863515390083,0.0
3,43,random_initialization,23,4,0.0002727088394749444,0.0
3,43,random_initialization,23,5,0.00025367189846292604,0.0
3,43,random_initialization,23,6,0.000283319313894026,0.0
3,43,random_initialization,23,7,0.0003066958634008188,0.0
3,43,random_initialization,24,0,0.0002503880823496729,0.0
3,43,random_initialization,24,1,0.0002368108234804822,0.0
3,43,random_initialization,24,2,0.0002419030133751221,0.0
3,43,random_initialization,24,3,0.0002590466883702902,0.0
3,43,random_initialization,24,4,0.00026306096879125107,0.0
3,43,random_initialization,24,5,0.00026065056408697274,0.0
3,43,random_initialization,24,6,0.0002840832185029285,0.0
3,43,random_initialization,24,7,0.00026841287035495043,0.0
3,43,random_initialization,25,0,0.0003123520527879009,0.0
3,43,random_initialization,25,1,0.00025360557265230455,0.0
3,43,random_initialization,25,2,0.00024234881948359543,0.0
3,43,random_initialization,25,3,0.0002660494046722306,0.0
3,43,random_initialization,25,4,0.00024055632002273342,0.0
3,43,random_initialization,25,5,0.00023446672821592074,0.0
3,43,random_initialization,25,6,0.000285889806036721,0.0
3,43,random_initialization,25,7,0.0002491018613000051,0.0
3,43,random_initialization,26,0,0.0002624064036353957,0.0
3,43,random_initialization,26,1,0.00026646521291695535,0.0
3,43,random_initialization,26,2,0.0002558562337071635,0.0
3,43,random_initialization,26,3,0.0002641800692799734,0.0
3,43,random_initialization,26,4,0.0002616628189571202,0.0
3,43,random_initialization,26,5,0.000278907195024658,0.0
3,43,random_initialization,26,6,0.00026116674052900635,0.0
3,43,random_initialization,26,7,0.000249464244916453,0.0
3,43,random_initialization,27,0,0.00024374740041821497,0.0
3,43,random_initialization,27,1,0.00028824318906117696,0.0
3,43,random_initialization,27,2,0.00024305117131007137,0.0
3,43,random_initialization,27,3,0.0002804945361276623,0.0
3,43,random_initialization,27,4,0.0002485254681232618,0.0
3,43,random_initialization,27,5,0.00027398035308578983,0.0
3,43,random_initialization,27,6,0.00025218038808816345,0.0
3,43,random_initialization,27,7,0.000261983050222625,0.0
3,43,random_initialization,28,0,0.00027235623201704584,0.0
3,43,random_initialization,28,1,0.00025380944862263277,0.0
3,43,random_initialization,28,2,0.00025028161508089397,0.0
3,43,random_initialization,28,3,0.000242597341639339,0.0
3,43,random_initialization,28,4,0.0002643450407049386,0.0
3,43,random_initialization,28,5,0.0002445278914819937,0.0
3,43,random_initialization,28,6,0.00027073889032180887,0.0
3,43,random_initialization,28,7,0.00025669869864941575,0.0
3,43,random_initialization,29,0,0.0002984681796078803,0.0
3,43,random_initialization,29,1,0.00025191179884132,0.0
3,43,random_initialization,29,2,0.0002797633915179176,0.0
3,43,random_initialization,29,3,0.00024945056065917015,0.0
3,43,random_initialization,29,4,0.00024418887915089726,0.0
3,43,random_initialization,29,5,0.00029499992524506524,0.0
3,43,random_initialization,29,6,0.0002956710613943869,0.0
3,43,random_initialization,29,7,0.0002743103013926884,0.0
3,43,random_initialization,30,0,0.0002531576974433847,0.0
3,43,random_initialization,30,1,0.0002689583761821268,0.0
3,43,random_initialization,30,2,0.0002528201184759382,0.0
3,43,random_initialization,30,3,0.0002547030544519657,0.0
3,43,random_initialization,30,4,0.0002405557461315766,0.0
3,43,random_initialization,30,5,0.0002658594876265852,0.0
3,43,random_initialization,30,6,0.0002631831284816144,0.0
3,43,random_initialization,30,7,0.00025832790379354265,0.0
3,43,random_initialization,31,0,0.0002360541566304164,0.0
3,43,random_initialization,31,1,0.00029059006010356825,0.0
3,43,random_initialization,31,2,0.00029796958006045315,0.0
3,43,random_initialization,31,3,0.00023499507005908526,0.0
3,43,random_initialization,31,4,0.00025968306727008894,0.0
3,43,random_initialization,31,5,0.00025473503592365887,0.0
3,43,random_initialization,31,6,0.0003725385595316766,0.0
3,43,random_initialization,31,7,0.00026145062474824954,0.0
3,43,existing_80_step,0,0,0.0001291237686018576,-0.4745982021827271
3,43,existing_80_step,0,1,0.0001519485476819682,-0.3584753323879461
3,43,existing_80_step,0,2,0.00015309818172681844,-0.4358011250713363
3,43,existing_80_step,0,3,0.00014183353778207675,-0.4116417465325647
3,43,existing_80_step,0,4,0.00013836789275956107,-0.45180037347899726
3,43,existing_80_step,0,5,0.0001294570083700819,-0.46667209363680184
3,43,existing_80_step,0,6,0.0001555426179038477,-0.34632044540022877
3,43,existing_80_step,0,7,0.00011043440645153169,-0.5807277628395325
3,43,existing_80_step,1,0,0.00018288280443812255,-0.2684821551597827
3,43,existing_80_step,1,1,0.00018097443808073876,-0.5391954888397532
3,43,existing_80_step,1,2,0.00011099317725893343,-0.542203811034899
3,43,existing_80_step,1,3,0.0001780676957423566,-0.31425357351158534
3,43,existing_80_step,1,4,0.00018152329903387,-0.29547178290880516
3,43,existing_80_step,1,5,0.00019376030195417115,-0.37418403919221577
3,43,existing_80_step,1,6,0.00018848454146791482,-0.28936565585164353
3,43,existing_80_step,1,7,0.00019102749774901895,-0.22322830523126339
3,43,existing_80_step,2,0,0.0002199214841311914,-0.10343522920023036
3,43,existing_80_step,2,1,0.00020920832321280614,-0.1424559338737807
3,43,existing_80_step,2,2,0.00022063066717237234,-0.15086052132139505
3,43,existing_80_step,2,3,0.00023377618435915792,-0.07380909259746625
3,43,existing_80_step,2,4,0.00022831058868177934,-0.13218049694780284
3,43,existing_80_step,2,5,0.00023617249098606408,-0.09451198056433777
3,43,existing_80_step,2,6,0.0002290313750563655,-0.19982056494588005
3,43,existing_80_step,2,7,0.0002184787572332425,-0.14140174299568667
3,43,existing_80_step,3,0,0.0002241967968075187,-0.10504437663289376
3,43,existing_80_step,3,1,0.00022386616910807788,-0.22380782036540245
3,43,existing_80_step,3,2,0.00021585708509519463,-0.18768785182884687
3,43,existing_80_step,3,3,0.00022209279995877296,-0.11796183956099618
3,43,existing_80_step,3,4,0.00020036259866174078,-0.35844826438916355
3,43,existing_80_step,3,5,0.00022121121310192393,-0.10708238078876742
3,43,existing_80_step,3,6,0.00022628104852628894,-0.10987661391554933
3,43,existing_80_step,3,7,0.000214248439988296,-0.1712781442248556
3,43,existing_80_step,4,0,0.00022733129208063474,-0.09556387476718459
3,43,existing_80_step,4,1,0.00022486103443952743,-0.09084934179688073
3,43,existing_80_step,4,2,0.00022952621475269552,-0.09839089223927575
3,43,existing_80_step,4,3,0.00021687327716790605,-0.2836902607474778
3,43,existing_80_step,4,4,0.0002297829587405431,-0.08981091721377711
3,43,existing_80_step,4,5,0.00022220769096747972,-0.19659251758332286
3,43,existing_80_step,4,6,0.00021572550667769974,-0.15960679938697594
3,43,existing_80_step,4,7,0.00022820508183940547,-0.23984450258139894
3,43,existing_80_step,5,0,0.00023094817606761353,-0.045789795030530024
3,43,existing_80_step,5,1,0.0002338953972866875,-0.05431171369446046
3,43,existing_80_step,5,2,0.0002367876868447638,-0.08037018419348682
3,43,existing_80_step,5,3,0.00022207893562153913,-0.10182862738433894
3,43,existing_80_step,5,4,0.00023214988141262438,-0.19137795675948632
3,43,existing_80_step,5,5,0.0002335623557883082,-0.06278635719663363
3,43,existing_80_step,5,6,0.00020029682400490856,-0.3232198872894258
3,43,existing_80_step,5,7,0.00022705510309606325,-0.07498357718890176
3,43,existing_80_step,6,0,0.00022864860693516675,-0.20628843253936982
3,43,existing_80_step,6,1,0.00022760113279218785,-0.2427819490466542
3,43,existing_80_step,6,2,0.0002284750898979837,-0.17159290164606833
3,43,existing_80_step,6,3,0.00022323544271785067,-0.4185936533385163
3,43,existing_80_step,6,4,0.00022280583743850002,-0.2985030071858585
3,43,existing_80_step,6,5,0.00023052800497680437,-0.1381984898895765
3,43,existing_80_step,6,6,0.00023210576364363078,-0.08966681260601807
3,43,existing_80_step,6,7,0.0002331712539671571,-0.15470464688643695
3,43,existing_80_step,7,0,0.0002295157937624026,-0.0749143525545072
3,43,existing_80_step,7,1,0.00022480655206891242,-0.09942327692775392
3,43,existing_80_step,7,2,0.00023112384405976627,-0.24523896775619788
3,43,existing_80_step,7,3,0.0002279569080201327,-0.150709279528893
3,43,existing_80_step,7,4,0.00022649149104836397,-0.08716540146490821
3,43,existing_80_step,7,5,0.00023355582106887596,-0.1600688563579956
3,43,existing_80_step,7,6,0.00023453718313248828,-0.15875136479739851
3,43,existing_80_step,7,7,0.0002299904053870705,-0.09044630596544305
3,43,existing_80_step,8,0,0.00023557232998427935,-0.11197942085473986
3,43,existing_80_step,8,1,0.00022595783411816228,-0.2067973711023083
3,43,existing_80_step,8,2,0.00023599956330144778,-0.09504660548485235
3,43,existing_80_step,8,3,0.0002329584613107727,-0.09772927318979911
3,43,existing_80_step,8,4,0.00022779313985665794,-0.3179905843615662
3,43,existing_80_step,8,5,0.0002114975814038189,-0.17375597207089424
3,43,existing_80_step,8,6,0.00023172017245087773,-0.0876425759099289
3,43,existing_80_step,8,7,0.00023756376958772307,-0.1040880809638038
3,43,existing_80_step,9,0,0.0002391734387856559,-0.051382561681854635
3,43,existing_80_step,9,1,0.00022194305165612604,-0.12107329827374722
3,43,existing_80_step,9,2,0.00022033594814274693,-0.2812368337086679
3,43,existing_80_step,9,3,0.0002348335456190398,-0.15003168392678992
3,43,existing_80_step,9,4,0.00023535545460617868,-0.06228940914513155
3,43,existing_80_step,9,5,0.00023395780954160728,-0.25462536096680316
3,43,existing_80_step,9,6,0.0002334179062017938,-0.24396198903030422
3,43,existing_80_step,9,7,0.0002361555734751164,-0.08513058261621188
3,43,existing_80_step,10,0,0.0002352974961468135,-0.08512075253962015
3,43,existing_80_step,10,1,0.00023355864686891437,-0.04588530563426296
3,43,existing_80_step,10,2,0.00023128269276639912,-0.12836742098059276
3,43,existing_80_step,10,3,0.00023432002672052477,-0.07591468353214875
3,43,existing_80_step,10,4,0.0002377974060436827,-0.09378543710313364
3,43,existing_80_step,10,5,0.00023358366979664424,-0.11101023414195711
3,43,existing_80_step,10,6,0.00023392630737362197,-0.1618912883878391
3,43,existing_80_step,10,7,0.00023557442273158813,-0.10425783623216793
3,43,existing_80_step,11,0,0.00023466030143026728,-0.05859866405461321
3,43,existing_80_step,11,1,0.00023999682161957026,-0.0582941930906174
3,43,existing_80_step,11,2,0.00023379018693958642,-0.058746600303540134
3,43,existing_80_step,11,3,0.0002362344730499899,-0.124646747339694
3,43,existing_80_step,11,4,0.00023055458132148487,-0.22409443576683177
3,43,existing_80_step,11,5,0.00023493725893786177,-0.14083256024214238
3,43,existing_80_step,11,6,0.00023531044644187205,-0.07741355580680706
3,43,existing_80_step,11,7,0.0002327446472918382,-0.08033822837301893
3,43,existing_80_step,12,0,0.00022848178377898876,-0.09211966891202561
3,43,existing_80_step,12,1,0.00023237607547343941,-0.1515063089326152
3,43,existing_80_step,12,2,0.00023429529119312065,-0.17220758455526114
3,43,existing_80_step,12,3,0.00023327972212427994,-0.12391814326138383
3,43,existing_80_step,12,4,0.0002236063028249191,-0.11748793525303915
3,43,existing_80_step,12,5,0.00022528125100507168,-0.2510236193415995
3,43,existing_80_step,12,6,0.0002312482138222549,-0.15254576804334208
3,43,existing_80_step,12,7,0.00023334683737630257,-0.2067821239954315
3,43,existing_80_step,13,0,0.0002416401093796594,-0.10526195440268146
3,43,existing_80_step,13,1,0.00023809112281014677,-0.09186102130017518
3,43,existing_80_step,13,2,0.00024042269524215953,-0.11401886585198905
3,43,existing_80_step,13,3,0.00023928880636958638,-0.1415128266391513
3,43,existing_80_step,13,4,0.00024100165410345653,-0.05199891477780591
3,43,existing_80_step,13,5,0.00023881908145995112,-0.04394386426293282
3,43,existing_80_step,13,6,0.00023443581721949158,-0.25503642694434553
3,43,existing_80_step,13,7,0.00023326355130848242,-0.18607197118878188
3,43,existing_80_step,14,0,0.00023801328916306375,-0.07410556469115893
3,43,existing_80_step,14,1,0.00023815934491722146,-0.0975638781237057
3,43,existing_80_step,14,2,0.0002258105087094009,-0.31444813538889227
3,43,existing_80_step,14,3,0.00023841353959141998,-0.07689670652880704
3,43,existing_80_step,14,4,0.0002355878523303545,-0.09275586923088304
3,43,existing_80_step,14,5,0.00024187041890399996,-0.08420344954841379
3,43,existing_80_step,14,6,0.00023093428899301216,-0.07361354346219873
3,43,existing_80_step,14,7,0.00024016867610043846,-0.1012052023881994
3,43,existing_80_step,15,0,0.00023531074384663953,-0.12152450942041035
3,43,existing_80_step,15,1,0.00023150934794102795,-0.08631097954164586
3,43,existing_80_step,15,2,0.00023476278056477895,-0.15623378494169365
3,43,existing_80_step,15,3,0.00023320984200836392,-0.065413849188488
3,43,existing_80_step,15,4,0.00023612039149156772,-0.20293172838846277
3,43,existing_80_step,15,5,0.00023716146279184613,-0.12146999689652878
3,43,existing_80_step,15,6,0.00023324177072936436,-0.09200326213424428
3,43,existing_80_step,15,7,0.00023523700110672507,-0.14468701172751777
3,43,existing_80_step,16,0,0.00023335509922617348,-0.12220146826981272
3,43,existing_80_step,16,1,0.0002328906011825893,-0.18300084040550682
3,43,existing_80_step,16,2,0.00023763398894516286,-0.09321862107700798
3,43,existing_80_step,16,3,0.00022282760528469225,-0.1480699339909965
3,43,existing_80_step,16,4,0.00023403847535519162,-0.10224083774324173
3,43,existing_80_step,16,5,0.0002334617602173239,-0.06666991091696868
3,43,existing_80_step,16,6,0.00023940436039993074,-0.07070150616200511
3,43,existing_80_step,16,7,0.00021630062565236585,-0.07949057423135951
3,43,existing_80_step,17,0,0.00023513357064075535,-0.08462046097067911
3,43,existing_80_step,17,1,0.00023504282489739126,-0.04532438709252622
3,43,existing_80_step,17,2,0.00023107374818209792,-0.11797574185246641
3,43,existing_80_step,17,3,0.00023382303334074095,-0.10519741587704551
3,43,existing_80_step,17,4,0.00023345153385889716,-0.03539543256607258
3,43,existing_80_step,17,5,0.0002359638247071416,-0.09622281320538094
3,43,existing_80_step,17,6,0.00023747181512590032,-0.05759932461513195
3,43,existing_80_step,17,7,0.00023658882582822116,-0.10345609714502584
3,43,existing_80_step,18,0,0.00023559224246127997,-0.11494076208633576
3,43,existing_80_step,18,1,0.00023371299903374165,-0.1412641829169712
3,43,existing_80_step,18,2,0.00023453238100046292,-0.09408195770053916
3,43,existing_80_step,18,3,0.00023427486212312942,-0.14406451416145466
3,43,existing_80_step,18,4,0.0002337932519367314,-0.11616119936565106
3,43,existing_80_step,18,5,0.00023675339707551757,-0.09757187788182646
3,43,existing_80_step,18,6,0.0002314937819392071,-0.05001966320017978
3,43,existing_80_step,18,7,0.00023469341158488533,-0.09888047775065867
3,43,existing_80_step,19,0,0.0002353256013520877,-0.1728562400241057
3,43,existing_80_step,19,1,0.00022991785135673126,-0.24259960073914666
3,43,existing_80_step,19,2,0.00023297828647628194,-0.2331725874247725
3,43,existing_80_step,19,3,0.00023577926731377374,-0.09608981736339738
3,43,existing_80_step,19,4,0.00023204393710329896,-0.06558191547062364
3,43,existing_80_step,19,5,0.00023143705584516283,-0.3220736707213418
3,43,existing_80_step,19,6,0.00023273585156857735,-0.032122306963034274
3,43,existing_80_step,19,7,0.00023203782166092424,-0.04227124037775587
3,43,existing_80_step,20,0,0.0002356619270358351,-0.2051053384938249
3,43,existing_80_step,20,1,0.00023246574710356072,-0.09242849209938579
3,43,existing_80_step,20,2,0.000235437898481905,-0.05388569777798719
3,43,existing_80_step,20,3,0.00023613173834746704,-0.0944149026523964
3,43,existing_80_step,20,4,0.00023207727826957125,-0.1325923929750348
3,43,existing_80_step,20,5,0.00023337838865700178,-0.11581949065447321
3,43,existing_80_step,20,6,0.00023859794418967795,-0.06367103172974123
3,43,existing_80_step,20,7,0.00023369433620246127,-0.0803342985034679
3,43,existing_80_step,21,0,0.00023690352190897102,-0.09765595023992238
3,43,existing_80_step,21,1,0.0002261744302813895,-0.05719493166683086
3,43,existing_80_step,21,2,0.00023309529296966502,-0.07307261745225001
3,43,existing_80_step,21,3,0.00023638727452635067,-0.1623527263843984
3,43,existing_80_step,21,4,0.00022786048339185072,-0.12351617035566628
3,43,existing_80_step,21,5,0.00023354166114586405,-0.10554967658100545
3,43,existing_80_step,21,6,0.00023413668350258376,-0.08250507585461707
3,43,existing_80_step,21,7,0.00023498630434914958,-0.12446199026961659
3,43,existing_80_step,22,0,0.00023553474420623388,-0.08392377374695054
3,43,existing_80_step,22,1,0.0002253769389426452,-0.04503117620961675
3,43,existing_80_step,22,2,0.00023429571319866227,-0.07120017031797783
3,43,existing_80_step,22,3,0.00023677867011429043,-0.050436122011467396
3,43,existing_80_step,22,4,0.00023079422135197092,-0.03997269168141769
3,43,existing_80_step,22,5,0.00023359473470918601,-0.17490969403273937
3,43,existing_80_step,22,6,0.00023445376245945226,-0.19305049104739466
3,43,existing_80_step,22,7,0.00023441708617610857,-0.07573021613795236
3,43,existing_80_step,23,0,0.00022883477322466206,-0.08858674500058993
3,43,existing_80_step,23,1,0.00023470228461519582,-0.06328744675970145
3,43,existing_80_step,23,2,0.0002328546324861236,-0.07816469328721175
3,43,existing_80_step,23,3,0.0002342222669540206,-0.08474261990744578
3,43,existing_80_step,23,4,0.00023247824083227897,-0.14752216583856528
3,43,existing_80_step,23,5,0.00023590720047650393,-0.07003021656739958
3,43,existing_80_step,23,6,0.00023409656751027796,-0.1737359366970637
3,43,existing_80_step,23,7,0.00022885096132085891,-0.25381790682394983
3,43,existing_80_step,24,0,0.00023201793283078587,-0.07336670877662897
3,43,existing_80_step,24,1,0.0002307811764694634,-0.025461872571528738
3,43,existing_80_step,24,2,0.0002327413658349542,-0.037873226184085694
3,43,existing_80_step,24,3,0.00022336449637805345,-0.13774425072453125
3,43,existing_80_step,24,4,0.00023421273999701953,-0.1096636605832761
3,43,existing_80_step,24,5,0.00023487362159357872,-0.098894635366271
3,43,existing_80_step,24,6,0.00023492274431191618,-0.17304955375428327
3,43,existing_80_step,24,7,0.00022684743271383923,-0.15485635091247626
3,43,existing_80_step,25,0,0.00022677202832710464,-0.27398579166344844
3,43,existing_80_step,25,1,0.00023311178847507108,-0.08080967607652148
3,43,existing_80_step,25,2,0.00023027899624139536,-0.049803515725468914
3,43,existing_80_step,25,3,0.00023316359784075757,-0.12360789482685708
3,43,existing_80_step,25,4,0.00023236610559251858,-0.034046972573577916
3,43,existing_80_step,25,5,0.0002152087527065305,-0.0821352166080278
3,43,existing_80_step,25,6,0.00023547665932710515,-0.17633768551768697
3,43,existing_80_step,25,7,0.00022537193399330135,-0.09526194297731355
3,43,existing_80_step,26,0,0.00023359443184745032,-0.1097990422062206
3,43,existing_80_step,26,1,0.00022973761861067032,-0.13783260450485627
3,43,existing_80_step,26,2,0.00022727333998773247,-0.11171466610481395
3,43,existing_80_step,26,3,0.00023427122323482763,-0.11321386252438634
3,43,existing_80_step,26,4,0.00023309111293201568,-0.10919283885643177
3,43,existing_80_step,26,5,0.0002295729864272289,-0.1768839580960523
3,43,existing_80_step,26,6,0.000232776818847924,-0.10870420032649307
3,43,existing_80_step,26,7,0.0002355301348870853,-0.05585614096334463
3,43,existing_80_step,27,0,0.00023527506618847838,-0.03475866497529818
3,43,existing_80_step,27,1,0.00023638664424652234,-0.1799055338776749
3,43,existing_80_step,27,2,0.00022927569625608157,-0.05667726256877733
3,43,existing_80_step,27,3,0.00022418752905650763,-0.20074190338426945
3,43,existing_80_step,27,4,0.00023559900182590354,-0.052012642386200444
3,43,existing_80_step,27,5,0.0002362010809520143,-0.1378904425382134
3,43,existing_80_step,27,6,0.00023472500924981432,-0.0692178284389294
3,43,existing_80_step,27,7,0.00023109037010726752,-0.11791862141121676
3,43,existing_80_step,28,0,0.00023509607126470655,-0.13680671257783925
3,43,existing_80_step,28,1,0.00022793997504777508,-0.10192478536652419
3,43,existing_80_step,28,2,0.00022814976910012774,-0.0884277735446647
3,43,existing_80_step,28,3,0.00023387119381368393,-0.035969676199617724
3,43,existing_80_step,28,4,0.0002347353147342801,-0.11201165677894745
3,43,existing_80_step,28,5,0.00023265224990609568,-0.048565591041267904
3,43,existing_80_step,28,6,0.00023332275668508373,-0.1382000701570843
3,43,existing_80_step,28,7,0.0002330827646801481,-0.09199865092234426
3,43,existing_80_step,29,0,0.00023432697798853042,-0.21490130607429214
3,43,existing_80_step,29,1,0.00023356729980150703,-0.07282111883678859
3,43,existing_80_step,29,2,0.00023573198268422857,-0.157388029201344
3,43,existing_80_step,29,3,0.00022937913581699831,-0.08046253650075323
3,43,existing_80_step,29,4,0.00023187095121102175,-0.05044426258357006
3,43,existing_80_step,29,5,0.00023563884769828292,-0.20122404267550004
3,43,existing_80_step,29,6,0.00017685536386125023,-0.4018509521114477
3,43,existing_80_step,29,7,0.00023139583936426789,-0.1564449523424438
3,43,existing_80_step,30,0,0.0002348917250856175,-0.07215254579352504
3,43,existing_80_step,30,1,0.0002317055832463666,-0.13850765112641172
3,43,existing_80_step,30,2,0.0002340932978768251,-0.07407171831103869
3,43,existing_80_step,30,3,0.00023424821392836748,-0.08030857960306013
3,43,existing_80_step,30,4,0.0002307683616891154,-0.040686554363610135
3,43,existing_80_step,30,5,0.0002341236777283484,-0.1193706125801744
3,43,existing_80_step,30,6,0.00023496711673942627,-0.10721056438904387
3,43,existing_80_step,30,7,0.0002330899405933451,-0.09769739478228376
3,43,existing_80_step,31,0,0.0002200248009103234,-0.06790541606598242
3,43,existing_80_step,31,1,0.00022087094203016022,-0.23992258389209756
3,43,existing_80_step,31,2,0.00022795498989580665,-0.23497227519145308
3,43,existing_80_step,31,3,0.00021895919144299114,-0.06823921289949696
3,43,existing_80_step,31,4,0.00023015085480437847,-0.1137240590084176
3,43,existing_80_step,31,5,0.000231531067584001,-0.0910906042253718
3,43,existing_80_step,31,6,0.00022009382519172505,-0.40920524987156215
3,43,existing_80_step,31,7,0.00023364562912320253,-0.10634893548952276
3,43,selected_horizon,0,0,0.00010001235568779521,-0.5930519063122185
3,43,selected_horizon,0,1,0.00012511718205132638,-0.4717569871346709
3,43,selected_horizon,0,2,0.0001304729430557927,-0.519179869738355
3,43,selected_horizon,0,3,0.00011246094709349563,-0.5334860326413984
3,43,selected_horizon,0,4,0.00010260256067340379,-0.5934990096365987
3,43,selected_horizon,0,5,0.00010020922582043568,-0.5871650575123197
3,43,selected_horizon,0,6,0.00013348666107049212,-0.4390122634588151
3,43,selected_horizon,0,7,8.2454729181336e-05,-0.6869546377877078
3,43,selected_horizon,1,0,0.00014209181335900212,-0.431643136722654
3,43,selected_horizon,1,1,0.00015201495079963934,-0.6129333190081492
3,43,selected_horizon,1,2,6.983694447626476e-05,-0.7119544838723126
3,43,selected_horizon,1,3,0.00014467170149146114,-0.44286299714176797
3,43,selected_horizon,1,4,0.0001456315967516275,-0.4347746556081278
3,43,selected_horizon,1,5,0.00015605707176291617,-0.4959596711959176
3,43,selected_horizon,1,6,0.00016810288070701063,-0.36620966658418946
3,43,selected_horizon,1,7,0.00015907222677924437,-0.35316745158703183
3,43,selected_horizon,2,0,0.00021180497969908174,-0.13652418349052023
3,43,selected_horizon,2,1,0.00018242685564473504,-0.2522330605313559
3,43,selected_horizon,2,2,0.00021237056898826268,-0.18265109493376216
3,43,selected_horizon,2,3,0.00022932092360861134,-0.09146025757209891
3,43,selected_horizon,2,4,0.000212652772461297,-0.19169660774142389
3,43,selected_horizon,2,5,0.00022344330500345677,-0.14331582455266836
3,43,selected_horizon,2,6,0.00021818298955622595,-0.23772216239563834
3,43,selected_horizon,2,7,0.00020665085321525112,-0.18788414660538885
3,43,selected_horizon,3,0,0.0002071334656648105,-0.17315830322325634
3,43,selected_horizon,3,1,0.00021595828911813442,-0.2512261419016044
3,43,selected_horizon,3,2,0.00019278320542071015,-0.27451934386329785
3,43,selected_horizon,3,3,0.000209392060241953,-0.16840263322075458
3,43,selected_horizon,3,4,0.0001764588596415706,-0.4349869265866357
3,43,selected_horizon,3,5,0.00019833251826639753,-0.19943208330491388
3,43,selected_horizon,3,6,0.0002186469600928831,-0.1399068824257374
3,43,selected_horizon,3,7,0.000185272599082964,-0.28335789915340426
3,43,selected_horizon,4,0,0.00020205864257150097,-0.1961109529419762
3,43,selected_horizon,4,1,0.00020955882155249128,-0.1527187401694768
3,43,selected_horizon,4,2,0.00019452099877526052,-0.23589597669506326
3,43,selected_horizon,4,3,0.00018413353063806426,-0.3918262174049131
3,43,selected_horizon,4,4,0.0002237195694760885,-0.11382849773166613
3,43,selected_horizon,4,5,0.0001975875329662813,-0.2856084245950134
3,43,selected_horizon,4,6,0.0001858363239080063,-0.27604488943192523
3,43,selected_horizon,4,7,0.00021298430965543957,-0.2905451861829151
3,43,selected_horizon,5,0,0.00022307696599455085,-0.07831132910394052
3,43,selected_horizon,5,1,0.00023276600859389873,-0.05887806972303659
3,43,selected_horizon,5,2,0.00021940476835879963,-0.14788150768518118
3,43,selected_horizon,5,3,0.00019983680340374121,-0.191784238744091
3,43,selected_horizon,5,4,0.00021581730015896028,-0.2482674332665003
3,43,selected_horizon,5,5,0.00021504050437215483,-0.13710883000526228
3,43,selected_horizon,5,6,0.00013988562113809166,-0.5273424483350455
3,43,selected_horizon,5,7,0.0002128576697941753,-0.1328235410872478
3,43,selected_horizon,6,0,0.00020299828702263767,-0.2953287984376534
3,43,selected_horizon,6,1,0.00020704885355371516,-0.3111583961964786
3,43,selected_horizon,6,2,0.00020899450737488223,-0.24222577829538933
3,43,selected_horizon,6,3,0.00019727002472791355,-0.4862193790264764
3,43,selected_horizon,6,4,0.00019765087108680746,-0.37770260739796707
3,43,selected_horizon,6,5,0.00020506978853518376,-0.23337100212432316
3,43,selected_horizon,6,6,0.00021147996540094027,-0.17056247138699673
3,43,selected_horizon,6,7,0.0002227241029686411,-0.19257778966056796
3,43,selected_horizon,7,0,0.00021109161571075674,-0.1491747875431422
3,43,selected_horizon,7,1,0.0001976533076231135,-0.20819937655087004
3,43,selected_horizon,7,2,0.00021229328467597952,-0.3067322874785883
3,43,selected_horizon,7,3,0.00020133556699875044,-0.24989143677222586
3,43,selected_horizon,7,4,0.00020280421540519455,-0.18263284994183765
3,43,selected_horizon,7,5,0.00021147445659153163,-0.23947953271687025
3,43,selected_horizon,7,6,0.0002239950390503509,-0.1965644066475578
3,43,selected_horizon,7,7,0.00020279321779526072,-0.19800428169859977
3,43,selected_horizon,8,0,0.000231595498007664,-0.12697060693874654
3,43,selected_horizon,8,1,0.00020169781237200368,-0.29195977806760604
3,43,selected_horizon,8,2,0.0002305761372554116,-0.11584303299346291
3,43,selected_horizon,8,3,0.0002318112146895146,-0.10217267068207649
3,43,selected_horizon,8,4,0.00020018308168801013,-0.40065470519150825
3,43,selected_horizon,8,5,0.00017366317752021132,-0.32156120961354956
3,43,selected_horizon,8,6,0.00021848477626917884,-0.1397546205343831
3,43,selected_horizon,8,7,0.00023579818389407592,-0.11074654268868468
3,43,selected_horizon,9,0,0.00023253133258549497,-0.0777266983912843
3,43,selected_horizon,9,1,0.00018096734947903315,-0.28334302691219915
3,43,selected_horizon,9,2,0.00019824620994768338,-0.3532962970030741
3,43,selected_horizon,9,3,0.00022737348263035528,-0.17703301016226178
3,43,selected_horizon,9,4,0.00023060466992319562,-0.08121763462245754
3,43,selected_horizon,9,5,0.00022315462047117762,-0.2890436313787033
3,43,selected_horizon,9,6,0.0002235438114439603,-0.27594407250587516
3,43,selected_horizon,9,7,0.00023173613499238854,-0.10225153830808657
3,43,selected_horizon,10,0,0.00023669023994443705,-0.07970551260574547
3,43,selected_horizon,10,1,0.00021671701415471034,-0.11468536705417465
3,43,selected_horizon,10,2,0.0002086254471578286,-0.21375553708671746
3,43,selected_horizon,10,3,0.00022545556112163467,-0.11087337917978463
3,43,selected_horizon,10,4,0.00023304369642573874,-0.11190119772153323
3,43,selected_horizon,10,5,0.00022908915707375854,-0.12811577844923966
3,43,selected_horizon,10,6,0.00021615780406136764,-0.22555209501325557
3,43,selected_horizon,10,7,0.000218125823266746,-0.17060394485519106
3,43,selected_horizon,11,0,0.00022655042084807064,-0.09113357672583985
3,43,selected_horizon,11,1,0.00023352416155830724,-0.08369178596167558
3,43,selected_horizon,11,2,0.00021980479687044863,-0.11505262461096201
3,43,selected_horizon,11,3,0.00023147047886595828,-0.14229945378344996
3,43,selected_horizon,11,4,0.00020727121409436222,-0.30245199466702943
3,43,selected_horizon,11,5,0.0002304560966877034,-0.15722020652274546
3,43,selected_horizon,11,6,0.00022897416238265578,-0.10225635334505578
3,43,selected_horizon,11,7,0.00022238842848310014,-0.12125954986342595
3,43,selected_horizon,12,0,0.00019451136995485285,-0.2271022922080897
3,43,selected_horizon,12,1,0.00022143917703942861,-0.19144109697908782
3,43,selected_horizon,12,2,0.00022293354322755476,-0.2123499567907228
3,43,selected_horizon,12,3,0.00021368376474129036,-0.19751074947819947
3,43,selected_horizon,12,4,0.00019881837943103164,-0.2153189944797438
3,43,selected_horizon,12,5,0.00019106603122054366,-0.36477650096542613
3,43,selected_horizon,12,6,0.00021026061222073622,-0.2294589320494359
3,43,selected_horizon,12,7,0.00021931794253760017,-0.25447066476061725
3,43,selected_horizon,13,0,0.00024028736243053572,-0.11027086689057054
3,43,selected_horizon,13,1,0.00023571243491460336,-0.1009339307417714
3,43,selected_horizon,13,2,0.00023498122936871368,-0.13407119951844007
3,43,selected_horizon,13,3,0.0002366013668506639,-0.1511544492088865
3,43,selected_horizon,13,4,0.0002315329138582456,-0.08924503269985834
3,43,selected_horizon,13,5,0.00022985002306086244,-0.07984938429848654
3,43,selected_horizon,13,6,0.00022463341338152532,-0.2861853950255704
3,43,selected_horizon,13,7,0.00021679272140318062,-0.24354374525080894
3,43,selected_horizon,14,0,0.0002316465443072957,-0.09887281047695279
3,43,selected_horizon,14,1,0.00023838033666834235,-0.09672649364518564
3,43,selected_horizon,14,2,0.0001934136471390957,-0.4128037388725756
3,43,selected_horizon,14,3,0.00023037876053422224,-0.10800622750116173
3,43,selected_horizon,14,4,0.00022445069862442324,-0.13564482650619747
3,43,selected_horizon,14,5,0.00023642712585569825,-0.10481344815560341
3,43,selected_horizon,14,6,0.00020586677783285268,-0.17417116502260985
3,43,selected_horizon,14,7,0.00024061129624897148,-0.09954876369986156
3,43,selected_horizon,15,0,0.00022893232562637422,-0.14533678413244483
3,43,selected_horizon,15,1,0.00022150120094011072,-0.1258097475663418
3,43,selected_horizon,15,2,0.00022629649447480915,-0.18666265510820396
3,43,selected_horizon,15,3,0.00022212379371921998,-0.10984107879867744
3,43,selected_horizon,15,4,0.00022465591246145777,-0.24163220837552385
3,43,selected_horizon,15,5,0.00022964565778238466,-0.1493111989221822
3,43,selected_horizon,15,6,0.00021274667869874975,-0.1717894713019388
3,43,selected_horizon,15,7,0.00022435919709096197,-0.18423830261624846
3,43,selected_horizon,16,0,0.00022555450050276704,-0.15154453438976892
3,43,selected_horizon,16,1,0.00021770458261016756,-0.23627462796178395
3,43,selected_horizon,16,2,0.00021454097168316366,-0.18133866707413315
3,43,selected_horizon,16,3,0.00018868651568482164,-0.2786005326539226
3,43,selected_horizon,16,4,0.0002232697788713267,-0.1435489855564573
3,43,selected_horizon,16,5,0.00022126043131720508,-0.11544820925018855
3,43,selected_horizon,16,6,0.00022327681017486611,-0.1333039922170315
3,43,selected_horizon,16,7,0.00018157492650061613,-0.22727254799673255
3,43,selected_horizon,17,0,0.0002184926506743068,-0.14940388430917215
3,43,selected_horizon,17,1,0.0002254947658002493,-0.08410582692001338
3,43,selected_horizon,17,2,0.0002155168986064382,-0.1773572978017419
3,43,selected_horizon,17,3,0.00021783411921205698,-0.16638438054539592
3,43,selected_horizon,17,4,0.00022656391411146615,-0.06385457077475849
3,43,selected_horizon,17,5,0.00023245113425218733,-0.10967694966633655
3,43,selected_horizon,17,6,0.00022842813996248879,-0.09348891251187615
3,43,selected_horizon,17,7,0.00023628330018254928,-0.10461387437239089
3,43,selected_horizon,18,0,0.00022830941361462465,-0.1423004700356999
3,43,selected_horizon,18,1,0.000225552686060837,-0.17124776559064533
3,43,selected_horizon,18,2,0.00022384865587810054,-0.1353495187342413
3,43,selected_horizon,18,3,0.000217606778278423,-0.20496223197173383
3,43,selected_horizon,18,4,0.0002145753051081556,-0.18881328378175613
3,43,selected_horizon,18,5,0.0002207005600212142,-0.15876015131962318
3,43,selected_horizon,18,6,0.0002183566566600348,-0.10393044470258293
3,43,selected_horizon,18,7,0.00021597855902655283,-0.17073728396625137
3,43,selected_horizon,19,0,0.00023523991876572836,-0.17315740494725268
3,43,selected_horizon,19,1,0.00021659873254975537,-0.28647573233431495
3,43,selected_horizon,19,2,0.00023028883606457384,-0.24202467545259587
3,43,selected_horizon,19,3,0.00023391114700643811,-0.10325165558364979
3,43,selected_horizon,19,4,0.00022252139569900464,-0.10392825198744991
3,43,selected_horizon,19,5,0.00022095858275861247,-0.3527672550744145
3,43,selected_horizon,19,6,0.0002056484618151444,-0.1447705308110077
3,43,selected_horizon,19,7,0.0002181675172323594,-0.09952048259553606
3,43,selected_horizon,20,0,0.00023113065344659844,-0.2203894585517944
3,43,selected_horizon,20,1,0.00022521142545883777,-0.1207501511649868
3,43,selected_horizon,20,2,0.00022446470757131465,-0.09798179670031103
3,43,selected_horizon,20,3,0.0002175455783799407,-0.16569439096388797
3,43,selected_horizon,20,4,0.00022190726485860068,-0.1706036410472181
3,43,selected_horizon,20,5,0.00022500030991068343,-0.14756079273426392
3,43,selected_horizon,20,6,0.00023351099389401497,-0.08363373064634931
3,43,selected_horizon,20,7,0.00022945588534639683,-0.09701402614746218
3,43,selected_horizon,21,0,0.00023340391817328054,-0.11098562377948176
3,43,selected_horizon,21,1,0.00021417188418126898,-0.10722738353160416
3,43,selected_horizon,21,2,0.00021824453142471611,-0.13212819662043046
3,43,selected_horizon,21,3,0.0002135612858182867,-0.24323748317683275
3,43,selected_horizon,21,4,0.0002153449040633859,-0.1716583612996122
3,43,selected_horizon,21,5,0.0002231589733128203,-0.14531473796088554
3,43,selected_horizon,21,6,0.00021818684217578266,-0.14500659522077305
3,43,selected_horizon,21,7,0.00023181724282039795,-0.1362696308522511
3,43,selected_horizon,22,0,0.00022970791906118393,-0.10658631556388076
3,43,selected_horizon,22,1,0.00020268166281312006,-0.14119576719523705
3,43,selected_horizon,22,2,0.00022525259555550292,-0.10704908113282943
3,43,selected_horizon,22,3,0.00022080636790633434,-0.11449054556942885
3,43,selected_horizon,22,4,0.00021847739662916865,-0.09120659180420623
3,43,selected_horizon,22,5,0.00021674035269825254,-0.23444180304026033
3,43,selected_horizon,22,6,0.00022711789461027365,-0.21829928593359177
3,43,selected_horizon,22,7,0.0002256465586469858,-0.110311029831748
3,43,selected_horizon,23,0,0.00021983297574479366,-0.12443950210721022
3,43,selected_horizon,23,1,0.00021751150234194938,-0.13189701134818418
3,43,selected_horizon,23,2,0.00021822498820256442,-0.1360811817042392
3,43,selected_horizon,23,3,0.00023084842359821778,-0.09792640072740062
3,43,selected_horizon,23,4,0.0002240981448267121,-0.1782512614619465
3,43,selected_horizon,23,5,0.0002230942873211461,-0.12054000197522399
3,43,selected_horizon,23,6,0.00021729233503720025,-0.2330479272638743
3,43,selected_horizon,23,7,0.00021854593433090486,-0.28741805674343696
3,43,selected_horizon,24,0,0.00021013449349993607,-0.16076479548064812
3,43,selected_horizon,24,1,0.0002136145822078106,-0.09795262282250977
3,43,selected_horizon,24,2,0.0002212236577179283,-0.08548614326323446
3,43,selected_horizon,24,3,0.00020645475069613894,-0.2030210770306183
3,43,selected_horizon,24,4,0.00021337315502023557,-0.1888832615470396
3,43,selected_horizon,24,5,0.000223057401854021,-0.1442282020936191
3,43,selected_horizon,24,6,0.00021135231600055704,-0.2560197074844874
3,43,selected_horizon,24,7,0.00021087190179969184,-0.21437484901214365
3,43,selected_horizon,25,0,0.00021497106263268506,-0.31176676857424496
3,43,selected_horizon,25,1,0.00021841599482286256,-0.13875711586861383
3,43,selected_horizon,25,2,0.000219864703467465,-0.092775842952486
3,43,selected_horizon,25,3,0.00020756696903845295,-0.2198179533828585
3,43,selected_horizon,25,4,0.00022546602667716797,-0.06273081224446465
3,43,selected_horizon,25,5,0.00019710944707185263,-0.15932870914488872
3,43,selected_horizon,25,6,0.00022894071662449278,-0.19919944051769864
3,43,selected_horizon,25,7,0.0002143423071174766,-0.1395395201028464
3,43,selected_horizon,26,0,0.00022848486514703836,-0.12927100108231387
3,43,selected_horizon,26,1,0.0002120001036018948,-0.20439857315271676
3,43,selected_horizon,26,2,0.00020803661300305976,-0.18690035419983153
3,43,selected_horizon,26,3,0.00020797376328118844,-0.2127575564348062
3,43,selected_horizon,26,4,0.00022273540253081592,-0.1487693841312757
3,43,selected_horizon,26,5,0.00021710367491323268,-0.22159170223615532
3,43,selected_horizon,26,6,0.00022583936970477225,-0.1352674952127393
3,43,selected_horizon,26,7,0.00022400590387405828,-0.10205206381748572
3,43,selected_horizon,27,0,0.0002279685540997889,-0.06473441887525025
3,43,selected_horizon,27,1,0.00021390705569501733,-0.2578938069908131
3,43,selected_horizon,27,2,0.00021814999763591914,-0.10245239115669465
3,43,selected_horizon,27,3,0.00020477204179769615,-0.2699606750824634
3,43,selected_horizon,27,4,0.00022408628501580097,-0.09833673503167766
3,43,selected_horizon,27,5,0.0002116217738148407,-0.22760237574926825
3,43,selected_horizon,27,6,0.00022481547421193682,-0.10851325150098402
3,43,selected_horizon,27,7,0.00021846260460733902,-0.16611931794176643
3,43,selected_horizon,28,0,0.00022323688426695298,-0.18034963762833467
3,43,selected_horizon,28,1,0.0002176005664296099,-0.1426616794194243
3,43,selected_horizon,28,2,0.00021704303708247608,-0.13280471275397035
3,43,selected_horizon,28,3,0.0002122130435964209,-0.125245799634892
3,43,selected_horizon,28,4,0.00022128610999061493,-0.16288911870446604
3,43,selected_horizon,28,5,0.00022705157061864156,-0.07146964200048754
3,43,selected_horizon,28,6,0.00021684817693312652,-0.19905050702034763
3,43,selected_horizon,28,7,0.000222610637138132,-0.1327940565754065
3,43,selected_horizon,29,0,0.00022930590421310626,-0.23172411707552085
3,43,selected_horizon,29,1,0.0002234614776170929,-0.1129376287854942
3,43,selected_horizon,29,2,0.00022149748201627517,-0.20826852714898825
3,43,selected_horizon,29,3,0.00021444832691486226,-0.14031731839693964
3,43,selected_horizon,29,4,0.0002195249508076813,-0.10100348725535042
3,43,selected_horizon,29,5,0.00022381506641977467,-0.24130466733561098
3,43,selected_horizon,29,6,0.00016377011706936173,-0.44610704782192534
3,43,selected_horizon,29,7,0.0002097061078529805,-0.2355150105982491
3,43,selected_horizon,30,0,0.00022380419704859378,-0.11594946822170167
3,43,selected_horizon,30,1,0.00021051322801213246,-0.21730183309263387
3,43,selected_horizon,30,2,0.00022986389467405388,-0.09080062116998477
3,43,selected_horizon,30,3,0.00020855956699961098,-0.18116581896373338
3,43,selected_horizon,30,4,0.00020490738825174049,-0.14819167055081509
3,43,selected_horizon,30,5,0.00021580391057796078,-0.1882783176011018
3,43,selected_horizon,30,6,0.00022519757021655096,-0.14433128173608234
3,43,selected_horizon,30,7,0.00021395390467660036,-0.17177392943352446
3,43,selected_horizon,31,0,0.00019775365308305481,-0.1622530358884027
3,43,selected_horizon,31,1,0.00019664145202114014,-0.3233028963514588
3,43,selected_horizon,31,2,0.00021934204687568126,-0.26387771922496134
3,43,selected_horizon,31,3,0.00019765949400607497,-0.15887812473522506
3,43,selected_horizon,31,4,0.0002158543429686688,-0.16877775190415148
3,43,selected_horizon,31,5,0.00021750468113168608,-0.146153255507147
3,43,selected_horizon,31,6,0.00019983442143711727,-0.4635872815733976
3,43,selected_horizon,31,7,0.00021785279386676848,-0.16675359228329
3,43,horizon_1000,0,0,0.00010001235568779521,-0.5930519063122185
3,43,horizon_1000,0,1,0.00012511718205132638,-0.4717569871346709
3,43,horizon_1000,0,2,0.0001304729430557927,-0.519179869738355
3,43,horizon_1000,0,3,0.00011246094709349563,-0.5334860326413984
3,43,horizon_1000,0,4,0.00010260256067340379,-0.5934990096365987
3,43,horizon_1000,0,5,0.00010020922582043568,-0.5871650575123197
3,43,horizon_1000,0,6,0.00013348666107049212,-0.4390122634588151
3,43,horizon_1000,0,7,8.2454729181336e-05,-0.6869546377877078
3,43,horizon_1000,1,0,0.00014209181335900212,-0.431643136722654
3,43,horizon_1000,1,1,0.00015201495079963934,-0.6129333190081492
3,43,horizon_1000,1,2,6.983694447626476e-05,-0.7119544838723126
3,43,horizon_1000,1,3,0.00014467170149146114,-0.44286299714176797
3,43,horizon_1000,1,4,0.0001456315967516275,-0.4347746556081278
3,43,horizon_1000,1,5,0.00015605707176291617,-0.4959596711959176
3,43,horizon_1000,1,6,0.00016810288070701063,-0.36620966658418946
3,43,horizon_1000,1,7,0.00015907222677924437,-0.35316745158703183
3,43,horizon_1000,2,0,0.00021180497969908174,-0.13652418349052023
3,43,horizon_1000,2,1,0.00018242685564473504,-0.2522330605313559
3,43,horizon_1000,2,2,0.00021237056898826268,-0.18265109493376216
3,43,horizon_1000,2,3,0.00022932092360861134,-0.09146025757209891
3,43,horizon_1000,2,4,0.000212652772461297,-0.19169660774142389
3,43,horizon_1000,2,5,0.00022344330500345677,-0.14331582455266836
3,43,horizon_1000,2,6,0.00021818298955622595,-0.23772216239563834
3,43,horizon_1000,2,7,0.00020665085321525112,-0.18788414660538885
3,43,horizon_1000,3,0,0.0002071334656648105,-0.17315830322325634
3,43,horizon_1000,3,1,0.00021595828911813442,-0.2512261419016044
3,43,horizon_1000,3,2,0.00019278320542071015,-0.27451934386329785
3,43,horizon_1000,3,3,0.000209392060241953,-0.16840263322075458
3,43,horizon_1000,3,4,0.0001764588596415706,-0.4349869265866357
3,43,horizon_1000,3,5,0.00019833251826639753,-0.19943208330491388
3,43,horizon_1000,3,6,0.0002186469600928831,-0.1399068824257374
3,43,horizon_1000,3,7,0.000185272599082964,-0.28335789915340426
3,43,horizon_1000,4,0,0.00020205864257150097,-0.1961109529419762
3,43,horizon_1000,4,1,0.00020955882155249128,-0.1527187401694768
3,43,horizon_1000,4,2,0.00019452099877526052,-0.23589597669506326
3,43,horizon_1000,4,3,0.00018413353063806426,-0.3918262174049131
3,43,horizon_1000,4,4,0.0002237195694760885,-0.11382849773166613
3,43,horizon_1000,4,5,0.0001975875329662813,-0.2856084245950134
3,43,horizon_1000,4,6,0.0001858363239080063,-0.27604488943192523
3,43,horizon_1000,4,7,0.00021298430965543957,-0.2905451861829151
3,43,horizon_1000,5,0,0.00022307696599455085,-0.07831132910394052
3,43,horizon_1000,5,1,0.00023276600859389873,-0.05887806972303659
3,43,horizon_1000,5,2,0.00021940476835879963,-0.14788150768518118
3,43,horizon_1000,5,3,0.00019983680340374121,-0.191784238744091
3,43,horizon_1000,5,4,0.00021581730015896028,-0.2482674332665003
3,43,horizon_1000,5,5,0.00021504050437215483,-0.13710883000526228
3,43,horizon_1000,5,6,0.00013988562113809166,-0.5273424483350455
3,43,horizon_1000,5,7,0.0002128576697941753,-0.1328235410872478
3,43,horizon_1000,6,0,0.00020299828702263767,-0.2953287984376534
3,43,horizon_1000,6,1,0.00020704885355371516,-0.3111583961964786
3,43,horizon_1000,6,2,0.00020899450737488223,-0.24222577829538933
3,43,horizon_1000,6,3,0.00019727002472791355,-0.4862193790264764
3,43,horizon_1000,6,4,0.00019765087108680746,-0.37770260739796707
3,43,horizon_1000,6,5,0.00020506978853518376,-0.23337100212432316
3,43,horizon_1000,6,6,0.00021147996540094027,-0.17056247138699673
3,43,horizon_1000,6,7,0.0002227241029686411,-0.19257778966056796
3,43,horizon_1000,7,0,0.00021109161571075674,-0.1491747875431422
3,43,horizon_1000,7,1,0.0001976533076231135,-0.20819937655087004
3,43,horizon_1000,7,2,0.00021229328467597952,-0.3067322874785883
3,43,horizon_1000,7,3,0.00020133556699875044,-0.24989143677222586
3,43,horizon_1000,7,4,0.00020280421540519455,-0.18263284994183765
3,43,horizon_1000,7,5,0.00021147445659153163,-0.23947953271687025
3,43,horizon_1000,7,6,0.0002239950390503509,-0.1965644066475578
3,43,horizon_1000,7,7,0.00020279321779526072,-0.19800428169859977
3,43,horizon_1000,8,0,0.000231595498007664,-0.12697060693874654
3,43,horizon_1000,8,1,0.00020169781237200368,-0.29195977806760604
3,43,horizon_1000,8,2,0.0002305761372554116,-0.11584303299346291
3,43,horizon_1000,8,3,0.0002318112146895146,-0.10217267068207649
3,43,horizon_1000,8,4,0.00020018308168801013,-0.40065470519150825
3,43,horizon_1000,8,5,0.00017366317752021132,-0.32156120961354956
3,43,horizon_1000,8,6,0.00021848477626917884,-0.1397546205343831
3,43,horizon_1000,8,7,0.00023579818389407592,-0.11074654268868468
3,43,horizon_1000,9,0,0.00023253133258549497,-0.0777266983912843
3,43,horizon_1000,9,1,0.00018096734947903315,-0.28334302691219915
3,43,horizon_1000,9,2,0.00019824620994768338,-0.3532962970030741
3,43,horizon_1000,9,3,0.00022737348263035528,-0.17703301016226178
3,43,horizon_1000,9,4,0.00023060466992319562,-0.08121763462245754
3,43,horizon_1000,9,5,0.00022315462047117762,-0.2890436313787033
3,43,horizon_1000,9,6,0.0002235438114439603,-0.27594407250587516
3,43,horizon_1000,9,7,0.00023173613499238854,-0.10225153830808657
3,43,horizon_1000,10,0,0.00023669023994443705,-0.07970551260574547
3,43,horizon_1000,10,1,0.00021671701415471034,-0.11468536705417465
3,43,horizon_1000,10,2,0.0002086254471578286,-0.21375553708671746
3,43,horizon_1000,10,3,0.00022545556112163467,-0.11087337917978463
3,43,horizon_1000,10,4,0.00023304369642573874,-0.11190119772153323
3,43,horizon_1000,10,5,0.00022908915707375854,-0.12811577844923966
3,43,horizon_1000,10,6,0.00021615780406136764,-0.22555209501325557
3,43,horizon_1000,10,7,0.000218125823266746,-0.17060394485519106
3,43,horizon_1000,11,0,0.00022655042084807064,-0.09113357672583985
3,43,horizon_1000,11,1,0.00023352416155830724,-0.08369178596167558
3,43,horizon_1000,11,2,0.00021980479687044863,-0.11505262461096201
3,43,horizon_1000,11,3,0.00023147047886595828,-0.14229945378344996
3,43,horizon_1000,11,4,0.00020727121409436222,-0.30245199466702943
3,43,horizon_1000,11,5,0.0002304560966877034,-0.15722020652274546
3,43,horizon_1000,11,6,0.00022897416238265578,-0.10225635334505578
3,43,horizon_1000,11,7,0.00022238842848310014,-0.12125954986342595
3,43,horizon_1000,12,0,0.00019451136995485285,-0.2271022922080897
3,43,horizon_1000,12,1,0.00022143917703942861,-0.19144109697908782
3,43,horizon_1000,12,2,0.00022293354322755476,-0.2123499567907228
3,43,horizon_1000,12,3,0.00021368376474129036,-0.19751074947819947
3,43,horizon_1000,12,4,0.00019881837943103164,-0.2153189944797438
3,43,horizon_1000,12,5,0.00019106603122054366,-0.36477650096542613
3,43,horizon_1000,12,6,0.00021026061222073622,-0.2294589320494359
3,43,horizon_1000,12,7,0.00021931794253760017,-0.25447066476061725
3,43,horizon_1000,13,0,0.00024028736243053572,-0.11027086689057054
3,43,horizon_1000,13,1,0.00023571243491460336,-0.1009339307417714
3,43,horizon_1000,13,2,0.00023498122936871368,-0.13407119951844007
3,43,horizon_1000,13,3,0.0002366013668506639,-0.1511544492088865
3,43,horizon_1000,13,4,0.0002315329138582456,-0.08924503269985834
3,43,horizon_1000,13,5,0.00022985002306086244,-0.07984938429848654
3,43,horizon_1000,13,6,0.00022463341338152532,-0.2861853950255704
3,43,horizon_1000,13,7,0.00021679272140318062,-0.24354374525080894
3,43,horizon_1000,14,0,0.0002316465443072957,-0.09887281047695279
3,43,horizon_1000,14,1,0.00023838033666834235,-0.09672649364518564
3,43,horizon_1000,14,2,0.0001934136471390957,-0.4128037388725756
3,43,horizon_1000,14,3,0.00023037876053422224,-0.10800622750116173
3,43,horizon_1000,14,4,0.00022445069862442324,-0.13564482650619747
3,43,horizon_1000,14,5,0.00023642712585569825,-0.10481344815560341
3,43,horizon_1000,14,6,0.00020586677783285268,-0.17417116502260985
3,43,horizon_1000,14,7,0.00024061129624897148,-0.09954876369986156
3,43,horizon_1000,15,0,0.00022893232562637422,-0.14533678413244483
3,43,horizon_1000,15,1,0.00022150120094011072,-0.1258097475663418
3,43,horizon_1000,15,2,0.00022629649447480915,-0.18666265510820396
3,43,horizon_1000,15,3,0.00022212379371921998,-0.10984107879867744
3,43,horizon_1000,15,4,0.00022465591246145777,-0.24163220837552385
3,43,horizon_1000,15,5,0.00022964565778238466,-0.1493111989221822
3,43,horizon_1000,15,6,0.00021274667869874975,-0.1717894713019388
3,43,horizon_1000,15,7,0.00022435919709096197,-0.18423830261624846
3,43,horizon_1000,16,0,0.00022555450050276704,-0.15154453438976892
3,43,horizon_1000,16,1,0.00021770458261016756,-0.23627462796178395
3,43,horizon_1000,16,2,0.00021454097168316366,-0.18133866707413315
3,43,horizon_1000,16,3,0.00018868651568482164,-0.2786005326539226
3,43,horizon_1000,16,4,0.0002232697788713267,-0.1435489855564573
3,43,horizon_1000,16,5,0.00022126043131720508,-0.11544820925018855
3,43,horizon_1000,16,6,0.00022327681017486611,-0.1333039922170315
3,43,horizon_1000,16,7,0.00018157492650061613,-0.22727254799673255
3,43,horizon_1000,17,0,0.0002184926506743068,-0.14940388430917215
3,43,horizon_1000,17,1,0.0002254947658002493,-0.08410582692001338
3,43,horizon_1000,17,2,0.0002155168986064382,-0.1773572978017419
3,43,horizon_1000,17,3,0.00021783411921205698,-0.16638438054539592
3,43,horizon_1000,17,4,0.00022656391411146615,-0.06385457077475849
3,43,horizon_1000,17,5,0.00023245113425218733,-0.10967694966633655
3,43,horizon_1000,17,6,0.00022842813996248879,-0.09348891251187615
3,43,horizon_1000,17,7,0.00023628330018254928,-0.10461387437239089
3,43,horizon_1000,18,0,0.00022830941361462465,-0.1423004700356999
3,43,horizon_1000,18,1,0.000225552686060837,-0.17124776559064533
3,43,horizon_1000,18,2,0.00022384865587810054,-0.1353495187342413
3,43,horizon_1000,18,3,0.000217606778278423,-0.20496223197173383
3,43,horizon_1000,18,4,0.0002145753051081556,-0.18881328378175613
3,43,horizon_1000,18,5,0.0002207005600212142,-0.15876015131962318
3,43,horizon_1000,18,6,0.0002183566566600348,-0.10393044470258293
3,43,horizon_1000,18,7,0.00021597855902655283,-0.17073728396625137
3,43,horizon_1000,19,0,0.00023523991876572836,-0.17315740494725268
3,43,horizon_1000,19,1,0.00021659873254975537,-0.28647573233431495
3,43,horizon_1000,19,2,0.00023028883606457384,-0.24202467545259587
3,43,horizon_1000,19,3,0.00023391114700643811,-0.10325165558364979
3,43,horizon_1000,19,4,0.00022252139569900464,-0.10392825198744991
3,43,horizon_1000,19,5,0.00022095858275861247,-0.3527672550744145
3,43,horizon_1000,19,6,0.0002056484618151444,-0.1447705308110077
3,43,horizon_1000,19,7,0.0002181675172323594,-0.09952048259553606
3,43,horizon_1000,20,0,0.00023113065344659844,-0.2203894585517944
3,43,horizon_1000,20,1,0.00022521142545883777,-0.1207501511649868
3,43,horizon_1000,20,2,0.00022446470757131465,-0.09798179670031103
3,43,horizon_1000,20,3,0.0002175455783799407,-0.16569439096388797
3,43,horizon_1000,20,4,0.00022190726485860068,-0.1706036410472181
3,43,horizon_1000,20,5,0.00022500030991068343,-0.14756079273426392
3,43,horizon_1000,20,6,0.00023351099389401497,-0.08363373064634931
3,43,horizon_1000,20,7,0.00022945588534639683,-0.09701402614746218
3,43,horizon_1000,21,0,0.00023340391817328054,-0.11098562377948176
3,43,horizon_1000,21,1,0.00021417188418126898,-0.10722738353160416
3,43,horizon_1000,21,2,0.00021824453142471611,-0.13212819662043046
3,43,horizon_1000,21,3,0.0002135612858182867,-0.24323748317683275
3,43,horizon_1000,21,4,0.0002153449040633859,-0.1716583612996122
3,43,horizon_1000,21,5,0.0002231589733128203,-0.14531473796088554
3,43,horizon_1000,21,6,0.00021818684217578266,-0.14500659522077305
3,43,horizon_1000,21,7,0.00023181724282039795,-0.1362696308522511
3,43,horizon_1000,22,0,0.00022970791906118393,-0.10658631556388076
3,43,horizon_1000,22,1,0.00020268166281312006,-0.14119576719523705
3,43,horizon_1000,22,2,0.00022525259555550292,-0.10704908113282943
3,43,horizon_1000,22,3,0.00022080636790633434,-0.11449054556942885
3,43,horizon_1000,22,4,0.00021847739662916865,-0.09120659180420623
3,43,horizon_1000,22,5,0.00021674035269825254,-0.23444180304026033
3,43,horizon_1000,22,6,0.00022711789461027365,-0.21829928593359177
3,43,horizon_1000,22,7,0.0002256465586469858,-0.110311029831748
3,43,horizon_1000,23,0,0.00021983297574479366,-0.12443950210721022
3,43,horizon_1000,23,1,0.00021751150234194938,-0.13189701134818418
3,43,horizon_1000,23,2,0.00021822498820256442,-0.1360811817042392
3,43,horizon_1000,23,3,0.00023084842359821778,-0.09792640072740062
3,43,horizon_1000,23,4,0.0002240981448267121,-0.1782512614619465
3,43,horizon_1000,23,5,0.0002230942873211461,-0.12054000197522399
3,43,horizon_1000,23,6,0.00021729233503720025,-0.2330479272638743
3,43,horizon_1000,23,7,0.00021854593433090486,-0.28741805674343696
3,43,horizon_1000,24,0,0.00021013449349993607,-0.16076479548064812
3,43,horizon_1000,24,1,0.0002136145822078106,-0.09795262282250977
3,43,horizon_1000,24,2,0.0002212236577179283,-0.08548614326323446
3,43,horizon_1000,24,3,0.00020645475069613894,-0.2030210770306183
3,43,horizon_1000,24,4,0.00021337315502023557,-0.1888832615470396
3,43,horizon_1000,24,5,0.000223057401854021,-0.1442282020936191
3,43,horizon_1000,24,6,0.00021135231600055704,-0.2560197074844874
3,43,horizon_1000,24,7,0.00021087190179969184,-0.21437484901214365
3,43,horizon_1000,25,0,0.00021497106263268506,-0.31176676857424496
3,43,horizon_1000,25,1,0.00021841599482286256,-0.13875711586861383
3,43,horizon_1000,25,2,0.000219864703467465,-0.092775842952486
3,43,horizon_1000,25,3,0.00020756696903845295,-0.2198179533828585
3,43,horizon_1000,25,4,0.00022546602667716797,-0.06273081224446465
3,43,horizon_1000,25,5,0.00019710944707185263,-0.15932870914488872
3,43,horizon_1000,25,6,0.00022894071662449278,-0.19919944051769864
3,43,horizon_1000,25,7,0.0002143423071174766,-0.1395395201028464
3,43,horizon_1000,26,0,0.00022848486514703836,-0.12927100108231387
3,43,horizon_1000,26,1,0.0002120001036018948,-0.20439857315271676
3,43,horizon_1000,26,2,0.00020803661300305976,-0.18690035419983153
3,43,horizon_1000,26,3,0.00020797376328118844,-0.2127575564348062
3,43,horizon_1000,26,4,0.00022273540253081592,-0.1487693841312757
3,43,horizon_1000,26,5,0.00021710367491323268,-0.22159170223615532
3,43,horizon_1000,26,6,0.00022583936970477225,-0.1352674952127393
3,43,horizon_1000,26,7,0.00022400590387405828,-0.10205206381748572
3,43,horizon_1000,27,0,0.0002279685540997889,-0.06473441887525025
3,43,horizon_1000,27,1,0.00021390705569501733,-0.2578938069908131
3,43,horizon_1000,27,2,0.00021814999763591914,-0.10245239115669465
3,43,horizon_1000,27,3,0.00020477204179769615,-0.2699606750824634
3,43,horizon_1000,27,4,0.00022408628501580097,-0.09833673503167766
3,43,horizon_1000,27,5,0.0002116217738148407,-0.22760237574926825
3,43,horizon_1000,27,6,0.00022481547421193682,-0.10851325150098402
3,43,horizon_1000,27,7,0.00021846260460733902,-0.16611931794176643
3,43,horizon_1000,28,0,0.00022323688426695298,-0.18034963762833467
3,43,horizon_1000,28,1,0.0002176005664296099,-0.1426616794194243
3,43,horizon_1000,28,2,0.00021704303708247608,-0.13280471275397035
3,43,horizon_1000,28,3,0.0002122130435964209,-0.125245799634892
3,43,horizon_1000,28,4,0.00022128610999061493,-0.16288911870446604
3,43,horizon_1000,28,5,0.00022705157061864156,-0.07146964200048754
3,43,horizon_1000,28,6,0.00021684817693312652,-0.19905050702034763
3,43,horizon_1000,28,7,0.000222610637138132,-0.1327940565754065
3,43,horizon_1000,29,0,0.00022930590421310626,-0.23172411707552085
3,43,horizon_1000,29,1,0.0002234614776170929,-0.1129376287854942
3,43,horizon_1000,29,2,0.00022149748201627517,-0.20826852714898825
3,43,horizon_1000,29,3,0.00021444832691486226,-0.14031731839693964
3,43,horizon_1000,29,4,0.0002195249508076813,-0.10100348725535042
3,43,horizon_1000,29,5,0.00022381506641977467,-0.24130466733561098
3,43,horizon_1000,29,6,0.00016377011706936173,-0.44610704782192534
3,43,horizon_1000,29,7,0.0002097061078529805,-0.2355150105982491
3,43,horizon_1000,30,0,0.00022380419704859378,-0.11594946822170167
3,43,horizon_1000,30,1,0.00021051322801213246,-0.21730183309263387
3,43,horizon_1000,30,2,0.00022986389467405388,-0.09080062116998477
3,43,horizon_1000,30,3,0.00020855956699961098,-0.18116581896373338
3,43,horizon_1000,30,4,0.00020490738825174049,-0.14819167055081509
3,43,horizon_1000,30,5,0.00021580391057796078,-0.1882783176011018
3,43,horizon_1000,30,6,0.00022519757021655096,-0.14433128173608234
3,43,horizon_1000,30,7,0.00021395390467660036,-0.17177392943352446
3,43,horizon_1000,31,0,0.00019775365308305481,-0.1622530358884027
3,43,horizon_1000,31,1,0.00019664145202114014,-0.3233028963514588
3,43,horizon_1000,31,2,0.00021934204687568126,-0.26387771922496134
3,43,horizon_1000,31,3,0.00019765949400607497,-0.15887812473522506
3,43,horizon_1000,31,4,0.0002158543429686688,-0.16877775190415148
3,43,horizon_1000,31,5,0.00021750468113168608,-0.146153255507147
3,43,horizon_1000,31,6,0.00019983442143711727,-0.4635872815733976
3,43,horizon_1000,31,7,0.00021785279386676848,-0.16675359228329
4,17,random_initialization,0,0,6.548399187522591e-05,0.0
4,17,random_initialization,0,1,6.910510501256795e-05,0.0
4,17,random_initialization,0,2,6.671702021776582e-05,0.0
4,17,random_initialization,0,3,7.262187182277557e-05,0.0
4,17,random_initialization,0,4,6.822189834565506e-05,0.0
4,17,random_initialization,0,5,6.777484168196679e-05,0.0
4,17,random_initialization,0,6,7.537077271990711e-05,0.0
4,17,random_initialization,0,7,7.596859541081358e-05,0.0
4,17,random_initialization,1,0,6.865400155220414e-05,0.0
4,17,random_initialization,1,1,6.978846158745e-05,0.0
4,17,random_initialization,1,2,6.804189069953281e-05,0.0
4,17,random_initialization,1,3,6.829131325503113e-05,0.0
4,17,random_initialization,1,4,7.235927796500619e-05,0.0
4,17,random_initialization,1,5,6.755873801012058e-05,0.0
4,17,random_initialization,1,6,6.72025298626977e-05,0.0
4,17,random_initialization,1,7,6.736469049428706e-05,0.0
4,17,random_initialization,2,0,7.082397814883734e-05,0.0
4,17,random_initialization,2,1,7.023315538390307e-05,0.0
4,17,random_initialization,2,2,8.13701899460284e-05,0.0
4,17,random_initialization,2,3,7.082387901391485e-05,0.0
4,17,random_initialization,2,4,7.202375445558573e-05,0.0
4,17,random_initialization,2,5,7.33521251277125e-05,0.0
4,17,random_initialization,2,6,7.053985746097169e-05,0.0
4,17,random_initialization,2,7,7.585153298350633e-05,0.0
4,17,random_initialization,3,0,7.037492969175219e-05,0.0
4,17,random_initialization,3,1,6.736842260579579e-05,0.0
4,17,random_initialization,3,2,8.567755594413029e-05,0.0
4,17,random_initialization,3,3,7.119972588043311e-05,0.0
4,17,random_initialization,3,4,6.942037271073787e-05,0.0
4,17,random_initialization,3,5,7.243872732942691e-05,0.0
4,17,random_initialization,3,6,7.335720920309541e-05,0.0
4,17,random_initialization,3,7,7.117864242900396e-05,0.0
4,17,random_initialization,4,0,7.027100036793854e-05,0.0
4,17,random_initialization,4,1,8.419182313446072e-05,0.0
4,17,random_initialization,4,2,6.704019688186236e-05,0.0
4,17,random_initialization,4,3,0.0001259461059817113,0.0
4,17,random_initialization,4,4,6.917473865541979e-05,0.0
4,17,random_initialization,4,5,7.034884583845269e-05,0.0
4,17,random_initialization,4,6,6.95372223162849e-05,0.0
4,17,random_initialization,4,7,7.321576504182303e-05,0.0
4,17,random_initialization,5,0,7.409997397189727e-05,0.0
4,17,random_initialization,5,1,7.585145658595138e-05,0.0
4,17,random_initialization,5,2,7.040529044388677e-05,0.0
4,17,random_initialization,5,3,7.766462749714265e-05,0.0
4,17,random_initialization,5,4,7.066779880915419e-05,0.0
4,17,random_initialization,5,5,7.052438513710513e-05,0.0
4,17,random_initialization,5,6,6.76762479088211e-05,0.0
4,17,random_initialization,5,7,9.569937674314133e-05,0.0
4,17,random_initialization,6,0,6.98165740686818e-05,0.0
4,17,random_initialization,6,1,0.00010527710901442333,0.0
4,17,random_initialization,6,2,0.00010904316832238692,0.0
4,17,random_initialization,6,3,6.713320817652857e-05,0.0
4,17,random_initialization,6,4,6.799379480071366e-05,0.0
4,17,random_initialization,6,5,6.95976777933538e-05,0.0
4,17,random_initialization,6,6,7.082492629706394e-05,0.0
4,17,random_initialization,6,7,7.230505389088648e-05,0.0
4,17,random_initialization,7,0,7.52263372305606e-05,0.0
4,17,random_initialization,7,1,6.76498084430932e-05,0.0
4,17,random_initialization,7,2,6.898916444697534e-05,0.0
4,17,random_initialization,7,3,7.15197752469976e-05,0.0
4,17,random_initialization,7,4,8.613521367806243e-05,0.0
4,17,random_initialization,7,5,7.011897332631634e-05,0.0
4,17,random_initialization,7,6,6.907333772687707e-05,0.0
4,17,random_initialization,7,7,6.935249166417634e-05,0.0
4,17,random_initialization,8,0,7.571831292807474e-05,0.0
4,17,random_initialization,8,1,6.861301881144755e-05,0.0
4,17,random_initialization,8,2,6.870288234495092e-05,0.0
4,17,random_initialization,8,3,7.588724884044495e-05,0.0
4,17,random_initialization,8,4,6.830280653957743e-05,0.0
4,17,random_initialization,8,5,0.00013842282442055875,0.0
4,17,random_initialization,8,6,8.464739403279964e-05,0.0
4,17,random_initialization,8,7,6.874472865092685e-05,0.0
4,17,random_initialization,9,0,6.886223127366975e-05,0.0
4,17,random_initialization,9,1,7.376048142759828e-05,0.0
4,17,random_initialization,9,2,6.655029574176297e-05,0.0
4,17,random_initialization,9,3,7.213120034066378e-05,0.0
4,17,random_initialization,9,4,6.919240649949643e-05,0.0
4,17,random_initialization,9,5,6.910583579156082e-05,0.0
4,17,random_initialization,9,6,7.036334136500955e-05,0.0
4,17,random_initialization,9,7,7.108598038030323e-05,0.0
4,17,random_initialization,10,0,6.924762965354603e-05,0.0
4,17,random_initialization,10,1,6.821395118095097e-05,0.0
4,17,random_initialization,10,2,6.864062106615165e-05,0.0
4,17,random_initialization,10,3,7.517904941778397e-05,0.0
4,17,random_initialization,10,4,7.376523626589915e-05,0.0
4,17,random_initialization,10,5,7.051979673633468e-05,0.0
4,17,random_initialization,10,6,7.543022320533055e-05,0.0
4,17,random_initialization,10,7,6.917962718944182e-05,0.0
4,17,random_initialization,11,0,7.343272500293097e-05,0.0
4,17,random_initialization,11,1,7.069943467286066e-05,0.0
4,17,random_initialization,11,2,7.154109562179656e-05,0.0
4,17,random_initialization,11,3,7.280195177372661e-05,0.0
4,17,random_initialization,11,4,6.909207377248094e-05,0.0
4,17,random_initialization,11,5,7.140436446206877e-05,0.0
4,17,random_initialization,11,6,7.099580352587509e-05,0.0
4,17,random_initialization,11,7,6.801763993280474e-05,0.0
4,17,random_initialization,12,0,7.13568288119859e-05,0.0
4,17,random_initialization,12,1,7.388207313852035e-05,0.0
4,17,random_initialization,12,2,7.501486152250436e-05,0.0
4,17,random_initialization,12,3,7.021324881861801e-05,0.0
4,17,random_initialization,12,4,6.807273257436464e-05,0.0
4,17,random_initialization,12,5,8.386915169467102e-05,0.0
4,17,random_initialization,12,6,7.489538711524801e-05,0.0
4,17,random_initialization,12,7,6.863435237391968e-05,0.0
4,17,random_initialization,13,0,7.346722759393742e-05,0.0
4,17,random_initialization,13,1,7.143293987610377e-05,0.0
4,17,random_initialization,13,2,6.943467542441795e-05,0.0
4,17,random_initialization,13,3,7.188642666733358e-05,0.0
4,17,random_initialization,13,4,7.401929588013445e-05,0.0
4,17,random_initialization,13,5,7.432067968693445e-05,0.0
4,17,random_initialization,13,6,7.224584578580107e-05,0.0
4,17,random_initialization,13,7,6.88176501171256e-05,0.0
4,17,random_initialization,14,0,8.381648194699665e-05,0.0
4,17,random_initialization,14,1,7.105442136889906e-05,0.0
4,17,random_initialization,14,2,6.950935448912787e-05,0.0
4,17,random_initialization,14,3,6.994369869062211e-05,0.0
4,17,random_initialization,14,4,7.102995186869521e-05,0.0
4,17,random_initialization,14,5,6.918088820384583e-05,0.0
4,17,random_initialization,14,6,6.774833491363097e-05,0.0
4,17,random_initialization,14,7,7.255684158735676e-05,0.0
4,17,random_initialization,15,0,7.400984213745687e-05,0.0
4,17,random_initialization,15,1,7.61534133744135e-05,0.0
4,17,random_initialization,15,2,6.990256224526092e-05,0.0
4,17,random_initialization,15,3,6.735154238413088e-05,0.0
4,17,random_initialization,15,4,7.29573298485775e-05,0.0
4,17,random_initialization,15,5,7.509454462706344e-05,0.0
4,17,random_initialization,15,6,6.931756161066005e-05,0.0
4,17,random_initialization,15,7,6.80784614814911e-05,0.0
4,17,random_initialization,16,0,6.851408670627279e-05,0.0
4,17,random_initialization,16,1,7.067141132210963e-05,0.0
4,17,random_initialization,16,2,6.880325008751242e-05,0.0
4,17,random_initialization,16,3,6.906029011588544e-05,0.0
4,17,random_initialization,16,4,7.982260876815417e-05,0.0
4,17,random_initialization,16,5,6.877328360133106e-05,0.0
4,17,random_initialization,16,6,8.035412383833318e-05,0.0
4,17,random_initialization,16,7,6.72674982524768e-05,0.0
4,17,random_initialization,17,0,6.92406151756586e-05,0.0
4,17,random_initialization,17,1,7.173301810325938e-05,0.0
4,17,random_initialization,17,2,9.219029197993223e-05,0.0
4,17,random_initialization,17,3,6.732983183610486e-05,0.0
4,17,random_initialization,17,4,7.115932794476976e-05,0.0
4,17,random_initialization,17,5,6.88557402099832e-05,0.0
4,17,random_initialization,17,6,6.986711787249078e-05,0.0
4,17,random_initialization,17,7,6.980676334933378e-05,0.0
4,17,random_initialization,18,0,7.066134503475041e-05,0.0
4,17,random_initialization,18,1,7.064210967655526e-05,0.0
4,17,random_initialization,18,2,7.29389635125699e-05,0.0
4,17,random_initialization,18,3,7.239100705191959e-05,0.0
4,17,random_initialization,18,4,6.909231979079777e-05,0.0
4,17,random_initialization,18,5,7.313008381970576e-05,0.0
4,17,random_initialization,18,6,7.009393357293447e-05,0.0
4,17,random_initialization,18,7,7.991290340214618e-05,0.0
4,17,random_initialization,19,0,6.947270503587788e-05,0.0
4,17,random_initialization,19,1,7.30213992028439e-05,0.0
4,17,random_initialization,19,2,8.108234533210634e-05,0.0
4,17,random_initialization,19,3,6.829243875472457e-05,0.0
4,17,random_initialization,19,4,7.264486521307845e-05,0.0
4,17,random_initialization,19,5,6.800508572268882e-05,0.0
4,17,random_initialization,19,6,6.719863495163736e-05,0.0
4,17,random_initialization,19,7,6.924054832779802e-05,0.0
4,17,random_initialization,20,0,7.369651666522259e-05,0.0
4,17,random_initialization,20,1,7.189145208030823e-05,0.0
4,17,random_initialization,20,2,7.605752580275293e-05,0.0
4,17,random_initialization,20,3,8.41199662318104e-05,0.0
4,17,random_initialization,20,4,6.791345094825374e-05,0.0
4,17,random_initialization,20,5,7.320566373891779e-05,0.0
4,17,random_initialization,20,6,6.942948357391288e-05,0.0
4,17,random_initialization,20,7,6.925576099092723e-05,0.0
4,17,random_initialization,21,0,7.595280339955934e-05,0.0
4,17,random_initialization,21,1,7.452004228980513e-05,0.0
4,17,random_initialization,21,2,7.129488722057431e-05,0.0
4,17,random_initialization,21,3,7.761524648230989e-05,0.0
4,17,random_initialization,21,4,7.128655306587461e-05,0.0
4,17,random_initialization,21,5,6.863939961476717e-05,0.0
4,17,random_initialization,21,6,6.926533478690544e-05,0.0
4,17,random_initialization,21,7,0.00010306779768143315,0.0
4,17,random_initialization,22,0,6.985061827435857e-05,0.0
4,17,random_initialization,22,1,6.878822296130238e-05,0.0
4,17,random_initialization,22,2,7.009633463894716e-05,0.0
4,17,random_initialization,22,3,7.261955897774897e-05,0.0
4,17,random_initialization,22,4,7.013975118752569e-05,0.0
4,17,random_initialization,22,5,7.527924208261538e-05,0.0
4,17,random_initialization,22,6,6.979011732255458e-05,0.0
4,17,random_initialization,22,7,7.770549746055622e-05,0.0
4,17,random_initialization,23,0,6.966743876546388e-05,0.0
4,17,random_initialization,23,1,7.591145777041675e-05,0.0
4,17,random_initialization,23,2,7.436239275193657e-05,0.0
4,17,random_initialization,23,3,7.524950615334092e-05,0.0
4,17,random_initialization,23,4,6.82232516737713e-05,0.0
4,17,random_initialization,23,5,6.792039312131237e-05,0.0
4,17,random_initialization,23,6,9.647902197684743e-05,0.0
4,17,random_initialization,23,7,7.831556649762206e-05,0.0
4,17,random_initialization,24,0,6.936885438335594e-05,0.0
4,17,random_initialization,24,1,6.924318950041197e-05,0.0
4,17,random_initialization,24,2,6.783247636121814e-05,0.0
4,17,random_initialization,24,3,7.794195971655427e-05,0.0
4,17,random_initialization,24,4,7.168795445977594e-05,0.0
4,17,random_initialization,24,5,6.842707671239623e-05,0.0
4,17,random_initialization,24,6,7.132278051358298e-05,0.0
4,17,random_initialization,24,7,6.882215529913083e-05,0.0
4,17,random_initialization,25,0,7.094748889358016e-05,0.0
4,17,random_initialization,25,1,8.341857119376073e-05,0.0
4,17,random_initialization,25,2,6.767267541363253e-05,0.0
4,17,random_initialization,25,3,6.956270090086036e-05,0.0
4,17,random_initialization,25,4,6.979932049944182e-05,0.0
4,17,random_initialization,25,5,6.866473995614797e-05,0.0
4,17,random_initialization,25,6,6.778220586056705e-05,0.0
4,17,random_initialization,25,7,6.799171706006746e-05,0.0
4,17,random_initialization,26,0,7.575480049126782e-05,0.0
4,17,random_initialization,26,1,8.987357750811498e-05,0.0
4,17,random_initialization,26,2,6.76501927046047e-05,0.0
4,17,random_initialization,26,3,6.878635304019554e-05,0.0
4,17,random_initialization,26,4,7.843629418857745e-05,0.0
4,17,random_initialization,26,5,7.002644042586326e-05,0.0
4,17,random_initialization,26,6,8.639012457933859e-05,0.0
4,17,random_initialization,26,7,6.980397347433609e-05,0.0
4,17,random_initialization,27,0,7.739722377664293e-05,0.0
4,17,random_initialization,27,1,7.11333177605411e-05,0.0
4,17,random_initialization,27,2,7.059149766064365e-05,0.0
4,17,random_initialization,27,3,6.943560401850846e-05,0.0
4,17,random_initialization,27,4,6.794529417675221e-05,0.0
4,17,random_initialization,27,5,7.425308285746723e-05,0.0
4,17,random_initialization,27,6,6.99524671290419e-05,0.0
4,17,random_initialization,27,7,0.00011437109242251609,0.0
4,17,random_initialization,28,0,7.352068678301293e-05,0.0
4,17,random_initialization,28,1,8.491504058838473e-05,0.0
4,17,random_initialization,28,2,7.275641019077739e-05,0.0
4,17,random_initialization,28,3,6.931374718988081e-05,0.0
4,17,random_initialization,28,4,6.951046043468523e-05,0.0
4,17,random_initialization,28,5,7.068024615364266e-05,0.0
4,17,random_initialization,28,6,6.799180664529558e-05,0.0
4,17,random_initialization,28,7,6.895437036291696e-05,0.0
4,17,random_initialization,29,0,6.924975969013758e-05,0.0
4,17,random_initialization,29,1,6.732652491336921e-05,0.0
4,17,random_initialization,29,2,6.879554712213576e-05,0.0
4,17,random_initialization,29,3,6.814601510995999e-05,0.0
4,17,random_initialization,29,4,7.068317381708766e-05,0.0
4,17,random_initialization,29,5,7.224662704174989e-05,0.0
4,17,random_initialization,29,6,6.772836968593765e-05,0.0
4,17,random_initialization,29,7,7.00850223438465e-05,0.0
4,17,random_initialization,30,0,7.074109817040153e-05,0.0
4,17,random_initialization,30,1,6.720985766150989e-05,0.0
4,17,random_initialization,30,2,7.619875486852834e-05,0.0
4,17,random_initialization,30,3,8.982524877865217e-05,0.0
4,17,random_initialization,30,4,8.075503137661144e-05,0.0
4,17,random_initialization,30,5,7.025965533102863e-05,0.0
4,17,random_initialization,30,6,7.000654659350403e-05,0.0
4,17,random_initialization,30,7,7.257070410560118e-05,0.0
4,17,random_initialization,31,0,7.154936292863567e-05,0.0
4,17,random_initialization,31,1,6.953320234970306e-05,0.0
4,17,random_initialization,31,2,6.923220507815131e-05,0.0
4,17,random_initialization,31,3,7.158732933021383e-05,0.0
4,17,random_initialization,31,4,6.889859878356219e-05,0.0
4,17,random_initialization,31,5,6.962386441955459e-05,0.0
4,17,random_initialization,31,6,7.04077419868554e-05,0.0
4,17,random_initialization,31,7,6.848751127108699e-05,0.0
4,17,existing_80_step,0,0,4.3605543851299444e-05,-0.33410376181119134
4,17,existing_80_step,0,1,4.802675312021165e-05,-0.3050187375957657
4,17,existing_80_step,0,2,4.61719976101449e-05,-0.3079427489501407
4,17,existing_80_step,0,3,4.556064914140734e-05,-0.37263185321644837
4,17,existing_80_step,0,4,4.794220649273484e-05,-0.29726073804294545
4,17,existing_80_step,0,5,4.534104232334357e-05,-0.33100482128595365
4,17,existing_80_step,0,6,4.9128632781503256e-05,-0.3481739537940642
4,17,existing_80_step,0,7,4.310160466047819e-05,-0.43263917902656146
4,17,existing_80_step,1,0,6.045049030944938e-05,-0.11949064959479239
4,17,existing_80_step,1,1,5.994113894303155e-05,-0.14110244616983061
4,17,existing_80_step,1,2,5.3062726010466577e-05,-0.22014621485480101
4,17,existing_80_step,1,3,6.084412484597124e-05,-0.10905030309270329
4,17,existing_80_step,1,4,6.0291608178886236e-05,-0.1667743256359747
4,17,existing_80_step,1,5,6.134321847639512e-05,-0.09200171164823039
4,17,existing_80_step,1,6,6.0482278968265746e-05,-0.09999996887263295
4,17,existing_80_step,1,7,6.180728632898536e-05,-0.08249728640515326
4,17,existing_80_step,2,0,6.394998126779683e-05,-0.09705748054133212
4,17,existing_80_step,2,1,6.284844448600779e-05,-0.10514565175848267
4,17,existing_80_step,2,2,6.45277209514461e-05,-0.2069857401802018
4,17,existing_80_step,2,3,6.561686041095527e-05,-0.07352066387011293
4,17,existing_80_step,2,4,6.47465089969046e-05,-0.10103951833236814
4,17,existing_80_step,2,5,6.726905667164829e-05,-0.08292968261618944
4,17,existing_80_step,2,6,6.451463605117169e-05,-0.08541584327886731
4,17,existing_80_step,2,7,6.416670157705084e-05,-0.15404871789468402
4,17,existing_80_step,3,0,6.406788406820851e-05,-0.08962063125560531
4,17,existing_80_step,3,1,6.397529023161042e-05,-0.05036680751811836
4,17,existing_80_step,3,2,6.346437430693186e-05,-0.2592648843961362
4,17,existing_80_step,3,3,6.443965867219958e-05,-0.09494512969875497
4,17,existing_80_step,3,4,6.249676198422094e-05,-0.09973456575012007
4,17,existing_80_step,3,5,6.387942949004355e-05,-0.1181591415936749
4,17,existing_80_step,3,6,6.467685761890607e-05,-0.11832990483807908
4,17,existing_80_step,3,7,6.333642841127585e-05,-0.11017650449782329
4,17,existing_80_step,4,0,6.427437165257288e-05,-0.08533575278517948
4,17,existing_80_step,4,1,6.412685115719796e-05,-0.23832447416202732
4,17,existing_80_step,4,2,6.34485677437624e-05,-0.053574262981791326
4,17,existing_80_step,4,3,6.289693465078017e-05,-0.5006043723184783
4,17,existing_80_step,4,4,6.467581397373579e-05,-0.06503710413847028
4,17,existing_80_step,4,5,6.381743150996044e-05,-0.09284323361169025
4,17,existing_80_step,4,6,6.294380909821484e-05,-0.0948184727322067
4,17,existing_80_step,4,7,6.390445696524694e-05,-0.12717627236780493
4,17,existing_80_step,5,0,6.407528826457565e-05,-0.13528595450146214
4,17,existing_80_step,5,1,6.53897723168484e-05,-0.13792331406646474
4,17,existing_80_step,5,2,6.697500975860748e-05,-0.048721916544229436
4,17,existing_80_step,5,3,6.361888017636375e-05,-0.18085128035019105
4,17,existing_80_step,5,4,6.572579422936542e-05,-0.06993290668547883
4,17,existing_80_step,5,5,6.482516027972451e-05,-0.08081211691957127
4,17,existing_80_step,5,6,6.25313655291393e-05,-0.07602198021695003
4,17,existing_80_step,5,7,6.366097704813001e-05,-0.3347816964472287
4,17,existing_80_step,6,0,6.403871748261736e-05,-0.0827576641096783
4,17,existing_80_step,6,1,6.443455276894383e-05,-0.3879528667517259
4,17,existing_80_step,6,2,6.393268904503202e-05,-0.4136937689116428
4,17,existing_80_step,6,3,6.311590823315782e-05,-0.05984072640781812
4,17,existing_80_step,6,4,6.376368264682242e-05,-0.06221320881250243
4,17,existing_80_step,6,5,6.470217749665608e-05,-0.07033999483766128
4,17,existing_80_step,6,6,6.516506982734427e-05,-0.07991334076339592
4,17,existing_80_step,6,7,6.523538831970654e-05,-0.09777553837175161
4,17,existing_80_step,7,0,6.39924928691471e-05,-0.14933392711894217
4,17,existing_80_step,7,1,6.37837297290389e-05,-0.057148405930911736
4,17,existing_80_step,7,2,6.461904877141933e-05,-0.0633449572927478
4,17,existing_80_step,7,3,6.359827693813713e-05,-0.11075955260629834
4,17,existing_80_step,7,4,6.333582405204652e-05,-0.26469301755296665
4,17,existing_80_step,7,5,6.473708845078363e-05,-0.07675361774746396
4,17,existing_80_step,7,6,6.517776364489691e-05,-0.05639765226611243
4,17,existing_80_step,7,7,6.353576009132667e-05,-0.08387199123307458
4,17,existing_80_step,8,0,6.586191739188507e-05,-0.13017188517594566
4,17,existing_80_step,8,1,6.399431867976091e-05,-0.06731521527101272
4,17,existing_80_step,8,2,6.628723940593773e-05,-0.03516072188768548
4,17,existing_80_step,8,3,6.507166335723014e-05,-0.14252177603585137
4,17,existing_80_step,8,4,6.471921096817823e-05,-0.05246630047804433
4,17,existing_80_step,8,5,6.300312270468567e-05,-0.5448501866045702
4,17,existing_80_step,8,6,6.532959469041089e-05,-0.22821493281770003
4,17,existing_80_step,8,7,6.702264545310754e-05,-0.025050403596233905
4,17,existing_80_step,9,0,6.700770654788357e-05,-0.026930941555117396
4,17,existing_80_step,9,1,6.376540704877698e-05,-0.13550717383308097
4,17,existing_80_step,9,2,6.314989332167897e-05,-0.05109522628236953
4,17,existing_80_step,9,3,6.619507848881767e-05,-0.08229617452379531
4,17,existing_80_step,9,4,6.526859669975238e-05,-0.05670867654780306
4,17,existing_80_step,9,5,6.553826733579626e-05,-0.05162470600203967
4,17,existing_80_step,9,6,6.556635480592377e-05,-0.06817451340466384
4,17,existing_80_step,9,7,6.633215616602683e-05,-0.0668742864464116
4,17,existing_80_step,10,0,6.696384025417501e-05,-0.03298003716224052
4,17,existing_80_step,10,1,6.581134084626683e-05,-0.03522168549232316
4,17,existing_80_step,10,2,6.420187901312602e-05,-0.06466640283962241
4,17,existing_80_step,10,3,6.541292214023997e-05,-0.12990490506566282
4,17,existing_80_step,10,4,6.62333377476898e-05,-0.10210634303480512
4,17,existing_80_step,10,5,6.559380744874943e-05,-0.06985257354049039
4,17,existing_80_step,10,6,6.505492592623341e-05,-0.13754827757640695
4,17,existing_80_step,10,7,6.593422767764423e-05,-0.04691264818340765
4,17,existing_80_step,11,0,6.57333007438865e-05,-0.10485004143230625
4,17,existing_80_step,11,1,6.751393084414303e-05,-0.0450569915227405
4,17,existing_80_step,11,2,6.500532845166163e-05,-0.09135682244351409
4,17,existing_80_step,11,3,6.683219226033543e-05,-0.08199999269175637
4,17,existing_80_step,11,4,6.427713105949806e-05,-0.06968878555937415
4,17,existing_80_step,11,5,6.560909059771802e-05,-0.0811613394784754
4,17,existing_80_step,11,6,6.572619849976036e-05,-0.07422417614013165
4,17,existing_80_step,11,7,6.510749335575383e-05,-0.04278517425664681
4,17,existing_80_step,12,0,6.389979216692154e-05,-0.10450347597021849
4,17,existing_80_step,12,1,6.543210520248977e-05,-0.11437101826024663
4,17,existing_80_step,12,2,6.487489736173302e-05,-0.13517273717461128
4,17,existing_80_step,12,3,6.467847106250701e-05,-0.07882811078018905
4,17,existing_80_step,12,4,6.395891296051559e-05,-0.060432708637852744
4,17,existing_80_step,12,5,6.340383833958185e-05,-0.24401478900840623
4,17,existing_80_step,12,6,6.418048360501416e-05,-0.1430649326072099
4,17,existing_80_step,12,7,6.441356026698486e-05,-0.06149678638970707
4,17,existing_80_step,13,0,6.774295934519614e-05,-0.07791594206303837
4,17,existing_80_step,13,1,6.655084234807873e-05,-0.06834518551935218
4,17,existing_80_step,13,2,6.75918104207085e-05,-0.026540989677635508
4,17,existing_80_step,13,3,6.664078864559997e-05,-0.07297118892845622
4,17,existing_80_step,13,4,6.6941879595106e-05,-0.09561582829009198
4,17,existing_80_step,13,5,6.696846003251267e-05,-0.0989256245420789
4,17,existing_80_step,13,6,6.601411996598472e-05,-0.08625722008006595
4,17,existing_80_step,13,7,6.48873242425907e-05,-0.057112177876541895
4,17,existing_80_step,14,0,6.674141604889883e-05,-0.20371966827354607
4,17,existing_80_step,14,1,6.657182711933274e-05,-0.0630867743795093
4,17,existing_80_step,14,2,6.337020749924704e-05,-0.08832116245362438
4,17,existing_80_step,14,3,6.658519623670145e-05,-0.04801722695243974
4,17,existing_80_step,14,4,6.602204939554213e-05,-0.07050409498250268
4,17,existing_80_step,14,5,6.678723912045825e-05,-0.034599860532789566
4,17,existing_80_step,14,6,6.404165696949349e-05,-0.05471245823034535
4,17,existing_80_step,14,7,6.696337777611916e-05,-0.07709078411996748
4,17,existing_80_step,15,0,6.592980480490951e-05,-0.10917517318224358
4,17,existing_80_step,15,1,6.39244967715058e-05,-0.16058264575460843
4,17,existing_80_step,15,2,6.546747317770496e-05,-0.0634467310653787
4,17,existing_80_step,15,3,6.547188650074531e-05,-0.0279081341992911
4,17,existing_80_step,15,4,6.6021191287291e-05,-0.09507116797835682
4,17,existing_80_step,15,5,6.614715812247596e-05,-0.11914828898719923
4,17,existing_80_step,15,6,6.580238687092788e-05,-0.05071117128262617
4,17,existing_80_step,15,7,6.504857901745709e-05,-0.04450574231701416
4,17,existing_80_step,16,0,6.608529747609282e-05,-0.03544948706085001
4,17,existing_80_step,16,1,6.439462822527275e-05,-0.08881643905805488
4,17,existing_80_step,16,2,6.618925226575811e-05,-0.03799235964041679
4,17,existing_80_step,16,3,6.315855080174515e-05,-0.0854577833982014
4,17,existing_80_step,16,4,6.592079989786725e-05,-0.17415878890484401
4,17,existing_80_step,16,5,6.496809464806574e-05,-0.05532946449559474
4,17,existing_80_step,16,6,6.661063753199414e-05,-0.17103647765471203
4,17,existing_80_step,16,7,6.298922244241112e-05,-0.06360093538796283
4,17,existing_80_step,17,0,6.540207232319517e-05,-0.05543773466953346
4,17,existing_80_step,17,1,6.503191207229975e-05,-0.09341731615576834
4,17,existing_80_step,17,2,6.463992076533032e-05,-0.2988424336545003
4,17,existing_80_step,17,3,6.44362817183719e-05,-0.042975751443676165
4,17,existing_80_step,17,4,6.464924172178144e-05,-0.09148605546192226
4,17,existing_80_step,17,5,6.641048457822762e-05,-0.03551273465797469
4,17,existing_80_step,17,6,6.691324006169452e-05,-0.04227851242106705
4,17,existing_80_step,17,7,6.652186038991204e-05,-0.047057087333832
4,17,existing_80_step,18,0,6.608588864764897e-05,-0.0647519005596523
4,17,existing_80_step,18,1,6.57126761325344e-05,-0.069780384059748
4,17,existing_80_step,18,2,6.608526473428356e-05,-0.0939648501737376
4,17,existing_80_step,18,3,6.545869064211729e-05,-0.09576212145840667
4,17,existing_80_step,18,4,6.562476573890308e-05,-0.05018725760538915
4,17,existing_80_step,18,5,6.65799866510497e-05,-0.08956775141683983
4,17,existing_80_step,18,6,6.388074507412966e-05,-0.08864088776441452
4,17,existing_80_step,18,7,6.513190419354942e-05,-0.18496386164590037
4,17,existing_80_step,19,0,6.575347288162448e-05,-0.053535156754478994
4,17,existing_80_step,19,1,6.437314914364833e-05,-0.11843446104301363
4,17,existing_80_step,19,2,6.53015431453241e-05,-0.19462685893144094
4,17,existing_80_step,19,3,6.649623310295283e-05,-0.02630167679650302
4,17,existing_80_step,19,4,6.443629899877124e-05,-0.11299582138710337
4,17,existing_80_step,19,5,6.474697420344455e-05,-0.047909821517322926
4,17,existing_80_step,19,6,6.471049482570379e-05,-0.03702664686156609
4,17,existing_80_step,19,7,6.393862349796109e-05,-0.07657254250409178
4,17,existing_80_step,20,0,6.622396176680923e-05,-0.10139631066090353
4,17,existing_80_step,20,1,6.443760321417358e-05,-0.10368199070187277
4,17,existing_80_step,20,2,6.513224388982053e-05,-0.14364498184263785
4,17,existing_80_step,20,3,6.603472593269544e-05,-0.21499343270392246
4,17,existing_80_step,20,4,6.428804272218258e-05,-0.05338277138697483
4,17,existing_80_step,20,5,6.450544879044173e-05,-0.11884619992661616
4,17,existing_80_step,20,6,6.671206847386202e-05,-0.0391392094564259
4,17,existing_80_step,20,7,6.504781140392879e-05,-0.060759560313685616
4,17,existing_80_step,21,0,6.640952915404341e-05,-0.12564742601154993
4,17,existing_80_step,21,1,6.3229315856006e-05,-0.1515126144170719
4,17,existing_80_step,21,2,6.516424400615506e-05,-0.08598994196388977
4,17,existing_80_step,21,3,6.602687517442973e-05,-0.14930534699160403
4,17,existing_80_step,21,4,6.380545846695895e-05,-0.10494397999581374
4,17,existing_80_step,21,5,6.521827617689269e-05,-0.04984197788843217
4,17,existing_80_step,21,6,6.557466940648737e-05,-0.05328300789669734
4,17,existing_80_step,21,7,6.598656682399451e-05,-0.35977513531482525
4,17,existing_80_step,22,0,6.623144918194157e-05,-0.051812985794938274
4,17,existing_80_step,22,1,6.367568175846827e-05,-0.07432291434116896
4,17,existing_80_step,22,2,6.518255304399645e-05,-0.0701004071077419
4,17,existing_80_step,22,3,6.653414129687008e-05,-0.08379860421272313
4,17,existing_80_step,22,4,6.46202897769399e-05,-0.07869234374426215
4,17,existing_80_step,22,5,6.512237177958013e-05,-0.1349225898407501
4,17,existing_80_step,22,6,6.485626590801985e-05,-0.07069555982735425
4,17,existing_80_step,22,7,6.623475474043516e-05,-0.14761816209906733
4,17,existing_80_step,23,0,6.389350346580613e-05,-0.08287853553933223
4,17,existing_80_step,23,1,6.593881971639348e-05,-0.13137197396714564
4,17,existing_80_step,23,2,6.460786607931368e-05,-0.13117553526233
4,17,existing_80_step,23,3,6.664630609520827e-05,-0.11432899028734263
4,17,existing_80_step,23,4,6.455949687733664e-05,-0.0537024358492019
4,17,existing_80_step,23,5,6.588234964510775e-05,-0.03000635571358485
4,17,existing_80_step,23,6,6.616744803977781e-05,-0.31417787324112434
4,17,existing_80_step,23,7,6.349242948999745e-05,-0.18927446573568096
4,17,existing_80_step,24,0,6.496152900581365e-05,-0.06353464269693586
4,17,existing_80_step,24,1,6.416676160370116e-05,-0.0733130280874859
4,17,existing_80_step,24,2,6.376991586876102e-05,-0.05989108330386433
4,17,existing_80_step,24,3,6.341065181914018e-05,-0.1864375485330239
4,17,existing_80_step,24,4,6.586427070942591e-05,-0.08123657306497277
4,17,existing_80_step,24,5,6.614654330405756e-05,-0.033327938557479383
4,17,existing_80_step,24,6,6.574192366315401e-05,-0.07824788672345903
4,17,existing_80_step,24,7,6.380868308042409e-05,-0.07284677727566104
4,17,existing_80_step,25,0,6.389562349795597e-05,-0.09939556009095474
4,17,existing_80_step,25,1,6.623984563702834e-05,-0.20593406613055568
4,17,existing_80_step,25,2,6.405323847502586e-05,-0.053484466462774716
4,17,existing_80_step,25,3,6.643403139605653e-05,-0.04497625112720634
4,17,existing_80_step,25,4,6.465474507422186e-05,-0.07370523650385817
4,17,existing_80_step,25,5,6.318624718915089e-05,-0.07978611395740902
4,17,existing_80_step,25,6,6.423128616006579e-05,-0.052387195952367724
4,17,existing_80_step,25,7,6.357331176332082e-05,-0.06498446410528491
4,17,existing_80_step,26,0,6.58074523016694e-05,-0.13130980644249782
4,17,existing_80_step,26,1,6.4952298089338e-05,-0.2772926160252912
4,17,existing_80_step,26,2,6.437345700760488e-05,-0.04843645769506856
4,17,existing_80_step,26,3,6.568918161065085e-05,-0.04502595780495652
4,17,existing_80_step,26,4,6.511809215226094e-05,-0.16979642108405493
4,17,existing_80_step,26,5,6.382849733199691e-05,-0.08850861269220278
4,17,existing_80_step,26,6,6.515773611681652e-05,-0.24577332844360883
4,17,existing_80_step,26,7,6.610207856283523e-05,-0.05303272474684962
4,17,existing_80_step,27,0,6.491710291811614e-05,-0.16124765527175228
4,17,existing_80_step,27,1,6.667052730335854e-05,-0.0627383987937387
4,17,existing_80_step,27,2,6.432654254240333e-05,-0.08874942912187535
4,17,existing_80_step,27,3,6.387030816767947e-05,-0.08015046357695005
4,17,existing_80_step,27,4,6.551791057063383e-05,-0.03572555885627357
4,17,existing_80_step,27,5,6.553084085680894e-05,-0.117466395535403
4,17,existing_80_step,27,6,6.46211851744738e-05,-0.07621292247968112
4,17,existing_80_step,27,7,6.490797886726796e-05,-0.4324791562934341
4,17,existing_80_step,28,0,6.553593402713886e-05,-0.10860552458439438
4,17,existing_80_step,28,1,6.370237724695471e-05,-0.24981043634255334
4,17,existing_80_step,28,2,6.414372910512611e-05,-0.11837693837653111
4,17,existing_80_step,28,3,6.540183721881476e-05,-0.0564377216593068
4,17,existing_80_step,28,4,6.526353581648436e-05,-0.06109763324314968
4,17,existing_80_step,28,5,6.535574539157096e-05,-0.07533223286316022
4,17,existing_80_step,28,6,6.51337190902268e-05,-0.04203576424993454
4,17,existing_80_step,28,7,6.506156341856695e-05,-0.05645482547170832
4,17,existing_80_step,29,0,6.48372092655336e-05,-0.06371936082302976
4,17,existing_80_step,29,1,6.399078620233922e-05,-0.04954568374533174
4,17,existing_80_step,29,2,6.56030028949317e-05,-0.046406262625343885
4,17,existing_80_step,29,3,6.39312643215817e-05,-0.061848822437781587
4,17,existing_80_step,29,4,6.447786972785252e-05,-0.08779039980990509
4,17,existing_80_step,29,5,6.574099643330555e-05,-0.09004753404868106
4,17,existing_80_step,29,6,6.209212074281822e-05,-0.08321843518831479
4,17,existing_80_step,29,7,6.46824100840604e-05,-0.07708654544305017
4,17,existing_80_step,30,0,6.588273981833481e-05,-0.06867801713176515
4,17,existing_80_step,30,1,6.425306219171034e-05,-0.04399347912163276
4,17,existing_80_step,30,2,6.508757587653236e-05,-0.14581837998753353
4,17,existing_80_step,30,3,6.582382866326952e-05,-0.2672012651423551
4,17,existing_80_step,30,4,6.454231561292545e-05,-0.20076415657714147
4,17,existing_80_step,30,5,6.495151046692627e-05,-0.07555039715314593
4,17,existing_80_step,30,6,6.587360167031875e-05,-0.05903654906995195
4,17,existing_80_step,30,7,6.514449250971666e-05,-0.10233070889154225
4,17,existing_80_step,31,0,6.355646655720193e-05,-0.11171163577523352
4,17,existing_80_step,31,1,6.332930615826626e-05,-0.08922206919559905
4,17,existing_80_step,31,2,6.421805255740765e-05,-0.07242514542305195
4,17,existing_80_step,31,3,6.357758365993504e-05,-0.11188775646779481
4,17,existing_80_step,31,4,6.444872860811302e-05,-0.06458578627161901
4,17,existing_80_step,31,5,6.484224513769732e-05,-0.06867787822065083
4,17,existing_80_step,31,6,6.336470278256456e-05,-0.10003216983731303
4,17,existing_80_step,31,7,6.491790463769576e-05,-0.05212054821589339
4,17,selected_horizon,0,0,3.7546981275227154e-05,-0.42662351209789284
4,17,selected_horizon,0,1,4.0322502854905906e-05,-0.41650471629306446
4,17,selected_horizon,0,2,3.943469437217573e-05,-0.40892602452177845
4,17,selected_horizon,0,3,3.821895461442182e-05,-0.47372666587704726
4,17,selected_horizon,0,4,3.7758368989671e-05,-0.4465359377957596
4,17,selected_horizon,0,5,3.861141681227309e-05,-0.4302986793616276
4,17,selected_horizon,0,6,4.118825108889723e-05,-0.4535248929719611
4,17,selected_horizon,0,7,3.424217106839933e-05,-0.5492588630442784
4,17,selected_horizon,1,0,5.6896751402746304e-05,-0.17125367616798973
4,17,selected_horizon,1,1,5.691549631592352e-05,-0.18445692853389128
4,17,selected_horizon,1,2,3.9534115330752684e-05,-0.4189738861706244
4,17,selected_horizon,1,3,5.724665788875427e-05,-0.1617285543335657
4,17,selected_horizon,1,4,5.643272788802278e-05,-0.22010377279725862
4,17,selected_horizon,1,5,5.870768177373975e-05,-0.1310127527109062
4,17,selected_horizon,1,6,5.664451327902498e-05,-0.15710742743232933
4,17,selected_horizon,1,7,5.8965548078049324e-05,-0.12468167454803397
4,17,selected_horizon,2,0,6.309622904154821e-05,-0.10911204523204247
4,17,selected_horizon,2,1,6.192049227138341e-05,-0.1183581040476057
4,17,selected_horizon,2,2,6.331606027742964e-05,-0.22187645967858485
4,17,selected_horizon,2,3,6.474670044553932e-05,-0.08580691502623769
4,17,selected_horizon,2,4,6.346686313918326e-05,-0.11880651572640767
4,17,selected_horizon,2,5,6.587689449588652e-05,-0.10190884884127005
4,17,selected_horizon,2,6,6.405176509360899e-05,-0.0919776790157597
4,17,selected_horizon,2,7,6.246486327654566e-05,-0.17648515699572692
4,17,selected_horizon,3,0,6.306133036559913e-05,-0.10392336245573817
4,17,selected_horizon,3,1,6.369855918819667e-05,-0.05447453384908844
4,17,selected_horizon,3,2,6.254697063923231e-05,-0.2699725155556639
4,17,selected_horizon,3,3,6.342159940686543e-05,-0.10924376993571042
4,17,selected_horizon,3,4,6.1006603800706216e-05,-0.1212002843184133
4,17,selected_horizon,3,5,6.31867414995213e-05,-0.1277215402726596
4,17,selected_horizon,3,6,6.364149021464982e-05,-0.13244395600638006
4,17,selected_horizon,3,7,6.220969908099505e-05,-0.12600610298173137
4,17,selected_horizon,4,0,6.369211496348726e-05,-0.09362162727162385
4,17,selected_horizon,4,1,6.348765509756049e-05,-0.2459166135865012
4,17,selected_horizon,4,2,6.276428166529513e-05,-0.063781364247814
4,17,selected_horizon,4,3,6.244698033697205e-05,-0.5041769664078379
4,17,selected_horizon,4,4,6.386569384631002e-05,-0.07674831755499238
4,17,selected_horizon,4,5,6.285962354013463e-05,-0.10645835349617697
4,17,selected_horizon,4,6,6.236933040781878e-05,-0.10307992855773693
4,17,selected_horizon,4,7,6.305996794253588e-05,-0.13871052352571692
4,17,selected_horizon,5,0,6.329043208097573e-05,-0.14587780955255264
4,17,selected_horizon,5,1,6.524951322717243e-05,-0.1397724425603524
4,17,selected_horizon,5,2,6.576885698450496e-05,-0.0658534810402786
4,17,selected_horizon,5,3,6.291911722655641e-05,-0.18986134030101076
4,17,selected_horizon,5,4,6.390757607732667e-05,-0.0956619966341985
4,17,selected_horizon,5,5,6.414201334337122e-05,-0.09049879387570783
4,17,selected_horizon,5,6,6.124817105046532e-05,-0.09498276067278735
4,17,selected_horizon,5,7,6.275969826674554e-05,-0.34419950889342166
4,17,selected_horizon,6,0,6.324659807432909e-05,-0.09410338565008255
4,17,selected_horizon,6,1,6.310902972472832e-05,-0.4005436669420495
4,17,selected_horizon,6,2,6.322278386505786e-05,-0.4202040821288387
4,17,selected_horizon,6,3,6.28242114544264e-05,-0.06418577093428252
4,17,selected_horizon,6,4,6.142319944046903e-05,-0.09663522060362573
4,17,selected_horizon,6,5,6.373078122123843e-05,-0.08429730356140737
4,17,selected_horizon,6,6,6.398865980372648e-05,-0.09652345368724881
4,17,selected_horizon,6,7,6.449381271522725e-05,-0.10803174543576106
4,17,selected_horizon,7,0,6.330786209218786e-05,-0.1584348723751351
4,17,selected_horizon,7,1,6.353394883262808e-05,-0.06084066910444203
4,17,selected_horizon,7,2,6.400061965905479e-05,-0.07230910575463936
4,17,selected_horizon,7,3,6.296854326137691e-05,-0.11956458134954318
4,17,selected_horizon,7,4,6.27995609647769e-05,-0.2709188462747011
4,17,selected_horizon,7,5,6.384976768458728e-05,-0.08940812085986667
4,17,selected_horizon,7,6,6.443458050853224e-05,-0.06715698663190345
4,17,selected_horizon,7,7,6.326353332042345e-05,-0.08779725425349226
4,17,selected_horizon,8,0,6.504511202365393e-05,-0.1409593068265975
4,17,selected_horizon,8,1,6.298736070675659e-05,-0.08199111775201995
4,17,selected_horizon,8,2,6.543996187247103e-05,-0.04749321078112945
4,17,selected_horizon,8,3,6.387733947121887e-05,-0.1582599126037267
4,17,selected_horizon,8,4,6.349937621052959e-05,-0.07032551914634047
4,17,selected_horizon,8,5,6.204514284036122e-05,-0.5517708651005809
4,17,selected_horizon,8,6,6.412016364265583e-05,-0.2425028038333916
4,17,selected_horizon,8,7,6.626741378568113e-05,-0.036036433830804224
4,17,selected_horizon,9,0,6.628833489230601e-05,-0.03737747577673825
4,17,selected_horizon,9,1,6.303491363723879e-05,-0.14541076173543527
4,17,selected_horizon,9,2,6.241441042220686e-05,-0.06214676093408668
4,17,selected_horizon,9,3,6.530529344672686e-05,-0.09463182175950605
4,17,selected_horizon,9,4,6.430498660847661e-05,-0.07063520606203207
4,17,selected_horizon,9,5,6.472536688306718e-05,-0.063387829093134
4,17,selected_horizon,9,6,6.409482057279092e-05,-0.08908787829873936
4,17,selected_horizon,9,7,6.499677965621231e-05,-0.08565965738271135
4,17,selected_horizon,10,0,6.56399893159687e-05,-0.05209767259365798
4,17,selected_horizon,10,1,6.423741706385044e-05,-0.05829502687143845
4,17,selected_horizon,10,2,6.356363655868336e-05,-0.07396472276344072
4,17,selected_horizon,10,3,6.444566088248393e-05,-0.142771006263362
4,17,selected_horizon,10,4,6.57422488075099e-05,-0.10876380073492953
4,17,selected_horizon,10,5,6.435113482439192e-05,-0.08747418735488806
4,17,selected_horizon,10,6,6.480216188720078e-05,-0.14089924259137943
4,17,selected_horizon,10,7,6.528245057779714e-05,-0.05633416614074307
4,17,selected_horizon,11,0,6.453105288528604e-05,-0.12122214063674776
4,17,selected_horizon,11,1,6.62421580273076e-05,-0.06304543545754938
4,17,selected_horizon,11,2,6.398629784598597e-05,-0.10560081181520024
4,17,selected_horizon,11,3,6.518586678794236e-05,-0.10461374729973671
4,17,selected_horizon,11,4,6.323559409793233e-05,-0.08476340851823178
4,17,selected_horizon,11,5,6.52626586088445e-05,-0.08601303154916877
4,17,selected_horizon,11,6,6.505138890133821e-05,-0.08372909847228334
4,17,selected_horizon,11,7,6.484483310487121e-05,-0.046646823251556106
4,17,selected_horizon,12,0,6.342567530737142e-05,-0.11114778552606136
4,17,selected_horizon,12,1,6.42505551695649e-05,-0.13036339615020637
4,17,selected_horizon,12,2,6.400367738024215e-05,-0.1467867022451127
4,17,selected_horizon,12,3,6.400566326192347e-05,-0.08841045901081439
4,17,selected_horizon,12,4,6.298366224655183e-05,-0.07475930721972057
4,17,selected_horizon,12,5,6.315324799288646e-05,-0.2470026616842582
4,17,selected_horizon,12,6,6.361999976434163e-05,-0.15054848883491276
4,17,selected_horizon,12,7,6.353466324071633e-05,-0.07430228386829192
4,17,selected_horizon,13,0,6.706575595671893e-05,-0.08713370365083366
4,17,selected_horizon,13,1,6.565755074916524e-05,-0.08085050310060887
4,17,selected_horizon,13,2,6.675317899862421e-05,-0.038618981213682506
4,17,selected_horizon,13,3,6.597566880373051e-05,-0.08222355926739945
4,17,selected_horizon,13,4,6.595101785933366e-05,-0.10900236113926857
4,17,selected_horizon,13,5,6.590641260117991e-05,-0.11321569072293845
4,17,selected_horizon,13,6,6.492768625321332e-05,-0.10129522954558623
4,17,selected_horizon,13,7,6.423807462851983e-05,-0.06654652521281194
4,17,selected_horizon,14,0,6.541894344991306e-05,-0.21949786091854476
4,17,selected_horizon,14,1,6.607278555748053e-05,-0.07011014537089763
4,17,selected_horizon,14,2,6.28743810011656e-05,-0.09545439655895614
4,17,selected_horizon,14,3,6.590356952074217e-05,-0.05776258970447667
4,17,selected_horizon,14,4,6.559967869179673e-05,-0.07645046961226715
4,17,selected_horizon,14,5,6.618454153795028e-05,-0.043311769242780185
4,17,selected_horizon,14,6,6.35175952083955e-05,-0.06244787728922087
4,17,selected_horizon,14,7,6.673777625110233e-05,-0.08020009152752887
4,17,selected_horizon,15,0,6.549803174493718e-05,-0.11500916833075919
4,17,selected_horizon,15,1,6.394696902134456e-05,-0.1602875539282149
4,17,selected_horizon,15,2,6.429835457311128e-05,-0.080171706045433
4,17,selected_horizon,15,3,6.44614960947365e-05,-0.04290987536575434
4,17,selected_horizon,15,4,6.528927542603924e-05,-0.10510327664750427
4,17,selected_horizon,15,5,6.531908593387925e-05,-0.13017535084247916
4,17,selected_horizon,15,6,6.435417526517995e-05,-0.07160359121341056
4,17,selected_horizon,15,7,6.426016352634178e-05,-0.05608672511183912
4,17,selected_horizon,16,0,6.502951100628707e-05,-0.05085925927794198
4,17,selected_horizon,16,1,6.366101206367603e-05,-0.09919710286357897
4,17,selected_horizon,16,2,6.521689192595659e-05,-0.05212483650109937
4,17,selected_horizon,16,3,6.260565851334832e-05,-0.09346371976871276
4,17,selected_horizon,16,4,6.46145444989088e-05,-0.1905232678302634
4,17,selected_horizon,16,5,6.4606544583512e-05,-0.06058659409041813
4,17,selected_horizon,16,6,6.597261744900607e-05,-0.1789765814416904
4,17,selected_horizon,16,7,6.280769684963161e-05,-0.06629949854989556
4,17,selected_horizon,17,0,6.517020801766193e-05,-0.058786409503588766
4,17,selected_horizon,17,1,6.414093832063372e-05,-0.1058380085401801
4,17,selected_horizon,17,2,6.342568030959228e-05,-0.31201345665117713
4,17,selected_horizon,17,3,6.44117867523164e-05,-0.04333955698703658
4,17,selected_horizon,17,4,6.39911595499143e-05,-0.1007340653978495
4,17,selected_horizon,17,5,6.520760780404089e-05,-0.0529822552893473
4,17,selected_horizon,17,6,6.559226085300907e-05,-0.061185535480130074
4,17,selected_horizon,17,7,6.547366592712933e-05,-0.062072745022145485
4,17,selected_horizon,18,0,6.478761861217208e-05,-0.08312502995364297
4,17,selected_horizon,18,1,6.494631816167384e-05,-0.08062884221550567
4,17,selected_horizon,18,2,6.477959504991304e-05,-0.11186570345561213
4,17,selected_horizon,18,3,6.45623508717108e-05,-0.10814404301067379
4,17,selected_horizon,18,4,6.45720720058307e-05,-0.06542330317832386
4,17,selected_horizon,18,5,6.527938830913627e-05,-0.10735247521286215
4,17,selected_horizon,18,6,6.354910101435962e-05,-0.09337231091139711
4,17,selected_horizon,18,7,6.44399510747462e-05,-0.19362270257576988
4,17,selected_horizon,19,0,6.520273518617614e-05,-0.06146255349488108
4,17,selected_horizon,19,1,6.374177655743551e-05,-0.1270808659750658
4,17,selected_horizon,19,2,6.498742277472047e-05,-0.1985009497623983
4,17,selected_horizon,19,3,6.533208943437785e-05,-0.04334812717669891
4,17,selected_horizon,19,4,6.411716958609759e-05,-0.11738882854235917
4,17,selected_horizon,19,5,6.362524209180265e-05,-0.06440464833389521
4,17,selected_horizon,19,6,6.387885787262348e-05,-0.049402448150964784
4,17,selected_horizon,19,7,6.400402889994439e-05,-0.07562793123854175
4,17,selected_horizon,20,0,6.548402552652988e-05,-0.1114366256413336
4,17,selected_horizon,20,1,6.361662917697686e-05,-0.1151016242388283
4,17,selected_horizon,20,2,6.433938506233972e-05,-0.15406944436771405
4,17,selected_horizon,20,3,6.497769754787441e-05,-0.22755915796715137
4,17,selected_horizon,20,4,6.375627754096058e-05,-0.06121281350377397
4,17,selected_horizon,20,5,6.42433951725252e-05,-0.12242589041137332
4,17,selected_horizon,20,6,6.546524809891707e-05,-0.057097291682654934
4,17,selected_horizon,20,7,6.420675117624342e-05,-0.07290382406375194
4,17,selected_horizon,21,0,6.562629005202325e-05,-0.13595960761595804
4,17,selected_horizon,21,1,6.276720250752987e-05,-0.15771380988444675
4,17,selected_horizon,21,2,6.437773117795587e-05,-0.09702176849256995
4,17,selected_horizon,21,3,6.50679248792585e-05,-0.16166052640071407
4,17,selected_horizon,21,4,6.294851345955976e-05,-0.11696511119859898
4,17,selected_horizon,21,5,6.479143075921456e-05,-0.056060642679700116
4,17,selected_horizon,21,6,6.493343107649707e-05,-0.06254071713845685
4,17,selected_horizon,21,7,6.548812052642461e-05,-0.3646112364907766
4,17,selected_horizon,22,0,6.491198610092397e-05,-0.07070276964531205
4,17,selected_horizon,22,1,6.307081639533862e-05,-0.0831160672544216
4,17,selected_horizon,22,2,6.474586371041369e-05,-0.07633025258870843
4,17,selected_horizon,22,3,6.541149923577905e-05,-0.0992578286543782
4,17,selected_horizon,22,4,6.30340496172721e-05,-0.10130776699301053
4,17,selected_horizon,22,5,6.439228536692099e-05,-0.14462096607915473
4,17,selected_horizon,22,6,6.427688094845507e-05,-0.07899737936559899
4,17,selected_horizon,22,7,6.509778631880181e-05,-0.16224992508611322
4,17,selected_horizon,23,0,6.350435114654829e-05,-0.08846439209088326
4,17,selected_horizon,23,1,6.526915967697278e-05,-0.14019356769079663
4,17,selected_horizon,23,2,6.43327593934373e-05,-0.13487507579209887
4,17,selected_horizon,23,3,6.508879187094863e-05,-0.13502698956837178
4,17,selected_horizon,23,4,6.387298208210268e-05,-0.06376520445654893
4,17,selected_horizon,23,5,6.467803541454487e-05,-0.047737616903605715
4,17,selected_horizon,23,6,6.454778667830396e-05,-0.33096557826017525
4,17,selected_horizon,23,7,6.309567697826424e-05,-0.19434054045717655
4,17,selected_horizon,24,0,6.389395275618881e-05,-0.07892449249501736
4,17,selected_horizon,24,1,6.343028917399351e-05,-0.08394905503860235
4,17,selected_horizon,24,2,6.339637957353261e-05,-0.06539783044426457
4,17,selected_horizon,24,3,6.266694254009053e-05,-0.1959793830179951
4,17,selected_horizon,24,4,6.484906862169737e-05,-0.09539797710249721
4,17,selected_horizon,24,5,6.515296763609513e-05,-0.047848150667935296
4,17,selected_horizon,24,6,6.488444341812283e-05,-0.09027041639569863
4,17,selected_horizon,24,7,6.308873707894236e-05,-0.08330774000419713
4,17,selected_horizon,25,0,6.309842410701094e-05,-0.11063203094252791
4,17,selected_horizon,25,1,6.49364483251702e-05,-0.2215588519930546
4,17,selected_horizon,25,2,6.340195250231773e-05,-0.06310852770650881
4,17,selected_horizon,25,3,6.492759257525904e-05,-0.06663209256649198
4,17,selected_horizon,25,4,6.442530821004766e-05,-0.07699232959491539
4,17,selected_horizon,25,5,6.17010164205567e-05,-0.10141629517622264
4,17,selected_horizon,25,6,6.383301524692797e-05,-0.05826294030269315
4,17,selected_horizon,25,7,6.27283861831529e-05,-0.07741135397808308
4,17,selected_horizon,26,0,6.47969654892222e-05,-0.14464872101813156
4,17,selected_horizon,26,1,6.356199537549401e-05,-0.29276215392944843
4,17,selected_horizon,26,2,6.357894062603009e-05,-0.06018093838034996
4,17,selected_horizon,26,3,6.51428217679495e-05,-0.05296881010855346
4,17,selected_horizon,26,4,6.447007854148978e-05,-0.17805807619505745
4,17,selected_horizon,26,5,6.36095992376795e-05,-0.09163454759602181
4,17,selected_horizon,26,6,6.435572186092031e-05,-0.25505696195845184
4,17,selected_horizon,26,7,6.501542475234601e-05,-0.0685999447259349
4,17,selected_horizon,27,0,6.428880851672147e-05,-0.16936544517088142
4,17,selected_horizon,27,1,6.537476838275325e-05,-0.08095432012848171
4,17,selected_horizon,27,2,6.312623690973851e-05,-0.10575297306756527
4,17,selected_horizon,27,3,6.287021233220003e-05,-0.09455367716767306
4,17,selected_horizon,27,4,6.451684657804435e-05,-0.05045894112680022
4,17,selected_horizon,27,5,6.540759613926639e-05,-0.11912618813659537
4,17,selected_horizon,27,6,6.447117721108953e-05,-0.07835734953909487
4,17,selected_horizon,27,7,6.40381495031761e-05,-0.44008448160482033
4,17,selected_horizon,28,0,6.488660119430278e-05,-0.11743749911086343
4,17,selected_horizon,28,1,6.315747987173381e-05,-0.25622740760518536
4,17,selected_horizon,28,2,6.344644771161256e-05,-0.1279607178907372
4,17,selected_horizon,28,3,6.491442036349326e-05,-0.0634697589546827
4,17,selected_horizon,28,4,6.420610179702635e-05,-0.07631022157655054
4,17,selected_horizon,28,5,6.428991900975234e-05,-0.09041178393746975
4,17,selected_horizon,28,6,6.416514861484757e-05,-0.05628116414689778
4,17,selected_horizon,28,7,6.451407170970924e-05,-0.06439473857621753
4,17,selected_horizon,29,0,6.397911965905223e-05,-0.07611058947596586
4,17,selected_horizon,29,1,6.3409610902454e-05,-0.058177872925347054
4,17,selected_horizon,29,2,6.523472529806895e-05,-0.0517594811441084
4,17,selected_horizon,29,3,6.339169294733438e-05,-0.06976669369374083
4,17,selected_horizon,29,4,6.375630846378044e-05,-0.09799878781946618
4,17,selected_horizon,29,5,6.500508879980771e-05,-0.10023358236167121
4,17,selected_horizon,29,6,6.11747761922743e-05,-0.09676290045150858
4,17,selected_horizon,29,7,6.384292191796703e-05,-0.08906468482316936
4,17,selected_horizon,30,0,6.497869071608875e-05,-0.081457704267359
4,17,selected_horizon,30,1,6.335477382890531e-05,-0.05735890487999543
4,17,selected_horizon,30,2,6.496005789813353e-05,-0.14749187161635138
4,17,selected_horizon,30,3,6.468024139394402e-05,-0.27993251036432537
4,17,selected_horizon,30,4,6.40859339000599e-05,-0.20641559036505192
4,17,selected_horizon,30,5,6.419012697733706e-05,-0.08638710686943968
4,17,selected_horizon,30,6,6.52801213618659e-05,-0.0675140463517265
4,17,selected_horizon,30,7,6.481003538283403e-05,-0.10693941609653149
4,17,selected_horizon,31,0,6.297143727351795e-05,-0.11988821848313962
4,17,selected_horizon,31,1,6.27690919827728e-05,-0.09727885583223307
4,17,selected_horizon,31,2,6.32766937087581e-05,-0.08602226901007204
4,17,selected_horizon,31,3,6.272563405218534e-05,-0.12378860003495568
4,17,selected_horizon,31,4,6.379247133736499e-05,-0.0741107589464566
4,17,selected_horizon,31,5,6.438144828280201e-05,-0.0752962533817671
4,17,selected_horizon,31,6,6.296267474681372e-05,-0.10574216740868667
4,17,selected_horizon,31,7,6.423698096114094e-05,-0.062062852497612474
4,17,horizon_1000,0,0,3.736877420124074e-05,-0.4293448958877811
4,17,horizon_1000,0,1,3.998645615865826e-05,-0.4213675509011088
4,17,horizon_1000,0,2,3.908802682417445e-05,-0.41412211311910707
4,17,horizon_1000,0,3,3.847043467430922e-05,-0.4702637964470069
4,17,horizon_1000,0,4,3.859862704302941e-05,-0.4342193932003405
4,17,horizon_1000,0,5,3.8494297086799634e-05,-0.43202675017030673
4,17,horizon_1000,0,6,4.099653165212658e-05,-0.45606857707989934
4,17,horizon_1000,0,7,3.446803543738497e-05,-0.5462857349014683
4,17,horizon_1000,1,0,5.5465099876528257e-05,-0.19210681646352556
4,17,horizon_1000,1,1,5.65274622204015e-05,-0.19001707539335144
4,17,horizon_1000,1,2,3.89568822356523e-05,-0.42745738198718536
4,17,horizon_1000,1,3,5.723342314922775e-05,-0.16192235262057622
4,17,horizon_1000,1,4,5.637082904286217e-05,-0.22095921037073118
4,17,horizon_1000,1,5,5.770760435552802e-05,-0.1458158329292181
4,17,horizon_1000,1,6,5.6307930890397984e-05,-0.16211590537675596
4,17,horizon_1000,1,7,5.898509789403761e-05,-0.12439146589651583
4,17,horizon_1000,2,0,6.323564139165683e-05,-0.10714361090016072
4,17,horizon_1000,2,1,6.202282020240091e-05,-0.11690112934017356
4,17,horizon_1000,2,2,6.333279861792107e-05,-0.22167075362698868
4,17,horizon_1000,2,3,6.473798157458077e-05,-0.08593002140052754
4,17,horizon_1000,2,4,6.365433318933356e-05,-0.1162036237837792
4,17,horizon_1000,2,5,6.609179899896844e-05,-0.09897908364758606
4,17,horizon_1000,2,6,6.366872412399971e-05,-0.09740781430942984
4,17,horizon_1000,2,7,6.210855417521088e-05,-0.18118261118445442
4,17,horizon_1000,3,0,6.305902570602484e-05,-0.10395611075949332
4,17,horizon_1000,3,1,6.334548106678994e-05,-0.05971553709288933
4,17,horizon_1000,3,2,6.242751487661735e-05,-0.27136676357427986
4,17,horizon_1000,3,3,6.326331367745297e-05,-0.11146689267186065
4,17,horizon_1000,3,4,6.122465379121422e-05,-0.1180592756779587
4,17,horizon_1000,3,5,6.303106283667148e-05,-0.12987064847194987
4,17,horizon_1000,3,6,6.387825442288886e-05,-0.1292164039932775
4,17,horizon_1000,3,7,6.239126014406793e-05,-0.12345532290392963
4,17,horizon_1000,4,0,6.35971291558235e-05,-0.09497333433664948
4,17,horizon_1000,4,1,6.312807090580463e-05,-0.2501876244563047
4,17,horizon_1000,4,2,6.295576713455375e-05,-0.060925085803464306
4,17,horizon_1000,4,3,6.280898423938197e-05,-0.5013026901482568
4,17,horizon_1000,4,4,6.378053376465687e-05,-0.07797940397914738
4,17,horizon_1000,4,5,6.287243786573526e-05,-0.10627619946866021
4,17,horizon_1000,4,6,6.238255764401401e-05,-0.1028897104881242
4,17,horizon_1000,4,7,6.338639013847569e-05,-0.13425216410335275
4,17,horizon_1000,5,0,6.353445996865048e-05,-0.14258458454052636
4,17,horizon_1000,5,1,6.466941385951941e-05,-0.14742027681117761
4,17,horizon_1000,5,2,6.548956844198983e-05,-0.06982034973372894
4,17,horizon_1000,5,3,6.277946204136242e-05,-0.19165952294470046
4,17,horizon_1000,5,4,6.422261913030525e-05,-0.09120391164658784
4,17,horizon_1000,5,5,6.410166588466382e-05,-0.09107090036949665
4,17,horizon_1000,5,6,6.206614989423542e-05,-0.08289611478083198
4,17,horizon_1000,5,7,6.277718875935534e-05,-0.3440167439350172
4,17,horizon_1000,6,0,6.32005367151578e-05,-0.094763133851505
4,17,horizon_1000,6,1,6.308409638222656e-05,-0.4007805023066902
4,17,horizon_1000,6,2,6.320283364402712e-05,-0.42038703922131565
4,17,horizon_1000,6,3,6.298419157246826e-05,-0.06180274586536006
4,17,horizon_1000,6,4,6.258461098695989e-05,-0.07955408033347473
4,17,horizon_1000,6,5,6.3627116560383e-05,-0.08578678804051923
4,17,horizon_1000,6,6,6.38726319266425e-05,-0.09816168874304426
4,17,horizon_1000,6,7,6.439004437197582e-05,-0.10946689191124845
4,17,horizon_1000,7,0,6.369658876792528e-05,-0.15326744444964654
4,17,horizon_1000,7,1,6.311757124422002e-05,-0.0669955658881975
4,17,horizon_1000,7,2,6.378528451023158e-05,-0.07543039517087399
4,17,horizon_1000,7,3,6.272103246374172e-05,-0.12302531366840735
4,17,horizon_1000,7,4,6.306655768639757e-05,-0.26781910680440046
4,17,horizon_1000,7,5,6.373781434376724e-05,-0.09100474065489753
4,17,horizon_1000,7,6,6.426610843845992e-05,-0.06959601847279215
4,17,horizon_1000,7,7,6.292809393926291e-05,-0.09263398575529365
4,17,horizon_1000,8,0,6.486504980784957e-05,-0.14333736054756982
4,17,horizon_1000,8,1,6.293635351539706e-05,-0.0827345217334087
4,17,horizon_1000,8,2,6.536201681228704e-05,-0.04862773465441671
4,17,horizon_1000,8,3,6.394235560946981e-05,-0.15740316605876184
4,17,horizon_1000,8,4,6.375920293066883e-05,-0.06652147750730929
4,17,horizon_1000,8,5,6.228262827789877e-05,-0.5500552127973451
4,17,horizon_1000,8,6,6.413491564671858e-05,-0.24232852789458312
4,17,horizon_1000,8,7,6.614906487811822e-05,-0.03775800448626289
4,17,horizon_1000,9,0,6.58533126625116e-05,-0.04369475916631597
4,17,horizon_1000,9,1,6.305419765340048e-05,-0.1451493207064661
4,17,horizon_1000,9,2,6.207805472513428e-05,-0.06720091874546211
4,17,horizon_1000,9,3,6.51187629046035e-05,-0.09721781147328333
4,17,horizon_1000,9,4,6.477981014541001e-05,-0.06377284123104653
4,17,horizon_1000,9,5,6.453662490457646e-05,-0.06611903082637133
4,17,horizon_1000,9,6,6.420327736123e-05,-0.08754649629022371
4,17,horizon_1000,9,7,6.474858901128755e-05,-0.08915107219611007
4,17,horizon_1000,10,0,6.529628944917931e-05,-0.05706101745483177
4,17,horizon_1000,10,1,6.425325045711361e-05,-0.058062913161719985
4,17,horizon_1000,10,2,6.324095465970458e-05,-0.07866575684452502
4,17,horizon_1000,10,3,6.464043053711066e-05,-0.1401802624838769
4,17,horizon_1000,10,4,6.604044483538019e-05,-0.10472129991794045
4,17,horizon_1000,10,5,6.456351911765523e-05,-0.08446248988704945
4,17,horizon_1000,10,6,6.467787989095086e-05,-0.14254688449098787
4,17,horizon_1000,10,7,6.542800610986887e-05,-0.05423014306364336
4,17,horizon_1000,11,0,6.438142645492917e-05,-0.12325973940965047
4,17,horizon_1000,11,1,6.610228638237459e-05,-0.0650238338079778
4,17,horizon_1000,11,2,6.382125457093935e-05,-0.10790778340421717
4,17,horizon_1000,11,3,6.497588992715464e-05,-0.10749796751185879
4,17,horizon_1000,11,4,6.325580261545838e-05,-0.08447092174771464
4,17,horizon_1000,11,5,6.481641094069346e-05,-0.09226261687231942
4,17,horizon_1000,11,6,6.476764519902645e-05,-0.08772572486736814
4,17,horizon_1000,11,7,6.431714746213402e-05,-0.054404893705904456
4,17,horizon_1000,12,0,6.313971289273468e-05,-0.11515528444939789
4,17,horizon_1000,12,1,6.407495584426215e-05,-0.1327401476115998
4,17,horizon_1000,12,2,6.430793791878386e-05,-0.14273069877638092
4,17,horizon_1000,12,3,6.367210971802706e-05,-0.09316103742028356
4,17,horizon_1000,12,4,6.282491494857823e-05,-0.07709133198162042
4,17,horizon_1000,12,5,6.297408799582627e-05,-0.24913884636527697
4,17,horizon_1000,12,6,6.35835599496204e-05,-0.15103503167987012
4,17,horizon_1000,12,7,6.349496516122599e-05,-0.0748806834323187
4,17,horizon_1000,13,0,6.701665915898047e-05,-0.08780198526899707
4,17,horizon_1000,13,1,6.551214210048784e-05,-0.08288609968853602
4,17,horizon_1000,13,2,6.648488215432735e-05,-0.04248299933801156
4,17,horizon_1000,13,3,6.56318302389991e-05,-0.08700663975521648
4,17,horizon_1000,13,4,6.59318029647693e-05,-0.10926195418640419
4,17,horizon_1000,13,5,6.670281936749234e-05,-0.10249987421443527
4,17,horizon_1000,13,6,6.485899893959868e-05,-0.10224597367305197
4,17,horizon_1000,13,7,6.388744805008173e-05,-0.0716415346739217
4,17,horizon_1000,14,0,6.536379896715516e-05,-0.22015578023795462
4,17,horizon_1000,14,1,6.608897547266679e-05,-0.06988229304483047
4,17,horizon_1000,14,2,6.263023624342168e-05,-0.09896679801252038
4,17,horizon_1000,14,3,6.601849918297376e-05,-0.05611941577482862
4,17,horizon_1000,14,4,6.507493071694626e-05,-0.08383816960424392
4,17,horizon_1000,14,5,6.59865595480369e-05,-0.0461735710359289
4,17,horizon_1000,14,6,6.325926005956717e-05,-0.0662610359322735
4,17,horizon_1000,14,7,6.652883666902198e-05,-0.08307975907519616
4,17,horizon_1000,15,0,6.499708570117946e-05,-0.121777809220809
4,17,horizon_1000,15,1,6.358371047099354e-05,-0.16505764280873603
4,17,horizon_1000,15,2,6.464062380473479e-05,-0.07527532999525884
4,17,horizon_1000,15,3,6.44049914626521e-05,-0.043748826191291945
4,17,horizon_1000,15,4,6.515876293633482e-05,-0.10689216461770949
4,17,horizon_1000,15,5,6.581007119166316e-05,-0.12363712279645732
4,17,horizon_1000,15,6,6.479488365584984e-05,-0.0652457739383995
4,17,horizon_1000,15,7,6.433431371988263e-05,-0.054997537842808294
4,17,horizon_1000,16,0,6.466957802331308e-05,-0.056112675039244594
4,17,horizon_1000,16,1,6.360536644933745e-05,-0.09998448793623513
4,17,horizon_1000,16,2,6.538528668897925e-05,-0.04967735381956215
4,17,horizon_1000,16,3,6.232736541278427e-05,-0.09749343206932802
4,17,horizon_1000,16,4,6.451776562244049e-05,-0.19173569220428258
4,17,horizon_1000,16,5,6.418936345653492e-05,-0.06665262882267585
4,17,horizon_1000,16,6,6.61910385133524e-05,-0.176258350516968
4,17,horizon_1000,16,7,6.250725391510059e-05,-0.07076588933796024
4,17,horizon_1000,17,0,6.475723512266995e-05,-0.0647507253021168
4,17,horizon_1000,17,1,6.417990971385734e-05,-0.1052947246486879
4,17,horizon_1000,17,2,6.365787339746021e-05,-0.30949482824810765
4,17,horizon_1000,17,3,6.391350189005607e-05,-0.05074021207070389
4,17,horizon_1000,17,4,6.384364860423375e-05,-0.1028070324977502
4,17,horizon_1000,17,5,6.501231973743415e-05,-0.055818446811088024
4,17,horizon_1000,17,6,6.569340985151939e-05,-0.059737801530449705
4,17,horizon_1000,17,7,6.551895467055147e-05,-0.061423972020086995
4,17,horizon_1000,18,0,6.490213536380907e-05,-0.08150438783905167
4,17,horizon_1000,18,1,6.502600854219054e-05,-0.07950075613651443
4,17,horizon_1000,18,2,6.489466431958135e-05,-0.11028809302454971
4,17,horizon_1000,18,3,6.429768700400018e-05,-0.11180007541703063
4,17,horizon_1000,18,4,6.476237012975616e-05,-0.06266904446329366
4,17,horizon_1000,18,5,6.524891432491131e-05,-0.1077691844880776
4,17,horizon_1000,18,6,6.337165996228578e-05,-0.09590378607663681
4,17,horizon_1000,18,7,6.462508463300765e-05,-0.1913060108979592
4,17,horizon_1000,19,0,6.521634759337758e-05,-0.06126661456901939
4,17,horizon_1000,19,1,6.347738099066191e-05,-0.13070166165496155
4,17,horizon_1000,19,2,6.44493388790579e-05,-0.20513721433341706
4,17,horizon_1000,19,3,6.575712677658885e-05,-0.03712434384195025
4,17,horizon_1000,19,4,6.371494737322791e-05,-0.122925657768897
4,17,horizon_1000,19,5,6.3862170009088e-05,-0.06092067482268604
4,17,horizon_1000,19,6,6.36379431853129e-05,-0.05298756096588973
4,17,horizon_1000,19,7,6.366836896631867e-05,-0.08047566774167633
4,17,horizon_1000,20,0,6.522782541651395e-05,-0.11491304653080049
4,17,horizon_1000,20,1,6.375137081704452e-05,-0.11322738695235449
4,17,horizon_1000,20,2,6.482009575847769e-05,-0.14774908762373254
4,17,horizon_1000,20,3,6.534762587762089e-05,-0.2231615298377361
4,17,horizon_1000,20,4,6.311296147032408e-05,-0.07068540047519252
4,17,horizon_1000,20,5,6.410300056813867e-05,-0.1243437011000003
4,17,horizon_1000,20,6,6.566302909050137e-05,-0.05424863169840281
4,17,horizon_1000,20,7,6.451977787946817e-05,-0.06838395887498075
4,17,horizon_1000,21,0,6.528673384309513e-05,-0.14043022876132694
4,17,horizon_1000,21,1,6.274971883613034e-05,-0.1579484269198416
4,17,horizon_1000,21,2,6.42569107185409e-05,-0.09871642661077656
4,17,horizon_1000,21,3,6.461919292632956e-05,-0.16744201873973813
4,17,horizon_1000,21,4,6.311744573395117e-05,-0.11459534765798703
4,17,horizon_1000,21,5,6.452858451666543e-05,-0.05989002120026313
4,17,horizon_1000,21,6,6.469132313213777e-05,-0.06603608672129578
4,17,horizon_1000,21,7,6.511728724944987e-05,-0.36820919128671514
4,17,horizon_1000,22,0,6.498076299976674e-05,-0.06971814129782014
4,17,horizon_1000,22,1,6.251669219636824e-05,-0.09117157697855147
4,17,horizon_1000,22,2,6.472684344771551e-05,-0.07660159720032253
4,17,horizon_1000,22,3,6.553432149303262e-05,-0.09756651767724589
4,17,horizon_1000,22,4,6.378658554240246e-05,-0.09057867382701998
4,17,horizon_1000,22,5,6.436080320781912e-05,-0.14503917112786283
4,17,horizon_1000,22,6,6.418382054107497e-05,-0.0803308118192228
4,17,horizon_1000,22,7,6.509381046271301e-05,-0.16230109078505
4,17,horizon_1000,23,0,6.34989714853873e-05,-0.08854161125174688
4,17,horizon_1000,23,1,6.46950097689114e-05,-0.14775698334535836
4,17,horizon_1000,23,2,6.427924517993233e-05,-0.13559471661489333
4,17,horizon_1000,23,3,6.525995695483289e-05,-0.13275235558558565
4,17,horizon_1000,23,4,6.42214945401065e-05,-0.05865679274274884
4,17,horizon_1000,23,5,6.474511383203208e-05,-0.046750013410684216
4,17,horizon_1000,23,6,6.443115944421152e-05,-0.3321744134214649
4,17,horizon_1000,23,7,6.3420483002119e-05,-0.19019313990348682
4,17,horizon_1000,24,0,6.396833896360477e-05,-0.07785216388187823
4,17,horizon_1000,24,1,6.332022712740581e-05,-0.0855385549934975
4,17,horizon_1000,24,2,6.366350862663239e-05,-0.06145976025385493
4,17,horizon_1000,24,3,6.298702373896958e-05,-0.19187272211232803
4,17,horizon_1000,24,4,6.487302880486823e-05,-0.09506374824422645
4,17,horizon_1000,24,5,6.487099881269387e-05,-0.051968870665757096
4,17,horizon_1000,24,6,6.511514766316395e-05,-0.0870357662126875
4,17,horizon_1000,24,7,6.258189478103304e-05,-0.09067226231109612
4,17,horizon_1000,25,0,6.36051067886001e-05,-0.10349037322509737
4,17,horizon_1000,25,1,6.522454941659817e-05,-0.2181051715079409
4,17,horizon_1000,25,2,6.370218125084648e-05,-0.05867204360574468
4,17,horizon_1000,25,3,6.532441193485283e-05,-0.06092760791516522
4,17,horizon_1000,25,4,6.430786015698686e-05,-0.07867498283882107
4,17,horizon_1000,25,5,6.207879732755828e-05,-0.09591447710711111
4,17,horizon_1000,25,6,6.355410596370348e-05,-0.06237772647235883
4,17,horizon_1000,25,7,6.277621332628769e-05,-0.07670792795499073
4,17,horizon_1000,26,0,6.475550844697864e-05,-0.14519597402354792
4,17,horizon_1000,26,1,6.3413531279366e-05,-0.2944140754423603
4,17,horizon_1000,26,2,6.33193485555239e-05,-0.06401820861015846
4,17,horizon_1000,26,3,6.50816996312642e-05,-0.05385738951397102
4,17,horizon_1000,26,4,6.398284176611924e-05,-0.18426995528000156
4,17,horizon_1000,26,5,6.366926845657872e-05,-0.09078245203702524
4,17,horizon_1000,26,6,6.429664745155605e-05,-0.25574077170698395
4,17,horizon_1000,26,7,6.561589634657139e-05,-0.05999768951984482
4,17,horizon_1000,27,0,6.448607973652543e-05,-0.16681662997857882
4,17,horizon_1000,27,1,6.577840304089477e-05,-0.07527997973710142
4,17,horizon_1000,27,2,6.352021546263131e-05,-0.10017186817605571
4,17,horizon_1000,27,3,6.272694145081914e-05,-0.096617040530116
4,17,horizon_1000,27,4,6.45019185867568e-05,-0.050678647163376014
4,17,horizon_1000,27,5,6.527975210701698e-05,-0.12084792179841271
4,17,horizon_1000,27,6,6.402647386494209e-05,-0.08471457129836588
4,17,horizon_1000,27,7,6.406210013665259e-05,-0.4398750700046582
4,17,horizon_1000,28,0,6.451211902458454e-05,-0.12253106101981955
4,17,horizon_1000,28,1,6.299100550677394e-05,-0.2581878890912254
4,17,horizon_1000,28,2,6.360614042932866e-05,-0.12576582238534653
4,17,horizon_1000,28,3,6.449504007832729e-05,-0.06952022227788328
4,17,horizon_1000,28,4,6.436205967474962e-05,-0.07406656102894402
4,17,horizon_1000,28,5,6.399768653864157e-05,-0.09454635458505237
4,17,horizon_1000,28,6,6.399874428097974e-05,-0.058728581594354956
4,17,horizon_1000,28,7,6.422845444831182e-05,-0.06853685835621369
4,17,horizon_1000,29,0,6.379088426911039e-05,-0.07882879948541728
4,17,horizon_1000,29,1,6.34266634733649e-05,-0.05792459131111205
4,17,horizon_1000,29,2,6.490919622592628e-05,-0.05649131460950327
4,17,horizon_1000,29,3,6.360515726555604e-05,-0.06663423880437976
4,17,horizon_1000,29,4,6.408714170902385e-05,-0.09331827862077718
4,17,horizon_1000,29,5,6.518536611110903e-05,-0.09773827816986243
4,17,horizon_1000,29,6,6.130209612820181e-05,-0.0948830392276535
4,17,horizon_1000,29,7,6.406586044249707e-05,-0.08588371238320537
4,17,horizon_1000,30,0,6.53796982987842e-05,-0.07578903933188533
4,17,horizon_1000,30,1,6.346735835904838e-05,-0.05568378557368655
4,17,horizon_1000,30,2,6.431193833122961e-05,-0.15599751672856046
4,17,horizon_1000,30,3,6.474685233115451e-05,-0.27919094896464985
4,17,horizon_1000,30,4,6.40887078589003e-05,-0.20638124007389208
4,17,horizon_1000,30,5,6.448174917750293e-05,-0.08223647164653833
4,17,horizon_1000,30,6,6.54936270620965e-05,-0.06446425014523272
4,17,horizon_1000,30,7,6.459236965383752e-05,-0.10993877694991071
4,17,horizon_1000,31,0,6.242163226488628e-05,-0.12757249387186737
4,17,horizon_1000,31,1,6.264984722292866e-05,-0.09899378849482544
4,17,horizon_1000,31,2,6.34638295196055e-05,-0.0833192522473364
4,17,horizon_1000,31,3,6.313604990282329e-05,-0.11805552052943587
4,17,horizon_1000,31,4,6.372411280608503e-05,-0.0751029203617373
4,17,horizon_1000,31,5,6.44594683762989e-05,-0.07417565925578266
4,17,horizon_1000,31,6,6.293467595241964e-05,-0.10613983382439571
4,17,horizon_1000,31,7,6.400218853741535e-05,-0.06549110415062173
4,29,random_initialization,0,0,6.817495022914954e-05,0.0
4,29,random_initialization,0,1,6.958035964998999e-05,0.0
4,29,random_initialization,0,2,7.011166098891408e-05,0.0
4,29,random_initialization,0,3,7.02620286574529e-05,0.0
4,29,random_initialization,0,4,6.550072384925443e-05,0.0
4,29,random_initialization,0,5,7.424174282277818e-05,0.0
4,29,random_initialization,0,6,7.182743820521864e-05,0.0
4,29,random_initialization,0,7,0.00014132940759736812,0.0
4,29,random_initialization,1,0,7.65628305998689e-05,0.0
4,29,random_initialization,1,1,6.862346663183416e-05,0.0
4,29,random_initialization,1,2,7.223599641292822e-05,0.0
4,29,random_initialization,1,3,6.685579819531995e-05,0.0
4,29,random_initialization,1,4,6.719155908285757e-05,0.0
4,29,random_initialization,1,5,6.736243585692137e-05,0.0
4,29,random_initialization,1,6,6.601129234695691e-05,0.0
4,29,random_initialization,1,7,6.800280107199796e-05,0.0
4,29,random_initialization,2,0,6.775492329325061e-05,0.0
4,29,random_initialization,2,1,6.589183067262638e-05,0.0
4,29,random_initialization,2,2,8.361260188394226e-05,0.0
4,29,random_initialization,2,3,7.32174180484435e-05,0.0
4,29,random_initialization,2,4,6.874210021123872e-05,0.0
4,29,random_initialization,2,5,7.094839065757697e-05,0.0
4,29,random_initialization,2,6,7.560729136457667e-05,0.0
4,29,random_initialization,2,7,7.778928147672559e-05,0.0
4,29,random_initialization,3,0,7.061082351356163e-05,0.0
4,29,random_initialization,3,1,7.91260581536335e-05,0.0
4,29,random_initialization,3,2,7.586743777210359e-05,0.0
4,29,random_initialization,3,3,6.861899282739614e-05,0.0
4,29,random_initialization,3,4,6.762178782082628e-05,0.0
4,29,random_initialization,3,5,6.816703444201266e-05,0.0
4,29,random_initialization,3,6,7.170745129769784e-05,0.0
4,29,random_initialization,3,7,7.122146325855283e-05,0.0
4,29,random_initialization,4,0,6.885055199745693e-05,0.0
4,29,random_initialization,4,1,7.343999277509283e-05,0.0
4,29,random_initialization,4,2,7.222620570246363e-05,0.0
4,29,random_initialization,4,3,6.70882873237133e-05,0.0
4,29,random_initialization,4,4,6.767613012925722e-05,0.0
4,29,random_initialization,4,5,6.791664918637252e-05,0.0
4,29,random_initialization,4,6,6.876547058709548e-05,0.0
4,29,random_initialization,4,7,6.728923108312301e-05,0.0
4,29,random_initialization,5,0,7.042570632620482e-05,0.0
4,29,random_initialization,5,1,7.073548385960748e-05,0.0
4,29,random_initialization,5,2,8.065316660577082e-05,0.0
4,29,random_initialization,5,3,6.934751081644208e-05,0.0
4,29,random_initialization,5,4,6.951289515200187e-05,0.0
4,29,random_initialization,5,5,6.99155020811304e-05,0.0
4,29,random_initialization,5,6,6.719188877468696e-05,0.0
4,29,random_initialization,5,7,6.869329490655218e-05,0.0
4,29,random_initialization,6,0,7.446855624948512e-05,0.0
4,29,random_initialization,6,1,6.798774893468362e-05,0.0
4,29,random_initialization,6,2,6.82633417454781e-05,0.0
4,29,random_initialization,6,3,6.834881060058251e-05,0.0
4,29,random_initialization,6,4,7.352125885518035e-05,0.0
4,29,random_initialization,6,5,6.921695694472874e-05,0.0
4,29,random_initialization,6,6,6.800915207350045e-05,0.0
4,29,random_initialization,6,7,6.824523916293401e-05,0.0
4,29,random_initialization,7,0,7.181610408224515e-05,0.0
4,29,random_initialization,7,1,7.135034138627816e-05,0.0
4,29,random_initialization,7,2,0.00011251927662669914,0.0
4,29,random_initialization,7,3,7.016852305241628e-05,0.0
4,29,random_initialization,7,4,7.013897266006097e-05,0.0
4,29,random_initialization,7,5,6.81720025568211e-05,0.0
4,29,random_initialization,7,6,7.044101221254095e-05,0.0
4,29,random_initialization,7,7,6.80877474223962e-05,0.0
4,29,random_initialization,8,0,6.936893669262645e-05,0.0
4,29,random_initialization,8,1,8.67640201249742e-05,0.0
4,29,random_initialization,8,2,0.00010471109681020607,0.0
4,29,random_initialization,8,3,6.778017996111885e-05,0.0
4,29,random_initialization,8,4,0.00013766740676146583,0.0
4,29,random_initialization,8,5,7.730593370069982e-05,0.0
4,29,random_initialization,8,6,7.02516622368421e-05,0.0
4,29,random_initialization,8,7,6.836599141024635e-05,0.0
4,29,random_initialization,9,0,7.509302031394327e-05,0.0
4,29,random_initialization,9,1,0.00011959889388890588,0.0
4,29,random_initialization,9,2,6.627408356507658e-05,0.0
4,29,random_initialization,9,3,7.159710594351054e-05,0.0
4,29,random_initialization,9,4,7.988101333467057e-05,0.0
4,29,random_initialization,9,5,6.831294513176545e-05,0.0
4,29,random_initialization,9,6,6.847242639196338e-05,0.0
4,29,random_initialization,9,7,6.940562525414862e-05,0.0
4,29,random_initialization,10,0,7.528547530455398e-05,0.0
4,29,random_initialization,10,1,6.884665071993368e-05,0.0
4,29,random_initialization,10,2,7.45697084312269e-05,0.0
4,29,random_initialization,10,3,6.844622794233146e-05,0.0
4,29,random_initialization,10,4,6.982374134167912e-05,0.0
4,29,random_initialization,10,5,6.720190640407964e-05,0.0
4,29,random_initialization,10,6,7.879539498389931e-05,0.0
4,29,random_initialization,10,7,8.575042056691018e-05,0.0
4,29,random_initialization,11,0,7.325091746679391e-05,0.0
4,29,random_initialization,11,1,7.046110522423987e-05,0.0
4,29,random_initialization,11,2,7.045092479529558e-05,0.0
4,29,random_initialization,11,3,6.919722954989993e-05,0.0
4,29,random_initialization,11,4,7.926950365799712e-05,0.0
4,29,random_initialization,11,5,7.316441951843444e-05,0.0
4,29,random_initialization,11,6,7.597670537506929e-05,0.0
4,29,random_initialization,11,7,7.15755900273507e-05,0.0
4,29,random_initialization,12,0,7.34170980649651e-05,0.0
4,29,random_initialization,12,1,8.022011252251104e-05,0.0
4,29,random_initialization,12,2,6.82079917169176e-05,0.0
4,29,random_initialization,12,3,7.125418096620706e-05,0.0
4,29,random_initialization,12,4,6.67251129016222e-05,0.0
4,29,random_initialization,12,5,6.811802222728147e-05,0.0
4,29,random_initialization,12,6,7.103459756763186e-05,0.0
4,29,random_initialization,12,7,0.0001336573000116914,0.0
4,29,random_initialization,13,0,7.344725963776e-05,0.0
4,29,random_initialization,13,1,7.285647961907671e-05,0.0
4,29,random_initialization,13,2,7.11668367330276e-05,0.0
4,29,random_initialization,13,3,7.710139243499725e-05,0.0
4,29,random_initialization,13,4,7.0554045123572e-05,0.0
4,29,random_initialization,13,5,7.524895318056224e-05,0.0
4,29,random_initialization,13,6,7.03994346622494e-05,0.0
4,29,random_initialization,13,7,7.266010698003811e-05,0.0
4,29,random_initialization,14,0,6.881100716782385e-05,0.0
4,29,random_initialization,14,1,7.515986908401828e-05,0.0
4,29,random_initialization,14,2,7.33205533833825e-05,0.0
4,29,random_initialization,14,3,7.01994185874355e-05,0.0
4,29,random_initialization,14,4,7.04008939464984e-05,0.0
4,29,random_initialization,14,5,7.08842089807149e-05,0.0
4,29,random_initialization,14,6,6.855761148472084e-05,0.0
4,29,random_initialization,14,7,7.190364613052225e-05,0.0
4,29,random_initialization,15,0,7.837234215912758e-05,0.0
4,29,random_initialization,15,1,8.923618088374496e-05,0.0
4,29,random_initialization,15,2,7.035540829747333e-05,0.0
4,29,random_initialization,15,3,6.709515992042725e-05,0.0
4,29,random_initialization,15,4,7.875843084548251e-05,0.0
4,29,random_initialization,15,5,7.03323607922357e-05,0.0
4,29,random_initialization,15,6,7.418553605020861e-05,0.0
4,29,random_initialization,15,7,7.231321797007695e-05,0.0
4,29,random_initialization,16,0,6.93845850037178e-05,0.0
4,29,random_initialization,16,1,6.924403169250581e-05,0.0
4,29,random_initialization,16,2,7.07355688973621e-05,0.0
4,29,random_initialization,16,3,6.789803182982723e-05,0.0
4,29,random_initialization,16,4,6.806896544730989e-05,0.0
4,29,random_initialization,16,5,7.395969441859052e-05,0.0
4,29,random_initialization,16,6,7.361440520980977e-05,0.0
4,29,random_initialization,16,7,7.006567057032953e-05,0.0
4,29,random_initialization,17,0,6.874689870528528e-05,0.0
4,29,random_initialization,17,1,7.084521166689228e-05,0.0
4,29,random_initialization,17,2,7.001354015301331e-05,0.0
4,29,random_initialization,17,3,6.929299161129165e-05,0.0
4,29,random_initialization,17,4,7.02454863130697e-05,0.0
4,29,random_initialization,17,5,7.312623893085402e-05,0.0
4,29,random_initialization,17,6,7.290689154615393e-05,0.0
4,29,random_initialization,17,7,6.957727646295098e-05,0.0
4,29,random_initialization,18,0,6.809181286371313e-05,0.0
4,29,random_initialization,18,1,7.175618475230294e-05,0.0
4,29,random_initialization,18,2,7.294012584679876e-05,0.0
4,29,random_initialization,18,3,7.40957598281966e-05,0.0
4,29,random_initialization,18,4,7.083437412802596e-05,0.0
4,29,random_initialization,18,5,7.305909230126417e-05,0.0
4,29,random_initialization,18,6,6.887863310112152e-05,0.0
4,29,random_initialization,18,7,7.036320403130958e-05,0.0
4,29,random_initialization,19,0,7.081542980813538e-05,0.0
4,29,random_initialization,19,1,7.062336635499378e-05,0.0
4,29,random_initialization,19,2,7.466083388862899e-05,0.0
4,29,random_initialization,19,3,7.009834052951192e-05,0.0
4,29,random_initialization,19,4,6.838708804934868e-05,0.0
4,29,random_initialization,19,5,7.077876853145426e-05,0.0
4,29,random_initialization,19,6,0.00011550140561666922,0.0
4,29,random_initialization,19,7,6.834908344899304e-05,0.0
4,29,random_initialization,20,0,7.339204466916271e-05,0.0
4,29,random_initialization,20,1,6.996669480940909e-05,0.0
4,29,random_initialization,20,2,7.058073788357433e-05,0.0
4,29,random_initialization,20,3,6.949843100301223e-05,0.0
4,29,random_initialization,20,4,7.23883458704222e-05,0.0
4,29,random_initialization,20,5,7.930685978863039e-05,0.0
4,29,random_initialization,20,6,7.025006243566168e-05,0.0
4,29,random_initialization,20,7,7.034656755422475e-05,0.0
4,29,random_initialization,21,0,8.330799255418242e-05,0.0
4,29,random_initialization,21,1,6.713707898597931e-05,0.0
4,29,random_initialization,21,2,6.83473431308812e-05,0.0
4,29,random_initialization,21,3,7.382290368695976e-05,0.0
4,29,random_initialization,21,4,6.816952009103261e-05,0.0
4,29,random_initialization,21,5,7.09080641172477e-05,0.0
4,29,random_initialization,21,6,7.366447925960529e-05,0.0
4,29,random_initialization,21,7,7.167621015469194e-05,0.0
4,29,random_initialization,22,0,7.43977529964468e-05,0.0
4,29,random_initialization,22,1,6.772999722670647e-05,0.0
4,29,random_initialization,22,2,7.101348319338285e-05,0.0
4,29,random_initialization,22,3,7.281168063855148e-05,0.0
4,29,random_initialization,22,4,8.655714646010892e-05,0.0
4,29,random_initialization,22,5,6.798063714086311e-05,0.0
4,29,random_initialization,22,6,7.181718274296145e-05,0.0
4,29,random_initialization,22,7,6.8955623646616e-05,0.0
4,29,random_initialization,23,0,8.133452729452983e-05,0.0
4,29,random_initialization,23,1,6.90676042722771e-05,0.0
4,29,random_initialization,23,2,6.729855249432148e-05,0.0
4,29,random_initialization,23,3,6.986092830629786e-05,0.0
4,29,random_initialization,23,4,6.867451020298176e-05,0.0
4,29,random_initialization,23,5,6.972024812057498e-05,0.0
4,29,random_initialization,23,6,6.949322369109723e-05,0.0
4,29,random_initialization,23,7,6.868333048259956e-05,0.0
4,29,random_initialization,24,0,6.920973282831255e-05,0.0
4,29,random_initialization,24,1,6.97952809787239e-05,0.0
4,29,random_initialization,24,2,6.930803601790103e-05,0.0
4,29,random_initialization,24,3,6.915420954101137e-05,0.0
4,29,random_initialization,24,4,7.63730458857026e-05,0.0
4,29,random_initialization,24,5,7.222289332275977e-05,0.0
4,29,random_initialization,24,6,7.675893721170723e-05,0.0
4,29,random_initialization,24,7,6.942186519154347e-05,0.0
4,29,random_initialization,25,0,7.308971908059902e-05,0.0
4,29,random_initialization,25,1,7.461864061042434e-05,0.0
4,29,random_initialization,25,2,6.908927480253624e-05,0.0
4,29,random_initialization,25,3,7.005756242506322e-05,0.0
4,29,random_initialization,25,4,6.798833874199772e-05,0.0
4,29,random_initialization,25,5,6.615842949031503e-05,0.0
4,29,random_initialization,25,6,7.306129555217922e-05,0.0
4,29,random_initialization,25,7,9.367410939375986e-05,0.0
4,29,random_initialization,26,0,7.883683110776474e-05,0.0
4,29,random_initialization,26,1,7.221667056001024e-05,0.0
4,29,random_initialization,26,2,6.914271625646506e-05,0.0
4,29,random_initialization,26,3,6.995204239501618e-05,0.0
4,29,random_initialization,26,4,6.850186264273361e-05,0.0
4,29,random_initialization,26,5,7.35435737624357e-05,0.0
4,29,random_initialization,26,6,7.143563789213658e-05,0.0
4,29,random_initialization,26,7,6.89487728777749e-05,0.0
4,29,random_initialization,27,0,8.502919808961451e-05,0.0
4,29,random_initialization,27,1,7.137513193811174e-05,0.0
4,29,random_initialization,27,2,7.54905263420369e-05,0.0
4,29,random_initialization,27,3,6.831442487964523e-05,0.0
4,29,random_initialization,27,4,6.879888223920716e-05,0.0
4,29,random_initialization,27,5,7.075233315845253e-05,0.0
4,29,random_initialization,27,6,7.084301842041896e-05,0.0
4,29,random_initialization,27,7,7.238618582050549e-05,0.0
4,29,random_initialization,28,0,6.87932338223618e-05,0.0
4,29,random_initialization,28,1,6.905400960022234e-05,0.0
4,29,random_initialization,28,2,6.832925600974704e-05,0.0
4,29,random_initialization,28,3,6.918421831869637e-05,0.0
4,29,random_initialization,28,4,7.008887905612937e-05,0.0
4,29,random_initialization,28,5,6.856532581878128e-05,0.0
4,29,random_initialization,28,6,7.132977407309227e-05,0.0
4,29,random_initialization,28,7,7.101609435267164e-05,0.0
4,29,random_initialization,29,0,7.796461659381748e-05,0.0
4,29,random_initialization,29,1,6.79597246744379e-05,0.0
4,29,random_initialization,29,2,7.268770696100546e-05,0.0
4,29,random_initialization,29,3,7.216425046863151e-05,0.0
4,29,random_initialization,29,4,7.06261503182759e-05,0.0
4,29,random_initialization,29,5,9.331517867394723e-05,0.0
4,29,random_initialization,29,6,6.451684112107614e-05,0.0
4,29,random_initialization,29,7,7.272797756741056e-05,0.0
4,29,random_initialization,30,0,7.040606260488858e-05,0.0
4,29,random_initialization,30,1,6.922674765519332e-05,0.0
4,29,random_initialization,30,2,7.630273557879264e-05,0.0
4,29,random_initialization,30,3,7.025891409284668e-05,0.0
4,29,random_initialization,30,4,6.79506506457983e-05,0.0
4,29,random_initialization,30,5,7.255406035255874e-05,0.0
4,29,random_initialization,30,6,7.020146358627244e-05,0.0
4,29,random_initialization,30,7,7.406591203107382e-05,0.0
4,29,random_initialization,31,0,6.80719672345731e-05,0.0
4,29,random_initialization,31,1,6.747378165528062e-05,0.0
4,29,random_initialization,31,2,8.371070407520165e-05,0.0
4,29,random_initialization,31,3,6.738672936990042e-05,0.0
4,29,random_initialization,31,4,6.9706949943793e-05,0.0
4,29,random_initialization,31,5,6.715056861139601e-05,0.0
4,29,random_initialization,31,6,9.214844067173544e-05,0.0
4,29,random_initialization,31,7,6.77736925354111e-05,0.0
4,29,existing_80_step,0,0,4.426542977853387e-05,-0.35070829344577487
4,29,existing_80_step,0,1,4.805207845492987e-05,-0.30940169472181245
4,29,existing_80_step,0,2,4.524357905211218e-05,-0.35469252312727256
4,29,existing_80_step,0,3,4.552640962174337e-05,-0.35204817606822336
4,29,existing_80_step,0,4,4.6505426780640846e-05,-0.29000133055521643
4,29,existing_80_step,0,5,4.499733631746494e-05,-0.3939078662946034
4,29,existing_80_step,0,6,4.8302235427399864e-05,-0.3275239012507277
4,29,existing_80_step,0,7,4.2604014879543683e-05,-0.6985481252357767
4,29,existing_80_step,1,0,6.088759118938469e-05,-0.2047369368095313
4,29,existing_80_step,1,1,6.007051274536934e-05,-0.12463599270423825
4,29,existing_80_step,1,2,5.315366342983907e-05,-0.26416653650082333
4,29,existing_80_step,1,3,6.1167497506176e-05,-0.08508313179547286
4,29,existing_80_step,1,4,6.091716250011814e-05,-0.09338072621595413
4,29,existing_80_step,1,5,6.155021196718735e-05,-0.08628286397005074
4,29,existing_80_step,1,6,6.018770318405586e-05,-0.08822110514504279
4,29,existing_80_step,1,7,6.161462601994572e-05,-0.09393988117178831
4,29,existing_80_step,2,0,6.420815816454706e-05,-0.05234697282960196
4,29,existing_80_step,2,1,6.306151180979214e-05,-0.04295401772787675
4,29,existing_80_step,2,2,6.439771641453262e-05,-0.2298084862384822
4,29,existing_80_step,2,3,6.557035567311686e-05,-0.104443212819483
4,29,existing_80_step,2,4,6.419438796001486e-05,-0.06615614357503069
4,29,existing_80_step,2,5,6.690870077363797e-05,-0.05693842871554367
4,29,existing_80_step,2,6,6.465783053499763e-05,-0.14482017054123766
4,29,existing_80_step,2,7,6.370062692440115e-05,-0.18111305677170628
4,29,existing_80_step,3,0,6.392941486410564e-05,-0.09462300985871872
4,29,existing_80_step,3,1,6.449316242651548e-05,-0.18493143811999768
4,29,existing_80_step,3,2,6.348254601107328e-05,-0.16324383852573207
4,29,existing_80_step,3,3,6.38281853753142e-05,-0.06981751341254319
4,29,existing_80_step,3,4,6.234653346837149e-05,-0.07801116359763136
4,29,existing_80_step,3,5,6.362577596519259e-05,-0.0666195693269181
4,29,existing_80_step,3,6,6.475217196566518e-05,-0.0969952104859702
4,29,existing_80_step,3,7,6.316375538517605e-05,-0.11313594953989031
4,29,existing_80_step,4,0,6.45096388325328e-05,-0.06304834222802554
4,29,existing_80_step,4,1,6.384704374795547e-05,-0.13062295711977268
4,29,existing_80_step,4,2,6.414039216906531e-05,-0.11195124338537026
4,29,existing_80_step,4,3,6.33041886430874e-05,-0.05640475903590938
4,29,existing_80_step,4,4,6.517848214571131e-05,-0.03690589250265271
4,29,existing_80_step,4,5,6.375854900397826e-05,-0.06122357672540457
4,29,existing_80_step,4,6,6.287364521995187e-05,-0.08567999777855471
4,29,existing_80_step,4,7,6.471195638368954e-05,-0.03830144375182029
4,29,existing_80_step,5,0,6.448849444495863e-05,-0.08430461249114939
4,29,existing_80_step,5,1,6.574256531166611e-05,-0.07058576934104367
4,29,existing_80_step,5,2,6.720188093822799e-05,-0.16677938676967433
4,29,existing_80_step,5,3,6.36906738691323e-05,-0.08157231428656507
4,29,existing_80_step,5,4,6.494912213383941e-05,-0.06565361733507132
4,29,existing_80_step,5,5,6.502963060484035e-05,-0.0698825200542857
4,29,existing_80_step,5,6,6.25709203632141e-05,-0.06877271194099406
4,29,existing_80_step,5,7,6.373902624545735e-05,-0.07212157558950161
4,29,existing_80_step,6,0,6.401713335435488e-05,-0.14034679093436161
4,29,existing_80_step,6,1,6.402756025636336e-05,-0.058248563018682226
4,29,existing_80_step,6,2,6.423407103284262e-05,-0.05902539503059688
4,29,existing_80_step,6,3,6.345999599943752e-05,-0.07152742759071978
4,29,existing_80_step,6,4,6.361132545862347e-05,-0.13479003965474975
4,29,existing_80_step,6,5,6.485349376816885e-05,-0.06304037867547704
4,29,existing_80_step,6,6,6.504001066787168e-05,-0.04365796830432294
4,29,existing_80_step,6,7,6.527374944198527e-05,-0.04354134819359886
4,29,existing_80_step,7,0,6.438898481064825e-05,-0.10341857674556137
4,29,existing_80_step,7,1,6.386381528500351e-05,-0.10492628284346836
4,29,existing_80_step,7,2,6.487680138889118e-05,-0.4234161173633346
4,29,existing_80_step,7,3,6.366445450112224e-05,-0.09269211133937456
4,29,existing_80_step,7,4,6.390897806340945e-05,-0.08882357925095544
4,29,existing_80_step,7,5,6.459996393459733e-05,-0.05239744305950954
4,29,existing_80_step,7,6,6.560404517585994e-05,-0.06866691554752911
4,29,existing_80_step,7,7,6.358547580020968e-05,-0.06612454946197248
4,29,existing_80_step,8,0,6.55760163681407e-05,-0.05467750415855684
4,29,existing_80_step,8,1,6.396968410626869e-05,-0.2627164576499882
4,29,existing_80_step,8,2,6.631709356952342e-05,-0.36666604027912764
4,29,existing_80_step,8,3,6.516095618280815e-05,-0.03864291566964234
4,29,existing_80_step,8,4,6.41479273326695e-05,-0.5340369311683366
4,29,existing_80_step,8,5,6.33769309388299e-05,-0.18018025389613565
4,29,existing_80_step,8,6,6.509134846055531e-05,-0.07345468579646731
4,29,existing_80_step,8,7,6.742693176420289e-05,-0.013735771641318131
4,29,existing_80_step,9,0,6.650718478340423e-05,-0.11433599946631559
4,29,existing_80_step,9,1,6.392915702235769e-05,-0.46547033217764716
4,29,existing_80_step,9,2,6.298781818259158e-05,-0.04958598000465918
4,29,existing_80_step,9,3,6.58891740386025e-05,-0.0797229417263254
4,29,existing_80_step,9,4,6.518410827993648e-05,-0.1839849601451566
4,29,existing_80_step,9,5,6.5510479544173e-05,-0.04102393158700616
4,29,existing_80_step,9,6,6.531397048092913e-05,-0.04612741328829207
4,29,existing_80_step,9,7,6.572519396286225e-05,-0.05302785297026592
4,29,existing_80_step,10,0,6.680252408841625e-05,-0.11267712904542963
4,29,existing_80_step,10,1,6.595313743673614e-05,-0.04202838123481518
4,29,existing_80_step,10,2,6.396782464435091e-05,-0.14217413491235176
4,29,existing_80_step,10,3,6.541067614307394e-05,-0.0443494388297787
4,29,existing_80_step,10,4,6.728074004058726e-05,-0.03642029562191187
4,29,existing_80_step,10,5,6.527835330416565e-05,-0.028623490059163186
4,29,existing_80_step,10,6,6.537827539432328e-05,-0.1702779660196846
4,29,existing_80_step,10,7,6.6220613916812e-05,-0.22775173020707545
4,29,existing_80_step,11,0,6.513694279419724e-05,-0.11076959788626393
4,29,existing_80_step,11,1,6.699516097796732e-05,-0.049189467511789896
4,29,existing_80_step,11,2,6.494805302281748e-05,-0.07810929080728775
4,29,existing_80_step,11,3,6.63659420752083e-05,-0.040916196979388024
4,29,existing_80_step,11,4,6.433761564039742e-05,-0.18836863268404352
4,29,existing_80_step,11,5,6.601374298043083e-05,-0.09773434389378201
4,29,existing_80_step,11,6,6.588294445464271e-05,-0.13285336433841607
4,29,existing_80_step,11,7,6.544893403770402e-05,-0.08559700293501654
4,29,existing_80_step,12,0,6.402549433914828e-05,-0.12792120600444337
4,29,existing_80_step,12,1,6.480702495537116e-05,-0.19213495322403998
4,29,existing_80_step,12,2,6.472184986705543e-05,-0.05111046025707149
4,29,existing_80_step,12,3,6.450759155995911e-05,-0.09468341807826801
4,29,existing_80_step,12,4,6.388240990418126e-05,-0.04260319501642727
4,29,existing_80_step,12,5,6.378064699674724e-05,-0.06367441520927046
4,29,existing_80_step,12,6,6.406861211871728e-05,-0.09806468520191562
4,29,existing_80_step,12,7,6.44857300358126e-05,-0.5175293079377495
4,29,existing_80_step,13,0,6.738052798027638e-05,-0.08259983677273434
4,29,existing_80_step,13,1,6.637809701715014e-05,-0.08891978634979601
4,29,existing_80_step,13,2,6.776916188755422e-05,-0.04774238959389576
4,29,existing_80_step,13,3,6.694761714243214e-05,-0.13169379918949678
4,29,existing_80_step,13,4,6.77497132528515e-05,-0.03974728686085734
4,29,existing_80_step,13,5,6.705721671096398e-05,-0.10886179971091324
4,29,existing_80_step,13,6,6.567145419467124e-05,-0.06715935277408512
4,29,existing_80_step,13,7,6.49829216854414e-05,-0.1056588768401602
4,29,existing_80_step,14,0,6.575888937732088e-05,-0.04435508091109786
4,29,existing_80_step,14,1,6.684063237116789e-05,-0.11068721665215579
4,29,existing_80_step,14,2,6.36291138107481e-05,-0.13217902928199793
4,29,existing_80_step,14,3,6.666298486379674e-05,-0.0503769660034154
4,29,existing_80_step,14,4,6.667848447250435e-05,-0.052874463168364264
4,29,existing_80_step,14,5,6.67773861096066e-05,-0.05793706285451571
4,29,existing_80_step,14,6,6.42134150439233e-05,-0.06336563288477029
4,29,existing_80_step,14,7,6.813064874222619e-05,-0.05247296335219459
4,29,existing_80_step,15,0,6.56475549476454e-05,-0.16236323760295068
4,29,existing_80_step,15,1,6.403661927834037e-05,-0.28239175361206975
4,29,existing_80_step,15,2,6.540740605487372e-05,-0.07032866928550412
4,29,existing_80_step,15,3,6.529726897497312e-05,-0.02679613473738449
4,29,existing_80_step,15,4,6.60120072097925e-05,-0.1618420212141787
4,29,existing_80_step,15,5,6.671245409961557e-05,-0.05146857935443781
4,29,existing_80_step,15,6,6.528351877932437e-05,-0.11999666976672349
4,29,existing_80_step,15,7,6.502789210571791e-05,-0.10074680769114286
4,29,existing_80_step,16,0,6.588592304979102e-05,-0.05042419658111838
4,29,existing_80_step,16,1,6.483201286755502e-05,-0.06371695461846279
4,29,existing_80_step,16,2,6.632499753322918e-05,-0.06235294962471704
4,29,existing_80_step,16,3,6.330920905384119e-05,-0.06758403229547223
4,29,existing_80_step,16,4,6.54303298688319e-05,-0.038764149875621004
4,29,existing_80_step,16,5,6.560549172718311e-05,-0.11295615479594917
4,29,existing_80_step,16,6,6.658592792518903e-05,-0.09547692825322375
4,29,existing_80_step,16,7,6.348116676235804e-05,-0.0939761762696924
4,29,existing_80_step,17,0,6.522027661048924e-05,-0.0512986354470258
4,29,existing_80_step,17,1,6.507915304609924e-05,-0.0813895319828322
4,29,existing_80_step,17,2,6.50115757707681e-05,-0.0714428147943027
4,29,existing_80_step,17,3,6.490056694019586e-05,-0.06338916200552708
4,29,existing_80_step,17,4,6.474278507084819e-05,-0.07833529997496366
4,29,existing_80_step,17,5,6.636902617174201e-05,-0.09240476274872315
4,29,existing_80_step,17,6,6.672535846519168e-05,-0.08478667722445711
4,29,existing_80_step,17,7,6.632250233451487e-05,-0.046779268949528906
4,29,existing_80_step,18,0,6.468240735557629e-05,-0.05007071136379968
4,29,existing_80_step,18,1,6.553857974722632e-05,-0.08664904672035358
4,29,existing_80_step,18,2,6.575495990546187e-05,-0.0985077261373033
4,29,existing_80_step,18,3,6.549692488988512e-05,-0.11605029705140103
4,29,existing_80_step,18,4,6.570026016561314e-05,-0.0724805438830224
4,29,existing_80_step,18,5,6.697873413941124e-05,-0.08322520812030013
4,29,existing_80_step,18,6,6.396437811417854e-05,-0.071346581162961
4,29,existing_80_step,18,7,6.529028905788437e-05,-0.07209613381403032
4,29,existing_80_step,19,0,6.652345064139809e-05,-0.06060796606566982
4,29,existing_80_step,19,1,6.442413905460853e-05,-0.08777870017161676
4,29,existing_80_step,19,2,6.531240615004208e-05,-0.12521193846470946
4,29,existing_80_step,19,3,6.598798017876106e-05,-0.05863705645100629
4,29,existing_80_step,19,4,6.468942274295841e-05,-0.054069641095435994
4,29,existing_80_step,19,5,6.457015024352586e-05,-0.08771865372550636
4,29,existing_80_step,19,6,6.492657212220365e-05,-0.43787201743947074
4,29,existing_80_step,19,7,6.444236851166352e-05,-0.05715826372777909
4,29,existing_80_step,20,0,6.607341902054031e-05,-0.09971960423794383
4,29,existing_80_step,20,1,6.426400750569883e-05,-0.08150574097067921
4,29,existing_80_step,20,2,6.528567109853611e-05,-0.07502141439457086
4,29,existing_80_step,20,3,6.59815068502212e-05,-0.05060436763872558
4,29,existing_80_step,20,4,6.397233801180846e-05,-0.11626191698976936
4,29,existing_80_step,20,5,6.493461523859878e-05,-0.18122322064367055
4,29,existing_80_step,20,6,6.686541064482299e-05,-0.048180053846051916
4,29,existing_80_step,20,7,6.554327956109773e-05,-0.06828034629300897
4,29,existing_80_step,21,0,6.611299386349856e-05,-0.2064027491659994
4,29,existing_80_step,21,1,6.338867387967184e-05,-0.055832114874855926
4,29,existing_80_step,21,2,6.508930482596043e-05,-0.04766883620745607
4,29,existing_80_step,21,3,6.54301215945452e-05,-0.11368805171906403
4,29,existing_80_step,21,4,6.362797557812883e-05,-0.06662133614611147
4,29,existing_80_step,21,5,6.476791759268963e-05,-0.08659306386372696
4,29,existing_80_step,21,6,6.592185673071072e-05,-0.10510659420544255
4,29,existing_80_step,21,7,6.614666335735819e-05,-0.07714619377056706
4,29,existing_80_step,22,0,6.592304907826474e-05,-0.11391075102210152
4,29,existing_80_step,22,1,6.414941117327544e-05,-0.052865586889750835
4,29,existing_80_step,22,2,6.56431448078365e-05,-0.0756242074610243
4,29,existing_80_step,22,3,6.646779274888104e-05,-0.0871273377298141
4,29,existing_80_step,22,4,6.391661781890434e-05,-0.26156741028470465
4,29,existing_80_step,22,5,6.482380649686093e-05,-0.046437202956202
4,29,existing_80_step,22,6,6.520929673570208e-05,-0.09200981930618801
4,29,existing_80_step,22,7,6.584398988707107e-05,-0.04512516303951422
4,29,existing_80_step,23,0,6.388110932675772e-05,-0.21458805440117118
4,29,existing_80_step,23,1,6.593930993403774e-05,-0.045293222071335355
4,29,existing_80_step,23,2,6.456923347286647e-05,-0.0405553896821972
4,29,existing_80_step,23,3,6.619915075134486e-05,-0.052415243308796704
4,29,existing_80_step,23,4,6.490947271231562e-05,-0.0548243806841548
4,29,existing_80_step,23,5,6.56360653010779e-05,-0.058579579528085464
4,29,existing_80_step,23,6,6.5187196014449e-05,-0.06196327422928104
4,29,existing_80_step,23,7,6.338947878248291e-05,-0.07707622305033399
4,29,existing_80_step,24,0,6.51778877909237e-05,-0.05825546310647636
4,29,existing_80_step,24,1,6.403953011613339e-05,-0.08246618943113163
4,29,existing_80_step,24,2,6.40772627775732e-05,-0.07547138168764181
4,29,existing_80_step,24,3,6.346210511765094e-05,-0.08231030997447487
4,29,existing_80_step,24,4,6.546617487401818e-05,-0.142810475674982
4,29,existing_80_step,24,5,6.558887298524496e-05,-0.09185481268200893
4,29,existing_80_step,24,6,6.569165452674497e-05,-0.14418233351040052
4,29,existing_80_step,24,7,6.380196145983064e-05,-0.0809529348744352
4,29,existing_80_step,25,0,6.447313535318244e-05,-0.11789050273834988
4,29,existing_80_step,25,1,6.59679431009863e-05,-0.11593212418063693
4,29,existing_80_step,25,2,6.358528435157496e-05,-0.0796649040924545
4,29,existing_80_step,25,3,6.633173961745342e-05,-0.05318230721480087
4,29,existing_80_step,25,4,6.459858423113474e-05,-0.049857881124679815
4,29,existing_80_step,25,5,6.272993095990387e-05,-0.051822550154596116
4,29,existing_80_step,25,6,6.375368957378669e-05,-0.12739448305765652
4,29,existing_80_step,25,7,6.358095788527862e-05,-0.3212536708727535
4,29,existing_80_step,26,0,6.508614069389296e-05,-0.17441962367913413
4,29,existing_80_step,26,1,6.484139794338262e-05,-0.10212700972553089
4,29,existing_80_step,26,2,6.403189945558552e-05,-0.07391692252763746
4,29,existing_80_step,26,3,6.595875493076164e-05,-0.0570860739376931
4,29,existing_80_step,26,4,6.460440408773138e-05,-0.05689565808347632
4,29,existing_80_step,26,5,6.387959092535311e-05,-0.1314048575923124
4,29,existing_80_step,26,6,6.477179294961388e-05,-0.09328460050408868
4,29,existing_80_step,26,7,6.65160209791793e-05,-0.035283469118560284
4,29,existing_80_step,27,0,6.491922295026598e-05,-0.23650670112346706
4,29,existing_80_step,27,1,6.642287826252868e-05,-0.06938346089331328
4,29,existing_80_step,27,2,6.366692832671106e-05,-0.15662360018202537
4,29,existing_80_step,27,3,6.364743467202061e-05,-0.06831632141889238
4,29,existing_80_step,27,4,6.543065455844044e-05,-0.04895759307623219
4,29,existing_80_step,27,5,6.59327993162151e-05,-0.06811837330429663
4,29,existing_80_step,27,6,6.469669597208849e-05,-0.08675974831923483
4,29,existing_80_step,27,7,6.489065208370448e-05,-0.10354922906682121
4,29,existing_80_step,28,0,6.609720412598108e-05,-0.03919033234202102
4,29,existing_80_step,28,1,6.410567993953009e-05,-0.07165883182366747
4,29,existing_80_step,28,2,6.430280973290792e-05,-0.058927120123549406
4,29,existing_80_step,28,3,6.547107250298723e-05,-0.05367041654795568
4,29,existing_80_step,28,4,6.519250473502325e-05,-0.06985950391908755
4,29,existing_80_step,28,5,6.490867190223071e-05,-0.05333094932291482
4,29,existing_80_step,28,6,6.48730410830467e-05,-0.09051946503334349
4,29,existing_80_step,28,7,6.503696749859955e-05,-0.08419396910761195
4,29,existing_80_step,29,0,6.427361586247571e-05,-0.1756053108382432
4,29,existing_80_step,29,1,6.427272319342592e-05,-0.0542527430573713
4,29,existing_80_step,29,2,6.566667570950813e-05,-0.0965917284371604
4,29,existing_80_step,29,3,6.372123698383803e-05,-0.11699717560932067
4,29,existing_80_step,29,4,6.531973576784367e-05,-0.07513384952342642
4,29,existing_80_step,29,5,6.579048294952372e-05,-0.29496482904027443
4,29,existing_80_step,29,6,6.227865742403083e-05,-0.0346914644014422
4,29,existing_80_step,29,7,6.470459493357339e-05,-0.110320442038972
4,29,existing_80_step,30,0,6.573077826033114e-05,-0.06640457045289756
4,29,existing_80_step,30,1,6.447606983783771e-05,-0.06862488818654212
4,29,existing_80_step,30,2,6.511259880426223e-05,-0.1466544638229269
4,29,existing_80_step,30,3,6.597618994419463e-05,-0.060956310013451954
4,29,existing_80_step,30,4,6.443082702389802e-05,-0.051799704468583084
4,29,existing_80_step,30,5,6.536224464070983e-05,-0.09912354562793635
4,29,existing_80_step,30,6,6.600088772756862e-05,-0.05983601543494339
4,29,existing_80_step,30,7,6.563169154105708e-05,-0.11387452417352567
4,29,existing_80_step,31,0,6.335592706818716e-05,-0.06928020972472654
4,29,existing_80_step,31,1,6.380974946296192e-05,-0.0543030507914617
4,29,existing_80_step,31,2,6.393373769242316e-05,-0.23625373363258076
4,29,existing_80_step,31,3,6.355054347295663e-05,-0.056927913445481676
4,29,existing_80_step,31,4,6.449302463806816e-05,-0.0747977828599444
4,29,existing_80_step,31,5,6.524678474306711e-05,-0.028350971670042018
4,29,existing_80_step,31,6,6.383550453392672e-05,-0.30725355666808485
4,29,existing_80_step,31,7,6.507255511678522e-05,-0.039855249398054536
4,29,selected_horizon,0,0,3.766033523788792e-05,-0.44759277254616164
4,29,selected_horizon,0,1,4.1007385561897536e-05,-0.41064711697126965
4,29,selected_horizon,0,2,3.940211445296882e-05,-0.43800911435832335
4,29,selected_horizon,0,3,3.9235615304278326e-05,-0.4415815191507926
4,29,selected_horizon,0,4,3.899847479260643e-05,-0.40461001801508584
4,29,selected_horizon,0,5,3.82239222744829e-05,-0.485142443844201
4,29,selected_horizon,0,6,4.0573420619693934e-05,-0.4351264414613904
4,29,selected_horizon,0,7,3.406351424928289e-05,-0.7589778742558231
4,29,selected_horizon,1,0,5.651885612678598e-05,-0.26179771980788347
4,29,selected_horizon,1,1,5.666140214088955e-05,-0.17431448858626236
4,29,selected_horizon,1,2,3.9725187207295676e-05,-0.4500638299468936
4,29,selected_horizon,1,3,5.713333666790277e-05,-0.14542435794443592
4,29,selected_horizon,1,4,5.588092744801543e-05,-0.16833411501725065
4,29,selected_horizon,1,5,5.8265734878659714e-05,-0.1350411525732703
4,29,selected_horizon,1,6,5.652961090163444e-05,-0.14363726429542575
4,29,selected_horizon,1,7,5.905791704208241e-05,-0.1315369939018418
4,29,selected_horizon,2,0,6.31289258308243e-05,-0.06827544387297874
4,29,selected_horizon,2,1,6.147583758320252e-05,-0.06701882531332388
4,29,selected_horizon,2,2,6.310587468760787e-05,-0.24525880948901194
4,29,selected_horizon,2,3,6.481442960648565e-05,-0.11476761494646143
4,29,selected_horizon,2,4,6.353040635076468e-05,-0.07581516777140855
4,29,selected_horizon,2,5,6.587131838386995e-05,-0.07156007665079869
4,29,selected_horizon,2,6,6.387956682374352e-05,-0.1551136713029743
4,29,selected_horizon,2,7,6.246250450203661e-05,-0.19702941952580866
4,29,selected_horizon,3,0,6.298867992882151e-05,-0.10794582481078406
4,29,selected_horizon,3,1,6.333364490274107e-05,-0.19958549205407664
4,29,selected_horizon,3,2,6.21536282778834e-05,-0.1807601508227387
4,29,selected_horizon,3,3,6.323270508801215e-05,-0.07849558143373844
4,29,selected_horizon,3,4,6.132745033937681e-05,-0.09308150056794169
4,29,selected_horizon,3,5,6.32683827461733e-05,-0.07186247334855789
4,29,selected_horizon,3,6,6.367078640323598e-05,-0.11207572921671921
4,29,selected_horizon,3,7,6.236800345504889e-05,-0.12430887261278988
4,29,selected_horizon,4,0,6.381850653269794e-05,-0.07308649413507763
4,29,selected_horizon,4,1,6.306078557827277e-05,-0.14132908793449894
4,29,selected_horizon,4,2,6.330877522486844e-05,-0.12346530446761399
4,29,selected_horizon,4,3,6.242004155865288e-05,-0.06958361811407222
4,29,selected_horizon,4,4,6.37082698631275e-05,-0.05863012939054511
4,29,selected_horizon,4,5,6.279371154960245e-05,-0.07542977602902695
4,29,selected_horizon,4,6,6.21708104517893e-05,-0.09590074900968885
4,29,selected_horizon,4,7,6.314158054010477e-05,-0.06163914308806134
4,29,selected_horizon,5,0,6.361040323099587e-05,-0.0967729462824433
4,29,selected_horizon,5,1,6.46815647087351e-05,-0.08558532182925231
4,29,selected_horizon,5,2,6.59786910546245e-05,-0.18194543585467035
4,29,selected_horizon,5,3,6.260612008190947e-05,-0.09721171899560456
4,29,selected_horizon,5,4,6.422351816581795e-05,-0.07609202543812618
4,29,selected_horizon,5,5,6.428930146284983e-05,-0.08047143266956568
4,29,selected_horizon,5,6,6.206533680597204e-05,-0.07629718500555434
4,29,selected_horizon,5,7,6.307479770839564e-05,-0.08179105698452437
4,29,selected_horizon,6,0,6.363575766954455e-05,-0.14546808915763654
4,29,selected_horizon,6,1,6.30607205494016e-05,-0.0724693560602435
4,29,selected_horizon,6,2,6.308777574304258e-05,-0.075817647804773
4,29,selected_horizon,6,3,6.279677245402127e-05,-0.08123094019889099
4,29,selected_horizon,6,4,6.264174544412526e-05,-0.14797779010401846
4,29,selected_horizon,6,5,6.376228520821314e-05,-0.07880542539411647
4,29,selected_horizon,6,6,6.415565167117165e-05,-0.056661497531452026
4,29,selected_horizon,6,7,6.438035052269697e-05,-0.0566323554235
4,29,selected_horizon,7,0,6.344623761833645e-05,-0.11654581616295093
4,29,selected_horizon,7,1,6.298244625213556e-05,-0.11727897822997499
4,29,selected_horizon,7,2,6.395683612936409e-05,-0.43159218538569866
4,29,selected_horizon,7,3,6.271454185480252e-05,-0.10622970063151524
4,29,selected_horizon,7,4,6.302110841716058e-05,-0.10148229968234908
4,29,selected_horizon,7,5,6.368989261318347e-05,-0.06574707762034426
4,29,selected_horizon,7,6,6.436509784180089e-05,-0.08625535295272689
4,29,selected_horizon,7,7,6.353423623295384e-05,-0.0668771014143518
4,29,selected_horizon,8,0,6.447936220865813e-05,-0.07048651337462483
4,29,selected_horizon,8,1,6.29172172921244e-05,-0.27484667951647523
4,29,selected_horizon,8,2,6.565005696756998e-05,-0.37303629732229926
4,29,selected_horizon,8,3,6.40961143290042e-05,-0.054353140316652525
4,29,selected_horizon,8,4,6.359408780554077e-05,-0.5380599569531425
4,29,selected_horizon,8,5,6.247661121960846e-05,-0.19182644554174919
4,29,selected_horizon,8,6,6.419470446417108e-05,-0.08621799940122357
4,29,selected_horizon,8,7,6.604882219107822e-05,-0.033893594920073815
4,29,selected_horizon,9,0,6.577412932529114e-05,-0.12409796476013893
4,29,selected_horizon,9,1,6.288103850238258e-05,-0.47423394600294466
4,29,selected_horizon,9,2,6.257673294385313e-05,-0.05578878533405756
4,29,selected_horizon,9,3,6.516969142467133e-05,-0.0897719877659634
4,29,selected_horizon,9,4,6.460237409555702e-05,-0.19126746896790045
4,29,selected_horizon,9,5,6.45609879939002e-05,-0.054923076887232476
4,29,selected_horizon,9,6,6.435809336835518e-05,-0.060087443083382486
4,29,selected_horizon,9,7,6.519601356558269e-05,-0.06065231273619721
4,29,selected_horizon,10,0,6.564567593159154e-05,-0.1280432823724145
4,29,selected_horizon,10,1,6.451749641200877e-05,-0.06288111712995005
4,29,selected_horizon,10,2,6.324219566522515e-05,-0.151905016182928
4,29,selected_horizon,10,3,6.440937249863055e-05,-0.05897849399534652
4,29,selected_horizon,10,4,6.620667863899143e-05,-0.05180276268766189
4,29,selected_horizon,10,5,6.459550149884308e-05,-0.03878468699331916
4,29,selected_horizon,10,6,6.447263376685441e-05,-0.1817715517508548
4,29,selected_horizon,10,7,6.53297288408794e-05,-0.23814100958369905
4,29,selected_horizon,11,0,6.449942657127394e-05,-0.11947278202334037
4,29,selected_horizon,11,1,6.637739397774567e-05,-0.057956957011927976
4,29,selected_horizon,11,2,6.389126610883977e-05,-0.09310961787252268
4,29,selected_horizon,11,3,6.546715485455934e-05,-0.0539049716239107
4,29,selected_horizon,11,4,6.354266770358663e-05,-0.19839705345277364
4,29,selected_horizon,11,5,6.510305956908269e-05,-0.1101814242826135
4,29,selected_horizon,11,6,6.482783874162124e-05,-0.14674059079569404
4,29,selected_horizon,11,7,6.42725067336869e-05,-0.10203315530997545
4,29,selected_horizon,12,0,6.320742795651313e-05,-0.13906392894224273
4,29,selected_horizon,12,1,6.41441865809611e-05,-0.2003976987322073
4,29,selected_horizon,12,2,6.421414900614764e-05,-0.05855388218063275
4,29,selected_horizon,12,3,6.366498155330191e-05,-0.1065088295170271
4,29,selected_horizon,12,4,6.304058524619904e-05,-0.05521950424955484
4,29,selected_horizon,12,5,6.283405627982575e-05,-0.07757074816155603
4,29,selected_horizon,12,6,6.337138665912789e-05,-0.10787997920601783
4,29,selected_horizon,12,7,6.422887645385345e-05,-0.5194510404726479
4,29,selected_horizon,13,0,6.651356716247392e-05,-0.09440369197547836
4,29,selected_horizon,13,1,6.572070969923516e-05,-0.09794283167606033
4,29,selected_horizon,13,2,6.645805842708796e-05,-0.06616534501321104
4,29,selected_horizon,13,3,6.588242649741005e-05,-0.14550925195087366
4,29,selected_horizon,13,4,6.64335825604212e-05,-0.058401507042353196
4,29,selected_horizon,13,5,6.660523104073945e-05,-0.11486833735855302
4,29,selected_horizon,13,6,6.470236166933319e-05,-0.08092498214294873
4,29,selected_horizon,13,7,6.384931975844665e-05,-0.12126031171426763
4,29,selected_horizon,14,0,6.546496297232807e-05,-0.048626583641408976
4,29,selected_horizon,14,1,6.593563421120052e-05,-0.12272819238823246
4,29,selected_horizon,14,2,6.284039318416035e-05,-0.14293618522521132
4,29,selected_horizon,14,3,6.56780794088263e-05,-0.06440707444005012
4,29,selected_horizon,14,4,6.529427309942548e-05,-0.07253630686783219
4,29,selected_horizon,14,5,6.605703811146668e-05,-0.06809938262217928
4,29,selected_horizon,14,6,6.348885608531418e-05,-0.07393424726496355
4,29,selected_horizon,14,7,6.672151721431874e-05,-0.07207046088868305
4,29,selected_horizon,15,0,6.576982923434116e-05,-0.16080306620412366
4,29,selected_horizon,15,1,6.337322065519402e-05,-0.28982594248676635
4,29,selected_horizon,15,2,6.48689347144682e-05,-0.07798225773642722
4,29,selected_horizon,15,3,6.452886145780212e-05,-0.03824863769113415
4,29,selected_horizon,15,4,6.477409215221996e-05,-0.17755989477112175
4,29,selected_horizon,15,5,6.567351510966546e-05,-0.06624042802050455
4,29,selected_horizon,15,6,6.44831179670291e-05,-0.13078584586371303
4,29,selected_horizon,15,7,6.450428190873936e-05,-0.10798767197124198
4,29,selected_horizon,16,0,6.49771532152954e-05,-0.06352177199281712
4,29,selected_horizon,16,1,6.387346638803137e-05,-0.07755997409745985
4,29,selected_horizon,16,2,6.503210170194507e-05,-0.08063082384610226
4,29,selected_horizon,16,3,6.243710049602669e-05,-0.08042841871303827
4,29,selected_horizon,16,4,6.461802286139573e-05,-0.050697738143022496
4,29,selected_horizon,16,5,6.437758383981418e-05,-0.12955854745078255
4,29,selected_horizon,16,6,6.597274159503286e-05,-0.10380663394613147
4,29,selected_horizon,16,7,6.287187716225162e-05,-0.10267215527263132
4,29,selected_horizon,17,0,6.477868419096922e-05,-0.057722087673039754
4,29,selected_horizon,17,1,6.393127569026547e-05,-0.09759214227682053
4,29,selected_horizon,17,2,6.383016852851142e-05,-0.0883167971650661
4,29,selected_horizon,17,3,6.407894761650823e-05,-0.07524633983234992
4,29,selected_horizon,17,4,6.433206817746395e-05,-0.08418217946774348
4,29,selected_horizon,17,5,6.480035699496511e-05,-0.1138562854813524
4,29,selected_horizon,17,6,6.571097219421063e-05,-0.09870012558947057
4,29,selected_horizon,17,7,6.542473056470044e-05,-0.05968250137617438
4,29,selected_horizon,18,0,6.45290328975534e-05,-0.0523231768449268
4,29,selected_horizon,18,1,6.490204532383359e-05,-0.09551984197779377
4,29,selected_horizon,18,2,6.46366543151089e-05,-0.11383955587258275
4,29,selected_horizon,18,3,6.464805619543768e-05,-0.1275066704851264
4,29,selected_horizon,18,4,6.479065996245481e-05,-0.0853217698323662
4,29,selected_horizon,18,5,6.529998108817381e-05,-0.10620322493325181
4,29,selected_horizon,18,6,6.348491660901345e-05,-0.07830754254645982
4,29,selected_horizon,18,7,6.488083954536705e-05,-0.07791521948748999
4,29,selected_horizon,19,0,6.518185182358138e-05,-0.07955297312771237
4,29,selected_horizon,19,1,6.336483829727513e-05,-0.10277799590057915
4,29,selected_horizon,19,2,6.46274997961882e-05,-0.13438550803500846
4,29,selected_horizon,19,3,6.529141228384105e-05,-0.06857406622410853
4,29,selected_horizon,19,4,6.390693533830927e-05,-0.06551167535904577
4,29,selected_horizon,19,5,6.394112551788567e-05,-0.09660584883629234
4,29,selected_horizon,19,6,6.389517466232064e-05,-0.4468017569034739
4,29,selected_horizon,19,7,6.349774366753991e-05,-0.07097885643299884
4,29,selected_horizon,20,0,6.497601316368673e-05,-0.11467225832736837
4,29,selected_horizon,20,1,6.360106954161893e-05,-0.09098079143412843
4,29,selected_horizon,20,2,6.435214936573175e-05,-0.08824771041805883
4,29,selected_horizon,20,3,6.509138302135398e-05,-0.06341219388776187
4,29,selected_horizon,20,4,6.353387198032578e-05,-0.12231905265450116
4,29,selected_horizon,20,5,6.445125382015249e-05,-0.18731804547640954
4,29,selected_horizon,20,6,6.584858601854648e-05,-0.06265441288605644
4,29,selected_horizon,20,7,6.436478361138143e-05,-0.08503306061425706
4,29,selected_horizon,21,0,6.556783000633004e-05,-0.21294670539941785
4,29,selected_horizon,21,1,6.282113963607117e-05,-0.06428548002229104
4,29,selected_horizon,21,2,6.429128188756295e-05,-0.05934482684354141
4,29,selected_horizon,21,3,6.469065419878461e-05,-0.12370482644383289
4,29,selected_horizon,21,4,6.284998471528525e-05,-0.07803392731302394
4,29,selected_horizon,21,5,6.476816633949056e-05,-0.08658955584522397
4,29,selected_horizon,21,6,6.505230066977674e-05,-0.11691087314250691
4,29,selected_horizon,21,7,6.556940979862702e-05,-0.08519982212906063
4,29,selected_horizon,22,0,6.533698024213663e-05,-0.12178825823869846
4,29,selected_horizon,22,1,6.280801699176664e-05,-0.07267061031266457
4,29,selected_horizon,22,2,6.490005625892081e-05,-0.08608825619515167
4,29,selected_horizon,22,3,6.568959906871896e-05,-0.09781509652534515
4,29,selected_horizon,22,4,6.332936709441128e-05,-0.2683519537742905
4,29,selected_horizon,22,5,6.39738996142114e-05,-0.05893939355627571
4,29,selected_horizon,22,6,6.414828021661378e-05,-0.1067836725619715
4,29,selected_horizon,22,7,6.497051299447776e-05,-0.05779239518681107
4,29,selected_horizon,23,0,6.321119553831522e-05,-0.22282457843009434
4,29,selected_horizon,23,1,6.495008165074978e-05,-0.05961583096606752
4,29,selected_horizon,23,2,6.42884861008497e-05,-0.04472705997243807
4,29,selected_horizon,23,3,6.510217281174846e-05,-0.06811755311474167
4,29,selected_horizon,23,4,6.411453978216741e-05,-0.0663997516303562
4,29,selected_horizon,23,5,6.459206406361773e-05,-0.07355372643092883
4,29,selected_horizon,23,6,6.48795548841008e-05,-0.06639019694214425
4,29,selected_horizon,23,7,6.330764472295414e-05,-0.07826769205676934
4,29,selected_horizon,24,0,6.364446880979813e-05,-0.08041158072839387
4,29,selected_horizon,24,1,6.35185647297476e-05,-0.0899303815524386
4,29,selected_horizon,24,2,6.337037393677747e-05,-0.0856706151591133
4,29,selected_horizon,24,3,6.304241878751782e-05,-0.08837915716278993
4,29,selected_horizon,24,4,6.453557944041677e-05,-0.15499534302980914
4,29,selected_horizon,24,5,6.49940566290752e-05,-0.10009065493096951
4,29,selected_horizon,24,6,6.504205930468743e-05,-0.1526451294486234
4,29,selected_horizon,24,7,6.284899700403912e-05,-0.09468008630089385
4,29,selected_horizon,25,0,6.343465656755143e-05,-0.13209877715360438
4,29,selected_horizon,25,1,6.525070375573705e-05,-0.12554419080878526
4,29,selected_horizon,25,2,6.343447284962167e-05,-0.08184775378054746
4,29,selected_horizon,25,3,6.493314549516072e-05,-0.07314580685538152
4,29,selected_horizon,25,4,6.398841469490435e-05,-0.05883250158931361
4,29,selected_horizon,25,5,6.208136164786993e-05,-0.06162582567111796
4,29,selected_horizon,25,6,6.38236670056358e-05,-0.1264366923242697
4,29,selected_horizon,25,7,6.283964967224165e-05,-0.3291673646119796
4,29,selected_horizon,26,0,6.50867782496789e-05,-0.17441153664954423
4,29,selected_horizon,26,1,6.365543958963826e-05,-0.11854923390933415
4,29,selected_horizon,26,2,6.38085366517771e-05,-0.07714738288415446
4,29,selected_horizon,26,3,6.491967633337481e-05,-0.07194023061147828
4,29,selected_horizon,26,4,6.408297304005828e-05,-0.06450758318385774
4,29,selected_horizon,26,5,6.341939752019243e-05,-0.13766228270259084
4,29,selected_horizon,26,6,6.434706301661208e-05,-0.09923023136194027
4,29,selected_horizon,26,7,6.512169056804851e-05,-0.055506170015681644
4,29,selected_horizon,27,0,6.424187222364708e-05,-0.24447279679221626
4,29,selected_horizon,27,1,6.600265123779536e-05,-0.07527104405179619
4,29,selected_horizon,27,2,6.314465417744941e-05,-0.163542006696974
4,29,selected_horizon,27,3,6.275564010138623e-05,-0.08137058590557315
4,29,selected_horizon,27,4,6.484514324256452e-05,-0.05746807023544173
4,29,selected_horizon,27,5,6.544480675074738e-05,-0.07501556727208908
4,29,selected_horizon,27,6,6.386554332493688e-05,-0.09849206387669913
4,29,selected_horizon,27,7,6.436875173676526e-05,-0.11075917307787
4,29,selected_horizon,28,0,6.469632444350282e-05,-0.05955395830697594
4,29,selected_horizon,28,1,6.271554502745857e-05,-0.09178995701276932
4,29,selected_horizon,28,2,6.375945758918533e-05,-0.06687908938902887
4,29,selected_horizon,28,3,6.458538427978056e-05,-0.06647229889526729
4,29,selected_horizon,28,4,6.51087343612744e-05,-0.07105470599503688
4,29,selected_horizon,28,5,6.400132224371191e-05,-0.06656430959187831
4,29,selected_horizon,28,6,6.38908463770349e-05,-0.10428923675595307
4,29,selected_horizon,28,7,6.462541887231055e-05,-0.08998911498321054
4,29,selected_horizon,29,0,6.406206057363306e-05,-0.17831878905548135
4,29,selected_horizon,29,1,6.365080434989068e-05,-0.0634040285652887
4,29,selected_horizon,29,2,6.479208832388395e-05,-0.10862385081644207
4,29,selected_horizon,29,3,6.346735881379573e-05,-0.12051523570685685
4,29,selected_horizon,29,4,6.406096645150683e-05,-0.09295684158322594
4,29,selected_horizon,29,5,6.500036033685319e-05,-0.3034320754614735
4,29,selected_horizon,29,6,6.080663547436416e-05,-0.057507552791513636
4,29,selected_horizon,29,7,6.382598257914651e-05,-0.12240124483061438
4,29,selected_horizon,30,0,6.506821455332101e-05,-0.07581517633677379
4,29,selected_horizon,30,1,6.339749052131083e-05,-0.08420527225859335
4,29,selected_horizon,30,2,6.477792248915648e-05,-0.15104062786497693
4,29,selected_horizon,30,3,6.446780844271416e-05,-0.08242520860028686
4,29,selected_horizon,30,4,6.36738509456336e-05,-0.06293979026717614
4,29,selected_horizon,30,5,6.426805339287966e-05,-0.11420459336686664
4,29,selected_horizon,30,6,6.494623812614009e-05,-0.07485920081529447
4,29,selected_horizon,30,7,6.486109805337037e-05,-0.12427868266634776
4,29,selected_horizon,31,0,6.251250533750863e-05,-0.08167035746016856
4,29,selected_horizon,31,1,6.290952342169476e-05,-0.06764491513021123
4,29,selected_horizon,31,2,6.33604618087702e-05,-0.2431020320668881
4,29,selected_horizon,31,3,6.265577667363686e-05,-0.07020599961595299
4,29,selected_horizon,31,4,6.368316144289565e-05,-0.0864158954846616
4,29,selected_horizon,31,5,6.423587592507829e-05,-0.043405331430403905
4,29,selected_horizon,31,6,6.265407864702865e-05,-0.320074456059174
4,29,selected_horizon,31,7,6.40594148535456e-05,-0.054804121524363196
4,29,horizon_1000,0,0,3.714657350428752e-05,-0.4551287037331086
4,29,horizon_1000,0,1,3.99894520342059e-05,-0.42527672700508024
4,29,horizon_1000,0,2,3.911213207175024e-05,-0.44214512222247065
4,29,horizon_1000,0,3,3.8910404100533924e-05,-0.4462100675994845
4,29,horizon_1000,0,4,3.898284512615646e-05,-0.4048486362399155
4,29,horizon_1000,0,5,3.755161401386431e-05,-0.49419810761307903
4,29,horizon_1000,0,6,4.128917498746887e-05,-0.42516152574589533
4,29,horizon_1000,0,7,3.313343563604576e-05,-0.7655588019555049
4,29,horizon_1000,1,0,5.663092497343314e-05,-0.26033396976404233
4,29,horizon_1000,1,1,5.638240145344753e-05,-0.17838016321821976
4,29,horizon_1000,1,2,4.0240727003038046e-05,-0.4429269477642855
4,29,horizon_1000,1,3,5.611407664218859e-05,-0.16067000683694327
4,29,horizon_1000,1,4,5.5587634960829746e-05,-0.17269913483802912
4,29,horizon_1000,1,5,5.728754990741436e-05,-0.14956237584558532
4,29,horizon_1000,1,6,5.6377085002168315e-05,-0.1459478674368466
4,29,horizon_1000,1,7,5.8767291420736e-05,-0.1358107240536146
4,29,horizon_1000,2,0,6.284190703809145e-05,-0.07251157578461273
4,29,horizon_1000,2,1,6.160083512440906e-05,-0.06512181410676672
4,29,horizon_1000,2,2,6.328227891572169e-05,-0.24314902909539757
4,29,horizon_1000,2,3,6.488001145044109e-05,-0.1138719012528694
4,29,horizon_1000,2,4,6.325854155875277e-05,-0.07977001918235603
4,29,horizon_1000,2,5,6.630836514887051e-05,-0.06540001070779643
4,29,horizon_1000,2,6,6.403060115189874e-05,-0.1531160553927979
4,29,horizon_1000,2,7,6.232376745174406e-05,-0.19881291781321805
4,29,horizon_1000,3,0,6.295620914897881e-05,-0.10840568037154609
4,29,horizon_1000,3,1,6.326857010208187e-05,-0.2004079113957915
4,29,horizon_1000,3,2,6.204438432177994e-05,-0.1822000828846545
4,29,horizon_1000,3,3,6.337715240078978e-05,-0.07639051828976355
4,29,horizon_1000,3,4,6.120576290413737e-05,-0.09488103055910173
4,29,horizon_1000,3,5,6.331265376502415e-05,-0.07121302425321092
4,29,horizon_1000,3,6,6.379041906257044e-05,-0.1104073857298228
4,29,horizon_1000,3,7,6.228242909855908e-05,-0.1255103974421683
4,29,horizon_1000,4,0,6.368029107761686e-05,-0.07509396467919449
4,29,horizon_1000,4,1,6.326234461084823e-05,-0.13858454746058133
4,29,horizon_1000,4,2,6.32286232757906e-05,-0.1245750394772036
4,29,horizon_1000,4,3,6.204919509400497e-05,-0.07511135595687196
4,29,horizon_1000,4,4,6.396165053956793e-05,-0.054886110990608715
4,29,horizon_1000,4,5,6.289221983024618e-05,-0.07397934698366272
4,29,horizon_1000,4,6,6.263786917770631e-05,-0.08910869593523987
4,29,horizon_1000,4,7,6.323718662315514e-05,-0.06021832014936158
4,29,horizon_1000,5,0,6.324152900560875e-05,-0.1020107244266699
4,29,horizon_1000,5,1,6.479853936980362e-05,-0.08393163043299791
4,29,horizon_1000,5,2,6.57260175103147e-05,-0.18507827681979772
4,29,horizon_1000,5,3,6.307621697487775e-05,-0.09043286150766099
4,29,horizon_1000,5,4,6.433049475162989e-05,-0.07455307952632072
4,29,horizon_1000,5,5,6.417006534320535e-05,-0.08217686445644065
4,29,horizon_1000,5,6,6.126450603005651e-05,-0.08821574825060519
4,29,horizon_1000,5,7,6.29367336841824e-05,-0.08380091870976339
4,29,horizon_1000,6,0,6.339029414448305e-05,-0.14876429278268255
4,29,horizon_1000,6,1,6.306199884420494e-05,-0.07245055421986238
4,29,horizon_1000,6,2,6.301954772425233e-05,-0.07681713035346861
4,29,horizon_1000,6,3,6.276830345086637e-05,-0.08164746541571244
4,29,horizon_1000,6,4,6.245881468203152e-05,-0.15046592435174777
4,29,horizon_1000,6,5,6.38815336060361e-05,-0.07708260481536465
4,29,horizon_1000,6,6,6.394201727744075e-05,-0.05980275701223508
4,29,horizon_1000,6,7,6.453771175074507e-05,-0.0543265355600454
4,29,horizon_1000,7,0,6.380022978191846e-05,-0.11161666875088012
4,29,horizon_1000,7,1,6.288271652010735e-05,-0.11867672531976521
4,29,horizon_1000,7,2,6.367814012264716e-05,-0.43406905881638685
4,29,horizon_1000,7,3,6.282211643338087e-05,-0.10469661180623112
4,29,horizon_1000,7,4,6.282002050284063e-05,-0.1043492922642699
4,29,horizon_1000,7,5,6.402249209713773e-05,-0.060868249487386984
4,29,horizon_1000,7,6,6.411455797206145e-05,-0.08981208591084353
4,29,horizon_1000,7,7,6.315248265309492e-05,-0.07248388962972095
4,29,horizon_1000,8,0,6.498988113889936e-05,-0.06312703873681481
4,29,horizon_1000,8,1,6.300235827438883e-05,-0.2738653858633943
4,29,horizon_1000,8,2,6.554960555149592e-05,-0.3739956170041104
4,29,horizon_1000,8,3,6.399225321729318e-05,-0.05588546306602544
4,29,horizon_1000,8,4,6.374314989443519e-05,-0.5369771873099785
4,29,horizon_1000,8,5,6.208063086887705e-05,-0.19694869595352865
4,29,horizon_1000,8,6,6.462150849984027e-05,-0.08014264086763767
4,29,horizon_1000,8,7,6.625775813517976e-05,-0.03083745633725461
4,29,horizon_1000,9,0,6.564258228536346e-05,-0.12584975260110898
4,29,horizon_1000,9,1,6.310032222245354e-05,-0.4724004531257057
4,29,horizon_1000,9,2,6.243457528398721e-05,-0.057933781571181335
4,29,horizon_1000,9,3,6.49253902338387e-05,-0.09318415348988779
4,29,horizon_1000,9,4,6.462108831328806e-05,-0.19103319279951203
4,29,horizon_1000,9,5,6.420728686862276e-05,-0.0601007357423031
4,29,horizon_1000,9,6,6.424791126846685e-05,-0.06169658862844624
4,29,horizon_1000,9,7,6.496431069535902e-05,-0.06399070021380042
4,29,horizon_1000,10,0,6.533084297188907e-05,-0.13222513761645552
4,29,horizon_1000,10,1,6.432805503209238e-05,-0.06563275977248079
4,29,horizon_1000,10,2,6.330414271360496e-05,-0.15107428947522017
4,29,horizon_1000,10,3,6.479069907072699e-05,-0.05340730937991785
4,29,horizon_1000,10,4,6.588054748135619e-05,-0.05647354015344302
4,29,horizon_1000,10,5,6.461876364483032e-05,-0.03843853392665803
4,29,horizon_1000,10,6,6.432453164961771e-05,-0.1836511300849309
4,29,horizon_1000,10,7,6.544049756485038e-05,-0.23684925237436216
4,29,horizon_1000,11,0,6.476639237007475e-05,-0.11582824338774127
4,29,horizon_1000,11,1,6.624117168030352e-05,-0.05989025477966271
4,29,horizon_1000,11,2,6.418759403459262e-05,-0.0889034569652831
4,29,horizon_1000,11,3,6.530207156174583e-05,-0.05629066385302603
4,29,horizon_1000,11,4,6.335953457892174e-05,-0.20070731296259733
4,29,horizon_1000,11,5,6.522903004224645e-05,-0.1084596792869873
4,29,horizon_1000,11,6,6.501512280010502e-05,-0.1442755713195371
4,29,horizon_1000,11,7,6.436891635530628e-05,-0.10068619300645065
4,29,horizon_1000,12,0,6.329987490971689e-05,-0.13780472699010404
4,29,horizon_1000,12,1,6.455528273363598e-05,-0.19527309668730852
4,29,horizon_1000,12,2,6.373289397743065e-05,-0.0656095807373991
4,29,horizon_1000,12,3,6.39083341411606e-05,-0.1030935550087973
4,29,horizon_1000,12,4,6.298230709944619e-05,-0.05609291074103247
4,29,horizon_1000,12,5,6.286711641223519e-05,-0.07708541210321983
4,29,horizon_1000,12,6,6.337435661407653e-05,-0.10783816922819946
4,29,horizon_1000,12,7,6.367593869072152e-05,-0.523588021865236
4,29,horizon_1000,13,0,6.638675267822691e-05,-0.09613029804454687
4,29,horizon_1000,13,1,6.544701545863063e-05,-0.10169945348973446
4,29,horizon_1000,13,2,6.62932820887363e-05,-0.06848069786456501
4,29,horizon_1000,13,3,6.594663727810257e-05,-0.14467644233920998
4,29,horizon_1000,13,4,6.604848840652267e-05,-0.06385965126674262
4,29,horizon_1000,13,5,6.591526062038611e-05,-0.1240375070438474
4,29,horizon_1000,13,6,6.483991865025018e-05,-0.07897103206398935
4,29,horizon_1000,13,7,6.40156026747718e-05,-0.11897180811530063
4,29,horizon_1000,14,0,6.54334085083974e-05,-0.04908515074032823
4,29,horizon_1000,14,1,6.57015698379837e-05,-0.1258424124643102
4,29,horizon_1000,14,2,6.259622705329093e-05,-0.14626630371999008
4,29,horizon_1000,14,3,6.568085109392996e-05,-0.06436759141925841
4,29,horizon_1000,14,4,6.534612157338415e-05,-0.07179983221456894
4,29,horizon_1000,14,5,6.609270531043876e-05,-0.06759620709853364
4,29,horizon_1000,14,6,6.359368171615642e-05,-0.07240523205320103
4,29,horizon_1000,14,7,6.706063368255855e-05,-0.06735419841119712
4,29,horizon_1000,15,0,6.53345018690743e-05,-0.16635767071476806
4,29,horizon_1000,15,1,6.349123486870667e-05,-0.2885034496106268
4,29,horizon_1000,15,2,6.471215920100803e-05,-0.08021059408261529
4,29,horizon_1000,15,3,6.464875514211599e-05,-0.03646171767401137
4,29,horizon_1000,15,4,6.521368459289079e-05,-0.17197836608966205
4,29,horizon_1000,15,5,6.596297953365138e-05,-0.06212476318677307
4,29,horizon_1000,15,6,6.43315520392207e-05,-0.13282891161315813
4,29,horizon_1000,15,7,6.454138974731904e-05,-0.10747451767357206
4,29,horizon_1000,16,0,6.479272997239605e-05,-0.06617975781040866
4,29,horizon_1000,16,1,6.376625378834433e-05,-0.0791083039255546
4,29,horizon_1000,16,2,6.502502992589143e-05,-0.08073079867013876
4,29,horizon_1000,16,3,6.258035955397645e-05,-0.07831850397635176
4,29,horizon_1000,16,4,6.432989721361082e-05,-0.05493058707632879
4,29,horizon_1000,16,5,6.424789080483606e-05,-0.13131211114513874
4,29,horizon_1000,16,6,6.574224244104698e-05,-0.10693780308794447
4,29,horizon_1000,16,7,6.24836866336409e-05,-0.10821253653853342
4,29,horizon_1000,17,0,6.502304177047336e-05,-0.054167635267096476
4,29,horizon_1000,17,1,6.40176008346316e-05,-0.09637363869224488
4,29,horizon_1000,17,2,6.337606328088441e-05,-0.09480276040352789
4,29,horizon_1000,17,3,6.437906358769396e-05,-0.07091522402673896
4,29,horizon_1000,17,4,6.39943364149076e-05,-0.08899005795620832
4,29,horizon_1000,17,5,6.518553936984972e-05,-0.1085889234439198
4,29,horizon_1000,17,6,6.59831484881579e-05,-0.0949669216607999
4,29,horizon_1000,17,7,6.527240930154221e-05,-0.06187174003140311
4,29,horizon_1000,18,0,6.440947618102655e-05,-0.05407899316848619
4,29,horizon_1000,18,1,6.510174398499657e-05,-0.09273682526846999
4,29,horizon_1000,18,2,6.475887312262785e-05,-0.11216395131199217
4,29,horizon_1000,18,3,6.446942597904126e-05,-0.1299174726256348
4,29,horizon_1000,18,4,6.479862759078969e-05,-0.08520928732040836
4,29,horizon_1000,18,5,6.573835116796545e-05,-0.10020301242056426
4,29,horizon_1000,18,6,6.319955218714313e-05,-0.08245054610245925
4,29,horizon_1000,18,7,6.4548391947028e-05,-0.08263995598742437
4,29,horizon_1000,19,0,6.478462319137179e-05,-0.08516232455417162
4,29,horizon_1000,19,1,6.369288848873111e-05,-0.09813292999127347
4,29,horizon_1000,19,2,6.471916231021169e-05,-0.13315778917293125
4,29,horizon_1000,19,3,6.53928518659086e-05,-0.06712696232262835
4,29,horizon_1000,19,4,6.391803663063911e-05,-0.06534934512030495
4,29,horizon_1000,19,5,6.416645874196547e-05,-0.09342222147521913
4,29,horizon_1000,19,6,6.374098438755027e-05,-0.44813672139111055
4,29,horizon_1000,19,7,6.35972846794175e-05,-0.06952249437436385
4,29,horizon_1000,20,0,6.544274856423726e-05,-0.10831277614296422
4,29,horizon_1000,20,1,6.355291452564416e-05,-0.09166904769814013
4,29,horizon_1000,20,2,6.461687053160858e-05,-0.08449709553622657
4,29,horizon_1000,20,3,6.50142951599264e-05,-0.06452139679083504
4,29,horizon_1000,20,4,6.321849241430755e-05,-0.1266758253121162
4,29,horizon_1000,20,5,6.437256752178655e-05,-0.18831022066246095
4,29,horizon_1000,20,6,6.601776931347558e-05,-0.060246111895804026
4,29,horizon_1000,20,7,6.441790856115404e-05,-0.08427787167441775
4,29,horizon_1000,21,0,6.555019581355737e-05,-0.21315838008070614
4,29,horizon_1000,21,1,6.273609824347659e-05,-0.06555216296231492
4,29,horizon_1000,21,2,6.420415093089105e-05,-0.06061965264774346
4,29,horizon_1000,21,3,6.495173784060171e-05,-0.12016820530354017
4,29,horizon_1000,21,4,6.319937347143423e-05,-0.07290863443018696
4,29,horizon_1000,21,5,6.418202747227042e-05,-0.09485573649078428
4,29,horizon_1000,21,6,6.44435426693235e-05,-0.12517480178996093
4,29,horizon_1000,21,7,6.556892049047747e-05,-0.08520664877556577
4,29,horizon_1000,22,0,6.489109773610835e-05,-0.12778148367992354
4,29,horizon_1000,22,1,6.291241697908845e-05,-0.07112919599704952
4,29,horizon_1000,22,2,6.512349318654742e-05,-0.08294185472913503
4,29,horizon_1000,22,3,6.544423922605347e-05,-0.10118488335781091
4,29,horizon_1000,22,4,6.353230310196523e-05,-0.26600742168360436
4,29,horizon_1000,22,5,6.432972577385954e-05,-0.05370516547878915
4,29,horizon_1000,22,6,6.41172769064724e-05,-0.10721537022758934
4,29,horizon_1000,22,7,6.482201524704578e-05,-0.05994592146326093
4,29,horizon_1000,23,0,6.316422604868421e-05,-0.22340206367766852
4,29,horizon_1000,23,1,6.470742619058001e-05,-0.06312913452895323
4,29,horizon_1000,23,2,6.376789542628103e-05,-0.052462600415341246
4,29,horizon_1000,23,3,6.530717428177013e-05,-0.06518313075603978
4,29,horizon_1000,23,4,6.409997740774998e-05,-0.06661180082261683
4,29,horizon_1000,23,5,6.491050953627564e-05,-0.06898625168374793
4,29,horizon_1000,23,6,6.485012727353023e-05,-0.06681365708699769
4,29,horizon_1000,23,7,6.283209404500667e-05,-0.08519150711649398
4,29,horizon_1000,24,0,6.406262991731637e-05,-0.0743696399430484
4,29,horizon_1000,24,1,6.355884534059442e-05,-0.08935325641902019
4,29,horizon_1000,24,2,6.358365681080613e-05,-0.08259329705456368
4,29,horizon_1000,24,3,6.251140575841418e-05,-0.09605783692253356
4,29,horizon_1000,24,4,6.497621143353172e-05,-0.14922587308128327
4,29,horizon_1000,24,5,6.535230386361945e-05,-0.09513035469842045
4,29,horizon_1000,24,6,6.506834279207396e-05,-0.15230271345979798
4,29,horizon_1000,24,7,6.272203290791367e-05,-0.09650896392864323
4,29,horizon_1000,25,0,6.368959657265805e-05,-0.12861073521947838
4,29,horizon_1000,25,1,6.528339281430817e-05,-0.1251061091404018
4,29,horizon_1000,25,2,6.345548854369554e-05,-0.08154357206589012
4,29,horizon_1000,25,3,6.566295996890403e-05,-0.0627284522047118
4,29,horizon_1000,25,4,6.4009934249043e-05,-0.058515983278426324
4,29,horizon_1000,25,5,6.220281511559733e-05,-0.0597900283484928
4,29,horizon_1000,25,6,6.347054068100988e-05,-0.13126998089323194
4,29,horizon_1000,25,7,6.294346894719638e-05,-0.3280590618415916
4,29,horizon_1000,26,0,6.465918431786122e-05,-0.17983532050550857
4,29,horizon_1000,26,1,6.327685150608886e-05,-0.12379162573678355
4,29,horizon_1000,26,2,6.399671201506862e-05,-0.07442583282827384
4,29,horizon_1000,26,3,6.493330283774412e-05,-0.07174543280568492
4,29,horizon_1000,26,4,6.395386344593135e-05,-0.06639234352680333
4,29,horizon_1000,26,5,6.319055546555319e-05,-0.14077393533152702
4,29,horizon_1000,26,6,6.373455153152463e-05,-0.10780454389222532
4,29,horizon_1000,26,7,6.526442075482919e-05,-0.05343607970336094
4,29,horizon_1000,27,0,6.425553056033095e-05,-0.2443121656561978
4,29,horizon_1000,27,1,6.542472920045839e-05,-0.08336801034305408
4,29,horizon_1000,27,2,6.325464573819772e-05,-0.16208498200688298
4,29,horizon_1000,27,3,6.264028525038157e-05,-0.08305917292373069
4,29,horizon_1000,27,4,6.48176660433819e-05,-0.057867454619145484
4,29,horizon_1000,27,5,6.514109645650024e-05,-0.07930815072042524
4,29,horizon_1000,27,6,6.404939676940558e-05,-0.09589684068367234
4,29,horizon_1000,27,7,6.411598542399588e-05,-0.1142510867614582
4,29,horizon_1000,28,0,6.487981909231166e-05,-0.056886622602382274
4,29,horizon_1000,28,1,6.335776561172679e-05,-0.08248969207542167
4,29,horizon_1000,28,2,6.374839222189621e-05,-0.06704103125603152
4,29,horizon_1000,28,3,6.474746987805702e-05,-0.0641294871642766
4,29,horizon_1000,28,4,6.439070693886606e-05,-0.08129923311656956
4,29,horizon_1000,28,5,6.466741297117551e-05,-0.056849621890632925
4,29,horizon_1000,28,6,6.411707636289066e-05,-0.10111763010507636
4,29,horizon_1000,28,7,6.412245193132549e-05,-0.09707155095170081
4,29,horizon_1000,29,0,6.3904898979672e-05,-0.1803345957230091
4,29,horizon_1000,29,1,6.344968642224558e-05,-0.0663633979360235
4,29,horizon_1000,29,2,6.504923976535792e-05,-0.10508609385277926
4,29,horizon_1000,29,3,6.334139152386342e-05,-0.12226079932200257
4,29,horizon_1000,29,4,6.407455111911986e-05,-0.09276449544016402
4,29,horizon_1000,29,5,6.484793675554101e-05,-0.30506550298610763
4,29,horizon_1000,29,6,6.069985056456062e-05,-0.05916270062497835
4,29,horizon_1000,29,7,6.39429104012379e-05,-0.1207935028583726
4,29,horizon_1000,30,0,6.492184047601768e-05,-0.0778941745350507
4,29,horizon_1000,30,1,6.369236416503554e-05,-0.07994573885983498
4,29,horizon_1000,30,2,6.467149341915501e-05,-0.15243545426529082
4,29,horizon_1000,30,3,6.464646367021487e-05,-0.07988239634923754
4,29,horizon_1000,30,4,6.406057173080626e-05,-0.05724858964588276
4,29,horizon_1000,30,5,6.445855842684978e-05,-0.11157889560378625
4,29,horizon_1000,30,6,6.527029199787648e-05,-0.07024314503551493
4,29,horizon_1000,30,7,6.474527617683634e-05,-0.12584245030732996
4,29,horizon_1000,31,0,6.298060907283798e-05,-0.07479375679257973
4,29,horizon_1000,31,1,6.269571531447582e-05,-0.07081367345342587
4,29,horizon_1000,31,2,6.364490900523379e-05,-0.2397040532826211
4,29,horizon_1000,31,3,6.302995006990386e-05,-0.06465337226980183
4,29,horizon_1000,31,4,6.38956121292722e-05,-0.08336812640929898
4,29,horizon_1000,31,5,6.414663766918238e-05,-0.04473425920780418
4,29,horizon_1000,31,6,6.29630776529666e-05,-0.31672118167183294
4,29,horizon_1000,31,7,6.392882733052829e-05,-0.05673093882075118
4,43,random_initialization,0,0,6.686466531391488e-05,0.0
4,43,random_initialization,0,1,6.792941667299601e-05,0.0
4,43,random_initialization,0,2,7.287908920261543e-05,0.0
4,43,random_initialization,0,3,6.912036678841105e-05,0.0
4,43,random_initialization,0,4,6.724528429913335e-05,0.0
4,43,random_initialization,0,5,6.826385333624785e-05,0.0
4,43,random_initialization,0,6,6.929559958734899e-05,0.0
4,43,random_initialization,0,7,7.036238957880414e-05,0.0
4,43,random_initialization,1,0,6.960000018807477e-05,0.0
4,43,random_initialization,1,1,0.00013012026238357066,0.0
4,43,random_initialization,1,2,6.753093066436122e-05,0.0
4,43,random_initialization,1,3,6.885826451252797e-05,0.0
4,43,random_initialization,1,4,6.925761999809765e-05,0.0
4,43,random_initialization,1,5,8.394436872549704e-05,0.0
4,43,random_initialization,1,6,6.96779384270485e-05,0.0
4,43,random_initialization,1,7,6.884892309244606e-05,0.0
4,43,random_initialization,2,0,6.76954068694613e-05,0.0
4,43,random_initialization,2,1,6.756541870345245e-05,0.0
4,43,random_initialization,2,2,7.075106850606971e-05,0.0
4,43,random_initialization,2,3,6.955449771339772e-05,0.0
4,43,random_initialization,2,4,7.129679170247982e-05,0.0
4,43,random_initialization,2,5,7.13929894118337e-05,0.0
4,43,random_initialization,2,6,7.952356736495858e-05,0.0
4,43,random_initialization,2,7,6.92406383677735e-05,0.0
4,43,random_initialization,3,0,6.81976512169058e-05,0.0
4,43,random_initialization,3,1,7.47466665416141e-05,0.0
4,43,random_initialization,3,2,7.002106576692313e-05,0.0
4,43,random_initialization,3,3,6.966007413211628e-05,0.0
4,43,random_initialization,3,4,8.614160333308973e-05,0.0
4,43,random_initialization,3,5,6.799157290515723e-05,0.0
4,43,random_initialization,3,6,7.05257066329068e-05,0.0
4,43,random_initialization,3,7,6.857178095742711e-05,0.0
4,43,random_initialization,4,0,6.887488416396081e-05,0.0
4,43,random_initialization,4,1,6.881946774228709e-05,0.0
4,43,random_initialization,4,2,6.848817656646133e-05,0.0
4,43,random_initialization,4,3,8.405126664001727e-05,0.0
4,43,random_initialization,4,4,6.949277258172515e-05,0.0
4,43,random_initialization,4,5,7.199201036200975e-05,0.0
4,43,random_initialization,4,6,7.007559133853647e-05,0.0
4,43,random_initialization,4,7,8.084897444859962e-05,0.0
4,43,random_initialization,5,0,6.731309849783429e-05,0.0
4,43,random_initialization,5,1,6.812658602939337e-05,0.0
4,43,random_initialization,5,2,7.095507316989824e-05,0.0
4,43,random_initialization,5,3,6.853904687886825e-05,0.0
4,43,random_initialization,5,4,7.986494892975315e-05,0.0
4,43,random_initialization,5,5,6.884524509587209e-05,0.0
4,43,random_initialization,5,6,8.229289051087108e-05,0.0
4,43,random_initialization,5,7,6.76710201332753e-05,0.0
4,43,random_initialization,6,0,7.504338873332017e-05,0.0
4,43,random_initialization,6,1,8.191563847503858e-05,0.0
4,43,random_initialization,6,2,7.556089894933393e-05,0.0
4,43,random_initialization,6,3,0.00013397811062532128,0.0
4,43,random_initialization,6,4,8.548769665139844e-05,0.0
4,43,random_initialization,6,5,7.246376480907202e-05,0.0
4,43,random_initialization,6,6,6.921066824361333e-05,0.0
4,43,random_initialization,6,7,7.494312876588083e-05,0.0
4,43,random_initialization,7,0,6.853953073004959e-05,0.0
4,43,random_initialization,7,1,6.774308076273883e-05,0.0
4,43,random_initialization,7,2,8.225553665397456e-05,0.0
4,43,random_initialization,7,3,7.226400930449017e-05,0.0
4,43,random_initialization,7,4,6.74249336043431e-05,0.0
4,43,random_initialization,7,5,7.501017535105348e-05,0.0
4,43,random_initialization,7,6,7.423267879858031e-05,0.0
4,43,random_initialization,7,7,6.95789558449178e-05,0.0
4,43,random_initialization,8,0,7.176104963946273e-05,0.0
4,43,random_initialization,8,1,7.585962612211006e-05,0.0
4,43,random_initialization,8,2,7.1940479301702e-05,0.0
4,43,random_initialization,8,3,6.986447442614008e-05,0.0
4,43,random_initialization,8,4,0.00010413753034299589,0.0
4,43,random_initialization,8,5,6.912083836141392e-05,0.0
4,43,random_initialization,8,6,6.917009204698843e-05,0.0
4,43,random_initialization,8,7,7.275141115314909e-05,0.0
4,43,random_initialization,9,0,6.945681388970115e-05,0.0
4,43,random_initialization,9,1,6.96202282597369e-05,0.0
4,43,random_initialization,9,2,8.5973353634472e-05,0.0
4,43,random_initialization,9,3,7.529310732934391e-05,0.0
4,43,random_initialization,9,4,6.889664518894278e-05,0.0
4,43,random_initialization,9,5,8.378063421332627e-05,0.0
4,43,random_initialization,9,6,8.87440646692994e-05,0.0
4,43,random_initialization,9,7,7.013446838755044e-05,0.0
4,43,random_initialization,10,0,7.057058974169195e-05,0.0
4,43,random_initialization,10,1,6.782317905162927e-05,0.0
4,43,random_initialization,10,2,7.205114525277168e-05,0.0
4,43,random_initialization,10,3,6.957084588066209e-05,0.0
4,43,random_initialization,10,4,7.157338950491976e-05,0.0
4,43,random_initialization,10,5,7.126152831915533e-05,0.0
4,43,random_initialization,10,6,7.379521821349044e-05,0.0
4,43,random_initialization,10,7,7.224641012726352e-05,0.0
4,43,random_initialization,11,0,6.874522887301282e-05,0.0
4,43,random_initialization,11,1,6.985705522311036e-05,0.0
4,43,random_initialization,11,2,6.851205307611963e-05,0.0
4,43,random_initialization,11,3,7.360267818512511e-05,0.0
4,43,random_initialization,11,4,8.093619271676289e-05,0.0
4,43,random_initialization,11,5,7.594963517476572e-05,0.0
4,43,random_initialization,11,6,7.008030797805986e-05,0.0
4,43,random_initialization,11,7,6.931387542863376e-05,0.0
4,43,random_initialization,12,0,6.913495371918543e-05,0.0
4,43,random_initialization,12,1,7.276665292010875e-05,0.0
4,43,random_initialization,12,2,7.705880852881819e-05,0.0
4,43,random_initialization,12,3,7.377305155387148e-05,0.0
4,43,random_initialization,12,4,6.957181767575094e-05,0.0
4,43,random_initialization,12,5,8.548626965421136e-05,0.0
4,43,random_initialization,12,6,7.264196801770595e-05,0.0
4,43,random_initialization,12,7,8.029504851947422e-05,0.0
4,43,random_initialization,13,0,7.537274541391525e-05,0.0
4,43,random_initialization,13,1,7.132546488719527e-05,0.0
4,43,random_initialization,13,2,7.421811960739433e-05,0.0
4,43,random_initialization,13,3,7.758389756418183e-05,0.0
4,43,random_initialization,13,4,6.990642850723816e-05,0.0
4,43,random_initialization,13,5,6.895254091432435e-05,0.0
4,43,random_initialization,13,6,9.016215699375607e-05,0.0
4,43,random_initialization,13,7,7.960672746776254e-05,0.0
4,43,random_initialization,14,0,7.029861717455788e-05,0.0
4,43,random_initialization,14,1,7.183866728155408e-05,0.0
4,43,random_initialization,14,2,9.76802753029915e-05,0.0
4,43,random_initialization,14,3,7.053116451061214e-05,0.0
4,43,random_initialization,14,4,7.061409269226715e-05,0.0
4,43,random_initialization,14,5,7.214528841359424e-05,0.0
4,43,random_initialization,14,6,6.880213686599745e-05,0.0
4,43,random_initialization,14,7,7.280878753590514e-05,0.0
4,43,random_initialization,15,0,7.22493509783817e-05,0.0
4,43,random_initialization,15,1,6.917627615621313e-05,0.0
4,43,random_initialization,15,2,7.66841221775394e-05,0.0
4,43,random_initialization,15,3,6.886860501253977e-05,0.0
4,43,random_initialization,15,4,8.401495733778575e-05,0.0
4,43,random_initialization,15,5,7.318891221075319e-05,0.0
4,43,random_initialization,15,6,6.979691033848212e-05,0.0
4,43,random_initialization,15,7,7.394440444841166e-05,0.0
4,43,random_initialization,16,0,7.232362440845463e-05,0.0
4,43,random_initialization,16,1,7.718734104855685e-05,0.0
4,43,random_initialization,16,2,7.088979918989935e-05,0.0
4,43,random_initialization,16,3,7.088213487804751e-05,0.0
4,43,random_initialization,16,4,7.096520312188659e-05,0.0
4,43,random_initialization,16,5,6.914626919751754e-05,0.0
4,43,random_initialization,16,6,7.095583805494243e-05,0.0
4,43,random_initialization,16,7,6.684091522402014e-05,0.0
4,43,random_initialization,17,0,7.057650009301142e-05,0.0
4,43,random_initialization,17,1,6.84698466102418e-05,0.0
4,43,random_initialization,17,2,7.075759094732348e-05,0.0
4,43,random_initialization,17,3,7.0271746153594e-05,0.0
4,43,random_initialization,17,4,6.734017142662196e-05,0.0
4,43,random_initialization,17,5,7.102855988705414e-05,0.0
4,43,random_initialization,17,6,6.937663920325576e-05,0.0
4,43,random_initialization,17,7,7.225287981782458e-05,0.0
4,43,random_initialization,18,0,7.352024340434582e-05,0.0
4,43,random_initialization,18,1,7.294839497262728e-05,0.0
4,43,random_initialization,18,2,7.143750781324343e-05,0.0
4,43,random_initialization,18,3,7.202875212897197e-05,0.0
4,43,random_initialization,18,4,7.180921556937392e-05,0.0
4,43,random_initialization,18,5,7.120463760657003e-05,0.0
4,43,random_initialization,18,6,6.751552473360789e-05,0.0
4,43,random_initialization,18,7,7.168586989791947e-05,0.0
4,43,random_initialization,19,0,7.739561624475755e-05,0.0
4,43,random_initialization,19,1,8.354445208169636e-05,0.0
4,43,random_initialization,19,2,8.630589218228124e-05,0.0
4,43,random_initialization,19,3,7.097632169461576e-05,0.0
4,43,random_initialization,19,4,6.757432856829837e-05,0.0
4,43,random_initialization,19,5,0.00010090597925227485,0.0
4,43,random_initialization,19,6,6.717511632814421e-05,0.0
4,43,random_initialization,19,7,6.711865944453166e-05,0.0
4,43,random_initialization,20,0,8.058339244598756e-05,0.0
4,43,random_initialization,20,1,6.938618298590882e-05,0.0
4,43,random_initialization,20,2,6.853671084172674e-05,0.0
4,43,random_initialization,20,3,7.09231944711064e-05,0.0
4,43,random_initialization,20,4,7.12614360054431e-05,0.0
4,43,random_initialization,20,5,7.142998492781771e-05,0.0
4,43,random_initialization,20,6,6.994123532422236e-05,0.0
4,43,random_initialization,20,7,6.969052083150018e-05,0.0
4,43,random_initialization,21,0,7.154470358727849e-05,0.0
4,43,random_initialization,21,1,6.788081327613327e-05,0.0
4,43,random_initialization,21,2,6.884882850499707e-05,0.0
4,43,random_initialization,21,3,7.675108281546272e-05,0.0
4,43,random_initialization,21,4,6.996823367444449e-05,0.0
4,43,random_initialization,21,5,7.130259382392978e-05,0.0
4,43,random_initialization,21,6,7.070493211358553e-05,0.0
4,43,random_initialization,21,7,7.247433222801192e-05,0.0
4,43,random_initialization,22,0,7.076781548676081e-05,0.0
4,43,random_initialization,22,1,6.704124871248496e-05,0.0
4,43,random_initialization,22,2,6.994344084887416e-05,0.0
4,43,random_initialization,22,3,6.855286756035639e-05,0.0
4,43,random_initialization,22,4,6.805251405239687e-05,0.0
4,43,random_initialization,22,5,7.54251218495483e-05,0.0
4,43,random_initialization,22,6,7.738385511402157e-05,0.0
4,43,random_initialization,22,7,6.974010011617793e-05,0.0
4,43,random_initialization,23,0,6.902482937221066e-05,0.0
4,43,random_initialization,23,1,6.898734773130855e-05,0.0
4,43,random_initialization,23,2,6.926955938979518e-05,0.0
4,43,random_initialization,23,3,7.016054269115557e-05,0.0
4,43,random_initialization,23,4,7.298267155420035e-05,0.0
4,43,random_initialization,23,5,7.023375928838504e-05,0.0
4,43,random_initialization,23,6,7.918094252090668e-05,0.0
4,43,random_initialization,23,7,8.281382270070026e-05,0.0
4,43,random_initialization,24,0,6.910576757945819e-05,0.0
4,43,random_initialization,24,1,6.613747518713353e-05,0.0
4,43,random_initialization,24,2,6.877569012431195e-05,0.0
4,43,random_initialization,24,3,6.89128642079595e-05,0.0
4,43,random_initialization,24,4,7.170281878643436e-05,0.0
4,43,random_initialization,24,5,7.081604371705907e-05,0.0
4,43,random_initialization,24,6,7.659547782168374e-05,0.0
4,43,random_initialization,24,7,7.1699320415064e-05,0.0
4,43,random_initialization,25,0,8.488701178066549e-05,0.0
4,43,random_initialization,25,1,6.946808980501373e-05,0.0
4,43,random_initialization,25,2,6.829568155808374e-05,0.0
4,43,random_initialization,25,3,7.214020615720074e-05,0.0
4,43,random_initialization,25,4,6.698651941405842e-05,0.0
4,43,random_initialization,25,5,6.664300599368289e-05,0.0
4,43,random_initialization,25,6,7.966270732140401e-05,0.0
4,43,random_initialization,25,7,6.762966131645953e-05,0.0
4,43,random_initialization,26,0,7.162946758398903e-05,0.0
4,43,random_initialization,26,1,7.103167490640772e-05,0.0
4,43,random_initialization,26,2,6.90237225171586e-05,0.0
4,43,random_initialization,26,3,7.181709725045948e-05,0.0
4,43,random_initialization,26,4,7.099187678250019e-05,0.0
4,43,random_initialization,26,5,7.535622989962576e-05,0.0
4,43,random_initialization,26,6,6.975721589697059e-05,0.0
4,43,random_initialization,26,7,6.905886675667716e-05,0.0
4,43,random_initialization,27,0,6.776875034120167e-05,0.0
4,43,random_initialization,27,1,7.861454741941998e-05,0.0
4,43,random_initialization,27,2,6.783595335946302e-05,0.0
4,43,random_initialization,27,3,7.44708286219975e-05,0.0
4,43,random_initialization,27,4,6.835293879703386e-05,0.0
4,43,random_initialization,27,5,7.426438241964206e-05,0.0
4,43,random_initialization,27,6,6.921664135006722e-05,0.0
4,43,random_initialization,27,7,7.099431513779564e-05,0.0
4,43,random_initialization,28,0,7.351983140324592e-05,0.0
4,43,random_initialization,28,1,6.851004536656546e-05,0.0
4,43,random_initialization,28,2,6.903242456246517e-05,0.0
4,43,random_initialization,28,3,6.76938198012067e-05,0.0
4,43,random_initialization,28,4,7.204460825960268e-05,0.0
4,43,random_initialization,28,5,6.827208471804624e-05,0.0
4,43,random_initialization,28,6,7.266743341460824e-05,0.0
4,43,random_initialization,28,7,7.011991783656413e-05,0.0
4,43,random_initialization,29,0,8.326259012392256e-05,0.0
4,43,random_initialization,29,1,6.952471449039876e-05,0.0
4,43,random_initialization,29,2,7.458762547685183e-05,0.0
4,43,random_initialization,29,3,6.906123235239647e-05,0.0
4,43,random_initialization,29,4,6.801971812819829e-05,0.0
4,43,random_initialization,29,5,8.21343151073961e-05,0.0
4,43,random_initialization,29,6,7.8797873811709e-05,0.0
4,43,random_initialization,29,7,7.378101554422756e-05,0.0
4,43,random_initialization,30,0,6.980178523008362e-05,0.0
4,43,random_initialization,30,1,7.31666809770104e-05,0.0
4,43,random_initialization,30,2,6.946126632101368e-05,0.0
4,43,random_initialization,30,3,6.927831236680504e-05,0.0
4,43,random_initialization,30,4,6.707248167003854e-05,0.0
4,43,random_initialization,30,5,7.224924092952278e-05,0.0
4,43,random_initialization,30,6,7.161594703575247e-05,0.0
4,43,random_initialization,30,7,6.966384898987599e-05,0.0
4,43,random_initialization,31,0,6.642494327024906e-05,0.0
4,43,random_initialization,31,1,8.232441905420274e-05,0.0
4,43,random_initialization,31,2,8.60744612509734e-05,0.0
4,43,random_initialization,31,3,6.658897837041877e-05,0.0
4,43,random_initialization,31,4,7.025810054983594e-05,0.0
4,43,random_initialization,31,5,6.96379984219675e-05,0.0
4,43,random_initialization,31,6,0.00012870677801402053,0.0
4,43,random_initialization,31,7,7.051558759485488e-05,0.0
4,43,existing_80_step,0,0,4.3815373373945476e-05,-0.34471558081922726
4,43,existing_80_step,0,1,4.87114773477515e-05,-0.2829104129917286
4,43,existing_80_step,0,2,4.6047146952332696e-05,-0.36817065833089213
4,43,existing_80_step,0,3,4.625351243703335e-05,-0.33082657708366836
4,43,existing_80_step,0,4,4.586065756484459e-05,-0.31800931406820393
4,43,existing_80_step,0,5,4.599715589392872e-05,-0.3261857682226033
4,43,existing_80_step,0,6,4.87653430809587e-05,-0.29627071024201673
4,43,existing_80_step,0,7,4.289223602427228e-05,-0.390409616827552
4,43,existing_80_step,1,0,6.111359653004911e-05,-0.12193108671111356
4,43,existing_80_step,1,1,6.073784948057437e-05,-0.533217591419157
4,43,existing_80_step,1,2,5.216673275754147e-05,-0.22751349279017202
4,43,existing_80_step,1,3,6.0481676200652146e-05,-0.12164971585003856
4,43,existing_80_step,1,4,6.020778664606041e-05,-0.13066913579019634
4,43,existing_80_step,1,5,6.147311364657071e-05,-0.26769222784209196
4,43,existing_80_step,1,6,6.009319304212113e-05,-0.1375578210449269
4,43,existing_80_step,1,7,6.211802838151925e-05,-0.0977632533465916
4,43,existing_80_step,2,0,6.389093505276833e-05,-0.056199851550183054
4,43,existing_80_step,2,1,6.262751867325278e-05,-0.0730832447271929
4,43,existing_80_step,2,2,6.444015889428556e-05,-0.08919878872561117
4,43,existing_80_step,2,3,6.502928681584308e-05,-0.06505993208664906
4,43,existing_80_step,2,4,6.427931111829821e-05,-0.09842631648090741
4,43,existing_80_step,2,5,6.714182518408052e-05,-0.05954596190432853
4,43,existing_80_step,2,6,6.486543179562432e-05,-0.18432442174108568
4,43,existing_80_step,2,7,6.331186159513891e-05,-0.0856256804153615
4,43,existing_80_step,3,0,6.417971326300176e-05,-0.05891607529304492
4,43,existing_80_step,3,1,6.41594197077211e-05,-0.14164172562797447
4,43,existing_80_step,3,2,6.328749941530987e-05,-0.0961648652139496
4,43,existing_80_step,3,3,6.375966540872469e-05,-0.08470287746465735
4,43,existing_80_step,3,4,6.241522169148084e-05,-0.27543464160824177
4,43,existing_80_step,3,5,6.36334266346239e-05,-0.06409832990056853
4,43,existing_80_step,3,6,6.486240954473033e-05,-0.08030117468591265
4,43,existing_80_step,3,7,6.295471985140466e-05,-0.08191505350444096
4,43,existing_80_step,4,0,6.524996206280775e-05,-0.05263053644524055
4,43,existing_80_step,4,1,6.375589236995438e-05,-0.07357765961362299
4,43,existing_80_step,4,2,6.352879472615314e-05,-0.0724122335991174
4,43,existing_80_step,4,3,6.299173037405126e-05,-0.25055584654258445
4,43,existing_80_step,4,4,6.481008358605322e-05,-0.06738382743565126
4,43,existing_80_step,4,5,6.358809650919284e-05,-0.1167339793757401
4,43,existing_80_step,4,6,6.247712826734642e-05,-0.10843237889326883
4,43,existing_80_step,4,7,6.379295882652514e-05,-0.21096143443251691
4,43,existing_80_step,5,0,6.511303627121379e-05,-0.0326840135979075
4,43,existing_80_step,5,1,6.573772088813712e-05,-0.035065093974114094
4,43,existing_80_step,5,2,6.688180383207509e-05,-0.057406315797461256
4,43,existing_80_step,5,3,6.340240815916331e-05,-0.07494470602696178
4,43,existing_80_step,5,4,6.507754460471915e-05,-0.18515512152947805
4,43,existing_80_step,5,5,6.496692731161602e-05,-0.0563338510721434
4,43,existing_80_step,5,6,6.25327820671373e-05,-0.24011926572348818
4,43,existing_80_step,5,7,6.416799851649557e-05,-0.05176546193452789
4,43,existing_80_step,6,0,6.393392914105789e-05,-0.1480404840423944
4,43,existing_80_step,6,1,6.415226198441815e-05,-0.21684963727693224
4,43,existing_80_step,6,2,6.391568786057178e-05,-0.154116894461124
4,43,existing_80_step,6,3,6.310246544671827e-05,-0.5290091407305443
4,43,existing_80_step,6,4,6.312205550784711e-05,-0.2616240935201927
4,43,existing_80_step,6,5,6.47005226710462e-05,-0.10713274639373838
4,43,existing_80_step,6,6,6.458534380726633e-05,-0.06682964568506126
4,43,existing_80_step,6,7,6.510115326818777e-05,-0.1313259221994717
4,43,existing_80_step,7,0,6.448251679103123e-05,-0.0591923215085518
4,43,existing_80_step,7,1,6.346769987430889e-05,-0.06311169849809299
4,43,existing_80_step,7,2,6.476672797361971e-05,-0.2126155805648105
4,43,existing_80_step,7,3,6.370130950017483e-05,-0.11849190055641286
4,43,existing_80_step,7,4,6.368082085828064e-05,-0.055530091702178305
4,43,existing_80_step,7,5,6.477573106167256e-05,-0.13644074609188578
4,43,existing_80_step,7,6,6.53633828733291e-05,-0.11947966945011868
4,43,existing_80_step,7,7,6.404759278666461e-05,-0.07949764395116622
4,43,existing_80_step,8,0,6.59784086565196e-05,-0.08058188964620636
4,43,existing_80_step,8,1,6.364228056554566e-05,-0.16105201384592016
4,43,existing_80_step,8,2,6.610902937609353e-05,-0.08105936994320949
4,43,existing_80_step,8,3,6.512211757581099e-05,-0.06787937487946973
4,43,existing_80_step,8,4,6.45621407784347e-05,-0.38003003753029724
4,43,existing_80_step,8,5,6.293047226790804e-05,-0.08955860837708804
4,43,existing_80_step,8,6,6.482915387096e-05,-0.06275744396985271
4,43,existing_80_step,8,7,6.645963003393263e-05,-0.08648328629628406
4,43,existing_80_step,9,0,6.642763219133485e-05,-0.043612448206690045
4,43,existing_80_step,9,1,6.397208790076547e-05,-0.08112786326841004
4,43,existing_80_step,9,2,6.335306534310803e-05,-0.2631081298461075
4,43,existing_80_step,9,3,6.619833857257618e-05,-0.12079151836549637
4,43,existing_80_step,9,4,6.531970529977116e-05,-0.05191747550787406
4,43,existing_80_step,9,5,6.569340575879323e-05,-0.21588793907287052
4,43,existing_80_step,9,6,6.493417185993167e-05,-0.26829842534364623
4,43,existing_80_step,9,7,6.615961638090084e-05,-0.056674729245615466
4,43,existing_80_step,10,0,6.661053248535609e-05,-0.056114838643559206
4,43,existing_80_step,10,1,6.514377764688106e-05,-0.03950568879569263
4,43,existing_80_step,10,2,6.428614642572938e-05,-0.1077706509702368
4,43,existing_80_step,10,3,6.553313914992032e-05,-0.058037338480371924
4,43,existing_80_step,10,4,6.658171696471982e-05,-0.06974201689661251
4,43,existing_80_step,10,5,6.576853229489643e-05,-0.07708220906598723
4,43,existing_80_step,10,6,6.569232891706633e-05,-0.10980236243739201
4,43,existing_80_step,10,7,6.632527265537647e-05,-0.08195753202763773
4,43,existing_80_step,11,0,6.547858720296063e-05,-0.0475180855981494
4,43,existing_80_step,11,1,6.75398205203237e-05,-0.03317109052744708
4,43,existing_80_step,11,2,6.450661294366e-05,-0.058463291532212906
4,43,existing_80_step,11,3,6.626125514230807e-05,-0.09974396616862131
4,43,existing_80_step,11,4,6.396203662006883e-05,-0.2097226905161614
4,43,existing_80_step,11,5,6.595502873096848e-05,-0.1315951870051635
4,43,existing_80_step,11,6,6.61976328046876e-05,-0.05540322646110256
4,43,existing_80_step,11,7,6.510133698611753e-05,-0.060774822017468984
4,43,existing_80_step,12,0,6.396133858288522e-05,-0.07483356620609842
4,43,existing_80_step,12,1,6.515855739053222e-05,-0.10455469949854003
4,43,existing_80_step,12,2,6.444387281590025e-05,-0.1637053044779462
4,43,existing_80_step,12,3,6.384196876751957e-05,-0.13461667339461902
4,43,existing_80_step,12,4,6.364760929500335e-05,-0.0851524162895697
4,43,existing_80_step,12,5,6.383591380654252e-05,-0.2532612071534257
4,43,existing_80_step,12,6,6.454603317251895e-05,-0.1114498280555075
4,43,existing_80_step,12,7,6.427864673241857e-05,-0.19946935810333494
4,43,existing_80_step,13,0,6.751428691131878e-05,-0.10426127454215904
4,43,existing_80_step,13,1,6.651668991253246e-05,-0.0674201700930814
4,43,existing_80_step,13,2,6.678188628939097e-05,-0.10019431046407824
4,43,existing_80_step,13,3,6.682044204353588e-05,-0.1387331116194801
4,43,existing_80_step,13,4,6.755009826520109e-05,-0.03370691783793673
4,43,existing_80_step,13,5,6.710576417390257e-05,-0.026783302195004688
4,43,existing_80_step,13,6,6.546738495671889e-05,-0.2738928710273352
4,43,existing_80_step,13,7,6.453168043663027e-05,-0.18936900825670855
4,43,existing_80_step,14,0,6.660851795459166e-05,-0.052491775347491706
4,43,existing_80_step,14,1,6.62808879496879e-05,-0.07736473325825811
4,43,existing_80_step,14,2,6.337437889669673e-05,-0.3512059758214476
4,43,existing_80_step,14,3,6.697393337162794e-05,-0.0504348845459511
4,43,existing_80_step,14,4,6.636015950789442e-05,-0.06024198601419641
4,43,existing_80_step,14,5,6.741835431967047e-05,-0.06551965066416011
4,43,existing_80_step,14,6,6.39460640741163e-05,-0.07058026121105941
4,43,existing_80_step,14,7,6.81953956700454e-05,-0.06336311895847295
4,43,existing_80_step,15,0,6.622130149480654e-05,-0.08343396033244452
4,43,existing_80_step,15,1,6.404252644642838e-05,-0.07421257684053088
4,43,existing_80_step,15,2,6.506536738015711e-05,-0.15151447871415274
4,43,existing_80_step,15,3,6.54357427265495e-05,-0.0498465488790604
4,43,existing_80_step,15,4,6.585565097338986e-05,-0.21614373130472014
4,43,existing_80_step,15,5,6.585991377505707e-05,-0.10013809762046604
4,43,existing_80_step,15,6,6.479497187683592e-05,-0.07166418165774331
4,43,existing_80_step,15,7,6.518669215438422e-05,-0.11843644369517346
4,43,existing_80_step,16,0,6.64473536744481e-05,-0.08124967162624115
4,43,existing_80_step,16,1,6.49137691652868e-05,-0.1590101656118588
4,43,existing_80_step,16,2,6.625063224419137e-05,-0.06544195354934777
4,43,existing_80_step,16,3,6.322123681457015e-05,-0.10807939231313946
4,43,existing_80_step,16,4,6.581656316484441e-05,-0.07255161305180949
4,43,existing_80_step,16,5,6.545551968883956e-05,-0.05337597460443297
4,43,existing_80_step,16,6,6.668019705102779e-05,-0.06025777611990058
4,43,existing_80_step,16,7,6.307983358055935e-05,-0.05626915237254548
4,43,existing_80_step,17,0,6.583894491996034e-05,-0.06712652464782959
4,43,existing_80_step,17,1,6.488258668468916e-05,-0.05239182067944135
4,43,existing_80_step,17,2,6.476395265053725e-05,-0.0847066472521412
4,43,existing_80_step,17,3,6.48152513349487e-05,-0.07764848772533638
4,43,existing_80_step,17,4,6.438490163418464e-05,-0.0438856885842289
4,43,existing_80_step,17,5,6.602349230888649e-05,-0.07046556464225726
4,43,existing_80_step,17,6,6.696408672723919e-05,-0.03477470952359643
4,43,existing_80_step,17,7,6.659679229414905e-05,-0.07828182818368691
4,43,existing_80_step,18,0,6.567932177858893e-05,-0.10664983224597717
4,43,existing_80_step,18,1,6.62469587950909e-05,-0.09186543693046277
4,43,existing_80_step,18,2,6.589056783923297e-05,-0.07764744521199742
4,43,existing_80_step,18,3,6.626998174397158e-05,-0.07995099477343369
4,43,existing_80_step,18,4,6.544517555084894e-05,-0.08862427987918571
4,43,existing_80_step,18,5,6.69596811349038e-05,-0.05961629206121467
4,43,existing_80_step,18,6,6.395945592885255e-05,-0.052670386830085625
4,43,existing_80_step,18,7,6.486368874902837e-05,-0.09516772494503974
4,43,existing_80_step,19,0,6.597943820452201e-05,-0.1475041946062264
4,43,existing_80_step,19,1,6.39564295852324e-05,-0.23446227736713443
4,43,existing_80_step,19,2,6.559587518495391e-05,-0.23996063853423827
4,43,existing_80_step,19,3,6.598253139600274e-05,-0.07035853900825419
4,43,existing_80_step,19,4,6.46851608507859e-05,-0.042755403993283335
4,43,existing_80_step,19,5,6.428588039852912e-05,-0.362913071406719
4,43,existing_80_step,19,6,6.450344926633989e-05,-0.039771677487739396
4,43,existing_80_step,19,7,6.455489028667216e-05,-0.038197562035312285
4,43,existing_80_step,20,0,6.637718115598545e-05,-0.17629204801130788
4,43,existing_80_step,20,1,6.407730415958213e-05,-0.07651204602802313
4,43,existing_80_step,20,2,6.50296060484834e-05,-0.051171186217885085
4,43,existing_80_step,20,3,6.626168851653347e-05,-0.06572611385224611
4,43,existing_80_step,20,4,6.394689216904226e-05,-0.10264378949425246
4,43,existing_80_step,20,5,6.52288276796753e-05,-0.08681448350309574
4,43,existing_80_step,20,6,6.657701806034311e-05,-0.04810062688032254
4,43,existing_80_step,20,7,6.509719150926685e-05,-0.06591038877926052
4,43,existing_80_step,21,0,6.649959414062323e-05,-0.07051688236433398
4,43,existing_80_step,21,1,6.374553004206973e-05,-0.06091976560801595
4,43,existing_80_step,21,2,6.568367734871572e-05,-0.04597247658399338
4,43,existing_80_step,21,3,6.54165783089411e-05,-0.1476787569730301
4,43,existing_80_step,21,4,6.386486302289995e-05,-0.08723059495746224
4,43,existing_80_step,21,5,6.547825296365772e-05,-0.08168483848784416
4,43,existing_80_step,21,6,6.573261816811282e-05,-0.07032485283324819
4,43,existing_80_step,21,7,6.608079547731904e-05,-0.08821794632861371
4,43,existing_80_step,22,0,6.618921679546474e-05,-0.06469888408739459
4,43,existing_80_step,22,1,6.368588583427481e-05,-0.05004923002851648
4,43,existing_80_step,22,2,6.556548123626271e-05,-0.06259285444750776
4,43,existing_80_step,22,3,6.688363419016241e-05,-0.024349577626702867
4,43,existing_80_step,22,4,6.416560245270375e-05,-0.05711635571171409
4,43,existing_80_step,22,5,6.542379060192616e-05,-0.1325994708708852
4,43,existing_80_step,22,6,6.543472636622027e-05,-0.1544137175667302
4,43,existing_80_step,22,7,6.594977230633958e-05,-0.05434933135347028
4,43,existing_80_step,23,0,6.414568815671373e-05,-0.07068675518466791
4,43,existing_80_step,23,1,6.605003181903157e-05,-0.04257760312394108
4,43,existing_80_step,23,2,6.451541321439436e-05,-0.06863254533854019
4,43,existing_80_step,23,3,6.585636947420426e-05,-0.06134749036788588
4,43,existing_80_step,23,4,6.461785596911795e-05,-0.11461372140742057
4,43,existing_80_step,23,5,6.623203080380335e-05,-0.05697727880619768
4,43,existing_80_step,23,6,6.584216816918342e-05,-0.16845940357683079
4,43,existing_80_step,23,7,6.410176865756512e-05,-0.22595327003274437
4,43,existing_80_step,24,0,6.473031635323423e-05,-0.06331528292762309
4,43,existing_80_step,24,1,6.372863845172105e-05,-0.03642166152543266
4,43,existing_80_step,24,2,6.419544388336362e-05,-0.0665968779472738
4,43,existing_80_step,24,3,6.322512399492553e-05,-0.08253524618959368
4,43,existing_80_step,24,4,6.579346290891408e-05,-0.08241455465120835
4,43,existing_80_step,24,5,6.629625931964256e-05,-0.06382429969506659
4,43,existing_80_step,24,6,6.6134456119471e-05,-0.13657492582742647
4,43,existing_80_step,24,7,6.357371830745251e-05,-0.1133288580780509
4,43,existing_80_step,25,0,6.425537321774755e-05,-0.24304823706395517
4,43,existing_80_step,25,1,6.596659204660682e-05,-0.050404405364176265
4,43,existing_80_step,25,2,6.430978464777581e-05,-0.058362356438569615
4,43,existing_80_step,25,3,6.57293203403242e-05,-0.08886702933599304
4,43,existing_80_step,25,4,6.467125695053255e-05,-0.03456311036575467
4,43,existing_80_step,25,5,6.22120078332955e-05,-0.0664885698704438
4,43,existing_80_step,25,6,6.445584040193353e-05,-0.19089066177624947
4,43,existing_80_step,25,7,6.320155534922378e-05,-0.0654757968772801
4,43,existing_80_step,26,0,6.623608078371035e-05,-0.07529564273187804
4,43,existing_80_step,26,1,6.446194538511918e-05,-0.09249013950388893
4,43,existing_80_step,26,2,6.429587438105955e-05,-0.06849598896848486
4,43,existing_80_step,26,3,6.559864732480492e-05,-0.08658731922800991
4,43,existing_80_step,26,4,6.50141359983536e-05,-0.08420316598278932
4,43,existing_80_step,26,5,6.405585236279876e-05,-0.14995943337238427
4,43,existing_80_step,26,6,6.477566194007522e-05,-0.07141274050060972
4,43,existing_80_step,26,7,6.586507015526877e-05,-0.04624745165108856
4,43,existing_80_step,27,0,6.497383128589718e-05,-0.041242003744095174
4,43,existing_80_step,27,1,6.638068771280814e-05,-0.15561826796944372
4,43,existing_80_step,27,2,6.416503038053634e-05,-0.054114710520458756
4,43,existing_80_step,27,3,6.281757441684022e-05,-0.15648079148289612
4,43,existing_80_step,27,4,6.534123576784623e-05,-0.04406106134120338
4,43,existing_80_step,27,5,6.578486409125617e-05,-0.11418015005458605
4,43,existing_80_step,27,6,6.41679334876244e-05,-0.07294066519218534
4,43,existing_80_step,27,7,6.496910509667941e-05,-0.084868908579816
4,43,existing_80_step,28,0,6.556894004461356e-05,-0.10814621316285183
4,43,existing_80_step,28,1,6.390855332938372e-05,-0.06716521661256088
4,43,existing_80_step,28,2,6.414700919776806e-05,-0.07076986496796818
4,43,existing_80_step,28,3,6.524528771478799e-05,-0.036170688751339476
4,43,existing_80_step,28,4,6.529180291181547e-05,-0.09373089133130443
4,43,existing_80_step,28,5,6.504320072053815e-05,-0.04729435186933154
4,43,existing_80_step,28,6,6.496723926829873e-05,-0.10596485639413754
4,43,existing_80_step,28,7,6.538075876960647e-05,-0.06758648916280409
4,43,existing_80_step,29,0,6.42889526716317e-05,-0.22787709851509236
4,43,existing_80_step,29,1,6.411397453121026e-05,-0.07782469872545421
4,43,existing_80_step,29,2,6.595871991521562e-05,-0.11568816551633182
4,43,existing_80_step,29,3,6.372013831423828e-05,-0.07733852779956728
4,43,existing_80_step,29,4,6.429675795516232e-05,-0.054733543088479504
4,43,existing_80_step,29,5,6.576334180863341e-05,-0.19931953261382349
4,43,existing_80_step,29,6,6.204313740454381e-05,-0.21262929564827301
4,43,existing_80_step,29,7,6.474670362877077e-05,-0.12244764928779305
4,43,existing_80_step,30,0,6.606677425224916e-05,-0.05350881736796503
4,43,existing_80_step,30,1,6.44130395812681e-05,-0.11963972232788277
4,43,existing_80_step,30,2,6.569176639459329e-05,-0.0542676534142026
4,43,existing_80_step,30,3,6.567134050783352e-05,-0.052064949848573586
4,43,existing_80_step,30,4,6.445501367124962e-05,-0.039024469254999326
4,43,existing_80_step,30,5,6.535085049108602e-05,-0.09548045556860535
4,43,existing_80_step,30,6,6.647455256825197e-05,-0.07179119568067419
4,43,existing_80_step,30,7,6.52547569188755e-05,-0.06329096274369286
4,43,existing_80_step,31,0,6.329809639282757e-05,-0.04707338423609859
4,43,existing_80_step,31,1,6.366772777255392e-05,-0.22662402596931994
4,43,existing_80_step,31,2,6.417894428523141e-05,-0.2543787860826649
4,43,existing_80_step,31,3,6.378083799063461e-05,-0.042171248883908996
4,43,existing_80_step,31,4,6.436058356484864e-05,-0.08394074048164794
4,43,existing_80_step,31,5,6.574372309842147e-05,-0.05592170096487963
4,43,existing_80_step,31,6,6.34223015367752e-05,-0.507234175888807
4,43,existing_80_step,31,7,6.522981448142673e-05,-0.07495893168752127
4,43,selected_horizon,0,0,3.724847965713707e-05,-0.44292729975894357
4,43,selected_horizon,0,1,4.041897864226485e-05,-0.40498563624008554
4,43,selected_horizon,0,2,3.94335891087394e-05,-0.4589176464718465
4,43,selected_horizon,0,3,3.910521672878531e-05,-0.4342446583292463
4,43,selected_horizon,0,4,3.8809739862699644e-05,-0.42286302649775814
4,43,selected_horizon,0,5,3.7722642218795954e-05,-0.44739945996038033
4,43,selected_horizon,0,6,4.082207942701643e-05,-0.4108993980843027
4,43,selected_horizon,0,7,3.3563610713827075e-05,-0.5229893283223893
4,43,selected_horizon,1,0,5.634780654872884e-05,-0.19040508051056812
4,43,selected_horizon,1,1,5.7140179251291556e-05,-0.5608664000165263
4,43,selected_horizon,1,2,3.871059607263305e-05,-0.42677235909822603
4,43,selected_horizon,1,3,5.676855471392628e-05,-0.17557383829216472
4,43,selected_horizon,1,4,5.6484348760932335e-05,-0.18443127611829818
4,43,selected_horizon,1,5,5.78344431687583e-05,-0.31103844073352577
4,43,selected_horizon,1,6,5.6299895277334144e-05,-0.19199826303301035
4,43,selected_horizon,1,7,5.8841541431320366e-05,-0.1453527696822273
4,43,selected_horizon,2,0,6.31875591352582e-05,-0.06659015644733016
4,43,selected_horizon,2,1,6.169617427076446e-05,-0.08686758026984721
4,43,selected_horizon,2,2,6.308338333838037e-05,-0.10837553876704398
4,43,selected_horizon,2,3,6.460275335484766e-05,-0.07119229555727558
4,43,selected_horizon,2,4,6.36679733361234e-05,-0.10700086475407397
4,43,selected_horizon,2,5,6.59717125017778e-05,-0.07593570397764146
4,43,selected_horizon,2,6,6.386506220223964e-05,-0.1969039579280586
4,43,selected_horizon,2,7,6.206919761098106e-05,-0.10357271287276608
4,43,selected_horizon,3,0,6.285795507210423e-05,-0.07829736141232214
4,43,selected_horizon,3,1,6.325749518509838e-05,-0.1537081436283088
4,43,selected_horizon,3,2,6.186675273056608e-05,-0.11645514027878485
4,43,selected_horizon,3,3,6.3756366216694e-05,-0.08475023876984954
4,43,selected_horizon,3,4,6.138176695458242e-05,-0.2874318032225002
4,43,selected_horizon,3,5,6.294859804256703e-05,-0.07417058684058896
4,43,selected_horizon,3,6,6.39830282125331e-05,-0.09277012216877152
4,43,selected_horizon,3,7,6.242229756026063e-05,-0.0896795053490647
4,43,selected_horizon,4,0,6.357910615406581e-05,-0.07688982818886611
4,43,selected_horizon,4,1,6.318045006992179e-05,-0.08193928051699134
4,43,selected_horizon,4,2,6.284812570811482e-05,-0.08235072301674397
4,43,selected_horizon,4,3,6.237312800294603e-05,-0.25791566865870597
4,43,selected_horizon,4,4,6.410271771528642e-05,-0.07756281216294686
4,43,selected_horizon,4,5,6.299980213952949e-05,-0.12490564129634939
4,43,selected_horizon,4,6,6.246729208214674e-05,-0.10857274424747833
4,43,selected_horizon,4,7,6.3180429606291e-05,-0.21853764952258656
4,43,selected_horizon,5,0,6.331164877337869e-05,-0.059445335510507485
4,43,selected_horizon,5,1,6.500049767055316e-05,-0.04588646725217449
4,43,selected_horizon,5,2,6.5460850692034e-05,-0.0774324122633009
4,43,selected_horizon,5,3,6.253869332795148e-05,-0.08754649829784518
4,43,selected_horizon,5,4,6.387477606040193e-05,-0.20021515174843107
4,43,selected_horizon,5,5,6.407715318346163e-05,-0.06925811515044408
4,43,selected_horizon,5,6,6.164176602396765e-05,-0.2509466414255478
4,43,selected_horizon,5,7,6.281017977016745e-05,-0.07183045790553516
4,43,selected_horizon,6,0,6.320720422081649e-05,-0.15772454725579668
4,43,selected_horizon,6,1,6.389108330040472e-05,-0.22003802338824865
4,43,selected_horizon,6,2,6.303885174929746e-05,-0.1657212576101419
4,43,selected_horizon,6,3,6.276568274188321e-05,-0.5315228551221205
4,43,selected_horizon,6,4,6.279438548517646e-05,-0.26545704300305006
4,43,selected_horizon,6,5,6.357694746839115e-05,-0.12263808489796114
4,43,selected_horizon,6,6,6.426142499549314e-05,-0.07150983184701287
4,43,selected_horizon,6,7,6.412488664864213e-05,-0.1443526884370471
4,43,selected_horizon,7,0,6.33805188954284e-05,-0.07527060339733761
4,43,selected_horizon,7,1,6.333307737804716e-05,-0.06509894936926645
4,43,selected_horizon,7,2,6.373216365318513e-05,-0.22519302352511478
4,43,selected_horizon,7,3,6.318652094705612e-05,-0.12561562034546586
4,43,selected_horizon,7,4,6.27806539341691e-05,-0.06888074517695698
4,43,selected_horizon,7,5,6.360519410009147e-05,-0.15204578842251476
4,43,selected_horizon,7,6,6.44771384941123e-05,-0.13141840577972766
4,43,selected_horizon,7,7,6.322611761788721e-05,-0.09130401785836247
4,43,selected_horizon,8,0,6.510693856398575e-05,-0.09272594407283806
4,43,selected_horizon,8,1,6.282888580244617e-05,-0.17177438099534675
4,43,selected_horizon,8,2,6.526311108245864e-05,-0.09281795567749834
4,43,selected_horizon,8,3,6.42675040580798e-05,-0.08011182241093556
4,43,selected_horizon,8,4,6.411225558622391e-05,-0.38435014374684573
4,43,selected_horizon,8,5,6.234772217794671e-05,-0.09798949700309538
4,43,selected_horizon,8,6,6.412344237105572e-05,-0.07295999653295875
4,43,selected_horizon,8,7,6.592712361452868e-05,-0.09380282018522766
4,43,selected_horizon,9,0,6.588148789887782e-05,-0.051475525446661306
4,43,selected_horizon,9,1,6.306944396783365e-05,-0.09409311712486493
4,43,selected_horizon,9,2,6.235941873455886e-05,-0.2746657412052479
4,43,selected_horizon,9,3,6.494952913271845e-05,-0.13737749129387128
4,43,selected_horizon,9,4,6.479997364294832e-05,-0.0594611179508047
4,43,selected_horizon,9,5,6.482168146249023e-05,-0.22629278148649293
4,43,selected_horizon,9,6,6.420090358005837e-05,-0.27656115573137174
4,43,selected_horizon,9,7,6.521770956169348e-05,-0.0701047422030468
4,43,selected_horizon,10,0,6.572470056198654e-05,-0.06866726206260591
4,43,selected_horizon,10,1,6.411755612134584e-05,-0.05463652665798195
4,43,selected_horizon,10,2,6.346903455778374e-05,-0.11911137102512322
4,43,selected_horizon,10,3,6.43337862129556e-05,-0.07527664212520639
4,43,selected_horizon,10,4,6.579777436854783e-05,-0.0806950065704926
4,43,selected_horizon,10,5,6.498315769931651e-05,-0.0881032271960294
4,43,selected_horizon,10,6,6.448885460486053e-05,-0.12611065911759334
4,43,selected_horizon,10,7,6.510882849397603e-05,-0.09879496601581293
4,43,selected_horizon,11,0,6.447534724429715e-05,-0.062111679584383274
4,43,selected_horizon,11,1,6.608185776713071e-05,-0.05404174916795986
4,43,selected_horizon,11,2,6.401963946700562e-05,-0.06557114270277026
4,43,selected_horizon,11,3,6.532411453008535e-05,-0.11247639160925037
4,43,selected_horizon,11,4,6.343619361359742e-05,-0.21621969746472888
4,43,selected_horizon,11,5,6.498187667602906e-05,-0.14440831050075534
4,43,selected_horizon,11,6,6.519467933685519e-05,-0.06971471419238377
4,43,selected_horizon,11,7,6.435924524339498e-05,-0.07148107293957498
4,43,selected_horizon,12,0,6.300544146142784e-05,-0.08866010502667936
4,43,selected_horizon,12,1,6.394865522452164e-05,-0.12118185105021223
4,43,selected_horizon,12,2,6.413731944121537e-05,-0.16768347881696727
4,43,selected_horizon,12,3,6.36770832898037e-05,-0.1368517100949169
4,43,selected_horizon,12,4,6.29067499176017e-05,-0.09580125948717774
4,43,selected_horizon,12,5,6.285653762461152e-05,-0.2647177391309297
4,43,selected_horizon,12,6,6.337187187455129e-05,-0.12761350492177115
4,43,selected_horizon,12,7,6.367470359691652e-05,-0.2069909070236967
4,43,selected_horizon,13,0,6.636847456320538e-05,-0.11946321977874394
4,43,selected_horizon,13,1,6.62074558022141e-05,-0.0717557059470352
4,43,selected_horizon,13,2,6.629739255004097e-05,-0.10672228155675641
4,43,selected_horizon,13,3,6.601866334676743e-05,-0.1490674557545524
4,43,selected_horizon,13,4,6.6191244059155e-05,-0.053145104497771496
4,43,selected_horizon,13,5,6.615591200898052e-05,-0.04055875052985677
4,43,selected_horizon,13,6,6.504441216748091e-05,-0.27858411626082347
4,43,selected_horizon,13,7,6.398589266609633e-05,-0.19622505909430837
4,43,selected_horizon,14,0,6.613249524889397e-05,-0.05926321303474635
4,43,selected_horizon,14,1,6.626812955801142e-05,-0.077542331091838
4,43,selected_horizon,14,2,6.294130844253232e-05,-0.3556395265339234
4,43,selected_horizon,14,3,6.59243141853949e-05,-0.06531652152892059
4,43,selected_horizon,14,4,6.517266956507228e-05,-0.07705860005747478
4,43,selected_horizon,14,5,6.609093406950706e-05,-0.08391891525027673
4,43,selected_horizon,14,6,6.317651923382073e-05,-0.08176515858996453
4,43,selected_horizon,14,7,6.676342763967114e-05,-0.08303063546076464
4,43,selected_horizon,15,0,6.507796751975548e-05,-0.09925879418310664
4,43,selected_horizon,15,1,6.344276152958628e-05,-0.08288267228608107
4,43,selected_horizon,15,2,6.46371959192038e-05,-0.15709805258570342
4,43,selected_horizon,15,3,6.431788779082126e-05,-0.06607825468353698
4,43,selected_horizon,15,4,6.515229370052111e-05,-0.22451554145801064
4,43,selected_horizon,15,5,6.538249772347626e-05,-0.10666116289305878
4,43,selected_horizon,15,6,6.416497444661218e-05,-0.08069033234505237
4,43,selected_horizon,15,7,6.4571276652714e-05,-0.12675912214881585
4,43,selected_horizon,16,0,6.469363597716438e-05,-0.10549787145897395
4,43,selected_horizon,16,1,6.392902514562593e-05,-0.17176800914272206
4,43,selected_horizon,16,2,6.529861593662645e-05,-0.07887147822629967
4,43,selected_horizon,16,3,6.269895584409824e-05,-0.11544769423252285
4,43,selected_horizon,16,4,6.473483335867058e-05,-0.08779471472117124
4,43,selected_horizon,16,5,6.442197718570242e-05,-0.06832316575634904
4,43,selected_horizon,16,6,6.616797099923133e-05,-0.06747671772974859
4,43,selected_horizon,16,7,6.224224671314005e-05,-0.0688002026224126
4,43,selected_horizon,17,0,6.486607117039966e-05,-0.08091119444979687
4,43,selected_horizon,17,1,6.437786441892968e-05,-0.05976327381899003
4,43,selected_horizon,17,2,6.326671746137436e-05,-0.10586671176419521
4,43,selected_horizon,17,3,6.42665845589363e-05,-0.08545627401277496
4,43,selected_horizon,17,4,6.408410581570934e-05,-0.04835249958430296
4,43,selected_horizon,17,5,6.475309692177689e-05,-0.08835126286181454
4,43,selected_horizon,17,6,6.569510287590674e-05,-0.053065936453956276
4,43,selected_horizon,17,7,6.523498996102717e-05,-0.09712955212985319
4,43,selected_horizon,18,0,6.418490147552802e-05,-0.12697648289159474
4,43,selected_horizon,18,1,6.480432784883305e-05,-0.1116414847352044
4,43,selected_horizon,18,2,6.485610765594174e-05,-0.09212807611524201
4,43,selected_horizon,18,3,6.466734748755698e-05,-0.10220091871415374
4,43,selected_horizon,18,4,6.438818945753155e-05,-0.1033436454221257
4,43,selected_horizon,18,5,6.522983312606812e-05,-0.08391032777267618
4,43,selected_horizon,18,6,6.334162071652827e-05,-0.06182139639065761
4,43,selected_horizon,18,7,6.445979943237035e-05,-0.10080188014512535
4,43,selected_horizon,19,0,6.500025892819394e-05,-0.1601558062069596
4,43,selected_horizon,19,1,6.33129366178764e-05,-0.24216467951739018
4,43,selected_horizon,19,2,6.44978667878604e-05,-0.2526829263100772
4,43,selected_horizon,19,3,6.542678420373704e-05,-0.07818857554715611
4,43,selected_horizon,19,4,6.381788671205868e-05,-0.05558977700300786
4,43,selected_horizon,19,5,6.394965521394624e-05,-0.3662451354437002
4,43,selected_horizon,19,6,6.366978868754813e-05,-0.05218193629130284
4,43,selected_horizon,19,7,6.392605655491934e-05,-0.04756654730642758
4,43,selected_horizon,20,0,6.549109320985735e-05,-0.18728796068304127
4,43,selected_horizon,20,1,6.364136197589687e-05,-0.08279488455473367
4,43,selected_horizon,20,2,6.469063146141707e-05,-0.056117069714528706
4,43,selected_horizon,20,3,6.48832742626837e-05,-0.08516142361415094
4,43,selected_horizon,20,4,6.379266187650501e-05,-0.10480807779915652
4,43,selected_horizon,20,5,6.470183870987967e-05,-0.09419218308301554
4,43,selected_horizon,20,6,6.607091881960514e-05,-0.05533669067576272
4,43,selected_horizon,20,7,6.411764888980542e-05,-0.07996599645408037
4,43,selected_horizon,21,0,6.556646440003533e-05,-0.08355949340051727
4,43,selected_horizon,21,1,6.281245487116394e-05,-0.07466555216938382
4,43,selected_horizon,21,2,6.425138190024882e-05,-0.06677595980321688
4,43,selected_horizon,21,3,6.491476324299583e-05,-0.1542169717777881
4,43,selected_horizon,21,4,6.313043286354514e-05,-0.09772721779307716
4,43,selected_horizon,21,5,6.446901761592017e-05,-0.09583909703038333
4,43,selected_horizon,21,6,6.49767134746071e-05,-0.08101582828445698
4,43,selected_horizon,21,7,6.517672909467365e-05,-0.10069224384681792
4,43,selected_horizon,22,0,6.538289562740829e-05,-0.07609278062793853
4,43,selected_horizon,22,1,6.320087049971335e-05,-0.05728381088546797
4,43,selected_horizon,22,2,6.474755264207488e-05,-0.07428699737586497
4,43,selected_horizon,22,3,6.528419544338249e-05,-0.04768104141079215
4,43,selected_horizon,22,4,6.342264896375127e-05,-0.0680337112172057
4,43,selected_horizon,22,5,6.441304913096246e-05,-0.14600006534363708
4,43,selected_horizon,22,6,6.418398697860539e-05,-0.17057651258090953
4,43,selected_horizon,22,7,6.500949984911131e-05,-0.06783185368512601
4,43,selected_horizon,23,0,6.337063905448304e-05,-0.08191531031881112
4,43,selected_horizon,23,1,6.506098179670516e-05,-0.05691429028255682
4,43,selected_horizon,23,2,6.405236990758567e-05,-0.07531720322993861
4,43,selected_horizon,23,3,6.565925878021517e-05,-0.06415691410419824
4,43,selected_horizon,23,4,6.378469424817013e-05,-0.1260296055235437
4,43,selected_horizon,23,5,6.462573082899326e-05,-0.07984804624176256
4,43,selected_horizon,23,6,6.477344868471846e-05,-0.18195658421701805
4,43,selected_horizon,23,7,6.307163539531757e-05,-0.23839241640533218
4,43,selected_horizon,24,0,6.45007658022223e-05,-0.06663701075226504
4,43,selected_horizon,24,1,6.311983543128008e-05,-0.04562677585310222
4,43,selected_horizon,24,2,6.360088764267857e-05,-0.07524173835667707
4,43,selected_horizon,24,3,6.285370864134165e-05,-0.08792488363758952
4,43,selected_horizon,24,4,6.455156062656897e-05,-0.09973468659810006
4,43,selected_horizon,24,5,6.51251266390318e-05,-0.08036197419845932
4,43,selected_horizon,24,6,6.473199755419046e-05,-0.15488486533254323
4,43,selected_horizon,24,7,6.327254823190742e-05,-0.1175293173543959
4,43,selected_horizon,25,0,6.336929482131382e-05,-0.253486564174859
4,43,selected_horizon,25,1,6.538193792948732e-05,-0.058820559007676944
4,43,selected_horizon,25,2,6.303460941126104e-05,-0.07703374542573808
4,43,selected_horizon,25,3,6.519687440231792e-05,-0.0962477392946813
4,43,selected_horizon,25,4,6.408324952644762e-05,-0.043341106733207825
4,43,selected_horizon,25,5,6.216289239091566e-05,-0.06722556307246862
4,43,selected_horizon,25,6,6.364570845107664e-05,-0.20106018749407825
4,43,selected_horizon,25,7,6.32618143754371e-05,-0.06458478212073199
4,43,selected_horizon,26,0,6.481464151875116e-05,-0.09513997932830022
4,43,selected_horizon,26,1,6.362807425830397e-05,-0.10422956600500877
4,43,selected_horizon,26,2,6.363146576404688e-05,-0.07812178996534508
4,43,selected_horizon,26,3,6.500291692645987e-05,-0.09488242472729586
4,43,selected_horizon,26,4,6.422640990422224e-05,-0.09529916921347917
4,43,selected_horizon,26,5,6.36498698440846e-05,-0.1553469443884598
4,43,selected_horizon,26,6,6.446162888096296e-05,-0.07591454085307905
4,43,selected_horizon,26,7,6.49890298518585e-05,-0.058932865480668395
4,43,selected_horizon,27,0,6.481780155809247e-05,-0.043544388353802886
4,43,selected_horizon,27,1,6.548855344590265e-05,-0.1669664763633154
4,43,selected_horizon,27,2,6.33693412055436e-05,-0.065844319018424
4,43,selected_horizon,27,3,6.292760872383951e-05,-0.15500324236688165
4,43,selected_horizon,27,4,6.510959565275698e-05,-0.04744994438216636
4,43,selected_horizon,27,5,6.509397735499078e-05,-0.12348321989446467
4,43,selected_horizon,27,6,6.448783415180515e-05,-0.06831893466696622
4,43,selected_horizon,27,7,6.396610524461721e-05,-0.09899679825824223
4,43,selected_horizon,28,0,6.486631673396914e-05,-0.11770313538687902
4,43,selected_horizon,28,1,6.331144049909199e-05,-0.07588091410037981
4,43,selected_horizon,28,2,6.320959073491395e-05,-0.08434925854708074
4,43,selected_horizon,28,3,6.490387659141561e-05,-0.04121414950410816
4,43,selected_horizon,28,4,6.460637541749747e-05,-0.1032448231976302
4,43,selected_horizon,28,5,6.433062299038284e-05,-0.057731673845043276
4,43,selected_horizon,28,6,6.40694656794949e-05,-0.11831940844885963
4,43,selected_horizon,28,7,6.412629818441928e-05,-0.08547670671997654
4,43,selected_horizon,29,0,6.397296556315268e-05,-0.23167216551947845
4,43,selected_horizon,29,1,6.3294903611677e-05,-0.08960570243811775
4,43,selected_horizon,29,2,6.469142226706026e-05,-0.13267888803971697
4,43,selected_horizon,29,3,6.345279871311504e-05,-0.08120957950277313
4,43,selected_horizon,29,4,6.402098233593279e-05,-0.05878789125131332
4,43,selected_horizon,29,5,6.519806584037724e-05,-0.20620186879105995
4,43,selected_horizon,29,6,6.123864272922219e-05,-0.22283889441541738
4,43,selected_horizon,29,7,6.377423460435239e-05,-0.13562812691127393
4,43,selected_horizon,30,0,6.513901644211728e-05,-0.0668001365953138
4,43,selected_horizon,30,1,6.35010769656219e-05,-0.13210390142509693
4,43,selected_horizon,30,2,6.50686406515888e-05,-0.06323849106240688
4,43,selected_horizon,30,3,6.492450256700977e-05,-0.06284520582348099
4,43,selected_horizon,30,4,6.401336077033193e-05,-0.04560918015164378
4,43,selected_horizon,30,5,6.461095790655236e-05,-0.1057212909741345
4,43,selected_horizon,30,6,6.541370112245204e-05,-0.08660425743171579
4,43,selected_horizon,30,7,6.443249321819167e-05,-0.07509426836930265
4,43,selected_horizon,31,0,6.263662407945958e-05,-0.05703157585512343
4,43,selected_horizon,31,1,6.279259150687722e-05,-0.23725436233525904
4,43,selected_horizon,31,2,6.344954863379826e-05,-0.2628527938293576
4,43,selected_horizon,31,3,6.306063824013108e-05,-0.05298684882444606
4,43,selected_horizon,31,4,6.397439301508712e-05,-0.08943748102457776
4,43,selected_horizon,31,5,6.424492539736093e-05,-0.07744440028169025
4,43,selected_horizon,31,6,6.271632355492329e-05,-0.5127193414157927
4,43,selected_horizon,31,7,6.400333722922369e-05,-0.09235192654207353
4,43,horizon_1000,0,0,3.721432199199626e-05,-0.44343814752854577
4,43,horizon_1000,0,1,3.971522983192699e-05,-0.41534563702922256
4,43,horizon_1000,0,2,3.92116965031164e-05,-0.46196231412687305
4,43,horizon_1000,0,3,3.859472212752735e-05,-0.4416302470490034
4,43,horizon_1000,0,4,3.762276310226298e-05,-0.4405144763028705
4,43,horizon_1000,0,5,3.736123562703142e-05,-0.45269372001312524
4,43,horizon_1000,0,6,4.072362548868114e-05,-0.4123201800520118
4,43,horizon_1000,0,7,3.3394105685147224e-05,-0.5253983572040763
4,43,horizon_1000,1,0,5.615748341369908e-05,-0.1931396083053305
4,43,horizon_1000,1,1,5.7233321513194824e-05,-0.5601505832774799
4,43,horizon_1000,1,2,3.773642970372748e-05,-0.44119784323300454
4,43,horizon_1000,1,3,5.632093166241248e-05,-0.18207448211005184
4,43,horizon_1000,1,4,5.618451746158826e-05,-0.1887604936015486
4,43,horizon_1000,1,5,5.761004763371602e-05,-0.3137115865138706
4,43,horizon_1000,1,6,5.603603335657681e-05,-0.1957851420181513
4,43,horizon_1000,1,7,5.861068598278507e-05,-0.1487058424416271
4,43,horizon_1000,2,0,6.30094223197375e-05,-0.06922160256396563
4,43,horizon_1000,2,1,6.173354677230236e-05,-0.08631444965576886
4,43,horizon_1000,2,2,6.360212910294649e-05,-0.10104355388653836
4,43,horizon_1000,2,3,6.474660949606914e-05,-0.06912404481935432
4,43,horizon_1000,2,4,6.357380743793328e-05,-0.10832162401885359
4,43,horizon_1000,2,5,6.571451331183198e-05,-0.0795382872573828
4,43,horizon_1000,2,6,6.388526708178688e-05,-0.19664988381875073
4,43,horizon_1000,2,7,6.194752700139361e-05,-0.10532992673525529
4,43,horizon_1000,3,0,6.32259816484293e-05,-0.07290089144952916
4,43,horizon_1000,3,1,6.334991303447168e-05,-0.15247172930176686
4,43,horizon_1000,3,2,6.272217387959245e-05,-0.10423851461539117
4,43,horizon_1000,3,3,6.347764474412543e-05,-0.08875140408644047
4,43,horizon_1000,3,4,6.111483344284352e-05,-0.2905305789755673
4,43,horizon_1000,3,5,6.311227207334014e-05,-0.07176331747205382
4,43,horizon_1000,3,6,6.352935952236294e-05,-0.09920279348579286
4,43,horizon_1000,3,7,6.220363457032363e-05,-0.09286832423175873
4,43,horizon_1000,4,0,6.347417911456432e-05,-0.07841327234089844
4,43,horizon_1000,4,1,6.291489262366667e-05,-0.08579803524101168
4,43,horizon_1000,4,2,6.33640515843581e-05,-0.07481765815637913
4,43,horizon_1000,4,3,6.247307692319737e-05,-0.25672652631443404
4,43,horizon_1000,4,4,6.395542550308164e-05,-0.07968234498244339
4,43,horizon_1000,4,5,6.298697235251893e-05,-0.1250838525582109
4,43,horizon_1000,4,6,6.230398230400169e-05,-0.11090322444786788
4,43,horizon_1000,4,7,6.330105770757655e-05,-0.21704563181786926
4,43,horizon_1000,5,0,6.353257776936516e-05,-0.05616322547669918
4,43,horizon_1000,5,1,6.481078980868915e-05,-0.04867110498203458
4,43,horizon_1000,5,2,6.576344640052412e-05,-0.07316780234928437
4,43,horizon_1000,5,3,6.263797831707052e-05,-0.08609790813442328
4,43,horizon_1000,5,4,6.395050922947121e-05,-0.19926688633182268
4,43,horizon_1000,5,5,6.454779259001953e-05,-0.06242192180255937
4,43,horizon_1000,5,6,6.115268615758396e-05,-0.25688980204789924
4,43,horizon_1000,5,7,6.301652820184245e-05,-0.06878116987546555
4,43,horizon_1000,6,0,6.339658739307197e-05,-0.1552008982648312
4,43,horizon_1000,6,1,6.353711796691641e-05,-0.22435911933619962
4,43,horizon_1000,6,2,6.314712118182797e-05,-0.16428838116166153
4,43,horizon_1000,6,3,6.263689192564925e-05,-0.5324841376453091
4,43,horizon_1000,6,4,6.28219763711968e-05,-0.26513429613886863
4,43,horizon_1000,6,5,6.35862302260648e-05,-0.12250998283621893
4,43,horizon_1000,6,6,6.457375502577634e-05,-0.06699708781189061
4,43,horizon_1000,6,7,6.422174237741274e-05,-0.14306029872279885
4,43,horizon_1000,7,0,6.349403520289343e-05,-0.07361438681318663
4,43,horizon_1000,7,1,6.28803059044003e-05,-0.07178260574492841
4,43,horizon_1000,7,2,6.355633922794368e-05,-0.22733056261845372
4,43,horizon_1000,7,3,6.30137601547176e-05,-0.128006309624974
4,43,horizon_1000,7,4,6.299803317233454e-05,-0.06565672660482083
4,43,horizon_1000,7,5,6.432133386624628e-05,-0.1424985534933439
4,43,horizon_1000,7,6,6.471511642303085e-05,-0.12821256796314728
4,43,horizon_1000,7,7,6.339228957585874e-05,-0.08891576761870806
4,43,horizon_1000,8,0,6.502074938907754e-05,-0.09392700196345197
4,43,horizon_1000,8,1,6.322176204776042e-05,-0.16659539099239248
4,43,horizon_1000,8,2,6.534736849062028e-05,-0.09164674568585662
4,43,horizon_1000,8,3,6.417074609998963e-05,-0.08149676030512179
4,43,horizon_1000,8,4,6.345584733935539e-05,-0.39065342599971387
4,43,horizon_1000,8,5,6.229739983609761e-05,-0.09871753131289317
4,43,horizon_1000,8,6,6.393456897058059e-05,-0.07569056107155768
4,43,horizon_1000,8,7,6.615749498450896e-05,-0.09063626483834483
4,43,horizon_1000,9,0,6.598262825718848e-05,-0.05001936365854256
4,43,horizon_1000,9,1,6.274118914006976e-05,-0.0988080517921177
4,43,horizon_1000,9,2,6.230241888260935e-05,-0.27532873560455745
4,43,horizon_1000,9,3,6.508443948405329e-05,-0.13558568914729868
4,43,horizon_1000,9,4,6.432581994886277e-05,-0.06634321928948703
4,43,horizon_1000,9,5,6.497924596260418e-05,-0.22441210223891464
4,43,horizon_1000,9,6,6.44941733298765e-05,-0.2732564868398691
4,43,horizon_1000,9,7,6.510988259833539e-05,-0.07164217402276576
4,43,horizon_1000,10,0,6.55559842925868e-05,-0.07105800684761177
4,43,horizon_1000,10,1,6.400005622708704e-05,-0.056368971168867445
4,43,horizon_1000,10,2,6.328603421934531e-05,-0.1216512381958174
4,43,horizon_1000,10,3,6.4553728861938e-05,-0.07211522233508808
4,43,horizon_1000,10,4,6.583693993889028e-05,-0.0801477980253425
4,43,horizon_1000,10,5,6.478930345110712e-05,-0.09082354842379181
4,43,horizon_1000,10,6,6.453062451328151e-05,-0.1255446345236944
4,43,horizon_1000,10,7,6.549775571329519e-05,-0.09341162283469079
4,43,horizon_1000,11,0,6.456715300373617e-05,-0.06077623040566868
4,43,horizon_1000,11,1,6.583231970580528e-05,-0.05761387313637595
4,43,horizon_1000,11,2,6.42133604742412e-05,-0.0627435963289906
4,43,horizon_1000,11,3,6.540580125147244e-05,-0.11136655806241083
4,43,horizon_1000,11,4,6.324327705442556e-05,-0.2186032610188854
4,43,horizon_1000,11,5,6.513754897241597e-05,-0.14235863249994998
4,43,horizon_1000,11,6,6.491706608358072e-05,-0.07367607311451321
4,43,horizon_1000,11,7,6.455115999415284e-05,-0.06871229468888465
4,43,horizon_1000,12,0,6.309846457952517e-05,-0.08731457555001
4,43,horizon_1000,12,1,6.415225470846053e-05,-0.118383873188534
4,43,horizon_1000,12,2,6.412163429558859e-05,-0.16788702654793056
4,43,horizon_1000,12,3,6.346042709992616e-05,-0.13978850320993844
4,43,horizon_1000,12,4,6.329136704152916e-05,-0.09027291285521225
4,43,horizon_1000,12,5,6.292544094321784e-05,-0.26391172292639736
4,43,horizon_1000,12,6,6.345450174194411e-05,-0.1264760100321409
4,43,horizon_1000,12,7,6.361821533573675e-05,-0.20769441567362382
4,43,horizon_1000,13,0,6.755946606062935e-05,-0.10366186491388471
4,43,horizon_1000,13,1,6.596498178623733e-05,-0.07515524938303317
4,43,horizon_1000,13,2,6.619068881263956e-05,-0.10815998623003369
4,43,horizon_1000,13,3,6.568540356965968e-05,-0.15336293184650884
4,43,horizon_1000,13,4,6.5813020682981e-05,-0.05855552789159185
4,43,horizon_1000,13,5,6.579658884220407e-05,-0.04576991696421513
4,43,horizon_1000,13,6,6.476241878772271e-05,-0.2817117408558931
4,43,horizon_1000,13,7,6.369346465362469e-05,-0.19989846738244668
4,43,horizon_1000,14,0,6.532790393976029e-05,-0.07070854925147178
4,43,horizon_1000,14,1,6.604762165807188e-05,-0.08061181871297275
4,43,horizon_1000,14,2,6.287374935709522e-05,-0.3563311614134068
4,43,horizon_1000,14,3,6.593682064703899e-05,-0.06513920329334548
4,43,horizon_1000,14,4,6.546190752487746e-05,-0.07296256272586644
4,43,horizon_1000,14,5,6.623763647439773e-05,-0.08188548509681112
4,43,horizon_1000,14,6,6.348408624035073e-05,-0.07729484675751315
4,43,horizon_1000,14,7,6.680032538497471e-05,-0.08252385947187207
4,43,horizon_1000,15,0,6.514176629934809e-05,-0.09837575815954837
4,43,horizon_1000,15,1,6.357745405694004e-05,-0.08093558095885202
4,43,horizon_1000,15,2,6.457442304963479e-05,-0.15791664276821452
4,43,horizon_1000,15,3,6.467378625529818e-05,-0.06091046502942507
4,43,horizon_1000,15,4,6.513923608508776e-05,-0.22467096158612967
4,43,horizon_1000,15,5,6.554009360115742e-05,-0.10450788758234845
4,43,horizon_1000,15,6,6.450675164160202e-05,-0.07579359417523386
4,43,horizon_1000,15,7,6.455049970099935e-05,-0.1270401028649314
4,43,horizon_1000,16,0,6.471171673183562e-05,-0.1052478735527693
4,43,horizon_1000,16,1,6.3298159147962e-05,-0.17994118869644016
4,43,horizon_1000,16,2,6.509382728836499e-05,-0.08176030920906023
4,43,horizon_1000,16,3,6.266279297051369e-05,-0.11595787742109022
4,43,horizon_1000,16,4,6.478251407315838e-05,-0.08712282607166083
4,43,horizon_1000,16,5,6.435714703911799e-05,-0.06926074557572062
4,43,horizon_1000,16,6,6.583273079741048e-05,-0.07220134943040259
4,43,horizon_1000,16,7,6.217709596967325e-05,-0.06977491613805563
4,43,horizon_1000,17,0,6.472947416114039e-05,-0.08284664051299437
4,43,horizon_1000,17,1,6.418175280487048e-05,-0.06262747789959121
4,43,horizon_1000,17,2,6.390216867657728e-05,-0.09688603270636817
4,43,horizon_1000,17,3,6.369979382725433e-05,-0.09352197271397321
4,43,horizon_1000,17,4,6.402580265785218e-05,-0.04921830014022646
4,43,horizon_1000,17,5,6.509171862489893e-05,-0.08358386079621583
4,43,horizon_1000,17,6,6.567729451489868e-05,-0.053322627484432554
4,43,horizon_1000,17,7,6.592281215489493e-05,-0.08760990120933616
4,43,horizon_1000,18,0,6.477796296167071e-05,-0.11890984085287114
4,43,horizon_1000,18,1,6.467326193160261e-05,-0.1134381783743122
4,43,horizon_1000,18,2,6.532016095661675e-05,-0.08563214260804068
4,43,horizon_1000,18,3,6.492414559033932e-05,-0.09863570211394765
4,43,horizon_1000,18,4,6.454551930801244e-05,-0.10115270308647384
4,43,horizon_1000,18,5,6.554564151883824e-05,-0.07947510552612713
4,43,horizon_1000,18,6,6.356097219395451e-05,-0.058572492108394734
4,43,horizon_1000,18,7,6.462932606154936e-05,-0.09843702596367476
4,43,horizon_1000,19,0,6.516004623335903e-05,-0.15809125380828412
4,43,horizon_1000,19,1,6.358777136483695e-05,-0.23887499671844387
4,43,horizon_1000,19,2,6.449396050811629e-05,-0.2527281871798202
4,43,horizon_1000,19,3,6.539970627272851e-05,-0.07857008208852129
4,43,horizon_1000,19,4,6.404269061022205e-05,-0.05226301219562749
4,43,horizon_1000,19,5,6.411358754121466e-05,-0.36462053075245027
4,43,horizon_1000,19,6,6.39370141470863e-05,-0.04820389391274118
4,43,horizon_1000,19,7,6.36592808405112e-05,-0.051541235070097974
4,43,horizon_1000,20,0,6.547539942403091e-05,-0.18748271279448858
4,43,horizon_1000,20,1,6.415207326426753e-05,-0.07543446686935135
4,43,horizon_1000,20,2,6.475565896835178e-05,-0.05516827152832918
4,43,horizon_1000,20,3,6.500217159555177e-05,-0.08348499979039734
4,43,horizon_1000,20,4,6.360368297464447e-05,-0.10745998761817985
4,43,horizon_1000,20,5,6.421364923880901e-05,-0.10102670042981306
4,43,horizon_1000,20,6,6.583078175026458e-05,-0.05877010257115423
4,43,horizon_1000,20,7,6.425410128940712e-05,-0.07800801998936699
4,43,horizon_1000,21,0,6.514287770187366e-05,-0.08948008118581617
4,43,horizon_1000,21,1,6.289647399171372e-05,-0.07342780741508927
4,43,horizon_1000,21,2,6.435155682993354e-05,-0.06532096148501809
4,43,horizon_1000,21,3,6.48203049422591e-05,-0.1554476814599413
4,43,horizon_1000,21,4,6.287959058681736e-05,-0.1013123058188079
4,43,horizon_1000,21,5,6.446316047004075e-05,-0.09592124195057909
4,43,horizon_1000,21,6,6.468203719123267e-05,-0.08518351891883931
4,43,horizon_1000,21,7,6.502671658381587e-05,-0.10276211474105151
4,43,horizon_1000,22,0,6.544866437252495e-05,-0.07516342107848402
4,43,horizon_1000,22,1,6.291186718954123e-05,-0.06159463915496438
4,43,horizon_1000,22,2,6.448831800298649e-05,-0.07799334404600543
4,43,horizon_1000,22,3,6.509041486424394e-05,-0.0505077733336827
4,43,horizon_1000,22,4,6.348894976326847e-05,-0.067059451846477
4,43,horizon_1000,22,5,6.444649807235692e-05,-0.1455565931877528
4,43,horizon_1000,22,6,6.457772497014957e-05,-0.1654883970952694
4,43,horizon_1000,22,7,6.463196223194245e-05,-0.07324534773718396
4,43,horizon_1000,23,0,6.338776665870682e-05,-0.08166717346168935
4,43,horizon_1000,23,1,6.515949007734889e-05,-0.05548637220941394
4,43,horizon_1000,23,2,6.411359845515108e-05,-0.07443328613699364
4,43,horizon_1000,23,3,6.497712956843316e-05,-0.07387931911444343
4,43,horizon_1000,23,4,6.392711929947836e-05,-0.12407811418628202
4,43,horizon_1000,23,5,6.479183730334626e-05,-0.07748299450544648
4,43,horizon_1000,23,6,6.478633258666378e-05,-0.1817938695342279
4,43,horizon_1000,23,7,6.310357366601238e-05,-0.2380067528813787
4,43,horizon_1000,24,0,6.375389102686313e-05,-0.0774447161221593
4,43,horizon_1000,24,1,6.361928626574809e-05,-0.038075068851060954
4,43,horizon_1000,24,2,6.383616391758551e-05,-0.07182081630585248
4,43,horizon_1000,24,3,6.273681538004894e-05,-0.08962113095855365
4,43,horizon_1000,24,4,6.467762386819231e-05,-0.09797655151001071
4,43,horizon_1000,24,5,6.486377242254093e-05,-0.08405258161978175
4,43,horizon_1000,24,6,6.493230239357217e-05,-0.15226976526295385
4,43,horizon_1000,24,7,6.297608751992811e-05,-0.12166409450797434
4,43,horizon_1000,25,0,6.35517308182898e-05,-0.25133740150380907
4,43,horizon_1000,25,1,6.50014185339387e-05,-0.06429817321323056
4,43,horizon_1000,25,2,6.32094374850567e-05,-0.0744738753167186
4,43,horizon_1000,25,3,6.500904464701307e-05,-0.09885141573685209
4,43,horizon_1000,25,4,6.428855067497352e-05,-0.04027629383769234
4,43,horizon_1000,25,5,6.254702111618826e-05,-0.061461586499908016
4,43,horizon_1000,25,6,6.357389975164551e-05,-0.20196159672112615
4,43,horizon_1000,25,7,6.285214476520196e-05,-0.07064232554562323
4,43,horizon_1000,26,0,6.487383006970049e-05,-0.09431366366596575
4,43,horizon_1000,26,1,6.354414699671906e-05,-0.10541111299366542
4,43,horizon_1000,26,2,6.362644398905104e-05,-0.07819454429983624
4,43,horizon_1000,26,3,6.466521836046013e-05,-0.0995846276696124
4,43,horizon_1000,26,4,6.41149963485077e-05,-0.09686855377920738
4,43,horizon_1000,26,5,6.33963500149548e-05,-0.15871122932505347
4,43,horizon_1000,26,6,6.448750445997575e-05,-0.0755436031847666
4,43,horizon_1000,26,7,6.535802413054626e-05,-0.05358968080334275
4,43,horizon_1000,27,0,6.409198249457404e-05,-0.05425462072291225
4,43,horizon_1000,27,1,6.53941101518285e-05,-0.16816782264303493
4,43,horizon_1000,27,2,6.344311668726732e-05,-0.06475676178556876
4,43,horizon_1000,27,3,6.277945249166805e-05,-0.1569926956187513
4,43,horizon_1000,27,4,6.445681492550648e-05,-0.05700009304788589
4,43,horizon_1000,27,5,6.528846597575466e-05,-0.12086435181225415
4,43,horizon_1000,27,6,6.40148341517488e-05,-0.07515255142199077
4,43,horizon_1000,27,7,6.432159716496244e-05,-0.09398946887341414
4,43,horizon_1000,28,0,6.489695488198777e-05,-0.11728640227645364
4,43,horizon_1000,28,1,6.290017108767643e-05,-0.08188396677995473
4,43,horizon_1000,28,2,6.311004517556285e-05,-0.08579127018120818
4,43,horizon_1000,28,3,6.454856156778987e-05,-0.04646300419526272
4,43,horizon_1000,28,4,6.491679414466489e-05,-0.09893612148259186
4,43,horizon_1000,28,5,6.44551555524231e-05,-0.055907611161816896
4,43,horizon_1000,28,6,6.433747466871864e-05,-0.11463125026533602
4,43,horizon_1000,28,7,6.429006862163078e-05,-0.08314113014966147
4,43,horizon_1000,29,0,6.430810753954574e-05,-0.22764704480326897
4,43,horizon_1000,29,1,6.329406733129872e-05,-0.08961773097191914
4,43,horizon_1000,29,2,6.507745865746983e-05,-0.12750327897666433
4,43,horizon_1000,29,3,6.335965599646443e-05,-0.08255827707850334
4,43,horizon_1000,29,4,6.393984176611411e-05,-0.05998078901760139
4,43,horizon_1000,29,5,6.506157160401926e-05,-0.20786371057033942
4,43,horizon_1000,29,6,6.07849447078479e-05,-0.22859663887510198
4,43,horizon_1000,29,7,6.372201050908188e-05,-0.13633595256107403
4,43,horizon_1000,30,0,6.463508316301159e-05,-0.07401962643278154
4,43,horizon_1000,30,1,6.36102113276138e-05,-0.1306123159037285
4,43,horizon_1000,30,2,6.479948342530406e-05,-0.06711341647826137
4,43,horizon_1000,30,3,6.470583548434661e-05,-0.06600156277261383
4,43,horizon_1000,30,4,6.400425763786188e-05,-0.04574490097549563
4,43,horizon_1000,30,5,6.457895597122842e-05,-0.1061642289885996
4,43,horizon_1000,30,6,6.507602120109368e-05,-0.09131940727382819
4,43,horizon_1000,30,7,6.442814446927514e-05,-0.07515669312733116
4,43,horizon_1000,31,0,6.293418846325949e-05,-0.052551867342776316
4,43,horizon_1000,31,1,6.305041006271495e-05,-0.2341226237964425
4,43,horizon_1000,31,2,6.32401388429571e-05,-0.2652856849308258
4,43,horizon_1000,31,3,6.304983980953693e-05,-0.053149014258702776
4,43,horizon_1000,31,4,6.375247676260187e-05,-0.09259606702033539
4,43,horizon_1000,31,5,6.41903543510125e-05,-0.07822803920849798
4,43,horizon_1000,31,6,6.239175536393304e-05,-0.5152411059723951
4,43,horizon_1000,31,7,6.41446940790047e-05,-0.09034730806547278
