bit_width,seed,horizon_steps,step,minibatch_mse,last_10_step_mean,ema_mse,learning_rate,gradient_norm,optimizer_elapsed_seconds,evaluation_elapsed_seconds
2,17,100,0,,,,0.005,,0.0,0.10623885691165924
2,17,100,10,0.0006921064341440797,0.0007512882759328932,0.0008405141678264029,0.004883759226200989,5.964598312857561e-05,0.21451736986637115,0.14367381483316422
2,17,100,20,0.0006357302190735936,0.0006582377653103321,0.0007664669706705958,0.0045464153616405,5.01686918141786e-05,0.2964048981666565,0.18107660114765167
2,17,100,30,0.0006024005124345422,0.0006147985404822975,0.0007050936223608421,0.004020989974194624,4.587180956150405e-05,0.37834757566452026,0.2185477614402771
2,17,100,40,0.0005721095367334783,0.0005847522057592869,0.0006563658726177955,0.0033589153616404984,4.372046532807872e-05,0.46027449518442154,0.25597719848155975
2,17,100,50,0.0005535698146559298,0.0005613172077573835,0.0006179065641383,0.002624999999999997,4.016626189695671e-05,0.5422262474894524,0.29349102824926376
2,17,100,60,0.0005337571492418647,0.0005439565284177661,0.0005879439978801016,0.0018910846383594984,3.800209742621519e-05,0.6241368055343628,0.33107077330350876
2,17,100,70,0.0005306490929797292,0.0005322852113749832,0.000565466138655726,0.0012290100258053754,3.5966233554063365e-05,0.7061106935143471,0.3684599995613098
2,17,100,80,0.0005237828008830547,0.0005209934373851865,0.0005475379122075787,0.0007035846383594995,3.333724816911854e-05,0.7880182862281799,0.4059346690773964
2,17,100,90,0.0005198400467634201,0.0005164585949387401,0.0005349932556164283,0.0003662407737990102,3.140217449981719e-05,0.8699647337198257,0.44340481609106064
2,17,100,100,0.0005132758524268866,0.0005125997529830783,0.0005259862724251853,0.00025,3.072736581088975e-05,0.9519361779093742,0.48081737011671066
2,17,200,0,,,,0.005,,0.0,0.03858812153339386
2,17,200,10,0.0006920966552570462,0.0007513108081184328,0.0008405226341606485,0.00497075980891345,5.959884583717212e-05,0.08297868072986603,0.07616514712572098
2,17,200,20,0.0006360461702570319,0.0006584575166925788,0.0007665594145225787,0.004883759226200987,5.044054705649614e-05,0.1649330109357834,0.11353980749845505
2,17,200,30,0.00060200912412256,0.000615047657629475,0.0007052421229626806,0.00474114049494737,4.671120041166432e-05,0.2468552514910698,0.1510322466492653
2,17,200,40,0.0005711175035685301,0.0005845556268468499,0.0006563680176119182,0.004546415361640498,4.535085099632852e-05,0.32879815250635147,0.18853923678398132
2,17,200,50,0.0005521606653928757,0.0005604658625088632,0.0006175543323645416,0.004304378605318047,4.2577070416882634e-05,0.4113750234246254,0.22600442171096802
2,17,200,60,0.0005314426962286234,0.0005421545589342714,0.0005869893449988895,0.00402098997419462,4.2057330574607477e-05,0.49324940145015717,0.2635257691144943
2,17,200,70,0.0005262523191049695,0.0005288371874485164,0.0005634672959829617,0.003703227436881418,4.076521145179868e-05,0.5752163901925087,0.3008599132299423
2,17,200,80,0.0005150606157258153,0.0005145089933648705,0.0005436680233841315,0.0033589153616404932,3.9167589420685545e-05,0.6577577441930771,0.3383248895406723
2,17,200,90,0.0005050491308793426,0.0005051943589933217,0.000528047821003036,0.0029965318544705405,3.733722405740991e-05,0.7396446689963341,0.37575663626194
2,17,200,100,0.0004954430041834712,0.0004964794381521643,0.0005152773846570771,0.002624999999999991,3.685809133457951e-05,0.8215994611382484,0.4131498411297798
2,17,200,110,0.00048641208559274673,0.0004892396333161742,0.0005047010490639504,0.0022534681455294425,3.6292054574005306e-05,0.9035491347312927,0.45117996633052826
2,17,200,120,0.00048250705003738403,0.0004824414441827685,0.0004957537123332578,0.0018910846383594923,3.4721975680440664e-05,0.9854890704154968,0.488665834069252
2,17,200,130,0.0004771794774569571,0.00047725724871270356,0.0004883350060732449,0.0015467725631185703,3.355277658556588e-05,1.0679679363965988,0.5261815339326859
2,17,200,140,0.0004688178305514157,0.00047098886570893226,0.0004814004765311162,0.0012290100258053717,3.255131377954967e-05,1.1498901695013046,0.5637469217181206
2,17,200,150,0.0004654176300391555,0.00046845000179018825,0.0004761169955324936,0.0009456213946819462,3.0859231628710404e-05,1.231879584491253,0.6011311784386635
2,17,200,160,0.0004651143681257963,0.00046560677292291076,0.0004718254451556071,0.0007035846383594978,2.981507896038238e-05,1.313840351998806,0.63863155990839
2,17,200,170,0.00046303225099109113,0.00046414494572672994,0.000468669071436521,0.0005088595050526253,2.8850456146756187e-05,1.3957610800862312,0.6762021631002426
2,17,200,180,0.00045981648145243526,0.0004602201224770397,0.0004653034836252889,0.00036624077379900983,2.8437707442208193e-05,1.4780790135264397,0.713623471558094
2,17,200,190,0.00045752839650958776,0.00045836012286599727,0.0004625531283940082,0.00027924019108654794,2.7927428163820878e-05,1.5597749128937721,0.7511095479130745
2,17,200,200,0.00045755383325740695,0.00045684982324019076,0.0004603051627136453,0.00025,2.746722020674497e-05,1.6416373029351234,0.7885399013757706
2,17,300,0,,,,0.005,,0.0,0.03851495683193207
2,17,300,10,0.0006921452004462481,0.0007513334334362298,0.0008405329723564096,0.004986989501499649,5.9679074183804914e-05,0.0828356221318245,0.07602136582136154
2,17,300,20,0.0006359440740197897,0.000658514240058139,0.0007665871371614476,0.004948100551742787,5.0466427637729794e-05,0.1648237183690071,0.11358579248189926
2,17,300,30,0.0006022104062139988,0.0006152077927254141,0.0007053236185879734,0.004883759226200989,4.6838973503327e-05,0.24688714742660522,0.15099426358938217
2,17,300,40,0.0005711280391551554,0.0005844979896210134,0.0006563916305933518,0.004794670461901176,4.534034451353364e-05,0.3297109305858612,0.18868815898895264
2,17,300,50,0.0005522974533960223,0.0005603804194834084,0.0006175324419055616,0.004681810333988041,4.325796180637553e-05,0.4116373285651207,0.22623110562562943
2,17,300,60,0.0005315702874213457,0.0005422707588877528,0.0005870184867195876,0.004546415361640499,4.301188528188504e-05,0.4942082241177559,0.26382172852754593
2,17,300,70,0.0005269594257697463,0.0005287640378810465,0.000563472349888451,0.00438996896050881,4.1805426008068025e-05,0.5762434154748917,0.3014902025461197
2,17,300,80,0.0005151245859451592,0.0005145383358467371,0.0005436799068874644,0.004214185190102288,4.0386854379903525e-05,0.6583873778581619,0.3389747515320778
2,17,300,90,0.000505510251969099,0.0005056581692770123,0.0005282472329736617,0.0040209899741946225,3.940091482945718e-05,0.7411784306168556,0.3765155002474785
2,17,300,100,0.0004952735034748912,0.0004968443827237934,0.0005155422534684604,0.0038124999999999964,3.8972211768850684e-05,0.8230340108275414,0.4141005426645279
2,17,300,110,0.00048679375322535634,0.0004897568898741156,0.0005050628905904784,0.00359099952730502,3.874780304613523e-05,0.9050760343670845,0.45157376676797867
2,17,300,120,0.00048227503430098295,0.00048290393315255644,0.0004961370232790582,0.0033589153616404932,3.791519338847138e-05,0.9870860204100609,0.48915862292051315
2,17,300,130,0.00047749269288033247,0.00047726334887556734,0.0004885628416118669,0.0031187902656921703,3.7299556424841285e-05,1.0690338611602783,0.5266805067658424
2,17,300,140,0.00046785923768766224,0.00047016402531880886,0.0004811751510195758,0.0028732551002606677,3.685742922243662e-05,1.1516507714986801,0.5642593204975128
2,17,300,150,0.00046319072134792805,0.0004667521599913016,0.0004752726894539036,0.0026249999999999893,3.51941489498131e-05,1.233597807586193,0.601819820702076
2,17,300,160,0.00046125976950861514,0.00046262914838735014,0.0004701013238522585,0.002376744899739311,3.429372009122744e-05,1.3156429007649422,0.6392069533467293
2,17,300,170,0.000457392365206033,0.00045959624112583696,0.00046577658031790717,0.0021312097343078075,3.374644438736141e-05,1.3976254686713219,0.676777645945549
2,17,300,180,0.0004528607241809368,0.00045412760518956927,0.00046110772201290735,0.001891084638359488,3.279968586866744e-05,1.479543961584568,0.7143523246049881
2,17,300,190,0.00044817416346631944,0.0004503417032537982,0.0004567922193834388,0.001659000472694964,3.2411586289526895e-05,1.5618877038359642,0.751933254301548
2,17,300,200,0.00044770468957722187,0.00044750400993507353,0.0004530663415217273,0.0014374999999999909,3.149720942019485e-05,1.6436501517891884,0.7894569784402847
2,17,300,210,0.0004427741514518857,0.00044708968489430844,0.0004505964642647877,0.0012290100258053693,3.0484014132525772e-05,1.7256002724170685,0.8269782513380051
2,17,300,220,0.0004442725039552897,0.00044498236675281075,0.00044822456799121043,0.0010358148098977061,3.0070883440203033e-05,1.8075999394059181,0.8645721822977066
2,17,300,230,0.00044146436266601086,0.0004409837885759771,0.00044529245384294073,0.0008600310394911841,2.923863212345168e-05,1.8895713686943054,0.9021822512149811
2,17,300,240,0.00043991132406517863,0.00043982052302453666,0.0004431194970519803,0.0007035846383594969,2.8472129997680895e-05,1.9716420024633408,0.9397862404584885
2,17,300,250,0.0004409602261148393,0.0004386160901049152,0.0004412867571504033,0.0005681896660119565,2.7289697754895315e-05,2.054076425731182,0.9775296002626419
2,17,300,260,0.00044341268949210644,0.00043877124262508004,0.0004402843090453373,0.00045532953809882177,2.7400739782024175e-05,2.1361760646104813,1.0151313915848732
2,17,300,270,0.0004388720844872296,0.00043677851208485664,0.00043888727025342684,0.00036624077379900945,2.687594314920716e-05,2.2187978327274323,1.0527275800704956
2,17,300,280,0.0004352093965280801,0.0004367546469438821,0.00043808064087633804,0.0003018994482572113,2.686860170797445e-05,2.3008272647857666,1.090344786643982
2,17,300,290,0.00043170267599634826,0.0004364788648672402,0.00043742087026428105,0.0002630104985003508,2.621949533931911e-05,2.3829187154769897,1.127928338944912
2,17,300,300,0.00043369861668907106,0.0004350451112259179,0.00043650031908731065,0.00025,2.6103683921974152e-05,2.4649944454431534,1.1654621586203575
2,17,400,0,,,,0.005,,0.0,0.03857801854610443
2,17,400,10,0.0006920509622432292,0.0007513130025472492,0.0008405231627592662,0.004992678667616179,5.967953984509222e-05,0.08288165926933289,0.07602234929800034
2,17,400,20,0.000636326614767313,0.0006585207185707987,0.0007665860052236867,0.004970759808913452,5.06022188346833e-05,0.1656753048300743,0.11340993642807007
2,17,400,30,0.0006021189037710428,0.0006152451795060187,0.0007053348716710772,0.0049343785609444815,4.692036236519925e-05,0.24745426326990128,0.15098164975643158
2,17,400,40,0.0005716019659303129,0.0005848105880431831,0.0006565276696167141,0.00488375922620099,4.581132088787854e-05,0.32946258038282394,0.1883266121149063
2,17,400,50,0.0005521762650460005,0.0005606905673630535,0.000617734102986077,0.004819213889714307,4.345047636888921e-05,0.41210703551769257,0.22578910738229752
2,17,400,60,0.0005323446821421385,0.000542577198939398,0.0005872689274675791,0.004741140494947374,4.3587107938947156e-05,0.4940546527504921,0.263181209564209
2,17,400,70,0.000527370604686439,0.0005292216024827212,0.0005638010502344795,0.00465002039034097,4.226617602398619e-05,0.5760359987616539,0.3008657246828079
2,17,400,80,0.000515300256665796,0.0005149755685124547,0.0005440495170900645,0.0045464153616404995,4.07855877710972e-05,0.6581806391477585,0.3384876921772957
2,17,400,90,0.000506068579852581,0.0005061209376435727,0.0005286545514485651,0.004430964168300072,4.0049497329164296e-05,0.7404595240950584,0.3759882524609566
2,17,400,100,0.0004962879465892911,0.000497507763793692,0.000516053482246284,0.0043043786053180485,3.992196434410289e-05,0.823180727660656,0.4137122929096222
2,17,400,110,0.000487427314510569,0.000490655264002271,0.0005057278513081648,0.004167439114784184,3.985539296991192e-05,0.9054005369544029,0.45129819959402084
2,17,400,120,0.000483842333778739,0.0004839121800614521,0.000496950485151567,0.004020989974194618,3.9412854675902054e-05,0.9875627681612968,0.488880917429924
2,17,400,130,0.0004787640646100044,0.0004785768483998254,0.0004895751965523018,0.0038659340912003733,3.877485869452357e-05,1.0698391422629356,0.5264860689640045
2,17,400,140,0.0004694551171269268,0.00047179936082102357,0.00048243307151765453,0.0037032274368814155,3.868800922646187e-05,1.1520604938268661,0.5641728788614273
2,17,400,150,0.0004648782778531313,0.0004683542822021991,0.00047667010461746357,0.003533873151867078,3.7415989936562255e-05,1.2348272055387497,0.601805791258812
2,17,400,160,0.00046318554086610675,0.00046464652696158736,0.00047175445700434887,0.003358915361640489,3.6557423300109804e-05,1.31694895029068,0.6394781023263931
2,17,400,170,0.0004587771836668253,0.00046131258714012804,0.0004674450363004884,0.003179432739157763,3.6254139558877796e-05,1.3992533683776855,0.677174337208271
2,17,400,180,0.00045429685269482434,0.00045562595478259026,0.00046269505599864686,0.0029965318544705353,3.562150232028216e-05,1.4823290407657623,0.7148249298334122
2,17,400,190,0.0004490829014685005,0.0004515940730925649,0.0004582428463233232,0.0028113403523536192,3.5327324440004304e-05,1.5644931867718697,0.7525187581777573
2,17,400,200,0.00044853848521597683,0.00044853609579149635,0.0004543378757625837,0.002624999999999986,3.431015647947788e-05,1.646752841770649,0.7901812121272087
2,17,400,210,0.0004438835894688964,0.0004476493108086288,0.00045158028015952344,0.0024386596476463534,3.387836113688536e-05,1.7289754822850227,0.8278343975543976
2,17,400,220,0.000444708188297227,0.00044532463070936503,0.00044894516563480645,0.0022534681455294346,3.352373096277006e-05,1.8111885413527489,0.8654160127043724
2,17,400,230,0.00044073170283809304,0.00044083648244850335,0.0004456545292102374,0.002070567260842208,3.269585067755543e-05,1.8939269036054611,0.9031475633382797
2,17,400,240,0.0004385064239613712,0.0004389436653582379,0.0004429756936904765,0.0018910846383594865,3.211191142327152e-05,1.9760642498731613,0.9408431947231293
2,17,400,250,0.0004381874459795654,0.0004369804490124807,0.0004405224916862399,0.0017161268481328997,3.1085768569028005e-05,2.0582999512553215,0.9784668460488319
2,17,400,260,0.0004413359856698662,0.00043644245306495577,0.0004388749050021661,0.0015467725631185653,3.0752478778595105e-05,2.1412199959158897,1.0161880478262901
2,17,400,270,0.00043483887566253543,0.0004334235825808719,0.0004366726455877841,0.001384065908799612,3.0154156775097363e-05,2.2233742102980614,1.053787462413311
2,17,400,280,0.00043098541209474206,0.00043271352187730373,0.0004351116123751767,0.001229010025805368,3.0204162612790242e-05,2.3055799156427383,1.0915096327662468
2,17,400,290,0.00042711268179118633,0.0004315576603403315,0.00043365615361034074,0.001082560885215807,2.936993769253604e-05,2.3877739012241364,1.1292428895831108
2,17,400,300,0.0004285856266506016,0.00042937355174217374,0.00043197591691349334,0.000945621394681944,2.8500491680460982e-05,2.469965524971485,1.1669112890958786
2,17,400,310,0.000431266613304615,0.00042757502233143897,0.0004302304563308552,0.0008190358316999218,2.8157333872513846e-05,2.5529027730226517,1.2046137601137161
2,17,400,320,0.000421342090703547,0.0004255371750332415,0.0004283167320817221,0.0007035846383594963,2.7537933419807814e-05,2.6348494216799736,1.2423816695809364
2,17,400,330,0.00042908499017357826,0.00042568193166516723,0.00042728248795869425,0.0005999796096590286,2.7179408789379522e-05,2.717132046818733,1.2799600884318352
2,17,400,340,0.00042557501001283526,0.0004253954015439376,0.00042650341336565833,0.0005088595050526241,2.6082969270646572e-05,2.7994224280118942,1.3175799995660782
2,17,400,350,0.0004240602720528841,0.00042480214906390754,0.000425781639805669,0.00043078611028569286,2.624742774059996e-05,2.8816204741597176,1.355209544301033
2,17,400,360,0.0004247985198162496,0.0004237895831465721,0.00042502574753310604,0.00036624077379900923,2.6220412109978497e-05,2.9644466936588287,1.3930150866508484
2,17,400,370,0.00042439281241968274,0.00042278882465325297,0.00042414485635405895,0.00031562143905551756,2.5808902137214318e-05,3.046725206077099,1.4305746406316757
2,17,400,380,0.0004189987084828317,0.0004212747182464227,0.00042291910354735115,0.0002792401910865478,2.4775159545242786e-05,3.128881961107254,1.4682237729430199
2,17,400,390,0.0004245089367032051,0.0004225882003083825,0.00042276598827624477,0.00025732133238382107,2.5268014724133536e-05,3.210988685488701,1.5062281340360641
2,17,400,400,0.00042407773435115814,0.0004233115818351507,0.0004230342128070009,0.00025,2.5259856556658633e-05,3.293209783732891,1.543984368443489
2,17,500,0,,,,0.005,,0.0,0.038610316812992096
2,17,500,10,0.0006921002641320229,0.0007513329677749425,0.0008405324369404922,0.004995313480017145,5.973665611236356e-05,0.08309152722358704,0.0761556327342987
2,17,500,20,0.0006361701525747776,0.0006585478549823165,0.0007666008325394255,0.004981272415621885,5.04966446897015e-05,0.16554231196641922,0.11509770154953003
2,17,500,30,0.0006019825814291835,0.000614990305621177,0.0007052395613274157,0.004957932220480637,4.703213198808953e-05,0.24773555248975754,0.15257687866687775
2,17,500,40,0.0005712659331038594,0.0005847039574291557,0.0006564246255725484,0.004925385007680501,4.5727712858933955e-05,0.3304954618215561,0.19003906846046448
2,17,500,50,0.0005521034472621977,0.000560551235685125,0.0006176156635375855,0.004883759226200992,4.348649599705823e-05,0.41246453672647476,0.22770820558071136
2,17,500,60,0.0005321921780705452,0.0005424599745310843,0.000587153864905134,0.004833219153984597,4.381934195407666e-05,0.4947172775864601,0.2652401924133301
2,17,500,70,0.0005272231064736843,0.0005292625341098755,0.0005637502488600497,0.0047739642496067965,4.252913277014159e-05,0.5768329277634621,0.3028660714626312
2,17,500,80,0.0005152171361260116,0.000515090167755261,0.0005440648978801578,0.004706228365104177,4.1318777221022174e-05,0.658927857875824,0.3405769169330597
2,17,500,90,0.0005065274308435619,0.0005064057011622935,0.0005287891214522014,0.004630278823067287,4.0430437366012484e-05,0.7416762337088585,0.3787689730525017
2,17,500,100,0.0004963047103956342,0.0004978987271897495,0.0005162828622027791,0.004546415361640501,4.032141077914275e-05,0.8240111619234085,0.4166712537407875
2,17,500,110,0.00048772638547234237,0.0004909110575681552,0.0005059737144806624,0.0044549689515925,4.048362825415097e-05,0.9063438400626183,0.45406994968652725
2,17,500,120,0.0004837499000132084,0.0004841185495024547,0.0004971795536769212,0.004356300490125853,4.016648017568514e-05,0.9898446425795555,0.49174365401268005
2,17,500,130,0.00047890195855870843,0.0004790842853253707,0.000489912247017782,0.004250799376580636,3.9360278606181964e-05,1.0720852315425873,0.5296443700790405
2,17,500,140,0.00047087614075280726,0.0004725212755147368,0.00048293474962144393,0.004138881975653138,3.942061448469758e-05,1.1544534638524055,0.5671534016728401
2,17,500,150,0.00046574068255722523,0.0004692332790000364,0.0004773216373265074,0.004020989974194622,3.834885137621313e-05,1.2364748567342758,0.6047436520457268
2,17,500,160,0.000463898730231449,0.0004655101569369435,0.00047248740093505453,0.0038975886380751106,3.755624493351206e-05,1.3186266645789146,0.6423019394278526
2,17,500,170,0.00046006814227439463,0.00046239011571742595,0.0004683212206109156,0.0037691649759915647,3.747641312656924e-05,1.4014112427830696,0.6800768822431564
2,17,500,180,0.0004554564075078815,0.00045694190193898974,0.00046374799404320466,0.0036362258174670375,3.68519285984803e-05,1.4833651408553123,0.7179981544613838
2,17,500,190,0.0004505695542320609,0.00045294825395103544,0.0004594196624904883,0.003499295812626098,3.7101839552633464e-05,1.5654755905270576,0.7554991617798805
2,17,500,200,0.0004498109919950366,0.00045005853462498635,0.00045565336860897444,0.0033589153616404863,3.604842277127318e-05,1.647495411336422,0.7930387184023857
2,17,500,210,0.0004457712348084897,0.00044922615052200854,0.0004530065273192606,0.003215638482016514,3.585254307836294e-05,1.7295124158263206,0.8307633623480797
2,17,500,220,0.00044641611748375,0.0004468893370358273,0.00045043352689607395,0.0030700306221410787,3.5561679396778345e-05,1.8116987943649292,0.8683593347668648
2,17,500,230,0.00044271943625062704,0.00044267861521802844,0.00044728723767634875,0.0029226664297152035,3.4942735510412604e-05,1.893752098083496,0.9059926494956017
2,17,500,240,0.0004398245655465871,0.0004403651430038735,0.00044452107489452653,0.002774127483882098,3.425981049076654e-05,1.975927859544754,0.9435255229473114
2,17,500,250,0.0004397319280542433,0.0004384867817861959,0.00044205625060476955,0.002624999999999979,3.359707261552103e-05,2.058079794049263,0.9814021289348602
2,17,500,260,0.00044196436647325754,0.00043743963178712877,0.00044018725963291644,0.00247587251611786,3.2938438380369917e-05,2.140163078904152,1.019095666706562
2,17,500,270,0.00043571795686148107,0.0004342428961535916,0.0004377878481166162,0.0023273335702847535,3.2972340704873204e-05,2.2227709740400314,1.056652843952179
2,17,500,280,0.00043162761721760035,0.00043346303573343903,0.0004360746963869797,0.0021799693778588774,3.2776275475043803e-05,2.3048455715179443,1.094390369951725
2,17,500,290,0.0004283730813767761,0.00043217848578933624,0.00043449133180489325,0.0020343615179834454,3.2501138775842264e-05,2.387029469013214,1.1320609077811241
2,17,500,300,0.0004287106276024133,0.00042965263710357247,0.0004325810332896673,0.0018910846383594765,3.147226379951462e-05,2.469850942492485,1.1696701422333717
2,17,500,310,0.00043098581954836845,0.00042744571110233667,0.00043053288836730796,0.0017507041873738687,3.128749449388124e-05,2.5519361719489098,1.2072892785072327
2,17,500,320,0.0004206612939015031,0.000424985375138931,0.0004282685360107951,0.0016137741825329329,3.0593615520047024e-05,2.6340842097997665,1.2448138520121574
2,17,500,330,0.00042753684101626277,0.00042475065274629744,0.0004268640838714072,0.0014808350240084096,2.995715112774633e-05,2.716588169336319,1.2825527489185333
2,17,500,340,0.0004244320734869689,0.0004239827918354422,0.0004256822633318911,0.001352411361924868,2.907044836319983e-05,2.798934206366539,1.3200637251138687
2,17,500,350,0.00042205979116261005,0.0004230548220220953,0.00042457769999263985,0.0012290100258053628,2.9086124413879588e-05,2.881626382470131,1.3577182441949844
2,17,500,360,0.00042277632746845484,0.0004216814209939912,0.000423455035970219,0.0011111180243468495,2.8947128157597035e-05,2.963815912604332,1.3954134061932564
2,17,500,370,0.00042135611874982715,0.0004201777279376984,0.00042215110516522565,0.0009992006234193546,2.831812707881909e-05,3.046099655330181,1.432980053126812
2,17,500,380,0.00041595243965275586,0.0004182292730547488,0.0004204936881792404,0.0008936995098741384,2.7222942662774585e-05,3.128953702747822,1.470817245543003
2,17,500,390,0.00042011329787783325,0.0004189558676443994,0.0004198412373894301,0.0007950310484074932,2.7100282750325277e-05,3.211171716451645,1.5083863139152527
2,17,500,400,0.00041943867108784616,0.00041898165363818407,0.0004195260492225056,0.0007035846383594937,2.7081294319941662e-05,3.2934158742427826,1.5458822846412659
2,17,500,410,0.0004161425749771297,0.00041826813539955763,0.0004189991971055432,0.0006197211769327091,2.6461311790626496e-05,3.3760779798030853,1.5836798623204231
2,17,500,420,0.0004187114245723933,0.0004178701667115092,0.0004185355536640187,0.0005437716348958199,2.5535096938256174e-05,3.458345465362072,1.6212727725505829
2,17,500,430,0.00041568480082787573,0.0004159345990046859,0.00041754223923214773,0.0004760357503932009,2.5591381927370094e-05,3.541278228163719,1.6589278280735016
2,17,500,440,0.00041678367415443063,0.00041583057609386744,0.00041681897361828095,0.00041678084601540037,2.5246739824069664e-05,3.623487152159214,1.696876049041748
2,17,500,450,0.0004194296197965741,0.00041532254545018077,0.00041623891271546645,0.0003662407737990087,2.513272556825541e-05,3.706048659980297,1.7345647364854813
2,17,500,460,0.00041852743015624583,0.0004152866284130141,0.00041589772480846583,0.00032461499231950015,2.5178916985169053e-05,3.788987949490547,1.7722569704055786
2,17,500,470,0.00041050591971725225,0.0004141227400396019,0.0004151480532255035,0.0002920677795193637,2.472450432833284e-05,3.8710237219929695,1.809985637664795
2,17,500,480,0.00041472315206192434,0.00041308162617497145,0.00041434861128138053,0.00026872758437811503,2.4604030841146596e-05,3.953156590461731,1.8475529626011848
2,17,500,490,0.0004136851930525154,0.0004145835351664573,0.0004144542488369388,0.00025468651998285496,2.4197886887122877e-05,4.035416640341282,1.8851321190595627
2,17,500,500,0.00041824867366813123,0.00041250454960390926,0.0004137379243812188,0.00025,2.4406621378147975e-05,4.117482103407383,1.922687903046608
2,17,600,0,,,,0.005,,0.0,0.03847940266132355
2,17,600,10,0.0006921581225469708,0.0007513364020269364,0.0008405342029459092,0.004996745145042113,5.9770052757812664e-05,0.08286086469888687,0.07609893381595612
2,17,600,20,0.0006361235864460468,0.0006586237635929137,0.0007666323573284022,0.0049869895014996515,5.0582282710820436e-05,0.16557209938764572,0.11372051388025284
2,17,600,30,0.0006018092972226441,0.0006151849520392716,0.0007053314098182715,0.004970759808913455,4.682446888182312e-05,0.24870920181274414,0.1514880284667015
2,17,600,40,0.0005715560400858521,0.0005849240405950695,0.0006565706168370092,0.004948100551742791,4.582539986586198e-05,0.3310418948531151,0.18903382867574692
2,17,600,50,0.0005522985011339188,0.0005608727224171162,0.0006178321596564968,0.004919073837436538,4.3361585994716734e-05,0.4139707237482071,0.22667810320854187
2,17,600,60,0.0005326385144144297,0.0005426852614618838,0.0005873785136501288,0.00488375922620099,4.366132998256944e-05,0.49609218537807465,0.2641652375459671
2,17,600,70,0.0005275010480545461,0.0005294698697980493,0.0005639632036110896,0.0048422535129308535,4.250019628670998e-05,0.5782608464360237,0.30193135142326355
2,17,600,80,0.0005161612061783671,0.0005156079889275134,0.0005443991943183871,0.004794670461901176,4.154520865995437e-05,0.6607553884387016,0.3397829905152321
2,17,600,90,0.0005068329046480358,0.0005066624144092202,0.0005290825088879654,0.004741140494947373,4.054235978401266e-05,0.7432133704423904,0.3774004876613617
2,17,600,100,0.0004968534340150654,0.0004980526806320995,0.0005165272516672936,0.004681810333988041,4.082264058524743e-05,0.8257134333252907,0.4150771349668503
2,17,600,110,0.0004886186216026545,0.0004913908836897462,0.0005063153080410306,0.004616842598870382,4.1106508433585986e-05,0.9078839048743248,0.4527941644191742
2,17,600,120,0.00048469373723492026,0.00048478619137313215,0.0004976523185391204,0.0045464153616404995,4.074215030414052e-05,0.9901929646730423,0.49043987691402435
2,17,600,130,0.0004798312729690224,0.00047985203564167024,0.0004905115543403698,0.004470721658460307,3.956475484301336e-05,1.0723740980029106,0.528127945959568
2,17,600,140,0.00047160309622995555,0.000473348842933774,0.00048362644528340864,0.004389968960508812,3.9863225538283587e-05,1.1546313911676407,0.5657114908099174
2,17,600,150,0.0004668126639444381,0.0004703457496361807,0.0004781805725939252,0.004304378605318053,3.890775406034663e-05,1.2373109757900238,0.6035174429416656
2,17,600,160,0.00046550610568374395,0.00046681152598466725,0.00047353749773608954,0.00421418519010229,3.8221820432227105e-05,1.3196351155638695,0.6411963924765587
2,17,600,170,0.00046158695477060974,0.00046373218356166035,0.0004694935062573496,0.004119635928743364,3.809127883869223e-05,1.4017360880970955,0.678768590092659
2,17,600,180,0.0004570363089442253,0.0004583565547363833,0.0004650297073978072,0.004020989974194621,3.7774483644170687e-05,1.4838265478610992,0.7163368687033653
2,17,600,190,0.0004519001522567123,0.000454459001775831,0.0004607881653693957,0.003918517708160683,3.797894896706566e-05,1.5659131705760956,0.7539632543921471
2,17,600,200,0.00045182713074609637,0.00045161244343034924,0.00045710219431986524,0.0038124999999999912,3.708458461915143e-05,1.6481741294264793,0.791608989238739
2,17,600,210,0.0004473046865314245,0.00045084971061442046,0.00045452327172219533,0.003703227436881412,3.677858694572933e-05,1.730378396809101,0.8293055593967438
2,17,600,220,0.000448188598966226,0.0004485812271013856,0.0004520230140005431,0.003590999527305013,3.6652701965067536e-05,1.81262619048357,0.8670109063386917
2,17,600,230,0.0004444207879714668,0.000444348284509033,0.0004489087478797319,0.0034761238801700733,3.6351724702399224e-05,1.8954181671142578,0.9046531841158867
2,17,600,240,0.00044168648310005665,0.00044231064966879783,0.0004462753620526876,0.0033589153616404837,3.5523964470485225e-05,1.9777863919734955,0.9423154965043068
2,17,600,250,0.000441674463218078,0.00044042115623597054,0.000443880514483072,0.0032396952321184693,3.5317778383614495e-05,2.0602655857801437,0.9798599556088448
2,17,600,260,0.00044420239282771945,0.00043931095860898494,0.00044203013600929415,0.00311879026569216,3.4563934605102986e-05,2.143133819103241,1.0177761539816856
2,17,600,270,0.0004374641866888851,0.00043608569831121713,0.0004396155173050676,0.0029965318544705275,3.454913166933693e-05,2.2253364995121956,1.0556983426213264
2,17,600,280,0.00043378875125199556,0.0004355154727818444,0.00043799474897495804,0.0028732551002606556,3.461832966422662e-05,2.3080214634537697,1.093290962278843
2,17,600,290,0.000430126441642642,0.00043395126704126596,0.0004363479189946885,0.002749297896076969,3.453969111433253e-05,2.3905209824442863,1.131221778690815
2,17,600,300,0.0004308797942940146,0.0004313248355174437,0.0004343639642881545,0.0026249999999999746,3.371965067344718e-05,2.4729580879211426,1.1689747422933578
2,17,600,310,0.00043271039612591267,0.0004292314115446061,0.00043231638635920784,0.0025007021039229835,3.287115032435395e-05,2.556040406227112,1.2066227197647095
2,17,600,320,0.0004222699790261686,0.0004265810421202332,0.0004299769342615538,0.002376744899739297,3.289214146207087e-05,2.6383592635393143,1.2446053251624107
2,17,600,330,0.00042885233415290713,0.0004262687783921137,0.00042849475454864304,0.002253468145529425,3.194978125975467e-05,2.720533326268196,1.2822545170783997
2,17,600,340,0.0004257132823113352,0.0004252795013599098,0.0004271785226051718,0.002131209734307794,3.11834919557441e-05,2.8033625036478043,1.3199101760983467
2,17,600,350,0.0004231532511767,0.000424268064671196,0.00042596046997091615,0.002010304767881488,3.14058197545819e-05,2.8855350017547607,1.3576005846261978
2,17,600,360,0.0004231452476233244,0.0004226169461617246,0.0004246461350129144,0.0018910846383594763,3.106149597442709e-05,2.968280866742134,1.3953403532505035
2,17,600,370,0.0004222040297463536,0.000420954087167047,0.00042317595451691557,0.0017738761198298906,3.088477023993619e-05,3.0505804046988487,1.4331475272774696
2,17,600,380,0.0004167566657997668,0.00041906076658051463,0.0004214448164873,0.0016590004726949538,2.9780319891870022e-05,3.132723703980446,1.4707902744412422
2,17,600,390,0.0004203700227662921,0.0004194689769065008,0.00042061457412673745,0.0015467725631185573,2.9508919396903366e-05,3.2156933546066284,1.5087332651019096
2,17,600,400,0.00041936308844015,0.0004191911284578964,0.0004200686552341403,0.0014374999999999822,2.966178726637736e-05,3.297847181558609,1.546398565173149
2,17,600,410,0.0004164947313256562,0.00041831019916571677,0.0004193419521588683,0.001331482291839296,2.8985310564166866e-05,3.380010850727558,1.5838875994086266
2,17,600,420,0.0004183175624348223,0.00041742586181499065,0.00041855395307211705,0.001229010025805363,2.787489393085707e-05,3.4623740538954735,1.6215417683124542
2,17,600,430,0.00041415743180550635,0.0004151976696448401,0.0004172453446626626,0.0011303640712566243,2.8323142032604665e-05,3.544440932571888,1.6593837216496468
2,17,600,440,0.0004161156830377877,0.000415033646277152,0.00041631883107140624,0.0010358148098977011,2.7662606953526847e-05,3.6271592527627945,1.6969841718673706
2,17,600,450,0.00041837594471871853,0.0004142087302170694,0.0004154924297548251,0.0009456213946819407,2.745392339420505e-05,3.70933023840189,1.7346264868974686
2,17,600,460,0.0004169741878286004,0.0004138675343710929,0.0004148690564868209,0.0008600310394911803,2.7084399334853515e-05,3.791448548436165,1.7727424278855324
2,17,600,470,0.00040888148942030966,0.0004125435720197856,0.00041389547800959676,0.0007792783415396872,2.6663074095267802e-05,3.873705677688122,1.8106638938188553
2,17,600,480,0.0004129877779632807,0.00041099158406723293,0.00041276686415926374,0.0007035846383594942,2.626141213113442e-05,3.9557419940829277,1.8483583256602287
2,17,600,490,0.00041153549682348967,0.00041235503158532083,0.0004126085910523961,0.0006331574011296133,2.5891322366078384e-05,4.037831485271454,1.885890245437622
2,17,600,500,0.0004157386429142207,0.0004099447280168533,0.00041160514608346954,0.0005681896660119545,2.572306402726099e-05,4.120588555932045,1.9234854578971863
2,17,600,510,0.00041258533019572496,0.00041023540252353995,0.0004110506756119652,0.0005088595050526232,2.5247629309887998e-05,4.202580064535141,1.9609691724181175
2,17,600,520,0.0004100433725398034,0.0004118325130548328,0.0004112968339826182,0.0004553295380988207,2.524310548324138e-05,4.284692727029324,1.9984735548496246
2,17,600,530,0.0004087567504029721,0.00041092717146966605,0.00041114006715206873,0.000407746487069144,2.500264236005023e-05,4.366604335606098,2.0361620485782623
2,17,600,540,0.0004070735303685069,0.0004092732415301725,0.000410335287813161,0.000366240773799009,2.463900818838738e-05,4.4486741572618484,2.0740845799446106
2,17,600,550,0.00041073389002121985,0.0004102601873455569,0.0004103239387883812,0.0003309261625634618,2.4429347831755877e-05,4.53162494301796,2.1116336435079575
2,17,600,560,0.0004113085160497576,0.0004095776967005804,0.00041003448341558906,0.00030189944825721114,2.3921029423945583e-05,4.613409757614136,2.148990109562874
2,17,600,570,0.0004061852814629674,0.00040896154241636394,0.0004095635856557604,0.00027924019108654767,2.3829465135349892e-05,4.695284508168697,2.186485469341278
2,17,600,580,0.0004114814510103315,0.0004088012006832287,0.0004092646287907265,0.00026301049850035074,2.375318217673339e-05,4.777675785124302,2.224244214594364
2,17,600,590,0.0004057189216837287,0.0004069320042617619,0.00040832448505367713,0.0002532548549578871,2.3619013518327847e-05,4.859880484640598,2.261713095009327
2,17,600,600,0.0004101694794371724,0.0004089608235517517,0.00040853084927796105,0.00025,2.3749318643240258e-05,4.942463397979736,2.2992992028594017
2,17,700,0,,,,0.005,,0.0,0.03836265206336975
2,17,700,10,0.0006920921732671559,0.0007513279502745718,0.0008405299876489532,0.004997608533035624,5.974148371024057e-05,0.08278502523899078,0.0758896991610527
2,17,700,20,0.0006360421539284289,0.0006585130817256868,0.0007665840112654415,0.004990438948238695,5.055941437603906e-05,0.16472210735082626,0.11349114775657654
2,17,700,30,0.0006021844455972314,0.0006151152774691582,0.0007052819416845762,0.004978505684198846,4.678764889831655e-05,0.2469569519162178,0.15100476145744324
2,17,700,40,0.0005717331659980118,0.0005847469787113368,0.000656475227564923,0.004961832772921746,4.607157097780146e-05,0.3296196982264519,0.18849949538707733
2,17,700,50,0.0005525786546058953,0.0005606312188319862,0.000617687759396244,0.004940453791431832,4.383486520964652e-05,0.4115935266017914,0.22601371258497238
2,17,700,60,0.000531874829903245,0.0005426308547612279,0.0005872564608143613,0.004914411794152653,4.3770454794866964e-05,0.4935351014137268,0.2635035738348961
2,17,700,70,0.000527735217474401,0.0005294900969602167,0.0005639090923098472,0.004883759226200991,4.2823197873076424e-05,0.5755123645067215,0.3010469079017639
2,17,700,80,0.0005162140005268157,0.0005155369348358363,0.0005443469659763936,0.004848557817769377,4.183407509117387e-05,0.6575154066085815,0.338545098900795
2,17,700,90,0.0005068642785772681,0.0005068604543339462,0.0005291282372741726,0.004808878459809697,4.060734136146493e-05,0.7401509657502174,0.37610580772161484
2,17,700,100,0.0004969631554558873,0.0004983738530427217,0.0005166861904839117,0.0047648010612682465,4.05462269554846e-05,0.8223084285855293,0.4139654040336609
2,17,700,110,0.000488597375806421,0.0004916770383715629,0.0005065231398798155,0.004716414388159756,4.0988863474922255e-05,0.9045671597123146,0.4513874500989914
2,17,700,120,0.00048499496188014746,0.00048523725708946583,0.0004979607285488625,0.004663815884804437,4.059539787704125e-05,0.987053357064724,0.4889924228191376
2,17,700,130,0.0004797964938916266,0.00048025971627794204,0.0004908529969701141,0.004607111477588099,3.9810187445254996e-05,1.0689095631241798,0.5265125036239624
2,17,700,140,0.00047219122643582523,0.0004737796989502385,0.0004840137434776115,0.004546415361640505,4.0445884224027395e-05,1.1510576158761978,0.5639927685260773
2,17,700,150,0.00046713752089999616,0.0004708875232608989,0.00047863154957418367,0.004481849770861575,3.9278005715459585e-05,1.2333437204360962,0.6017657667398453
2,17,700,160,0.00046595133608207107,0.0004673949209973216,0.00047403337667508165,0.004413544731758579,3.8691021472914144e-05,1.315540075302124,0.6393149420619011
2,17,700,170,0.00046223809476941824,0.0004644847183953971,0.0004700914051397323,0.004341637801590058,3.848042615572922e-05,1.3997215405106544,0.6769604533910751
2,17,700,180,0.00045780566870234907,0.0004591419856296852,0.0004656939933131852,0.004266273791343808,3.845493483822793e-05,1.481693685054779,0.7145712673664093
2,17,700,190,0.00045317455078475177,0.00045547178597189487,0.0004615973952456634,0.0041876044741068225,3.8621295971097425e-05,1.5637501701712608,0.7520852386951447
2,17,700,200,0.00045277836034074426,0.0004527805664110929,0.0004580580967507166,0.004105788279414497,3.783573265536688e-05,1.6464343145489693,0.7896862849593163
2,17,700,210,0.0004485961690079421,0.00045194914273452016,0.000455535970889087,0.004020989974194624,3.76544521714095e-05,1.72836584597826,0.8273443654179573
2,17,700,220,0.0004495462344493717,0.0004498516675084829,0.0004531432640502893,0.003933380330948743,3.729821037268266e-05,1.8108465075492859,0.86490248888731
2,17,700,230,0.00044582574628293514,0.00044577179942280055,0.0004501537474929196,0.003843135783839026,3.701055538840592e-05,1.8930932208895683,0.9027774930000305
2,17,700,240,0.0004431834095157683,0.00044357451552059504,0.0004475375685335922,0.0037504380733733673,3.625241151894443e-05,1.9756458476185799,0.9403333067893982
2,17,700,250,0.00044300261652097106,0.0004418402735609561,0.00044520293741496543,0.003655473880404196,3.6009201721753925e-05,2.0584551468491554,0.9779192358255386
2,17,700,260,0.0004456506867427379,0.0004409579007187858,0.0004434785004229473,0.0035584344501780616,3.53724135493394e-05,2.140381909906864,1.0159054845571518
2,17,700,270,0.00043943349737674,0.00043771442724391816,0.0004411414647039485,0.003459515207193181,3.5869925341103226e-05,2.2224745377898216,1.0535283088684082
2,17,700,280,0.00043507511145435274,0.00043701138347387316,0.00043950361755194453,0.0033589153616404915,3.543177808751352e-05,2.304627001285553,1.0911679044365883
2,17,700,290,0.00043171574361622334,0.00043545435182750224,0.00043785482848961345,0.0032568375082208416,3.575191294657998e-05,2.38676954805851,1.1288006454706192
2,17,700,300,0.00043241254752501845,0.0004328906681621447,0.0004358964412609068,0.003153487218146233,3.485375418676995e-05,2.469775840640068,1.1664408966898918
2,17,700,310,0.00043435359839349985,0.00043084679055027664,0.0004338790667917465,0.003049072625146745,3.421174915274605e-05,2.552052855491638,1.2042199820280075
2,17,700,320,0.0004240627749823034,0.0004281957517378032,0.0004315623998052718,0.002943804006316912,3.435047256061807e-05,2.6343661919236183,1.2418399974703789
2,17,700,330,0.0004308640491217375,0.00042790904990397394,0.00043010334335881234,0.002837893358645634,3.3398169762222096e-05,2.7167822495102882,1.2795602083206177
2,17,700,340,0.0004274059901945293,0.00042704376974143086,0.00042885136742831136,0.002731553972082453,3.292375185992569e-05,2.7989733442664146,1.3172067254781723
2,17,700,350,0.0004244789306540042,0.00042572265083435924,0.00042754563118870627,0.002624999999999979,3.2714604458305985e-05,2.8813101053237915,1.3548211604356766
2,17,700,360,0.0004247328033670783,0.00042415056086611005,0.00042621303780730855,0.002518446027917505,3.294431735412218e-05,2.9634134396910667,1.3924845829606056
2,17,700,370,0.00042363558895885944,0.00042247732635587455,0.00042472599698049,0.0024121066413543227,3.2363812351832166e-05,3.0462119728326797,1.4301813319325447
2,17,700,380,0.00041844823863357306,0.0004204869212117046,0.00042294724519049856,0.0023061959936830434,3.178046608809382e-05,3.1283319741487503,1.4678455963730812
2,17,700,390,0.0004214442742522806,0.0004207117162877694,0.00042200924001975797,0.0022009273748532132,3.1095587473828346e-05,3.2104982137680054,1.5055527538061142
2,17,700,400,0.00042034286889247596,0.0004203732532914728,0.00042137492365070434,0.00209651278185373,3.1698560633230954e-05,3.293229080736637,1.5432609990239143
2,17,700,410,0.0004175709327682853,0.0004194653738522902,0.00042058626684999173,0.001993162491779124,3.1016657885629684e-05,3.375438094139099,1.5810427367687225
2,17,700,420,0.00041942400275729597,0.0004186114645563066,0.00041977168035058906,0.0018910846383594791,2.9648801501025446e-05,3.458509549498558,1.6187267750501633
2,17,700,430,0.0004155858769081533,0.00041640564741101115,0.0004184595135210953,0.0017904847928067915,3.0503422749461606e-05,3.540635719895363,1.6565769091248512
2,17,700,440,0.00041675425018183887,0.0004156999668339267,0.0004173133988095097,0.0016915655498219127,2.948348264908418e-05,3.6226645708084106,1.6941076889634132
2,17,700,450,0.00041880866046994925,0.0004148205160163343,0.00041632719543787365,0.0015945261195957825,2.9262995667522773e-05,3.705009050667286,1.7316744476556778
2,17,700,460,0.0004178397939540446,0.00041439510532654823,0.00041558766533321385,0.0014995619266266122,2.9195543902460486e-05,3.7870412543416023,1.7695024013519287
2,17,700,470,0.0004096074844710529,0.0004130755754886195,0.00041453740327715644,0.0014068642161609581,2.8831604140577838e-05,3.8694530576467514,1.8071125075221062
2,17,700,480,0.00041351813706569374,0.0004112245369469747,0.0004132468247492269,0.0013166196690512426,2.828370634233579e-05,3.9520406872034073,1.8448610454797745
2,17,700,490,0.0004115112533327192,0.0004124990984564647,0.00041295860987550107,0.0012290100258053637,2.8219272280693986e-05,4.034043788909912,1.8824871852993965
2,17,700,500,0.00041555502684786916,0.0004097500815987587,0.0004117360808460037,0.0011442117205854962,2.7847918318002485e-05,4.116375491023064,1.9199705496430397
2,17,700,510,0.00041242974111810327,0.00040989955014083537,0.0004109935244843654,0.0010623955258931717,2.7273945306660607e-05,4.19849319010973,1.957749105989933
2,17,700,520,0.0004092757881153375,0.0004113975533982739,0.000411080936517784,0.0009837262086561868,2.7314943508827128e-05,4.280561096966267,1.9951681420207024
2,17,700,530,0.0004079623322468251,0.00041025642130989584,0.0004107313186269567,0.0009083621984099367,2.7007548851543106e-05,4.363310396671295,2.0326908230781555
2,17,700,540,0.0004056640900671482,0.00040827373159117996,0.00040968567712151025,0.0008364552682414167,2.656144351931289e-05,4.4452812522649765,2.0703187361359596
2,17,700,550,0.0004096361226402223,0.0004093032795935869,0.00040955036740735227,0.0007681502291384224,2.6270612579537556e-05,4.5275366976857185,2.1078320741653442
2,17,700,560,0.00041004858212545514,0.0004083825217094272,0.00040908740303902976,0.0007035846383594941,2.5449991881032474e-05,4.609795995056629,2.1454628482460976
2,17,700,570,0.00040428785723634064,0.00040743706631474197,0.00040838685338226725,0.0006428885224119009,2.5223656848538667e-05,4.691599972546101,2.183073654770851
2,17,700,580,0.00040993731818161905,0.0004071107134222984,0.00040788193859812573,0.0005861841151955634,2.5034414647961967e-05,4.774381347000599,2.22062274068594
2,17,700,590,0.0004034372977912426,0.00040498982125427576,0.00040671015998461205,0.0005335856118402431,2.494496038707439e-05,4.856422044336796,2.2582336962223053
2,17,700,600,0.0004079085774719715,0.0004069765476742759,0.00040676191611961794,0.00048519893873175113,2.479672184563242e-05,4.938630327582359,2.2958173230290413
2,17,700,610,0.00040449417429044843,0.00040609443094581367,0.0004064936676877994,0.00044112154019030204,2.4577549993409775e-05,5.020630046725273,2.3333912044763565
2,17,700,620,0.00040477910079061985,0.00040587075345683844,0.00040622946350249087,0.00040144218223062177,2.3984768631635234e-05,5.102641373872757,2.3710046857595444
2,17,700,630,0.0004041970823891461,0.0004055045370478183,0.000405917096995132,0.0003662407737990085,2.433438021398615e-05,5.1847479566931725,2.408488243818283
2,17,700,640,0.00040787801844999194,0.0004057673126226291,0.000405879112867059,0.0003355882058473472,2.4337346985703334e-05,5.267376467585564,2.446026161313057
2,17,700,650,0.00040175672620534897,0.00040384093881584704,0.00040505490981625555,0.00030954620856816795,2.380687692493666e-05,5.3492224514484406,2.48344586789608
2,17,700,660,0.0004039494087919593,0.00040528568206354976,0.00040513867271349036,0.0002881672270782542,2.37140975514194e-05,5.430966518819332,2.520908050239086
2,17,700,670,0.0004037617763970047,0.0004044828005135059,0.00040484158473890456,0.00027149431580115476,2.3644975954084657e-05,5.5132885575294495,2.558658219873905
2,17,700,680,0.0004034519079141319,0.0004049226554343477,0.00040485011152910876,0.00025956105176130705,2.390044573985506e-05,5.595333956182003,2.596175529062748
2,17,700,690,0.0004086016269866377,0.00040458478615619243,0.0004047355860516197,0.00025239146696437784,2.373634015384596e-05,5.678356900811195,2.633848510682583
2,17,700,700,0.0004026407259516418,0.00040411278896499423,0.00040447982439629143,0.00025,2.3341937776422128e-05,5.7603190541267395,2.67134827375412
2,17,800,0,,,,0.005,,0.0,0.03844711184501648
2,17,800,10,0.000692131114192307,0.0007513348245993257,0.0008405332198736205,0.004998168961071719,5.9787187637994066e-05,0.08276333659887314,0.07601770758628845
2,17,800,20,0.0006360587431117892,0.0006585886934772134,0.0007666164230066303,0.00499267866761618,5.054752546129748e-05,0.16506311297416687,0.11337767541408539
2,17,800,30,0.0006020040018483996,0.0006150727800559253,0.0007052863764890873,0.004983537585267952,4.696765972767025e-05,0.24725929647684097,0.15098918974399567
2,17,800,40,0.0005714544095098972,0.0005847964202985168,0.0006564955406007559,0.004970759808913454,4.6018798457225785e-05,0.32923078536987305,0.18852438032627106
2,17,800,50,0.0005525705637410283,0.0005609390849713236,0.0006178185597074181,0.0049543650409576735,4.371462273411453e-05,0.41192516684532166,0.22598470002412796
2,17,800,60,0.0005327812978066504,0.0005427208088804036,0.0005873858698561115,0.004934378560944483,4.397653538035229e-05,0.49383043497800827,0.26346778869628906
2,17,800,70,0.0005277339369058609,0.0005292805726639926,0.0005639006942544688,0.004910831186577412,4.2815267079276964e-05,0.5758072584867477,0.30085134506225586
2,17,800,80,0.0005157109117135406,0.000515157321933657,0.0005441897264334849,0.004883759226200989,4.172428452875465e-05,0.6583032160997391,0.33839743584394455
2,17,800,90,0.0005064426804892719,0.000506468425737694,0.0005288776094729606,0.004853204422815899,4.0625713154440746e-05,0.7402399852871895,0.37580736726522446
2,17,800,100,0.0004964774707332253,0.000497905898373574,0.0005163432171514552,0.004819213889714307,4.0857819840312004e-05,0.8227008208632469,0.41334041208028793
2,17,800,110,0.0004884465015493333,0.0004915228462778031,0.0005062549739379955,0.00478184003783457,4.11156979680527e-05,0.9047788456082344,0.4508512020111084
2,17,800,120,0.00048477156087756157,0.00048503818397875874,0.0004977141073403412,0.004741140494947377,4.079826612723991e-05,0.9867759943008423,0.48845428228378296
2,17,800,130,0.0004802938783541322,0.00048010475584305825,0.0004906499117846609,0.004697178016797897,4.028622424812056e-05,1.0687908604741096,0.5260082185268402
2,17,800,140,0.00047242443542927504,0.00047378674207720906,0.0004838888628504809,0.004650020390340973,4.048162736580707e-05,1.1508274376392365,0.5636921599507332
2,17,800,150,0.0004672264331020415,0.00047096966300159694,0.0004785938453303284,0.004599740329218549,3.940278838854283e-05,1.2328950241208076,0.6011619716882706
2,17,800,160,0.0004658601828850806,0.00046742869017180055,0.0004740292265940247,0.004546415361640503,3.872151137329638e-05,1.3156602010130882,0.638737641274929
2,17,800,170,0.0004621917032636702,0.00046450630761682985,0.0004701003064291565,0.004490127710841771,3.871334047289565e-05,1.397755429148674,0.6763297319412231
2,17,800,180,0.0004583907430060208,0.0004593505116645247,0.0004657866965903223,0.004430964168300075,3.861592631437816e-05,1.479873426258564,0.7138981893658638
2,17,800,190,0.0004530961159616709,0.000455809390405193,0.00046178161729669935,0.004369015959909756,3.867231134790927e-05,1.5622487142682076,0.7517190277576447
2,17,800,200,0.0004531467566266656,0.0004530879785306752,0.0004582932665732356,0.004304378605318053,3.8091013266239315e-05,1.6445507556200027,0.7892081961035728
2,17,800,210,0.00044924713438376784,0.0004524737945757806,0.00045589454559261957,0.00423715177064074,3.7839217839064077e-05,1.7271356582641602,0.826666958630085
2,17,800,220,0.0004501282819546759,0.00045041780103929343,0.0004535829583572278,0.00416743911478419,3.803099025390111e-05,1.8092477917671204,0.8643195182085037
2,17,800,230,0.00044663978042081,0.0004464127647224814,0.0004506822118885844,0.004095348129610857,3.760899562621489e-05,1.891717404127121,0.901826836168766
2,17,800,240,0.0004437038442119956,0.00044441381469368936,0.00044818395239977705,0.0040209899741946225,3.685893534566276e-05,1.9740993902087212,0.9394387155771255
2,17,800,250,0.0004438430769369006,0.0004427019186550751,0.00044594124091038945,0.003944479303421552,3.6784709664061666e-05,2.056055970489979,0.9769600257277489
2,17,800,260,0.0004465745878405869,0.00044177343079354614,0.0004442490663457142,0.0038659340912003707,3.601305797928944e-05,2.1384680941700935,1.014377474784851
2,17,800,270,0.00043999648187309504,0.0004386487271403894,0.00044197213597141566,0.003785475448555258,3.6490971979219466e-05,2.2202319726347923,1.051885299384594
2,17,800,280,0.00043619185453280807,0.0004380223370390013,0.00044040826650391495,0.0037032274368814094,3.6345092667033896e-05,2.3022854551672935,1.0892546251416206
2,17,800,290,0.0004331506206654012,0.00043653767497744413,0.0004388330899450511,0.0036193168766513757,3.6364846891956404e-05,2.385245308279991,1.126833088696003
2,17,800,300,0.0004337032441981137,0.00043395010579843073,0.00043690928489552403,0.003533873151867071,3.5473301977617666e-05,2.4672163650393486,1.1643636971712112
2,17,800,310,0.0004355261044111103,0.00043201537628192457,0.0004349594753820797,0.0034470280105590254,3.516314609441906e-05,2.5492627918720245,1.2017689570784569
2,17,800,320,0.00042520841816440225,0.00042926658061333,0.0004326339061608314,0.0033589153616404785,3.5410659620538354e-05,2.631464146077633,1.2394833788275719
2,17,800,330,0.0004319444124121219,0.0004292120836907998,0.0004312665340388281,0.0032696710684295294,3.45188491337467e-05,2.713458225131035,1.2769195064902306
2,17,800,340,0.0004282575682736933,0.000428256401210092,0.0004300282868377812,0.003179432739157751,3.402565198484808e-05,2.7959883883595467,1.3144208118319511
2,17,800,350,0.00042563030729070306,0.00042692784627433865,0.00042872863342786416,0.003088339514788278,3.413665035623126e-05,2.8782789036631584,1.3520898893475533
2,17,800,360,0.00042572582606226206,0.00042519943963270634,0.0004273403860144326,0.0029965318544705206,3.396179818082601e-05,2.960555486381054,1.389957346022129
2,17,800,370,0.0004245471500325948,0.00042359193321317434,0.00042584535569235724,0.0029041513189623355,3.370055856066756e-05,3.044864445924759,1.4275460094213486
2,17,800,380,0.0004196586087346077,0.00042185241472907363,0.00042416023235434223,0.0028113403523536027,3.336561712785624e-05,3.1267175897955894,1.4650089293718338
2,17,800,390,0.0004230388149153441,0.00042195921414531765,0.00042324054531180945,0.0027182420624277583,3.28047462971881e-05,3.2086929008364677,1.5024855062365532
2,17,800,400,0.0004215633380226791,0.0004215126857161522,0.00042257074813815786,0.0026249999999999694,3.329038736410439e-05,3.290628843009472,1.5400432720780373
2,17,800,410,0.00041862105717882514,0.00042069532501045617,0.00042179431222213705,0.0025317579375721787,3.24086649925448e-05,3.3726315945386887,1.5775538235902786
2,17,800,420,0.00042036708327941597,0.0004196882335236296,0.0004209189086277181,0.002438659647646336,3.117826781817712e-05,3.4546523839235306,1.615077257156372
2,17,800,430,0.0004168670857325196,0.00041752047545742246,0.00041959072469449773,0.0023458486810376033,3.212279261788353e-05,3.5367530435323715,1.6527618020772934
2,17,800,440,0.00041834492003545165,0.00041696472617331893,0.0004184981453565296,0.002253468145529418,3.1003146432340145e-05,3.619326151907444,1.6903799325227737
2,17,800,450,0.0004199109389446676,0.0004158273397479206,0.0004174340514900858,0.0021616604852116622,3.087355071329512e-05,3.701320432126522,1.7279159501194954
2,17,800,460,0.0004184424760751426,0.00041522721585351974,0.0004165799555561969,0.002070567260842192,3.070093225687742e-05,3.7839759290218353,1.765379399061203
2,17,800,470,0.00041020126082003117,0.000414063484640792,0.00041551936702613967,0.001980328931570418,3.065900455112569e-05,3.8660339042544365,1.8031032606959343
2,17,800,480,0.00041445373790338635,0.00041213673248421403,0.0004141993436576759,0.0018910846383594715,3.0195067665772513e-05,3.948331832885742,1.840701088309288
2,17,800,490,0.0004125810810364783,0.0004132646106882021,0.0004138377544145658,0.001802971989440927,3.0102391974651255e-05,4.030735306441784,1.8781940788030624
2,17,800,500,0.0004160729004070163,0.0004104952677153051,0.0004125545574605557,0.0017161268481328867,2.9774611903121695e-05,4.112752430140972,1.9157724156975746
2,17,800,510,0.0004129636799916625,0.0004104917898075655,0.0004117246679823356,0.0016306831233485833,2.9009959689574316e-05,4.195160113275051,1.9535319581627846
2,17,800,520,0.0004099005600437522,0.00041188662289641796,0.0004117166638976303,0.0015467725631185536,2.919347934948746e-05,4.277249678969383,1.991229459643364
2,17,800,530,0.0004087819834239781,0.00041058873175643386,0.000411248707517808,0.0014645245514447102,2.902009873650968e-05,4.359498575329781,2.0286879539489746
2,17,800,540,0.00040596030885353684,0.000408612861065194,0.0004101323382819786,0.0013840659087996018,2.854561898857355e-05,4.442248597741127,2.066215328872204
2,17,800,550,0.0004098369390703738,0.000409577798563987,0.00040992711424220926,0.0013055206965784264,2.819628753059078e-05,4.524474591016769,2.1037962585687637
2,17,800,560,0.0004106061242055148,0.00040857842250261454,0.00040939282424018214,0.0012290100258053596,2.7463000151328743e-05,4.60672665387392,2.1413068026304245
2,17,800,570,0.0004041586653329432,0.00040742536366451533,0.0004085612295296736,0.0011546518703891284,2.734004010562785e-05,4.689076729118824,2.1791173592209816
2,17,800,580,0.00041005268576554954,0.00040699873061385007,0.0004079482517625186,0.0010825608852157997,2.68806834355928e-05,4.7715108916163445,2.216607891023159
2,17,800,590,0.00040311116026714444,0.0004047163383802399,0.00040663828531165957,0.0010128482293592501,2.665624560904689e-05,4.854077905416489,2.2542188614606857
2,17,800,600,0.00040718831587582827,0.00040649524016771464,0.0004065215051134597,0.0009456213946819376,2.648681402206421e-05,4.93631125241518,2.2920307964086533
2,17,800,610,0.0004034989979118109,0.0004053623211802915,0.00040605158969770364,0.0008809840400902355,2.636284989421256e-05,5.018565014004707,2.329552598297596
2,17,800,620,0.00040353473741561174,0.0004051436117151752,0.00040566464594943383,0.0008190358316999166,2.575146390881855e-05,5.101423524320126,2.3671715185046196
2,17,800,630,0.00040327414171770215,0.00040470852400176227,0.0004052534342486466,0.0007598722891582217,2.605615918582771e-05,5.183415979146957,2.4046947062015533
2,17,800,640,0.0004066458495799452,0.0004047622613143176,0.00040507184480111856,0.0007035846383594924,2.566160401329398e-05,5.265427000820637,2.4422920867800713
2,17,800,650,0.0004003132926300168,0.0004025864618597552,0.00040406643772010345,0.0006502596707814487,2.5076473320950754e-05,5.347907200455666,2.480084925889969
2,17,800,660,0.0004022512584924698,0.0004038308485178277,0.000403956891695972,0.0005999796096590256,2.507745193724986e-05,5.429915644228458,2.5176584646105766
2,17,800,670,0.00040213859756477177,0.00040304659924004225,0.0004035486844850228,0.0005528219832021018,2.4647053578519262e-05,5.511945120990276,2.5552343353629112
2,17,800,680,0.00040191030711866915,0.0004034030833281577,0.00040345602331119575,0.0005088595050526219,2.4926679543568753e-05,5.593944430351257,2.5927611738443375
2,17,800,690,0.00040696767973713577,0.0004028535739053041,0.00040320343304775264,0.000468159962165428,2.4591492547187954e-05,5.676017083227634,2.630323424935341
2,17,800,700,0.0004004838992841542,0.00040210384177044036,0.00040275268223184733,0.00043078611028569134,2.4049517378443852e-05,5.758119948208332,2.668171353638172
2,17,800,710,0.0004016513121314347,0.00040209259022958575,0.00040250702257071155,0.00039679557718409785,2.3972123017301783e-05,5.840251982212067,2.705567754805088
2,17,800,720,0.00040421521407552063,0.0004011785640614107,0.00040195203646814135,0.0003662407737990084,2.3920130843180232e-05,5.922906771302223,2.743146203458309
2,17,800,730,0.00040413011447526515,0.00040110403206199406,0.0004016835852798047,0.0003391688134225863,2.3861524823587388e-05,6.005007982254028,2.780730441212654
2,17,800,740,0.00040088503737933934,0.0004019621526822448,0.0004017275247341478,0.0003156214390555172,2.4466375180054456e-05,6.087382711470127,2.8181904703378677
2,17,800,750,0.00039809662848711014,0.00040049615781754253,0.00040116561965039045,0.000295634959042327,2.3307920855586417e-05,6.169644422829151,2.8559102714061737
2,17,800,760,0.0004024709924124181,0.0004015831946162507,0.00040137820582096344,0.0002792401910865475,2.3388654881273396e-05,6.251808524131775,2.8933534026145935
2,17,800,770,0.0004039498744532466,0.0003998607746325433,0.00040080826500353865,0.0002664624147320497,2.3822147340979427e-05,6.334654435515404,2.931011438369751
2,17,800,780,0.0004031489079352468,0.00040170883003156634,0.00040114488721725114,0.00025732133238382096,2.3297223378904164e-05,6.4166769832372665,2.968473196029663
2,17,800,790,0.00040314820944331586,0.00040107213135343045,0.0004011393055721985,0.00025183103892828306,2.3554595827590674e-05,6.498534321784973,3.00601764023304
2,17,800,800,0.00040352766518481076,0.0004017710132757202,0.000401359038210134,0.00025,2.3294041966437362e-05,6.581181243062019,3.0436048060655594
2,17,900,0,,,,0.005,,0.0,0.038287922739982605
2,17,900,10,0.0006921340827830136,0.0007513406919315458,0.0008405358851139438,0.004998553214170353,5.9750876971520483e-05,0.0833929181098938,0.07580859959125519
2,17,900,20,0.0006360745173878968,0.0006586571340449155,0.0007666463588623634,0.004994214619367081,5.04698691656813e-05,0.16531361639499664,0.1147121712565422
2,17,900,30,0.0006021994631737471,0.000615078373812139,0.0007053055507539349,0.004986989501499647,4.678653567680158e-05,0.24757454544305801,0.1523614004254341
2,17,900,40,0.0005714939907193184,0.0005846071231644601,0.0006564282737661679,0.004976886663261228,4.5838569349143654e-05,0.3296257331967354,0.19007325917482376
2,17,900,50,0.0005525671876966953,0.0005608220351859927,0.0006177328466837265,0.004963918413403992,4.360805542091839e-05,0.41162165254354477,0.22772371768951416
2,17,900,60,0.0005326827522367239,0.0005430105898994953,0.0005874505591554036,0.0049481005517427856,4.385569627629593e-05,0.49428532272577286,0.26531239598989487
2,17,900,70,0.0005277306772768497,0.0005297968455124646,0.0005641392809227791,0.004929452349905488,4.288890340831131e-05,0.5765488222241402,0.30285946279764175
2,17,900,80,0.0005162691231817007,0.0005158260464668274,0.0005445996123439583,0.0049079965278535035,4.171256659901701e-05,0.6585209891200066,0.340271458029747
2,17,900,90,0.000506632262840867,0.0005067219259217382,0.0005292311059159531,0.0048837592262009856,4.0838342101778835e-05,0.7404959574341774,0.3778090551495552
2,17,900,100,0.0004968447028659284,0.0004983918683137744,0.0005167499049123746,0.004856769974366528,4.102248203707859e-05,0.822502039372921,0.4152796342968941
2,17,900,110,0.0004887342220172286,0.0004916935693472623,0.0005065721345466126,0.004827061654596116,4.1094564949162304e-05,0.9046299010515213,0.45303919166326523
2,17,900,120,0.0004849674878641963,0.00048531319189351054,0.0004980157357411179,0.004794670461901172,4.075753167853691e-05,0.9866985529661179,0.49075987935066223
2,17,900,130,0.00048073483048938215,0.0004804651602171361,0.0004909799294768005,0.0047596358599605185,4.048657865496352e-05,1.0698055550456047,0.5284015163779259
2,17,900,140,0.000472464831545949,0.00047401627816725524,0.0004841791913627568,0.004722000533039948,4.055680619785562e-05,1.1517606005072594,0.5661285743117332
2,17,900,150,0.0004678418335970491,0.000471119413850829,0.0004788351582396739,0.004681810333988038,3.94780290662311e-05,1.2340450435876846,0.6038984283804893
2,17,900,160,0.0004663874860852957,0.000467752423719503,0.00047430105737009034,0.004639114228371508,3.9021484553813934e-05,1.3166748955845833,0.6416849195957184
2,17,900,170,0.0004625408910214901,0.0004649055830668658,0.00047041798100794674,0.00459396423481822,3.893796747433953e-05,1.3986972942948341,0.6794785261154175
2,17,900,180,0.0004585280257742852,0.000459862663410604,0.0004661813445742485,0.004546415361640496,3.881238808389753e-05,1.4811426252126694,0.7171780690550804
2,17,900,190,0.00045331119326874614,0.0004560853267321363,0.0004621282472443706,0.004496525539815961,3.918050424545072e-05,1.563825972378254,0.7548897489905357
2,17,900,200,0.00045380325173027813,0.0004535408806987107,0.0004586833841974285,0.00444435555240757,3.8348924135789275e-05,1.6461023092269897,0.7925165966153145
2,17,900,210,0.0004498227499425411,0.00045300394704099743,0.00045634677374115594,0.004389968960508811,3.8405538361985236e-05,1.7286834344267845,0.830234944820404
2,17,900,220,0.0004505194374360144,0.00045095818932168187,0.00045407255125290506,0.004333432025804295,3.803112849709578e-05,1.810755267739296,0.8679991215467453
2,17,900,230,0.0004470085841603577,0.000447102525504306,0.00045124820234482244,0.004274813629840118,3.794101576204412e-05,1.893280602991581,0.9055434837937355
2,17,900,240,0.00044447931577451527,0.00044504539691843094,0.0004487764823582067,0.004214185190102288,3.7488080124603584e-05,1.9759333357214928,0.9432283788919449
2,17,900,250,0.00044421825441531837,0.00044335333222988993,0.00044654967141206865,0.004151620573005531,3.71931200788822e-05,2.0579157546162605,0.9808371961116791
2,17,900,260,0.0004470969724934548,0.00044240792049095036,0.00044486787353497726,0.004087196003898436,3.6573346733348444e-05,2.1409217044711113,1.0188938826322556
2,17,900,270,0.00044085353147238493,0.00043936047586612403,0.00044263497930460845,0.004020989974194619,3.687442949740216e-05,2.2230364084243774,1.0566156059503555
2,17,900,280,0.00043714145431295037,0.0004387677705381066,0.00044110349104748315,0.003953083145743019,3.715930870384909e-05,2.305179573595524,1.0940498560667038
2,17,900,290,0.0004343765031080693,0.0004376009659608826,0.00043967949360249726,0.003883558252553855,3.712382022058591e-05,2.387975126504898,1.1319265216588974
2,17,900,300,0.00043452513637021184,0.00043509136012289675,0.00043787624584805434,0.0038124999999999895,3.635603570728563e-05,2.4699580520391464,1.1694924533367157
2,17,900,310,0.00043669508886523545,0.0004330378462327644,0.000435946655858884,0.0037399949616164782,3.5997280065203086e-05,2.5524925738573074,1.207145556807518
2,17,900,320,0.0004262158181518316,0.000430444159428589,0.0004336950544724702,0.003666131473624045,3.6178134905640036e-05,2.634564831852913,1.2448346242308617
2,17,900,330,0.0004329006769694388,0.00043024007754866034,0.0004323130337235595,0.0035909995273050097,3.529043169692159e-05,2.7167313992977142,1.2824307158589363
2,17,900,340,0.000429685867857188,0.00042937668040394784,0.0004311166221979763,0.0035146906593627745,3.4865417546825483e-05,2.7995251268148422,1.3205915465950966
2,17,900,350,0.0004271750512998551,0.0004281765897758305,0.0004298877542481441,0.0034372978403984468,3.5195778764318675e-05,2.8815007731318474,1.358148254454136
2,17,900,360,0.0004269577329978347,0.0004265014635166153,0.00042855776046047967,0.003358915361640482,3.469184593996033e-05,2.9635057374835014,1.3957678079605103
2,17,900,370,0.000425896723754704,0.0004248808196280152,0.00042709418690206304,0.0032796387200653516,3.4698994568316266e-05,3.045724682509899,1.4333654418587685
2,17,900,380,0.0004206373414490372,0.00042316206090617923,0.0004254284862969205,0.0031995645020491863,3.417367042857222e-05,3.1283681094646454,1.4709101095795631
2,17,900,390,0.0004242275608703494,0.0004233400977682322,0.0004245550373027889,0.003118790265692153,3.390748315723613e-05,3.210485503077507,1.508665181696415
2,17,900,400,0.00042301928624510765,0.00042279235494788734,0.0004238768958154716,0.0030374144219589344,3.443792957114056e-05,3.2928287014365196,1.546216957271099
2,17,900,410,0.000419927469920367,0.00042188021761830897,0.00042305807765586164,0.002955536114780128,3.3609423553571105e-05,3.3756902143359184,1.5838835909962654
2,17,900,420,0.00042191619286313653,0.00042093083029612897,0.0004221826836043707,0.002873255100260647,3.250617010053247e-05,3.4577268585562706,1.6216993108391762
2,17,900,430,0.00041778714512474835,0.00041867905529215934,0.00042080710587525435,0.002790671625142266,3.322397606098093e-05,3.540514074265957,1.6593930274248123
2,17,900,440,0.0004191927146166563,0.00041813307034317405,0.0004196948572191502,0.0027078863046684073,3.2453543099109083e-05,3.6228630170226097,1.6972403898835182
2,17,900,450,0.0004213149659335613,0.0004170650790911168,0.00041865858019586745,0.002624999999999966,3.246179403504357e-05,3.7047387436032295,1.734905056655407
2,17,900,460,0.0004195303190499544,0.00041650670173112305,0.0004178274421124525,0.0025421136953315254,3.191708674421534e-05,3.7874791994690895,1.7725379541516304
2,17,900,470,0.0004118934157304466,0.00041537278448231516,0.0004167969279933082,0.002459328374857666,3.206482142559253e-05,3.8694638460874557,1.8101579025387764
2,17,900,480,0.0004155401256866753,0.0004132390487939119,0.00041540438272633833,0.0023767448997392875,3.129354081465863e-05,3.9518128037452698,1.8475622236728668
2,17,900,490,0.00041341985343024135,0.0004144759965129197,0.00041503938849693137,0.002294463885219809,3.138910324196331e-05,4.034482002258301,1.8852709233760834
2,17,900,500,0.000417124800151214,0.0004115249845199287,0.0004136872906483884,0.002212585578041007,3.1083920475794e-05,4.11667537689209,1.922892414033413
2,17,900,510,0.00041425542440265417,0.00041158036328852176,0.00041283499392389626,0.0021312097343077875,3.06472102238331e-05,4.199187099933624,1.9604434445500374
2,17,900,520,0.0004106885753571987,0.00041292655805591494,0.00041279697443673263,0.0020504354979507568,3.083553383476101e-05,4.281286962330341,1.9980481415987015
2,17,900,530,0.0004100623191334307,0.00041169488395098597,0.0004123404415779926,0.0019703612799345954,3.0720730137545615e-05,4.363403111696243,2.0357177034020424
2,17,900,540,0.0004066481487825513,0.0004096412216313183,0.0004111957579181778,0.00189108463835947,3.0316092306748033e-05,4.4458653554320335,2.0732720717787743
2,17,900,550,0.00041059902287088335,0.00041069278377108275,0.0004110046092376025,0.0018127021596015082,2.9654551326530054e-05,4.5280715599656105,2.111023761332035
2,17,900,560,0.00041108118603006005,0.0004094684234587476,0.00041038379730063275,0.001735309340637182,2.9141947379685007e-05,4.610664263367653,2.1486896276474
2,17,900,570,0.00040502502815797925,0.00040814269741531464,0.0004094430193471191,0.0016590004726949484,2.92727563646622e-05,4.692732520401478,2.186461791396141
2,17,900,580,0.00041048473212867975,0.00040766525198705495,0.0004087425008552467,0.001583868526375917,2.8673226552200504e-05,4.775086373090744,2.223980240523815
2,17,900,590,0.00040381497819907963,0.00040541320049669594,0.00040739533716369536,0.001510005038383486,2.8657945222221315e-05,4.857725493609905,2.2616226002573967
2,17,900,600,0.0004073089803569019,0.00040711653418838977,0.0004072191458402665,0.001437499999999979,2.8530133931781165e-05,4.939780853688717,2.2991425544023514
2,17,900,610,0.000403948943130672,0.0004060452774865553,0.00040674243562681156,0.0013664417474461186,2.8272679628571495e-05,5.0217694118618965,2.336898595094681
2,17,900,620,0.0004039348568767309,0.00040552418504375965,0.00040623342597841545,0.0012969168542569579,2.743754885159433e-05,5.104116015136242,2.3746567368507385
2,17,900,630,0.0004034162557218224,0.0004050195129821077,0.0004057148390744144,0.0012290100258053591,2.7476888135424815e-05,5.18627243489027,2.412209689617157
2,17,900,640,0.0004067924455739558,0.0004050748888403177,0.0004054616891010782,0.0011628039961015452,2.7371803298592567e-05,5.268919035792351,2.4498223960399628
2,17,900,650,0.000400359567720443,0.00040278294181916863,0.00040437277382415244,0.0010983794269944541,2.669817695277743e-05,5.351160936057568,2.487469106912613
2,17,900,660,0.0004023716028314084,0.0004038638318888843,0.00040415354927360395,0.0010358148098976985,2.675746873137541e-05,5.4332258105278015,2.5249112769961357
2,17,900,670,0.00040229177102446556,0.0004031269549159333,0.0004037010686256004,0.0009751863701598689,2.62575540546095e-05,5.515171431005001,2.5623868256807327
2,17,900,680,0.00040163268567994237,0.00040329704352188856,0.0004035007160668704,0.0009165679741956912,2.641300125105772e-05,5.597205050289631,2.599914126098156
2,17,900,690,0.0004066547844558954,0.00040264243143610655,0.0004031455602160546,0.0008600310394911771,2.604161636554636e-05,5.6791824996471405,2.637682169675827
2,17,900,700,0.00040033285040408373,0.0004019460582640022,0.0004026547432508644,0.0008056444475924171,2.5727442334755324e-05,5.76164573431015,2.6750978752970695
2,17,900,710,0.00040127785177901387,0.000401668218546547,0.00040227570657435665,0.000753474460184026,2.5592300517018884e-05,5.844430886209011,2.712746135890484
2,17,900,720,0.0004034014418721199,0.00040065446810331193,0.0004015970042053189,0.0007035846383594913,2.5339997591800056e-05,5.926384016871452,2.7504176571965218
2,17,900,730,0.00040374224772676826,0.0004004221293143928,0.0004011989323511753,0.0006560357651817683,2.5437953809159808e-05,6.008663564920425,2.7880384102463722
2,17,900,740,0.00039987557101994753,0.00040126476669684054,0.00040115032368724733,0.0006108857716284821,2.5495934096397832e-05,6.091152109205723,2.8258397057652473
2,17,900,750,0.00039683975046500564,0.00039965832547750324,0.0004004765836786505,0.0005681896660119522,2.4480246793245897e-05,6.173511616885662,2.863239102065563
2,17,900,760,0.00040143687510862947,0.0004006116709206253,0.00040057352366743346,0.0005279994669600432,2.4355098503292538e-05,6.256126053631306,2.9008432999253273
2,17,900,770,0.0004029469273518771,0.00039888482715468856,0.00039993286375138837,0.0004903641400394738,2.4821851184242405e-05,6.338263511657715,2.9385462403297424
2,17,900,780,0.0004020411870442331,0.0004004282382084057,0.00040011134691666757,0.0004553295380988194,2.425388629490044e-05,6.420356370508671,2.976080000400543
2,17,900,790,0.0004018113249912858,0.0003998001164291054,0.000400003467342594,0.0004229383454038769,2.441315882606432e-05,6.50287114828825,3.01375450193882
2,17,900,800,0.0004022637440357357,0.00040036111313384025,0.00040011682902279047,0.00039323002563346513,2.3922886612126604e-05,6.5847534611821175,3.051596015691757
2,17,900,810,0.00040040627936832607,0.0003985543211456388,0.00039946847788090655,0.0003662407737990085,2.3429771317751147e-05,6.667217411100864,3.089080810546875
2,17,900,820,0.0003956398868467659,0.000399520291830413,0.0003994894971868144,0.00034200347214649086,2.3966897060745396e-05,6.749761961400509,3.1268561109900475
2,17,900,830,0.00039742907392792404,0.00039799934311304244,0.00039886044905598165,0.000320547650094507,2.345041139051318e-05,6.831797018647194,3.1644700542092323
2,17,900,840,0.00039832049515098333,0.0003986737283412367,0.000398760869224213,0.0003018994482572105,2.3354466975433752e-05,6.91474837064743,3.2021026015281677
2,17,900,850,0.0003956739674322307,0.0003988340875366703,0.000398749969433043,0.0002860815865960052,2.3351109120994806e-05,6.99665030092001,3.2397487461566925
2,17,900,860,0.00039520260179415345,0.00039886662852950394,0.0003987301151434356,0.00027311333673877007,2.3147973479353823e-05,7.0790140107274055,3.2772709652781487
2,17,900,870,0.0003990637487731874,0.0003977140149800107,0.0003983369257645282,0.00026301049850035064,2.2872012777952477e-05,7.161601126194,3.3149734437465668
2,17,900,880,0.0004004662623628974,0.00039809015579521655,0.0003982795506018958,0.00025578538063291713,2.290919110237155e-05,7.243675239384174,3.352649539709091
2,17,900,890,0.0004001334891654551,0.00039766739937476816,0.00039803060721983036,0.0002514467858296475,2.3094817152014002e-05,7.32647268474102,3.3902448788285255
2,17,900,900,0.0003998478059656918,0.00039798783545847983,0.00039800268777586735,0.00025,2.3400396457873285e-05,7.408754549920559,3.4279335290193558
2,17,1000,0,,,,0.005,,0.0,0.04110870510339737
2,17,1000,10,0.0006920944433659315,0.000751340517308563,0.0008405356571235499,0.004998828080868613,5.974535088171251e-05,0.08292422443628311,0.07866163551807404
2,17,1000,20,0.0006360456463880837,0.0006586352712474764,0.000766635289027854,0.0049953134800171444,5.052769847679883e-05,0.16618148237466812,0.11609821021556854
2,17,1000,30,0.0006018953863531351,0.000615049054613337,0.0007052868215563771,0.0049894596659323135,4.6760269469814375e-05,0.2481238692998886,0.15375837683677673
2,17,1000,40,0.0005715651786886156,0.0005846984218806029,0.0006564572556812442,0.004981272415621884,4.582263500196859e-05,0.3303551748394966,0.19115688651800156
2,17,1000,50,0.0005523385480046272,0.0005607195955235511,0.0006177066175827483,0.004970759808913451,4.3558764446061105e-05,0.4134944826364517,0.22867441177368164
2,17,1000,60,0.0005325684323906898,0.0005426781659480185,0.0005872975798863775,0.0049579322204806354,4.403787897899747e-05,0.49552009999752045,0.2661280110478401
2,17,1000,70,0.0005271757836453617,0.0005294155504088849,0.0005638920423650245,0.004942802309604526,4.268933116691187e-05,0.5777149870991707,0.30361946672201157
2,17,1000,80,0.0005157878040336072,0.0005153986217919737,0.0005442793472130472,0.004925385007680499,4.173342676949687e-05,0.6599142402410507,0.34138306230306625
2,17,1000,90,0.0005062539712525904,0.0005063857126515359,0.0005288974930549885,0.004905697503482739,4.0932183765107766e-05,0.7419761642813683,0.379079170525074
2,17,1000,100,0.0004964192630723119,0.0004978829470928759,0.0005163467527781488,0.004883759226200989,4.0930695831775665e-05,0.824982076883316,0.4165959060192108
2,17,1000,110,0.0004885593662038445,0.0004915668512694537,0.0005062791087191963,0.004859591826266284,4.137991709285416e-05,0.9071152433753014,0.45416588336229324
2,17,1000,120,0.0004844283976126462,0.00048495467635802927,0.000497696207377445,0.004833219153984595,4.119383811485022e-05,0.9891281574964523,0.49159878492355347
2,17,1000,130,0.0004803727497346699,0.000480222690384835,0.000490686140583098,0.004804667235999453,4.077859557582997e-05,1.0720329210162163,0.5292266309261322
2,17,1000,140,0.0004721202712971717,0.0004739675234304741,0.00048397860141191363,0.004773964249606794,4.047870243084617e-05,1.153859592974186,0.5668128505349159
2,17,1000,150,0.00046778886462561786,0.0004711388959549367,0.0004787199078134753,0.004741140494947372,3.969736644648947e-05,1.2365078553557396,0.6042966470122337
2,17,1000,160,0.0004659674013964832,0.0004676887940149754,0.0004742057622629371,0.004706228365104175,3.904342884197831e-05,1.3190681710839272,0.6423259526491165
2,17,1000,170,0.0004628099559340626,0.0004649266600608826,0.0004703792449266457,0.0046692623141343665,3.898639988619834e-05,1.4012386053800583,0.6798414885997772
2,17,1000,180,0.000458819413324818,0.00045996857807040215,0.00046619947133301953,0.004630278823067284,3.891361120622605e-05,1.4839715734124184,0.7174805551767349
2,17,1000,190,0.0004537750210147351,0.00045634085836354643,0.00046224346610403746,0.004589316363902083,3.936045686714351e-05,1.5660785213112831,0.7553059533238411
2,17,1000,200,0.00045398296788334846,0.00045367278216872363,0.0004588063145327428,0.0045464153616404995,3.8995465729385614e-05,1.648506686091423,0.7928379029035568
2,17,1000,210,0.00045041347038932145,0.0004533423052635044,0.000456552789574791,0.004501618154392265,3.882403689203784e-05,1.7310062274336815,0.830367274582386
2,17,1000,220,0.00045127375051379204,0.00045140602451283486,0.0004543855270551112,0.004454968951592499,3.853160887956619e-05,1.812959998846054,0.8678679838776588
2,17,1000,230,0.00044746906496584415,0.00044733123504556713,0.0004515247628827693,0.004406513790372343,3.8222133298404515e-05,1.895071141421795,0.9054165855050087
2,17,1000,240,0.00044534506741911173,0.0004456160328118131,0.00044918212659367127,0.004356300490125854,3.7851939850952476e-05,1.9772594273090363,0.9428594559431076
2,17,1000,250,0.0004450237029232085,0.00044398845639079807,0.00044705024418007725,0.004304378605318052,3.7324036384234205e-05,2.059966430068016,0.9804359897971153
2,17,1000,260,0.0004479192430153489,0.00044325124472379687,0.0004455076446919516,0.004250799376580637,3.706367715494707e-05,2.142124943435192,1.0179382264614105
2,17,1000,270,0.000441613607108593,0.00044028029951732607,0.00044338750714542364,0.0041956156801436755,3.711579120135866e-05,2.224623017013073,1.0554437711834908
2,17,1000,280,0.00043797428952530026,0.0004396990610985085,0.0004419282879069542,0.0041388819756531395,3.7470479583134875e-05,2.3068557679653168,1.0931294187903404
2,17,1000,290,0.00043493701377883554,0.00043826400651596485,0.0004404362525463884,0.004080654252425819,3.740345346159302e-05,2.38896956294775,1.1305749043822289
2,17,1000,300,0.0004354841075837612,0.000435788172762841,0.00043860916951993706,0.004020989974194622,3.6933655792381614e-05,2.471670985221863,1.1680571660399437
2,17,1000,310,0.0004373600531835109,0.0004339193023042753,0.00043673906592771203,0.003959948022398806,3.642164665507153e-05,2.553896479308605,1.2056849524378777
2,17,1000,320,0.0004272465012036264,0.00043127270182594655,0.0004345058521036376,0.0038975886380751097,3.684770854306407e-05,2.6362994462251663,1.2432947531342506
2,17,1000,330,0.00043388729682192206,0.0004312340053729713,0.00043320076299495586,0.0038339733624071226,3.6060162528883666e-05,2.718998797237873,1.2809262499213219
2,17,1000,340,0.00043029460357502103,0.000430368582601659,0.0004320412559665254,0.003769164975991562,3.544896389939822e-05,2.801221080124378,1.3184830099344254
2,17,1000,350,0.00042772741289809346,0.00042899255349766464,0.0004307662964785845,0.0037032274368814094,3.581223791115917e-05,2.8841437324881554,1.355994462966919
2,17,1000,360,0.0004280396387912333,0.0004275032901205122,0.0004294934600973004,0.0036362258174670314,3.5566659789765254e-05,2.966118924319744,1.3936669304966927
2,17,1000,370,0.0004274696111679077,0.00042601733293849974,0.0004281182108437541,0.0035682262402575863,3.547727465047501e-05,3.0483002588152885,1.431154541671276
2,17,1000,380,0.00042158536962233484,0.00042412459733895955,0.0004264257505036421,0.0034992958126260918,3.481752719380893e-05,3.131164886057377,1.468711070716381
2,17,1000,390,0.0004251108621247113,0.00042422027327120303,0.00042550673594354675,0.0034295025605825466,3.47055793099571e-05,3.213273376226425,1.506483070552349
2,17,1000,400,0.00042347877752035856,0.0004236696404404938,0.0004247931684588003,0.0033589153616404776,3.4947373933391646e-05,3.296109899878502,1.5440417975187302
2,17,1000,410,0.00042083236621692777,0.0004229452752042562,0.00042403113652888423,0.0032876038768431468,3.475551420706324e-05,3.378444217145443,1.581622451543808
2,17,1000,420,0.0004228691686876118,0.0004221470269840211,0.00042324606280921953,0.0032156384820165047,3.3556549169588834e-05,3.460582658648491,1.6191136315464973
2,17,1000,430,0.0004188847087789327,0.00041973807965405284,0.0004218686042256735,0.0031430901983167626,3.4333708754274994e-05,3.543413333594799,1.6566014811396599
2,17,1000,440,0.000420333759393543,0.00041926941194105896,0.0004207846350988089,0.0030700306221410683,3.34446485794615e-05,3.625346429646015,1.6943447440862656
2,17,1000,450,0.0004218803660478443,0.00041812726703938097,0.00041973349363139486,0.002996531854470519,3.306282451376319e-05,3.7077856734395027,1.731863372027874
2,17,1000,460,0.0004212560597807169,0.0004176942486083135,0.0004189509557643448,0.0029226664297151905,3.298385490779765e-05,3.7902745455503464,1.7694100961089134
2,17,1000,470,0.00041282037273049355,0.00041640325798653066,0.0004178811072731432,0.002848507244131439,3.312311309855431e-05,3.872335270047188,1.8071092367172241
2,17,1000,480,0.0004164662095718086,0.00041431484278291463,0.0004164871757791216,0.002774127483882086,3.2508069125469774e-05,3.9548692256212234,1.8446996062994003
2,17,1000,490,0.00041454570600762963,0.0004155980597715825,0.00041613588458622186,0.0026996005528105212,3.2584848668193445e-05,4.03699292242527,1.8823293149471283
2,17,1000,500,0.00041784450877457857,0.00041265044710598887,0.0004147921928173054,0.002624999999999966,3.224095416953787e-05,4.119072861969471,1.9199856966733932
2,17,1000,510,0.0004154010093770921,0.00041279263386968524,0.00041398842036824554,0.002550399447189409,3.198266131221317e-05,4.201217025518417,1.9575439393520355
2,17,1000,520,0.00041192874778062105,0.0004140936827752739,0.0004139564716494539,0.0024758725161178443,3.1831968954065815e-05,4.2840743735432625,1.9951057061553001
2,17,1000,530,0.00041104003321379423,0.00041279884171672163,0.0004134729118890536,0.00240149275586849,3.1950679840520024e-05,4.366313815116882,2.032885819673538
2,17,1000,540,0.0004077127086929977,0.00041070893057622017,0.0004123000174921039,0.002327333570284738,3.164726513205096e-05,4.448635593056679,2.0704419687390327
2,17,1000,550,0.00041182799031957984,0.0004115964489756152,0.00041202907838038124,0.002253468145529412,3.103242124780081e-05,4.531786158680916,2.108020931482315
2,17,1000,560,0.00041238602716475725,0.00041050167055800557,0.000411423496777153,0.0021799693778588648,3.051327985303942e-05,4.613738566637039,2.1456605046987534
2,17,1000,570,0.00040601822547614574,0.00040916485886555165,0.00041047407485900054,0.002106909801683174,3.0498656997224316e-05,4.696230694651604,2.1832510977983475
2,17,1000,580,0.0004115013871341944,0.00040865078626666217,0.0004097521050308854,0.002034361517983434,2.9935143174952827e-05,4.778764836490154,2.220921002328396
2,17,1000,590,0.00040461606113240123,0.00040637720085214826,0.0004083846612679669,0.0019623961231567946,2.9955852369312197e-05,4.860912539064884,2.2586743161082268
2,17,1000,600,0.00040789571357890964,0.0004080006357980892,0.0004081617592049565,0.001891084638359466,3.0140185117488727e-05,4.943851083517075,2.2962336018681526
2,17,1000,610,0.0004046004614792764,0.00040695788338780404,0.00040766909650358414,0.0018204974394174004,2.9793911380693316e-05,5.026029236614704,2.3338998407125473
2,17,1000,620,0.00040471774991601706,0.00040639933722559364,0.00040713921757149244,0.001750704187373859,2.8986616598558612e-05,5.10854547470808,2.37154171615839
2,17,1000,630,0.0004041273787152022,0.00040595732571091503,0.0004066302900939212,0.0016817737597423661,2.9077458748361096e-05,5.191125720739365,2.409168615937233
2,17,1000,640,0.00040779169648885727,0.0004058163118315861,0.00040630739308893717,0.001613774182532924,2.9013872335781343e-05,5.273319311439991,2.446869447827339
2,17,1000,650,0.0004013051511719823,0.00040366045432165264,0.0004052306344000003,0.0015467725631185493,2.8262973501114175e-05,5.356266058981419,2.484435774385929
2,17,1000,660,0.0004027173272334039,0.00040462717297486963,0.0004049653571036602,0.001480835024008401,2.8208367439219728e-05,5.438469685614109,2.5221871957182884
2,17,1000,670,0.00040277966763824224,0.0004037175647681579,0.0004044181850466684,0.0014160266375928437,2.7794942070613615e-05,5.520708359777927,2.5599566027522087
2,17,1000,680,0.00040224441909231246,0.00040376657561864705,0.00040411575332684814,0.00135241136192486,2.81641841866076e-05,5.603731840848923,2.5976815447211266
2,17,1000,690,0.00040735758375376463,0.0004029526899103075,0.00040364121085876414,0.0012900519776011673,2.7478565243654884e-05,5.686006374657154,2.6352780163288116
2,17,1000,700,0.00040088826790452003,0.00040242215618491173,0.0004031415468127566,0.001229010025805355,2.7544971089810133e-05,5.768166862428188,2.6728452891111374
2,17,1000,710,0.0004018583567813039,0.00040197808702941985,0.00040269696418552045,0.001169345747574161,2.7076941478298977e-05,5.850381873548031,2.710427314043045
2,17,1000,720,0.0004033111035823822,0.00040088952518999574,0.00040193470928919477,0.001111118024346843,2.6795205485541373e-05,5.932437762618065,2.747997835278511
2,17,1000,730,0.0004038514744024724,0.0004007551557151601,0.00040153313252487674,0.0010543843198563088,2.7160014724358916e-05,6.015254385769367,2.7854597866535187
2,17,1000,740,0.0004001857014372945,0.0004015207465272397,0.000401461547889243,0.0009992006234193487,2.719380245252978e-05,6.09745979309082,2.8231175541877747
2,17,1000,750,0.00039641070179641247,0.0003996733052190393,0.0004006616221067636,0.0009456213946819345,2.616948950162623e-05,6.1795695424079895,2.860539734363556
2,17,1000,760,0.000401422381401062,0.0004005661583505571,0.0004006627290170531,0.0008936995098741332,2.5698816898511723e-05,6.261570788919926,2.8980729952454567
2,17,1000,770,0.00040306401206180453,0.0003988468670286238,0.00039997634758466,0.0008434862096276455,2.629603841342032e-05,6.343650996685028,2.935581088066101
2,17,1000,780,0.00040157049079425633,0.0004003798472695053,0.0004001156597378973,0.0007950310484074888,2.5806857593124732e-05,6.425737179815769,2.973230369389057
2,17,1000,790,0.00040187209378927946,0.00039960652065929025,0.0003999329755548182,0.0007483818456077244,2.5823690521065146e-05,6.507996715605259,3.0108197703957558
2,17,1000,800,0.00040202582022175193,0.0004000274377176538,0.0003999483343102632,0.0007035846383594903,2.523437433410436e-05,6.590968571603298,3.048426628112793
2,17,1000,810,0.00040017938590608537,0.0003981055691838264,0.00039918531675245335,0.000660683636097907,2.450424108246807e-05,6.673060201108456,3.0861997082829475
2,17,1000,820,0.00039548357017338276,0.00039905990124680104,0.0003991430623040351,0.0006197211769327061,2.503403084119782e-05,6.755313768982887,3.1237932816147804
2,17,1000,830,0.0003968754317611456,0.0003975223342422396,0.0003984616775277547,0.0005807376858656267,2.4637784008518793e-05,6.838206119835377,3.1614316925406456
2,17,1000,840,0.00039684626972302794,0.00039786340785212814,0.0003981900579018708,0.0005437716348958175,2.4170944016077556e-05,6.92036896944046,3.199019603431225
2,17,1000,850,0.00039502140134572983,0.0003981250920332968,0.00039812410331265577,0.000508859505052621,2.448295708745718e-05,7.00386980175972,3.236675091087818
2,17,1000,860,0.00039440521504729986,0.00039798431098461153,0.00039799957565984635,0.00047603575039319916,2.4115588530548848e-05,7.086245536804199,3.2751530185341835
2,17,1000,870,0.0003980014007538557,0.0003967027791077271,0.0003974880861797997,0.00044533276400054056,2.369207504671067e-05,7.168625995516777,3.312787190079689
2,17,1000,880,0.0003994008875451982,0.0003968652861658484,0.00039727715330444496,0.0004167808460153993,2.36593623412773e-05,7.251846835017204,3.350450523197651
2,17,1000,890,0.00039938907139003277,0.0003965445299400017,0.00039698109248647526,0.00039040817373371195,2.368644163652789e-05,7.334014385938644,3.3888864144682884
2,17,1000,900,0.0003987148520536721,0.00039675836742389945,0.00039688531791086715,0.00036624077379900804,2.3764087018207647e-05,7.41671609133482,3.4264479875564575
2,17,1000,910,0.0003971354744862765,0.0003969667915953323,0.00039690135230912015,0.0003443024965172584,2.4016077077249065e-05,7.498996756970882,3.464196853339672
2,17,1000,920,0.00039655150612816215,0.0003981817018939182,0.0003974212955429099,0.00032461499231949977,2.333936390641611e-05,7.58113232254982,3.5018302649259567
2,17,1000,930,0.00039662973722442985,0.00039680232875980435,0.00039722015393562114,0.0003071976903954741,2.314243647560943e-05,7.664160758256912,3.5394362211227417
2,17,1000,940,0.0003934936539735645,0.0003970347519498318,0.0003971381794855987,0.0002920677795193635,2.3223572497954592e-05,7.74635873734951,3.5775206610560417
2,17,1000,950,0.0003970846883021295,0.0003972158359829336,0.0003971359652894469,0.0002792401910865475,2.2859007003717124e-05,7.828970313072205,3.6150678396224976
2,17,1000,960,0.0003958980378229171,0.0003965805895859376,0.0003969192270176646,0.00026872758437811503,2.3191980289993808e-05,7.91170222312212,3.6526912227272987
2,17,1000,970,0.0003958893066737801,0.00039556271804030985,0.0003963689814865294,0.00026054033406768483,2.347367444599513e-05,7.993635393679142,3.690323419868946
2,17,1000,980,0.0003953747218474746,0.0003969144949223846,0.00039658213597203477,0.00025468651998285496,2.3068292648531497e-05,8.076062962412834,3.727940171957016
2,17,1000,990,0.0003963061608374119,0.00039563619648106394,0.00039615268621670524,0.00025117191913138744,2.2914880901225843e-05,8.158360749483109,3.7657692283391953
2,17,1000,1000,0.0003938355657737702,0.00039522637380287053,0.0003957211826449114,0.00025,2.278174906678032e-05,8.24072277545929,3.803299941122532
2,29,100,0,,,,0.005,,0.0,0.03838878870010376
2,29,100,10,0.0006909285439178348,0.0007512790733017027,0.0008384743181545458,0.004883759226200989,5.904202407691628e-05,0.08294972777366638,0.07602623105049133
2,29,100,20,0.0006395505042746663,0.0006594548001885414,0.0007658101860481657,0.0045464153616405,4.8827983846422285e-05,0.1650320515036583,0.11363533139228821
2,29,100,30,0.0006015264661982656,0.0006157065741717816,0.0007050346163762498,0.004020989974194624,4.56941343145445e-05,0.24751602113246918,0.15114890038967133
2,29,100,40,0.0005726533709093928,0.0005845679610501975,0.0006562299115322088,0.0033589153616404984,4.3016410927521065e-05,0.3298557326197624,0.18879885226488113
2,29,100,50,0.0005495069781318307,0.0005610512860585004,0.000617670881010343,0.002624999999999997,4.023432484245859e-05,0.4119868576526642,0.2263583168387413
2,29,100,60,0.0005366127588786185,0.0005435896397102624,0.0005876827933515209,0.0018910846383594984,3.7539477489190176e-05,0.49484358727931976,0.2637902572751045
2,29,100,70,0.0005242022452875972,0.0005321051750797779,0.0005651848986967672,0.0012290100258053754,3.549077155184932e-05,0.5771234631538391,0.301466703414917
2,29,100,80,0.0005207068752497435,0.0005204359127674252,0.0005471903121411322,0.0007035846383594995,3.330169784021564e-05,0.6593782603740692,0.3389187976717949
2,29,100,90,0.0005148725467734039,0.0005164926929865033,0.0005348285998491367,0.0003662407737990102,3.1835908885113895e-05,0.7420081794261932,0.37660229951143265
2,29,100,100,0.000510483339894563,0.000511614722199738,0.000525427484040161,0.00025,3.085444768657908e-05,0.8241045698523521,0.41410721093416214
2,29,200,0,,,,0.005,,0.0,0.03848022222518921
2,29,200,10,0.0006912462413311005,0.0007513731718063355,0.0008385172834131409,0.00497075980891345,5.91310381423682e-05,0.08304993808269501,0.07614070922136307
2,29,200,20,0.0006399094127118587,0.0006596391263883561,0.0007659097498764079,0.004883759226200987,4.9634738388704136e-05,0.16520964354276657,0.113526351749897
2,29,200,30,0.0006018957355991006,0.0006159274314995855,0.0007051911013608656,0.00474114049494737,4.664517109631561e-05,0.24781528860330582,0.15118489414453506
2,29,200,40,0.0005721072084270418,0.0005846288695465773,0.0006563374348749845,0.004546415361640498,4.4300122681306675e-05,0.3298627510666847,0.1887412890791893
2,29,200,50,0.0005480826948769391,0.0005605483893305063,0.0006175158449691102,0.004304378605318047,4.285416071070358e-05,0.41256723552942276,0.22610650956630707
2,29,200,60,0.0005343409720808268,0.0005420962115749717,0.0005869700149426275,0.00402098997419462,4.1849332774290815e-05,0.49511925876140594,0.2637361064553261
2,29,200,70,0.0005195228732191026,0.0005285326158627867,0.0005632789965159449,0.003703227436881418,4.096798875252716e-05,0.5769341588020325,0.30133842676877975
2,29,200,80,0.0005127189215272665,0.0005140193097759038,0.0005434126828772555,0.0033589153616404932,3.937475412385538e-05,0.6590364426374435,0.3388124480843544
2,29,200,90,0.0005015211063437164,0.0005054595356341451,0.0005280401338323607,0.0029965318544705405,3.8081205275375396e-05,0.7411350235342979,0.37643028795719147
2,29,200,100,0.0004920655046589673,0.0004949230526108295,0.0005145908818118809,0.002624999999999991,3.682220631162636e-05,0.8232421725988388,0.41411295533180237
2,29,200,110,0.0004879948392044753,0.0004912305244943127,0.0005050242042311755,0.0022534681455294425,3.564497455954552e-05,0.9063118621706963,0.45173420011997223
2,29,200,120,0.0004811226390302181,0.000482648125034757,0.0004959048132175515,0.0018910846383594923,3.460183143033646e-05,0.9884869530797005,0.4894499257206917
2,29,200,130,0.0004732492088805884,0.00047588545712642374,0.0004878537254601223,0.0015467725631185703,3.3865133445942774e-05,1.070629209280014,0.5270390883088112
2,29,200,140,0.0004719048156403005,0.0004724310419987887,0.0004815568144559614,0.0012290100258053717,3.180291605531238e-05,1.1537439078092575,0.5647162944078445
2,29,200,150,0.00046609516721218824,0.000468228169484064,0.00047616559892897447,0.0009456213946819462,3.0734528991160914e-05,1.2359269484877586,0.6024640053510666
2,29,200,160,0.0004606652946677059,0.0004653686803067103,0.00047179408802725106,0.0007035846383594978,2.976488394779153e-05,1.3181685358285904,0.6399688720703125
2,29,200,170,0.0004687757173087448,0.0004644965229090303,0.00046884096274695994,0.0005088595050526253,2.9162361897761002e-05,1.4006506130099297,0.6775268614292145
2,29,200,180,0.0004590349562931806,0.00046060015447437765,0.00046540458557527863,0.00036624077379900983,2.820525514835026e-05,1.482665866613388,0.715330682694912
2,29,200,190,0.00045598880387842655,0.00045998109271749854,0.00046320509307585465,0.00027924019108654794,2.818787470459938e-05,1.5652366280555725,0.7527640610933304
2,29,200,200,0.0004591403412632644,0.00045885460276622324,0.0004614518845267845,0.00025,2.7720141588361003e-05,1.6471661403775215,0.7903686836361885
2,29,300,0,,,,0.005,,0.0,0.039353132247924805
2,29,300,10,0.0006912964163348079,0.000751389138167724,0.0008385243513099902,0.004986989501499649,5.906258593313396e-05,0.084026038646698,0.07678932696580887
2,29,300,20,0.0006400810088962317,0.0006598290638066828,0.0007659959021102575,0.004948100551742787,4.960710066370666e-05,0.16670355200767517,0.11449382454156876
2,29,300,30,0.0006018832209520042,0.0006161351629998535,0.000705320501967546,0.004883759226200989,4.689947672886774e-05,0.24885966628789902,0.1520964801311493
2,29,300,40,0.0005728063406422734,0.0005848393426276744,0.0006565130892747369,0.004794670461901176,4.4893360609421507e-05,0.3316327631473541,0.18962135910987854
2,29,300,50,0.0005480495165102184,0.0005605282261967659,0.0006176177198409168,0.004681810333988041,4.3447307689348236e-05,0.414034903049469,0.22740793228149414
2,29,300,60,0.0005346696125343442,0.0005422304791864007,0.0005870919212605975,0.004546415361640499,4.253879887983203e-05,0.49641501903533936,0.26503074914216995
2,29,300,70,0.000519966590218246,0.0005289787193760275,0.000563535703926963,0.00438996896050881,4.2219475290039554e-05,0.5792978778481483,0.3025083467364311
2,29,300,80,0.0005131738143973053,0.0005143846035934984,0.0005437195680094831,0.004214185190102288,4.044052548124455e-05,0.6612444445490837,0.34000369906425476
2,29,300,90,0.0005024983547627926,0.0005059290677309036,0.0005284227072484114,0.0040209899741946225,4.009071199106984e-05,0.7432976886630058,0.37746142596006393
2,29,300,100,0.0004923426313325763,0.0004952240327838808,0.0005149425851888589,0.0038124999999999964,3.894520705216564e-05,0.8254088163375854,0.415017768740654
2,29,300,110,0.0004886598908342421,0.0004916200006846339,0.0005053988655663017,0.00359099952730502,3.843597005470656e-05,0.9075432941317558,0.4525492861866951
2,29,300,120,0.0004815132706426084,0.0004829750250792131,0.0004962618163432248,0.0033589153616404932,3.743801426026039e-05,0.9905116856098175,0.4901077523827553
2,29,300,130,0.0004725625622086227,0.00047583132691215725,0.0004880336754273534,0.0031187902656921703,3.761685729841702e-05,1.0726874321699142,0.5278643071651459
2,29,300,140,0.0004708427586592734,0.00047167411539703605,0.00048134286190253085,0.0028732551002606677,3.6075787647860125e-05,1.155012309551239,0.5654150918126106
2,29,300,150,0.0004628666792996228,0.0004663394734961912,0.0004752517055668068,0.0026249999999999893,3.528575325617567e-05,1.2380097135901451,0.6031959280371666
2,29,300,160,0.0004571682948153466,0.0004624613677151501,0.00047006877918235647,0.002376744899739311,3.4689925087150186e-05,1.3202404528856277,0.6410114914178848
2,29,300,170,0.00046350740012712777,0.0004601652879500762,0.00046605433217034736,0.0021312097343078075,3.3655454899417236e-05,1.4030040502548218,0.6786447241902351
2,29,300,180,0.00045241188490763307,0.00045462046400643883,0.0004613222718160866,0.001891084638359488,3.278227086411789e-05,1.485413372516632,0.7164202034473419
2,29,300,190,0.00044716527918353677,0.00045213749981485305,0.0004575746305486753,0.001659000472694964,3.300435855635442e-05,1.5675431489944458,0.754033662378788
2,29,300,200,0.00044869043631479144,0.0004492941137868911,0.00045420453049657743,0.0014374999999999909,3.118742461083457e-05,1.6504899114370346,0.791812352836132
2,29,300,210,0.00044515408808365464,0.00044577757944352925,0.00045079941124949685,0.0012290100258053693,3.0491655707010068e-05,1.7325446605682373,0.8295754194259644
2,29,300,220,0.00044056196929886937,0.0004423056030645967,0.0004473752860511475,0.0010358148098977061,2.9804299629176967e-05,1.8149167969822884,0.8671392127871513
2,29,300,230,0.00043996915337629616,0.0004412686947034672,0.0004449207618152392,0.0008600310394911841,2.9632981750182807e-05,1.8977719694375992,0.9049965441226959
2,29,300,240,0.0004387270309962332,0.00043959858012385664,0.0004427624902160291,0.0007035846383594969,2.828772812790703e-05,1.9797109439969063,0.942735031247139
2,29,300,250,0.00043844382162205875,0.0004400904814247042,0.00044166806946901207,0.0005681896660119565,2.7273250452708453e-05,2.062567837536335,0.9803586900234222
2,29,300,260,0.0004434125730767846,0.0004384948988445103,0.0004404253827451819,0.00045532953809882177,2.7434129151515663e-05,2.1446118503808975,1.0181185007095337
2,29,300,270,0.00044192426139488816,0.0004382728919154033,0.0004396411065716808,0.00036624077379900945,2.6852554583456367e-05,2.2268939837813377,1.0557188168168068
2,29,300,280,0.0004354024422354996,0.0004368985799374059,0.00043846746441607174,0.0003018994482572113,2.662552651599981e-05,2.3100351095199585,1.0935731902718544
2,29,300,290,0.0004385961510706693,0.000436780194286257,0.0004377987608569065,0.0002630104985003508,2.6012843591161072e-05,2.3921633288264275,1.131281167268753
2,29,300,300,0.00043268693843856454,0.00043444193142931907,0.00043644309328387526,0.00025,2.6205001631751657e-05,2.4745244681835175,1.1688007563352585
2,29,400,0,,,,0.005,,0.0,0.03874959051609039
2,29,400,10,0.0006912308163009584,0.000751370145007968,0.0008385154024413891,0.004992678667616179,5.912263077334501e-05,0.0831369012594223,0.0764756053686142
2,29,400,20,0.0006399539997801185,0.0006597440282348543,0.0007659521201528312,0.004970759808913452,4.94967243866995e-05,0.16533540934324265,0.11400572210550308
2,29,400,30,0.0006022289162501693,0.0006159768323414028,0.0007052345662158701,0.0049343785609444815,4.696716132457368e-05,0.24830635637044907,0.15173834562301636
2,29,400,40,0.0005727718817070127,0.00058470104704611,0.0006564029137357982,0.00488375922620099,4.51037340098992e-05,0.33044205605983734,0.18937356770038605
2,29,400,50,0.0005486402660608292,0.0005606812599580735,0.0006176216188962224,0.004819213889714307,4.3640124204102904e-05,0.41299206763505936,0.22690996527671814
2,29,400,60,0.0005345114041119814,0.0005422872956842185,0.0005871071742573272,0.004741140494947374,4.2816765926545486e-05,0.49539918452501297,0.2646256759762764
2,29,400,70,0.0005199768929742277,0.0005289697146508843,0.0005635430170331476,0.00465002039034097,4.250115671311505e-05,0.577419176697731,0.30214615911245346
2,29,400,80,0.0005128344055265188,0.0005145956063643097,0.0005437989248163256,0.0045464153616404995,4.075273682246916e-05,0.6603124737739563,0.3396378755569458
2,29,400,90,0.0005031642504036427,0.0005065142409875989,0.0005287061631571032,0.004430964168300072,4.082911254954524e-05,0.7422774210572243,0.3770878165960312
2,29,400,100,0.0004933501477353275,0.0004959896730724722,0.0005154233106278201,0.0043043786053180485,3.999068576376885e-05,0.8242314457893372,0.41455723345279694
2,29,400,110,0.0004894067533314228,0.0004922903928672895,0.0005059653499614622,0.004167439114784184,3.956296859541908e-05,0.9061387851834297,0.45215757191181183
2,29,400,120,0.00048210594104602933,0.00048384012188762426,0.0004969479519312483,0.004020989974194618,3.855344039038755e-05,0.9882363677024841,0.48961830139160156
2,29,400,130,0.000474024738650769,0.0004768516606418416,0.0004888631631169188,0.0038659340912003733,3.9120379369705915e-05,1.0708042904734612,0.527276523411274
2,29,400,140,0.0004721239092759788,0.0004729628999484703,0.0004823545814987544,0.0037032274368814155,3.785072476603091e-05,1.1527747437357903,0.5647992715239525
2,29,400,150,0.00046427216148003936,0.0004678267985582352,0.0004764591914736061,0.003533873151867078,3.7522742786677554e-05,1.23532235622406,0.6022341474890709
2,29,400,160,0.0004588227311614901,0.00046405314933508637,0.0004714365488583194,0.003358915361640489,3.6643406929215416e-05,1.3176324516534805,0.6398940682411194
2,29,400,170,0.00046519876923412085,0.0004619398125214502,0.000467586782046235,0.003179432739157763,3.592237408156507e-05,1.3997855484485626,0.6773759350180626
2,29,400,180,0.00045434862840920687,0.00045606349885929376,0.0004628205895072232,0.0029965318544705353,3.560483310138807e-05,1.4823347255587578,0.7148486524820328
2,29,400,190,0.00044848115066997707,0.000453605194343254,0.00045905866580727605,0.0028113403523536192,3.565201041055843e-05,1.564074084162712,0.7523715645074844
2,29,400,200,0.0004489832790568471,0.0004502209572819993,0.0004554557945609022,0.002624999999999986,3.415953688090667e-05,1.6463873237371445,0.7897934541106224
2,29,400,210,0.00044550668098963797,0.0004464573139557615,0.0004518160849003725,0.0024386596476463534,3.353674037498422e-05,1.728854313492775,0.8273212909698486
2,29,400,220,0.00044031027937307954,0.0004423560865689069,0.0004479949104065694,0.0022534681455294346,3.3134871046058834e-05,1.8106746599078178,0.8648601323366165
2,29,400,230,0.00043901498429477215,0.00044071372540201994,0.0004450582466808784,0.002070567260842208,3.287988147349097e-05,1.8934326842427254,0.9023742452263832
2,29,400,240,0.0004371068789623678,0.00043848469213116916,0.0004423814112633139,0.0018910846383594865,3.196374382241629e-05,1.9754790589213371,0.9400961920619011
2,29,400,250,0.00043626362457871437,0.0004381727543659508,0.00044065149471958384,0.0017161268481328997,3.115016079391353e-05,2.057701028883457,0.97751135379076
2,29,400,260,0.000439901661593467,0.00043578025652095674,0.000438699260225123,0.0015467725631185653,3.0491712095681578e-05,2.140619270503521,1.0150626227259636
2,29,400,270,0.00043807062320411205,0.0004348615650087595,0.0004372190360296658,0.001384065908799612,2.9953707780805416e-05,2.222547858953476,1.0526630356907845
2,29,400,280,0.0004300957662053406,0.00043255522614344956,0.00043525983021902776,0.001229010025805368,2.9922339308541268e-05,2.3052669018507004,1.0901296064257622
2,29,400,290,0.00043364978046156466,0.0004316021164413542,0.0004337936056885132,0.001082560885215807,2.9022066883044317e-05,2.387514144182205,1.1277698874473572
2,29,400,300,0.0004268091870471835,0.0004286451468942687,0.00043171001590108207,0.000945621394681944,2.8594735340448096e-05,2.469661109149456,1.1652477830648422
2,29,400,310,0.00042904942529276013,0.00042837678047362714,0.00043034796004195016,0.0008190358316999218,2.7826987206935883e-05,2.5525264963507652,1.2028135657310486
2,29,400,320,0.0004321072483435273,0.000425702627399005,0.0004285492012815875,0.0007035846383594963,2.736090391408652e-05,2.6344500556588173,1.24046890437603
2,29,400,330,0.00042411097092553973,0.00042577837884891776,0.0004273576394172691,0.0005999796096590286,2.6776846425491385e-05,2.717091090977192,1.2779205217957497
2,29,400,340,0.000425818347139284,0.0004255604115314782,0.0004266973270045726,0.0005088595050526241,2.6545052605797537e-05,2.7996231392025948,1.3155996352434158
2,29,400,350,0.0004232796491123736,0.0004252594604622573,0.00042610548158696716,0.00043078611028569286,2.5897536033880897e-05,2.881657153367996,1.3531300500035286
2,29,400,360,0.0004274505190551281,0.0004224494536174461,0.00042467739964186955,0.00036624077379900923,2.5877514417516068e-05,2.9641486778855324,1.3906182497739792
2,29,400,370,0.00042312772711738944,0.0004237738932715729,0.0004242296575794506,0.00031562143905551756,2.5694123905850574e-05,3.046040877699852,1.4280533865094185
2,29,400,380,0.0004224891308695078,0.00042232685955241324,0.00042343501742616034,0.0002792401910865478,2.53055477514863e-05,3.1279617324471474,1.465500995516777
2,29,400,390,0.0004188144230283797,0.00042157500865869224,0.0004226675206045269,0.00025732133238382107,2.4874672817531973e-05,3.209917291998863,1.5029935091733932
2,29,400,400,0.0004246588214300573,0.0004230453196214512,0.00042274116478227997,0.00025,2.498003414075356e-05,3.291863426566124,1.5405233725905418
2,29,500,0,,,,0.005,,0.0,0.03839259594678879
2,29,500,10,0.0006912188837304711,0.000751372124068439,0.0008385159032679825,0.004995313480017145,5.906988735659979e-05,0.08283080905675888,0.0760887935757637
2,29,500,20,0.000640025595203042,0.0006597392435651273,0.000765954613350902,0.004981272415621885,4.939810969517566e-05,0.16496963798999786,0.11351758241653442
2,29,500,30,0.0006021358422003686,0.0006161608849652112,0.0007053148548742303,0.004957932220480637,4.68711914436426e-05,0.24787435680627823,0.15115022659301758
2,29,500,40,0.0005726339877583086,0.0005846189626026899,0.000656417048024979,0.004925385007680501,4.480711868382059e-05,0.3296019211411476,0.18880178034305573
2,29,500,50,0.0005482734995894134,0.0005604370089713484,0.0006175269268915055,0.004883759226200992,4.362243998912163e-05,0.41238701343536377,0.22629085928201675
2,29,500,60,0.0005343533121049404,0.0005423010792583227,0.0005870570072454721,0.004833219153984597,4.289508069632575e-05,0.49455608427524567,0.2639099210500717
2,29,500,70,0.0005202960455790162,0.0005291076144203543,0.0005635771434495445,0.0047739642496067965,4.26400474680122e-05,0.5763489454984665,0.30134235322475433
2,29,500,80,0.0005135973333381116,0.0005147665273398161,0.0005439080845739726,0.004706228365104177,4.0891118260333315e-05,0.6591303795576096,0.3388966992497444
2,29,500,90,0.000503204355482012,0.0005066337413154543,0.0005288159293623081,0.004630278823067287,4.114751209272072e-05,0.7412402853369713,0.37626152485609055
2,29,500,100,0.0004933233140036464,0.0004961571714375169,0.0005155509604832489,0.004546415361640501,4.030386480735615e-05,0.8231951296329498,0.41375119239091873
2,29,500,110,0.0004898399347439408,0.0004928434325847774,0.0005062636054328584,0.0044549689515925,3.953602572437376e-05,0.905791275203228,0.4513719379901886
2,29,500,120,0.0004829168610740453,0.0004845086921704933,0.0004973966891924905,0.004356300490125853,3.916335481335409e-05,0.9876653105020523,0.4889608472585678
2,29,500,130,0.0004750677617266774,0.0004777224501594901,0.000489480234336672,0.004250799376580636,3.9915754314279184e-05,1.070316955447197,0.5264911875128746
2,29,500,140,0.0004733868408948183,0.00047401679039467127,0.0004831490809535076,0.004138881975653138,3.875757829518989e-05,1.152386337518692,0.5642644315958023
2,29,500,150,0.0004653055511880666,0.00046902524190954863,0.00047741768876959605,0.004020989974194622,3.848782944260165e-05,1.2346401363611221,0.6016619801521301
2,29,500,160,0.00046049270895309746,0.00046531145344488325,0.00047252114584063796,0.0038975886380751106,3.8064608816057444e-05,1.317514382302761,0.6392291486263275
2,29,500,170,0.00046670300071127713,0.0004633837816072628,0.0004688205244637202,0.0037691649759915647,3.7165871617617086e-05,1.3996506109833717,0.676886536180973
2,29,500,180,0.0004557107458822429,0.00045766611583530903,0.00046420650244678757,0.0036362258174670375,3.698045838973485e-05,1.4816340431571007,0.7142433449625969
2,29,500,190,0.000450318941147998,0.00045516999962273984,0.0004605206700118585,0.003499295812626098,3.700197339639999e-05,1.5636181011795998,0.7517463192343712
2,29,500,200,0.0004504979297053069,0.00045184450573287904,0.00045697967368007564,0.0033589153616404863,3.592247230699286e-05,1.6455134078860283,0.7892539948225021
2,29,500,210,0.0004468260449357331,0.00044793253182433545,0.0004533167634789046,0.003215638482016514,3.538097007549368e-05,1.7274490147829056,0.8267533779144287
2,29,500,220,0.0004421323537826538,0.00044393023126758634,0.00044953089181936224,0.0030700306221410787,3.5174500226275995e-05,1.810203030705452,0.8642812371253967
2,29,500,230,0.0004404328064993024,0.00044222139404155315,0.00044658149321771053,0.0029226664297152035,3.483545151539147e-05,1.8924398124217987,0.9019654616713524
2,29,500,240,0.0004380804020911455,0.00043973736464977267,0.0004437963623265921,0.002774127483882098,3.436164479353465e-05,1.9744486138224602,0.939431756734848
2,29,500,250,0.0004373175906948745,0.0004393675364553928,0.0004419730839101475,0.002624999999999979,3.355676744831726e-05,2.057388387620449,0.9769836664199829
2,29,500,260,0.00044047340634278953,0.00043677834328263997,0.0004398822468616244,0.00247587251611786,3.313682827865705e-05,2.139261908829212,1.0146212801337242
2,29,500,270,0.00043873587856069207,0.00043589587730821224,0.00043833728385985664,0.0023273335702847535,3.272012691013515e-05,2.222097873687744,1.0521227940917015
2,29,500,280,0.0004307011840865016,0.00043329907057341186,0.0004362262041800508,0.0021799693778588774,3.268339787609875e-05,2.304421752691269,1.089759610593319
2,29,500,290,0.0004339398583397269,0.0004320856765843928,0.000434554134552329,0.0020343615179834454,3.19168611895293e-05,2.3864128217101097,1.1273108199238777
2,29,500,300,0.00042723005753941834,0.00042875161743722857,0.0004322047726103207,0.0018910846383594765,3.1521118216915056e-05,2.4690814167261124,1.1648143380880356
2,29,500,310,0.0004286476760171354,0.00042834893392864617,0.00043062882079613067,0.0017507041873738687,3.087213190156035e-05,2.551035687327385,1.2024622559547424
2,29,500,320,0.00043133916915394366,0.00042515780369285495,0.0004284893246898878,0.0016137741825329329,3.0215449442039244e-05,2.634126588702202,1.2398751005530357
2,29,500,330,0.00042292967555113137,0.0004247710603522137,0.00042691579620573837,0.0014808350240084096,2.9632694349857047e-05,2.716589793562889,1.2773187533020973
2,29,500,340,0.00042387371649965644,0.0004239036963554099,0.0004257599093060838,0.001352411361924868,2.9309514502529055e-05,2.7985420525074005,1.3149345517158508
2,29,500,350,0.00042095634853467345,0.00042338467319495975,0.0004247797135258746,0.0012290100258053628,2.8852640753029846e-05,2.8811402171850204,1.3524111285805702
2,29,500,360,0.000425022270064801,0.00042031821212731304,0.0004230240466757951,0.0011111180243468495,2.8353992092888802e-05,2.9632890969514847,1.390150748193264
2,29,500,370,0.0004202636191621423,0.00042115985415875913,0.0004221708985685307,0.0009992006234193546,2.8442176699172705e-05,3.0454594790935516,1.427633062005043
2,29,500,380,0.00041870283894240856,0.0004188863647868857,0.0004208152970248154,0.0008936995098741384,2.769450111372862e-05,3.1283516213297844,1.4652604162693024
2,29,500,390,0.00041461025830358267,0.0004176869842922315,0.00041953430144823296,0.0007950310484074932,2.7202870114706457e-05,3.2104330211877823,1.502869352698326
2,29,500,400,0.0004204011638648808,0.0004189405968645588,0.0004192159168502516,0.0007035846383594937,2.6585199520923197e-05,3.2925251573324203,1.5403505116701126
2,29,500,410,0.00042073026997968554,0.0004169787251157686,0.0004183338786031467,0.0006197211769327091,2.6317853553337045e-05,3.3747750148177147,1.57803513109684
2,29,500,420,0.0004159777017775923,0.0004169642110355198,0.00041786133575316974,0.0005437716348958199,2.5958715923479758e-05,3.4568422585725784,1.6155841276049614
2,29,500,430,0.0004150525783188641,0.0004156277311267331,0.00041694549832363247,0.0004760357503932009,2.584355570434127e-05,3.539675794541836,1.6531396955251694
2,29,500,440,0.0004178439558017999,0.00041467963019385933,0.00041612728218291605,0.00041678084601540037,2.534751911298372e-05,3.62183341383934,1.69078229367733
2,29,500,450,0.0004159732779953629,0.00041630693303886803,0.00041614435755914144,0.0003662407737990087,2.487076744728256e-05,3.703794978559017,1.728195533156395
2,29,500,460,0.0004144046688452363,0.00041427420801483096,0.0004153944462504307,0.00032461499231950015,2.4881295757950284e-05,3.7857349887490273,1.7656890377402306
2,29,500,470,0.0004102070815861225,0.00041517532954458145,0.0004152374212352218,0.0002920677795193637,2.4734028556849808e-05,3.867673873901367,1.8032989203929901
2,29,500,480,0.00041381947812624276,0.000414944690419361,0.0004151016080716958,0.00026872758437811503,2.4505214241798967e-05,3.949779063463211,1.8427438214421272
2,29,500,490,0.0004105277475900948,0.00041526401473674924,0.00041508441103774846,0.00025468651998285496,2.453905290167313e-05,4.032353363931179,1.8802767768502235
2,29,500,500,0.0004152153851464391,0.00041349483071826396,0.0004144343728097583,0.00025,2.4246532120741904e-05,4.1145482286810875,1.9180636405944824
2,29,600,0,,,,0.005,,0.0,0.03882569819688797
2,29,600,10,0.0006912571261636913,0.0007513797958381474,0.0008385196700442519,0.004996745145042113,5.902494740439579e-05,0.08302947878837585,0.07640563696622849
2,29,600,20,0.0006400051061064005,0.0006597155006602407,0.0007659499609604913,0.0049869895014996515,4.9430243961978704e-05,0.16564764082431793,0.11382298916578293
2,29,600,30,0.0006020431756041944,0.0006161215074826032,0.0007052919911473501,0.004970759808913455,4.674382944358513e-05,0.24794897437095642,0.15133608877658844
2,29,600,40,0.0005731753772124648,0.0005848863977007568,0.0006565141661239622,0.004948100551742791,4.504068419919349e-05,0.33002061396837234,0.1887928768992424
2,29,600,50,0.0005483478307723999,0.0005607382627204061,0.0006177063876587071,0.004919073837436538,4.39345276390668e-05,0.41290147602558136,0.22637667506933212
2,29,600,60,0.0005347530241124332,0.0005424684961326421,0.0005872323078813189,0.00488375922620099,4.302120578358881e-05,0.49511000514030457,0.2641819193959236
2,29,600,70,0.0005206278874538839,0.0005292637390084565,0.0005637445460381279,0.0048422535129308535,4.2762829252751544e-05,0.5775771215558052,0.3016516715288162
2,29,600,80,0.0005135694518685341,0.0005150008480995893,0.0005440938432706681,0.004794670461901176,4.1235114622395486e-05,0.6601837128400803,0.3392312824726105
2,29,600,90,0.0005032845074310899,0.0005069171311333776,0.0005290387938282053,0.004741140494947373,4.139194788876921e-05,0.7421034276485443,0.37687891721725464
2,29,600,100,0.000493840198032558,0.0004965312255080789,0.0005158452551374911,0.004681810333988041,4.068486305186525e-05,0.8245710134506226,0.4143299385905266
2,29,600,110,0.0004906332469545305,0.0004932503681629897,0.0005066121936009673,0.004616842598870382,4.022886787424795e-05,0.9068395420908928,0.45209547877311707
2,29,600,120,0.00048368959687650204,0.00048515566159039735,0.0004978691580263212,0.0045464153616404995,3.9463015127694234e-05,0.9891935363411903,0.48964446038007736
2,29,600,130,0.00047600961988791823,0.00047855413868092,0.0004900950689054589,0.004470721658460307,4.0376398828811944e-05,1.0721041932702065,0.5272844135761261
2,29,600,140,0.0004742490709759295,0.00047499273787252603,0.0004839065789982252,0.004389968960508812,3.9066617318894714e-05,1.1541377902030945,0.5648572444915771
2,29,600,150,0.0004667285247705877,0.0004700931953266263,0.0004782966063660477,0.004304378605318053,3.9038484828779474e-05,1.236174002289772,0.602421909570694
2,29,600,160,0.00046134821604937315,0.00046653260942548514,0.000473533670633082,0.00421418519010229,3.871980152325705e-05,1.3182673305273056,0.6399924755096436
2,29,600,170,0.0004677827237173915,0.00046468322107102723,0.00046995282054256726,0.004119635928743364,3.7785281165270135e-05,1.4003265649080276,0.6776541247963905
2,29,600,180,0.0004571771714836359,0.00045915967202745376,0.0004654871557310395,0.004020989974194621,3.7547571992035955e-05,1.4824677631258965,0.7151595577597618
2,29,600,190,0.0004516522749327123,0.000456593357375823,0.0004618556832797241,0.003918517708160683,3.77990618289914e-05,1.5654297173023224,0.7528668716549873
2,29,600,200,0.0004526571719907224,0.00045365904516074805,0.00045851881462268776,0.0038124999999999912,3.6966739571653306e-05,1.64754518866539,0.7904650345444679
2,29,600,210,0.00044866878306493163,0.00044968443107791246,0.0004549423502947722,0.003703227436881412,3.6420271499082446e-05,1.7299055084586143,0.8279759213328362
2,29,600,220,0.00044400361366569996,0.00044585438445210457,0.0004512710499448568,0.003590999527305013,3.61655984306708e-05,1.81246467679739,0.8657664656639099
2,29,600,230,0.0004418326134327799,0.0004440609918674454,0.00044835907301794164,0.0034761238801700733,3.589172411011532e-05,1.8946566730737686,0.9033220484852791
2,29,600,240,0.0004404292849358171,0.00044179435644764453,0.00044568226534966073,0.0033589153616404837,3.54795774910599e-05,1.9776460528373718,0.9410388693213463
2,29,600,250,0.000439073599409312,0.0004412987531395629,0.00044387135244532415,0.0032396952321184693,3.482005195110105e-05,2.059867039322853,0.9787499159574509
2,29,600,260,0.0004424506041686982,0.0004387809691252187,0.00044182582821303653,0.00311879026569216,3.478311191429384e-05,2.1421465650200844,1.01621725410223
2,29,600,270,0.0004411271074786782,0.00043800348648801444,0.0004403506686987748,0.0029965318544705275,3.4273438359377906e-05,2.224814660847187,1.0539510324597359
2,29,600,280,0.00043285838910378516,0.00043545910448301585,0.00043829917811049354,0.0028732551002606556,3.44487743859645e-05,2.306853950023651,1.0914098471403122
2,29,600,290,0.0004359656013548374,0.0004339877254096791,0.0004365504147894089,0.002749297896076969,3.32459676428698e-05,2.389534257352352,1.1289060935378075
2,29,600,300,0.00042914622463285923,0.00043064042693004013,0.00043415923186313073,0.0026249999999999746,3.3703017834341154e-05,2.4721113815903664,1.166760005056858
2,29,600,310,0.00043051806278526783,0.00043003712489735334,0.0004324775505597328,0.0025007021039229835,3.29263748426456e-05,2.5545160844922066,1.2043297588825226
2,29,600,320,0.00043335912050679326,0.0004268204793334007,0.00043026334106348524,0.002376744899739297,3.225494583602995e-05,2.6374769508838654,1.2418507859110832
2,29,600,330,0.0004244839074090123,0.00042645861103665086,0.00042864788147081305,0.002253468145529425,3.173600271111354e-05,2.7194975167512894,1.2795615270733833
2,29,600,340,0.00042549369391053915,0.0004253606777638197,0.00042738001094637433,0.002131209734307794,3.169697447447106e-05,2.8023339584469795,1.3171776831150055
2,29,600,350,0.00042226113146170974,0.00042467373423278333,0.0004262644200608091,0.002010304767881488,3.129631295450963e-05,2.884947955608368,1.3549229428172112
2,29,600,360,0.00042609055526554585,0.00042156556446570903,0.00042440469390437246,0.0018910846383594763,3.082696639467031e-05,2.967242121696472,1.3925604224205017
2,29,600,370,0.0004215507651679218,0.00042226357036270203,0.0004234460461990205,0.0017738761198298906,3.0740633519599214e-05,3.0501120537519455,1.4301827102899551
2,29,600,380,0.0004196970257908106,0.00041958934161812067,0.0004218526408434968,0.0016590004726949538,3.0362225516000763e-05,3.1322402730584145,1.467872865498066
2,29,600,390,0.0004154094494879246,0.0004182986100204289,0.00042040137443219856,0.0015467725631185573,2.9556938898167573e-05,3.21476674079895,1.5052740350365639
2,29,600,400,0.00042056405800394714,0.0004192568070720881,0.0004198574364091369,0.0014374999999999822,2.926535853475798e-05,3.2978068366646767,1.5429017394781113
2,29,600,410,0.0004207128076814115,0.0004171364736976102,0.00041877655744756065,0.001331482291839296,2.8841866878792644e-05,3.379869431257248,1.5803726091980934
2,29,600,420,0.000415834947489202,0.00041706371412146835,0.00041815767184535886,0.001229010025805363,2.8475094950408675e-05,3.4622232168912888,1.6178559064865112
2,29,600,430,0.000414149253629148,0.00041527982975821944,0.00041697510286797557,0.0011303640712566243,2.7983374820905738e-05,3.544252648949623,1.6554064378142357
2,29,600,440,0.00041738193249329925,0.0004138977150432765,0.00041582594823867626,0.0010358148098977011,2.75376696663443e-05,3.626354455947876,1.6929706111550331
2,29,600,450,0.0004149444866925478,0.0004153814632445574,0.00041558552991040684,0.0009456213946819407,2.7103678803541698e-05,3.708515591919422,1.7305873185396194
2,29,600,460,0.0004133142647333443,0.00041293914255220444,0.00041451689386262874,0.0008600310394911803,2.6535355573287234e-05,3.790765628218651,1.768285594880581
2,29,600,470,0.0004079609061591327,0.00041339041490573436,0.00041398885493133775,0.0007792783415396872,2.6614639864419587e-05,3.873142696917057,1.8058256655931473
2,29,600,480,0.00041199492989107966,0.0004130517510930076,0.000413588874193185,0.0007035846383594942,2.641009632498026e-05,3.9558543488383293,1.8434376120567322
2,29,600,490,0.000407953979447484,0.00041303496982436627,0.0004132753800794984,0.0006331574011296133,2.6337465897086076e-05,4.038079246878624,1.8811102584004402
2,29,600,500,0.0004130771558266133,0.00041106357239186766,0.0004123793534805889,0.0005681896660119545,2.539936212997418e-05,4.120477423071861,1.918711505830288
2,29,600,510,0.0004101936356164515,0.00041131248872261494,0.0004119508887580561,0.0005088595050526232,2.5452634872635826e-05,4.202553398907185,1.9563411176204681
2,29,600,520,0.0004136664792895317,0.0004102603037608787,0.0004112933630109428,0.0004553295380988207,2.522684917494189e-05,4.284769058227539,1.993835024535656
2,29,600,530,0.0004103418905287981,0.0004117838310776278,0.00041144247595645576,0.000407746487069144,2.4993092665681615e-05,4.367678925395012,2.0315104871988297
2,29,600,540,0.00041214225348085165,0.00041063857497647405,0.00041106247803541167,0.000366240773799009,2.4484319510520436e-05,4.449812568724155,2.0693262219429016
2,29,600,550,0.00040859688306227326,0.00040862295136321334,0.00041004623872085863,0.0003309261625634618,2.471491643518675e-05,4.532223388552666,2.1068018302321434
2,29,600,560,0.0004080869839526713,0.00040928089583758265,0.00040972529256371696,0.00030189944825721114,2.4214916265918873e-05,4.614623211324215,2.1444679871201515
2,29,600,570,0.0004087040142621845,0.0004082054627360776,0.00040914185260759717,0.00027924019108654767,2.4326882339664735e-05,4.696649469435215,2.1820088997483253
2,29,600,580,0.0004069234128110111,0.00040812102088239044,0.00040865746527572614,0.00026301049850035074,2.386081723670941e-05,4.779412753880024,2.2194903269410133
2,29,600,590,0.00040793599328026175,0.0004085637076059356,0.00040861325277603735,0.0002532548549578871,2.3382217477774248e-05,4.861808933317661,2.2571988329291344
2,29,600,600,0.0004108515568077564,0.0004084714048076421,0.00040852904231903454,0.00025,2.4037944967858493e-05,4.944089829921722,2.294560395181179
2,29,700,0,,,,0.005,,0.0,0.03853964805603027
2,29,700,10,0.0006912864046171308,0.0007513872988056391,0.0008385234617670196,0.004997608533035624,5.9097328630741686e-05,0.0829518735408783,0.07599710673093796
2,29,700,20,0.0006401782156899571,0.000659821747103706,0.0007659945221510006,0.004990438948238695,4.9399321142118424e-05,0.16595686227083206,0.11366923898458481
2,29,700,30,0.0006021329900249839,0.000616087473463267,0.0007053029057537689,0.004978505684198846,4.6833072701701894e-05,0.2479119673371315,0.1511087268590927
2,29,700,40,0.0005727293901145458,0.0005846821761224419,0.0006564300755231574,0.004961832772921746,4.48490354756359e-05,0.3300102576613426,0.18861188739538193
2,29,700,50,0.0005483446875587106,0.000560563337057829,0.0006175808496800611,0.004940453791431832,4.387562512420118e-05,0.4121260941028595,0.22626417875289917
2,29,700,60,0.0005344029632396996,0.0005425296549219638,0.0005871782439568944,0.004914411794152653,4.316710328566842e-05,0.4942845329642296,0.2637159526348114
2,29,700,70,0.000520284054800868,0.0005291547160595656,0.0005636637736438207,0.004883759226200991,4.293486927053891e-05,0.5772765055298805,0.3013392388820648
2,29,700,80,0.0005134325474500656,0.0005149822274688632,0.0005440393842626185,0.004848557817769377,4.128259024582803e-05,0.6593143120408058,0.33903100341558456
2,29,700,90,0.0005035320064052939,0.0005069519742392003,0.0005290286671310816,0.004808878459809697,4.142197940382175e-05,0.7417962104082108,0.3765954226255417
2,29,700,100,0.000494530308060348,0.0004966643988154829,0.0005158914397651317,0.0047648010612682465,4.0930885006673634e-05,0.824490413069725,0.41432102769613266
2,29,700,110,0.0004905033856630325,0.0004932691983412952,0.000506639296985232,0.004716414388159756,4.0202219679486006e-05,0.9065526723861694,0.45178353041410446
2,29,700,120,0.0004842892521992326,0.00048543630400672556,0.00049799640951109,0.004663815884804437,3.9685011870460585e-05,0.9894523695111275,0.4893697127699852
2,29,700,130,0.00047574902419000864,0.0004786915291333571,0.0004902222926147445,0.004607111477588099,4.061925210407935e-05,1.071682132780552,0.5271120592951775
2,29,700,140,0.0004746892664115876,0.0004751615138957277,0.0004840589379842153,0.004546415361640505,3.946780998376198e-05,1.1539025828242302,0.564628578722477
2,29,700,150,0.000466853758553043,0.00047039448691066355,0.0004785130356597757,0.004481849770861575,3.934084452339448e-05,1.236959546804428,0.6023234724998474
2,29,700,160,0.0004621566622518003,0.00046690786839462815,0.00047382561542276617,0.004413544731758579,3.917212234227918e-05,1.3190294951200485,0.6398653388023376
2,29,700,170,0.000468299665953964,0.00046517509908881036,0.000470320079131456,0.004341637801590058,3.814080628217198e-05,1.4017559885978699,0.677347220480442
2,29,700,180,0.00045810581650584936,0.0004596471757395193,0.0004659053666384571,0.004266273791343808,3.815662785200402e-05,1.4837314784526825,0.7148520946502686
2,29,700,190,0.0004523661336861551,0.0004573616257403046,0.00046241051200021004,0.0041876044741068225,3.820939673460089e-05,1.5658235847949982,0.7524293214082718
2,29,700,200,0.0004536837514024228,0.00045453079510480163,0.00045919789764518887,0.004105788279414497,3.795083466684446e-05,1.6485510841012,0.7899192124605179
2,29,700,210,0.00044981559040024877,0.0004509006714215502,0.00045583998181796036,0.004020989974194624,3.7412701203720644e-05,1.7307071760296822,0.8275953605771065
2,29,700,220,0.00044533199979923666,0.00044701179722324015,0.00045227417985501187,0.003933380330948743,3.704291884787381e-05,1.8130820989608765,0.8650506436824799
2,29,700,230,0.00044355011777952313,0.00044533775944728405,0.0004494831104451111,0.003843135783839026,3.696450585266575e-05,1.8956666439771652,0.9026773944497108
2,29,700,240,0.0004411645932123065,0.0004430984874488786,0.0004468713606782357,0.0037504380733733673,3.645263859652914e-05,1.9776236191391945,0.9402968510985374
2,29,700,250,0.00044086831621825695,0.00044293272658251225,0.0004452365855794836,0.003655473880404196,3.596290116547607e-05,2.0602894350886345,0.977856919169426
2,29,700,260,0.00044351164251565933,0.00044014322920702396,0.0004431835205663133,0.0035584344501780616,3.568118700059131e-05,2.142453119158745,1.0156004875898361
2,29,700,270,0.0004424776998348534,0.0004393816489027813,0.0004417155548099142,0.003459515207193181,3.5151322663296014e-05,2.2245104163885117,1.0530422553420067
2,29,700,280,0.00043449882650747895,0.0004369008005596697,0.0004396981066130311,0.0033589153616404915,3.548591485014185e-05,2.307338334619999,1.0905874744057655
2,29,700,290,0.00043787306640297174,0.0004355707933427766,0.0004380296165869994,0.0032568375082208416,3.461356391198933e-05,2.389393098652363,1.128205306828022
2,29,700,300,0.00043075374560430646,0.00043221696687396617,0.00043567896713427024,0.003153487218146233,3.5108088923152536e-05,2.47194904088974,1.165734387934208
2,29,700,310,0.0004318805004004389,0.00043162889778614044,0.0004340233404133491,0.003049072625146745,3.4240652894368395e-05,2.5541129782795906,1.2033607959747314
2,29,700,320,0.0004342686734162271,0.00042833220795728265,0.0004317879108689702,0.002943804006316912,3.3042990253306925e-05,2.6361240819096565,1.2408447042107582
2,29,700,330,0.0004260962887201458,0.0004278909502318129,0.0004301394963170817,0.002837893358645634,3.3506261388538405e-05,2.7189645767211914,1.2783969789743423
2,29,700,340,0.00042694021249189973,0.000426731348852627,0.0004288224789785153,0.002731553972082453,3.33188108925242e-05,2.801026739180088,1.3160203844308853
2,29,700,350,0.00042370017035864294,0.00042618804727680983,0.0004277399420391773,0.002624999999999979,3.2947809813776985e-05,2.8831968009471893,1.3535351306200027
2,29,700,360,0.00042725272942334414,0.0004231129714753479,0.00042590793260087397,0.002518446027917505,3.2445586839457974e-05,2.965184412896633,1.391084484755993
2,29,700,370,0.00042248936370015144,0.0004236505745211616,0.0004248965461031876,0.0024121066413543227,3.251343150623143e-05,3.0472424402832985,1.428571380674839
2,29,700,380,0.0004206583253107965,0.00042082740692421793,0.0004232164781787011,0.0023061959936830434,3.185676905559376e-05,3.129287116229534,1.4660728052258492
2,29,700,390,0.0004161927499808371,0.0004194176843157038,0.00042166803825888476,0.0022009273748532132,3.1234714697347954e-05,3.2113339230418205,1.5037089586257935
2,29,700,400,0.00042157797724939883,0.0004205801262287423,0.000421137910593203,0.00209651278185373,3.0995179258752614e-05,3.2938921004533768,1.5411555767059326
2,29,700,410,0.00042159954318776727,0.0004182719771051779,0.0004199916379668492,0.001993162491779124,3.0880732083460316e-05,3.376337192952633,1.5787197276949883
2,29,700,420,0.0004164520651102066,0.0004179067851509899,0.0004192178457921859,0.0018910846383594791,3.055344132008031e-05,3.4583428278565407,1.6164248064160347
2,29,700,430,0.0004146941064391285,0.00041611099732108414,0.00041793627238274195,0.0017904847928067915,3.0321634767460637e-05,3.540997877717018,1.653934821486473
2,29,700,440,0.0004182708216831088,0.00041463893721811474,0.00041670411034551154,0.0016915655498219127,2.980328099511098e-05,3.62321275472641,1.6916506886482239
2,29,700,450,0.000415090995375067,0.0004159163712756708,0.0004163229235902216,0.0015945261195957825,2.9241815354907885e-05,3.705596409738064,1.7291648238897324
2,29,700,460,0.0004141113022342324,0.0004133786598686129,0.0004151333351908453,0.0014995619266266122,2.8625494451262057e-05,3.788725398480892,1.76690474152565
2,29,700,470,0.00040802345029078424,0.00041362143529113384,0.0004144528351373403,0.0014068642161609581,2.8841586754424497e-05,3.870770573616028,1.8045503422617912
2,29,700,480,0.0004115314222872257,0.00041306658531539144,0.0004138648789673371,0.0013166196690512426,2.8482365451054648e-05,3.953052319586277,1.8420105054974556
2,29,700,490,0.0004080758080817759,0.00041300337470602245,0.00041342446610831977,0.0012290100258053637,2.8243373890290968e-05,4.035195998847485,1.8797855749726295
2,29,700,500,0.00041272168164141476,0.0004107140761334449,0.0004123217214156627,0.0011442117205854962,2.74861140496796e-05,4.117440141737461,1.9173027575016022
2,29,700,510,0.0004092042217962444,0.00041086970013566316,0.00041172894365324554,0.0010623955258931717,2.7514281100593507e-05,4.200121723115444,1.9548561200499535
2,29,700,520,0.0004127409774810076,0.0004095743934158236,0.0004108800407454748,0.0009837262086561868,2.7293417588225566e-05,4.282381549477577,1.9925759583711624
2,29,700,530,0.00040969421388581395,0.0004110134905204177,0.0004108864625002501,0.0009083621984099367,2.7026353563996963e-05,4.364696152508259,2.030047632753849
2,29,700,540,0.0004106969863642007,0.0004095222830073908,0.0004102877354221714,0.0008364552682414167,2.639560989337042e-05,4.447060234844685,2.067752942442894
2,29,700,550,0.00040710699977353215,0.00040737389645073563,0.0004090722402515277,0.0007681502291384224,2.6505931600695476e-05,4.529063254594803,2.1052197962999344
2,29,700,560,0.0004069067072123289,0.00040778900729492306,0.00040854582153334207,0.0007035846383594941,2.6080455427290872e-05,4.611655004322529,2.142663188278675
2,29,700,570,0.0004072113079018891,0.0004066893074195832,0.0004078290842274864,0.0006428885224119009,2.5928144168574363e-05,4.694001413881779,2.1802937164902687
2,29,700,580,0.00040462816832587123,0.0004062151798279956,0.0004070974687136833,0.0005861841151955634,2.520107591408305e-05,4.776203438639641,2.2176860496401787
2,29,700,590,0.00040539356996305287,0.0004063671251060441,0.00040678876529884166,0.0005335856118402431,2.4585911887697875e-05,4.858801297843456,2.2553545609116554
2,29,700,600,0.0004084079118911177,0.00040612591546960173,0.0004064880192432414,0.00048519893873175113,2.4916116672102362e-05,4.940728835761547,2.2929034307599068
2,29,700,610,0.00040395581163465977,0.00040647566493134946,0.00040644304980997834,0.00044112154019030204,2.45904393523233e-05,5.023345343768597,2.330327183008194
2,29,700,620,0.00040697434451431036,0.0004056157631566748,0.0004060835754980462,0.00040144218223062177,2.433761619613506e-05,5.105734214186668,2.3679846227169037
2,29,700,630,0.00040474795969203115,0.0004049745621159673,0.000405646000569819,0.0003662407737990085,2.3948650778038427e-05,5.187894083559513,2.4054301381111145
2,29,700,640,0.0004086667322553694,0.0004050986608490348,0.0004054264645824893,0.0003355882058473472,2.445975405862555e-05,5.270845882594585,2.4430674016475677
2,29,700,650,0.0004065471584908664,0.00040464624762535093,0.0004050793121679911,0.00030954620856816795,2.4425162337138318e-05,5.352636002004147,2.480660378932953
2,29,700,660,0.0004022007924504578,0.00040508071251679214,0.00040504222247889115,0.0002881672270782542,2.3883665562607348e-05,5.434849739074707,2.5180839225649834
2,29,700,670,0.00040303595596924424,0.0004028976080007851,0.0004042203811139626,0.00027149431580115476,2.313203913217876e-05,5.517499558627605,2.55572759360075
2,29,700,680,0.00040497310692444444,0.0004054635501233861,0.00040476561698312634,0.00025956105176130705,2.3419670469593257e-05,5.59950952231884,2.5931911319494247
2,29,700,690,0.00040295629878528416,0.00040360822167713196,0.00040430402023386577,0.00025239146696437784,2.375147414568346e-05,5.681509576737881,2.630704790353775
2,29,700,700,0.00040163169614970684,0.00040544462390244005,0.00040469900063978256,0.00025,2.2913742213859223e-05,5.763389654457569,2.668183781206608
2,29,800,0,,,,0.005,,0.0,0.038366541266441345
2,29,800,10,0.000691263354383409,0.000751380791189149,0.0008385203432605325,0.004998168961071719,5.904110366827808e-05,0.08280393481254578,0.0760706290602684
2,29,800,20,0.0006399282719939947,0.0006597810250241309,0.0007659750843396585,0.00499267866761618,4.9427326302975416e-05,0.16487328708171844,0.1135731041431427
2,29,800,30,0.0006021788576617837,0.0006161410012282432,0.0007053177237555838,0.004983537585267952,4.702721707872115e-05,0.2473740205168724,0.1509864330291748
2,29,800,40,0.000572959310375154,0.0005850652523804456,0.0006565974002221908,0.004970759808913454,4.504327807808295e-05,0.32960785180330276,0.18886025995016098
2,29,800,50,0.0005485195433720946,0.0005607790313661099,0.0006177698861907946,0.0049543650409576735,4.4009211705997586e-05,0.4117114022374153,0.22633908689022064
2,29,800,60,0.0005344412638805807,0.0005424366157967597,0.0005872591046598131,0.004934378560944483,4.3292748159728944e-05,0.4945692867040634,0.2638503313064575
2,29,800,70,0.0005205082707107067,0.0005294647417031229,0.0005638336276779934,0.004910831186577412,4.292243829695508e-05,0.5766399949789047,0.30142858624458313
2,29,800,80,0.0005135886021889746,0.0005150661570951342,0.0005441742935101737,0.004883759226200989,4.124352926737629e-05,0.6586561426520348,0.3388861119747162
2,29,800,90,0.0005033392808400095,0.0005070449551567435,0.0005291428617612077,0.004853204422815899,4.145440834690817e-05,0.741295725107193,0.37647756934165955
2,29,800,100,0.0004940682556480169,0.0004967887129168957,0.0005160057929954702,0.004819213889714307,4.0752569475444034e-05,0.8231091052293777,0.414045974612236
2,29,800,110,0.0004906707908958197,0.0004933761461870745,0.0005067560827735989,0.00478184003783457,4.0375671233050525e-05,0.9057527780532837,0.4519602805376053
2,29,800,120,0.00048374829930253327,0.0004854268539929762,0.0004980659342666048,0.004741140494947377,3.975046638515778e-05,0.9881750419735909,0.48985423892736435
2,29,800,130,0.00047644443111494184,0.0004788231017300859,0.0004903213980812374,0.004697178016797897,4.0761875425232574e-05,1.0703043639659882,0.5273939073085785
2,29,800,140,0.0004748176725115627,0.00047529409639537337,0.00048417050691717536,0.004650020390340973,3.974968785769306e-05,1.1533197611570358,0.5651139840483665
2,29,800,150,0.0004671527713071555,0.00047074535686988386,0.0004787224157415659,0.004599740329218549,3.949455640395172e-05,1.2354128062725067,0.6029422581195831
2,29,800,160,0.0004625178698915988,0.00046740783436689527,0.0004741433784461512,0.004546415361640503,3.944154013879597e-05,1.317664735019207,0.6403742954134941
2,29,800,170,0.0004687630571424961,0.00046562912757508457,0.0004706982690543082,0.004490127710841771,3.8644411688437685e-05,1.4006446674466133,0.6779505163431168
2,29,800,180,0.0004588044248521328,0.00046037453867029397,0.00046642791589632216,0.004430964168300075,3.853024827549234e-05,1.4826980456709862,0.7154182121157646
2,29,800,190,0.0004534397157840431,0.00045805146801285445,0.00046300852340210144,0.004369015959909756,3.8716189010301605e-05,1.5649325996637344,0.7529998943209648
2,29,800,200,0.0004545171104837209,0.000455361302010715,0.0004598988743173175,0.004304378605318053,3.836436735582538e-05,1.6470355167984962,0.7906991839408875
2,29,800,210,0.00045071460772305727,0.00045181169989518823,0.00045662401606903075,0.00423715177064074,3.788290996453725e-05,1.7289899736642838,0.8282534033060074
2,29,800,220,0.00044604699360206723,0.00044809160463046285,0.0004531717390016259,0.00416743911478419,3.7429475924000144e-05,1.8117571622133255,0.8657956421375275
2,29,800,230,0.00044432090362533927,0.00044636358215939255,0.00045042542472020113,0.004095348129610857,3.759229730349034e-05,1.8941901698708534,0.903863862156868
2,29,800,240,0.00044256309047341347,0.00044411623966880145,0.00044785363172979587,0.0040209899741946225,3.716401624842547e-05,1.9765592515468597,0.9414343908429146
2,29,800,250,0.0004419504548422992,0.0004439610871486366,0.000446244561813134,0.003944479303421552,3.653169915196486e-05,2.0595315769314766,0.9791084378957748
2,29,800,260,0.0004450876731425524,0.000441502669127658,0.0004443425124742216,0.0038659340912003707,3.6396617360878736e-05,2.141455888748169,1.0167545303702354
2,29,800,270,0.0004438957548700273,0.00044076332123950125,0.00044296517507393427,0.003785475448555258,3.609016857808456e-05,2.224198743700981,1.0544120743870735
2,29,800,280,0.00043524906504899263,0.00043831868097186086,0.000441011824156775,0.0037032274368814094,3.615099922171794e-05,2.3065198436379433,1.0922155380249023
2,29,800,290,0.00043917822767980397,0.0004370568989543244,0.0004394077970194465,0.0036193168766513757,3.5254997783340514e-05,2.388595387339592,1.1297964602708817
2,29,800,300,0.0004326189518906176,0.000433722508023493,0.0004371172797248215,0.003533873151867071,3.6218702007317916e-05,2.4711739122867584,1.1674369648098946
2,29,800,310,0.00043371226638555527,0.00043322601122781635,0.00043553076367464555,0.0034470280105590254,3.522726910887286e-05,2.553442068397999,1.2054904699325562
2,29,800,320,0.00043591822031885386,0.0004297801904613152,0.0004332748268941139,0.0033589153616404785,3.4141517971875146e-05,2.6357285156846046,1.2428623139858246
2,29,800,330,0.0004278373089618981,0.0004296089959098026,0.0004317230933408818,0.0032696710684295294,3.476491474430077e-05,2.718643255531788,1.2804825976490974
2,29,800,340,0.0004285716568119824,0.0004284813825506717,0.0004304713729444339,0.003179432739157751,3.450210715527646e-05,2.8007491528987885,1.3180570229887962
2,29,800,350,0.00042522355215623975,0.00042773490131367,0.00042934241713663853,0.003088339514788278,3.418385313125327e-05,2.883230298757553,1.355506256222725
2,29,800,360,0.0004293033853173256,0.0004247297387337312,0.00042751411631655924,0.0029965318544705206,3.378589826752432e-05,2.9654957726597786,1.3935517370700836
2,29,800,370,0.0004244038718752563,0.0004252485436154529,0.0004265025482497256,0.0029041513189623355,3.383894727448933e-05,3.0475626662373543,1.4310645535588264
2,29,800,380,0.0004222072893753648,0.0004224006843287498,0.0004248097287836131,0.0028113403523536027,3.347838355693966e-05,3.130388557910919,1.4686423242092133
2,29,800,390,0.0004177289083600044,0.00042116403055842967,0.00042331637155723444,0.0027182420624277583,3.256160198361613e-05,3.212369605898857,1.506549783051014
2,29,800,400,0.00042340834625065327,0.00042211583640892056,0.0004227463821019662,0.0026249999999999694,3.259362711105496e-05,3.294645056128502,1.5440781563520432
2,29,800,410,0.00042316626058891416,0.00042001554975286127,0.00042165515437236125,0.0025317579375721787,3.273060792707838e-05,3.376925863325596,1.5817319005727768
2,29,800,420,0.00041804020293056965,0.0004196316411253065,0.0004209033459768461,0.002438659647646336,3.2061620004242286e-05,3.4589206725358963,1.6192698702216148
2,29,800,430,0.0004162713885307312,0.0004178656352451071,0.00041964607271076316,0.0023458486810376033,3.199845741619356e-05,3.5416767448186874,1.6568185165524483
2,29,800,440,0.0004200101247988641,0.00041616805247031153,0.0004183348959381909,0.002253468145529418,3.153218131046742e-05,3.623930498957634,1.694656752049923
2,29,800,450,0.0004164243000559509,0.00041745419148355725,0.0004179159770954804,0.0021616604852116622,3.102883783867583e-05,3.7060897052288055,1.7321835085749626
2,29,800,460,0.0004152989131398499,0.00041470346332062036,0.00041661754376797643,0.002070567260842192,3.0415189030463807e-05,3.788027800619602,1.7697733789682388
2,29,800,470,0.000409320171456784,0.00041495033365208657,0.00041587524379579514,0.001980328931570418,3.056459536310285e-05,3.869979202747345,1.8076411709189415
2,29,800,480,0.00041324025369249284,0.00041437291365582497,0.00041524319543948153,0.0018910846383594715,3.0334915209095925e-05,3.9519961699843407,1.8451896235346794
2,29,800,490,0.00040921923937276006,0.0004142556106671691,0.00041475064775012765,0.001802971989440927,3.007920713571366e-05,4.03500434756279,1.8827912211418152
2,29,800,500,0.0004136957286391407,0.00041185687587130815,0.00041357008642918416,0.0017161268481328867,2.9315286155906506e-05,4.117232218384743,1.920594073832035
2,29,800,510,0.0004103188111912459,0.0004118916491279379,0.0004128885091393122,0.0016306831233485833,2.9451401132973842e-05,4.199504755437374,1.9580913111567497
2,29,800,520,0.00041382398921996355,0.00041067562415264547,0.00041201113975298365,0.0015467725631185536,2.92733711830806e-05,4.282217688858509,1.9957571774721146
2,29,800,530,0.0004106420965399593,0.0004118355369428173,0.00041190105169994164,0.0014645245514447102,2.891107760660816e-05,4.364264987409115,2.0333442464470863
2,29,800,540,0.0004113011818844825,0.0004102311242604628,0.00041117226507108857,0.0013840659087996018,2.827701246133074e-05,4.447142131626606,2.0708999931812286
2,29,800,550,0.00040755936061032116,0.0004080851125763729,0.00040988274135011593,0.0013055206965784264,2.8316520911175758e-05,4.529379531741142,2.1087479814887047
2,29,800,560,0.000407382205594331,0.00040819916175678373,0.0004091922635273813,0.0012290100258053596,2.8048687454429455e-05,4.611502602696419,2.146399937570095
2,29,800,570,0.0004079310456290841,0.0004070989438332617,0.00040837428488921685,0.0011546518703891284,2.7814980057883076e-05,4.694324426352978,2.184058338403702
2,29,800,580,0.0004049650451634079,0.00040646065608598294,0.00040751849413679344,0.0010825608852157997,2.6953166525345296e-05,4.7762851640582085,2.2218033373355865
2,29,800,590,0.00040514051215723157,0.00040659448713995514,0.0004071296170478543,0.0010128482293592501,2.663744817255065e-05,4.858590103685856,2.2593944519758224
2,29,800,600,0.0004081004299223423,0.00040618173661641774,0.00040671135638599366,0.0009456213946819376,2.661002508830279e-05,4.9412901699543,2.297124594449997
2,29,800,610,0.00040443564648739994,0.00040650739683769645,0.0004065929275051637,0.0008809840400902355,2.6567940949462354e-05,5.023127026855946,2.3347777649760246
2,29,800,620,0.0004068542621098459,0.00040539291803725063,0.0004060892061686261,0.0008190358316999166,2.5878944143187255e-05,5.105957083404064,2.3722980618476868
2,29,800,630,0.00040434798575006425,0.00040450080705340953,0.0004054549772554573,0.0007598722891582217,2.5668250600574538e-05,5.188100390136242,2.4100429713726044
2,29,800,640,0.0004079717327840626,0.00040437718853354455,0.0004050234424535206,0.0007035846383594924,2.5671328330645338e-05,5.2704470083117485,2.4474609792232513
2,29,800,650,0.0004057292826473713,0.0004040528234327212,0.00040460093280655506,0.0006502596707814487,2.591157317510806e-05,5.353573776781559,2.4850723445415497
2,29,800,660,0.0004011085256934166,0.0004042379383463413,0.0004044208662939876,0.0005999796096590256,2.538147418817971e-05,5.435373015701771,2.5228357315063477
2,29,800,670,0.00040217884816229343,0.00040190927393268794,0.00040345117320242114,0.0005528219832021018,2.457025766489096e-05,5.5176694840192795,2.5602882355451584
2,29,800,680,0.0004038894549012184,0.00040439499716740104,0.00040387416210730775,0.0005088595050526219,2.4479882995365188e-05,5.599989011883736,2.59796966612339
2,29,800,690,0.0004016224993392825,0.00040224364784080535,0.0004032188536399739,0.000468159962165428,2.4682965886313468e-05,5.682321675121784,2.6355241164565086
2,29,800,700,0.0004000480112154037,0.0004041575419250876,0.0004035229663811257,0.00043078611028569134,2.3695878553553484e-05,5.7652409970760345,2.673054412007332
2,29,800,710,0.0004038127954117954,0.00040252069011330603,0.00040314435921777914,0.00039679557718409785,2.40224562730873e-05,5.847596757113934,2.710585229098797
2,29,800,720,0.0004053187440149486,0.0004029314615763724,0.00040306582155241977,0.0003662407737990084,2.4455421225866303e-05,5.929516337811947,2.7481192126870155
2,29,800,730,0.0004023222718387842,0.00040203705430030823,0.00040269216554924864,0.0003391688134225863,2.3830552891013213e-05,6.011499434709549,2.785546511411667
2,29,800,740,0.0004016574821434915,0.0004028258757898584,0.00040275679538256926,0.0003156214390555172,2.3734301066724584e-05,6.093409910798073,2.823107473552227
2,29,800,750,0.00040245612035505474,0.0004010495526017621,0.000402096755301826,0.000295634959042327,2.32532784139039e-05,6.175432935357094,2.860715724527836
2,29,800,760,0.0003998576430603862,0.0004009744676295668,0.00040164151065853195,0.0002792401910865475,2.330814277229365e-05,6.257393084466457,2.898482531309128
2,29,800,770,0.0003987144446000457,0.000399225638830103,0.0004007256355967916,0.0002664624147320497,2.338560989301186e-05,6.339785918593407,2.936010994017124
2,29,800,780,0.0004029757692478597,0.0004014758509583771,0.0004010552067505417,0.00025732133238382096,2.3416849217028357e-05,6.422218598425388,2.973554775118828
2,29,800,790,0.00039674152503721416,0.0003999059641500935,0.00040056871081015885,0.00025183103892828306,2.386735832260456e-05,6.504218503832817,3.011363349854946
2,29,800,800,0.0004052339936606586,0.00040146417159121485,0.00040100942751903213,0.00025,2.379577017563861e-05,6.587321519851685,3.048897311091423
2,29,900,0,,,,0.005,,0.0,0.03847654163837433
2,29,900,10,0.0006912816315889359,0.0007513861346524209,0.0008385229099534186,0.004998553214170353,5.9037360188085586e-05,0.08300965279340744,0.07604080438613892
2,29,900,20,0.0006399689009413123,0.0006596748484298587,0.0007659345780468848,0.004994214619367081,4.9493351980345324e-05,0.16526522487401962,0.11389363557100296
2,29,900,30,0.0006023451569490135,0.000616307050222531,0.0007053597892332594,0.004986989501499647,4.6970784751465544e-05,0.24748969078063965,0.15140271931886673
2,29,900,40,0.0005726131494157016,0.0005848879751283676,0.000656547031400724,0.004976886663261228,4.4980075472267345e-05,0.3303293064236641,0.18907346576452255
2,29,900,50,0.0005485175061039627,0.000560682185459882,0.0006177007120774919,0.004963918413403992,4.3768101022578776e-05,0.4125073030591011,0.22696401178836823
2,29,900,60,0.0005348779959604144,0.0005425242183264345,0.000587249665013906,0.0049481005517427856,4.319274012232199e-05,0.49492065608501434,0.2645151913166046
2,29,900,70,0.0005204013432376087,0.0005293023597914726,0.0005637714532304375,0.004929452349905488,4.3157324398634955e-05,0.5775054320693016,0.3021014630794525
2,29,900,80,0.0005135454121045768,0.0005151319783180952,0.0005441661991959819,0.0049079965278535035,4.140790770179592e-05,0.6594275906682014,0.3396742194890976
2,29,900,90,0.0005037901573814452,0.0005073978216387331,0.0005292767571989557,0.0048837592262009856,4.1579325625207275e-05,0.742249883711338,0.3773168921470642
2,29,900,100,0.000494291540235281,0.0004971147689502686,0.0005162133221489134,0.004856769974366528,4.072496449225582e-05,0.8243756219744682,0.4149859994649887
2,29,900,110,0.0004909727722406387,0.0004937695601256564,0.0005070318323849834,0.004827061654596116,4.05740829592105e-05,0.9063642024993896,0.45245689153671265
2,29,900,120,0.00048415636410936713,0.00048569004866294563,0.0004983394995432561,0.004794670461901172,3.9705624658381566e-05,0.9891958683729172,0.4900280386209488
2,29,900,130,0.00047645234735682607,0.00047919258940964937,0.0004906358203920827,0.0047596358599605185,4.0866110794013366e-05,1.0708730444312096,0.5274269580841064
2,29,900,140,0.00047544698463752866,0.0004756212030770257,0.00048449425047972645,0.004722000533039948,3.999783075414598e-05,1.1527689024806023,0.5648626461625099
2,29,900,150,0.0004674828960560262,0.0004711813613539562,0.00047908571360304024,0.004681810333988038,3.9863727579358965e-05,1.2347412407398224,0.6023393273353577
2,29,900,160,0.00046276868670247495,0.00046776426315773276,0.00047450646345886696,0.004639114228371508,3.95586685044691e-05,1.3166585192084312,0.6398613601922989
2,29,900,170,0.00046870243386365473,0.000465890986379236,0.0004710156517863635,0.00459396423481822,3.862203811877407e-05,1.399280145764351,0.6773116588592529
2,29,900,180,0.00045895366929471493,0.00046067415387369693,0.0004667376334692269,0.004546415361640496,3.8623009459115565e-05,1.4816148728132248,0.7155868783593178
2,29,900,190,0.00045370927546173334,0.0004584535607136786,0.00046335544785962627,0.004496525539815961,3.879078212776221e-05,1.5638342127203941,0.7532687857747078
2,29,900,200,0.0004548186552710831,0.00045569282956421376,0.00046023715381345514,0.00444435555240757,3.8785314245615155e-05,1.6467607766389847,0.7909979298710823
2,29,900,210,0.00045161438174545765,0.00045233652053866535,0.0004570418085609554,0.004389968960508811,3.8063819374656305e-05,1.728560708463192,0.8287912085652351
2,29,900,220,0.00044648934272117913,0.00044846572272945197,0.00045358054637091626,0.004333432025804295,3.752345219254494e-05,1.810898870229721,0.8663337603211403
2,29,900,230,0.0004450856358744204,0.00044704251922667027,0.00045094592649824137,0.004274813629840118,3.777935489779338e-05,1.8934567421674728,0.9041851311922073
2,29,900,240,0.00044313547550700605,0.00044468362466432154,0.00044839216068398363,0.004214185190102288,3.740571264643222e-05,1.9753639176487923,0.9417343512177467
2,29,900,250,0.000442352844402194,0.0004445193015271798,0.00044678686034097626,0.004151620573005531,3.68948676623404e-05,2.0576823949813843,0.9793104454874992
2,29,900,260,0.0004459827905520797,0.0004420406214194372,0.00044488303212142095,0.004087196003898436,3.6825076676905155e-05,2.1398291140794754,1.0172350853681564
2,29,900,270,0.0004444571677595377,0.0004414107563206926,0.0004435461306799629,0.004020989974194619,3.651878432719968e-05,2.2222273647785187,1.0548175647854805
2,29,900,280,0.0004366107750684023,0.0004391655093058944,0.0004417116113614734,0.003953083145743019,3.667303462862037e-05,2.3048858270049095,1.0924466997385025
2,29,900,290,0.0004403246275614947,0.0004379610298201442,0.0004401936894612577,0.003883558252553855,3.588071194826625e-05,2.3871105387806892,1.130077764391899
2,29,900,300,0.0004337858990766108,0.0004346559406258166,0.0004379579004083921,0.0038124999999999895,3.6775378248421475e-05,2.4693675711750984,1.1677058711647987
2,29,900,310,0.00043476291466504335,0.00043414860556367785,0.000436402490811479,0.0037399949616164782,3.5753353586187586e-05,2.5514982640743256,1.2054693028330803
2,29,900,320,0.0004375966382212937,0.00043089668615721167,0.00043425218133030157,0.003666131473624045,3.493183248792775e-05,2.633400648832321,1.2428674921393394
2,29,900,330,0.00042871059849858284,0.00043056356953456997,0.00043268916530316427,0.0035909995273050097,3.555186412995681e-05,2.7159184366464615,1.280382163822651
2,29,900,340,0.0004294240497983992,0.0004294417914934456,0.0004314281204137268,0.0035146906593627745,3.513076444505714e-05,2.7979736626148224,1.318010687828064
2,29,900,350,0.0004260216373950243,0.00042873618949670347,0.00043032202842397874,0.0034372978403984468,3.485338675091043e-05,2.881276950240135,1.3554893657565117
2,29,900,360,0.00043053037370555103,0.0004258718603523448,0.0004285616499282213,0.003358915361640482,3.465727422735654e-05,2.9637321382761,1.3931157886981964
2,29,900,370,0.0004256439860910177,0.000426526993396692,0.00042764509068232633,0.0032796387200653516,3.4623037208803e-05,3.045664854347706,1.4306184351444244
2,29,900,380,0.00042341649532318115,0.0004236477107042447,0.00042599754813414615,0.0031995645020491863,3.4094598959200084e-05,3.128228709101677,1.4681427106261253
2,29,900,390,0.00041874111047945917,0.0004222408781060949,0.0004244616318916093,0.003118790265692153,3.3466782042523846e-05,3.2106334641575813,1.50575340539217
2,29,900,400,0.00042444083373993635,0.00042335133475717156,0.00042392618612201334,0.0030374144219589344,3.3341519156238064e-05,3.2927835136651993,1.5432248711585999
2,29,900,410,0.00042452599154785275,0.0004211610386846587,0.0004228223026787214,0.002955536114780128,3.340834518894553e-05,3.3746959641575813,1.5806407555937767
2,29,900,420,0.0004195825895294547,0.0004208327911328524,0.0004220901110962924,0.002873255100260647,3.325613943161443e-05,3.4566526263952255,1.618167795240879
2,29,900,430,0.0004175990470685065,0.00041896047478076073,0.00042080007659996507,0.002790671625142266,3.313954221084714e-05,3.5386340990662575,1.655661679804325
2,29,900,440,0.00042113132076337934,0.0004172926885075867,0.0004194806440161232,0.0027078863046684073,3.2582560379523784e-05,3.6213545948266983,1.6930706724524498
2,29,900,450,0.0004179697425570339,0.00041868145344778893,0.0004190950804215102,0.002624999999999966,3.252345777582377e-05,3.703414537012577,1.7307310327887535
2,29,900,460,0.0004164502606727183,0.00041585122817195953,0.0004177792384247485,0.0025421136953315254,3.164313602610491e-05,3.785475544631481,1.7681178078055382
2,29,900,470,0.00041077780770137906,0.00041631008207332343,0.0004171165530551073,0.002459328374857666,3.2059346267487854e-05,3.8683530390262604,1.805829033255577
2,29,900,480,0.00041414465522393584,0.00041551611793693154,0.0004164421224747312,0.0023767448997392875,3.13750933855772e-05,3.9501628056168556,1.8434215560555458
2,29,900,490,0.00041033426532521844,0.00041538469085935505,0.00041592694934205685,0.002294463885219809,3.1510437111137435e-05,4.032577857375145,1.880882315337658
2,29,900,500,0.0004147556028328836,0.00041291427332907916,0.00041469775018135785,0.002212585578041007,3.0663275538245216e-05,4.114801682531834,1.9184821918606758
2,29,900,510,0.00041099090594798326,0.0004128182918066159,0.00041393071506606557,0.0021312097343077875,3.083866249653511e-05,4.196821987628937,1.9560215845704079
2,29,900,520,0.00041476127807982266,0.000411657991935499,0.00041303192839141416,0.0020504354979507568,3.055812339880504e-05,4.279564298689365,1.9935487434267998
2,29,900,530,0.0004117791831959039,0.00041271833761129527,0.0004128669056652966,0.0019703612799345954,3.0220391636248678e-05,4.361507050693035,2.0311960503458977
2,29,900,540,0.0004122332320548594,0.0004113349976250902,0.00041219613840903644,0.00189108463835947,2.9795422960887663e-05,4.443712987005711,2.0685948580503464
2,29,900,550,0.0004083099775016308,0.0004090658505447209,0.00041088276700523905,0.0018127021596015082,2.9942979381303303e-05,4.526237390935421,2.1061990559101105
2,29,900,560,0.0004081009537912905,0.00040918310987763106,0.0004101813651945003,0.001735309340637182,2.956575008283835e-05,4.60810773819685,2.143713667988777
2,29,900,570,0.0004082139930687845,0.00040783953736536207,0.0004092574959461124,0.0016590004726949484,2.9393675504252315e-05,4.69065510481596,2.18123546987772
2,29,900,580,0.00040547517710365355,0.000407254442689009,0.0004083702812580886,0.001583868526375917,2.8541311621665955e-05,4.7726766765117645,2.2189200967550278
2,29,900,590,0.0004056720354128629,0.0004072795185493305,0.00040791617235593137,0.001510005038383486,2.8607506465050392e-05,4.854962982237339,2.2563757449388504
2,29,900,600,0.000408917258027941,0.0004068498354172334,0.0004074519898812724,0.001437499999999979,2.8559901693370193e-05,4.938043154776096,2.294086143374443
2,29,900,610,0.00040472811087965965,0.0004070052586030215,0.00040723603509534184,0.0013664417474461186,2.8075886802980676e-05,5.020042426884174,2.3317136466503143
2,29,900,620,0.0004071417497470975,0.00040586085815448315,0.0004066565597001985,0.0012969168542569579,2.760512325039599e-05,5.102325297892094,2.369150511920452
2,29,900,630,0.00040405208710581064,0.0004049482318805531,0.0004059669980972045,0.0012290100258053591,2.7111029339721426e-05,5.184307120740414,2.4067374616861343
2,29,900,640,0.0004083969979546964,0.00040476390859112144,0.00040548544189808385,0.0011628039961015452,2.722743374761194e-05,5.266346909105778,2.4442941322922707
2,29,900,650,0.0004059376660734415,0.00040409589128103106,0.00040489170228819727,0.0010983794269944541,2.7139776648255065e-05,5.34911322593689,2.4817442893981934
2,29,900,660,0.00040141516365110874,0.00040439782897010445,0.00040465579303063066,0.0010358148098976985,2.7137457436765544e-05,5.431578658521175,2.519481800496578
2,29,900,670,0.0004021674394607544,0.00040186614205595106,0.0004035715999719539,0.0009751863701598689,2.605848385428544e-05,5.513717815279961,2.5569317042827606
2,29,900,680,0.00040374055970460176,0.00040446420316584406,0.00040397261822684087,0.0009165679741956912,2.598839273559861e-05,5.5956220626831055,2.5943782180547714
2,29,900,690,0.00040148309199139476,0.00040212408057413993,0.0004032292492323558,0.0008600310394911771,2.6084851924679242e-05,5.677550032734871,2.6319292187690735
2,29,900,700,0.0003999807813670486,0.0004038821381982416,0.0004034221555991668,0.0008056444475924171,2.5460176402702928e-05,5.7595528066158295,2.669501893222332
2,29,900,710,0.00040333025390282273,0.0004020138556370512,0.0004028751692165401,0.000753474460184026,2.5408025976503268e-05,5.842300601303577,2.70708230137825
2,29,900,720,0.0004049349809065461,0.00040237449284177276,0.00040268292830646194,0.0007035846383594913,2.563990346970968e-05,5.924401760101318,2.744674928486347
2,29,900,730,0.00040186633123084903,0.0004013828613096848,0.0004021958283839293,0.0006560357651817683,2.5293473299825564e-05,6.007556572556496,2.782176375389099
2,29,900,740,0.0004007259267382324,0.00040203771204687654,0.0004021386390844156,0.0006108857716284821,2.5112156436080113e-05,6.090474061667919,2.8197999745607376
2,29,900,750,0.00040159490890800953,0.00040014071855694057,0.0004013598866190952,0.0005681896660119522,2.4568787921452895e-05,6.172411642968655,2.857302635908127
2,29,900,760,0.00039894512156024575,0.0004002206289442256,0.0004008938726700994,0.0005279994669600432,2.43663653236581e-05,6.254907883703709,2.8947759568691254
2,29,900,770,0.0003974653664045036,0.00039813079638406634,0.0003998365081554334,0.0004903641400394738,2.4322316676261835e-05,6.337289847433567,2.9324119091033936
2,29,900,780,0.00040168454870581627,0.00040028333314694463,0.0004000370575271499,0.0004553295380988194,2.4111170205287635e-05,6.419596448540688,2.9698551520705223
2,29,900,790,0.0003950977115891874,0.0003986486961366609,0.00039944425271835535,0.0004229383454038769,2.452186708978843e-05,6.502447657287121,3.007392540574074
2,29,900,800,0.00040385971078649163,0.0004000457935035229,0.0003997589742945885,0.00039323002563346513,2.4122080503730103e-05,6.584491923451424,3.0451051592826843
2,29,900,810,0.00039722552173770964,0.00039867797459010036,0.0003993122707392788,0.0003662407737990085,2.3156473616836593e-05,6.667085960507393,3.0825599879026413
2,29,900,820,0.0003983325441367924,0.0003990689088823274,0.00039924438989471275,0.00034200347214649086,2.325414061488118e-05,6.749578006565571,3.1201477348804474
2,29,900,830,0.0004006170784123242,0.0003993065241957083,0.0003992588133698522,0.000320547650094507,2.3791875719325617e-05,6.831487447023392,3.1577457413077354
2,29,900,840,0.00039798038778826594,0.00039838976226747036,0.0003988782056672912,0.0003018994482572105,2.360431244596839e-05,6.913770876824856,3.1951264068484306
2,29,900,850,0.00040184121462516487,0.0003987436706665903,0.0003988945293150937,0.0002860815865960052,2.330694769625552e-05,6.9957679733633995,3.2328156381845474
2,29,900,860,0.00039901427226141095,0.0003983459755545482,0.00039866397700446306,0.00027311333673877007,2.3378508558380418e-05,7.077994391322136,3.2702517360448837
2,29,900,870,0.0003999723121523857,0.0003978254157118499,0.00039833395457231595,0.00026301049850035064,2.3083788619260304e-05,7.160900302231312,3.3077648356556892
2,29,900,880,0.00039929666672833264,0.00039809025765862315,0.00039828456357289234,0.00025578538063291713,2.276783015986439e-05,7.24269226193428,3.345256559550762
2,29,900,890,0.00040176426409743726,0.00039731672150082885,0.0003979412737064297,0.0002514467858296475,2.296017737535294e-05,7.32499897480011,3.3827546313405037
2,29,900,900,0.00039661276969127357,0.0003991031204350293,0.00039835973305348574,0.00025,2.29024444706738e-05,7.407061874866486,3.420425921678543
2,29,1000,0,,,,0.005,,0.0,0.03840529918670654
2,29,1000,10,0.0006912562530487776,0.0007513862277846783,0.0008385226974830275,0.004998828080868613,5.9023415815318e-05,0.08352706581354141,0.07593552768230438
2,29,1000,20,0.0006398471305146813,0.0006596755760256201,0.0007659318699674705,0.0049953134800171444,4.94080304633826e-05,0.16565801203250885,0.11361461132764816
2,29,1000,30,0.0006023487658239901,0.0006162130797747522,0.0007053149629526138,0.0049894596659323135,4.693288792623207e-05,0.24784159660339355,0.15109311044216156
2,29,1000,40,0.0005727785755880177,0.0005848193133715541,0.000656506330773399,0.004981272415621884,4.493002415983938e-05,0.330827534198761,0.18874791264533997
2,29,1000,50,0.0005488970782607794,0.0005609477288089692,0.0006177868557989824,0.004970759808913451,4.382735278340988e-05,0.4127367362380028,0.2262295037508011
2,29,1000,60,0.0005351188592612743,0.0005426601972430944,0.0005873639747341159,0.0049579322204806354,4.331566742621362e-05,0.49512799829244614,0.26358943432569504
2,29,1000,70,0.0005208977963775396,0.0005295115872286261,0.0005639161839626223,0.004942802309604526,4.322700624470599e-05,0.5775827318429947,0.3012429475784302
2,29,1000,80,0.00051369599532336,0.0005153800768312067,0.0005443456273707668,0.004925385007680499,4.1267277993028983e-05,0.6595871224999428,0.3387283980846405
2,29,1000,90,0.0005037790397182107,0.0005072674830444157,0.0005293336847685896,0.004905697503482739,4.1603507270338014e-05,0.7422786206007004,0.3761918544769287
2,29,1000,100,0.0004939503269270062,0.000496792426565662,0.0005161148370002041,0.004883759226200989,4.0926493966253474e-05,0.8243654817342758,0.41384588181972504
2,29,1000,110,0.0004910936113446951,0.0004935399978421628,0.0005068843113309042,0.004859591826266284,4.0764512959867716e-05,0.9075125679373741,0.45126713067293167
2,29,1000,120,0.00048416396020911634,0.0004855627252254635,0.0004982016349401691,0.004833219153984595,3.978971653850749e-05,0.9898039326071739,0.48870334029197693
2,29,1000,130,0.0004764413461089134,0.0004789051279658452,0.0004904339461209502,0.004804667235999453,4.094106043339707e-05,1.0715272724628448,0.5262471437454224
2,29,1000,140,0.00047518726205453277,0.0004756280191941187,0.0004843723445143202,0.004773964249606794,3.9942795410752296e-05,1.1540997251868248,0.5639168620109558
2,29,1000,150,0.0004673086805269122,0.0004710194159997627,0.00047894990791419364,0.004741140494947372,3.9550526707898825e-05,1.2361564859747887,0.6015489101409912
2,29,1000,160,0.0004628224123734981,0.00046775699593126774,0.0004744266419126645,0.004706228365104175,3.957099761464633e-05,1.3181021362543106,0.6389780268073082
2,29,1000,170,0.0004691614303737879,0.00046608641860075296,0.00047105423643093683,0.0046692623141343665,3.8712725654477254e-05,1.4010283648967743,0.6765414774417877
2,29,1000,180,0.00045956182293593884,0.00046096469450276347,0.00046687783025518067,0.004630278823067284,3.867280975100584e-05,1.4830888584256172,0.714138850569725
2,29,1000,190,0.00045405555283650756,0.00045875690993852914,0.0004635623472187006,0.004589316363902083,3.902365278918296e-05,1.5656581595540047,0.7515987232327461
2,29,1000,200,0.0004548206052277237,0.0004558218381134793,0.0004604101471020149,0.0045464153616404995,3.870037471642718e-05,1.6477681770920753,0.7893452867865562
2,29,1000,210,0.0004517196211963892,0.0004522738017840311,0.0004571235908969788,0.004501618154392265,3.8456575566669926e-05,1.7298386096954346,0.8269919902086258
2,29,1000,220,0.0004474518937058747,0.0004487962112762034,0.0004537705816466633,0.004454968951592499,3.798268880927935e-05,1.8127616792917252,0.8645564243197441
2,29,1000,230,0.00044538627844303846,0.0004474234097870067,0.0004512114508670414,0.004406513790372343,3.798514080699533e-05,1.894545704126358,0.9019425436854362
2,29,1000,240,0.0004441061755642295,0.0004452870780369267,0.0004487978512416755,0.004356300490125854,3.801397542702034e-05,1.9762722551822662,0.9394112676382065
2,29,1000,250,0.00044309772783890367,0.00044520637020468713,0.0004473087282341947,0.004304378605318052,3.700031811604276e-05,2.0582092478871346,0.9770070984959602
2,29,1000,260,0.00044620412518270314,0.0004427007050253451,0.00044545447702604786,0.004250799376580637,3.69324188795872e-05,2.140288308262825,1.0145165622234344
2,29,1000,270,0.0004449482075870037,0.00044211826752871275,0.00044416535316590494,0.0041956156801436755,3.681983798742294e-05,2.2223096787929535,1.0519807636737823
2,29,1000,280,0.00043712923070415854,0.00043970937840640543,0.00044229062164257354,0.0041388819756531395,3.718218795256689e-05,2.3046800419688225,1.089634895324707
2,29,1000,290,0.00044090847950428724,0.00043872074456885457,0.0004408494428153574,0.004080654252425819,3.6333996831672266e-05,2.3866422176361084,1.1271326392889023
2,29,1000,300,0.00043424038449302316,0.0004353637952590361,0.00043863329357370697,0.004020989974194622,3.723670306499116e-05,2.4695767164230347,1.1646093353629112
2,29,1000,310,0.0004352621908765286,0.0004347842885181308,0.00043706021035986025,0.003959948022398806,3.6114590329816565e-05,2.5517405197024345,1.2022650465369225
2,29,1000,320,0.0004377051955088973,0.0004316346981795505,0.0004349398520324689,0.0038975886380751097,3.5068173019681126e-05,2.6339980736374855,1.2396852299571037
2,29,1000,330,0.00042926010792143643,0.00043138387845829127,0.0004334321783968646,0.0038339733624071226,3.615910100052133e-05,2.716560184955597,1.2771067917346954
2,29,1000,340,0.00043023229227401316,0.00043022223690059036,0.00043219362700759774,0.003769164975991562,3.5738670703722164e-05,2.798624113202095,1.314788393676281
2,29,1000,350,0.00042704970110207796,0.0004296854924177751,0.0004311564035659543,0.0037032274368814094,3.5324206692166626e-05,2.8812875747680664,1.352253444492817
2,29,1000,360,0.0004314651305321604,0.00042686130618676545,0.0004294569254704794,0.0036362258174670314,3.5214528907090425e-05,2.9637143537402153,1.3899928480386734
2,29,1000,370,0.0004267576150596142,0.0004273953498341143,0.0004285366051878946,0.0035682262402575863,3.5568995372159407e-05,3.0458077639341354,1.4274843111634254
2,29,1000,380,0.00042411830509081483,0.00042447892192285506,0.0004268596570306532,0.0034992958126260918,3.49164183717221e-05,3.128783106803894,1.4650838971138
2,29,1000,390,0.0004198878596071154,0.0004232850682456046,0.0004253970064317907,0.0034295025605825466,3.442685920163058e-05,3.210961788892746,1.5026728808879852
2,29,1000,400,0.00042569852666929364,0.00042432947957422585,0.00042488043427873877,0.0033589153616404776,3.40643418894615e-05,3.2931041046977043,1.5401111766695976
2,29,1000,410,0.0004255138337612152,0.00042223505734000354,0.0004238197217705082,0.0032876038768431468,3.432262019487098e-05,3.3756683990359306,1.5776893198490143
2,29,1000,420,0.0004202659474685788,0.00042168541403952986,0.0004230245446599256,0.0032156384820165047,3.392052894923836e-05,3.457717679440975,1.615199737250805
2,29,1000,430,0.00041823144420050085,0.0004199592338409275,0.0004217572930007999,0.0031430901983167626,3.402272704988718e-05,3.5404756367206573,1.6527037099003792
2,29,1000,440,0.00042229960672557354,0.00041835511510726067,0.0004204817616982705,0.0030700306221410683,3.3247888495679945e-05,3.622679516673088,1.6905700042843819
2,29,1000,450,0.000418672600062564,0.00041979525703936813,0.00042014667659344754,0.002996531854470519,3.339330214657821e-05,3.7048874348402023,1.7280427813529968
2,29,1000,460,0.0004179324023425579,0.0004171071428572759,0.00041892332019917796,0.0029226664297151905,3.275393828516826e-05,3.787744179368019,1.7656653001904488
2,29,1000,470,0.00041175930527970195,0.0004173319903202355,0.0004182137381612169,0.002848507244131439,3.3340944355586544e-05,3.869748219847679,1.8033058494329453
2,29,1000,480,0.0004152216133661568,0.00041670281207188963,0.0004175714790252638,0.002774127483882086,3.2861946237972006e-05,3.9521785899996758,1.840750902891159
2,29,1000,490,0.0004116742347832769,0.00041646949539426715,0.0004170378514814354,0.0026996005528105212,3.277173891547136e-05,4.035131022334099,1.8785277381539345
2,29,1000,500,0.00041567962034605443,0.00041399314650334416,0.0004157962344676492,0.002624999999999966,3.173130244249478e-05,4.1181472688913345,1.916237011551857
2,29,1000,510,0.00041192438220605254,0.0004137476586038247,0.00041495902136758127,0.002550399447189409,3.1965188100002706e-05,4.201498590409756,1.9538557901978493
2,29,1000,520,0.000415305228671059,0.00041267583728767934,0.0004140575799878832,0.0024758725161178443,3.1820483854971826e-05,4.283354297280312,1.9912414476275444
2,29,1000,530,0.00041296606650575995,0.0004139571392443031,0.0004139843323628527,0.00240149275586849,3.145654409308918e-05,4.365274079144001,2.0287855863571167
2,29,1000,540,0.000413084082538262,0.00041233284573536364,0.0004132638965950419,0.002327333570284738,3.093865234404802e-05,4.4472445994615555,2.0662683621048927
2,29,1000,550,0.0004089016583748162,0.0004099199140910059,0.00041186447719911503,0.002253468145529412,3.094777639489621e-05,4.529792219400406,2.104037970304489
2,29,1000,560,0.00040952363633550704,0.00041001362551469357,0.00041111189239882126,0.0021799693778588648,3.0656672606710345e-05,4.612205192446709,2.1416658014059067
2,29,1000,570,0.00040962337516248226,0.0004088018264155835,0.00041021092387611823,0.002106909801683174,3.075887434533797e-05,4.695158176124096,2.179310090839863
2,29,1000,580,0.0004063997184857726,0.0004081137798493728,0.00040927933462690466,0.002034361517983434,2.9963488486828282e-05,4.777579456567764,2.2168547585606575
2,29,1000,590,0.0004064552194904536,0.00040813479572534563,0.00040879557576704173,0.0019623961231567946,2.9768641979899257e-05,4.859850153326988,2.254236303269863
2,29,1000,600,0.00040994182927533984,0.000407773835468106,0.00040834748165469333,0.001891084638359466,3.0040344427106902e-05,4.9425089955329895,2.2917879819869995
2,29,1000,610,0.0004054690944030881,0.00040798346744850276,0.00040816688412574853,0.0018204974394174004,2.9851495128241368e-05,5.024471916258335,2.3293427154421806
2,29,1000,620,0.00040752114728093147,0.0004066626948770136,0.0004075306941422915,0.001750704187373859,2.904806206061039e-05,5.107324451208115,2.366733081638813
2,29,1000,630,0.00040516405715607107,0.000405747490003705,0.00040680874588298747,0.0016817737597423661,2.8840411687269807e-05,5.1895091235637665,2.4043490439653397
2,29,1000,640,0.0004087889101356268,0.0004053030977956951,0.00040620452762411445,0.001613774182532924,2.871985088859219e-05,5.271578475832939,2.441716991364956
2,29,1000,650,0.00040654762415215373,0.0004046596266562119,0.0004055517932985725,0.0015467725631185493,2.8646023565670475e-05,5.354472689330578,2.4793286621570587
2,29,1000,660,0.0004019503830932081,0.0004050672345329076,0.00040532104841830907,0.001480835024008401,2.8758004191331565e-05,5.43648624420166,2.516950838267803
2,29,1000,670,0.0004027150571346283,0.0004023696790682152,0.0004041659706895081,0.0014160266375928437,2.779496026050765e-05,5.519069395959377,2.554406985640526
2,29,1000,680,0.00040415950934402645,0.0004048582719406113,0.0004044804828817026,0.00135241136192486,2.7575521016842686e-05,5.601374052464962,2.5919520929455757
2,29,1000,690,0.0004020913620479405,0.00040250435704365374,0.00040368542988789783,0.0012900519776011673,2.7663720175041817e-05,5.683422192931175,2.6294388994574547
2,29,1000,700,0.00040020886808633804,0.00040430958906654266,0.00040386419775111646,0.001229010025805355,2.717354436754249e-05,5.766350284218788,2.667004257440567
2,29,1000,710,0.00040347344474866986,0.0004023180663352832,0.0004032612248292541,0.001169345747574161,2.6904226615442894e-05,5.848451800644398,2.7046035900712013
2,29,1000,720,0.0004049882118124515,0.0004025277361506596,0.0004029684313938589,0.001111118024346843,2.7174524802831e-05,5.930632650852203,2.7419349402189255
2,29,1000,730,0.0004016743623651564,0.00040149468695744873,0.0004024054706188941,0.0010543843198563088,2.6878185963141732e-05,6.01333849132061,2.779464788734913
2,29,1000,740,0.0004007474926766008,0.0004022276814794168,0.0004023401354749045,0.0009992006234193487,2.638656587805599e-05,6.095167264342308,2.816908061504364
2,29,1000,750,0.0004018678446300328,0.0004002439061878249,0.0004015227433752986,0.0009456213946819345,2.5839217414613813e-05,6.177840977907181,2.854328751564026
2,29,1000,760,0.00039903735159896314,0.00040014818659983575,0.00040096222462093013,0.0008936995098741332,2.5926170565071516e-05,6.259936206042767,2.892040602862835
2,29,1000,770,0.0003973231359850615,0.0003978516935603693,0.000399766362948117,0.0008434862096276455,2.5997767806984484e-05,6.3420716896653175,2.929446004331112
2,29,1000,780,0.000401406257878989,0.00040010532538872214,0.00039992099356695165,0.0007950310484074888,2.5517136236885563e-05,6.424633465707302,2.9669798463582993
2,29,1000,790,0.0003945724747609347,0.0003983397298725322,0.0003992442631908842,0.0007483818456077244,2.5796112822717987e-05,6.5067654475569725,3.004490092396736
2,29,1000,800,0.00040334856021218,0.0003996523329988122,0.0003994803559998154,0.0007035846383594903,2.557453808549326e-05,6.588644474744797,3.041955515742302
2,29,1000,810,0.00039683765498921275,0.0003982318419730291,0.0003989602318378235,0.000660683636097907,2.4561873942730017e-05,6.670550309121609,3.079444445669651
2,29,1000,820,0.00039750075666233897,0.00039848355809226634,0.00039879492191681703,0.0006197211769327061,2.4600043616374023e-05,6.752585187554359,3.1171233505010605
2,29,1000,830,0.00039993535028770566,0.0003987384319771081,0.0003987597286431926,0.0005807376858656267,2.501625203876756e-05,6.834681138396263,3.154498964548111
2,29,1000,840,0.00039726661634631455,0.0003975072118919343,0.0003982257439088372,0.0005437716348958175,2.4720931833144277e-05,6.917336285114288,3.1920898407697678
2,29,1000,850,0.00040058558806777,0.00039794034673832355,0.00039816894596386465,0.000508859505052621,2.441490323690232e-05,6.999281018972397,3.2297322154045105
2,29,1000,860,0.0003980649053119123,0.00039741659711580726,0.00039785819485302137,0.00047603575039319916,2.4057912014541216e-05,7.081787943840027,3.2672050073742867
2,29,1000,870,0.0003988785610999912,0.0003968031756812707,0.00039743624535042496,0.00044533276400054056,2.3950511604198255e-05,7.1643286272883415,3.305218927562237
2,29,1000,880,0.0003979502071160823,0.00039689999248366804,0.00039726518731287105,0.0004167808460153993,2.3415546820615418e-05,7.246539071202278,3.342744931578636
2,29,1000,890,0.00040041221654973924,0.00039613306580577046,0.00039685164323592604,0.00039040817373371195,2.3665448679821566e-05,7.3294361382722855,3.3803330585360527
2,29,1000,900,0.0003949270467273891,0.0003977708576712757,0.00039716824047129635,0.00036624077379900804,2.323621629329864e-05,7.411583200097084,3.417927324771881
2,29,1000,910,0.0003967203083448112,0.00039777198398951443,0.000397385516092773,0.0003443024965172584,2.3763799617881887e-05,7.493789315223694,3.4554209038615227
2,29,1000,920,0.00039796464261598885,0.0003963446622947231,0.00039698986024288847,0.00032461499231949977,2.3336175217991695e-05,7.576043277978897,3.492975078523159
2,29,1000,930,0.00039673171704635024,0.0003965673124184832,0.0003968261316450564,0.0003071976903954741,2.3124059225665405e-05,7.658044382929802,3.5304673984646797
2,29,1000,940,0.00039805329288356006,0.0003956974076572806,0.0003964075890298598,0.0002920677795193635,2.3240609152708203e-05,7.740629307925701,3.567891478538513
2,29,1000,950,0.00039468472823500633,0.0003964635106967762,0.0003964202749201172,0.0002792401910865475,2.2700227418681607e-05,7.8228079825639725,3.6054970547556877
2,29,1000,960,0.0003966702497564256,0.00039529737259726974,0.00039598092412082716,0.00026872758437811503,2.2599177100346424e-05,7.904977902770042,3.6429313719272614
2,29,1000,970,0.0003979174653068185,0.0003971441241446882,0.00039644161618707953,0.00026054033406768483,2.3045786292641424e-05,7.987620040774345,3.6805445179343224
2,29,1000,980,0.00039864497375674546,0.0003950691723730415,0.0003959541869243756,0.00025468651998285496,2.2914598957868293e-05,8.069576859474182,3.718026876449585
2,29,1000,990,0.0003938661247957498,0.0003960541158448905,0.0003960761715695459,0.00025117191913138744,2.3026184862828813e-05,8.152023307979107,3.7554926201701164
2,29,1000,1000,0.00039618744631297886,0.0003954927029553801,0.00039583802410862235,0.00025,2.2817055651103146e-05,8.23431158810854,3.7932233810424805
2,43,100,0,,,,0.005,,0.0,0.038467615842819214
2,43,100,10,0.0006891879020258784,0.000750938820419833,0.0008425634175746389,0.004883759226200989,5.876834984519519e-05,0.0828653872013092,0.07611727714538574
2,43,100,20,0.0006340048275887966,0.0006592097692191601,0.0007681121204681459,0.0045464153616405,5.065535515313968e-05,0.16487596929073334,0.11360802501440048
2,43,100,30,0.0005995691753923893,0.0006154056929517538,0.0007062064126761239,0.004020989974194624,4.558251384878531e-05,0.24788044393062592,0.15130265802145004
2,43,100,40,0.0005715321749448776,0.0005845827748998999,0.0006568684838415091,0.0033589153616404984,4.227475437801331e-05,0.3300597071647644,0.1890687197446823
2,43,100,50,0.0005537584656849504,0.00056186294532381,0.0006183804804891896,0.002624999999999997,4.009884287370369e-05,0.41237103939056396,0.2265317142009735
2,43,100,60,0.0005376402987167239,0.0005439507425762713,0.0005882654569748121,0.0018910846383594984,3.775964432861656e-05,0.4953577443957329,0.2642385736107826
2,43,100,70,0.0005256749573163688,0.0005321990407537669,0.0005655079846193922,0.0012290100258053754,3.5766839573625475e-05,0.5776055306196213,0.30186767131090164
2,43,100,80,0.0005204494809731841,0.0005231668415945024,0.0005484864803061802,0.0007035846383594995,3.344467404531315e-05,0.660380445420742,0.33934492617845535
2,43,100,90,0.0005166619666852057,0.000516229000641033,0.0005355225400054014,0.0003662407737990102,3.190517600160092e-05,0.7425258234143257,0.3770666718482971
2,43,100,100,0.0005095154629088938,0.0005121813446749002,0.0005261345349210551,0.00025,2.9981018087710254e-05,0.824690692126751,0.41448620706796646
2,43,200,0,,,,0.005,,0.0,0.03846120834350586
2,43,200,10,0.0006892472738400102,0.0007510168536100537,0.0008425976089559773,0.00497075980891345,5.894288551644422e-05,0.08287461847066879,0.07612330466508865
2,43,200,20,0.0006339619285427034,0.0006592917372472585,0.0007681648011416219,0.004883759226200987,5.0743376050377265e-05,0.16525547951459885,0.11355450004339218
2,43,200,30,0.0005999201675876975,0.0006155507871881127,0.0007062917955023008,0.00474114049494737,4.66042292828206e-05,0.24810349941253662,0.15108858793973923
2,43,200,40,0.000571336830034852,0.0005843499850016088,0.0006568266150867132,0.004546415361640498,4.451529821380973e-05,0.3299173042178154,0.1885937675833702
2,43,200,50,0.0005529469344764948,0.0005612264620140194,0.0006180913882875745,0.004304378605318047,4.298756903153844e-05,0.4119568541646004,0.2260468602180481
2,43,200,60,0.0005352578009478748,0.0005424881645012646,0.0005874795320054189,0.00402098997419462,4.152610563323833e-05,0.49428215622901917,0.26374451816082
2,43,200,70,0.0005210863309912384,0.0005288868735078723,0.0005636681470332894,0.003703227436881418,4.0723134588915855e-05,0.5763568431138992,0.30124300718307495
2,43,200,80,0.00051269237883389,0.0005168333940673619,0.0005447730307686987,0.0033589153616404932,3.9572307287016883e-05,0.6590844690799713,0.33881837129592896
2,43,200,90,0.0005043998826295137,0.0005057852133177221,0.0005290261715500308,0.0029965318544705405,3.820384881692007e-05,0.7412451356649399,0.3764287829399109
2,43,200,100,0.000490556238219142,0.0004962081788107753,0.0005157417210122548,0.002624999999999991,3.644077878561802e-05,0.8233862817287445,0.41393546015024185
2,43,200,110,0.00048624203191138804,0.0004893967212410644,0.0005051002418580983,0.0022534681455294425,3.510887472657487e-05,0.9053040146827698,0.45144587755203247
2,43,200,120,0.00048050947953015566,0.00048410291492473334,0.0004965252081481495,0.0018910846383594923,3.467788337729871e-05,0.9872074201703072,0.4888835623860359
2,43,200,130,0.0004796040302608162,0.00047724132309667766,0.0004888281479524673,0.0015467725631185703,3.328841194161214e-05,1.0691785588860512,0.5263725221157074
2,43,200,140,0.0004695763345807791,0.0004739762312965468,0.00048270845615063765,0.0012290100258053717,3.248955181334168e-05,1.151301272213459,0.5640384405851364
2,43,200,150,0.00046459457371383905,0.0004689253750257194,0.000477130757415347,0.0009456213946819462,3.132469282718375e-05,1.2335358634591103,0.6015018671751022
2,43,200,160,0.0004664333537220955,0.0004656460601836443,0.0004725021223361491,0.0007035846383594978,2.9665805413969792e-05,1.3160752952098846,0.6391088962554932
2,43,200,170,0.00046089381794445217,0.0004641328356228769,0.00046904377111631516,0.0005088595050526253,2.911209230660461e-05,1.398035891354084,0.6768025383353233
2,43,200,180,0.0004589212476275861,0.0004612003598595038,0.0004658493967951574,0.00036624077379900983,2.8871976610389538e-05,1.4805392175912857,0.7143316864967346
2,43,200,190,0.00046706292778253555,0.0004616136517142877,0.00046420934538060995,0.00027924019108654794,2.7927899282076396e-05,1.5627882853150368,0.7521052435040474
2,43,200,200,0.00046311889309436083,0.00045818032813258467,0.0004618267619535901,0.00025,2.817661516019143e-05,1.644923821091652,0.7895725890994072
2,43,300,0,,,,0.005,,0.0,0.03836153447628021
2,43,300,10,0.0006893704412505031,0.0007510311377700418,0.0008426050521756154,0.004986989501499649,5.901618715142831e-05,0.0827322006225586,0.07592125982046127
2,43,300,20,0.0006343449931591749,0.0006593991944100708,0.0007682170043298923,0.004948100551742787,5.0970313168363646e-05,0.16471702605485916,0.11335466057062149
2,43,300,30,0.0005999740678817034,0.0006156995194032788,0.0007063815960026003,0.004883759226200989,4.6673943870700896e-05,0.24760845303535461,0.15099253505468369
2,43,300,40,0.0005714759463444352,0.0005845231236889959,0.0006569431462753947,0.004794670461901176,4.4699074351228774e-05,0.32972198724746704,0.18870892375707626
2,43,300,50,0.000553133781068027,0.0005614299618173391,0.000618238166410753,0.004681810333988041,4.3438027205411345e-05,0.4120093658566475,0.2261151373386383
2,43,300,60,0.0005354636814445257,0.0005426557851023972,0.000587630286732731,0.004546415361640499,4.214132422930561e-05,0.49439775198698044,0.26369093358516693
2,43,300,70,0.0005215530400164425,0.0005293484486173838,0.0005639444433991561,0.00438996896050881,4.207667370792478e-05,0.5763873904943466,0.3011901155114174
2,43,300,80,0.0005133923841640353,0.0005176295933779329,0.0005452546939273715,0.004214185190102288,4.1288090869784355e-05,0.6591484025120735,0.33858510851860046
2,43,300,90,0.0005057075177319348,0.0005067291902378201,0.0005296962078059417,0.0040209899741946225,3.978556924266741e-05,0.7411814108490944,0.37637608498334885
2,43,300,100,0.000491574639454484,0.0004968690685927868,0.0005164024519158938,0.0038124999999999964,3.878601637552492e-05,0.8237331584095955,0.4138798490166664
2,43,300,110,0.00048665929352864623,0.0004901831183815375,0.0005058044290547749,0.00359099952730502,3.768068927456625e-05,0.9066790193319321,0.45147473365068436
2,43,300,120,0.0004807455698028207,0.00048453554045408965,0.0004971112681565019,0.0033589153616404932,3.787751484196633e-05,0.9886633902788162,0.4888866990804672
2,43,300,130,0.00047936823102645576,0.0004773484542965889,0.0004892134404535032,0.0031187902656921703,3.66912099707406e-05,1.0705647692084312,0.5263392478227615
2,43,300,140,0.00046884751645848155,0.0004736508271889761,0.0004827881655509895,0.0028732551002606677,3.6597186408471316e-05,1.1526920050382614,0.5638962164521217
2,43,300,150,0.00046233547618612647,0.0004674834955949336,0.00047657047622161563,0.0026249999999999893,3.550561086740345e-05,1.2347050905227661,0.6015299335122108
2,43,300,160,0.00046316429506987333,0.0004629232513252646,0.0004710525301485691,0.002376744899739311,3.436853512539528e-05,1.3174437880516052,0.6390167027711868
2,43,300,170,0.00045650952961295843,0.0004602312983479351,0.00046659132026264483,0.0021312097343078075,3.379140980541706e-05,1.399999350309372,0.6766723170876503
2,43,300,180,0.00045268828398548067,0.0004557310021482408,0.000462160784338378,0.001891084638359488,3.31402916344814e-05,1.481879472732544,0.7141310274600983
2,43,300,190,0.00045880721881985664,0.00045419481175486,0.00045899220059463696,0.001659000472694964,3.1933839636622e-05,1.564345046877861,0.7516667917370796
2,43,300,200,0.00045192314428277314,0.0004484590579522774,0.00045475445311920414,0.0014374999999999909,3.150326665490866e-05,1.6465463563799858,0.7895224466919899
2,43,300,210,0.0004470138519536704,0.0004460081865545362,0.00045121488588547,0.0012290100258053693,3.0415043511311524e-05,1.7290275990962982,0.8270530924201012
2,43,300,220,0.00044538365909829736,0.0004437859373865649,0.00044821009895564857,0.0010358148098977061,2.975743882416282e-05,1.8116677701473236,0.8665520623326302
2,43,300,230,0.00043888503569178283,0.00044287757482379674,0.0004460921342783982,0.0008600310394911841,2.9259810617077164e-05,1.8936996087431908,0.9041125625371933
2,43,300,240,0.00044165836879983544,0.0004394685412989929,0.0004434654868814606,0.0007035846383594969,2.8402086172718555e-05,1.9760042801499367,0.9416267946362495
2,43,300,250,0.0004405201761983335,0.000437938526738435,0.0004413005289794145,0.0005681896660119565,2.760900679277256e-05,2.0580294355750084,0.9794384688138962
2,43,300,260,0.00043891824316233397,0.00043934459681622685,0.00044056296465001175,0.00045532953809882177,2.7519097784534097e-05,2.140184372663498,1.0169967114925385
2,43,300,270,0.0004412485286593437,0.0004386507731396705,0.00043975570175635296,0.00036624077379900945,2.6780817279359326e-05,2.2231424525380135,1.0547074228525162
2,43,300,280,0.00043342242133803666,0.0004376288707135245,0.0004388264389122397,0.0003018994482572113,2.6993073333869688e-05,2.305189959704876,1.0925740227103233
2,43,300,290,0.00043412880040705204,0.0004371010989416391,0.0004380686778612129,0.0002630104985003508,2.620988743728958e-05,2.3874286711215973,1.1300357729196548
2,43,300,300,0.000434841844253242,0.00043570902198553085,0.0004371073536730303,0.00025,2.6069807063322514e-05,2.4699236527085304,1.1675911247730255
2,43,400,0,,,,0.005,,0.0,0.03854069113731384
2,43,400,10,0.0006893441313877702,0.0007510312716476619,0.0008426044149412854,0.004992678667616179,5.8959303714800626e-05,0.082785964012146,0.07609733939170837
2,43,400,20,0.0006340889958664775,0.0006593477039132268,0.0007681892811804639,0.004970759808913452,5.0947786803590134e-05,0.16544897109270096,0.1135183647274971
2,43,400,30,0.0005997759290039539,0.0006156472896691412,0.0007063459666481425,0.0049343785609444815,4.6475452109007165e-05,0.24748148769140244,0.15111853927373886
2,43,400,40,0.0005713305436074734,0.0005844402592629194,0.0006568899162918349,0.00488375922620099,4.468122642720118e-05,0.3293854370713234,0.18860958516597748
2,43,400,50,0.0005531981587409973,0.0005614735593553633,0.0006182285461473166,0.004819213889714307,4.3844618630828336e-05,0.41149815917015076,0.22610530257225037
2,43,400,60,0.0005354839377105236,0.0005427841562777758,0.0005876761268360541,0.004741140494947374,4.246042590239085e-05,0.4937383830547333,0.2639834135770798
2,43,400,70,0.0005216961726546288,0.0005294934962876141,0.0005640394353273813,0.00465002039034097,4.2266619857400656e-05,0.5757792741060257,0.301362581551075
2,43,400,80,0.0005136234685778618,0.000517656933516264,0.0005453266751404212,0.0045464153616404995,4.179202005616389e-05,0.6589132323861122,0.339017316699028
2,43,400,90,0.0005057947710156441,0.000506993499584496,0.0005298506286217926,0.004430964168300072,4.069680653628893e-05,0.7411262914538383,0.3765045404434204
2,43,400,100,0.0004919484490528703,0.0004974284616764635,0.0005167216546403137,0.0043043786053180485,4.004796937806532e-05,0.8233058676123619,0.41401325166225433
2,43,400,110,0.0004874179430771619,0.0004906408197712153,0.000506180427175364,0.004167439114784184,3.891890446539037e-05,0.9057838171720505,0.4516442343592644
2,43,400,120,0.0004818331217393279,0.0004853368416661397,0.0004976655095356882,0.004020989974194618,3.9164162444649264e-05,0.9878020882606506,0.48916490375995636
2,43,400,130,0.0004797277506440878,0.0004784559307154268,0.0004899789170589731,0.0038659340912003733,3.813182411249727e-05,1.070652760565281,0.5266669020056725
2,43,400,140,0.00046946838847361505,0.00047460127098020166,0.00048362031187798875,0.0037032274368814155,3.815121090156026e-05,1.1526324599981308,0.5643688961863518
2,43,400,150,0.0004636672674678266,0.0004686550033511594,0.0004775429072523453,0.003533873151867078,3.762330743484199e-05,1.234438993036747,0.601735308766365
2,43,400,160,0.0004650930059142411,0.00046428798232227563,0.0004721942910776833,0.003358915361640489,3.666080374387093e-05,1.3176297098398209,0.6394402161240578
2,43,400,170,0.00045779021456837654,0.0004616859136149287,0.00046785478557050353,0.003179432739157763,3.6117828130954877e-05,1.3998562842607498,0.677000105381012
2,43,400,180,0.0004540241206996143,0.00045694601722061633,0.0004634071910312471,0.0029965318544705353,3.601204662118107e-05,1.4819711744785309,0.7145710363984108
2,43,400,190,0.0004593554185703397,0.00045520199346356095,0.00046012951263447896,0.0028113403523536192,3.4516462619649246e-05,1.565048985183239,0.7523268759250641
2,43,400,200,0.0004521325172390789,0.00044922106026206164,0.0004557315272529441,0.002624999999999986,3.4311327908653766e-05,1.6470701023936272,0.7897437363862991
2,43,400,210,0.0004467993276193738,0.0004465390724362805,0.0004520009514301874,0.0024386596476463534,3.355921580805443e-05,1.7297694757580757,0.8271997570991516
2,43,400,220,0.00044521709787659347,0.00044375451980158684,0.00044866825728037685,0.0022534681455294346,3.29559734382201e-05,1.811660647392273,0.8650247231125832
2,43,400,230,0.0004381326725706458,0.0004421692865435034,0.0004460566905390772,0.002070567260842208,3.273755282862112e-05,1.8941471204161644,0.9024892449378967
2,43,400,240,0.0004400555044412613,0.0004380379104986787,0.0004428657800570959,0.0018910846383594865,3.172309516230598e-05,1.9767196998000145,0.9400605037808418
2,43,400,250,0.00043751602061092854,0.0004359190992545336,0.0004401106259511809,0.0017161268481328997,3.104429197264835e-05,2.0587200671434402,0.9777985066175461
2,43,400,260,0.00043634031317196786,0.0004368720226921141,0.00043884644202288477,0.0015467725631185653,3.094172279816121e-05,2.1416758969426155,1.015334129333496
2,43,400,270,0.0004375003627501428,0.00043518165475688877,0.0004373192781607141,0.001384065908799612,3.0008439352968708e-05,2.224039100110531,1.05312130600214
2,43,400,280,0.0004290606011636555,0.00043343490979168563,0.0004356756794585051,0.001229010025805368,3.028342325706035e-05,2.306245945394039,1.090690329670906
2,43,400,290,0.00042906380258500576,0.00043197570485062895,0.00043411907280686265,0.001082560885215807,2.8936166927451268e-05,2.389400787651539,1.1282768324017525
2,43,400,300,0.00042833329644054174,0.0004296502738725394,0.0004322946170139053,0.000945621394681944,2.8395699700922705e-05,2.471483640372753,1.165816567838192
2,43,400,310,0.000427799008321017,0.000429247145075351,0.0004310334718994731,0.0008190358316999218,2.7404161301092245e-05,2.5536255538463593,1.2033665031194687
2,43,400,320,0.000429424864705652,0.00042818887450266627,0.0004299230436271663,0.0007035846383594963,2.7061023502028547e-05,2.6357284113764763,1.2409412562847137
2,43,400,330,0.00042481650598347187,0.00042511147039476783,0.00042798342186372944,0.0005999796096590286,2.651381873874925e-05,2.7181748375296593,1.2792273312807083
2,43,400,340,0.00042191531974822283,0.0004249744612025097,0.00042672399673528133,0.0005088595050526241,2.648873305588495e-05,2.8005213886499405,1.3167767897248268
2,43,400,350,0.00042176584247499704,0.0004240158334141597,0.0004256310933599636,0.00043078611028569286,2.6214200261165388e-05,2.883515276014805,1.3544114753603935
2,43,400,360,0.00042583441245369613,0.0004249694669852033,0.0004253706722723271,0.00036624077379900923,2.5834733605734073e-05,2.965548597276211,1.392105907201767
2,43,400,370,0.0004270830540917814,0.00042359892977401615,0.0004246737762608216,0.00031562143905551756,2.576208316895645e-05,3.0480442866683006,1.4295934364199638
2,43,400,380,0.00042571566882543266,0.00042208804516121747,0.00042365856107915546,0.0002792401910865478,2.477840280334931e-05,3.130492351949215,1.4673484042286873
2,43,400,390,0.0004204728174954653,0.00042366829584352674,0.0004236729861813372,0.00025732133238382107,2.5202038159477524e-05,3.21285517513752,1.5050358921289444
2,43,400,400,0.00042644719360396266,0.00042151003144681455,0.00042282646055537347,0.00025,2.5556108084856533e-05,3.295796148478985,1.542633667588234
2,43,500,0,,,,0.005,,0.0,0.03862832486629486
2,43,500,10,0.0006893485551699996,0.0007510384661145508,0.0008426078431975054,0.004995313480017145,5.905422949581407e-05,0.08305633813142776,0.07636279612779617
2,43,500,20,0.0006346353329718113,0.0006595020706299693,0.0007682659064346701,0.004981272415621885,5.086195596959442e-05,0.1657000482082367,0.1141604334115982
2,43,500,30,0.0005997568368911743,0.0006155671027954668,0.0007063558950627009,0.004957932220480637,4.645515946322121e-05,0.24832291156053543,0.1517665609717369
2,43,500,40,0.0005716400919482112,0.0005844820232596248,0.00065691275818026,0.004925385007680501,4.476997128222138e-05,0.33042676746845245,0.18947561085224152
2,43,500,50,0.0005535038653761148,0.0005615081521682441,0.0006182526549901235,0.004883759226200992,4.3674608605215326e-05,0.4132450595498085,0.22717604041099548
2,43,500,60,0.0005358163616620004,0.0005430576566141099,0.0005878039072966118,0.004833219153984597,4.27413651777897e-05,0.49546539783477783,0.26499997824430466
2,43,500,70,0.000521499605383724,0.0005295968905556947,0.0005641499321617054,0.0047739642496067965,4.22019547841046e-05,0.5779192224144936,0.30243437737226486
2,43,500,80,0.0005136507679708302,0.0005174505291506648,0.000545311220308612,0.004706228365104177,4.2015351937152445e-05,0.6608033031225204,0.34063131362199783
2,43,500,90,0.0005061170668341219,0.0005071621737442911,0.0005299112917790196,0.004630278823067287,4.082373925484717e-05,0.7430434077978134,0.3784228563308716
2,43,500,100,0.0004926836118102074,0.0004977105301804841,0.0005168783709346503,0.004546415361640501,4.008211544714868e-05,0.8253777772188187,0.41592230647802353
2,43,500,110,0.00048816451453603804,0.0004912764357868582,0.0005065310279915215,0.0044549689515925,3.923534313798882e-05,0.9076615273952484,0.45377353578805923
2,43,500,120,0.00048254395369440317,0.0004861774010350928,0.0004982158317184561,0.004356300490125853,3.953557097702287e-05,0.9900462925434113,0.4914298877120018
2,43,500,130,0.0004806801152881235,0.000479292351519689,0.0004906508357140359,0.004250799376580636,3.87710751965642e-05,1.0729555264115334,0.5290275365114212
2,43,500,140,0.000470570259494707,0.00047579151287209244,0.0004845073417270415,0.004138881975653138,3.880573785863817e-05,1.15515498816967,0.5666900500655174
2,43,500,150,0.0004652367497328669,0.00047005768865346906,0.00047864228732142126,0.004020989974194622,3.852142617688514e-05,1.2373329177498817,0.6043389514088631
2,43,500,160,0.00046597036998718977,0.0004655749449739233,0.0004733640071077097,0.0038975886380751106,3.7829573557246476e-05,1.319441743195057,0.641998179256916
2,43,500,170,0.0004595074278768152,0.00046319876273628326,0.0004691615291509906,0.0037691649759915647,3.732926052180119e-05,1.4014518335461617,0.679489828646183
2,43,500,180,0.0004552417085506022,0.0004586697381455451,0.00046488366101806534,0.0036362258174670375,3.7100311601534486e-05,1.483751729130745,0.7170137763023376
2,43,500,190,0.0004612946941051632,0.0004569912125589326,0.0004617409488954468,0.003499295812626098,3.5986333386972547e-05,1.5661691650748253,0.7548582628369331
2,43,500,200,0.0004541881789918989,0.0004512110666837543,0.0004574958897520934,0.0033589153616404863,3.6160934541840106e-05,1.6483506262302399,0.7925203442573547
2,43,500,210,0.0004485204117372632,0.00044851506245322523,0.0004538494241730169,0.003215638482016514,3.529877358232625e-05,1.7312664166092873,0.8302050530910492
2,43,500,220,0.00044684228487312794,0.00044541497190948577,0.0004504413788481953,0.0030700306221410787,3.488039874355309e-05,1.8135257959365845,0.8679557889699936
2,43,500,230,0.0004401630430947989,0.00044410895789042114,0.0004478919732283037,0.0029226664297152035,3.499676677165553e-05,1.8959397748112679,0.9054871946573257
2,43,500,240,0.00044175938819535077,0.00043962120835203675,0.0004446079600422609,0.002774127483882098,3.37811179633718e-05,1.978762723505497,0.9432577714323997
2,43,500,250,0.0004388899833429605,0.00043744180293288083,0.0004417608483609678,0.002624999999999979,3.318734889035113e-05,2.0608634054660797,0.9808734506368637
2,43,500,260,0.0004379544989205897,0.0004382246290333569,0.0004403797770858915,0.00247587251611786,3.3454474760219455e-05,2.1436845138669014,1.018465742468834
2,43,500,270,0.00043869862565770745,0.00043657862115651367,0.0004387949860381351,0.0023273335702847535,3.244341860408895e-05,2.22590708732605,1.056241124868393
2,43,500,280,0.00043016657582484186,0.00043452292738948016,0.00043699306912778774,0.0021799693778588774,3.290077074780129e-05,2.307856723666191,1.0937811732292175
2,43,500,290,0.00043022469617426395,0.0004326985508669168,0.00043520145007130306,0.0020343615179834454,3.180478233844042e-05,2.3906266167759895,1.1313286274671555
2,43,500,300,0.0004286319308448583,0.0004301068023778498,0.00043311481084817307,0.0018910846383594765,3.101208494626917e-05,2.4727742448449135,1.1690550819039345
2,43,500,310,0.00042763532837852836,0.000429270975291729,0.0004315261137129018,0.0017507041873738687,3.036170164705254e-05,2.5551364198327065,1.2065462544560432
2,43,500,320,0.00042877369560301304,0.0004277712752809748,0.00043004312307396743,0.0016137741825329329,2.96403140964685e-05,2.637859992682934,1.2441581264138222
2,43,500,330,0.0004237482789903879,0.00042440350516699256,0.0004277593617784465,0.0014808350240084096,2.947405846498441e-05,2.719839781522751,1.2817624434828758
2,43,500,340,0.0004201033152639866,0.00042386046261526643,0.00042613105940320165,0.001352411361924868,2.934654003183823e-05,2.8026489093899727,1.3193364217877388
2,43,500,350,0.0004199740942567587,0.0004225624987157062,0.00042468520373586407,0.0012290100258053628,2.8922551791765727e-05,2.8852681294083595,1.3571066781878471
2,43,500,360,0.0004238426045048982,0.0004228976089507341,0.00042397083835332916,0.0011111180243468495,2.8506930902949534e-05,2.9676134288311005,1.3945935741066933
2,43,500,370,0.00042333139572292566,0.00042106185283046215,0.00042279501950607997,0.0009992006234193546,2.8120168281020597e-05,3.050492972135544,1.432151898741722
2,43,500,380,0.00042322403169237077,0.0004192452848656103,0.00042139890549843027,0.0008936995098741384,2.746501559158787e-05,3.1325238794088364,1.4697319567203522
2,43,500,390,0.0004169727908447385,0.0004203179880278185,0.0004209804892281129,0.0007950310484074932,2.7476678951643407e-05,3.2152711674571037,1.5072841495275497
2,43,500,400,0.0004232006031088531,0.0004180864372756332,0.00041983916294059513,0.0007035846383594937,2.6975600121659227e-05,3.2976479083299637,1.545042335987091
2,43,500,410,0.00041606317972764373,0.00041723246686160566,0.0004187821078794117,0.0006197211769327091,2.63185484072892e-05,3.379720114171505,1.5825451985001564
2,43,500,420,0.00042034039506688714,0.00041777217702474443,0.0004183832426846952,0.0005437716348958199,2.591510747151915e-05,3.4625887274742126,1.6201288029551506
2,43,500,430,0.00041207479080185294,0.00041582340199965986,0.000417393921424536,0.0004760357503932009,2.586247501312755e-05,3.544623076915741,1.6576052159070969
2,43,500,440,0.00041389011312276125,0.0004159653268288821,0.0004168090076573531,0.00041678084601540037,2.523535476939287e-05,3.6266439259052277,1.695127934217453
2,43,500,450,0.0004139154334552586,0.00041534387855790555,0.0004162034598544802,0.0003662407737990087,2.558902997407131e-05,3.70869467407465,1.7326809540390968
2,43,500,460,0.00041722983587533236,0.00041556077194400133,0.0004159950241526268,0.00032461499231950015,2.4635790396132506e-05,3.790729470551014,1.7704545259475708
2,43,500,470,0.00041391124250367284,0.00041483775130473076,0.000415550100654954,0.0002920677795193637,2.481819137756247e-05,3.8733159750699997,1.8079628869891167
2,43,500,480,0.0004168246523477137,0.0004143617959925905,0.0004150985324689411,0.00026872758437811503,2.4752685931161977e-05,3.955966241657734,1.8457057178020477
2,43,500,490,0.0004127511056140065,0.0004142841178691015,0.0004148121109954894,0.00025468651998285496,2.426193532301113e-05,4.038065701723099,1.8833187744021416
2,43,500,500,0.00041252863593399525,0.00041399473266210405,0.0004144193931268363,0.00025,2.412596222711727e-05,4.120895177125931,1.9206958413124084
2,43,600,0,,,,0.005,,0.0,0.03845154494047165
2,43,600,10,0.0006892763776704669,0.0007510353345423937,0.0008426059982053483,0.004996745145042113,5.904682257096283e-05,0.0828634649515152,0.07609301805496216
2,43,600,20,0.0006339019164443016,0.0006593380530830473,0.0007681899214641728,0.0049869895014996515,5.076828529126942e-05,0.16520646214485168,0.11360474675893784
2,43,600,30,0.0006000600988045335,0.0006156275398097932,0.0007063396920428784,0.004970759808913455,4.671803617384285e-05,0.24810095131397247,0.15136811137199402
2,43,600,40,0.0005714137805625796,0.0005845857202075421,0.0006569392242447557,0.004948100551742791,4.495652683544904e-05,0.33024972677230835,0.18898475170135498
2,43,600,50,0.0005537064280360937,0.0005617426941171288,0.0006183686527270955,0.004919073837436538,4.409077519085258e-05,0.4131440073251724,0.22642357647418976
2,43,600,60,0.0005355100147426128,0.0005430154211353511,0.0005878527569665719,0.00488375922620099,4.280319990357384e-05,0.49555654078722,0.2641931399703026
2,43,600,70,0.0005219904705882072,0.000529646291397512,0.0005642059220783441,0.0048422535129308535,4.2643125198083e-05,0.5779396891593933,0.3018653839826584
2,43,600,80,0.0005139389541000128,0.000517831981414929,0.0005455025811730203,0.004794670461901176,4.2265968659194186e-05,0.6610352247953415,0.3394559323787689
2,43,600,90,0.0005066909943707287,0.0005076619912870228,0.0005302227712656717,0.004741140494947373,4.1161663830280304e-05,0.7430209964513779,0.37718965113162994
2,43,600,100,0.0004929197020828724,0.000498129363404587,0.0005172295855553426,0.004681810333988041,4.0588336560176685e-05,0.8254850134253502,0.41470371931791306
2,43,600,110,0.000488588004373014,0.0004917434969684109,0.0005069240233215819,0.004616842598870382,3.9678881876170635e-05,0.9081790745258331,0.45239657908678055
2,43,600,120,0.00048303918447345495,0.00048660453176125885,0.0004986215036695944,0.0045464153616404995,3.989081596955657e-05,0.9902683645486832,0.4901909828186035
2,43,600,130,0.0004817594599444419,0.00047991207102313636,0.0004911418064605731,0.004470721658460307,3.9186477806651965e-05,1.0731038302183151,0.5277446657419205
2,43,600,140,0.00047148606972768903,0.00047654289519414304,0.00048510674375722634,0.004389968960508812,3.9543549064546824e-05,1.1551507338881493,0.5653504803776741
2,43,600,150,0.00046622747322544456,0.00047090305015444754,0.00047934275512376783,0.004304378605318053,3.922837277059443e-05,1.2372477650642395,0.6028667166829109
2,43,600,160,0.0004670856287702918,0.00046671400777995584,0.00047423753901697056,0.00421418519010229,3.852667214232497e-05,1.3194208592176437,0.6403599679470062
2,43,600,170,0.0004609032184816897,0.0004643058113288134,0.0004701366930358645,0.004119635928743364,3.806675158557482e-05,1.40155877918005,0.6780133098363876
2,43,600,180,0.00045703505747951567,0.00045998090936336664,0.00046599711324926246,0.004020989974194621,3.801465572905727e-05,1.483961746096611,0.7155647352337837
2,43,600,190,0.00046269700396806,0.0004582482361001894,0.0004629150704218407,0.003918517708160683,3.668091812869534e-05,1.566973328590393,0.7532968074083328
2,43,600,200,0.00045539386337623,0.00045254297438077626,0.0004587310313989636,0.0038124999999999912,3.6919645935995504e-05,1.6490286737680435,0.7910133376717567
2,43,600,210,0.0004503441450651735,0.00044996720098424705,0.0004551782728940619,0.003703227436881412,3.6199649912305176e-05,1.7316853404045105,0.8286265060305595
2,43,600,220,0.00044866689131595194,0.0004470499494345859,0.0004518998793762249,0.003590999527305013,3.619485141825862e-05,1.8141503632068634,0.8664116933941841
2,43,600,230,0.0004418077878654003,0.00044564952549990265,0.00044937691494804276,0.0034761238801700733,3.614111483329907e-05,1.897497534751892,0.9040069431066513
2,43,600,240,0.000443521625129506,0.0004413531481986865,0.00044618911680350485,0.0033589153616404837,3.525166175677441e-05,1.9804133549332619,0.9415795207023621
2,43,600,250,0.0004408970708027482,0.0004391108494019136,0.00044337774100672555,0.0032396952321184693,3.4745906305033714e-05,2.062731832265854,0.979301430284977
2,43,600,260,0.0004399336758069694,0.0004400875332066789,0.00044209543695803566,0.00311879026569216,3.475682024145499e-05,2.145099498331547,1.0169001817703247
2,43,600,270,0.00044015905587002635,0.00043813408410642296,0.000440444764055615,0.0029965318544705275,3.407672920729965e-05,2.2277271822094917,1.0547000989317894
2,43,600,280,0.0004320300358813256,0.00043613674642983824,0.000438630436628025,0.0028732551002606556,3.438165731495246e-05,2.30997870862484,1.0922918170690536
2,43,600,290,0.00043187991832382977,0.0004343712062109262,0.00043685391264716657,0.002749297896076969,3.371882121427916e-05,2.3925197795033455,1.1298521906137466
2,43,600,300,0.0004298532730899751,0.0004315201687859371,0.0004346720495864786,0.0026249999999999746,3.2907330023590475e-05,2.4749035462737083,1.1674933359026909
2,43,600,310,0.00042883650166913867,0.0004307191033149138,0.00043303096578002035,0.0025007021039229835,3.226338958484121e-05,2.5571545138955116,1.2050332129001617
2,43,600,320,0.00043023566831834614,0.0004292446072213352,0.00043153751656711977,0.002376744899739297,3.1928575481288135e-05,2.63981032371521,1.2427498325705528
2,43,600,330,0.0004247741890139878,0.00042584463953971864,0.00042922276495215543,0.002253468145529425,3.150124757667072e-05,2.7219040766358376,1.2804281413555145
2,43,600,340,0.00042126080370508134,0.00042508551268838346,0.0004274954937801979,0.002131209734307794,3.1505882361670956e-05,2.804542899131775,1.3179644048213959
2,43,600,350,0.00042092305375263095,0.0004236152773955837,0.0004259251869974457,0.002010304767881488,3.116718289675191e-05,2.887077882885933,1.3557440340518951
2,43,600,360,0.00042496284004300833,0.0004237472923705354,0.000425060222620577,0.0018910846383594763,3.0777158826822415e-05,2.9692194685339928,1.3932444751262665
2,43,600,370,0.00042373972246423364,0.00042167953215539456,0.00042367953503612927,0.0017738761198298906,3.024660691153258e-05,3.052209474146366,1.4308824241161346
2,43,600,380,0.00042360168299637735,0.00041970708698499946,0.00042210115752517105,0.0016590004726949538,2.9543511118390597e-05,3.1344893649220467,1.4685492888092995
2,43,600,390,0.00041735454578883946,0.0004205650970106944,0.0004214990124753273,0.0015467725631185573,3.0268554837675765e-05,3.217038542032242,1.5061099380254745
2,43,600,400,0.00042356335325166583,0.00041826733504422007,0.00042022433976231943,0.0014374999999999822,2.945119013020303e-05,3.3000346273183823,1.5438966825604439
2,43,600,410,0.00041540968231856823,0.00041697000851854683,0.00041889722153142206,0.001331482291839296,2.8917780582560226e-05,3.382120318710804,1.581471510231495
2,43,600,420,0.0004194385255686939,0.0004172410757746547,0.00041823480897817673,0.001229010025805363,2.8258280508453026e-05,3.464168667793274,1.6189969703555107
2,43,600,430,0.00041073240572586656,0.0004151564731728286,0.0004170269739364637,0.0011303640712566243,2.8297858079895377e-05,3.546253025531769,1.6566768661141396
2,43,600,440,0.00041320902528241277,0.0004150944645516574,0.00041623779409249165,0.0010358148098977011,2.7310319637763314e-05,3.6284132674336433,1.694112353026867
2,43,600,450,0.00041212461655959487,0.00041410185222048315,0.0004153482926178259,0.0009456213946819407,2.773497544694692e-05,3.711367093026638,1.731719359755516
2,43,600,460,0.0004152587498538196,0.00041401124908588824,0.0004148489974603792,0.0008600310394911803,2.6643094315659255e-05,3.7937391623854637,1.769452340900898
2,43,600,470,0.00041208008769899607,0.0004129768843995407,0.00041411360126730176,0.0007792783415396872,2.6717929358710535e-05,3.8761691600084305,1.8069890663027763
2,43,600,480,0.0004142319958191365,0.0004120601632166654,0.0004133057015111981,0.0007035846383594942,2.6562101993476972e-05,3.9591169133782387,1.8445629999041557
2,43,600,490,0.0004101343220099807,0.0004116237221751362,0.00041266656620584643,0.0006331574011296133,2.584996218502056e-05,4.0411717519164085,1.882100261747837
2,43,600,500,0.0004091263690497726,0.00041123586997855456,0.00041202052360174587,0.0005681896660119545,2.5505811208859086e-05,4.124130316078663,1.9196762293577194
2,43,600,510,0.00040774617809802294,0.00041099060908891263,0.00041154819182959976,0.0005088595050526232,2.5032690246007405e-05,4.206496082246304,1.9574084430932999
2,43,600,520,0.0004103790852241218,0.0004110001143999398,0.0004113572355148691,0.0004553295380988207,2.5413417461095378e-05,4.2887115478515625,1.9948695600032806
2,43,600,530,0.0004082953673787415,0.00041120173409581184,0.0004112414385689449,0.000407746487069144,2.4404595023952425e-05,4.371379517018795,2.0323211178183556
2,43,600,540,0.0004116387863177806,0.0004092407820280641,0.0004104364788058853,0.000366240773799009,2.41121269937139e-05,4.453345842659473,2.0697567611932755
2,43,600,550,0.00041146582225337625,0.0004099662386579439,0.00041024422963591574,0.0003309261625634618,2.4599434254923835e-05,4.535774439573288,2.107159562408924
2,43,600,560,0.00040968693792819977,0.0004093484865734354,0.00040983540709706867,0.00030189944825721114,2.422417855996173e-05,4.618127129971981,2.144798457622528
2,43,600,570,0.0004091554437763989,0.0004084299347596243,0.0004092390995097992,0.00027924019108654767,2.4143488190020435e-05,4.700070060789585,2.1823578402400017
2,43,600,580,0.0004070553695783019,0.00041004770901054144,0.00040952524791955884,0.00026301049850035074,2.3964445063029416e-05,4.782657437026501,2.219898961484432
2,43,600,590,0.00040678607183508575,0.00040882910252548754,0.0004092388407247624,0.0002532548549578871,2.428256266284734e-05,4.864971853792667,2.2575578466057777
2,43,600,600,0.00040635018376633525,0.0004089479363756254,0.0004091022648830276,0.00025,2.390594636381138e-05,4.9473161697387695,2.2950350269675255
2,43,700,0,,,,0.005,,0.0,0.038389742374420166
2,43,700,10,0.000689321372192353,0.0007510366558562964,0.0008426069320980429,0.004997608533035624,5.900118776480667e-05,0.08279978483915329,0.07590946555137634
2,43,700,20,0.0006339396350085735,0.0006592894671484828,0.0007681691073509547,0.004990438948238695,5.085084558231756e-05,0.16480888426303864,0.11337962001562119
2,43,700,30,0.000600236002355814,0.0006156871851999313,0.0007063575724318836,0.004978505684198846,4.659037585952319e-05,0.2468995898962021,0.15104009956121445
2,43,700,40,0.0005716038285754621,0.0005846910760737955,0.0006569990143215498,0.004961832772921746,4.490349238039926e-05,0.3289928510785103,0.18871239572763443
2,43,700,50,0.0005536515382118523,0.0005616840557195246,0.000618385588638155,0.004940453791431832,4.4091633753851056e-05,0.4116753712296486,0.22620272636413574
2,43,700,60,0.0005359317874535918,0.0005430465564131737,0.0005878760597277543,0.004914411794152653,4.2748506530188024e-05,0.4941665455698967,0.2640078589320183
2,43,700,70,0.0005219236481934786,0.0005296781368087977,0.0005642306256816302,0.004883759226200991,4.2526684410404414e-05,0.5760903283953667,0.3016524016857147
2,43,700,80,0.0005139799322932959,0.0005180469539482147,0.0005456007578035314,0.004848557817769377,4.218268077238463e-05,0.6590373367071152,0.3392040431499481
2,43,700,90,0.0005064774304628372,0.0005075973749626428,0.0005302573915793279,0.004808878459809697,4.131922833039425e-05,0.7411568239331245,0.3770137429237366
2,43,700,100,0.0004932583542540669,0.0004982237471267581,0.0005172978339318397,0.0047648010612682465,4.081225415575318e-05,0.8236219733953476,0.4145474210381508
2,43,700,110,0.0004887226969003677,0.0004918688297038898,0.0005070226191509689,0.004716414388159756,3.9757240301696584e-05,0.9064035043120384,0.4522591382265091
2,43,700,120,0.00048324003000743687,0.0004867972107604146,0.0004987586535999072,0.004663815884804437,3.9924860175233334e-05,0.9884588122367859,0.4899816960096359
2,43,700,130,0.0004816958971787244,0.0004801436647539958,0.0004913143420126403,0.004607111477588099,3.927427314920351e-05,1.0711328238248825,0.5276004150509834
2,43,700,140,0.0004721222212538123,0.00047692227526567875,0.000485366474776984,0.004546415361640505,3.962970367865637e-05,1.1534248366951942,0.5654940232634544
2,43,700,150,0.0004668483161367476,0.0004714934359071776,0.0004797347577949174,0.004481849770861575,3.922160613001324e-05,1.2357938587665558,0.6032516956329346
2,43,700,160,0.00046784518053755164,0.0004672774579375982,0.0004747009927013855,0.004413544731758579,3.88234002457466e-05,1.3189997896552086,0.6410381719470024
2,43,700,170,0.00046127522364258766,0.0004650832444895059,0.0004707279432866593,0.004341637801590058,3.844046295853332e-05,1.401157096028328,0.6787548363208771
2,43,700,180,0.00045768095878884196,0.0004606573726050556,0.0004666225245999008,0.004266273791343808,3.8353813579306006e-05,1.4835476353764534,0.7165591642260551
2,43,700,190,0.0004636011435650289,0.0004592221404891461,0.0004636785364414767,0.0041876044741068225,3.705554627231322e-05,1.5659369006752968,0.7545522302389145
2,43,700,200,0.0004565186391118914,0.0004537357162917033,0.00045967200628306115,0.004105788279414497,3.7759436963824555e-05,1.6481813713908195,0.79215457290411
2,43,700,210,0.00045151892118155956,0.0004512127459747717,0.0004562333365735071,0.004020989974194624,3.6996851122239605e-05,1.731132872402668,0.8298855423927307
2,43,700,220,0.0004496990586631,0.0004485300363739952,0.0004531140335862452,0.003933380330948743,3.647631092462689e-05,1.8133219555020332,0.8675674051046371
2,43,700,230,0.00044341105967760086,0.00044709296198561785,0.0004506921912551215,0.003843135783839026,3.7157817132538185e-05,1.8956259563565254,0.9051207900047302
2,43,700,240,0.0004455549060367048,0.0004430384433362633,0.0004476548821034684,0.0037504380733733673,3.601422213250771e-05,1.9782998338341713,0.9428858086466789
2,43,700,250,0.00044204655569046736,0.0004406924155773595,0.00044488858203471757,0.003655473880404196,3.528104207362048e-05,2.0602970495820045,0.980496421456337
2,43,700,260,0.00044214160880073905,0.0004418036638526246,0.00044369707472598045,0.0035584344501780616,3.5847584513248876e-05,2.1429368183016777,1.0180914252996445
2,43,700,270,0.00044178974349051714,0.00043996771273668855,0.0004421390081622241,0.003459515207193181,3.490237577352673e-05,2.225446917116642,1.055741660296917
2,43,700,280,0.0004335710546001792,0.0004379477963084355,0.0004403644353797677,0.0033589153616404915,3.5564957215683535e-05,2.307382859289646,1.0932496711611748
2,43,700,290,0.0004336481215432286,0.0004360313731012866,0.0004385575681464816,0.0032568375082208416,3.4974229492945597e-05,2.389482520520687,1.1308370530605316
2,43,700,300,0.00043167907278984785,0.0004334862052928656,0.0004364802413135819,0.003153487218146233,3.4254917409271e-05,2.471566930413246,1.1685339584946632
2,43,700,310,0.0004306519404053688,0.00043251606984995306,0.0004348409866129134,0.003049072625146745,3.354976433911361e-05,2.5536436438560486,1.2060709595680237
2,43,700,320,0.000432015978731215,0.00043094650900457057,0.00043330054251906663,0.002943804006316912,3.310028478153981e-05,2.6365798264741898,1.2437034621834755
2,43,700,330,0.0004266791802365333,0.0004276226041838527,0.0004309900137690954,0.002837893358645634,3.322875636513345e-05,2.718564346432686,1.2813556119799614
2,43,700,340,0.0004231075872667134,0.0004267433745553717,0.0004292203682824137,0.002731553972082453,3.3227071980945766e-05,2.8007737770676613,1.3189084380865097
2,43,700,350,0.0004226991441100836,0.0004252995946444571,0.00042763158620740384,0.002624999999999979,3.303644552943297e-05,2.8834428191184998,1.3565909415483475
2,43,700,360,0.0004264552262611687,0.0004254171246429905,0.00042675079998334676,0.002518446027917505,3.263314283685759e-05,2.9654029086232185,1.3942009583115578
2,43,700,370,0.0004252095241099596,0.00042337620980106296,0.00042536983602210217,0.0024121066413543227,3.2308449590345845e-05,3.0479844734072685,1.431778185069561
2,43,700,380,0.00042538216803222895,0.0004214066284475848,0.0004237965861909711,0.0023061959936830434,3.151478449581191e-05,3.1304044127464294,1.4694580882787704
2,43,700,390,0.0004190535400994122,0.0004220176109811291,0.0004231075374295829,0.0022009273748532132,3.202260995749384e-05,3.212346166372299,1.5069740489125252
2,43,700,400,0.0004248164186719805,0.00041970431630034,0.00042175982730527166,0.00209651278185373,3.0955387046560645e-05,3.2951791509985924,1.544577144086361
2,43,700,410,0.00041688253986649215,0.00041826583619695155,0.000420337305897188,0.001993162491779124,3.075308632105589e-05,3.376923993229866,1.5821034088730812
2,43,700,420,0.00042082532308995724,0.0004184553865343332,0.00041958984589829276,0.0018910846383594791,3.053660111618228e-05,3.459161676466465,1.6196801587939262
2,43,700,430,0.0004119912628084421,0.0004162226978223771,0.0004182707116958727,0.0017904847928067915,3.027264574484434e-05,3.5416967943310738,1.657369688153267
2,43,700,440,0.0004140955279581249,0.0004160422133281827,0.0004173532861776728,0.0016915655498219127,2.9493437978089787e-05,3.623684197664261,1.6950003430247307
2,43,700,450,0.000413074332755059,0.00041497301717754456,0.0004163654569929511,0.0015945261195957825,2.9808914405293763e-05,3.7061994820833206,1.7325568497180939
2,43,700,460,0.0004156131763011217,0.0004146453720750287,0.0004157043521310808,0.0014995619266266122,2.8924296202603728e-05,3.7886123433709145,1.7703339010477066
2,43,700,470,0.000412337074521929,0.0004135300114285201,0.0004148435570281819,0.0014068642161609581,2.8615348128369078e-05,3.8708885610103607,1.8078806921839714
2,43,700,480,0.00041413772851228714,0.00041232847434002906,0.0004138487829687518,0.0013166196690512426,2.8796006517950445e-05,3.953631103038788,1.8455408066511154
2,43,700,490,0.00040998554322868586,0.0004117518285056576,0.00041302947414495266,0.0012290100258053637,2.8151100195827894e-05,4.035693466663361,1.8833141699433327
2,43,700,500,0.00040923693450167775,0.0004113805538509041,0.0004122879446834697,0.0011442117205854962,2.782277988444548e-05,4.118531987071037,1.9212496653199196
2,43,700,510,0.0004072719602845609,0.00041078654467128215,0.00041162064167299086,0.0010623955258931717,2.741105345194228e-05,4.201004944741726,1.9590485021471977
2,43,700,520,0.0004102794046048075,0.00041056242771446704,0.0004112209848468187,0.0009837262086561868,2.743295772233978e-05,4.283312186598778,1.9965472295880318
2,43,700,530,0.0004076733603142202,0.000410606330842711,0.0004109187853041381,0.0009083621984099367,2.6353538487455808e-05,4.366298198699951,2.0342452600598335
2,43,700,540,0.00041134172352030873,0.0004084142827196047,0.00040991776733087347,0.0008364552682414167,2.6244137188768946e-05,4.448430337011814,2.071890726685524
2,43,700,550,0.000409610423957929,0.00040880196611396967,0.00040945335426822635,0.0007681502291384224,2.6228373826597817e-05,4.530503764748573,2.1094085052609444
2,43,700,560,0.0004082045052200556,0.00040822350129019467,0.0004089088992259344,0.0007035846383594941,2.5831068342085928e-05,4.613599993288517,2.1470216661691666
2,43,700,570,0.0004073820891790092,0.0004069156857440248,0.0004080652529016938,0.0006428885224119009,2.5749628548510373e-05,4.695550665259361,2.185073100030422
2,43,700,580,0.00040574214654043317,0.0004083760315552354,0.0004081566117100564,0.0005861841151955634,2.551752550061792e-05,4.777761474251747,2.222682513296604
2,43,700,590,0.00040465942583978176,0.0004069632734172046,0.00040766858573816893,0.0005335856118402431,2.5522540454403497e-05,4.86061205714941,2.260239876806736
2,43,700,600,0.0004039810155518353,0.0004068869777256623,0.0004073263897237515,0.00048519893873175113,2.4887738618417643e-05,4.942649699747562,2.298000045120716
2,43,700,610,0.000403936137445271,0.0004080555809196085,0.00040759931128360645,0.00044112154019030204,2.45815645030234e-05,5.0247441828250885,2.3355861380696297
2,43,700,620,0.0004083062522113323,0.0004067192698130384,0.0004072472778862679,0.00040144218223062177,2.4735862098168582e-05,5.107746072113514,2.373363994061947
2,43,700,630,0.00040672224713489413,0.0004056916950503364,0.00040657405897913325,0.0003662407737990085,2.4279897843371145e-05,5.189757123589516,2.4110808297991753
2,43,700,640,0.00040200597140938044,0.00040440982265863565,0.0004056588918977684,0.0003355882058473472,2.3886106646386907e-05,5.272201143205166,2.4487396627664566
2,43,700,650,0.0004059769562445581,0.00040511703409720214,0.000405436894691165,0.00030954620856816795,2.3843262169975787e-05,5.3545860052108765,2.486492320895195
2,43,700,660,0.00040341532439924777,0.000406142498832196,0.0004057134957157831,0.0002881672270782542,2.4001925339689478e-05,5.436599969863892,2.524082697927952
2,43,700,670,0.00040484117926098406,0.000404651346616447,0.00040529516552263777,0.00027149431580115476,2.3601312932441942e-05,5.519506238400936,2.5616001412272453
2,43,700,680,0.00040513125713914633,0.0004038100072648376,0.000404719802711736,0.00025956105176130705,2.356565346417483e-05,5.601445883512497,2.5991875529289246
2,43,700,690,0.0004017887404188514,0.0004041473177494481,0.00040445951593384043,0.00025239146696437784,2.329989365534857e-05,5.683791674673557,2.636623539030552
2,43,700,700,0.0004022910725325346,0.0004035570978885517,0.00040411475187052137,0.00025,2.3224687538458966e-05,5.766436412930489,2.6741812229156494
2,43,800,0,,,,0.005,,0.0,0.038395270705223083
2,43,800,10,0.0006893937243148685,0.0007510452589485795,0.0008426111948972536,0.004998168961071719,5.900370888411999e-05,0.08370441198348999,0.07597152888774872
2,43,800,20,0.0006343103013932705,0.0006594021280761809,0.000768224350473261,0.00499267866761618,5.0933325837831944e-05,0.16577469557523727,0.11357767879962921
2,43,800,30,0.0005999108543619514,0.0006158043339382857,0.0007064306011088969,0.004983537585267952,4.673544754041359e-05,0.2484140396118164,0.15100882947444916
2,43,800,40,0.0005715443985536695,0.0005847001040820033,0.000657048436640465,0.004970759808913454,4.481268479139544e-05,0.33080703020095825,0.18858906626701355
2,43,800,50,0.0005534009542316198,0.0005618020077235997,0.0006184517958403234,0.0049543650409576735,4.4141634134575725e-05,0.41260527819395065,0.22607352584600449
2,43,800,60,0.0005358555354177952,0.0005430754274129868,0.0005879316917417058,0.004934378560944483,4.3042891775257885e-05,0.4947883039712906,0.26355963200330734
2,43,800,70,0.0005219714948907495,0.0005296115064993501,0.0005642384876165427,0.004910831186577412,4.277562766219489e-05,0.5768563821911812,0.3010549992322922
2,43,800,80,0.0005140330176800489,0.0005178979015909135,0.0005455437039227439,0.004883759226200989,4.238835026626475e-05,0.6590290293097496,0.3387415483593941
2,43,800,90,0.0005063930293545127,0.0005075361230410635,0.0005301923194582956,0.004853204422815899,4.1584728023735806e-05,0.7410119473934174,0.3762175515294075
2,43,800,100,0.0004928506095893681,0.0004979268356692046,0.000517133213697761,0.004819213889714307,4.0896371501730755e-05,0.8239474147558212,0.4137575626373291
2,43,800,110,0.0004887643735855818,0.0004917679791105912,0.0005068843332960134,0.00478184003783457,4.0222446841653436e-05,0.9060715958476067,0.4512723535299301
2,43,800,120,0.0004832434351556003,0.00048663866182323544,0.0004986106005345214,0.004741140494947377,4.011155397165567e-05,0.9886366799473763,0.4886754974722862
2,43,800,130,0.00048144988249987364,0.0004800772701855749,0.0004912047118198384,0.004697178016797897,3.976400330429897e-05,1.0709190890192986,0.5262908786535263
2,43,800,140,0.00047242004075087607,0.00047714203828945755,0.0004853923986492859,0.004650020390340973,4.012099816463888e-05,1.152972899377346,0.5638432130217552
2,43,800,150,0.00046679636579938233,0.0004715295828646049,0.00047976282964650965,0.004599740329218549,3.963990093325265e-05,1.2357921451330185,0.6013728007674217
2,43,800,160,0.0004680465499404818,0.0004673926770919934,0.0004747691875555688,0.004546415361640503,3.881581869791262e-05,1.3178613483905792,0.6389370411634445
2,43,800,170,0.00046178395859897137,0.00046533147105947136,0.0004708724053887436,0.004490127710841771,3.885208934661932e-05,1.3999773040413857,0.67635727673769
2,43,800,180,0.0004583739209920168,0.0004610792035236955,0.00046688757319824633,0.004430964168300075,3.90301356674172e-05,1.4826452285051346,0.713837519288063
2,43,800,190,0.0004638687241822481,0.00045955052191857246,0.00046396690740623095,0.004369015959909756,3.745532376342453e-05,1.5645792409777641,0.7514820471405983
2,43,800,200,0.0004569237935356796,0.00045415624044835566,0.00046001231059390366,0.004304378605318053,3.811223359662108e-05,1.6473163217306137,0.7889051213860512
2,43,800,210,0.00045186583884060383,0.0004517781315371394,0.00045666798583552325,0.00423715177064074,3.740778993233107e-05,1.7295111492276192,0.8265147283673286
2,43,800,220,0.00045027246233075857,0.00044903249363414943,0.000453585140511387,0.00416743911478419,3.713439582497813e-05,1.811628319323063,0.8639440089464188
2,43,800,230,0.00044390105176717043,0.00044766268983948977,0.0004511915217207313,0.004095348129610857,3.775106233661063e-05,1.8944301158189774,0.9015913382172585
2,43,800,240,0.00044559044181369245,0.0004433457419509068,0.00044807690344985014,0.0040209899741946225,3.641565490397625e-05,1.9765013009309769,0.9393590167164803
2,43,800,250,0.0004429466789588332,0.0004414030205225572,0.00044542491398084997,0.003944479303421552,3.6037923564435914e-05,2.059875138103962,0.9769146144390106
2,43,800,260,0.0004427279345691204,0.0004425214778166264,0.0004443026686568255,0.0038659340912003707,3.64287625416182e-05,2.1423864141106606,1.0147385075688362
2,43,800,270,0.0004428596585057676,0.0004409241664689034,0.000442890116101297,0.003785475448555258,3.5845183447236195e-05,2.224553182721138,1.0525177344679832
2,43,800,280,0.00043481128523126245,0.00043890896486118434,0.00044120589019392163,0.0037032274368814094,3.65305422747042e-05,2.3076396211981773,1.0902951508760452
2,43,800,290,0.0004350344534032047,0.0004369369067717344,0.000439426696958841,0.0036193168766513757,3.606649988796562e-05,2.3898735716938972,1.1279494017362595
2,43,800,300,0.00043240736704319715,0.0004342844651546329,0.0004373205039330988,0.003533873151867071,3.515458229230717e-05,2.471906676888466,1.1653513982892036
2,43,800,310,0.0004313041572459042,0.00043349478219170126,0.0004357360295914101,0.0034470280105590254,3.4396914998069406e-05,2.554539769887924,1.202842839062214
2,43,800,320,0.0004330718074925244,0.0004318719613365829,0.00043421618723366875,0.0033589153616404785,3.3953921956708655e-05,2.636576883494854,1.240315355360508
2,43,800,330,0.00042817118810489774,0.0004287587711587548,0.0004320010246474487,0.0032696710684295294,3.438107160036452e-05,2.7194579541683197,1.2778053358197212
2,43,800,340,0.0004242794238962233,0.0004279039363609627,0.0004302958863427526,0.003179432739157751,3.4241602406837046e-05,2.8016830533742905,1.3155325129628181
2,43,800,350,0.00042382319224998355,0.00042649630922824143,0.00042875756700990955,0.003088339514788278,3.4082913771271706e-05,2.883963204920292,1.3532035946846008
2,43,800,360,0.0004273220256436616,0.0004265538154868409,0.0004278827749109352,0.0029965318544705206,3.395817839191295e-05,2.9668488800525665,1.3908116966485977
2,43,800,370,0.00042609352385625243,0.00042455203947611153,0.0004265150206431635,0.0029041513189623355,3.308700252091512e-05,3.0488991513848305,1.428594172000885
2,43,800,380,0.00042635935824364424,0.00042253375868313016,0.0004249361611650057,0.0028113403523536027,3.242997627239674e-05,3.131421275436878,1.4661238268017769
2,43,800,390,0.0004200887051410973,0.00042312531149946153,0.00042422146552080335,0.0027182420624277583,3.3383421396138147e-05,3.213989108800888,1.503794640302658
2,43,800,400,0.0004264117160346359,0.0004210032318951562,0.00042295237082256367,0.0026249999999999694,3.2407144317403436e-05,3.296035446226597,1.541537456214428
2,43,800,410,0.0004178656963631511,0.0004193935688817874,0.0004215008965850221,0.0025317579375721787,3.250539884902537e-05,3.378863327205181,1.5791098549962044
2,43,800,420,0.0004219218681100756,0.0004197539936285466,0.00042080129280562664,0.002438659647646336,3.192814256181009e-05,3.4609543159604073,1.6166424304246902
2,43,800,430,0.00041277805576100945,0.00041730863158591093,0.0004194275490962582,0.0023458486810376033,3.228231071261689e-05,3.543080933392048,1.6545213013887405
2,43,800,440,0.00041532001341693103,0.00041712008824106305,0.00041847659869046134,0.002253468145529418,3.0978859285824e-05,3.625306762754917,1.692071869969368
2,43,800,450,0.0004138796357437968,0.00041599482647143305,0.00041743989930837687,0.0021616604852116622,3.132413621642627e-05,3.70868980884552,1.7296645119786263
2,43,800,460,0.00041636847890913486,0.00041555342613719404,0.00041670861670127404,0.002070567260842192,3.058554284507409e-05,3.7908259481191635,1.76738703250885
2,43,800,470,0.00041338952723890543,0.00041453698941040784,0.0004158456962908491,0.001980328931570418,3.0495064493152313e-05,3.8729542419314384,1.8048862218856812
2,43,800,480,0.00041475018952041864,0.0004131670080823824,0.00041478215617370606,0.0018910846383594715,3.0473280276055448e-05,3.955995351076126,1.8425538539886475
2,43,800,490,0.00041062149102799594,0.00041254055104218424,0.0004138974492686176,0.001802971989440927,2.9767723390250467e-05,4.03791918605566,1.8801382407546043
2,43,800,500,0.0004097994533367455,0.00041203968285117296,0.00041307336349417646,0.0017161268481328867,2.9648381314473227e-05,4.120494961738586,1.917724683880806
2,43,800,510,0.0004075900942552835,0.0004113370756385848,0.00041231245563788383,0.0016306831233485833,2.941722959803883e-05,4.20270211994648,1.955512598156929
2,43,800,520,0.00041083278483711183,0.00041116906504612416,0.00041187701082902274,0.0015467725631185536,2.917156416515354e-05,4.285082131624222,1.993059329688549
2,43,800,530,0.00040793069638311863,0.00041103561234194784,0.0004114814130187098,0.0014645245514447102,2.831142774084583e-05,4.368072554469109,2.0307193845510483
2,43,800,540,0.0004115753690712154,0.00040876512648537757,0.0004103961387753208,0.0013840659087996018,2.8075588488718495e-05,4.449962861835957,2.068410888314247
2,43,800,550,0.000409459404181689,0.0004090039787115529,0.00040981306068696606,0.0013055206965784264,2.8221214961376972e-05,4.532460607588291,2.10591172426939
2,43,800,560,0.0004084357642568648,0.0004083611274836585,0.00040917922431151513,0.0012290100258053596,2.7962103558820672e-05,4.614819101989269,2.1435564160346985
2,43,800,570,0.00040750886546447873,0.00040692725451663136,0.00040822224784426467,0.0011546518703891284,2.7585780117078684e-05,4.696885243058205,2.1811611875891685
2,43,800,580,0.00040575533057563007,0.00040824629832059145,0.00040820051297371364,0.0010825608852157997,2.7365169444237836e-05,4.779765732586384,2.2193215414881706
2,43,800,590,0.00040420470759272575,0.0004066997760673985,0.00040758959483522034,0.0010128482293592501,2.732671237026807e-05,4.861853703856468,2.2569557577371597
2,43,800,600,0.0004035682650282979,0.0004065137734869495,0.0004071242956813575,0.0009456213946819376,2.6625431928550825e-05,4.944159030914307,2.2944061532616615
2,43,800,610,0.0004035314777866006,0.00040758138347882775,0.0004072918980019319,0.0008809840400902355,2.619755468913354e-05,5.026937834918499,2.332061193883419
2,43,800,620,0.0004073651216458529,0.00040598784398753195,0.00040676362248056046,0.0008190358316999166,2.612162279547192e-05,5.109254434704781,2.369654096662998
2,43,800,630,0.0004058977938257158,0.00040478530281689017,0.00040591901631810754,0.0007598722891582217,2.5842784452834167e-05,5.191670969128609,2.407201610505581
2,43,800,640,0.00040043037733994424,0.0004034540615975857,0.00040487654357401423,0.0007035846383594924,2.537030741223134e-05,5.274193927645683,2.445044755935669
2,43,800,650,0.00040503503987565637,0.0004039387305965647,0.00040449949380658086,0.0006502596707814487,2.5238250600523315e-05,5.356595151126385,2.482608176767826
2,43,800,660,0.00040218274807557464,0.0004047360183903947,0.0004045922126405386,0.0005999796096590256,2.5254055799450725e-05,5.439438372850418,2.5204000547528267
2,43,800,670,0.00040362641448155046,0.00040320445841643957,0.0004040418735909493,0.0005528219832021018,2.477050293236971e-05,5.521795213222504,2.5581013783812523
2,43,800,680,0.00040363322477787733,0.00040216503257397564,0.0004033089220813285,0.0005088595050526219,2.46568706643302e-05,5.60389793664217,2.5957208424806595
2,43,800,690,0.00039998083957470953,0.0004023537272587419,0.0004028981341076078,0.000468159962165428,2.4271588699775748e-05,5.686280407011509,2.6333013623952866
2,43,800,700,0.0004005923983640969,0.00040171878354158255,0.00040244428372849655,0.00043078611028569134,2.4285687686642632e-05,5.76842875033617,2.6708850041031837
2,43,800,710,0.0004020518681500107,0.00040196515910793094,0.0004022299761378389,0.00039679557718409785,2.3853124730521813e-05,5.8505644500255585,2.708705462515354
2,43,800,720,0.00040490846731700003,0.0004012517252704129,0.0004018874623165061,0.0003662407737990084,2.42439145949902e-05,5.933156535029411,2.746347226202488
2,43,800,730,0.00040382309816777706,0.00040185371472034603,0.0004018504161189923,0.0003391688134225863,2.3596247046953067e-05,6.0158974677324295,2.7841766625642776
2,43,800,740,0.0004036944010294974,0.00040194692264776676,0.000401923824102044,0.0003156214390555172,2.3805370801710524e-05,6.09795618057251,2.822080284357071
2,43,800,750,0.00040331835043616593,0.00040194508619606495,0.0004019251356133224,0.000295634959042327,2.3881288143456914e-05,6.180648773908615,2.8597322180867195
2,43,800,760,0.0003976534935645759,0.00040199810464400796,0.00040194449916349515,0.0002792401910865475,2.345784923818428e-05,6.262948900461197,2.897447630763054
2,43,800,770,0.0004013842553831637,0.00040242336108349265,0.00040212703567635554,0.0002664624147320497,2.364023748668842e-05,6.345337674021721,2.9348923787474632
2,43,800,780,0.00039860064862295985,0.00040083036292344333,0.0004016360539728153,0.00025732133238382096,2.3496084395446815e-05,6.428228184580803,2.972654089331627
2,43,800,790,0.0004024093213956803,0.00040023641486186534,0.0004010748312930745,0.00025183103892828306,2.3222219169838354e-05,6.510319724678993,3.0104521065950394
2,43,800,800,0.00039939317503012717,0.0004006328148534521,0.0004008647667015952,0.00025,2.2769305360270664e-05,6.592658393085003,3.0480813533067703
2,43,900,0,,,,0.005,,0.0,0.03864605724811554
2,43,900,10,0.0006893788231536746,0.0007510446652304381,0.0008426108741436606,0.004998553214170353,5.8976329455617815e-05,0.08317349851131439,0.07627534866333008
2,43,900,20,0.0006344439461827278,0.0006594281760044396,0.0007682345780982433,0.004994214619367081,5.085883822175674e-05,0.16605910658836365,0.11393450200557709
2,43,900,30,0.0006001759902574122,0.0006156900548376143,0.0007063962212439173,0.004986989501499647,4.676730168284848e-05,0.24813229590654373,0.15166090428829193
2,43,900,40,0.0005714147118851542,0.000584681297186762,0.0006570169251214386,0.004976886663261228,4.471515421755612e-05,0.3309720531105995,0.18920375406742096
2,43,900,50,0.0005533209769055247,0.0005617223621811717,0.0006184021766267999,0.004963918413403992,4.39255491073709e-05,0.41327492892742157,0.227003276348114
2,43,900,60,0.0005359670612961054,0.0005431379191577435,0.0005879242251200423,0.0049481005517427856,4.2997959099011496e-05,0.4954374134540558,0.26466478407382965
2,43,900,70,0.0005221243482083082,0.0005300137156154961,0.0005643975009608818,0.004929452349905488,4.29659521614667e-05,0.5783908367156982,0.30228789895772934
2,43,900,80,0.0005138831911608577,0.0005181620130315423,0.0005457426753822631,0.0049079965278535035,4.235152664477937e-05,0.6604691818356514,0.3398279845714569
2,43,900,90,0.0005069029284641147,0.0005076505593024194,0.0005303606650530537,0.0048837592262009856,4.155351416557096e-05,0.7425590455532074,0.37752772867679596
2,43,900,100,0.0004930843133479357,0.0004982097016181797,0.0005173456360300411,0.004856769974366528,4.0558090404374525e-05,0.8247777447104454,0.41547589004039764
2,43,900,110,0.0004890002892352641,0.0004921140061924234,0.0005071534613551854,0.004827061654596116,4.02338155254256e-05,0.9075246900320053,0.45299747586250305
2,43,900,120,0.00048372955643571913,0.0004871459095738828,0.0004989813295498138,0.004794670461901172,4.028915282106027e-05,0.9896096587181091,0.4908566102385521
2,43,900,130,0.00048199278535321355,0.0004806322744116187,0.0004916455431299249,0.0047596358599605185,3.972071499447338e-05,1.071888379752636,0.528440959751606
2,43,900,140,0.0004726825573015958,0.0004775270354002714,0.00048580100721119595,0.004722000533039948,4.000147237093188e-05,1.1546036675572395,0.5662155523896217
2,43,900,150,0.0004669609188567847,0.00047182702110148966,0.00048012295461030436,0.004681810333988038,3.972171907662414e-05,1.2366784512996674,0.6038121059536934
2,43,900,160,0.0004684019659180194,0.0004679171950556338,0.0004751955260192042,0.004639114228371508,3.929522790713236e-05,1.3195176124572754,0.6414683610200882
2,43,900,170,0.0004623426357284188,0.00046591853897552936,0.0004713607537069337,0.00459396423481822,3.8819125620648265e-05,1.401801936328411,0.6792160347104073
2,43,900,180,0.0004589415621012449,0.00046159136400092393,0.00046739058009580807,0.004546415361640496,3.903511606040411e-05,1.4841130152344704,0.7168073356151581
2,43,900,190,0.0004644420405384153,0.00046027985226828607,0.0004645613332142427,0.004496525539815961,3.758098682737909e-05,1.5671615600585938,0.7545620948076248
2,43,900,200,0.0004574427439365536,0.0004547620425000787,0.00046060985364030943,0.00444435555240757,3.84279373975005e-05,1.6492167115211487,0.7922579497098923
2,43,900,210,0.00045304291415959597,0.0004524352843873203,0.00045729575396795,0.004389968960508811,3.786239176406525e-05,1.7318580821156502,0.8298053741455078
2,43,900,220,0.00045100320130586624,0.00044965975976083425,0.00045421569836594185,0.004333432025804295,3.742698027053848e-05,1.814202293753624,0.8675781115889549
2,43,900,230,0.00044505432015284896,0.00044857232715003195,0.0004519396652934017,0.004274813629840118,3.803336221608333e-05,1.8964308202266693,0.9051762148737907
2,43,900,240,0.0004463515360839665,0.0004443251178599894,0.0004489166398681581,0.004214185190102288,3.6677432944998145e-05,1.9792491048574448,0.9427817985415459
2,43,900,250,0.000443019816884771,0.0004421811259817332,0.00044623226226043886,0.004151620573005531,3.6675719456980005e-05,2.061326287686825,0.9806130900979042
2,43,900,260,0.00044360460015013814,0.0004435429960722104,0.0004452000953795453,0.004087196003898436,3.672645834740251e-05,2.1437658593058586,1.0180648118257523
2,43,900,270,0.0004440156335476786,0.00044181299454066903,0.00044378229972338667,0.004020989974194619,3.616189133026637e-05,2.2263741195201874,1.0557515770196915
2,43,900,280,0.00043572543654590845,0.00043992461287416517,0.00044214199753705226,0.003953083145743019,3.6705489037558436e-05,2.308474764227867,1.093419872224331
2,43,900,290,0.00043653693865053356,0.00043815969256684185,0.0004404864684711563,0.003883558252553855,3.6321274819783866e-05,2.3912085071206093,1.1309766694903374
2,43,900,300,0.0004338657308835536,0.0004357122496003285,0.0004385284245826336,0.0038124999999999895,3.55242591467686e-05,2.4734056815505028,1.1686564311385155
2,43,900,310,0.0004329131334088743,0.00043491724354680625,0.00043702874549917623,0.0037399949616164782,3.501077299006283e-05,2.5557676777243614,1.2061620578169823
2,43,900,320,0.00043393418309278786,0.00043325594742782414,0.0004355351090220747,0.003666131473624045,3.4544133086455986e-05,2.6385984048247337,1.2437237277626991
2,43,900,330,0.0004290186916477978,0.00043012473615817727,0.0004333252851202376,0.0035909995273050097,3.501160608720966e-05,2.720593810081482,1.2812471836805344
2,43,900,340,0.00042569648940116167,0.0004294368380215019,0.00043169282433772526,0.0035146906593627745,3.5039378417422995e-05,2.8029982149600983,1.3188486397266388
2,43,900,350,0.00042562076123431325,0.00042781374941114336,0.00043013274809267473,0.0034372978403984468,3.511082468321547e-05,2.8850593343377113,1.3562722280621529
2,43,900,360,0.0004292836529202759,0.00042805032280739396,0.0004293107352486823,0.003358915361640482,3.461044980213046e-05,2.967127099633217,1.393974557518959
2,43,900,370,0.00042771344305947423,0.00042602762987371535,0.00042795734357977755,0.0032796387200653516,3.420957727939822e-05,3.0492374897003174,1.4316409975290298
2,43,900,380,0.0004282918234821409,0.00042402153194416315,0.00042640306858865906,0.0031995645020491863,3.3605632779654115e-05,3.1321432441473007,1.4692157730460167
2,43,900,390,0.0004216408124193549,0.000424558247323148,0.0004256803900187024,0.003118790265692153,3.4564200177555904e-05,3.2140995860099792,1.5066861808300018
2,43,900,400,0.0004276977851986885,0.000422437911038287,0.0004244049373140354,0.0030374144219589344,3.328132879687473e-05,3.295994758605957,1.544201597571373
2,43,900,410,0.0004195949004497379,0.00042093686060979963,0.00042299359256486147,0.002955536114780128,3.345587902003899e-05,3.378720037639141,1.581900104880333
2,43,900,420,0.0004232529900036752,0.00042110657377634195,0.00042224006478876663,0.002873255100260647,3.292631663498469e-05,3.460720330476761,1.6195213347673416
2,43,900,430,0.00041448522824794054,0.00041872628207784146,0.000420861591154913,0.002790671625142266,3.3203330531250685e-05,3.543405421078205,1.6570319011807442
2,43,900,440,0.00041688993223942816,0.0004185872443486005,0.00041992664682062255,0.0027078863046684073,3.241167723899707e-05,3.6255506351590157,1.694734200835228
2,43,900,450,0.00041522589162923396,0.0004175088368356228,0.000418914793496137,0.002624999999999966,3.239924626541324e-05,3.7078893184661865,1.7322742715477943
2,43,900,460,0.00041808391688391566,0.0004170302127022296,0.00041818857857304625,0.0025421136953315254,3.183453736710362e-05,3.790528379380703,1.769937925040722
2,43,900,470,0.0004148722509853542,0.0004159269825322554,0.0004172908981544614,0.002459328374857666,3.180506610078737e-05,3.8726184591650963,1.8075964450836182
2,43,900,480,0.00041643885197117925,0.00041456392500549555,0.0004162072741385028,0.0023767448997392875,3.1787425541551784e-05,3.9550273045897484,1.845086582005024
2,43,900,490,0.0004122037789784372,0.00041384866926819086,0.0004152734432886686,0.002294463885219809,3.10777104459703e-05,4.037734866142273,1.8826628252863884
2,43,900,500,0.0004114117182325572,0.0004135954222874716,0.0004145161039646069,0.002212585578041007,3.128034950350411e-05,4.119679003953934,1.920376367866993
2,43,900,510,0.0004092867602594197,0.0004126799263758585,0.0004137167964291383,0.0021312097343077875,3.108655073447153e-05,4.20229996740818,1.9579688385128975
2,43,900,520,0.0004119367804378271,0.00041233564843423665,0.00041318307670026725,0.0020504354979507568,3.073917832807638e-05,4.284594386816025,1.9957295134663582
2,43,900,530,0.00040928152156993747,0.00041223967564292253,0.000412751244004897,0.0019703612799345954,3.0127743229968473e-05,4.366939924657345,2.0332790091633797
2,43,900,540,0.0004131044843234122,0.0004101897910004482,0.0004117349260450136,0.00189108463835947,2.9522969271056354e-05,4.449843764305115,2.070796050131321
2,43,900,550,0.00041066500125452876,0.0004102216014871374,0.0004111020323469356,0.0018127021596015082,2.982751357194502e-05,4.531821325421333,2.1085036769509315
2,43,900,560,0.0004094974137842655,0.0004094002360943705,0.0004103654872740167,0.001735309340637182,2.968379521917086e-05,4.6143664717674255,2.1462868824601173
2,43,900,570,0.0004085917607881129,0.0004079715610714629,0.0004093571221687117,0.0016590004726949484,2.920378028647974e-05,4.696885950863361,2.184240497648716
2,43,900,580,0.00040660565719008446,0.00040934540156740696,0.0004093193005566131,0.001583868526375917,2.9158665711292997e-05,4.77911913394928,2.221880152821541
2,43,900,590,0.000405474886065349,0.00040772046777419745,0.00040866812289295417,0.001510005038383486,2.9158352845115587e-05,4.862111620604992,2.259551353752613
2,43,900,600,0.0004044863162562251,0.00040747550374362616,0.0004081537925642776,0.001437499999999979,2.8430345992092043e-05,4.944389618933201,2.297350212931633
2,43,900,610,0.00040414195973426104,0.0004083343199454248,0.00040821389060050333,0.0013664417474461186,2.8025244318996556e-05,5.026697024703026,2.3348733261227608
2,43,900,620,0.0004079601785633713,0.00040679568191990254,0.00040764085219501266,0.0012969168542569579,2.782031697279308e-05,5.108766548335552,2.3723714277148247
2,43,900,630,0.0004068179987370968,0.00040540400659665464,0.00040669803199754924,0.0012290100258053591,2.7417452656663954e-05,5.190877929329872,2.4099527075886726
2,43,900,640,0.0004012143472209573,0.00040411106892861425,0.0004056058040725936,0.0011628039961015452,2.7195133952773176e-05,5.272931203246117,2.4475116059184074
2,43,900,650,0.00040546749369241297,0.0004044564993819222,0.0004051419457286807,0.0010983794269944541,2.674516144907102e-05,5.355288058519363,2.485250785946846
2,43,900,660,0.00040231310413219035,0.00040501745534129443,0.00040508390824701003,0.0010358148098976985,2.7060021238867193e-05,5.437669210135937,2.522865727543831
2,43,900,670,0.0004039000195916742,0.00040345375309698285,0.00040443033044299393,0.0009751863701598689,2.6510342649999075e-05,5.519780308008194,2.5603995993733406
2,43,900,680,0.000403718207962811,0.00040238600631710143,0.00040362448554291327,0.0009165679741956912,2.6220215659122914e-05,5.602578654885292,2.597970336675644
2,43,900,690,0.00039988517528399825,0.00040233715844806284,0.0004030775288755253,0.0008600310394911771,2.5858189474092796e-05,5.684745587408543,2.6354489624500275
2,43,900,700,0.0004001071793027222,0.00040164146630559114,0.00040251532207967206,0.0008056444475924171,2.573464189481456e-05,5.766692526638508,2.6728986352682114
2,43,900,710,0.0004017514584120363,0.00040181218937505034,0.0004022162067177092,0.000753474460184026,2.529619086999446e-05,5.849489726126194,2.7106521278619766
2,43,900,720,0.0004046767426189035,0.0004010098025901243,0.0004017748317027786,0.0007035846383594913,2.568363015598152e-05,5.93157821893692,2.7482324838638306
2,43,900,730,0.00040360254934057593,0.00040150846762117,0.00040164470316539943,0.0006560357651817683,2.505303746147547e-05,6.014019593596458,2.7857351303100586
2,43,900,740,0.00040288353920914233,0.0004014811245724559,0.0004015996495369286,0.0006108857716284821,2.5109724447247572e-05,6.096147984266281,2.8234084621071815
2,43,900,750,0.0004026325768791139,0.0004012398363556713,0.00040144628237421317,0.0005681896660119522,2.5031818950083107e-05,6.178437516093254,2.8609439209103584
2,43,900,760,0.00039697380270808935,0.0004012113000499085,0.0004013401897775884,0.0005279994669600432,2.4553286493755877e-05,6.261368088424206,2.8984555527567863
2,43,900,770,0.0004001882334705442,0.0004014898062450811,0.00040139259638827127,0.0004903641400394738,2.4708122509764507e-05,6.343540817499161,2.9361233189702034
2,43,900,780,0.000397931260522455,0.00039989596989471466,0.0004008245393384913,0.0004553295380988194,2.4385395590797998e-05,6.425922691822052,2.9735618755221367
2,43,900,790,0.00040128116961568594,0.0003991165547631681,0.00040013631595461717,0.0004229383454038769,2.3971148038981482e-05,6.508206307888031,3.011115178465843
2,43,900,800,0.0003979385073762387,0.00039936485700309277,0.0003997934233602996,0.00039323002563346513,2.3508944650529884e-05,6.590298920869827,3.048688255250454
2,43,900,810,0.0003988906682934612,0.00040044207707978785,0.00040006198864318897,0.0003662407737990085,2.371058872085996e-05,6.673334829509258,3.0862616822123528
2,43,900,820,0.00040144333615899086,0.0004005907132523134,0.00040030617940672115,0.00034200347214649086,2.382595994276926e-05,6.755538746714592,3.1238370537757874
2,43,900,830,0.00040166833787225187,0.0004005571099696681,0.00040043509577052534,0.000320547650094507,2.350868635403458e-05,6.837798148393631,3.1612405255436897
2,43,900,840,0.0003989608376286924,0.0003983332688221708,0.00039959736122806955,0.0003018994482572105,2.3546754164271988e-05,6.9203799068927765,3.1988626196980476
2,43,900,850,0.00039877137169241905,0.0003985576535342261,0.00039920623034653025,0.0002860815865960052,2.35535826504929e-05,7.0023865550756454,3.236389145255089
2,43,900,860,0.0003990681143477559,0.00039852609043009577,0.00039893248697045724,0.00027311333673877007,2.3564076400361955e-05,7.08468971401453,3.274354763329029
2,43,900,870,0.0003961986512877047,0.0003981918969657272,0.00039863955661386535,0.00026301049850035064,2.2774462195229717e-05,7.167224213480949,3.3119916766881943
2,43,900,880,0.00039851487963460386,0.00039884143916424364,0.0003987287777870647,0.00025578538063291713,2.34540111705428e-05,7.249239958822727,3.349467806518078
2,43,900,890,0.0003956063010264188,0.0003985633549746126,0.0003986143334634806,0.0002514467858296475,2.305384805367794e-05,7.331249922513962,3.386942595243454
2,43,900,900,0.00039751396980136633,0.00039898850955069067,0.00039870199984776866,0.00025,2.2690968762617558e-05,7.413260541856289,3.4243805930018425
2,43,1000,0,,,,0.005,,0.0,0.03846155107021332
2,43,1000,10,0.0006893873796798289,0.000751049944665283,0.0008426133659382009,0.004998828080868613,5.8980233006877825e-05,0.0829489454627037,0.07593492418527603
2,43,1000,20,0.000634297146461904,0.0006593831756617873,0.0007682156466428461,0.0049953134800171444,5.084561416879296e-05,0.16531150043010712,0.11362334340810776
2,43,1000,30,0.0005998968263156712,0.0006157491414342075,0.0007063994957844109,0.0049894596659323135,4.669863119488582e-05,0.24745553731918335,0.15104074776172638
2,43,1000,40,0.0005713931750506163,0.0005846629675943405,0.0006570124590124388,0.004981272415621884,4.488493868848309e-05,0.33007433265447617,0.18871065974235535
2,43,1000,50,0.0005532866343855858,0.0005615237692836672,0.000618316196523232,0.004970759808913451,4.4243934098631144e-05,0.4120086804032326,0.22632232308387756
2,43,1000,60,0.0005359335918910801,0.0005429735057987273,0.0005878052074817213,0.0049579322204806354,4.270225326763466e-05,0.4944408982992172,0.2638242691755295
2,43,1000,70,0.0005217518773861229,0.0005297991738189012,0.0005642340138932438,0.004942802309604526,4.278180858818814e-05,0.5770318061113358,0.3016546294093132
2,43,1000,80,0.0005141773726791143,0.0005179668951313943,0.0005455714196331969,0.004925385007680499,4.240411362843588e-05,0.6594310253858566,0.3391740843653679
2,43,1000,90,0.0005066812736913562,0.0005076560308225452,0.0005302598498011961,0.004905697503482739,4.1413870349060744e-05,0.7422317117452621,0.37680482864379883
2,43,1000,100,0.0004929227288812399,0.0004983113205526025,0.0005173250801249334,0.004883759226200989,4.093750976608135e-05,0.8245637863874435,0.4147215485572815
2,43,1000,110,0.0004887017421424389,0.0004921224346617237,0.0005071359419606621,0.004859591826266284,4.0043458284344524e-05,0.90682203322649,0.4522802233695984
2,43,1000,120,0.0004836524894926697,0.00048711697454564276,0.0004989596357017489,0.004833219153984595,4.027435716125183e-05,0.9898168668150902,0.48986371606588364
2,43,1000,130,0.00048200684250332415,0.0004804315569344908,0.0004915495170528814,0.004804667235999453,3.973319326178171e-05,1.0720678716897964,0.5276229977607727
2,43,1000,140,0.00047269900096580386,0.0004775488225277513,0.0004857588336255568,0.004773964249606794,4.0317667298950255e-05,1.1545972153544426,0.5652091056108475
2,43,1000,150,0.0004671414499171078,0.00047199309337884186,0.00048016722853596374,0.004741140494947372,3.993279824499041e-05,1.2370811104774475,0.6030240133404732
2,43,1000,160,0.0004684864543378353,0.0004678313183831051,0.0004751826032274377,0.004706228365104175,3.939380621886812e-05,1.3192571476101875,0.6405505761504173
2,43,1000,170,0.0004624570719897747,0.00046596531465183946,0.0004713678831931177,0.0046692623141343665,3.90235691156704e-05,1.402371995151043,0.678113155066967
2,43,1000,180,0.000459447008324787,0.00046182974765542897,0.00046749304428527725,0.004630278823067284,3.917654976248741e-05,1.4843870848417282,0.7157176285982132
2,43,1000,190,0.00046451203525066376,0.00046039377630222587,0.00046466966422696826,0.004589316363902083,3.768314127228223e-05,1.5664795711636543,0.7534520179033279
2,43,1000,200,0.0004577810177579522,0.00045482798886951057,0.0004607024288150119,0.0045464153616404995,3.85572639061138e-05,1.648605763912201,0.7909529954195023
2,43,1000,210,0.00045304332161322236,0.00045259422622621057,0.00045741744939857077,0.004501618154392265,3.798187754000537e-05,1.7313256934285164,0.8284978494048119
2,43,1000,220,0.00045151158701628447,0.0004500805283896625,0.0004544490943979314,0.004454968951592499,3.758338789339177e-05,1.813386008143425,0.8660914525389671
2,43,1000,230,0.00044510181760415435,0.0004487783095100895,0.00045216226118494394,0.004406513790372343,3.818997720372863e-05,1.8957043960690498,0.9037995263934135
2,43,1000,240,0.00044666940812021494,0.000444528364459984,0.0004491324424378383,0.004356300490125854,3.7006033380748704e-05,1.9783068522810936,0.9414934664964676
2,43,1000,250,0.00044408097164705396,0.0004426422296091914,0.0004465549011955114,0.004304378605318052,3.666445263661444e-05,2.0604738295078278,0.9789367169141769
2,43,1000,260,0.00044441563659347594,0.00044407125969883057,0.0004456068075034647,0.004250799376580637,3.7075646105222404e-05,2.14326936006546,1.0165816247463226
2,43,1000,270,0.0004442778299562633,0.0004423126665642485,0.00044422722008620805,0.0041956156801436755,3.634732274804264e-05,2.225247472524643,1.0542417913675308
2,43,1000,280,0.000436332484241575,0.00044047700357623397,0.0004426363228424697,0.0041388819756531395,3.7333080399548635e-05,2.3075024634599686,1.091615840792656
2,43,1000,290,0.00043694584746845067,0.00043873054964933545,0.0004410111610497648,0.004080654252425819,3.687572097987868e-05,2.390475779771805,1.1291851475834846
2,43,1000,300,0.0004340155574027449,0.00043612703157123176,0.00043900988891702324,0.004020989974194622,3.6013243516208604e-05,2.472321793437004,1.166773445904255
2,43,1000,310,0.000433133274782449,0.00043534554715733974,0.00043748492759064825,0.003959948022398806,3.554049544618465e-05,2.5550248622894287,1.204270400106907
2,43,1000,320,0.0004347117501311004,0.00043363892182242126,0.00043597150686757195,0.0038975886380751097,3.491020470391959e-05,2.637271963059902,1.2420108690857887
2,43,1000,330,0.0004296943952795118,0.0004307282069930807,0.00043383875515281493,0.0038339733624071226,3.563616701285355e-05,2.7192630022764206,1.279433734714985
2,43,1000,340,0.0004266366013325751,0.0004300419619539753,0.0004322477373463404,0.003769164975991562,3.560039112926461e-05,2.8021340519189835,1.3170915096998215
2,43,1000,350,0.0004263160808477551,0.0004286673676688224,0.0004308011349742511,0.0037032274368814094,3.547485175658949e-05,2.8839758411049843,1.3546366095542908
2,43,1000,360,0.0004300239379517734,0.00042874688224401323,0.00042999175650276685,0.0036362258174670314,3.533664857968688e-05,2.9664470106363297,1.3921118304133415
2,43,1000,370,0.0004284626920707524,0.00042689442925620825,0.00042871075279943635,0.0035682262402575863,3.485787965473719e-05,3.048731379210949,1.429829627275467
2,43,1000,380,0.00042875733925029635,0.0004248313809512183,0.000427179629912996,0.0034992958126260918,3.440405271248892e-05,3.1309513598680496,1.4673356637358665
2,43,1000,390,0.0004222600837238133,0.00042540288413874807,0.0004264803922188189,0.0034295025605825466,3.528523666318506e-05,3.2136563062667847,1.5049023628234863
2,43,1000,400,0.00042849089368246496,0.00042331506265327337,0.0004252351581185327,0.0033589153616404776,3.3842705306597054e-05,3.2956357300281525,1.5426522493362427
2,43,1000,410,0.0004200523835606873,0.0004216751956846565,0.00042378072561795343,0.0032876038768431468,3.4178545320173725e-05,3.3784677609801292,1.5800419449806213
2,43,1000,420,0.00042411452159285545,0.0004218835179926828,0.0004230243965182507,0.0032156384820165047,3.3869084290927276e-05,3.46105969697237,1.6176379770040512
2,43,1000,430,0.0004156842769589275,0.00041979623201768843,0.0004217631274198719,0.0031430901983167626,3.415613537072204e-05,3.5430780053138733,1.6552307829260826
2,43,1000,440,0.0004177289083600044,0.0004194403561996296,0.00042081134633756306,0.0030700306221410683,3.331884363433346e-05,3.6252502351999283,1.6927817314863205
2,43,1000,450,0.0004164351848885417,0.0004185305064311251,0.0004198558350832236,0.002996531854470519,3.363349605933763e-05,3.7073252722620964,1.7305945605039597
2,43,1000,460,0.000418978335801512,0.00041786434303503484,0.0004190858067446774,0.0029226664297151905,3.276783536421135e-05,3.7897393703460693,1.7681934908032417
2,43,1000,470,0.0004160812823101878,0.0004168941522948444,0.0004182164771184882,0.002848507244131439,3.289212691015564e-05,3.872789166867733,1.8057944998145103
2,43,1000,480,0.0004168393206782639,0.0004154822789132595,0.00041712109512380316,0.002774127483882086,3.262030440964736e-05,3.954809531569481,1.8433405458927155
2,43,1000,490,0.00041287956992164254,0.00041481156658846886,0.0004162048754233096,0.0026996005528105212,3.243261744501069e-05,4.03688657283783,1.880901075899601
2,43,1000,500,0.00041198518010787666,0.0004144941660342738,0.0004154346961771366,0.002624999999999966,3.200505307177082e-05,4.118973329663277,1.918542206287384
2,43,1000,510,0.0004097459022887051,0.00041362176125403494,0.00041464383506658383,0.002550399447189409,3.20550607284531e-05,4.200922317802906,1.9560910686850548
2,43,1000,520,0.0004129838780499995,0.0004133978218305856,0.00041416686217848626,0.0024758725161178443,3.18460697599221e-05,4.282916061580181,1.9935626313090324
2,43,1000,530,0.00041025952668860555,0.0004131665511522442,0.0004137069201840152,0.00240149275586849,3.118588574579917e-05,4.365651853382587,2.0311182364821434
2,43,1000,540,0.0004136489296797663,0.0004109692934434861,0.0004126192889680146,0.002327333570284738,3.09803981508594e-05,4.447774723172188,2.068813405930996
2,43,1000,550,0.0004117567732464522,0.00041114237974397837,0.0004120019044646126,0.002253468145529412,3.10417017317377e-05,4.530136525630951,2.106313720345497
2,43,1000,560,0.00041006249375641346,0.0004102142993360758,0.00041123504299261514,0.0021799693778588648,3.065080818487331e-05,4.612966790795326,2.143918402493
2,43,1000,570,0.0004091760783921927,0.0004086174536496401,0.0004101285215869873,0.002106909801683174,3.0307752240332775e-05,4.695013217628002,2.1814169138669968
2,43,1000,580,0.0004075462929904461,0.00041014189191628246,0.000410101768888467,0.002034361517983434,3.024857687705662e-05,4.777392655611038,2.2189765125513077
2,43,1000,590,0.000406096747610718,0.00040843273454811425,0.0004094299518760755,0.0019623961231567946,3.037104215763975e-05,4.859762065112591,2.2566690519452095
2,43,1000,600,0.0004049041890539229,0.0004080605780472979,0.0004088438877805153,0.001891084638359466,2.9904587790952064e-05,4.941816344857216,2.29434335231781
2,43,1000,610,0.0004050616698805243,0.00040920319443102924,0.0004089769980641576,0.0018204974394174004,2.9325519790290855e-05,5.02452127635479,2.3320508897304535
2,43,1000,620,0.0004083593958057463,0.0004074753902386874,0.0004083672416212155,0.001750704187373859,2.9381553758867085e-05,5.106473997235298,2.369745448231697
2,43,1000,630,0.00040755572263151407,0.0004061195329995826,0.0004074188875867702,0.0016817737597423661,2.8948765248060226e-05,5.188870877027512,2.4072194397449493
2,43,1000,640,0.00040173856541514397,0.00040457345312461257,0.00040622598074298354,0.001613774182532924,2.8768921765731648e-05,5.2712529599666595,2.4449112117290497
2,43,1000,650,0.00040586685645394027,0.00040505074721295384,0.0004057500062498123,0.0015467725631185493,2.8267135348869488e-05,5.353281028568745,2.4825405329465866
2,43,1000,660,0.00040243129478767514,0.00040546421660110356,0.0004056247038183269,0.001480835024008401,2.847928953997325e-05,5.435739912092686,2.5201207101345062
2,43,1000,670,0.00040437866118736565,0.0004039053776068613,0.00040494072878594805,0.0014160266375928437,2.8182470487081446e-05,5.51790214329958,2.5578611567616463
2,43,1000,680,0.0004039525520056486,0.00040277829684782774,0.0004040881610762633,0.00135241136192486,2.756023059191648e-05,5.600181207060814,2.5953317657113075
2,43,1000,690,0.0004001630295533687,0.0004025854170322418,0.0004034519718066258,0.0012900519776011673,2.7414507712819614e-05,5.683130756020546,2.6331332325935364
2,43,1000,700,0.00040035421261563897,0.0004018638195702806,0.0004028317244378203,0.001229010025805355,2.7343572583049536e-05,5.765026740729809,2.6706808283925056
2,43,1000,710,0.0004021025961264968,0.0004020710097393021,0.00040250711132929195,0.001169345747574161,2.705605402297806e-05,5.847177296876907,2.7081407457590103
2,43,1000,720,0.00040503611671738327,0.00040113931172527375,0.0004019977891050456,0.001111118024346843,2.7181104087503627e-05,5.929544523358345,2.745846502482891
2,43,1000,730,0.00040376337710767984,0.00040164311358239504,0.0004018337380262114,0.0010543843198563088,2.670563117135316e-05,6.011853002011776,2.783318907022476
2,43,1000,740,0.00040241185342893004,0.00040140837663784625,0.0004016786321074762,0.0009992006234193487,2.6560626793070696e-05,6.094534263014793,2.820774458348751
2,43,1000,750,0.0004029155825264752,0.000401194000733085,0.00040148129967226696,0.0009456213946819345,2.653546653164085e-05,6.176809594035149,2.8583593145012856
2,43,1000,760,0.0003970990073867142,0.0004011743236333132,0.0004013413416712369,0.0008936995098741332,2.606004272820428e-05,6.25875011831522,2.8957539051771164
2,43,1000,770,0.0004000069457106292,0.00040124619845300914,0.0004012936578368761,0.0008434862096276455,2.6057350623887032e-05,6.341232344508171,2.933293804526329
2,43,1000,780,0.00039709548582322896,0.0003994374332251027,0.00040058183327667586,0.0007950310484074888,2.576096994744148e-05,6.42317607998848,2.9707426130771637
2,43,1000,790,0.00040082482155412436,0.00039872211636975407,0.0003998270491826099,0.0007483818456077244,2.5412584363948554e-05,6.505837082862854,3.0081716626882553
2,43,1000,800,0.0003974000574089587,0.0003988791489973664,0.0003994151312142768,0.0007035846383594903,2.4758128347457387e-05,6.587911017239094,3.045746386051178
2,43,1000,810,0.0003983663336839527,0.0003998158150352538,0.00039958763702382347,0.000660683636097907,2.4672463041497394e-05,6.670050956308842,3.0832079723477364
2,43,1000,820,0.0004004930378869176,0.0003999189066234976,0.0003997484852555929,0.0006197211769327061,2.505521297280211e-05,6.75202888995409,3.1206567361950874
2,43,1000,830,0.00040090392576530576,0.0003998508647782728,0.0003998131274329353,0.0005807376858656267,2.4623344870633446e-05,6.833979174494743,3.1581152975559235
2,43,1000,840,0.0003978606837335974,0.00039759589708410203,0.00039892533179041313,0.0005437716348958175,2.4616831069579348e-05,6.9160914942622185,3.195653557777405
2,43,1000,850,0.00039796606870368123,0.0003976054838858545,0.0003984190898951723,0.000508859505052621,2.4493490855093114e-05,6.99830861389637,3.2330979332327843
2,43,1000,860,0.00039795541670173407,0.00039730244025122375,0.00039796896520755533,0.00047603575039319916,2.4523982574464753e-05,7.080949895083904,3.2707357853651047
2,43,1000,870,0.0003951549588236958,0.0003970672958530486,0.00039761060750881356,0.00044533276400054056,2.375776421104092e-05,7.162972703576088,3.308462545275688
2,43,1000,880,0.0003972804406657815,0.000397566327592358,0.000397600549274846,0.0004167808460153993,2.4009412300074473e-05,7.245674543082714,3.3460206761956215
2,43,1000,890,0.00039445824222639203,0.00039725434326101097,0.00039740431130930176,0.00039040817373371195,2.3485034034820274e-05,7.327970586717129,3.383673720061779
2,43,1000,900,0.00039614023989997804,0.00039753493038006125,0.0003973938196027076,0.00036624077379900804,2.3157670511864126e-05,7.410227902233601,3.421142727136612
2,43,1000,910,0.0003955169231630862,0.00039699930930510164,0.00039723034795869706,0.0003443024965172584,2.337809382879641e-05,7.493146613240242,3.4587312936782837
2,43,1000,920,0.00039623628254048526,0.00039616774301975965,0.0003967383127681171,0.00032461499231949977,2.3215900000650436e-05,7.5750888884067535,3.4962333142757416
2,43,1000,930,0.0003952044353354722,0.00039703803195152433,0.0003968648803656283,0.0003071976903954741,2.3056210920913145e-05,7.657398052513599,3.533651553094387
2,43,1000,940,0.00039667863165959716,0.0003969200886785984,0.0003968949361975699,0.0002920677795193635,2.314740777364932e-05,7.739751294255257,3.571658208966255
2,43,1000,950,0.0004002460918854922,0.0003965348209021613,0.00039676999143843465,0.0002792401910865475,2.329863673367072e-05,7.8220197185873985,3.609376400709152
2,43,1000,960,0.00039713256410323083,0.0003971754660597071,0.000396923510029499,0.00026872758437811503,2.312094329681713e-05,7.9048518389463425,3.6471015736460686
2,43,1000,970,0.0003951872931793332,0.0003951472055632621,0.0003961484529427657,0.00026054033406768483,2.2825082851340994e-05,7.987262018024921,3.6847736164927483
2,43,1000,980,0.000393976952182129,0.000395801619742997,0.00039595443050364354,0.00025468651998285496,2.3069373128237203e-05,8.069458916783333,3.7223251461982727
2,43,1000,990,0.0003946398210246116,0.00039670888800173997,0.00039623006753163064,0.00025117191913138744,2.2815178454038687e-05,8.151911653578281,3.7600770369172096
2,43,1000,1000,0.00039924259181134403,0.00039581961173098537,0.00039610607250402515,0.00025,2.3210675863083452e-05,8.234116725623608,3.797562822699547
3,17,100,0,,,,0.005,,0.0,0.03822284936904907
3,17,100,10,0.00023272995895240456,0.00023943601263454184,0.00025484923363942115,0.004883759226200989,2.533273072913289e-05,0.08252283930778503,0.07663542777299881
3,17,100,20,0.00022712234931532294,0.00022956583416089416,0.0002446231657956982,0.0045464153616405,2.358259735046886e-05,0.1650930941104889,0.1149945929646492
3,17,100,30,0.00022386177442967892,0.00022567601554328575,0.00023695370192630737,0.004020989974194624,2.2799535145168193e-05,0.24775529652833939,0.1531505063176155
3,17,100,40,0.00022078750771470368,0.000222091528121382,0.00023093255596894337,0.0033589153616404984,2.2263386199483648e-05,0.3299987465143204,0.19156263023614883
3,17,100,50,0.00021717892377637327,0.00021921118750469759,0.00022618492425580998,0.002624999999999997,2.193482760048937e-05,0.41297879070043564,0.22972679883241653
3,17,100,60,0.00021518487483263016,0.0002161975484341383,0.00022212874188150156,0.0018910846383594984,2.15233740163967e-05,0.49522873014211655,0.26831798255443573
3,17,100,70,0.00021181321062613279,0.00021313938923412935,0.00021848001703343424,0.0012290100258053754,2.078429315588437e-05,0.5774343609809875,0.30653607100248337
3,17,100,80,0.0002093566581606865,0.00021068220376037062,0.00021531057486487342,0.0007035846383594995,2.0265781131456606e-05,0.6605867892503738,0.34479501843452454
3,17,100,90,0.00020660730660893023,0.000208303531690035,0.00021247135323067094,0.0003662407737990102,2.0018569557578303e-05,0.7427590936422348,0.38285891711711884
3,17,100,100,0.00020563058205880225,0.00020643429597839714,0.0002100360108061197,0.00025,1.934106694534421e-05,0.8249447420239449,0.4210757538676262
3,17,200,0,,,,0.005,,0.0,0.038363978266716
3,17,200,10,0.00023268547374755144,0.00023942659609019757,0.0002548447451772601,0.00497075980891345,2.5272549464716576e-05,0.08287259191274643,0.07651204615831375
3,17,200,20,0.000227265409193933,0.00022954180458327754,0.00024461404694799794,0.004883759226200987,2.364336614846252e-05,0.16510920226573944,0.11484172940254211
3,17,200,30,0.00022419517335947603,0.00022598983923671767,0.00023707776054204138,0.00474114049494737,2.289312396897003e-05,0.2478758543729782,0.1531057134270668
3,17,200,40,0.0002219022426288575,0.00022279707191046326,0.00023130362337202116,0.004546415361640498,2.256217339891009e-05,0.33057230710983276,0.19142311811447144
3,17,200,50,0.00021922620362602174,0.0002206576697062701,0.00022700407467167707,0.004304378605318047,2.2338543203659356e-05,0.41312411427497864,0.2295691967010498
3,17,200,60,0.0002178690629079938,0.0002185311954235658,0.00022357281816383077,0.00402098997419462,2.203855365223717e-05,0.4956934452056885,0.26758134365081787
3,17,200,70,0.00021569631644524634,0.00021649582195095717,0.00022071013317503412,0.003703227436881418,2.1761450625490397e-05,0.5775834023952484,0.3056143522262573
3,17,200,80,0.000214095096453093,0.0002148532890714705,0.0002183368353872886,0.0033589153616404932,2.148671956092585e-05,0.6596793308854103,0.3437725901603699
3,17,200,90,0.00021098957222420722,0.0002126905194018036,0.00021603522589344363,0.0029965318544705405,2.145717189705465e-05,0.7418461963534355,0.3817502185702324
3,17,200,100,0.00020947764278389513,0.0002105691091855988,0.00021380896799990374,0.002624999999999991,2.0942194169037975e-05,0.8246213123202324,0.4199272021651268
3,17,200,110,0.00020748743554577231,0.00020827051193919032,0.0002115457089241753,0.0022534681455294425,2.0492811017902568e-05,0.9067461788654327,0.45814239978790283
3,17,200,120,0.00020575002417899668,0.00020644510659622027,0.00020946567370159287,0.0018910846383594923,2.025060348387342e-05,0.9891889467835426,0.49613093584775925
3,17,200,130,0.0002045505534624681,0.00020460560772335158,0.000207492759559558,0.0015467725631185703,1.9528033590177074e-05,1.0718030482530594,0.5343750715255737
3,17,200,140,0.00020152668002992868,0.00020250191737432034,0.00020545296067766216,0.0012290100258053717,1.9895000150427222e-05,1.1539816781878471,0.5723951980471611
3,17,200,150,0.00019979635544586927,0.00020060655515408143,0.00020346592620309266,0.0009456213946819462,1.903559132188093e-05,1.236890822649002,0.6104678809642792
3,17,200,160,0.0001974061015062034,0.00019876474543707446,0.00020153781535092792,0.0007035846383594978,1.8660444766283035e-05,1.319204829633236,0.6487388536334038
3,17,200,170,0.0001967893331311643,0.00019803381437668576,0.00020010804270949548,0.0005088595050526253,1.8476357581675984e-05,1.4016036689281464,0.6867422610521317
3,17,200,180,0.00019566041009966284,0.00019662880076793955,0.00019867818358568974,0.00036624077379900983,1.8146814909414388e-05,1.4846576303243637,0.7249177172780037
3,17,200,190,0.00019483696087263525,0.0001957250395207666,0.00019748499831153212,0.00027924019108654794,1.7863309039967135e-05,1.5666928216814995,0.7629983648657799
3,17,200,200,0.0001951728481799364,0.00019474927248666062,0.00019638502868716697,0.00025,1.780015736585483e-05,1.6496562883257866,0.8010146021842957
3,17,300,0,,,,0.005,,0.0,0.03833352029323578
3,17,300,10,0.00023275986313819885,0.0002394247116171755,0.0002548441100087163,0.004986989501499649,2.5321123757748865e-05,0.08276017755270004,0.07664314657449722
3,17,300,20,0.00022750595235265791,0.00022963353694649413,0.00024464989037685996,0.004948100551742787,2.3525526557932608e-05,0.16496993601322174,0.11489839851856232
3,17,300,30,0.00022425499628297985,0.00022605810227105394,0.00023712153719637128,0.004883759226200989,2.2940346752875485e-05,0.24786406010389328,0.15311775356531143
3,17,300,40,0.00022200358216650784,0.00022299557022051886,0.00023140920647666323,0.004794670461901176,2.2444537535193376e-05,0.3302963003516197,0.19140828400850296
3,17,300,50,0.00021953711984679103,0.00022087443940108643,0.0002271568258474024,0.004681810333988041,2.2423309928853996e-05,0.41260411590337753,0.22957180440425873
3,17,300,60,0.00021833684877492487,0.0002189633349189535,0.0002238380137990469,0.004546415361640499,2.20308229472721e-05,0.4947192221879959,0.26767776906490326
3,17,300,70,0.00021665068925358355,0.00021724653925048187,0.00022117426908914374,0.00438996896050881,2.1889305571676232e-05,0.5771096274256706,0.3060465231537819
3,17,300,80,0.00021522230235859752,0.00021598074381472542,0.00021906870550270118,0.004214185190102288,2.155665606551338e-05,0.6594079881906509,0.3442457616329193
3,17,300,90,0.00021289076539687812,0.00021424429141916334,0.00021710819043204053,0.0040209899741946225,2.1634265067405067e-05,0.7423211336135864,0.3825697973370552
3,17,300,100,0.00021201715571805835,0.00021271913283271715,0.00021532525280854029,0.0038124999999999964,2.125087848980911e-05,0.8246077969670296,0.42097357660532
3,17,300,110,0.00021048069174867123,0.00021089278743602335,0.00021351719856553376,0.00359099952730502,2.0812423827010207e-05,0.9071514829993248,0.45918557047843933
3,17,300,120,0.00020909396698698401,0.00020965309959137813,0.00021194145734433165,0.0033589153616404932,2.0654177205869928e-05,0.9899605289101601,0.4974363073706627
3,17,300,130,0.00020814372692257166,0.0002083086103084497,0.0002104653418899709,0.0031187902656921703,2.00256981770508e-05,1.0721812471747398,0.5356215611100197
3,17,300,140,0.00020593436784110963,0.00020664765761466697,0.0002088997347775987,0.0028732551002606677,2.0549105101963505e-05,1.1552345231175423,0.5738658830523491
3,17,300,150,0.00020400929497554898,0.00020503290579654276,0.00020730872022883438,0.0026249999999999893,2.0042378309881315e-05,1.2375670075416565,0.612220823764801
3,17,300,160,0.0002020687679760158,0.0002033342738286592,0.00020567248354086645,0.002376744899739311,1.9757988411583938e-05,1.3197629004716873,0.6504244282841682
3,17,300,170,0.00020084725110791624,0.00020221712766215204,0.00020425193793461387,0.0021312097343078075,1.9672055714181624e-05,1.4027729108929634,0.6886140406131744
3,17,300,180,0.00019908245303668082,0.0002003590256208554,0.00020264829928161098,0.001891084638359488,1.935648833750747e-05,1.48495814204216,0.7269407287240028
3,17,300,190,0.00019743246957659721,0.00019888753013219684,0.00020111725601314507,0.001659000472694964,1.925790093082469e-05,1.5674829110503197,0.7650613561272621
3,17,300,200,0.0001969521545106545,0.00019684222497744485,0.00019938647627862292,0.0014374999999999909,1.901221548905596e-05,1.6499764397740364,0.8033932223916054
3,17,300,210,0.00019593111937865615,0.00019589369767345489,0.00019797783452742663,0.0012290100258053693,1.896675894386135e-05,1.7321152612566948,0.8417669385671616
3,17,300,220,0.00019267458992544562,0.00019442108896328136,0.00019651655238499542,0.0010358148098977061,1.846993836807087e-05,1.8151730298995972,0.8800170347094536
3,17,300,230,0.00019275379600003362,0.00019319344428367913,0.00019515375590086997,0.0008600310394911841,1.7914715499500744e-05,1.8971987664699554,0.9183044731616974
3,17,300,240,0.0001911298168124631,0.00019168399448972196,0.0001937355850192622,0.0007035846383594969,1.7859825675259344e-05,1.9792697802186012,0.9563451036810875
3,17,300,250,0.00019100730423815548,0.0001911467988975346,0.0001926982093763801,0.0005681896660119565,1.756922029017005e-05,2.0625186190009117,0.9947180524468422
3,17,300,260,0.00018967079813592136,0.00019027446251129732,0.000191708805926861,0.00045532953809882177,1.7240468878298998e-05,2.144623190164566,1.0328892022371292
3,17,300,270,0.0001888659317046404,0.00018948194629047065,0.00019082655340681962,0.00036624077379900945,1.7073854905902408e-05,2.227115325629711,1.070920281112194
3,17,300,280,0.00018809671746566892,0.00018904905155068264,0.0001901093081080388,0.0003018994482572113,1.6822730685817078e-05,2.309371195733547,1.1091181635856628
3,17,300,290,0.0001887814432848245,0.00018874116358347237,0.00018955399757303494,0.0002630104985003508,1.7086282241507433e-05,2.3914558365941048,1.1472991555929184
3,17,300,300,0.00018777771038003266,0.00018812284397426993,0.00018895542490312309,0.00025,1.7557562387082726e-05,2.4746032431721687,1.185587301850319
3,17,400,0,,,,0.005,,0.0,0.03828662633895874
3,17,400,10,0.00023272467660717666,0.0002394275725237094,0.00025484513532094495,0.004992678667616179,2.530645542719867e-05,0.08240903913974762,0.07646629214286804
3,17,400,20,0.00022730710043106228,0.0002296104546985589,0.00024464053048811455,0.004970759808913452,2.3635193429072388e-05,0.16541851311922073,0.11460447311401367
3,17,400,30,0.0002244525821879506,0.00022614556219195946,0.00023715926138224064,0.0049343785609444815,2.3013324607745744e-05,0.2475496008992195,0.15370620042085648
3,17,400,40,0.0002220553287770599,0.00022306529426714407,0.0002314566091964227,0.00488375922620099,2.2397427528630942e-05,0.3298749029636383,0.19185126572847366
3,17,400,50,0.0002196813002228737,0.00022093609877629205,0.00022721237141115714,0.004819213889714307,2.2328040358843282e-05,0.4128314331173897,0.2299363613128662
3,17,400,60,0.0002182522730436176,0.0002190540879382752,0.00022390456816053525,0.004741140494947374,2.1985057173878886e-05,0.4950059801340103,0.26813531666994095
3,17,400,70,0.00021692962036468089,0.00021740378433605657,0.00022128087369165648,0.00465002039034097,2.19555677176686e-05,0.577531710267067,0.3062482997775078
3,17,400,80,0.00021556403953582048,0.00021621470659738407,0.00021923005415234916,0.0045464153616404995,2.1408772227005102e-05,0.6602934002876282,0.34449849277734756
3,17,400,90,0.00021347188157960773,0.0002145902850315906,0.00021734534659233036,0.004430964168300072,2.1814363208250143e-05,0.7424164488911629,0.38266993314027786
3,17,400,100,0.00021257653133943677,0.00021322858083294705,0.00021567607739979565,0.0043043786053180485,2.1289451979100704e-05,0.8251515552401543,0.4207402542233467
3,17,400,110,0.0002112175861839205,0.00021168617240618914,0.000214047392158177,0.004167439114784184,2.0865763872279786e-05,0.9073888957500458,0.4590606540441513
3,17,400,120,0.00021007886971347034,0.0002105936873704195,0.00021263775002764912,0.004020989974194618,2.0764067812706344e-05,0.9897928759455681,0.49709203094244003
3,17,400,130,0.0002093091025017202,0.00020950294419890269,0.00021136486230288282,0.0038659340912003733,2.0223331375746056e-05,1.0729120522737503,0.5353136882185936
3,17,400,140,0.00020782202773261815,0.00020825069659622387,0.00021008875393870851,0.0037032274368814155,2.092190334224142e-05,1.1550289914011955,0.573492705821991
3,17,400,150,0.00020611222134903073,0.0002070623784675263,0.00020883916731931546,0.003533873151867078,2.035257057286799e-05,1.2374934703111649,0.6116191893815994
3,17,400,160,0.00020460292580537498,0.00020567476021824405,0.00020753186884087723,0.003358915361640489,2.00710474018706e-05,1.3202629014849663,0.6499401405453682
3,17,400,170,0.0002037293161265552,0.0002048788359388709,0.00020644007815015213,0.003179432739157763,2.0045075871166773e-05,1.4024521186947823,0.6880121380090714
3,17,400,180,0.00020209360809531063,0.0002033779674093239,0.0002051740613658424,0.0029965318544705353,1.985054768738337e-05,1.4853358715772629,0.7260772734880447
3,17,400,190,0.0002009630115935579,0.00020218343997839837,0.00020395519450211813,0.0028113403523536192,1.9816021449514665e-05,1.5675527453422546,0.7642583549022675
3,17,400,200,0.00020055583445355296,0.00020042261749040336,0.00020252359623666212,0.002624999999999986,1.9380877347430214e-05,1.6499545648694038,0.8023229762911797
3,17,400,210,0.00019938935292884707,0.00019950347923440858,0.00020129772510854864,0.0024386596476463534,1.950952355400659e-05,1.7320884466171265,0.8403397053480148
3,17,400,220,0.0001960188092198223,0.00019811080128420144,0.00019998423477103543,0.0022534681455294346,1.9230546968174167e-05,1.8142726048827171,0.8784176632761955
3,17,400,230,0.00019631546456366777,0.0001967413569218479,0.00019865451625251333,0.002070567260842208,1.877890099422075e-05,1.8963663652539253,0.9166237786412239
3,17,400,240,0.00019426686048973352,0.00019492919964250177,0.00019712968478791581,0.0018910846383594865,1.8787821318255737e-05,1.9790464490652084,0.9546912908554077
3,17,400,250,0.00019380508456379175,0.0001941475216881372,0.00019592722663717873,0.0017161268481328997,1.857954885053914e-05,2.0614394694566727,0.9929099753499031
3,17,400,260,0.0001918786292662844,0.00019266143935965375,0.00019459162153883237,0.0015467725631185653,1.8345868738833815e-05,2.143632709980011,1.031050905585289
3,17,400,270,0.0001903464726638049,0.0001913396263262257,0.00019329156840234633,0.001384065908799612,1.8230472051072866e-05,2.2265938594937325,1.0692289918661118
3,17,400,280,0.00018937821732833982,0.00019027410307899119,0.00019206587119689257,0.001229010025805368,1.7971837223740295e-05,2.3086864799261093,1.1074414998292923
3,17,400,290,0.0001892746367957443,0.0001894409622764215,0.00019099841091674258,0.001082560885215807,1.8069757061311975e-05,2.391088269650936,1.145382210612297
3,17,400,300,0.00018725727568380535,0.0001881161457276903,0.00018980621235799956,0.000945621394681944,1.8270382497576065e-05,2.4735710620880127,1.1835966408252716
3,17,400,310,0.00018680830544326454,0.0001876822774647735,0.00018892893765410317,0.0008190358316999218,1.7641239537624642e-05,2.555703729391098,1.221947193145752
3,17,400,320,0.0001860331103671342,0.00018666578980628402,0.00018798497176863684,0.0007035846383594963,1.7170274077216163e-05,2.638502225279808,1.2600280568003654
3,17,400,330,0.00018609687685966492,0.0001858354051364586,0.00018710535723380825,0.0005999796096590286,1.7202481103595346e-05,2.720688171684742,1.2981612011790276
3,17,400,340,0.00018498653662391007,0.00018562351469881834,0.00018649064816324813,0.0005088595050526241,1.6814105038065463e-05,2.802888296544552,1.336199700832367
3,17,400,350,0.00018477722187526524,0.0001847196981543675,0.000185787139165474,0.00043078611028569286,1.6776411939645186e-05,2.8859527483582497,1.3743823543190956
3,17,400,360,0.00018445703608449548,0.00018490300426492466,0.0001854134393160927,0.00036624077379900923,1.6240572222159244e-05,2.968103587627411,1.4125230237841606
3,17,400,370,0.00018373483908362687,0.00018426770548103378,0.00018493428205527127,0.00031562143905551756,1.6119724023155868e-05,3.050300046801567,1.4504619762301445
3,17,400,380,0.0001831332774600014,0.0001836363662732765,0.00018440178376725593,0.0002792401910865478,1.601784060767386e-05,3.132807105779648,1.488769955933094
3,17,400,390,0.00018260770593769848,0.0001834785463870503,0.00018401380544219676,0.00025732133238382107,1.6042413335526362e-05,3.2150692269206047,1.5267765298485756
3,17,400,400,0.00018302659736946225,0.00018334049236727877,0.00018376501958422813,0.00025,1.622886884433683e-05,3.2977483570575714,1.5648653954267502
3,17,500,0,,,,0.005,,0.0,0.03818357735872269
3,17,500,10,0.00023262489412445575,0.00023941890249261631,0.00025484066323510653,0.004995313480017145,2.5282028218498453e-05,0.0824437066912651,0.07624220103025436
3,17,500,20,0.00022736238315701485,0.0002295699479873292,0.0002446224086127105,0.004981272415621885,2.351720650040079e-05,0.16512233763933182,0.11459629237651825
3,17,500,30,0.00022442688350565732,0.00022606797283515335,0.00023711540764395647,0.004957932220480637,2.302420216437895e-05,0.24744920432567596,0.1526917740702629
3,17,500,40,0.0002221631002612412,0.00022303351433947683,0.00023142262676692068,0.004925385007680501,2.2628631995758042e-05,0.3300696536898613,0.19082128256559372
3,17,500,50,0.00021956482669338584,0.00022098664048826323,0.00022721096758654018,0.004883759226200992,2.23913521040231e-05,0.41206610202789307,0.22888630628585815
3,17,500,60,0.00021869665943086147,0.00021916366822551935,0.0002239537533524567,0.004833219153984597,2.2140124201541767e-05,0.4940718859434128,0.2668941617012024
3,17,500,70,0.0002168885403079912,0.00021747556456830353,0.0002213390272885377,0.0047739642496067965,2.2015497961547226e-05,0.5772015303373337,0.3051047623157501
3,17,500,80,0.00021595656289719045,0.00021640537743223832,0.00021934433744429292,0.004706228365104177,2.1640056729665957e-05,0.6593319997191429,0.3433331176638603
3,17,500,90,0.00021371402544900775,0.0002149259889847599,0.00021754933475006115,0.004630278823067287,2.1860827473574318e-05,0.7416051924228668,0.3814145550131798
3,17,500,100,0.00021295453188940883,0.0002136341150617227,0.00021595933390424691,0.004546415361640501,2.1352179828681983e-05,0.824468269944191,0.4195758327841759
3,17,500,110,0.00021187937818467617,0.00021212649589870126,0.00021439735877348736,0.0044549689515925,2.108870103256777e-05,0.9065695628523827,0.45764973759651184
3,17,500,120,0.00021067341731395572,0.0002112018861225806,0.00021309220751536157,0.004356300490125853,2.0804804080398753e-05,0.9894984140992165,0.4957955330610275
3,17,500,130,0.00021005305461585522,0.00021031480719102547,0.0002119607654252067,0.004250799376580636,2.0528928871499375e-05,1.0717097222805023,0.5341641828417778
3,17,500,140,0.00020854943431913853,0.0002090507638058625,0.000210766178504473,0.004138881975653138,2.0878665964119136e-05,1.1544061079621315,0.5722867771983147
3,17,500,150,0.00020709657110273838,0.00020791980787180365,0.00020959618026807596,0.004020989974194622,2.0498626327025704e-05,1.2369991838932037,0.6103358864784241
3,17,500,160,0.00020574122027028352,0.00020672706159530208,0.00020841149692423885,0.0038975886380751106,2.0314493667683564e-05,1.3191373124718666,0.6486961096525192
3,17,500,170,0.00020497232617344707,0.0002060239712591283,0.00020742931668419202,0.0037691649759915647,2.003031113417819e-05,1.4019320830702782,0.6867733597755432
3,17,500,180,0.00020351125567685813,0.0002047197485808283,0.00020631216901308358,0.0036362258174670375,1.99714249902172e-05,1.4843756258487701,0.725218340754509
3,17,500,190,0.00020276060968171805,0.0002037821031990461,0.0002052843433705011,0.003499295812626098,1.9970970242866315e-05,1.5664788484573364,0.7634482830762863
3,17,500,200,0.00020249473163858056,0.00020220922160660849,0.0002040426534800534,0.0033589153616404863,1.952029015228618e-05,1.6493929028511047,0.8015456050634384
3,17,500,210,0.0002013174962485209,0.00020156575628789143,0.0002030358236455501,0.003215638482016514,1.9732176951947622e-05,1.7315744832158089,0.8397599533200264
3,17,500,220,0.0001984191476367414,0.00020041841053171084,0.00020195188852631884,0.0030700306221410787,1.941609116329346e-05,1.8140961080789566,0.8777633383870125
3,17,500,230,0.0001989618467632681,0.00019920827326131986,0.00020082713313546375,0.0029226664297152035,1.8877379261539318e-05,1.8966414853930473,0.9159507751464844
3,17,500,240,0.0001968949509318918,0.00019765075703617185,0.00019952828688529954,0.002774127483882098,1.9076576791121624e-05,1.978694036602974,0.954042911529541
3,17,500,250,0.00019656868244055659,0.00019693366484716535,0.00019847933508268365,0.002624999999999979,1.8837350580724888e-05,2.0612891018390656,0.9921555519104004
3,17,500,260,0.0001949828874785453,0.00019557425985112787,0.00019729089937676488,0.00247587251611786,1.8795983123709448e-05,2.1434211358428,1.0302274599671364
3,17,500,270,0.00019373084069229662,0.00019432188564678655,0.00019611018531766366,0.0023273335702847535,1.8695960534387268e-05,2.2255145981907845,1.0682798326015472
3,17,500,280,0.00019216336659155786,0.00019309117924422027,0.00019488024656527815,0.0021799693778588774,1.8691451259655878e-05,2.3075782656669617,1.1063774600625038
3,17,500,290,0.00019173507462255657,0.00019215844076825306,0.0001937694511282767,0.0020343615179834454,1.8693610400077887e-05,2.389647901058197,1.1444681957364082
3,17,500,300,0.00018955886480398476,0.00019063855579588563,0.00019247229532988653,0.0018910846383594765,1.892520594992675e-05,2.4718354642391205,1.1826841682195663
3,17,500,310,0.00018905760953202844,0.00019004796631634236,0.00019147401322193555,0.0017507041873738687,1.83760766958585e-05,2.5549148246645927,1.2209353148937225
3,17,500,320,0.00018795247888192534,0.0001887410820927471,0.00019033550409831553,0.0016137741825329329,1.7919188394444063e-05,2.6372705176472664,1.2593278214335442
3,17,500,330,0.00018761708633974195,0.00018761640967568383,0.00018921929765252895,0.0014808350240084096,1.7937096345121972e-05,2.719427227973938,1.2974545136094093
3,17,500,340,0.00018616938905324787,0.0001870065403636545,0.00018830196995528524,0.001352411361924868,1.760929990268778e-05,2.8022276014089584,1.3358440473675728
3,17,500,350,0.00018546073988545686,0.00018578033050289377,0.00018729178838235817,0.0012290100258053628,1.7747875972418115e-05,2.884389340877533,1.3741522431373596
3,17,500,360,0.00018529228691477329,0.0001855894675827585,0.0001865835214642588,0.0011111180243468495,1.7196898625115864e-05,2.9670024663209915,1.4124930948019028
3,17,500,370,0.00018407191964797676,0.00018459783605067058,0.00018576194308399265,0.0009992006234193546,1.7024140106514096e-05,3.049639992415905,1.4508784115314484
3,17,500,380,0.00018303890828974545,0.00018364036513958127,0.00018489296992440376,0.0008936995098741384,1.6827832951094024e-05,3.1318621933460236,1.4890327230095863
3,17,500,390,0.00018248750711791217,0.00018316488713026046,0.00018418289340155883,0.0007950310484074932,1.6717393009457737e-05,3.2149322256445885,1.5274362489581108
3,17,500,400,0.0001825440558604896,0.00018267565465066583,0.00018359694521229028,0.0007035846383594937,1.673934457357973e-05,3.297193430364132,1.5657708197832108
3,17,500,410,0.00018154099234379828,0.0001818836710299365,0.00018290767343491667,0.0006197211769327091,1.6187874280149117e-05,3.3798379376530647,1.6039342433214188
3,17,500,420,0.0001826076622819528,0.00018171361443819478,0.00018243845945648657,0.0005437716348958199,1.62261349032633e-05,3.46292082965374,1.6423290520906448
3,17,500,430,0.0001815140713006258,0.00018161235784646123,0.00018211709565736493,0.0004760357503932009,1.6134741599671543e-05,3.5450856909155846,1.6806818470358849
3,17,500,440,0.0001805226202122867,0.00018097967113135384,0.0001816452190016188,0.00041678084601540037,1.5974701454979368e-05,3.627957634627819,1.7190521657466888
3,17,500,450,0.00018121965695172548,0.0001807854714570567,0.00018129318873791306,0.0003662407737990087,1.586468715686351e-05,3.710329107940197,1.7575156688690186
3,17,500,460,0.0001796251453924924,0.00018036644032690675,0.0001809055220173242,0.00032461499231950015,1.5809333490324207e-05,3.7925769612193108,1.7957314923405647
3,17,500,470,0.00017874200420919806,0.00018006707250606269,0.00018054413609642545,0.0002920677795193637,1.5514506230829284e-05,3.875456430017948,1.8339136689901352
3,17,500,480,0.00017924149869941175,0.00018014836387010292,0.00018036992800415756,0.00026872758437811503,1.5412777429446578e-05,3.9575968608260155,1.8722473159432411
3,17,500,490,0.00017958323587663472,0.00017997324757743627,0.000180198568697999,0.00025468651998285496,1.541846722830087e-05,4.039936870336533,1.9104429706931114
3,17,500,500,0.000179767026565969,0.000179515867785085,0.00017991369514687826,0.00025,1.550956949358806e-05,4.122773088514805,1.9487574473023415
3,17,600,0,,,,0.005,,0.0,0.03849855065345764
3,17,600,10,0.00023262060130946338,0.00023941436083987355,0.0002548386167689274,0.004996745145042113,2.5221961550414562e-05,0.08261573314666748,0.07654687017202377
3,17,600,20,0.00022744065790902823,0.00022963556839386,0.00024465012724632666,0.0049869895014996515,2.3623824745300226e-05,0.1657339408993721,0.11476778239011765
3,17,600,30,0.00022433986305259168,0.00022601008968194946,0.0002371067092317965,0.004970759808913455,2.2942547730053775e-05,0.24792349338531494,0.1529904007911682
3,17,600,40,0.00022207490110304207,0.00022301271092146636,0.0002314073511765281,0.004948100551742791,2.235235479020048e-05,0.33078815042972565,0.190997414290905
3,17,600,50,0.0002197233698097989,0.00022100303322076799,0.0002272095668603848,0.004919073837436538,2.2458163584815338e-05,0.4134270176291466,0.22927536070346832
3,17,600,60,0.00021874092635698617,0.0002192861633375287,0.000224000350298948,0.00488375922620099,2.2169688236317597e-05,0.4954719841480255,0.26738735288381577
3,17,600,70,0.00021720852237194777,0.00021766423742519692,0.00022144167068322782,0.0048422535129308535,2.2033766072127037e-05,0.5786594375967979,0.3055761381983757
3,17,600,80,0.00021606715745292604,0.00021654774755006657,0.00021946323092370622,0.004794670461901176,2.1576184735749848e-05,0.6608449667692184,0.34381334483623505
3,17,600,90,0.00021414928778540343,0.00021519287111004815,0.00021772893334460412,0.004741140494947373,2.190158011217136e-05,0.7431298419833183,0.3820224404335022
3,17,600,100,0.0002133965608663857,0.0002139324860763736,0.00021618652327997758,0.004681810333988041,2.1454541638377123e-05,0.8259434252977371,0.4201838970184326
3,17,600,110,0.00021223224757704884,0.00021239642082946376,0.00021464171851762691,0.004616842598870382,2.1184428987908177e-05,0.9080991595983505,0.45831163227558136
3,17,600,120,0.00021113705588504672,0.00021146368089830503,0.0002133498902119011,0.0045464153616404995,2.095212221320253e-05,0.9906873404979706,0.4964200556278229
3,17,600,130,0.00021044362802058458,0.00021061687875771894,0.00021224032037297794,0.004470721658460307,2.0570574633893557e-05,1.0732015892863274,0.5347635596990585
3,17,600,140,0.0002090793423121795,0.00020951484912075103,0.0002111194333878875,0.004389968960508812,2.092313297907822e-05,1.1554117947816849,0.5729208141565323
3,17,600,150,0.0002076574310194701,0.00020831230358453467,0.00020996644498606613,0.004304378605318053,2.063206375169102e-05,1.2384209260344505,0.6110677048563957
3,17,600,160,0.00020621596195269376,0.00020731627591885626,0.00020887056488538586,0.00421418519010229,2.036526166193653e-05,1.3205008059740067,0.6494186371564865
3,17,600,170,0.00020582927390933037,0.00020676280400948598,0.00020800178828935778,0.004119635928743364,2.0222678358550183e-05,1.4031131863594055,0.687577448785305
3,17,600,180,0.00020441734523046762,0.00020555404189508407,0.00020698997281482187,0.004020989974194621,2.0089142708457075e-05,1.485882207751274,0.7258294224739075
3,17,600,190,0.00020400549692567438,0.00020481057581491768,0.0002061062189070175,0.003918517708160683,1.99764508579392e-05,1.5680663213133812,0.7641303539276123
3,17,600,200,0.00020375536405481398,0.0002034608623944223,0.00020504025573957392,0.0038124999999999912,1.9578188585001044e-05,1.6508322358131409,0.802239902317524
3,17,600,210,0.00020268083608243614,0.00020285408245399595,0.00020414840567158088,0.003703227436881412,1.989974953175988e-05,1.7326666116714478,0.8403576463460922
3,17,600,220,0.00020000446238555014,0.00020188239286653698,0.0002032112187335589,0.003590999527305013,1.955131665454246e-05,1.8147810623049736,0.8785442858934402
3,17,600,230,0.00020067996229045093,0.00020078007655683906,0.0002022151456148611,0.0034761238801700733,1.9120274373563007e-05,1.8970148786902428,0.9166482612490654
3,17,600,240,0.00019866801449097693,0.00019928751280531287,0.0002010189548128047,0.0033589153616404837,1.9206421711714938e-05,1.9797843918204308,0.954878993332386
3,17,600,250,0.0001984572154469788,0.0001987302821362391,0.00020009710165489733,0.0032396952321184693,1.8917929992312565e-05,2.0619588419795036,0.993026852607727
3,17,600,260,0.00019712904759217054,0.00019756676629185678,0.0001990626510724711,0.00311879026569216,1.8939070287160575e-05,2.144693024456501,1.0311763733625412
3,17,600,270,0.00019577398779802024,0.00019641512335510924,0.00019800964800726647,0.0029965318544705275,1.8877692127716728e-05,2.227267660200596,1.0695329308509827
3,17,600,280,0.0001942407398018986,0.00019524535455275326,0.0001968822861791817,0.0028732551002606556,1.878933653642889e-05,2.30952275544405,1.1076849475502968
3,17,600,290,0.00019435690774116665,0.00019440870819380506,0.00019587265408229978,0.002749297896076969,1.887273356260266e-05,2.3926232680678368,1.14594716578722
3,17,600,300,0.00019195402273908257,0.00019303699518786744,0.000194697421899067,0.0026249999999999746,1.9240158508182503e-05,2.4747998267412186,1.184318870306015
3,17,600,310,0.0001916454202728346,0.00019252116180723533,0.00019380007970865113,0.0025007021039229835,1.8753409676719457e-05,2.5571747049689293,1.2223327979445457
3,17,600,320,0.00019057129975408316,0.00019125442049698903,0.00019273707429787323,0.002376744899739297,1.823395177780185e-05,2.640233464539051,1.2606016770005226
3,17,600,330,0.00019015437283087522,0.00019006153743248433,0.0001916414914334626,0.002253468145529425,1.8375607396592386e-05,2.722348563373089,1.2987805977463722
3,17,600,340,0.00018811121117323637,0.00018931014492409303,0.00019067270058556113,0.002131209734307794,1.8046173863695003e-05,2.8049534633755684,1.3368305414915085
3,17,600,350,0.00018778478261083364,0.0001880651732790284,0.00018962911759710997,0.002010304767881488,1.8387025193078443e-05,2.8873439729213715,1.3752130791544914
3,17,600,360,0.00018720526713877916,0.00018763006228255107,0.00018879711399951492,0.0018910846383594763,1.7678110452834517e-05,2.96958027780056,1.4132977351546288
3,17,600,370,0.00018607013043947518,0.00018646671815076844,0.00018783721357635836,0.0017738761198298906,1.7575010133441538e-05,3.052547186613083,1.4514652863144875
3,17,600,380,0.00018465740140527487,0.00018533994734752922,0.000186813234251282,0.0016590004726949538,1.7560789274284616e-05,3.1347605288028717,1.4897942543029785
3,17,600,390,0.00018384927534498274,0.00018457535916240885,0.00018589527969248076,0.0015467725631185573,1.732725286274217e-05,3.2172893434762955,1.527835302054882
3,17,600,400,0.00018376224034000188,0.00018388616590527817,0.00018510646009075313,0.0014374999999999822,1.7473361367592588e-05,3.3001402765512466,1.5660705342888832
3,17,600,410,0.0001824451028369367,0.00018288888240931557,0.000184207730724253,0.001331482291839296,1.6964848327916116e-05,3.382280148565769,1.6043486297130585
3,17,600,420,0.00018320551316719502,0.00018254228052683175,0.00018354414361164607,0.001229010025805363,1.7050952010322362e-05,3.4650768637657166,1.6424393877387047
3,17,600,430,0.00018212386930827051,0.00018214828305644913,0.00018299129640837346,0.0011303640712566243,1.683894151938148e-05,3.5472350418567657,1.6808010190725327
3,17,600,440,0.00018078087305184454,0.00018126885988749563,0.00018228260917211192,0.0010358148098977011,1.6750916984165087e-05,3.6295837983489037,1.7190340980887413
3,17,600,450,0.00018177559832111,0.00018098313739756122,0.00018175494156110058,0.0009456213946819407,1.6561441952944733e-05,3.712617874145508,1.7571673318743706
3,17,600,460,0.00017960758123081177,0.00018032036168733612,0.00018116227104390044,0.0008600310394911803,1.6466474335175008e-05,3.7947553768754005,1.7953892275691032
3,17,600,470,0.00017828067939262837,0.00017973911017179489,0.00018056289425231746,0.0007792783415396872,1.619944850972388e-05,3.8769076094031334,1.8335379362106323
3,17,600,480,0.0001786109060049057,0.00017967677558772266,0.0001801838276050123,0.0007035846383594942,1.608534876140766e-05,3.9592159762978554,1.871716670691967
3,17,600,490,0.0001786419452400878,0.0001791266637155786,0.0001797437413072883,0.0006331574011296133,1.5750414604553953e-05,4.04133827239275,1.9099452495574951
3,17,600,500,0.00017861032392829657,0.00017856158083304763,0.00017925450245354608,0.0005681896660119545,1.586640973982867e-05,4.12359032034874,1.948063664138317
3,17,600,510,0.0001778541482053697,0.00017814422608353198,0.0001787948444635057,0.0005088595050526232,1.576114482304547e-05,4.206395775079727,1.986281856894493
3,17,600,520,0.00017858298087958246,0.00017800237110350282,0.00017848624462811252,0.0004553295380988207,1.560639611852821e-05,4.288740232586861,2.024778299033642
3,17,600,530,0.000177734560566023,0.00017788364639272913,0.00017823407692034514,0.000407746487069144,1.5600411643390544e-05,4.371320016682148,2.062915615737438
3,17,600,540,0.00017694792768452317,0.0001776302684447728,0.00017798995860289883,0.000366240773799009,1.5198652363324072e-05,4.454312562942505,2.1016484797000885
3,17,600,550,0.00017823079542722553,0.00017756037414073944,0.00017782218688150496,0.0003309261625634618,1.533109934825916e-05,4.536782972514629,2.139967530965805
3,17,600,560,0.00017726166697684675,0.00017752228886820377,0.0001776865798649177,0.00030189944825721114,1.5244442693074234e-05,4.61975920945406,2.1782729104161263
3,17,600,570,0.00017819469212554395,0.00017757295572664588,0.00017765143588647074,0.00027924019108654767,1.5232180885504931e-05,4.702378764748573,2.216715954244137
3,17,600,580,0.00017661810852587223,0.00017679932207101957,0.00017729365321064147,0.00026301049850035074,1.4904995623510331e-05,4.785043768584728,2.255408026278019
3,17,600,590,0.00017702978220768273,0.0001770163726177998,0.0001771967172851378,0.0002532548549578871,1.4848920727672521e-05,4.868261203169823,2.2936396449804306
3,17,600,600,0.00017691591347102076,0.00017688729567453266,0.00017708208733779169,0.00025,1.5061732483445667e-05,4.95078194886446,2.3319260701537132
3,17,700,0,,,,0.005,,0.0,0.03817831724882126
3,17,700,10,0.00023273160331882536,0.00023942164407344534,0.00025484246126089533,0.004997608533035624,2.5147051928797737e-05,0.08247336000204086,0.07627321034669876
3,17,700,20,0.0002274105791002512,0.00022959101625019684,0.00024463243888139287,0.004990438948238695,2.350350587221328e-05,0.16468095779418945,0.11446012556552887
3,17,700,30,0.00022460357286036015,0.00022608049912378191,0.00023712732642088932,0.004978505684198846,2.3198770577437244e-05,0.24736328423023224,0.15258324146270752
3,17,700,40,0.00022234447533264756,0.00022310241474770008,0.0002314589100620016,0.004961832772921746,2.2619116862188093e-05,0.3301805108785629,0.19088347256183624
3,17,700,50,0.00022003718186169863,0.00022110503632575274,0.00022728341919300306,0.004940453791431832,2.2610649466514587e-05,0.4124739095568657,0.22893932461738586
3,17,700,60,0.00021870029740966856,0.00021930058574071154,0.00022405174539880218,0.004914411794152653,2.2279273252934217e-05,0.49473296105861664,0.26712339371442795
3,17,700,70,0.00021720159566029906,0.00021777782094432042,0.00022151706235203962,0.004883759226200991,2.2000744138495065e-05,0.5770296454429626,0.3053244426846504
3,17,700,80,0.00021625691442750394,0.0002166567588574253,0.00021955552670620878,0.004848557817769377,2.1652391296811402e-05,0.6593377515673637,0.34353431314229965
3,17,700,90,0.00021409825421869755,0.00021518449357245119,0.0002177801794234592,0.004808878459809697,2.207098077633418e-05,0.7423295453190804,0.3816411420702934
3,17,700,100,0.00021340345847420394,0.00021398388780653478,0.00021623901818653918,0.0047648010612682465,2.1541371097555384e-05,0.8249684944748878,0.4200587496161461
3,17,700,110,0.0002121826692018658,0.00021256143954815344,0.0002147351694042349,0.004716414388159756,2.1340305465855636e-05,0.9073648899793625,0.45832591503858566
3,17,700,120,0.00021127823856659234,0.00021165996295167134,0.00021348482487725215,0.004663815884804437,2.0910480088787153e-05,0.9905367940664291,0.4965343773365021
3,17,700,130,0.00021060339349787682,0.00021079992293380201,0.00021239298957211956,0.004607111477588099,2.0487685105763376e-05,1.0727538913488388,0.534923292696476
3,17,700,140,0.0002093289658660069,0.00020975901425117626,0.00021131040259311288,0.004546415361640505,2.1061083316453733e-05,1.1554664298892021,0.5730557441711426
3,17,700,150,0.00020786741515621543,0.00020869341387879102,0.00021023063612992881,0.004481849770861575,2.050054354185704e-05,1.238267682492733,0.6112246513366699
3,17,700,160,0.00020670832600444555,0.00020767639798577875,0.00020917272367746513,0.004413544731758579,2.0344730728538707e-05,1.3205147460103035,0.6496203020215034
3,17,700,170,0.00020638087880797684,0.00020718785526696593,0.00020835640019883925,0.004341637801590058,2.0429204596439376e-05,1.403536006808281,0.6878442913293839
3,17,700,180,0.0002050973562290892,0.00020609730127034708,0.0002074205898206556,0.004266273791343808,2.0211286027915776e-05,1.4859076365828514,0.7261770963668823
3,17,700,190,0.00020443745597731322,0.00020542622223729268,0.00020660770744396507,0.0041876044741068225,2.0257921278243884e-05,1.5684635639190674,0.7643891870975494
3,17,700,200,0.0002043844579020515,0.00020401772198965772,0.00020556267537257997,0.004105788279414497,1.9812870959867723e-05,1.6513706147670746,0.8026634901762009
3,17,700,210,0.00020332280837465078,0.0002034738237853162,0.0002047137307592957,0.004020989974194624,2.0004836187581532e-05,1.7338052839040756,0.8409026488661766
3,17,700,220,0.00020088029850739986,0.00020268764055799692,0.00020387506402884574,0.003933380330948743,1.9551163859432563e-05,1.8161732479929924,0.8790128454566002
3,17,700,230,0.00020159565610811114,0.00020168676128378137,0.0002029790834345823,0.003843135783839026,1.9195758795831352e-05,1.8984176367521286,0.9172521904110909
3,17,700,240,0.00020007614511996508,0.000200366233184468,0.00020191833482288964,0.0037504380733733673,1.9472143321763724e-05,1.9807375445961952,0.9555827304720879
3,17,700,250,0.00019976298790425062,0.00019992015295429156,0.00020111631465122705,0.003655473880404196,1.9203756892238744e-05,2.063784196972847,0.9938037693500519
3,17,700,260,0.0001984987611649558,0.00019888391252607108,0.00020020303929160077,0.0035584344501780616,1.910700484586414e-05,2.1464419066905975,1.0322931855916977
3,17,700,270,0.00019742653239518404,0.0001978937318199314,0.00019928695768196364,0.003459515207193181,1.927359335240908e-05,2.229002498090267,1.0705752149224281
3,17,700,280,0.00019613522454164922,0.00019684938743012026,0.0001982950070034654,0.0033589153616404915,1.9046019588131458e-05,2.3118314892053604,1.108942173421383
3,17,700,290,0.00019591979798860848,0.0001960207853699103,0.00019736490053986767,0.0032568375082208416,1.8964094124385156e-05,2.394207686185837,1.1473448425531387
3,17,700,300,0.00019386039639357477,0.00019486918754409998,0.00019632812512401007,0.003153487218146233,1.9339520804351196e-05,2.4771232157945633,1.1856127008795738
3,17,700,310,0.00019378235447220504,0.00019446017977315934,0.00019555969783220791,0.003049072625146745,1.8855966118280776e-05,2.559820920228958,1.2239610329270363
3,17,700,320,0.0001924990938277915,0.00019328520284034312,0.00019460608408472074,0.002943804006316912,1.838569005485624e-05,2.642068438231945,1.2622942328453064
3,17,700,330,0.00019220182730350643,0.00019211373728467152,0.0001935839888602648,0.002837893358645634,1.8458558770362288e-05,2.724363513290882,1.3004684746265411
3,17,700,340,0.00019019865430891514,0.00019138937932439148,0.00019267006945904847,0.002731553972082453,1.8382977941655554e-05,2.80662177503109,1.3387953639030457
3,17,700,350,0.0001898014743346721,0.00019024628709303216,0.00019169772150629764,0.002624999999999979,1.8543094483902678e-05,2.8890600129961967,1.3769486546516418
3,17,700,360,0.0001894501328933984,0.00018978227453771978,0.00019090009688929938,0.002518446027917505,1.7895810742629692e-05,2.972004324197769,1.4152905270457268
3,17,700,370,0.0001882894866866991,0.0001886672427644953,0.00018998074595985706,0.0024121066413543227,1.7909324014908634e-05,3.054296612739563,1.453626163303852
3,17,700,380,0.00018684996757656336,0.00018753479671431705,0.00018897848923252365,0.0023061959936830434,1.8039232600131072e-05,3.1368269249796867,1.4917921423912048
3,17,700,390,0.0001859787735156715,0.00018665577663341538,0.00018802584363842458,0.0022009273748532132,1.782459730748087e-05,3.21939630061388,1.5303497612476349
3,17,700,400,0.00018565863138064742,0.00018591014377307148,0.0001871921995203587,0.00209651278185373,1.7878284779726528e-05,3.3019058629870415,1.5685198083519936
3,17,700,410,0.00018441567954141647,0.00018488481000531465,0.0001862547669622143,0.001993162491779124,1.756631172611378e-05,3.38469684869051,1.6066519767045975
3,17,700,420,0.00018501983140595257,0.00018433175573591144,0.00018548504550605754,0.0018910846383594791,1.7537910025566816e-05,3.4671256467700005,1.6450943276286125
3,17,700,430,0.00018373689090367407,0.00018381697154836729,0.00018481955703829892,0.0017904847928067915,1.7378719348926097e-05,3.549478568136692,1.683349221944809
3,17,700,440,0.00018215154705103487,0.00018288224091520534,0.0001840206070250947,0.0016915655498219127,1.739547587931156e-05,3.632452644407749,1.7216452434659004
3,17,700,450,0.00018337051733396947,0.00018240863137179985,0.0001833671290931413,0.0015945261195957825,1.722884007904213e-05,3.7147329449653625,1.7599160373210907
3,17,700,460,0.00018075424304697663,0.0001816694450099021,0.00018266501224081094,0.0014995619266266122,1.7120357370004058e-05,3.7977897375822067,1.7982579320669174
3,17,700,470,0.0001793242699932307,0.00018090595549438148,0.0001819293736533998,0.0014068642161609581,1.699759559414815e-05,3.880343735218048,1.8366603776812553
3,17,700,480,0.00017958355601876974,0.00018070446385536342,0.0001814096352668566,0.0013166196690512426,1.6928323020692915e-05,3.9628778472542763,1.8749130368232727
3,17,700,490,0.00017949192260857671,0.0001799583653337322,0.0001808071210338516,0.0012290100258053637,1.647070712351706e-05,4.045985013246536,1.913215585052967
3,17,700,500,0.00017903378466144204,0.00017920322861755266,0.00018014503801548216,0.0011442117205854962,1.6544161553611048e-05,4.128287486732006,1.9517021775245667
3,17,700,510,0.00017829766147769988,0.00017868953000288457,0.00017954396595576757,0.0010623955258931717,1.6417041479144245e-05,4.211268939077854,1.9898639991879463
3,17,700,520,0.000178816873813048,0.00017839384672697635,0.0001790857180860908,0.0009837262086561868,1.641888047743123e-05,4.2939833626151085,2.0281870886683464
3,17,700,530,0.00017782108625397086,0.00017815082828747107,0.00017869736284199778,0.0009083621984099367,1.624579817871563e-05,4.376060999929905,2.066404789686203
3,17,700,540,0.0001769021328072995,0.00017768422258086504,0.00017828620296200592,0.0008364552682414167,1.5883531887084246e-05,4.458704575896263,2.1047490313649178
3,17,700,550,0.00017790071433410048,0.00017748712125467136,0.00017796754797617747,0.0007681502291384224,1.588968007126823e-05,4.541019923985004,2.1431175023317337
3,17,700,560,0.00017692238907329738,0.00017731980769895018,0.0001776863194452166,0.0007035846383594941,1.5743218682473525e-05,4.623406335711479,2.1812896206974983
3,17,700,570,0.00017782057693693787,0.00017717831942718477,0.00017749370837413987,0.0006428885224119009,1.5727822756161913e-05,4.706339031457901,2.219406343996525
3,17,700,580,0.00017623213352635503,0.00017628482746658846,0.0001769940522025392,0.0005861841151955634,1.5262023225659505e-05,4.7886669263243675,2.2578384950757027
3,17,700,590,0.00017637773999013007,0.00017636045813560486,0.00017675338686579085,0.0005335856118402431,1.5229549717332702e-05,4.870999127626419,2.2958702817559242
3,17,700,600,0.0001757603749865666,0.00017606663168407978,0.000176479802444879,0.00048519893873175113,1.526691448816564e-05,4.953521050512791,2.334018811583519
3,17,700,610,0.00017550340271554887,0.00017583723238203674,0.0001762005219035706,0.00044112154019030204,1.5197375432762783e-05,5.03579880297184,2.3721252381801605
3,17,700,620,0.00017488565936218947,0.00017491648468421773,0.00017567567118276426,0.00040144218223062177,1.4814595488132909e-05,5.118142940104008,2.4102457463741302
3,17,700,630,0.0001758698927005753,0.00017549243057146668,0.00017560913144307302,0.0003662407737990085,1.4972790268075187e-05,5.2006810158491135,2.448739193379879
3,17,700,640,0.00017559142725076526,0.00017513682250864805,0.00017541931694116543,0.0003355882058473472,1.4827978702669498e-05,5.283203154802322,2.48703620582819
3,17,700,650,0.00017436317284591496,0.0001752269672579132,0.00017532329312212836,0.00030954620856816795,1.4685362657473888e-05,5.366296499967575,2.5252702236175537
3,17,700,660,0.000174803237314336,0.00017504637798992917,0.0001752110131865875,0.0002881672270782542,1.4697077858727425e-05,5.44864521920681,2.5638264194130898
3,17,700,670,0.00017500517424196005,0.00017433907196391375,0.00017487382407550028,0.00027149431580115476,1.4497320080408826e-05,5.531197190284729,2.6018886268138885
3,17,700,680,0.00017417703929822892,0.00017473393090767787,0.00017481199763335424,0.00025956105176130705,1.4662677131127566e-05,5.613907985389233,2.640382304787636
3,17,700,690,0.00017410132568329573,0.00017456724308431148,0.00017470866707982002,0.00025239146696437784,1.4534285583067685e-05,5.6961963549256325,2.6784925535321236
3,17,700,700,0.0001738074643071741,0.00017462148098275067,0.00017466075926389883,0.00025,1.4611629012506455e-05,5.779545158147812,2.716660939157009
3,17,800,0,,,,0.005,,0.0,0.03857177495956421
3,17,800,10,0.0002327020192751661,0.00023942771804286167,0.00025484524042164046,0.004998168961071719,2.5246037694159895e-05,0.08267828822135925,0.07688678801059723
3,17,800,20,0.00022724470181856304,0.00022961165086599067,0.0002446404388771311,0.00499267866761618,2.3570690245833248e-05,0.16553596407175064,0.11516792327165604
3,17,800,30,0.0002242552873212844,0.00022602551471209153,0.00023710584296580882,0.004983537585267952,2.2955286112846807e-05,0.24792712926864624,0.1536337435245514
3,17,800,40,0.00022229398018680513,0.0002230068130302243,0.00023140692695488896,0.004970759808913454,2.2417434593080543e-05,0.3303619548678398,0.19196496158838272
3,17,800,50,0.00021974068658892065,0.00022097168111940847,0.00022719717747642153,0.0049543650409576735,2.2324809833662584e-05,0.4138331934809685,0.23028915375471115
3,17,800,60,0.00021874200319871306,0.00021920646249782295,0.00022396585428221887,0.004934378560944483,2.228964694950264e-05,0.4960675910115242,0.26855751127004623
3,17,800,70,0.00021703922539018095,0.00021764239063486456,0.0002214089882494039,0.004910831186577412,2.2008798623573966e-05,0.5786561742424965,0.3065752536058426
3,17,800,80,0.00021617099991999567,0.00021662903600372374,0.0002194769963908901,0.004883759226200989,2.1637741156155244e-05,0.6608788222074509,0.3447314277291298
3,17,800,90,0.00021405020379461348,0.00021512349194381387,0.00021770815088730617,0.004853204422815899,2.1855947125004604e-05,0.7431346327066422,0.3828677833080292
3,17,800,100,0.00021334289340302348,0.00021393974602688104,0.00021617653643381883,0.004819213889714307,2.1402853235485964e-05,0.8255131244659424,0.42104458808898926
3,17,800,110,0.00021215720335021615,0.00021249913261272012,0.00021467742563704227,0.00478184003783457,2.126299477822613e-05,0.9078591093420982,0.45946769416332245
3,17,800,120,0.000211283506359905,0.00021160431642783806,0.00021342726028098486,0.004741140494947377,2.090762063744478e-05,0.9907979518175125,0.49769002199172974
3,17,800,130,0.00021058879792690277,0.0002107469190377742,0.00021233987266794526,0.004697178016797897,2.057076017081272e-05,1.0735665783286095,0.5359934568405151
3,17,800,140,0.00020933843916282058,0.0002097634758683853,0.0002112791086683951,0.004650020390340973,2.1012285287724808e-05,1.1558563932776451,0.5743529349565506
3,17,800,150,0.00020808076078537852,0.00020871593878837302,0.0002102259856582724,0.004599740329218549,2.0561798010021448e-05,1.2385872974991798,0.6125709265470505
3,17,800,160,0.0002068401372525841,0.00020774159784195945,0.0002091978121404981,0.004546415361640503,2.0391451471368782e-05,1.3207786455750465,0.6509366780519485
3,17,800,170,0.00020649183716159314,0.00020734053541673347,0.00020843376058441316,0.004490127710841771,2.029320239671506e-05,1.403171956539154,0.6891002506017685
3,17,800,180,0.00020511052571237087,0.00020623892487492412,0.0002075270903035532,0.004430964168300075,2.0260291421436705e-05,1.4863777086138725,0.7273432016372681
3,17,800,190,0.00020459882216528058,0.00020556662493618206,0.00020672818515982025,0.004369015959909756,2.022942317125853e-05,1.5687135457992554,0.7656288892030716
3,17,800,200,0.00020484859123826027,0.0002042956548393704,0.00020575200137119398,0.004304378605318053,1.9864130081259646e-05,1.6512986347079277,0.8038633316755295
3,17,800,210,0.0002035393554251641,0.00020391485159052536,0.00020499904341480225,0.00423715177064074,2.0045061319251545e-05,1.7339173629879951,0.842314101755619
3,17,800,220,0.00020149571355432272,0.00020312927808845415,0.00020422593703492826,0.00416743911478419,1.9854458514600992e-05,1.8163972049951553,0.8806181773543358
3,17,800,230,0.00020218538702465594,0.0002022010143264197,0.0002033966777669516,0.004095348129610857,1.934862302732654e-05,1.8991592898964882,0.9187623783946037
3,17,800,240,0.0002005427231779322,0.00020100261172046886,0.00020242177418178364,0.0040209899741946225,1.9406947103561834e-05,1.9814378768205643,0.9570430815219879
3,17,800,250,0.00020058121299371123,0.00020063605916220695,0.0002017041802245574,0.003944479303421552,1.9277325918665156e-05,2.0638070702552795,0.9952083602547646
3,17,800,260,0.0001994283520616591,0.00019965264364145695,0.00020086597722410773,0.0038659340912003707,1.8998844097950496e-05,2.1470526456832886,1.0335501059889793
3,17,800,270,0.00019839502056129277,0.00019874465360771864,0.00020002807207677499,0.003785475448555258,1.9120796423521824e-05,2.2293987572193146,1.0719296112656593
3,17,800,280,0.00019712845096364617,0.00019776140979956835,0.00019910733929733073,0.0037032274368814094,1.9037455786019564e-05,2.312102034687996,1.109962485730648
3,17,800,290,0.00019707375031430274,0.00019714365189429372,0.00019830183095606086,0.0036193168766513757,1.9036413505091332e-05,2.39494089782238,1.1483425572514534
3,17,800,300,0.00019499508198350668,0.00019603901455411687,0.00019736193773357613,0.003533873151867071,1.9505991076584905e-05,2.4772385209798813,1.1865504309535027
3,17,800,310,0.00019481229537632316,0.00019559485808713363,0.00019663366916744873,0.0034470280105590254,1.876458918559365e-05,2.560449793934822,1.2249050363898277
3,17,800,320,0.00019404776685405523,0.00019457240123301744,0.00019577314773528456,0.0033589153616404785,1.8468237612978555e-05,2.6429510936141014,1.2632518857717514
3,17,800,330,0.0001938293280545622,0.000193600743659772,0.00019488543012299525,0.0032696710684295294,1.8729471776168793e-05,2.725421965122223,1.3014717996120453
3,17,800,340,0.00019190306193195283,0.00019295781676191836,0.00019407971798355417,0.003179432739157751,1.8564849597169086e-05,2.808946944773197,1.3397783488035202
3,17,800,350,0.00019141906523145735,0.00019189770391676576,0.00019320576984979923,0.003088339514788278,1.860715201473795e-05,2.8911509439349174,1.3778065592050552
3,17,800,360,0.00019116983457934111,0.00019157015485689045,0.0001925210062092845,0.0029965318544705206,1.8227454347652383e-05,2.973260648548603,1.4159354120492935
3,17,800,370,0.00019025400979444385,0.00019039874023292215,0.00019164740292904509,0.0029041513189623355,1.7933813069248572e-05,3.0555593594908714,1.4542882144451141
3,17,800,380,0.00018846376042347401,0.00018925636541098357,0.0001906652422860529,0.0028113403523536027,1.8194676158600487e-05,3.137925311923027,1.4924741387367249
3,17,800,390,0.0001878760231193155,0.00018842499994207174,0.0001897468234042238,0.0027182420624277583,1.804746534617152e-05,3.2210717275738716,1.5307770073413849
3,17,800,400,0.0001874766021501273,0.00018767153815133498,0.00018892769836831058,0.0026249999999999694,1.8253216694574803e-05,3.3042925968766212,1.569435954093933
3,17,800,410,0.00018614718283060938,0.00018669862765818834,0.0001880213614707591,0.0025317579375721787,1.7890619346871972e-05,3.3869873136281967,1.607813835144043
3,17,800,420,0.0001866656239144504,0.00018609654071042315,0.00018724921562366702,0.002438659647646336,1.7678652511676773e-05,3.4697343856096268,1.6461431607604027
3,17,800,430,0.00018555887800175697,0.00018548877706052734,0.0001865475985104264,0.0023458486810376033,1.7610424038139172e-05,3.551991529762745,1.6842924505472183
3,17,800,440,0.000183907279279083,0.00018456882826285438,0.0001857316927183684,0.002253468145529418,1.7766278688213788e-05,3.635788105428219,1.722586490213871
3,17,800,450,0.00018497410928830504,0.00018395194929325952,0.00018501137341021468,0.0021616604852116622,1.7541013221489266e-05,3.7183356508612633,1.7610305845737457
3,17,800,460,0.00018215092131868005,0.00018318186776014044,0.00018425453599807965,0.002070567260842192,1.7394655515090562e-05,3.800855375826359,1.7992136776447296
3,17,800,470,0.00018061944865621626,0.000182312389370054,0.00018344291342658255,0.001980328931570418,1.7445358025725e-05,3.883872866630554,1.8374738618731499
3,17,800,480,0.00018080134759657085,0.00018205657979706303,0.00018285461636688622,0.0018910846383594715,1.7376241885358468e-05,3.9663598611950874,1.8757663667201996
3,17,800,490,0.00018083368195220828,0.00018122008332284168,0.00018217897627998444,0.001802971989440927,1.6881953342817724e-05,4.049027726054192,1.91419018805027
3,17,800,500,0.00018004093726631254,0.0001803458042559214,0.0001814220741691647,0.0017161268481328867,1.7052097973646596e-05,4.131817400455475,1.952596627175808
3,17,800,510,0.00017939170356839895,0.000179732775723096,0.00018072606485499472,0.0016306831233485833,1.7002423192025162e-05,4.214253842830658,1.990947648882866
3,17,800,520,0.00017963997379411012,0.00017927589069586248,0.00018014545633922028,0.0015467725631185536,1.67849339050008e-05,4.297296650707722,2.0303158462047577
3,17,800,530,0.00017871023737825453,0.00017909453163156286,0.00017970961868822298,0.0014645245514447102,1.6787907952675596e-05,4.379874497652054,2.0688318610191345
3,17,800,540,0.0001776520803105086,0.00017850562435341998,0.00017921812897193933,0.0013840659087996018,1.6514608432771638e-05,4.462486028671265,2.1069772765040398
3,17,800,550,0.00017867932911030948,0.00017820511275203898,0.00017881402679118224,0.0013055206965784264,1.641033850319218e-05,4.545480102300644,2.145321659743786
3,17,800,560,0.00017745823424775153,0.0001779420519596897,0.0001784365074730966,0.0012290100258053596,1.6301868527079932e-05,4.6279482170939445,2.1838067173957825
3,17,800,570,0.00017816753825172782,0.0001776715202140622,0.00017814056245180445,0.0011546518703891284,1.6103987945825793e-05,4.7106966227293015,2.222030907869339
3,17,800,580,0.00017637945711612701,0.0001766603032592684,0.0001775234606236725,0.0010825608852157997,1.5778265151311643e-05,4.7931959182024,2.2605108469724655
3,17,800,590,0.00017660010780673474,0.00017668355139903723,0.0001771996229611543,0.0010128482293592501,1.5752570106997155e-05,4.875466592609882,2.298730321228504
3,17,800,600,0.00017585165915079415,0.0001762238229275681,0.00017680774744464295,0.0009456213946819376,1.5868206901359372e-05,4.95878566801548,2.337045893073082
3,17,800,610,0.00017552309145685285,0.00017590804054634646,0.00017642396476946174,0.0008809840400902355,1.568639163451735e-05,5.04144362360239,2.37554057687521
3,17,800,620,0.00017478159861639142,0.00017487856093794106,0.0001757914932680699,0.0008190358316999166,1.532754504296463e-05,5.124176703393459,2.413992576301098
3,17,800,630,0.00017543802096042782,0.00017532754427520558,0.00017560886986945577,0.0007598722891582217,1.548613545310218e-05,5.207226604223251,2.452477104961872
3,17,800,640,0.0001753930700942874,0.00017489524907432497,0.00017532076424913226,0.0007035846383594924,1.529630389995873e-05,5.289457194507122,2.4909274727106094
3,17,800,650,0.00017385478713549674,0.00017482412658864632,0.00017510136048958853,0.0006502596707814487,1.5207940123218577e-05,5.372521564364433,2.5291934236884117
3,17,800,660,0.00017436081543564796,0.00017454446788178757,0.00017487641614445535,0.0005999796096590256,1.5081891433510464e-05,5.45530716329813,2.5675150975584984
3,17,800,670,0.0001743628818076104,0.0001737091108225286,0.00017442372504253596,0.0005528219832021018,1.4843871213088278e-05,5.53765719383955,2.605715364217758
3,17,800,680,0.00017338682664558291,0.00017403705569449813,0.00017426314993257045,0.0005088595050526219,1.493092713644728e-05,5.619970068335533,2.643996424973011
3,17,800,690,0.00017328331887256354,0.00017387095722369849,0.0001740959688031225,0.000468159962165428,1.4840957192063797e-05,5.702371396124363,2.6823616474866867
3,17,800,700,0.00017281205509789288,0.00017389884596923365,0.00017399857579958135,0.00043078611028569134,1.484910444560228e-05,5.784819588065147,2.7205077782273293
3,17,800,710,0.0001730834337649867,0.00017358886543661356,0.0001738317535105107,0.00039679557718409785,1.4701018699270207e-05,5.867815256118774,2.7587499544024467
3,17,800,720,0.0001733176613925025,0.00017350228590657936,0.00017370872192136013,0.0003662407737990084,1.466552657802822e-05,5.950095742940903,2.797255001962185
3,17,800,730,0.00017303763888776302,0.00017332943389192224,0.0001735508847622314,0.0003391688134225863,1.4572558029612992e-05,6.032597079873085,2.8354054242372513
3,17,800,740,0.00017311147530563176,0.00017303572094533591,0.00017334621991700058,0.0003156214390555172,1.4390296200872399e-05,6.11552894115448,2.873835399746895
3,17,800,750,0.00017243593174498528,0.0001730625983327627,0.0001732251297364494,0.000295634959042327,1.4479359379038215e-05,6.19791741669178,2.912102550268173
3,17,800,760,0.00017396145267412066,0.00017296491714660078,0.00017313068667805886,0.0002792401910865475,1.4313028259493876e-05,6.2810134664177895,2.950454257428646
3,17,800,770,0.00017342198407277465,0.00017307327216258271,0.0001731242850933312,0.0002664624147320497,1.4486359759757761e-05,6.3638215735554695,2.9890529215335846
3,17,800,780,0.0001722289016470313,0.00017287869995925577,0.00017300410641891568,0.00025732133238382096,1.4266664038586896e-05,6.446535542607307,3.0273198187351227
3,17,800,790,0.00017382587247993797,0.0001728860486764461,0.00017296297723849198,0.00025183103892828306,1.4519632713927422e-05,6.5296779200434685,3.0660318434238434
3,17,800,800,0.00017369724810123444,0.00017278797749895603,0.00017291584756015698,0.00025,1.4395838661585003e-05,6.612093091011047,3.1045152097940445
3,17,900,0,,,,0.005,,0.0,0.03821486234664917
3,17,900,10,0.00023273241822607815,0.00023942414118209853,0.0002548437011919237,0.004998553214170353,2.526390744606033e-05,0.08262946456670761,0.07639971375465393
3,17,900,20,0.00022741346037946641,0.0002296178325195797,0.0002446442293095438,0.004994214619367081,2.3576485546072945e-05,0.16515952348709106,0.11521545052528381
3,17,900,30,0.00022437376901507378,0.00022603717661695555,0.0002371157598062159,0.004986989501499647,2.299609150213655e-05,0.24766577035188675,0.15335898846387863
3,17,900,40,0.00022223556879907846,0.00022300941782305017,0.000231413747797164,0.004976886663261228,2.2550424546352588e-05,0.33104898035526276,0.19169174879789352
3,17,900,50,0.00021983543410897255,0.00022106661344878376,0.00022724011925423195,0.004963918413403992,2.2468755560112186e-05,0.413393959403038,0.23006917536258698
3,17,900,60,0.00021874645608477294,0.00021933451062068344,0.00022404210861992394,0.0049481005517427856,2.219785710622091e-05,0.4956933557987213,0.2681555971503258
3,17,900,70,0.00021720070799347013,0.0002177058020606637,0.00022148160028642846,0.004929452349905488,2.2097718101576902e-05,0.5780864581465721,0.3063424378633499
3,17,900,80,0.00021632484276778996,0.00021665632666554303,0.00021953425637332973,0.0049079965278535035,2.1803918571094982e-05,0.6604049727320671,0.34469951689243317
3,17,900,90,0.0002141557342838496,0.00021530353842535987,0.00021781502072588493,0.0048837592262009856,2.201971255999524e-05,0.7428791746497154,0.38293834775686264
3,17,900,100,0.00021356540673878044,0.00021403425780590623,0.00021628073785480905,0.004856769974366528,2.1556848878390156e-05,0.8262236416339874,0.42127659171819687
3,17,900,110,0.0002123330777976662,0.0002125786108081229,0.00021477058932178856,0.004827061654596116,2.12536433537025e-05,0.9084665700793266,0.4594108909368515
3,17,900,120,0.00021139634191058576,0.0002117382566211745,0.00021353670271047757,0.004794670461901172,2.1002942958148196e-05,0.9909137114882469,0.49766765534877777
3,17,900,130,0.00021072253002785146,0.00021092121896799655,0.0002124756148027285,0.0047596358599605185,2.0570023480104282e-05,1.0735174492001534,0.5363163277506828
3,17,900,140,0.0002095645759254694,0.0002099139805068262,0.00021142050213272324,0.004722000533039948,2.0851726731052622e-05,1.1559075638651848,0.5745915174484253
3,17,900,150,0.00020820280769839883,0.00020888356229988858,0.00021037636006823098,0.004681810333988038,2.0584253434208222e-05,1.2391455546021461,0.612949512898922
3,17,900,160,0.00020706602663267404,0.00020795445889234542,0.00020937584077915112,0.004639114228371508,2.0462712200242095e-05,1.321609266102314,0.6516103595495224
3,17,900,170,0.0002068234171019867,0.00020758514874614776,0.00020864038645774158,0.00459396423481822,2.030381619988475e-05,1.4043357968330383,0.6898222714662552
3,17,900,180,0.0002054172509815544,0.0002064856205834076,0.00020775042552574434,0.004546415361640496,2.0350351405795664e-05,1.4873700141906738,0.7282354533672333
3,17,900,190,0.00020510244939941913,0.00020582744473358617,0.0002069703017614407,0.004496525539815961,2.0258756194380112e-05,1.5697092935442924,0.7667432650923729
3,17,900,200,0.00020487300935201347,0.0002045564673608169,0.00020599896099295553,0.00444435555240757,1.9765919205383398e-05,1.652679331600666,0.8049246966838837
3,17,900,210,0.0002038859820459038,0.00020416528132045643,0.00020525086067160538,0.004389968960508811,2.0078419765923172e-05,1.7355341166257858,0.8433146998286247
3,17,900,220,0.0002017504011746496,0.00020347160461824386,0.00020451556258468256,0.004333432025804295,1.9780662114499137e-05,1.8176749497652054,0.8815118968486786
3,17,900,230,0.000202558672754094,0.0002025996902375482,0.0002037331201276763,0.004274813629840118,1.9252885977039114e-05,1.9007244557142258,0.9198527932167053
3,17,900,240,0.0002008676965488121,0.00020140485285082831,0.00020278531641886895,0.004214185190102288,1.9317585611133836e-05,1.9832842946052551,0.9584717079997063
3,17,900,250,0.0002009424933930859,0.00020109144243178888,0.0002021059134659307,0.004151620573005531,1.9333596355863847e-05,2.0659536123275757,0.9966184869408607
3,17,900,260,0.00019995393813587725,0.00020015589543618262,0.00020131017683088813,0.004087196003898436,1.9258846805314533e-05,2.1489837393164635,1.0350288525223732
3,17,900,270,0.0001990082673728466,0.00019931579590775071,0.00020052294840615007,0.004020989974194619,1.9322960724821314e-05,2.2313044518232346,1.073218159377575
3,17,900,280,0.0001977734500542283,0.0001984139991691336,0.00019966478312083213,0.003953083145743019,1.918222915264778e-05,2.314086861908436,1.1114006638526917
3,17,900,290,0.0001977530773729086,0.00019776458357227965,0.00019888657574357365,0.003883558252553855,1.9068800611421466e-05,2.39662117511034,1.1498885974287987
3,17,900,300,0.0001958049542736262,0.000196745790890418,0.00019799680236046798,0.0038124999999999895,1.948195495060645e-05,2.4789994060993195,1.18814205378294
3,17,900,310,0.00019578650244511664,0.00019641562103061004,0.00019734246907174923,0.0037399949616164782,1.8874494344345294e-05,2.5620029345154762,1.2263986617326736
3,17,900,320,0.00019497526227496564,0.00019547959382180125,0.0001965597512689731,0.003666131473624045,1.8432347133057192e-05,2.6443337351083755,1.264799140393734
3,17,900,330,0.00019457322196103632,0.00019443296623649075,0.00019568714583274,0.0035909995273050097,1.8586015357868746e-05,2.726604640483856,1.303106926381588
3,17,900,340,0.0001927123958012089,0.00019389583612792194,0.00019493545052122165,0.0035146906593627745,1.8421089407638647e-05,2.8091333135962486,1.3413396179676056
3,17,900,350,0.00019268516916781664,0.00019291256030555813,0.00019412854268120115,0.0034372978403984468,1.885798883449752e-05,2.891994893550873,1.3799452632665634
3,17,900,360,0.00019224826246500015,0.00019263980793766678,0.00019350292696459768,0.003358915361640482,1.8159556930186227e-05,2.974324144423008,1.4183130785822868
3,17,900,370,0.00019160403462592512,0.0001915876375278458,0.00019271464085540775,0.0032796387200653516,1.805158353818115e-05,3.057351268827915,1.456425704061985
3,17,900,380,0.00018977034778799862,0.0001905835699290037,0.00019183725209578336,0.0031995645020491863,1.8326436475035734e-05,3.139994651079178,1.4949098899960518
3,17,900,390,0.00018902489682659507,0.0001896728266729042,0.0001909473132353209,0.003118790265692153,1.817423435568344e-05,3.222504809498787,1.5331874787807465
3,17,900,400,0.0001888613769551739,0.00018898061971412973,0.0001901719240226411,0.0030374144219589344,1.8165485016652383e-05,3.305683135986328,1.571530245244503
3,17,900,410,0.00018746944260783494,0.00018804740393534302,0.0001893057534928203,0.002955536114780128,1.7939097233465873e-05,3.387993648648262,1.610125556588173
3,17,900,420,0.00018787816225085407,0.00018743408581940458,0.00018854922526575794,0.002873255100260647,1.7785134332370944e-05,3.4709434136748314,1.6483568102121353
3,17,900,430,0.00018717150669544935,0.00018695363687584176,0.00018791431881388628,0.002790671625142266,1.777902798494324e-05,3.553914926946163,1.6868091598153114
3,17,900,440,0.00018524736515246332,0.00018604423385113478,0.0001871393558493346,0.0027078863046684073,1.7984179066843353e-05,3.6363006606698036,1.72506894916296
3,17,900,450,0.00018640724010765553,0.00018538955482654272,0.00018642919126023687,0.002624999999999966,1.767363391991239e-05,3.7194790467619896,1.763198383152485
3,17,900,460,0.0001836939190980047,0.00018473356467438862,0.00018572577963958277,0.0025421136953315254,1.775579949025996e-05,3.8018360808491707,1.8017482981085777
3,17,900,470,0.000182270523509942,0.00018377195519860833,0.00018491090136574457,0.002459328374857666,1.770782000676263e-05,3.884336031973362,1.8399913907051086
3,17,900,480,0.00018222193466499448,0.00018350897153140977,0.00018431480012311675,0.0023767448997392875,1.772405994415749e-05,3.9677719324827194,1.878355398774147
3,17,900,490,0.00018228798580821604,0.00018262158700963483,0.00018361488516132975,0.002294463885219809,1.7159860362880863e-05,4.050001069903374,1.9166314154863358
3,17,900,500,0.00018145014473702759,0.00018170474359067157,0.00018282802443770263,0.002212585578041007,1.7462531104683876e-05,4.132690668106079,1.9547682851552963
3,17,900,510,0.00018052163068205118,0.00018095543782692403,0.00018205738138582972,0.0021312097343077875,1.732622695271857e-05,4.215134635567665,1.9930380061268806
3,17,900,520,0.00018069753423333168,0.00018041814037133007,0.00018139761695553175,0.0020504354979507568,1.720627915346995e-05,4.29741732776165,2.031516447663307
3,17,900,530,0.00017982095596380532,0.00018025793979177253,0.0001809244795050812,0.0019703612799345954,1.709643220237922e-05,4.3804275169968605,2.069761484861374
3,17,900,540,0.0001786741631804034,0.00017963906284421683,0.00018040094624853726,0.00189108463835947,1.692194928182289e-05,4.462762579321861,2.108351156115532
3,17,900,550,0.000179602880962193,0.00017918558442033827,0.00017991676779249055,0.0018127021596015082,1.693196281848941e-05,4.545115426182747,2.1464099287986755
3,17,900,560,0.00017849747382570058,0.00017888754518935457,0.00017947773966526848,0.001735309340637182,1.673070073593408e-05,4.628491923213005,2.1846452578902245
3,17,900,570,0.00017910143651533872,0.00017854607867775484,0.00017911595226383922,0.0016590004726949484,1.6544830941711552e-05,4.710761226713657,2.2232624888420105
3,17,900,580,0.00017723689961712807,0.0001774664153344929,0.00017843212249886187,0.001583868526375917,1.6254520232905634e-05,4.793530158698559,2.2616017013788223
3,17,900,590,0.00017745138029567897,0.000177465942397248,0.00017805811507960143,0.001510005038383486,1.616004556126427e-05,4.875643603503704,2.2998529374599457
3,17,900,600,0.00017665117047727108,0.00017696596623864024,0.0001776184265233739,0.001437499999999979,1.6315840184688568e-05,4.957955248653889,2.3382373824715614
3,17,900,610,0.0001760639133863151,0.00017651921516517177,0.0001771526949531307,0.0013664417474461186,1.626175071578473e-05,5.040338255465031,2.3765462785959244
3,17,900,620,0.0001752965763444081,0.00017545035952934996,0.00017645649706961783,0.0012969168542569579,1.5936555428197607e-05,5.123475879430771,2.414791740477085
3,17,900,630,0.00017584828310646117,0.0001758108497597277,0.00017619960350229267,0.0012290100258053591,1.5994963177945465e-05,5.205796867609024,2.453081652522087
3,17,900,640,0.00017589429626241326,0.00017527387826703488,0.00017582930618398915,0.0011628039961015452,1.5926125342957675e-05,5.288127265870571,2.49116088449955
3,17,900,650,0.0001740130828693509,0.00017515393992653116,0.00017553558732558182,0.0010983794269944541,1.569863161421381e-05,5.3712437972426414,2.531809836626053
3,17,900,660,0.00017460979870520532,0.00017478278023190795,0.00017523173660733576,0.0010358148098976985,1.5655627066735178e-05,5.454704232513905,2.570105493068695
3,17,900,670,0.00017448145081289113,0.00017386606632499024,0.0001746987618625296,0.0009751863701598689,1.5473113307962194e-05,5.537382684648037,2.6081861332058907
3,17,900,680,0.00017342876526527107,0.0001741483574733138,0.0001744709394244316,0.0009165679741956912,1.5502539099543355e-05,5.619547456502914,2.6465350836515427
3,17,900,690,0.00017334645963273942,0.00017391127330483868,0.00017423835982574722,0.0008600310394911771,1.5361278201453388e-05,5.701907016336918,2.6847775354981422
3,17,900,700,0.00017278992163483053,0.00017382639343850316,0.00017405453068905163,0.0008056444475924171,1.536582931294106e-05,5.785116799175739,2.723078176379204
3,17,900,710,0.00017280151951126754,0.00017342077189823611,0.00017379672050812426,0.000753474460184026,1.5173501196841244e-05,5.867333561182022,2.7614583522081375
3,17,900,720,0.00017315470904577523,0.00017328388785244896,0.00017359820831984796,0.0007035846383594913,1.5146228179219179e-05,5.950300723314285,2.7996841818094254
3,17,900,730,0.00017280998872593045,0.0001730076561216265,0.00017335500550076047,0.0006560357651817683,1.4996862773841713e-05,6.033183187246323,2.8381925523281097
3,17,900,740,0.00017271790420636535,0.00017267601506318898,0.00017308216945720035,0.0006108857716284821,1.4778825971006881e-05,6.115405172109604,2.876653589308262
3,17,900,750,0.00017213412502314895,0.0001726304297335446,0.00017289635851545817,0.0005681896660119522,1.4807682418904733e-05,6.198465518653393,2.9148853048682213
3,17,900,760,0.00017333021969534457,0.0001724606190691702,0.0001727313600846173,0.0005279994669600432,1.4611342521675397e-05,6.280811183154583,2.953426517546177
3,17,900,770,0.0001727172639220953,0.00017247913492610679,0.00017264839679436594,0.0004903641400394738,1.4748332432645839e-05,6.363189347088337,2.9916903153061867
3,17,900,780,0.00017153911176137626,0.00017222135502379388,0.00017245646861732689,0.0004553295380988194,1.4436700439546257e-05,6.446540758013725,3.03024535626173
3,17,900,790,0.00017296327860094607,0.00017215703410329298,0.00017234137275906654,0.0004229383454038769,1.459776012779912e-05,6.528930142521858,3.0685160160064697
3,17,900,800,0.00017273076809942722,0.00017196010885527356,0.00017220912495294287,0.00039323002563346513,1.4513440873997752e-05,6.611370466649532,3.1068472042679787
3,17,900,810,0.00017137321992777288,0.00017194775136886165,0.00017209626331043918,0.0003662407737990085,1.4728007954545319e-05,6.694188103079796,3.145419053733349
3,17,900,820,0.0001714186801109463,0.00017157772672362625,0.0001718920764932122,0.00034200347214649086,1.443427572667133e-05,6.77663791179657,3.1837004274129868
3,17,900,830,0.00017276330618187785,0.0001713638353976421,0.0001717121719736279,0.000320547650094507,1.4214699149306398e-05,6.859706059098244,3.2219110876321793
3,17,900,840,0.00017204461619257927,0.00017136686656158418,0.00017158676984800435,0.0003018994482572105,1.4344738701765891e-05,6.942627668380737,3.260399118065834
3,17,900,850,0.0001716987753752619,0.000171225298254285,0.00017144971923158526,0.0002860815865960052,1.424975835107034e-05,7.025197096168995,3.2986065223813057
3,17,900,860,0.0001716538827167824,0.00017144190351245925,0.0001714522261397216,0.00027311333673877007,1.3856516488885973e-05,7.107553720474243,3.3368714973330498
3,17,900,870,0.000171275605680421,0.00017147604521596804,0.00017147109740453756,0.00026301049850035064,1.395355775457574e-05,7.190053828060627,3.3753494545817375
3,17,900,880,0.00017090367327909917,0.00017113924113800749,0.00017132710971572016,0.00025578538063291713,1.388428881909931e-05,7.27233699709177,3.413858190178871
3,17,900,890,0.0001701110741123557,0.00017073729250114412,0.00017108372549825998,0.0002514467858296475,1.38452960527502e-05,7.355155296623707,3.452439896762371
3,17,900,900,0.0001711541262920946,0.0001710411801468581,0.00017106818743722386,0.00025,1.3915291674493346e-05,7.438143394887447,3.490961156785488
3,17,1000,0,,,,0.005,,0.0,0.0385826900601387
3,17,1000,10,0.00023265427444130182,0.0002394166120211594,0.00025483996789890304,0.004998828080868613,2.5223420379916206e-05,0.08255267888307571,0.07679875195026398
3,17,1000,20,0.00022720210836268961,0.00022956778411753476,0.00024461978324437264,0.0049953134800171444,2.353854688408319e-05,0.16559821367263794,0.1149616613984108
3,17,1000,30,0.00022435020946431905,0.00022599997464567423,0.00023708768935411419,0.0049894596659323135,2.2959198759053834e-05,0.24792316555976868,0.15335296094417572
3,17,1000,40,0.00022208091104403138,0.00022301159042399378,0.00023139622105202898,0.004981272415621884,2.260252585983835e-05,0.330751433968544,0.19149093329906464
3,17,1000,50,0.00021979429584462196,0.00022098956978879868,0.00022719924741974992,0.004970759808913451,2.2442054614657536e-05,0.4138003885746002,0.22980324178934097
3,17,1000,60,0.00021872947399970144,0.00021920736180618404,0.0002239672536041921,0.0049579322204806354,2.2243199055083096e-05,0.49606745690107346,0.26816146820783615
3,17,1000,70,0.00021727870625909418,0.00021772925392724574,0.00022144591340289235,0.004942802309604526,2.222089642600622e-05,0.5787547156214714,0.30642759799957275
3,17,1000,80,0.00021625023509841412,0.00021667010587407277,0.0002195164130890641,0.004925385007680499,2.1603165805572644e-05,0.6611105650663376,0.3449832871556282
3,17,1000,90,0.00021408108295872808,0.00021521949820453302,0.00021777081440888213,0.004905697503482739,2.191195744671859e-05,0.7435724064707756,0.3834668695926666
3,17,1000,100,0.0002134173410013318,0.0002140165146556683,0.00021624699591198937,0.004883759226200989,2.1457170078065246e-05,0.8265822604298592,0.42170948535203934
3,17,1000,110,0.0002122304867953062,0.00021268265845719725,0.00021478879949072982,0.004859591826266284,2.1229285266599618e-05,0.9092264026403427,0.4600610285997391
3,17,1000,120,0.00021150046086404473,0.0002118235919624567,0.0002135813560003339,0.004833219153984595,2.090589259751141e-05,0.9916586950421333,0.4983690530061722
3,17,1000,130,0.00021093813120387495,0.0002110580331645906,0.00021255720218710727,0.004804667235999453,2.0704144844785333e-05,1.074259378015995,0.5365441963076591
3,17,1000,140,0.00020965674775652587,0.00021011600620113313,0.00021155072657379954,0.004773964249606794,2.0849256543442607e-05,1.1566354408860207,0.5748510956764221
3,17,1000,150,0.00020831394067499787,0.00020913439366267994,0.0002105560228731341,0.004741140494947372,2.0557359675876796e-05,1.2390101477503777,0.6132246032357216
3,17,1000,160,0.0002072447387035936,0.00020811793801840396,0.00020954959990962142,0.004706228365104175,2.034797944361344e-05,1.3216943070292473,0.6514497175812721
3,17,1000,170,0.00020685011986643076,0.0002076815319014713,0.00020878159943772323,0.0046692623141343665,2.0259127268218435e-05,1.4046085849404335,0.6900059431791306
3,17,1000,180,0.0002055616641882807,0.0002065677006612532,0.00020786664094236666,0.004630278823067284,2.0249133740435354e-05,1.4867718517780304,0.7282346561551094
3,17,1000,190,0.00020509316527750343,0.00020598878036253153,0.00020710345091889948,0.004589316363902083,2.0247282009222545e-05,1.5697888061404228,0.7666633352637291
3,17,1000,200,0.00020514559582807124,0.00020471738243941218,0.0002061433362380734,0.0045464153616404995,1.9866116417688318e-05,1.652091808617115,0.8052427545189857
3,17,1000,210,0.00020395904721226543,0.00020427832350833341,0.00020537956990557773,0.004501618154392265,2.0163670342299156e-05,1.734971173107624,0.8433641791343689
3,17,1000,220,0.00020203103485982865,0.0002036548947216943,0.00020466589200945814,0.004454968951592499,1.980744673346635e-05,1.818523332476616,0.8818453773856163
3,17,1000,230,0.0002029693714575842,0.00020287772349547595,0.00020393620797256828,0.004406513790372343,1.9229766621720046e-05,1.9010454416275024,0.9202349334955215
3,17,1000,240,0.0002011306642089039,0.00020167397597106173,0.00020301465922875078,0.004356300490125854,1.9306226022308692e-05,1.9835982769727707,0.9585331529378891
3,17,1000,250,0.00020126329036429524,0.0002013332792557776,0.00020234138727765263,0.004304378605318052,1.9282046196167357e-05,2.0659345537424088,0.9968514740467072
3,17,1000,260,0.00020004906400572509,0.00020042372780153527,0.0002015557495940457,0.004250799376580637,1.901108043966815e-05,2.148383282124996,1.0351066514849663
3,17,1000,270,0.00019942194921895862,0.0001995942584471777,0.00020078479634632186,0.0041956156801436755,1.931894257722888e-05,2.2316941171884537,1.0736107155680656
3,17,1000,280,0.00019805449119303375,0.00019868949602823703,0.00019993359963019276,0.0041388819756531395,1.915089160320349e-05,2.314032770693302,1.1119950637221336
3,17,1000,290,0.00019806806812994182,0.00019809531077044084,0.00019917851599186517,0.004080654252425819,1.907898513309192e-05,2.396667331457138,1.1501460075378418
3,17,1000,300,0.0001960856025107205,0.00019700287230079995,0.00019827556382454189,0.004020989974194622,1.9504179363138974e-05,2.4796958193182945,1.1886139437556267
3,17,1000,310,0.00019618586520664394,0.00019688120373757557,0.0001976980719367027,0.003959948022398806,1.8718223145697266e-05,2.5619733184576035,1.226895622909069
3,17,1000,320,0.0001954914623638615,0.00019599968218244612,0.00019698417922500307,0.0038975886380751097,1.8644383089849725e-05,2.6449223309755325,1.2651251628994942
3,17,1000,330,0.00019530989811755717,0.00019505437085172163,0.00019619497977078825,0.0038339733624071226,1.8579696188680828e-05,2.727667510509491,1.3037241846323013
3,17,1000,340,0.00019364425679668784,0.00019456551381153987,0.00019551368498670155,0.003769164975991562,1.852697823778726e-05,2.81013111025095,1.3420447707176208
3,17,1000,350,0.00019327769405208528,0.00019367318454897032,0.00019477746706136916,0.0037032274368814094,1.861303644545842e-05,2.8935546949505806,1.3805574849247932
3,17,1000,360,0.00019300822168588638,0.00019337953854119404,0.00019418425222817744,0.0036362258174670314,1.816963413148187e-05,2.976039059460163,1.419167347252369
3,17,1000,370,0.00019235316722188145,0.00019241316185798497,0.0001934550249757231,0.0035682262402575863,1.7904574633575976e-05,3.0590289309620857,1.457410641014576
3,17,1000,380,0.00019062899809796363,0.00019137182098347694,0.00019259851595241883,0.0034992958126260918,1.8265267499373294e-05,3.142095848917961,1.4959298446774483
3,17,1000,390,0.0001899795315694064,0.00019054691219935193,0.00019175226347746468,0.0034295025605825466,1.8089474906446412e-05,3.2244157046079636,1.5342525467276573
3,17,1000,400,0.00018960278248414397,0.00018987894873134792,0.00019101597861069565,0.0033589153616404776,1.8127402654499747e-05,3.306801177561283,1.5724957659840584
3,17,1000,410,0.00018849383923225105,0.00018917177512776107,0.00019026307837557388,0.0032876038768431468,1.8099828594131395e-05,3.3890587389469147,1.610919289290905
3,17,1000,420,0.00018900877330452204,0.00018859197152778506,0.00018958809909377334,0.0032156384820165047,1.793534102034755e-05,3.4715066626667976,1.6492778286337852
3,17,1000,430,0.00018825425649993122,0.0001881286545540206,0.00018900866987445582,0.0031430901983167626,1.7836802726378664e-05,3.5547119304537773,1.6876379549503326
3,17,1000,440,0.00018646118405740708,0.00018718192150117828,0.00018825086910680442,0.0030700306221410683,1.8108150470652618e-05,3.6371641233563423,1.7263224944472313
3,17,1000,450,0.00018774706404656172,0.00018658783083083108,0.000187580374836263,0.002996531854470519,1.7733978893375024e-05,3.7200097665190697,1.764663927257061
3,17,1000,460,0.00018495123367756605,0.0001859681142377667,0.00018691201330224566,0.0029226664297151905,1.778784098860342e-05,3.803075335919857,1.8030596002936363
3,17,1000,470,0.0001834457798395306,0.00018500656151445582,0.00018611900927125658,0.002848507244131439,1.776940916897729e-05,3.885439805686474,1.8413921818137169
3,17,1000,480,0.00018327857833355665,0.00018468805501470342,0.00018550755508959163,0.002774127483882086,1.7816208128351718e-05,3.968479111790657,1.879721038043499
3,17,1000,490,0.00018364121206104755,0.00018388718308415264,0.00018483886628768852,0.0026996005528105212,1.7340624253847636e-05,4.0511597990989685,1.918329395353794
3,17,1000,500,0.00018256521434523165,0.00018293712346348912,0.00018405488038071138,0.002624999999999966,1.7494901840109378e-05,4.133446425199509,1.9567349255084991
3,17,1000,510,0.0001818579330574721,0.00018220102065242828,0.000183290550552204,0.002550399447189409,1.7574184312252328e-05,4.216674700379372,1.9951456263661385
3,17,1000,520,0.00018201563216280192,0.00018157647864427417,0.00018260346017949633,0.0024758725161178443,1.7338998077320866e-05,4.299278825521469,2.0337140038609505
3,17,1000,530,0.00018104081391356885,0.00018143780616810545,0.00018211965361363637,0.00240149275586849,1.7420994481653906e-05,4.38222548365593,2.0720539316534996
3,17,1000,540,0.00017985919839702547,0.00018077557906508445,0.00018156924285039113,0.002327333570284738,1.708382296783384e-05,4.4650487676262856,2.110496163368225
3,17,1000,550,0.00018051688675768673,0.0001803131788619794,0.00018106538853202,0.002253468145529412,1.709135904093273e-05,4.547438323497772,2.1489227563142776
3,17,1000,560,0.0001795617863535881,0.00017996568058151752,0.00018059748944369706,0.0021799693778588648,1.6865475117811002e-05,4.630372352898121,2.1871662735939026
3,17,1000,570,0.00018012314103543758,0.0001795709802536294,0.00018019819197098702,0.002106909801683174,1.6857120499480516e-05,4.713179633021355,2.2261921763420105
3,17,1000,580,0.00017836727784015238,0.00017849909781944006,0.00017949754633643633,0.002034361517983434,1.6593065083725378e-05,4.795788042247295,2.2644479274749756
3,17,1000,590,0.00017845956608653069,0.0001784213542123325,0.00017908259132433995,0.0019623961231567946,1.6539503121748567e-05,4.879208281636238,2.302924707531929
3,17,1000,600,0.00017743730859365314,0.00017788263648981227,0.0001785989036068438,0.001891084638359466,1.6590391169302166e-05,4.961524270474911,2.3413236141204834
3,17,1000,610,0.00017688845400698483,0.00017742157651809976,0.00017809810719619448,0.0018204974394174004,1.6591628082096577e-05,5.044129930436611,2.3794108629226685
3,17,1000,620,0.0001760434388415888,0.00017628892528591676,0.0001773569031781158,0.001750704187373859,1.642607821850106e-05,5.126522980630398,2.417598344385624
3,17,1000,630,0.00017653866962064058,0.00017658169672358782,0.0001770470601799461,0.0016817737597423661,1.6372987374779768e-05,5.208590611815453,2.4556475207209587
3,17,1000,640,0.0001767203357303515,0.00017607727058930323,0.00017665636507788556,0.001613774182532924,1.629472717468161e-05,5.291547425091267,2.493754394352436
3,17,1000,650,0.0001746541092870757,0.00017576920799911022,0.00017627659685883588,0.0015467725631185493,1.606276782695204e-05,5.373774237930775,2.5319488793611526
3,17,1000,660,0.00017518133972771466,0.00017541964480187743,0.00017592965712479047,0.001480835024008401,1.5963905752869323e-05,5.456147730350494,2.570002906024456
3,17,1000,670,0.00017490699246991426,0.00017441732197767123,0.00017533620775263904,0.0014160266375928437,1.5930290828691795e-05,5.538317531347275,2.6080638244748116
3,17,1000,680,0.00017388223204761744,0.00017463077238062398,0.00017504607940900942,0.00135241136192486,1.5855272067710757e-05,5.620525166392326,2.6461493223905563
3,17,1000,690,0.0001738442078931257,0.00017437572532799094,0.00017476712585384377,0.0012900519776011673,1.5829769836273044e-05,5.703147202730179,2.68425302952528
3,17,1000,700,0.00017318509344477206,0.0001742390333674848,0.00017453507969147908,0.001229010025805355,1.5835619706194848e-05,5.785350151360035,2.722448520362377
3,17,1000,710,0.00017314645810984075,0.0001737792670610361,0.0001742267962804431,0.001169345747574161,1.5628664186806418e-05,5.868207231163979,2.7606223672628403
3,17,1000,720,0.000173540975083597,0.00017358157492708415,0.0001739737610817505,0.001111118024346843,1.552972025820054e-05,5.950947172939777,2.7988753467798233
3,17,1000,730,0.00017294695135205984,0.00017323782376479357,0.00017367134698095715,0.0010543843198563088,1.546984276501462e-05,6.033202417194843,2.8370008319616318
3,17,1000,740,0.0001729286159388721,0.0001728269358864054,0.00017333131897479315,0.0009992006234193487,1.517601776868105e-05,6.11620032787323,2.8750799372792244
3,17,1000,750,0.00017212575767189264,0.00017276992293773218,0.0001730987157256051,0.0009456213946819345,1.523251376056578e-05,6.198387324810028,2.913469508290291
3,17,1000,760,0.00017326942179352045,0.00017256329156225547,0.00017289223912861023,0.0008936995098741332,1.5031186194391921e-05,6.281210243701935,2.9515292644500732
3,17,1000,770,0.0001726110785966739,0.00017249550728593022,0.00017274671940326264,0.0008434862096276455,1.5168185200309381e-05,6.363917447626591,2.989778734743595
3,17,1000,780,0.00017160731658805162,0.00017215887928614392,0.00017249021378146722,0.0007950310484074888,1.4885426026012283e-05,6.446181870996952,3.0281311497092247
3,17,1000,790,0.00017279712483286858,0.0001720511107123457,0.00017231757210671078,0.0007483818456077244,1.499863083154196e-05,6.528791293501854,3.0661714673042297
3,17,1000,800,0.0001724272151477635,0.000171846647572238,0.00017214597257254795,0.0007035846383594903,1.4889574231347069e-05,6.611195378005505,3.1045587062835693
3,17,1000,810,0.000171252730069682,0.0001717396706226282,0.00017197834569900568,0.000660683636097907,1.503363273513969e-05,6.693669371306896,3.1426788195967674
3,17,1000,820,0.0001710046926746145,0.00017128277395386248,0.00017170099917560074,0.0006197211769327061,1.483304276916897e-05,6.7768194153904915,3.1809368804097176
3,17,1000,830,0.00017241991008631885,0.00017103358695749193,0.00017146409526353683,0.0005807376858656267,1.4517516319756396e-05,6.859081566333771,3.219039537012577
3,17,1000,840,0.00017148201004602015,0.00017099533288273961,0.00017128615319963455,0.0005437716348958175,1.4567882317351177e-05,6.941431984305382,3.257207401096821
3,17,1000,850,0.00017115935042966157,0.000170805626839865,0.00017109964185935136,0.000508859505052621,1.4531054148392286e-05,7.024260222911835,3.295485593378544
3,17,1000,860,0.00017133032088167965,0.0001709383534034714,0.00017104301645522022,0.00047603575039319916,1.416075974702835e-05,7.106500960886478,3.333773083984852
3,17,1000,870,0.00017067584849428385,0.0001709678050247021,0.00017101964203471455,0.00044533276400054056,1.4155694771034177e-05,7.189566969871521,3.3719438537955284
3,17,1000,880,0.00017037492943927646,0.00017056294163921847,0.00017082528175055013,0.0004167808460153993,1.3982756172481459e-05,7.272085145115852,3.4102859795093536
3,17,1000,890,0.00016953327576629817,0.00017011040908982978,0.00017053086039202353,0.00039040817373371195,1.3961897820990998e-05,7.354420483112335,3.4484424516558647
3,17,1000,900,0.00017044116975739598,0.00017039237573044375,0.0001704731447658321,0.00036624077379900804,1.4055661267775577e-05,7.437324449419975,3.4867556616663933
3,17,1000,910,0.0001707642659312114,0.00017035401106113568,0.00017043403927068026,0.0003443024965172584,1.4104028196015861e-05,7.519595921039581,3.5250702053308487
3,17,1000,920,0.00016990565927699208,0.00017030834569595755,0.00017038134580038788,0.00032461499231949977,1.398177209921414e-05,7.601885497570038,3.563210017979145
3,17,1000,930,0.00017079345707315952,0.00017031027819029986,0.00017035606764458295,0.0003071976903954741,1.38281111503602e-05,7.684533976018429,3.601607248187065
3,17,1000,940,0.00017010339070111513,0.0001701057146419771,0.00017025168882729022,0.0002920677795193635,1.4019351510796696e-05,7.766895592212677,3.6399113163352013
3,17,1000,950,0.00017044863488990813,0.00016994994512060658,0.00017015371639791406,0.0002792401910865475,1.3813840268994682e-05,7.850185066461563,3.6782361194491386
3,17,1000,960,0.00017017706704791635,0.00017023512482410296,0.00017019687692213664,0.00026872758437811503,1.3579080587078352e-05,7.932497568428516,3.716649569571018
3,17,1000,970,0.0001698469859547913,0.0001696633960818872,0.0001699789145971441,0.00026054033406768483,1.3746973309025634e-05,8.015106827020645,3.7547559440135956
3,17,1000,980,0.00017032292089425027,0.0001701360466540791,0.0001700410496435866,0.00025468651998285496,1.379890636599157e-05,8.098052814602852,3.793018750846386
3,17,1000,990,0.0001697041152510792,0.00017017045174725354,0.0001701060496224627,0.00025117191913138744,1.3639509234053548e-05,8.180147737264633,3.831257902085781
3,17,1000,1000,0.0001695487299002707,0.0001691505647613667,0.00016973430033639234,0.00025,1.3434531865641475e-05,8.263250701129436,3.8693978264927864
3,29,100,0,,,,0.005,,0.0,0.03846242278814316
3,29,100,10,0.00023244635667651892,0.00023929808958200738,0.00025404281154207866,0.004883759226200989,2.5481345801381394e-05,0.08262946456670761,0.07675360888242722
3,29,100,20,0.0002276765590067953,0.00022968554258113728,0.00024419617718177047,0.0045464153616405,2.3770569896441884e-05,0.16565466672182083,0.11516118049621582
3,29,100,30,0.000223877519601956,0.00022546140244230627,0.00023662437515678704,0.004020989974194624,2.287102870468516e-05,0.2480534464120865,0.15380923449993134
3,29,100,40,0.0002214270061813295,0.0002223162227892317,0.0002308295923204163,0.0033589153616404984,2.2014857677277178e-05,0.3307773992419243,0.1918598636984825
3,29,100,50,0.00021775581990368664,0.0002193988679209724,0.00022620066172667315,0.002624999999999997,2.177409260184504e-05,0.4140090271830559,0.2301163673400879
3,29,100,60,0.00021503491734620184,0.00021619404578814282,0.00022213928992342798,0.0018910846383594984,2.1661515347659588e-05,0.4961642622947693,0.2682676166296005
3,29,100,70,0.00021328774164430797,0.00021355277276597918,0.00021864842765500537,0.0012290100258053754,2.0613504602806643e-05,0.5786406919360161,0.3063877373933792
3,29,100,80,0.00020960147958248854,0.00021072739618830383,0.0002154375657170535,0.0007035846383594995,2.0062852854607627e-05,0.6609735116362572,0.34481561183929443
3,29,100,90,0.00020729273092001677,0.00020837198389926924,0.00021257810116226885,0.0003662407737990102,2.012582990573719e-05,0.7432232946157455,0.3830028176307678
3,29,100,100,0.00020656301057897508,0.000206461145717185,0.00021011184675596991,0.00025,1.927985249494668e-05,0.8259591236710548,0.4210093691945076
3,29,200,0,,,,0.005,,0.0,0.03850901126861572
3,29,200,10,0.00023253317340277135,0.00023931008763611317,0.0002540487887200789,0.00497075980891345,2.558838423283305e-05,0.08244974166154861,0.07686734944581985
3,29,200,20,0.00022781777079217136,0.00022983220405876638,0.00024426024936237997,0.004883759226200987,2.368298555666115e-05,0.16473321616649628,0.11592268943786621
3,29,200,30,0.00022439847816713154,0.0002258182707009837,0.0002368079289156114,0.00474114049494737,2.285404843860306e-05,0.24757782369852066,0.15417611598968506
3,29,200,40,0.00022233529307413846,0.0002230605256045237,0.00023124614315456354,0.004546415361640498,2.2139078282634728e-05,0.33003566414117813,0.19251447916030884
3,29,200,50,0.00021953921532258391,0.0002208532707300037,0.00022704532785739614,0.004304378605318047,2.2272557544056326e-05,0.4124094322323799,0.23083124309778214
3,29,200,60,0.0002179223665734753,0.000218541499634739,0.0002236067503953809,0.00402098997419462,2.232679798908066e-05,0.49481459707021713,0.26908721774816513
3,29,200,70,0.00021677609765902162,0.0002168380204238929,0.00022086102374605329,0.003703227436881418,2.138896525138989e-05,0.5772032365202904,0.30729346722364426
3,29,200,80,0.00021405034931376576,0.00021489615319296717,0.000218445077249961,0.0033589153616404932,2.141519871656783e-05,0.6594941541552544,0.3456297218799591
3,29,200,90,0.0002118686243193224,0.00021289416326908395,0.00021619114806616414,0.0029965318544705405,2.1400894183898345e-05,0.7424295842647552,0.3837644159793854
3,29,200,100,0.00021020291023887694,0.00021051009825896473,0.00021388415363454791,0.002624999999999991,2.0714867787319236e-05,0.8246805965900421,0.4220154583454132
3,29,200,110,0.0002070197369903326,0.000208817700331565,0.00021178615492315,0.0022534681455294425,2.095425770676229e-05,0.9069702178239822,0.46051567047834396
3,29,200,120,0.0002060634142253548,0.00020647651108447463,0.00020960958253556523,0.0018910846383594923,2.000156746362336e-05,0.9901711791753769,0.49897678196430206
3,29,200,130,0.0002044672437477857,0.00020476241334108636,0.00020765060769273503,0.0015467725631185703,1.9688173779286444e-05,1.0726009011268616,0.5373999252915382
3,29,200,140,0.00020227607456035912,0.00020274214475648477,0.00020565931955274144,0.0012290100258053717,1.9612947653513402e-05,1.154998056590557,0.5755863785743713
3,29,200,150,0.0001999935193452984,0.00020026128186145797,0.00020345922640977785,0.0009456213946819462,1.919879468914587e-05,1.2379617020487785,0.6139541044831276
3,29,200,160,0.00019792371313087642,0.00019892020209226756,0.0002016031216668907,0.0007035846383594978,1.886016434582416e-05,1.3203024491667747,0.6522544175386429
3,29,200,170,0.00019647467706818134,0.00019767530902754516,0.00019999902865401007,0.0005088595050526253,1.8611650375532918e-05,1.4026949033141136,0.6910225450992584
3,29,200,180,0.00019688639440573752,0.0001968654672964476,0.00019873556709606557,0.00036624077379900983,1.810722824302502e-05,1.4852453097701073,0.7295491322875023
3,29,200,190,0.00019461469491943717,0.00019550770812202246,0.00019743611684946416,0.00027924019108654794,1.8050535800284706e-05,1.5677441582083702,0.7679666355252266
3,29,200,200,0.00019521088688634336,0.0001951381185790524,0.00019651022476143912,0.00025,1.7479469534009695e-05,1.6508921533823013,0.8061666563153267
3,29,300,0,,,,0.005,,0.0,0.03835549205541611
3,29,300,10,0.00023251143284142017,0.00023930896131787449,0.0002540482564191695,0.004986989501499649,2.5483690478722565e-05,0.0826367437839508,0.07671784609556198
3,29,300,20,0.00022772004012949765,0.00022971302969381212,0.00024421176019212814,0.004948100551742787,2.3844871975597925e-05,0.1649782955646515,0.11496490985155106
3,29,300,30,0.0002245678479084745,0.0002258146138046868,0.00023678321698808553,0.004883759226200989,2.3016849809209816e-05,0.24779241532087326,0.15301613509655
3,29,300,40,0.00022253108909353614,0.00022321613651001825,0.00023129508842655998,0.004794670461901176,2.2294478185358457e-05,0.3299577608704567,0.19117260724306107
3,29,300,50,0.000219808891415596,0.0002211366081610322,0.00022719019404172057,0.004681810333988041,2.2344369426718913e-05,0.4122444838285446,0.22928689420223236
3,29,300,60,0.00021818222012370825,0.0002188504731748253,0.00022381723896432472,0.004546415361640499,2.2406697098631412e-05,0.49466773122549057,0.2674645632505417
3,29,300,70,0.0002174031105823815,0.0002174093358917162,0.00022121828086099976,0.00438996896050881,2.143285564670805e-05,0.5771423876285553,0.3059467375278473
3,29,300,80,0.00021543286857195199,0.00021595769940176978,0.00021909091261210608,0.004214185190102288,2.1662257495336235e-05,0.6596169471740723,0.3441220223903656
3,29,300,90,0.00021363189443945885,0.00021435187081806362,0.00021717092072328877,0.0040209899741946225,2.1683372324332595e-05,0.7425748780369759,0.3823549747467041
3,29,300,100,0.00021241143986117095,0.00021250159479677678,0.00021528384758143595,0.0038124999999999964,2.0940558897564188e-05,0.8251168131828308,0.4205259010195732
3,29,300,110,0.00021017876861151308,0.00021145986393094062,0.00021369618840998448,0.00359099952730502,2.1390915208030492e-05,0.9074519276618958,0.45871206372976303
3,29,300,120,0.00020933771156705916,0.00020963744027540087,0.000212030847185027,0.0033589153616404932,2.0452438548090868e-05,0.9901390075683594,0.49711237847805023
3,29,300,130,0.00020822354417759925,0.00020844783721258865,0.00021058437634602917,0.0031187902656921703,2.0370378479128703e-05,1.072580948472023,0.5353429019451141
3,29,300,140,0.0002063519787043333,0.00020676452986663208,0.00020903541553596018,0.0028732551002606677,2.036307159869466e-05,1.1555448099970818,0.5735933408141136
3,29,300,150,0.00020457987557165325,0.00020474217599257826,0.00020728435884238378,0.0026249999999999893,2.0176357793388888e-05,1.2381673455238342,0.6119895204901695
3,29,300,160,0.00020252226386219263,0.0002035135155892931,0.00020573515994391062,0.002376744899739311,2.004931229748763e-05,1.3206098973751068,0.6500884592533112
3,29,300,170,0.0002006030990742147,0.00020202566229272635,0.0002042131325045638,0.0021312097343078075,1.985332346521318e-05,1.4034949243068695,0.6882284134626389
3,29,300,180,0.0001999602245632559,0.00020057026704307647,0.0002027337327971459,0.001891084638359488,1.9385372070246376e-05,1.4856064915657043,0.7265703231096268
3,29,300,190,0.0001976101630134508,0.0001985746290301904,0.00020105246145416927,0.001659000472694964,1.949597026396077e-05,1.5682374835014343,0.7646465450525284
3,29,300,200,0.00019689035252667964,0.00019709138286998494,0.0001994487145132735,0.0014374999999999909,1.8913733583758585e-05,1.6509855315089226,0.8030483648180962
3,29,300,210,0.00019458889437373728,0.00019594506156863644,0.00019800613205849194,0.0012290100258053693,1.8755172277451493e-05,1.7332925200462341,0.8412506580352783
3,29,300,220,0.0001947389100678265,0.00019439043244346977,0.00019655592387527593,0.0010358148098977061,1.82670137292007e-05,1.8163698315620422,0.879497580230236
3,29,300,230,0.00019298310508020222,0.00019304722372908144,0.00019511736909609036,0.0008600310394911841,1.7887368812807836e-05,1.8987014070153236,0.9178970083594322
3,29,300,240,0.00019131111912429333,0.00019178985239705072,0.00019376259438357862,0.0007035846383594969,1.8070157238980755e-05,1.981324516236782,0.9559953510761261
3,29,300,250,0.0001911040599225089,0.00019104708189843222,0.00019266458548005045,0.0005681896660119565,1.8067756172968075e-05,2.0645491555333138,0.9942832663655281
3,29,300,260,0.00019133134628646076,0.00019010131509276107,0.00019163720952471936,0.00045532953809882177,1.7064696294255555e-05,2.146703965961933,1.0324632227420807
3,29,300,270,0.00018902133160736412,0.00018918338319053873,0.00019064380421031596,0.00036624077379900945,1.7223101167473942e-05,2.2297827005386353,1.070596918463707
3,29,300,280,0.00018850712513085455,0.00018941034795716405,0.000190118028385406,0.0003018994482572113,1.6811822206364013e-05,2.3123025447130203,1.1089453771710396
3,29,300,290,0.00018933290266431868,0.00018896614492405205,0.0001896332805311925,0.0002630104985003508,1.67537455126876e-05,2.394715264439583,1.147187702357769
3,29,300,300,0.00018792462651617825,0.00018869190244004131,0.0001892444956686153,0.00025,1.7005768313538283e-05,2.4777021408081055,1.1852529644966125
3,29,400,0,,,,0.005,,0.0,0.038286224007606506
3,29,400,10,0.000232449994655326,0.0002393054834101349,0.0002540464736452559,0.004992678667616179,2.5503244614810683e-05,0.0831402838230133,0.07640779763460159
3,29,400,20,0.00022792642994318157,0.0002297715618624352,0.00024423733669565417,0.004970759808913452,2.3737673473078758e-05,0.1653169021010399,0.11487267911434174
3,29,400,30,0.00022449190146289766,0.000225790093827527,0.00023678425921560737,0.0049343785609444815,2.282871719216928e-05,0.24792253226041794,0.1530047506093979
3,29,400,40,0.00022254000941757113,0.00022318535920931026,0.00023128630118616166,0.00488375922620099,2.2196203644853085e-05,0.3308645188808441,0.19115114212036133
3,29,400,50,0.00021987457876093686,0.00022110632999101655,0.00022717224186297546,0.004819213889714307,2.2398604414775036e-05,0.41314759105443954,0.22924043983221054
3,29,400,60,0.00021834761719219387,0.00021889130730414763,0.0002238255274718765,0.004741140494947374,2.245659925392829e-05,0.4959523305296898,0.26727595925331116
3,29,400,70,0.0002177353308070451,0.00021758856892120093,0.000221297749495378,0.00465002039034097,2.155298352590762e-05,0.5784709677100182,0.3055112883448601
3,29,400,80,0.00021559350716415793,0.00021618819300783798,0.00021923378366628317,0.0045464153616404995,2.1669920897693373e-05,0.6607325375080109,0.3435855135321617
3,29,400,90,0.0002139910648111254,0.0002146756523870863,0.0002173869873448937,0.004430964168300072,2.1700623619835824e-05,0.7435371652245522,0.3816586434841156
3,29,400,100,0.00021290150471031666,0.00021297139319358392,0.00021559961862427861,0.0043043786053180485,2.1036397811258212e-05,0.8257589936256409,0.42000380903482437
3,29,400,110,0.000210776663152501,0.0002119463199051097,0.00021408563543314724,0.004167439114784184,2.17112301470479e-05,0.9084796085953712,0.45809458941221237
3,29,400,120,0.0002101999707520008,0.00021044784516561777,0.00021259240510083016,0.004020989974194618,2.0692312318715267e-05,0.9917977750301361,0.4964796006679535
3,29,400,130,0.00020922443945892155,0.00020940045797033236,0.00021130408875028278,0.0038659340912003733,2.0397987100295722e-05,1.074154518544674,0.5348795354366302
3,29,400,140,0.00020772713469341397,0.00020801604550797493,0.00020997147901343326,0.0037032274368814155,2.0334704458946362e-05,1.1568643599748611,0.5730817168951035
3,29,400,150,0.00020609310013242066,0.00020623284362955018,0.000208447451203803,0.003533873151867078,2.045682049356401e-05,1.2394333705306053,0.6115038990974426
3,29,400,160,0.00020461260282900184,0.00020524980645859615,0.0002071355997409413,0.003358915361640489,2.0241019228706136e-05,1.3218476697802544,0.6497459411621094
3,29,400,170,0.00020310524269007146,0.00020414832688402383,0.00020591313623231092,0.003179432739157763,2.0202329324092716e-05,1.404888041317463,0.6880873963236809
3,29,400,180,0.00020255746494513005,0.00020297401206335053,0.00020472107141026,0.0029965318544705353,1.9751918443944305e-05,1.4872388318181038,0.7264586761593819
3,29,400,190,0.0002003870322369039,0.0002013610370340757,0.00020336508024480792,0.0028113403523536192,1.9934557712986134e-05,1.5698554068803787,0.7647185921669006
3,29,400,200,0.00019986134429927915,0.0002000040782149881,0.00020200350416163808,0.002624999999999986,1.9461025658529252e-05,1.6523548886179924,0.8028723448514938
3,29,400,210,0.0001974242040887475,0.00019902648928109555,0.00020077293978768446,0.0024386596476463534,1.9527409676811658e-05,1.734707161784172,0.8431920111179352
3,29,400,220,0.00019754802633542567,0.00019746334583032877,0.00019944305022285587,0.0022534681455294346,1.9056515156989917e-05,1.8170600831508636,0.8812619298696518
3,29,400,230,0.00019589750445447862,0.00019605689303716644,0.00019805008053436907,0.002070567260842208,1.8687293049879372e-05,1.8999786674976349,0.9196431860327721
3,29,400,240,0.0001939072972163558,0.00019452430278761313,0.00019660376338463716,0.0018910846383594865,1.8931699742097408e-05,1.9821356311440468,0.9578076973557472
3,29,400,250,0.00019342485757078975,0.0001934727479238063,0.00019532804573659513,0.0017161268481328997,1.894020715553779e-05,2.064536213874817,0.9958771467208862
3,29,400,260,0.0001926763216033578,0.00019186495337635278,0.0001939269099562321,0.0015467725631185653,1.8081185771734454e-05,2.1470642536878586,1.034373752772808
3,29,400,270,0.00018976509454660118,0.00019046062807319685,0.00019251430491852583,0.001384065908799612,1.841132871049922e-05,2.2290687412023544,1.0725744888186455
3,29,400,280,0.0001890533312689513,0.00019004356290679424,0.00019148791706474433,0.001229010025805368,1.7739259419613518e-05,2.312102995812893,1.111139714717865
3,29,400,290,0.00018904457101598382,0.00018902930605690926,0.00019047085282442584,0.001082560885215807,1.7784343071980402e-05,2.394277386367321,1.1494276002049446
3,29,400,300,0.0001873465662356466,0.00018812786729540675,0.00018951181235162803,0.000945621394681944,1.7847210983745754e-05,2.476566821336746,1.1874999105930328
3,29,400,310,0.00018723419634625316,0.00018698971543926746,0.00018847963358978624,0.0008190358316999218,1.767980029399041e-05,2.5597438886761665,1.2257986217737198
3,29,400,320,0.00018541535246185958,0.00018607248057378456,0.00018749148612777364,0.0007035846383594963,1.7168145859614015e-05,2.6419315859675407,1.2639423832297325
3,29,400,330,0.000185133219929412,0.0001853666952229105,0.00018661313539698298,0.0005999796096590286,1.691963007033337e-05,2.724686861038208,1.3020880743861198
3,29,400,340,0.0001845568185672164,0.00018469818751327695,0.00018584270415553523,0.0005088595050526241,1.689096461632289e-05,2.806666001677513,1.3403026089072227
3,29,400,350,0.0001848788815550506,0.0001847071369411424,0.00018539050160015593,0.00043078611028569286,1.6549844076507725e-05,2.8889531418681145,1.3785604387521744
3,29,400,360,0.00018464404274709523,0.0001841015968238935,0.00018489108023659722,0.00036624077379900923,1.6425494322902523e-05,2.9720419570803642,1.4170693755149841
3,29,400,370,0.00018337651272304356,0.00018375905783614145,0.00018443957422834275,0.00031562143905551756,1.6101779692689888e-05,3.0542220547795296,1.4552652761340141
3,29,400,380,0.00018299915245734155,0.00018328559963265434,0.00018397191020466346,0.0002792401910865478,1.5963809346430935e-05,3.136514760553837,1.4933045879006386
3,29,400,390,0.0001829594257287681,0.00018286491686012596,0.00018351993967114668,0.00025732133238382107,1.5873938536969945e-05,3.219478338956833,1.5315105020999908
3,29,400,400,0.0001827646337915212,0.000182799126196187,0.00018323382890348132,0.00025,1.603435339347925e-05,3.3016239255666733,1.5697246864438057
3,29,500,0,,,,0.005,,0.0,0.03830298036336899
3,29,500,10,0.0002324147499166429,0.000239293668710161,0.0002540409462799872,0.004995313480017145,2.5400002414244227e-05,0.08238596469163895,0.07641436904668808
3,29,500,20,0.00022792186064179987,0.00022972816368564962,0.00024421369552481847,0.004981272415621885,2.3768303435645066e-05,0.1653755009174347,0.11454997211694717
3,29,500,30,0.0002245662617497146,0.00022581843368243426,0.0002367828473747087,0.004957932220480637,2.3018850697553717e-05,0.24766700714826584,0.15316906571388245
3,29,500,40,0.00022236828226596117,0.00022316788526950405,0.00023127386391214526,0.004925385007680501,2.2297248506220058e-05,0.3299229219555855,0.19122540950775146
3,29,500,50,0.000219920722884126,0.00022108431294327603,0.000227160763458452,0.004883759226200992,2.2434060156228952e-05,0.41266394406557083,0.22942548990249634
3,29,500,60,0.00021873987861908972,0.00021913848322583363,0.00022392317879899254,0.004833219153984597,2.2548847482539713e-05,0.494906522333622,0.2675565853714943
3,29,500,70,0.0002178772265324369,0.00021786546712974087,0.00022146501301188048,0.0047739642496067965,2.1566569557762705e-05,0.5778403431177139,0.3056920990347862
3,29,500,80,0.0002159907016903162,0.00021646619134116918,0.0002194476227396293,0.004706228365104177,2.1556134015554562e-05,0.6601984426379204,0.34401457011699677
3,29,500,90,0.0002145380713045597,0.00021512028470169753,0.0002176993613582187,0.004630278823067287,2.1763866243418306e-05,0.7425607219338417,0.3821431174874306
3,29,500,100,0.00021331400785129517,0.00021342410327633842,0.00021596933369287606,0.004546415361640501,2.1191055566305295e-05,0.8254149556159973,0.42035070061683655
3,29,500,110,0.00021158640447538346,0.0002126380961271934,0.00021458748211538965,0.0044549689515925,2.1570864191744477e-05,0.907659262418747,0.45863407105207443
3,29,500,120,0.00021096337877679616,0.00021124673367012292,0.0002132142877297581,0.004356300490125853,2.061395025521051e-05,0.9902529120445251,0.4967362582683563
3,29,500,130,0.00021026158356107771,0.000210309901740402,0.00021204540345527026,0.004250799376580636,2.0509944079094566e-05,1.0728652030229568,0.5350767001509666
3,29,500,140,0.0002086137537844479,0.00020899593801004812,0.00021081007163148638,0.004138881975653138,2.0634246538975276e-05,1.1550786197185516,0.5732661560177803
3,29,500,150,0.0002073836512863636,0.00020738197636092082,0.00020941641432972925,0.004020989974194622,2.0489951566560194e-05,1.2378761991858482,0.6116063445806503
3,29,500,160,0.00020586323807947338,0.00020655199186876417,0.00020823921823929985,0.0038975886380751106,2.0425120965228416e-05,1.3200172632932663,0.6500854790210724
3,29,500,170,0.0002047110756393522,0.0002056490906397812,0.00020717838512711442,0.0037691649759915647,2.0294739442761056e-05,1.4025665745139122,0.6881096810102463
3,29,500,180,0.00020430487347766757,0.0002047446891083382,0.00020619261905326013,0.0036362258174670375,2.0007582861580886e-05,1.4852886348962784,0.7263341322541237
3,29,500,190,0.0002025087596848607,0.00020329859980847687,0.00020502568237665985,0.003499295812626098,2.012023833231069e-05,1.5676125213503838,0.7644466757774353
3,29,500,200,0.00020209162903483957,0.00020213371317368,0.00020385688729690837,0.0033589153616404863,1.953482933458872e-05,1.649895504117012,0.8026052638888359
3,29,500,210,0.00019994685135316104,0.0002013878707657568,0.00020283570537328211,0.003215638482016514,1.97028221009532e-05,1.7321869507431984,0.8410449028015137
3,29,500,220,0.00020030245650559664,0.00020012020104331896,0.00020174982683857142,0.0030700306221410787,1.9112276277155615e-05,1.8145551681518555,0.8791001513600349
3,29,500,230,0.00019870650430675596,0.00019884626381099223,0.00020055517655382456,0.0029226664297152035,1.9010394680663012e-05,1.8976705968379974,0.9173423796892166
3,29,500,240,0.00019696108938660473,0.0001975675899302587,0.0001993268853271255,0.002774127483882098,1.9417455405346118e-05,1.9798689186573029,0.9556462839245796
3,29,500,250,0.0001966919080587104,0.00019668449240271003,0.00019825086542780325,0.002624999999999979,1.9287061149952933e-05,2.0621410608291626,0.9941774383187294
3,29,500,260,0.000195906322915107,0.00019519684865372257,0.0001970122798091432,0.00247587251611786,1.85765529749915e-05,2.144365072250366,1.0323611125349998
3,29,500,270,0.0001930442376760766,0.00019367426575627177,0.0001956489871437998,0.0023273335702847535,1.8999151507159695e-05,2.226672925055027,1.070607140660286
3,29,500,280,0.00019236281514167786,0.00019323244341649116,0.00019464580056536852,0.0021799693778588774,1.844069265644066e-05,2.3089116141200066,1.1087901890277863
3,29,500,290,0.0001918119378387928,0.00019207062578061596,0.00019357872455466084,0.0020343615179834454,1.837651689129416e-05,2.3910840824246407,1.1470081806182861
3,29,500,300,0.00019016167789231986,0.0001910026912810281,0.0001925252900254069,0.0018910846383594765,1.866146885731723e-05,2.4734027981758118,1.1851104497909546
3,29,500,310,0.00018965652270708233,0.00018970675300806762,0.0001913690477068395,0.0017507041873738687,1.8598208043840714e-05,2.5564450919628143,1.2233083620667458
3,29,500,320,0.0001878483744803816,0.00018847328901756556,0.00019018089769192668,0.0016137741825329329,1.800264544726815e-05,2.638674773275852,1.2614377588033676
3,29,500,330,0.0001869813713710755,0.00018732763710431754,0.00018900807278584962,0.0014808350240084096,1.7880298400996253e-05,2.7209487929940224,1.299675926566124
3,29,500,340,0.0001861511409515515,0.0001864306061179377,0.00018796040173534457,0.001352411361924868,1.7890906747197732e-05,2.8033729642629623,1.338133990764618
3,29,500,350,0.00018603086937218904,0.00018604300130391492,0.00018718393726826896,0.0012290100258053628,1.7496295185992494e-05,2.8856465965509415,1.3764642179012299
3,29,500,360,0.00018508179346099496,0.00018502421444281935,0.00018632769869833058,0.0011111180243468495,1.7378835764247924e-05,2.968672461807728,1.4147357046604156
3,29,500,370,0.00018408149480819702,0.00018426766764605417,0.00018549770052590783,0.0009992006234193546,1.7089480024878867e-05,3.0511791557073593,1.4532021507620811
3,29,500,380,0.000183204683708027,0.00018352509941905738,0.0001847011365764571,0.0008936995098741384,1.680199602560606e-05,3.1336966156959534,1.491463951766491
3,29,500,390,0.00018247657862957567,0.00018270177242811768,0.00018387872087206596,0.0007950310484074932,1.653363688092213e-05,3.21680024266243,1.5299220085144043
3,29,500,400,0.00018190823902841657,0.00018227196269435809,0.00018323077629342287,0.0007035846383594937,1.6617914297967218e-05,3.299231544137001,1.5681914240121841
3,29,500,410,0.00018240211647935212,0.00018185153021477163,0.00018266980551042924,0.0006197211769327091,1.65231558639789e-05,3.381956286728382,1.6066418886184692
3,29,500,420,0.00018037098925560713,0.00018131142569473014,0.00018210978057618508,0.0005437716348958199,1.632487510505598e-05,3.4648055136203766,1.6452239155769348
3,29,500,430,0.00018012826330959797,0.00018097165739163756,0.00018166246237785936,0.0004760357503932009,1.6409101590397768e-05,3.5473620742559433,1.683524414896965
3,29,500,440,0.00018044441821984947,0.00018068177305394784,0.00018126556415021955,0.00041678084601540037,1.6103318557725288e-05,3.630471959710121,1.7219653949141502
3,29,500,450,0.00018015969544649124,0.00018035106622846798,0.00018088776482160974,0.0003662407737990087,1.5793322745594196e-05,3.71295727789402,1.760479897260666
3,29,500,460,0.0001789145899238065,0.00018014005327131598,0.00018057677221568365,0.00032461499231950015,1.582883851369843e-05,3.7957147732377052,1.798718884587288
3,29,500,470,0.00017919384117703885,0.00017967943858820945,0.00018020358032860753,0.0002920677795193637,1.5777173757669516e-05,3.8786603584885597,1.8370987996459007
3,29,500,480,0.00017913135525304824,0.0001795853124349378,0.0001799737897745553,0.00026872758437811503,1.552664252812974e-05,3.961044065654278,1.875506803393364
3,29,500,490,0.00017946946900337934,0.00017970414482988418,0.00017986477298007005,0.00025468651998285496,1.5890564100118354e-05,4.044227860867977,1.913681298494339
3,29,500,500,0.00017992613720707595,0.00017937995435204356,0.00017968259443025065,0.00025,1.5370729670394212e-05,4.126713886857033,1.9523565992712975
3,29,600,0,,,,0.005,,0.0,0.03837668150663376
3,29,600,10,0.00023239274742081761,0.00023928422888275236,0.0002540365284803455,0.004996745145042113,2.5553850719006732e-05,0.08256840705871582,0.0766422301530838
3,29,600,20,0.00022784594330005348,0.00022969667770667002,0.0002442008478330716,0.0049869895014996515,2.3954855350893922e-05,0.16497495770454407,0.11489074677228928
3,29,600,30,0.00022453423298429698,0.00022583842219319193,0.00023678485806424333,0.004970759808913455,2.3065651475917548e-05,0.24775541573762894,0.1531725898385048
3,29,600,40,0.000222446586121805,0.00022319680283544585,0.00023128899847498356,0.004948100551742791,2.2318896299111657e-05,0.33017972111701965,0.19144070148468018
3,29,600,50,0.000219909125007689,0.00022100672649685293,0.00022713803420988524,0.004919073837436538,2.231644612038508e-05,0.412992961704731,0.229694664478302
3,29,600,60,0.00021851848578080535,0.00021897792466916144,0.00022384443117645563,0.00488375922620099,2.2463680579676293e-05,0.49563973397016525,0.2682577669620514
3,29,600,70,0.00021779537200927734,0.00021778020745841787,0.00022138809645357458,0.0048422535129308535,2.161993870686274e-05,0.5782917737960815,0.3064611628651619
3,29,600,80,0.00021583322086371481,0.0002164340257877484,0.0002193856914829727,0.004794670461901176,2.1621111955028027e-05,0.6615384966135025,0.34472493827342987
3,29,600,90,0.00021422997815534472,0.0002150188258383423,0.0002176174638125719,0.004741140494947373,2.175810186599847e-05,0.7437327727675438,0.38331063836812973
3,29,600,100,0.0002133800444426015,0.0002134757727617398,0.0002159399207402524,0.004681810333988041,2.1192196072661318e-05,0.8264643996953964,0.421581007540226
3,29,600,110,0.000211720063816756,0.00021269994176691397,0.00021459772824432437,0.004616842598870382,2.173968641727697e-05,0.909166969358921,0.4598644971847534
3,29,600,120,0.0002112259971909225,0.00021140190219739451,0.0002132848493317276,0.0045464153616404995,2.0769901311723515e-05,0.9914849177002907,0.4982438385486603
3,29,600,130,0.00021058553829789162,0.00021059962891740726,0.00021220382732065567,0.004470721658460307,2.091680289595388e-05,1.0745737105607986,0.536600336432457
3,29,600,140,0.00020909533486701548,0.00020940864633303135,0.00021107291809414867,0.004389968960508812,2.0683150069089606e-05,1.1571881920099258,0.5754222199320793
3,29,600,150,0.00020772876450791955,0.00020789325644727797,0.00020977740464835318,0.004304378605318053,2.044895700237248e-05,1.2401385307312012,0.6142703518271446
3,29,600,160,0.00020655816479120404,0.00020714492275146766,0.00020869588586877849,0.00421418519010229,2.0479103113757446e-05,1.3234035521745682,0.6526750773191452
3,29,600,170,0.0002054558863164857,0.00020639280846808107,0.00020774983879798012,0.004119635928743364,2.041721745627001e-05,1.405737392604351,0.6912233382463455
3,29,600,180,0.0002049888134934008,0.00020547163439914583,0.00020682432524369324,0.004020989974194621,1.9904657165170647e-05,1.4887934178113937,0.7295689582824707
3,29,600,190,0.00020342791685834527,0.00020423270907485858,0.00020578021657225348,0.003918517708160683,2.0197532649035566e-05,1.5716742873191833,0.7680775597691536
3,29,600,200,0.00020339831826277077,0.000203251518541947,0.00020476032224214148,0.0038124999999999912,1.96813289221609e-05,1.6541316509246826,0.8064476028084755
3,29,600,210,0.00020131326164118946,0.00020266365900170057,0.00020389004759579246,0.003703227436881412,1.990401142393239e-05,1.737325981259346,0.8448316678404808
3,29,600,220,0.00020167662296444178,0.0002014917103224434,0.00020293216673084816,0.003590999527305013,1.9261022316641174e-05,1.8198770508170128,0.8833374455571175
3,29,600,230,0.00020022233366034925,0.00020040844683535397,0.00020188929343623006,0.0034761238801700733,1.9216824512113817e-05,1.9025570154190063,0.9216280281543732
3,29,600,240,0.00019884275388903916,0.00019929441768908873,0.00020082041100813092,0.0033589153616404837,1.946120937645901e-05,1.985545702278614,0.9598307907581329
3,29,600,250,0.00019846242503263056,0.00019852442055707798,0.00019988392679965892,0.0032396952321184693,1.93409596249694e-05,2.067780524492264,0.9982297569513321
3,29,600,260,0.00019799327128566802,0.0001971400954062119,0.0001987747981665623,0.00311879026569216,1.8684606402530335e-05,2.150601103901863,1.0364376902580261
3,29,600,270,0.00019537698244675994,0.00019594959885580466,0.00019762053950638365,0.0029965318544705275,1.9199516827939078e-05,2.2331807538866997,1.0749077275395393
3,29,600,280,0.00019481337221805006,0.00019554225291358308,0.00019675895294996764,0.0028732551002606556,1.8705886759562418e-05,2.3158083856105804,1.113393947482109
3,29,600,290,0.00019434119167272002,0.00019455261644907296,0.0001958428003703743,0.002749297896076969,1.8646287571755238e-05,2.398616835474968,1.1515398025512695
3,29,600,300,0.00019275644444860518,0.00019355677795829251,0.00019490828183266955,0.0026249999999999746,1.8847173123504035e-05,2.480988748371601,1.190000295639038
3,29,600,310,0.00019233177590649575,0.00019242098496761174,0.00019388171524699964,0.0025007021039229835,1.8718843421083875e-05,2.563306286931038,1.2281799912452698
3,29,600,320,0.00019042374333366752,0.00019113630260108038,0.00019275394608727226,0.002376744899739297,1.828171116358135e-05,2.64558145403862,1.2664366587996483
3,29,600,330,0.00018936453852802515,0.00018987908988492562,0.00019156893427137232,0.002253468145529425,1.8308513972442597e-05,2.727855511009693,1.3046041652560234
3,29,600,340,0.00018859392730519176,0.00018893181259045378,0.0001904964214320648,0.002131209734307794,1.828608219511807e-05,2.8102115020155907,1.342799000442028
3,29,600,350,0.0001885607634903863,0.00018849728512577714,0.00018968821491718645,0.002010304767881488,1.7996768292505294e-05,2.8926273062825203,1.381345972418785
3,29,600,360,0.00018722101231105626,0.00018736650818027556,0.00018876121053049507,0.0018910846383594763,1.7954027498490177e-05,2.975259631872177,1.4195046946406364
3,29,600,370,0.00018607889069244266,0.00018642339418875053,0.00018781435208951644,0.0017738761198298906,1.7607864720048383e-05,3.0580435171723366,1.4577647298574448
3,29,600,380,0.00018503742467146367,0.00018543885671533643,0.0001868545383188053,0.0016590004726949538,1.7468059013481252e-05,3.140484794974327,1.496083341538906
3,29,600,390,0.00018393853679299355,0.0001844009559135884,0.0001858434180152674,0.0015467725631185573,1.7271322576561943e-05,3.2229285687208176,1.5342378541827202
3,29,600,400,0.0001833214337239042,0.00018380110559519381,0.00018501742602531753,0.0014374999999999822,1.7242069588974118e-05,3.3054646402597427,1.5726357325911522
3,29,600,410,0.0001836834999267012,0.0001831892761401832,0.000184270318047404,0.001331482291839296,1.720301224850118e-05,3.3875808492302895,1.6108105853199959
3,29,600,420,0.00018146683578379452,0.00018242162332171574,0.0001835105549086004,0.001229010025805363,1.715919097478036e-05,3.470643050968647,1.6489992812275887
3,29,600,430,0.00018104059563484043,0.00018194647709606214,0.00018288779807399853,0.0011303640712566243,1.716006408969406e-05,3.553117372095585,1.6874223053455353
3,29,600,440,0.00018057414854411036,0.00018134213896701113,0.00018225677061385102,0.0010358148098977011,1.67111666087294e-05,3.6356479823589325,1.7256029471755028
3,29,600,450,0.00018032273510470986,0.00018072184029733763,0.00018162707144098357,0.0009456213946819407,1.6359499568352476e-05,3.7186397463083267,1.763870932161808
3,29,600,460,0.0001790895767044276,0.0001803102990379557,0.00018108246752599247,0.0008600310394911803,1.6595018678344786e-05,3.8010468780994415,1.8021803349256516
3,29,600,470,0.00017928984016180038,0.00017979526310227812,0.0001805531727888269,0.0007792783415396872,1.6363834220101126e-05,3.883788801729679,1.840285874903202
3,29,600,480,0.00017862647655420005,0.0001793224335415289,0.0001800783818188324,0.0007035846383594942,1.6126585251186043e-05,3.9663184136152267,1.878575086593628
3,29,600,490,0.00017895469500217587,0.0001792556169675663,0.00017974285547713752,0.0006331574011296133,1.6276948372251354e-05,4.048699833452702,1.9166792035102844
3,29,600,500,0.00017939246026799083,0.0001787037108442746,0.00017933736319722407,0.0005681896660119545,1.569885171193164e-05,4.1317756325006485,1.9549527987837791
3,29,600,510,0.00017731694970279932,0.00017792161961551755,0.0001787633512997203,0.0005088595050526232,1.5518973668804392e-05,4.214151538908482,1.993415206670761
3,29,600,520,0.0001785189233487472,0.00017835671751527117,0.00017860433592016144,0.0004553295380988207,1.5305295164580457e-05,4.296650879085064,2.0315664634108543
3,29,600,530,0.0001774139964254573,0.0001781360202585347,0.00017841472730963727,0.000407746487069144,1.5313413314288482e-05,4.379694126546383,2.069896712899208
3,29,600,540,0.00017781124915927649,0.00017759436886990442,0.0001780896807204842,0.000366240773799009,1.530442386865616e-05,4.46194564551115,2.1081497818231583
3,29,600,550,0.00017647631466388702,0.00017735238798195497,0.00017778611943285663,0.0003309261625634618,1.5259536667144857e-05,4.544569551944733,2.1462156549096107
3,29,600,560,0.00017669015505816787,0.00017747471138136462,0.00017765440328997514,0.00030189944825721114,1.5080066987138707e-05,4.627387888729572,2.1845442578196526
3,29,600,570,0.0001770177623257041,0.00017712790286168457,0.00017743930455644996,0.00027924019108654767,1.5200151210592594e-05,4.709533087909222,2.222657710313797
3,29,600,580,0.00017832894809544086,0.00017711204709485172,0.00017730562909151504,0.00026301049850035074,1.5061520571180154e-05,4.792423777282238,2.260815031826496
3,29,600,590,0.00017752201529219747,0.00017705275677144529,0.00017720573923998853,0.0002532548549578871,1.5204761439235881e-05,4.874646559357643,2.2989035546779633
3,29,600,600,0.00017636043776292354,0.00017661756719462575,0.00017696160209727677,0.00025,1.5293044270947576e-05,4.9567777663469315,2.3371604159474373
3,29,700,0,,,,0.005,,0.0,0.03831355273723602
3,29,700,10,0.00023243074247147888,0.00023930037714308127,0.0002540439997086916,0.004997608533035624,2.5545132302795537e-05,0.08271969109773636,0.07657123357057571
3,29,700,20,0.00022792044910602272,0.00022975883621256799,0.00024422980409281875,0.004990438948238695,2.3840069843572564e-05,0.1649778112769127,0.11476616561412811
3,29,700,30,0.00022460278705693781,0.00022582107048947365,0.0002367968877124155,0.004978505684198846,2.308142211404629e-05,0.24767717719078064,0.1529959961771965
3,29,700,40,0.0002226096112281084,0.0002232374987215735,0.00023131503549543586,0.004961832772921746,2.2227904992178082e-05,0.3297831043601036,0.1911412551999092
3,29,700,50,0.00021983496844768524,0.00022112432779977098,0.00022719836485190633,0.004940453791431832,2.2202742911758833e-05,0.4126853942871094,0.22924605756998062
3,29,700,60,0.00021865349845029414,0.00021909306233283132,0.00022392644160266364,0.004914411794152653,2.2542666556546465e-05,0.4948587864637375,0.2675335109233856
3,29,700,70,0.00021785032004117966,0.00021789785678265615,0.00022148049434052308,0.004883759226200991,2.1598463717964478e-05,0.5771035626530647,0.30564356595277786
3,29,700,80,0.0002160504081984982,0.00021656225435435773,0.00021949349325107992,0.004848557817769377,2.1752432076027617e-05,0.6601095199584961,0.3439119830727577
3,29,700,90,0.00021469050261657685,0.00021522733732126653,0.00021776904051338953,0.004808878459809697,2.1910575014771894e-05,0.7422740310430527,0.3822360932826996
3,29,700,100,0.00021366353030316532,0.00021368023881223052,0.0002161169093597603,0.0047648010612682465,2.118091106240172e-05,0.8248810470104218,0.420261025428772
3,29,700,110,0.00021186038793530315,0.00021294759353622793,0.0002148021168775453,0.004716414388159756,2.167145248677116e-05,0.9075338542461395,0.4595172181725502
3,29,700,120,0.00021144052152521908,0.00021157168230274693,0.00021347715803659277,0.004663815884804437,2.095281524816528e-05,0.9898934066295624,0.49774447828531265
3,29,700,130,0.00021077613928355277,0.00021080789156258106,0.0002124037829208413,0.004607111477588099,2.0679164663306437e-05,1.0728686526417732,0.5359376966953278
3,29,700,140,0.00020951218903064728,0.00020968342141713947,0.00021130310676704565,0.004546415361640505,2.0736413716804236e-05,1.154959462583065,0.5741726458072662
3,29,700,150,0.00020824759849347174,0.0002082913924823515,0.0002100755626799533,0.004481849770861575,2.0741998014273122e-05,1.2372825518250465,0.6123942360281944
3,29,700,160,0.0002071989292744547,0.00020762499334523455,0.00020907198011655618,0.004413544731758579,2.059177313640248e-05,1.3202801421284676,0.6505393981933594
3,29,700,170,0.00020586444588843733,0.0002069322217721492,0.0002081904608547988,0.004341637801590058,2.0505691281869076e-05,1.4023950174450874,0.6886460706591606
3,29,700,180,0.0002057503443211317,0.00020603965094778687,0.00020732029182899374,0.004266273791343808,2.014541496464517e-05,1.4844953119754791,0.7266987413167953
3,29,700,190,0.00020416549523361027,0.00020485504501266405,0.00020633030058237487,0.0041876044741068225,2.0369358026073314e-05,1.5666699931025505,0.764886312186718
3,29,700,200,0.00020403871894814074,0.00020393673767102883,0.00020536406185058388,0.004105788279414497,1.9789427824434824e-05,1.6488778814673424,0.8030460402369499
3,29,700,210,0.0002020730753429234,0.00020340348564786836,0.00020454806706346698,0.004020989974194624,1.9965220417361706e-05,1.7317518442869186,0.8411943539977074
3,29,700,220,0.00020255555864423513,0.00020234110997989773,0.00020367006400469229,0.003933380330948743,1.9284270820207894e-05,1.8142300620675087,0.8794903233647346
3,29,700,230,0.00020132817735429853,0.0002013377597904764,0.0002027080677674695,0.003843135783839026,1.937647903105244e-05,1.8962794914841652,0.9176855906844139
3,29,700,240,0.00019975751638412476,0.00020021376549266278,0.00020168110186070872,0.0037504380733733673,1.9564691683626734e-05,1.9793452247977257,0.9558059126138687
3,29,700,250,0.00019967304251622409,0.00019955455500166863,0.00020081676787768834,0.003655473880404196,1.9520579371601343e-05,2.0614154413342476,0.9940342232584953
3,29,700,260,0.00019900078768841922,0.00019829736702376978,0.00019979794876853676,0.0035584344501780616,1.8920911315944977e-05,2.143754780292511,1.0320531353354454
3,29,700,270,0.00019672702183015645,0.00019720041455002503,0.0001987366967883228,0.003459515207193181,1.9334303942741826e-05,2.226528264582157,1.0703255757689476
3,29,700,280,0.00019626651192083955,0.0001969178338185884,0.00019798389141050134,0.0033589153616404915,1.881207754195202e-05,2.3086511567234993,1.1085213273763657
3,29,700,290,0.00019585929112508893,0.00019603292166721077,0.0001971735460123104,0.0032568375082208416,1.8851147615350783e-05,2.3913495540618896,1.1464778631925583
3,29,700,300,0.0001945561816683039,0.00019511534628691152,0.00019633392656216535,0.003153487218146233,1.9139684809488244e-05,2.4739227443933487,1.1849236264824867
3,29,700,310,0.00019406978390179574,0.00019416376890148967,0.00019543659263848362,0.003049072625146745,1.8917327906819992e-05,2.55622785538435,1.2231100723147392
3,29,700,320,0.00019234212231822312,0.00019293233053758742,0.0001944082205800146,0.002943804006316912,1.847384191933088e-05,2.639128237962723,1.2611844316124916
3,29,700,330,0.00019129225984215736,0.00019173483597114682,0.00019330630276314306,0.002837893358645634,1.8657716282177716e-05,2.7212370187044144,1.2993697375059128
3,29,700,340,0.0001906372926896438,0.00019081527716480196,0.0001922945432937912,0.002731553972082453,1.8643817384145223e-05,2.8033575415611267,1.3374179750680923
3,29,700,350,0.000190590406418778,0.00019042786152567714,0.00019154362046506818,0.002624999999999979,1.817933480197098e-05,2.8858963400125504,1.375852070748806
3,29,700,360,0.00018919346621260047,0.00018935251282528042,0.00019066785575897065,0.002518446027917505,1.8181157429353334e-05,2.9681005030870438,1.4140606299042702
3,29,700,370,0.00018806078878697008,0.00018838307005353272,0.0001897392071875747,0.0024121066413543227,1.7995243979385123e-05,3.051112122833729,1.4522066190838814
3,29,700,380,0.00018691227887757123,0.00018738838116405532,0.00018878742607261376,0.0023061959936830434,1.7877566278912127e-05,3.133524000644684,1.49062979221344
3,29,700,390,0.00018578479648567736,0.00018633993313414975,0.00018777433642639305,0.0022009273748532132,1.7746897356119007e-05,3.215841569006443,1.5286976769566536
3,29,700,400,0.0001850803237175569,0.0001856158967711963,0.00018690117976692718,0.00209651278185373,1.7719718016451225e-05,3.2986956164240837,1.5670545548200607
3,29,700,410,0.00018521962920203805,0.00018491727096261456,0.00018608705265711772,0.001993162491779124,1.7735959772835486e-05,3.380764350295067,1.6051116213202477
3,29,700,420,0.00018323143012821674,0.00018412643694318832,0.00018528088594745696,0.0018910846383594791,1.7771395505405962e-05,3.463383987545967,1.6432569473981857
3,29,700,430,0.00018263775564264506,0.0001833973903558217,0.00018453020658801145,0.0017904847928067915,1.79953349288553e-05,3.546056881546974,1.6815759390592575
3,29,700,440,0.0001819589815568179,0.00018277251947438345,0.00018380985755692063,0.0016915655498219127,1.7428073988412507e-05,3.6282098293304443,1.7196332588791847
3,29,700,450,0.00018157251179218292,0.00018187973619205878,0.000183022882714218,0.0015945261195957825,1.7093332644435577e-05,3.7103379890322685,1.7576839998364449
3,29,700,460,0.00018003859440796077,0.0001813958224374801,0.00018235539934002932,0.0014995619266266122,1.7240974557353184e-05,3.7925449311733246,1.795794740319252
3,29,700,470,0.00018036909750662744,0.00018079903384204954,0.00018171702747679078,0.0014068642161609581,1.706448347249534e-05,3.874726489186287,1.8339564949274063
3,29,700,480,0.00017920901882462204,0.0001801128324586898,0.00018108890717459254,0.0013166196690512426,1.6924695955822244e-05,3.9573135375976562,1.8720301762223244
3,29,700,490,0.00017948620370589197,0.00017987649334827438,0.00018059275487870055,0.0012290100258053637,1.6964349924819544e-05,4.039697147905827,1.9102781489491463
3,29,700,500,0.0001798479352146387,0.00017922764673130586,0.0001800547907584864,0.0011442117205854962,1.645712291065138e-05,4.121999554336071,1.9484145790338516
3,29,700,510,0.00017783159273676574,0.00017838086641859264,0.00017937663213432443,0.0010623955258931717,1.630921906325966e-05,4.20490925014019,1.986501857638359
3,29,700,520,0.00017854926409199834,0.00017851189331850038,0.00017903311057669986,0.0009837262086561868,1.6020310795283876e-05,4.287140041589737,2.0248823687434196
3,29,700,530,0.000177488531335257,0.00017822521040216087,0.00017870335147271007,0.0009083621984099367,1.603207601874601e-05,4.369785711169243,2.0629670917987823
3,29,700,540,0.00017769639089237899,0.00017752858257154004,0.0001782385347022415,0.0008364552682414167,1.6006380974431522e-05,4.4525997787714005,2.101094610989094
3,29,700,550,0.00017607389600016177,0.00017703831399558113,0.00017774301492256238,0.0007681502291384224,1.5944042388582602e-05,4.534837819635868,2.139305606484413
3,29,700,560,0.00017604880849830806,0.00017697547882562504,0.00017742746475809244,0.0007035846383594941,1.56960613821866e-05,4.617334343492985,2.177465610206127
3,29,700,570,0.00017642682360019535,0.00017657817516010256,0.00017707993827284388,0.0006428885224119009,1.566672472108621e-05,4.699700124561787,2.2157850340008736
3,29,700,580,0.00017772083810996264,0.00017650787631282583,0.00017684831649197486,0.0005861841151955634,1.549838088976685e-05,4.781797535717487,2.254019059240818
3,29,700,590,0.00017657270655035973,0.0001761941020959057,0.00017658385075495283,0.0005335856118402431,1.5539044397883117e-05,4.865123026072979,2.2923612371087074
3,29,700,600,0.00017541443230584264,0.0001756563942763023,0.00017619792593740442,0.00048519893873175113,1.5512510799453594e-05,4.947341084480286,2.330699935555458
3,29,700,610,0.00017631164519116282,0.0001756674246280454,0.0001759788479687295,0.00044112154019030204,1.5088265172380488e-05,5.029663041234016,2.368797406554222
3,29,700,620,0.00017545151058584452,0.0001754169599735178,0.00017575153557657192,0.00040144218223062177,1.4936444131308235e-05,5.11246994137764,2.407038390636444
3,29,700,630,0.00017484927957411855,0.00017553775105625392,0.00017565046313066098,0.0003662407737990085,1.4915109204594046e-05,5.194621786475182,2.4452629536390305
3,29,700,640,0.00017445067351218313,0.00017474081687396392,0.00017528707095840456,0.0003355882058473472,1.4742617167939898e-05,5.277509242296219,2.4833406060934067
3,29,700,650,0.00017372434376738966,0.00017463181720813736,0.0001750082554489038,0.00030954620856816795,1.4911401194694918e-05,5.359861180186272,2.5218471363186836
3,29,700,660,0.00017448265862185508,0.00017497396183898672,0.00017498234530948626,0.0002881672270782542,1.460006842535222e-05,5.442066535353661,2.5599784404039383
3,29,700,670,0.00017458925140090287,0.00017474856867920606,0.0001748701617657214,0.00027149431580115476,1.4890772945364006e-05,5.525146648287773,2.598292075097561
3,29,700,680,0.000174612709088251,0.00017469373269705102,0.0001747981579289406,0.00025956105176130705,1.4736584489583038e-05,5.607265025377274,2.636708602309227
3,29,700,690,0.00017465013661421835,0.00017472586478106678,0.00017476989394588058,0.00025239146696437784,1.4603640920540784e-05,5.689531572163105,2.67468548566103
3,29,700,700,0.00017553092038724571,0.00017477271903771908,0.00017476642663473752,0.00025,1.4722213563800324e-05,5.772260524332523,2.7128061577677727
3,29,800,0,,,,0.005,,0.0,0.0381980761885643
3,29,800,10,0.00023242970928549767,0.00023930019669933246,0.000254043906506319,0.004998168961071719,2.5633389668655582e-05,0.0824737697839737,0.07653939723968506
3,29,800,20,0.0002278634929098189,0.00022970675054239108,0.00024420865049047143,0.00499267866761618,2.389929250057321e-05,0.16498398780822754,0.114559106528759
3,29,800,30,0.00022451061522588134,0.00022579909709747882,0.00023677310679221265,0.004983537585267952,2.28892604354769e-05,0.24808312207460403,0.15288053452968597
3,29,800,40,0.00022246077423915267,0.00022319917334243656,0.00023128265935078905,0.004970759808913454,2.2285054001258686e-05,0.33037011325359344,0.1910267099738121
3,29,800,50,0.00021978233417030424,0.00022107922413852065,0.00022716028403198872,0.0049543650409576735,2.2419781089411117e-05,0.41347407549619675,0.2293328493833542
3,29,800,60,0.00021875934908166528,0.00021903570304857567,0.00022388181575305933,0.004934378560944483,2.2544614694197662e-05,0.4959152787923813,0.26776017248630524
3,29,800,70,0.00021782104158774018,0.00021775601780973374,0.00022139859819689828,0.004910831186577412,2.1581887267529964e-05,0.5784461125731468,0.30588873475790024
3,29,800,80,0.0002158939023502171,0.00021646179666277022,0.00021940265178798128,0.004883759226200989,2.184804907301441e-05,0.6616236120462418,0.3441418632864952
3,29,800,90,0.00021461938740685582,0.0002151192762539722,0.0002176721664290004,0.004853204422815899,2.1937486962997355e-05,0.7438206002116203,0.38249243795871735
3,29,800,100,0.00021348512382246554,0.00021348420123104006,0.00021598146090374122,0.004819213889714307,2.116514770023059e-05,0.8265115767717361,0.4205227866768837
3,29,800,110,0.00021183725039009005,0.00021276867482811213,0.00021465027619279085,0.00478184003783457,2.1711093722842634e-05,0.9091694131493568,0.4586680978536606
3,29,800,120,0.00021130005188751966,0.00021149157837498933,0.00021335459926962016,0.004741140494947377,2.0733359633595683e-05,0.9912793859839439,0.4968329295516014
3,29,800,130,0.00021068358910270035,0.0002107341046212241,0.0002123020668740667,0.004697178016797897,2.0726762159029022e-05,1.0738439038395882,0.5350579097867012
3,29,800,140,0.0002093711227644235,0.00020958978566341103,0.0002112056520441994,0.004650020390340973,2.0713205231004395e-05,1.156264804303646,0.573469765484333
3,29,800,150,0.00020816187316086143,0.00020817022159462794,0.00020996768885452434,0.004599740329218549,2.060615224763751e-05,1.238496646285057,0.611546590924263
3,29,800,160,0.0002070273330900818,0.00020758485625265165,0.00020899029523652516,0.004546415361640503,2.060899350908585e-05,1.3211294114589691,0.6496836841106415
3,29,800,170,0.00020595981914084405,0.00020678852451965212,0.00020808809500819772,0.004490127710841771,2.0454423065530136e-05,1.4034889563918114,0.6879618614912033
3,29,800,180,0.0002056500961771235,0.00020599740964826195,0.00020724060857463464,0.004430964168300075,2.013526864175219e-05,1.4862598702311516,0.7261168658733368
3,29,800,190,0.00020401825895532966,0.00020478994556469843,0.00020625556166202545,0.004369015959909756,2.0284354832256213e-05,1.5684048905968666,0.7643813267350197
3,29,800,200,0.0002040556282736361,0.0002038983555394225,0.00020530430797221854,0.004304378605318053,1.9702823919942603e-05,1.6506712958216667,0.8027310073375702
3,29,800,210,0.00020207137276884168,0.00020340297487564385,0.00020451459390940214,0.00423715177064074,1.9950013665948063e-05,1.7330122888088226,0.8409234210848808
3,29,800,220,0.0002028568706009537,0.00020237269636709244,0.0002036669844261906,0.00416743911478419,1.9400786186452024e-05,1.8161238878965378,0.8793282210826874
3,29,800,230,0.00020155886886641383,0.00020154560334049166,0.0002027917424994774,0.004095348129610857,1.9275703380117193e-05,1.8986104428768158,0.9179348796606064
3,29,800,240,0.00020000198855996132,0.00020063396514160558,0.00020189878868332465,0.0040209899741946225,1.9688683096319437e-05,1.9812235161662102,0.9561512619256973
3,29,800,250,0.00020028019207529724,0.00020004945108667015,0.00020114596820699,0.003944479303421552,1.9531969883246347e-05,2.064081519842148,0.994342528283596
3,29,800,260,0.0001996862847590819,0.00019893238641088828,0.000200251223113255,0.0038659340912003707,1.9008581148227677e-05,2.146177016198635,1.0324948281049728
3,29,800,270,0.00019743350276257843,0.0001978583270101808,0.00019926929655616544,0.003785475448555258,1.9251538105891086e-05,2.228775441646576,1.0705104172229767
3,29,800,280,0.0001971281017176807,0.00019765978504437953,0.00019860140480053553,0.0037032274368814094,1.8901257135439664e-05,2.3111602440476418,1.1087494418025017
3,29,800,290,0.00019656763470266014,0.00019675794465001673,0.00019783617007069798,0.0036193168766513757,1.8688268028199673e-05,2.3934167847037315,1.1469426453113556
3,29,800,300,0.0001953301252797246,0.00019588295399444177,0.00019704030192758027,0.003533873151867071,1.920668910315726e-05,2.476177789270878,1.1849089413881302
3,29,800,310,0.00019495848391670734,0.0001950117075466551,0.00019619924477836266,0.0034470280105590254,1.8825348888640292e-05,2.558529645204544,1.2233992740511894
3,29,800,320,0.00019344728207215667,0.00019400942837819458,0.00019529869038984352,0.0033589153616404785,1.8625083612278104e-05,2.641217716038227,1.261672168970108
3,29,800,330,0.00019250597688369453,0.0001928540237713605,0.00019429029527350507,0.0032696710684295294,1.8809903849614784e-05,2.724480725824833,1.2999709397554398
3,29,800,340,0.0001917744957609102,0.00019204447889933362,0.000193374387030161,0.003179432739157751,1.8671422367333435e-05,2.8068104833364487,1.3383445888757706
3,29,800,350,0.00019197521032765508,0.00019170534069417043,0.00019270574819364475,0.003088339514788278,1.8338718291488476e-05,2.8897382020950317,1.3765105456113815
3,29,800,360,0.0001905455719679594,0.000190709724847693,0.00019190758963698123,0.0029965318544705206,1.8318465663469397e-05,2.9722612872719765,1.414973422884941
3,29,800,370,0.0001894799352157861,0.000189745458192192,0.00019103041777694403,0.0029041513189623355,1.809844070521649e-05,3.054944135248661,1.4532724246382713
3,29,800,380,0.00018834949878510088,0.0001887646023533307,0.00019011682347854641,0.0028113403523536027,1.7923679479281418e-05,3.1382441222667694,1.4916745647788048
3,29,800,390,0.0001871729618869722,0.00018774138879962265,0.0001891309795923081,0.0027182420624277583,1.7958616808755323e-05,3.2205832451581955,1.5300622954964638
3,29,800,400,0.00018656213069334626,0.0001870649415650405,0.00018829421970029055,0.0026249999999999694,1.79576818482019e-05,3.3030823543667793,1.5684216767549515
3,29,800,410,0.00018685375107452273,0.00018632710998645052,0.00018748939231668093,0.0025317579375721787,1.7857846614788286e-05,3.3858189657330513,1.6070585399866104
3,29,800,420,0.00018463209562469274,0.0001855652575613931,0.0001866978173331537,0.002438659647646336,1.796979813661892e-05,3.468234047293663,1.645733617246151
3,29,800,430,0.00018410623306408525,0.00018476866680430248,0.0001859274558123526,0.0023458486810376033,1.811410766094923e-05,3.5513670668005943,1.6839234754443169
3,29,800,440,0.00018334122432861477,0.0001841743753175251,0.00018521103345612666,0.002253468145529418,1.7729813407640904e-05,3.633917972445488,1.722342774271965
3,29,800,450,0.00018266672850586474,0.00018318949005333707,0.00018438638503709935,0.0021616604852116622,1.7407302948413417e-05,3.7160545885562897,1.760504499077797
3,29,800,460,0.00018140824977308512,0.0001826969353714958,0.00018369473366363655,0.002070567260842192,1.7729886167217046e-05,3.7983830496668816,1.798683911561966
3,29,800,470,0.00018171677947975695,0.00018209345580544323,0.00018303903713035914,0.001980328931570418,1.745550434861798e-05,3.880732446908951,1.8369248807430267
3,29,800,480,0.00018020064453594387,0.00018120231543434785,0.00018231672806981886,0.0018910846383594715,1.733770659484435e-05,3.963090769946575,1.8754323944449425
3,29,800,490,0.00018056784756481647,0.00018081950984196737,0.00018170489710337307,0.001802971989440927,1.758194775902666e-05,4.045952752232552,1.9136958345770836
3,29,800,500,0.00018083065515384078,0.00018011876236414536,0.00018107621092037233,0.0017161268481328867,1.6881645933608525e-05,4.128960840404034,1.9521623998880386
3,29,800,510,0.0001785988570190966,0.00017919904785230757,0.00018031339192550874,0.0016306831233485833,1.684164089965634e-05,4.211351349949837,1.9905582144856453
3,29,800,520,0.00017930581816472113,0.00017922498373081907,0.0001798802265917112,0.0015467725631185536,1.6569645595154725e-05,4.294301263988018,2.028953067958355
3,29,800,530,0.00017804300296120346,0.00017881066451082007,0.0001794426291608799,0.0014645245514447102,1.653489744057879e-05,4.377050809562206,2.067463181912899
3,29,800,540,0.00017817170009948313,0.0001780335936928168,0.00017888350106990498,0.0013840659087996018,1.6510652130818926e-05,4.4597001522779465,2.1056538820266724
3,29,800,550,0.00017633949755690992,0.0001774763164576143,0.00017830044411305652,0.0013055206965784264,1.64622124430025e-05,4.542659975588322,2.143995091319084
3,29,800,560,0.0001764061744324863,0.00017729818355292082,0.0001778879017665603,0.0012290100258053596,1.6309026250382885e-05,4.625223733484745,2.1826363876461983
3,29,800,570,0.00017673221009317786,0.00017682470061117784,0.00017745364107888586,0.0011546518703891284,1.629106918699108e-05,4.707715377211571,2.220973066985607
3,29,800,580,0.00017789607227314264,0.00017662323953118175,0.00017711926239791128,0.0010825608852157997,1.5984678611857817e-05,4.790569052100182,2.2593757063150406
3,29,800,590,0.00017665904306340963,0.00017630048969294876,0.00017678456941438433,0.0010128482293592501,1.6200241589103825e-05,4.873092100024223,2.2976224422454834
3,29,800,600,0.00017532285710331053,0.00017559317930135876,0.0001762886220972883,0.0009456213946819376,1.604005228728056e-05,4.955929413437843,2.335803359746933
3,29,800,610,0.00017582435975782573,0.00017543528811074792,0.0001759366679364694,0.0008809840400902355,1.560530836286489e-05,5.038238607347012,2.3742633387446404
3,29,800,620,0.00017512550402898341,0.00017512943013571204,0.00017560962349439917,0.0008190358316999166,1.535982846689876e-05,5.1207230463624,2.412472516298294
3,29,800,630,0.0001746580092003569,0.0001751418487401679,0.00017540491504733737,0.0007598722891582217,1.5487376003875397e-05,5.203897073864937,2.450903318822384
3,29,800,640,0.000174240383785218,0.00017434906912967564,0.00017498555255214304,0.0007035846383594924,1.5350771718658507e-05,5.286189340054989,2.4891765043139458
3,29,800,650,0.00017307570669800043,0.00017405640974175186,0.0001745969121069431,0.0006502596707814487,1.5260899090208113e-05,5.368873313069344,2.527237519621849
3,29,800,660,0.00017362076323479414,0.00017426790727768094,0.00017444844297656196,0.0005999796096590256,1.4976286365708802e-05,5.451276756823063,2.565683498978615
3,29,800,670,0.00017375661991536617,0.00017396526673110201,0.00017423402243457004,0.0005528219832021018,1.519446504971711e-05,5.533787362277508,2.60406980663538
3,29,800,680,0.00017368048429489136,0.0001738010556437075,0.00017405608143739487,0.0005088595050526219,1.5017136320238933e-05,5.616994187235832,2.64239102602005
3,29,800,690,0.00017384201055392623,0.00017380528443027287,0.00017395630768753757,0.000468159962165428,1.4870917766529601e-05,5.6994850635528564,2.680955171585083
3,29,800,700,0.00017445339472033083,0.0001737091486575082,0.00017385074007883908,0.00043078611028569134,1.4762606042495463e-05,5.78208851069212,2.7190612480044365
3,29,800,710,0.00017428302089683712,0.00017343381623504683,0.00017369391730435803,0.00039679557718409785,1.4624301002186257e-05,5.864877328276634,2.7574268579483032
3,29,800,720,0.00017379678320139647,0.0001734129138640128,0.00017357223548612809,0.0003662407737990084,1.4735182958247606e-05,5.947242744266987,2.7958085536956787
3,29,800,730,0.00017192462109960616,0.00017296987061854452,0.00017331511109789873,0.0003391688134225863,1.4743066458322573e-05,6.02964660525322,2.8343770802021027
3,29,800,740,0.0001722194137983024,0.00017272994155064224,0.0001730835074325508,0.0003156214390555172,1.438145773136057e-05,6.112011224031448,2.8727147951722145
3,29,800,750,0.00017203715106006712,0.0001724355432088487,0.00017281091540890985,0.000295634959042327,1.419343152520014e-05,6.194413989782333,2.911007560789585
3,29,800,760,0.00017305731307715178,0.00017238882574019954,0.000172652040619549,0.0002792401910865475,1.4374571037478745e-05,6.277379781007767,2.949095241725445
3,29,800,770,0.0001721462031127885,0.00017254525155294687,0.0001726048246392263,0.0002664624147320497,1.403800615662476e-05,6.359880678355694,2.987436406314373
3,29,800,780,0.00017281732289120555,0.00017265356873394922,0.00017261822080795849,0.00025732133238382096,1.4494465176539961e-05,6.442373536527157,3.025867260992527
3,29,800,790,0.0001725661859381944,0.0001722192158922553,0.0001724614085291633,0.00025183103892828306,1.436749425920425e-05,6.525479681789875,3.064147524535656
3,29,800,800,0.0001727831258904189,0.0001722222295938991,0.00017238481642644108,0.00025,1.4126081623544451e-05,6.608019471168518,3.10268796980381
3,29,900,0,,,,0.005,,0.0,0.03830508142709732
3,29,900,10,0.00023246559430845082,0.0002392960843280889,0.0002540422487094021,0.004998553214170353,2.5533010557410307e-05,0.08314497768878937,0.07647952437400818
3,29,900,20,0.0002279698965139687,0.000229747717094142,0.0002442228790732565,0.004994214619367081,2.3885204427642748e-05,0.1657884418964386,0.11503158509731293
3,29,900,30,0.00022458925377577543,0.00022576163028134033,0.00023676835103755048,0.004986989501499647,2.29747765843058e-05,0.24824363738298416,0.15341170132160187
3,29,900,40,0.00022258536773733795,0.0002233233259175904,0.00023133125117099179,0.004976886663261228,2.223344927188009e-05,0.3311488926410675,0.1917237713932991
3,29,900,50,0.00021988866501487792,0.00022115608007879927,0.00022722095135484875,0.004963918413403992,2.2357142370310612e-05,0.41391178220510483,0.2302718535065651
3,29,900,60,0.00021859750268049538,0.0002191536594182253,0.00022396368779255014,0.0049481005517427856,2.2608279323321767e-05,0.4965924024581909,0.26838263869285583
3,29,900,70,0.00021795122302137315,0.00021785754070151596,0.0002214913070756302,0.004929452349905488,2.1745254343841225e-05,0.5794693678617477,0.3068253993988037
3,29,900,80,0.00021592428674921393,0.00021661217033397406,0.00021951683034009977,0.0049079965278535035,2.1903741071582772e-05,0.6619180366396904,0.3452170491218567
3,29,900,90,0.0002148035855498165,0.00021534998231800273,0.00021782981096236899,0.0048837592262009856,2.1857087631360628e-05,0.7446410432457924,0.38343238830566406
3,29,900,100,0.0002138155687134713,0.0002137661023880355,0.00021618705802816234,0.004856769974366528,2.1133879272383638e-05,0.8272151872515678,0.4217349663376808
3,29,900,110,0.00021213498257566243,0.00021307639690348879,0.00021489777604095478,0.004827061654596116,2.162790042348206e-05,0.9096415564417839,0.46012020111083984
3,29,900,120,0.00021146894141566008,0.00021175449655856936,0.00021360545966997297,0.004794670461901172,2.0776242308784276e-05,0.9922901168465614,0.49829743057489395
3,29,900,130,0.00021088428911753,0.00021094254771014675,0.0002125314351693061,0.0047596358599605185,2.0688559743575752e-05,1.0746686905622482,0.5366139113903046
3,29,900,140,0.00020956265507265925,0.000209825586352963,0.000211437393942178,0.004722000533039948,2.0878302166238427e-05,1.157615765929222,0.5750048756599426
3,29,900,150,0.00020831014262512326,0.00020852932502748444,0.00021025119013565188,0.004681810333988038,2.0661516828113236e-05,1.2405790910124779,0.6134177446365356
3,29,900,160,0.0002073531795758754,0.0002078387580695562,0.00020926383799714716,0.004639114228371508,2.0626479454222135e-05,1.322923444211483,0.6516837328672409
3,29,900,170,0.0002063939318759367,0.00020720756438095123,0.00020841909228755737,0.00459396423481822,2.069372021651361e-05,1.406069539487362,0.689886137843132
3,29,900,180,0.0002060892293229699,0.00020637166016967967,0.00020759104280212033,0.004546415361640496,2.0229250367265195e-05,1.4883171021938324,0.7283276692032814
3,29,900,190,0.0002046055014943704,0.00020533935021376236,0.00020668628750168983,0.004496525539815961,2.0456633137655444e-05,1.570944145321846,0.7663461565971375
3,29,900,200,0.0002045891305897385,0.00020453796896617859,0.00020581776249010996,0.00444435555240757,1.978900945687201e-05,1.6536760106682777,0.804770216345787
3,29,900,210,0.00020276210852898657,0.0002040437757386826,0.00020508079454720806,0.004389968960508811,2.0066438082722016e-05,1.735816515982151,0.843150682747364
3,29,900,220,0.00020332027634140104,0.0002030987321631983,0.00020429536536730348,0.004333432025804295,1.9342081941431388e-05,1.8185158893465996,0.8812403529882431
3,29,900,230,0.0002024072309723124,0.00020229264337103813,0.00020347192060701707,0.004274813629840118,1.9386643543839455e-05,1.9008357897400856,0.9197971373796463
3,29,900,240,0.00020100781694054604,0.00020152483048150316,0.00020266289394574153,0.004214185190102288,1.9740915377042256e-05,1.9831024929881096,0.9579881355166435
3,29,900,250,0.00020112647325731814,0.0002009495728998445,0.00020196582223104442,0.004151620573005531,1.957053791556973e-05,2.0663913935422897,0.9962404519319534
3,29,900,260,0.00020046750432811677,0.00019982977682957425,0.00020110122383524529,0.004087196003898436,1.8838354662875645e-05,2.148720033466816,1.0346248373389244
3,29,900,270,0.00019833138503599912,0.00019873565470334141,0.00020013465023301205,0.004020989974194619,1.9403069018153474e-05,2.2312534004449844,1.0726724937558174
3,29,900,280,0.00019806101045105606,0.00019865864305756986,0.0001995230262848098,0.003953083145743019,1.8765160348266363e-05,2.3140006214380264,1.1109274998307228
3,29,900,290,0.000197861110791564,0.00019792322564171627,0.00019885885656083702,0.003883558252553855,1.8906936020357534e-05,2.396235205233097,1.1491741016507149
3,29,900,300,0.0001969004370039329,0.00019722421566257254,0.00019819468740692634,0.0038124999999999895,1.912567313411273e-05,2.478758916258812,1.1872130036354065
3,29,900,310,0.00019649490423034877,0.0001964702008990571,0.00019747806048009452,0.0037399949616164782,1.9016766600543633e-05,2.5614579245448112,1.2257394939661026
3,29,900,320,0.0001949541619978845,0.00019549590942915528,0.00019666346073992364,0.003666131473624045,1.8625367374625057e-05,2.64357341080904,1.2639554291963577
3,29,900,330,0.00019387071370147169,0.00019436576549196615,0.0001957123862502195,0.0035909995273050097,1.8764003471005708e-05,2.7265342697501183,1.302089586853981
3,29,900,340,0.00019327101472299546,0.00019351360824657605,0.00019481543127728177,0.0035146906593627745,1.8728334907791577e-05,2.8087905794382095,1.340682253241539
3,29,900,350,0.00019360575242899358,0.00019322556909173727,0.00019417847869333972,0.0034372978403984468,1.8416783859720454e-05,2.891402378678322,1.3788388073444366
3,29,900,360,0.00019229226745665073,0.00019236814405303447,0.0001934566441251949,0.003358915361640482,1.8475753677194007e-05,2.974315047264099,1.4170645028352737
3,29,900,370,0.00019119572243653238,0.00019137010822305455,0.000192611092120453,0.0032796387200653516,1.82412113645114e-05,3.0565426647663116,1.455275222659111
3,29,900,380,0.0001900640199892223,0.0001905375233036466,0.00019177400500020194,0.0031995645020491863,1.8167049347539432e-05,3.1387925818562508,1.4934395030140877
3,29,900,390,0.00018882652511820197,0.00018948706128867342,0.00019082668061869384,0.003118790265692153,1.7979264157474972e-05,3.221053548157215,1.5317423343658447
3,29,900,400,0.00018829540931619704,0.0001888963073724881,0.0001900439367712273,0.0030374144219589344,1.8147376977140084e-05,3.3034747764468193,1.570225365459919
3,29,900,410,0.00018876921967603266,0.00018830147600965575,0.00018932650746091,0.002955536114780128,1.8064893083646894e-05,3.3863241598010063,1.6082988530397415
3,29,900,420,0.0001867509272415191,0.0001874605630291626,0.0001885645858267219,0.002873255100260647,1.830666406021919e-05,3.4691428393125534,1.646777182817459
3,29,900,430,0.0001860886113718152,0.00018677487969398499,0.00018785072463116788,0.002790671625142266,1.826439256547019e-05,3.5516319423913956,1.6849727034568787
3,29,900,440,0.00018520717276260257,0.0001861098047811538,0.00018713706900713462,0.0027078863046684073,1.7972552086575888e-05,3.634231023490429,1.7231206446886063
3,29,900,450,0.00018451112555339932,0.00018508748325984925,0.00018629908666442302,0.002624999999999966,1.75920213223435e-05,3.7164464816451073,1.761373184621334
3,29,900,460,0.00018329129670746624,0.000184597096813377,0.00018560373095738236,0.0025421136953315254,1.7918851881404407e-05,3.79868146777153,1.799654521048069
3,29,900,470,0.00018369837198406458,0.00018399403634248302,0.00018494598007206409,0.002459328374857666,1.775837881723419e-05,3.881612502038479,1.8379211723804474
3,29,900,480,0.00018217344768345356,0.00018304942350368946,0.000184201143019415,0.0023767448997392875,1.7755350199877284e-05,3.96407900005579,1.8762832134962082
3,29,900,490,0.00018228520639240742,0.00018264520913362502,0.00018356339293047088,0.002294463885219809,1.7734435459715314e-05,4.046351850032806,1.9142938703298569
3,29,900,500,0.00018257737974636257,0.00018191176641266794,0.00018291072406220093,0.002212585578041007,1.7208825738634914e-05,4.129044584929943,1.95261549949646
3,29,900,510,0.00018045707838609815,0.00018093244289048017,0.00018210869147507089,0.0021312097343077875,1.719284955470357e-05,4.211202785372734,1.9911858886480331
3,29,900,520,0.00018092099344357848,0.00018084497278323398,0.00018160418512084558,0.0020504354979507568,1.698030246188864e-05,4.293948195874691,2.0293276980519295
3,29,900,530,0.00017956520605366677,0.00018045338074443862,0.0001811337371223775,0.0019703612799345954,1.6967398551059887e-05,4.376386500895023,2.067701332271099
3,29,900,540,0.00017958137323148549,0.00017961913981707768,0.00018052954274629256,0.00189108463835947,1.6970019714790396e-05,4.458490200340748,2.105876624584198
3,29,900,550,0.00017767431563697755,0.00017893238546093926,0.00017986567076326907,0.0018127021596015082,1.7063985069398768e-05,4.541664831340313,2.144194059073925
3,29,900,560,0.00017769566329661757,0.00017864627589005976,0.0001793640742487261,0.001735309340637182,1.6853733541211113e-05,4.623971603810787,2.1826883032917976
3,29,900,570,0.00017795395979192108,0.00017810629069572314,0.00017884876711595402,0.0016590004726949484,1.673991027928423e-05,4.7065558433532715,2.220769912004471
3,29,900,580,0.0001791859685909003,0.00017790525016607716,0.00017846988897288606,0.001583868526375917,1.644331860006787e-05,4.789249874651432,2.25923752784729
3,29,900,590,0.00017775734886527061,0.00017742233903845773,0.00017803855965495936,0.001510005038383486,1.6614758351352066e-05,4.871721655130386,2.2978309765458107
3,29,900,600,0.00017643466708250344,0.00017664569459157063,0.00017746069423608867,0.001437499999999979,1.6527399566257372e-05,4.954740554094315,2.3358708545565605
3,29,900,610,0.00017686194041743875,0.00017641311715124174,0.0001770322803227113,0.0013664417474461186,1.622965282876976e-05,5.037035420536995,2.3742652386426926
3,29,900,620,0.00017603341257199645,0.00017605280881980435,0.0001766361083363098,0.0012969168542569579,1.6071269783424214e-05,5.119299151003361,2.412453107535839
3,29,900,630,0.00017560292326379567,0.00017609720962354913,0.0001764042655448521,0.0012290100258053591,1.611708285054192e-05,5.20218525826931,2.450638063251972
3,29,900,640,0.0001748633076203987,0.0001750377705320716,0.00017585871758673768,0.0011628039961015452,1.5997187801986e-05,5.284301668405533,2.488789364695549
3,29,900,650,0.00017382105579599738,0.00017480322712799535,0.00017541953152025588,0.0010983794269944541,1.5921861631795764e-05,5.366529956459999,2.5269667878746986
3,29,900,660,0.00017427871352992952,0.00017497491789981724,0.00017522651477968503,0.0010358148098976985,1.564698868605774e-05,5.448721095919609,2.5649686753749847
3,29,900,670,0.00017446732090320438,0.00017447471618652343,0.0001749073266795861,0.0009751863701598689,1.5799250832060352e-05,5.531432777643204,2.6031996682286263
3,29,900,680,0.00017430627485737205,0.0001744054097798653,0.00017470251334018405,0.0009165679741956912,1.552779576741159e-05,5.613327823579311,2.6413359567523003
3,29,900,690,0.00017436585039831698,0.00017420597869204356,0.00017450634968976505,0.0008600310394911771,1.5409012121381238e-05,5.695579208433628,2.679324619472027
3,29,900,700,0.00017468445003032684,0.0001739795770845376,0.0001742839482210982,0.0008056444475924171,1.5310617527575232e-05,5.7782643139362335,2.717659831047058
3,29,900,710,0.000174429063918069,0.00017363341758027672,0.00017403209142363772,0.000753474460184026,1.5042182894831058e-05,5.860232472419739,2.7559268102049828
3,29,900,720,0.00017392044537700713,0.00017355941090499983,0.00017383292222704057,0.0007035846383594913,1.5184992662398145e-05,5.94337946921587,2.794119454920292
3,29,900,730,0.000171987121575512,0.00017303954955423252,0.0001734981230916216,0.0006560357651817683,1.5175698536040727e-05,6.025493063032627,2.832439586520195
3,29,900,740,0.00017210294026881456,0.00017265406349906698,0.00017316305753895482,0.0006108857716284821,1.4808488231210504e-05,6.1081531047821045,2.870551899075508
3,29,900,750,0.00017192011000588536,0.00017237254651263355,0.00017283365698359494,0.0005681896660119522,1.4616942280554213e-05,6.190641202032566,2.9087872356176376
3,29,900,760,0.0001728957868181169,0.0001722402244922705,0.00017260868762959087,0.0005279994669600432,1.4708257367601618e-05,6.2730458080768585,2.946947880089283
3,29,900,770,0.00017179493443109095,0.0001723466324619949,0.0001724949040042564,0.0004903641400394738,1.4355518942466006e-05,6.355797402560711,2.9849991351366043
3,29,900,780,0.0001722751185297966,0.00017234947299584746,0.0001724252294715463,0.0004553295380988194,1.4743656720384024e-05,6.4382412657141685,3.0234637036919594
3,29,900,790,0.00017218787979800254,0.00017186885525006802,0.00017220397154874947,0.0004229383454038769,1.4538645700667985e-05,6.520652048289776,3.0617158487439156
3,29,900,800,0.00017220931476913393,0.00017176486289827153,0.00017204472418756,0.00039323002563346513,1.4265988284023479e-05,6.604411981999874,3.1002288460731506
3,29,900,810,0.0001717214472591877,0.00017177147092297673,0.00017192933420857314,0.0003662407737990085,1.4107194147072732e-05,6.686595641076565,3.138655923306942
3,29,900,820,0.0001729669893393293,0.00017173665983136744,0.0001718606540925709,0.00034200347214649086,1.4353442566061858e-05,6.769374251365662,3.176800899207592
3,29,900,830,0.00017105678853113204,0.00017180332797579468,0.00017182221044598968,0.000320547650094507,1.4367071344167925e-05,6.852124750614166,3.2151906862854958
3,29,900,840,0.00017270937678404152,0.0001715997525025159,0.0001717361222797236,0.0003018994482572105,1.4366510185936932e-05,6.93437022715807,3.253620319068432
3,29,900,850,0.00017190637299790978,0.00017134522349806502,0.00017158928869333637,0.0002860815865960052,1.4230947272153571e-05,7.017100267112255,3.291838616132736
3,29,900,860,0.00017203926108777523,0.0001710760945570655,0.00017138763888374658,0.00027311333673877007,1.4129401279205922e-05,7.0994773879647255,3.3303757160902023
3,29,900,870,0.0001710939104668796,0.00017112034693127497,0.00017129202529029696,0.00026301049850035064,1.4070162251300644e-05,7.182204782962799,3.368579588830471
3,29,900,880,0.00017065400606952608,0.00017129722255049273,0.0001712806138898568,0.00025578538063291713,1.3953831512480974e-05,7.265519566833973,3.4070833772420883
3,29,900,890,0.00017047164146788418,0.00017094590875785798,0.00017115607658098683,0.0002514467858296475,1.3732308616454247e-05,7.347846731543541,3.445404015481472
3,29,900,900,0.00017068973102141172,0.00017125583108281716,0.0001711927928815126,0.00025,1.4256142094382085e-05,7.43044738471508,3.483870066702366
3,29,1000,0,,,,0.005,,0.0,0.038374945521354675
3,29,1000,10,0.0002324616798432544,0.0002393034257693216,0.00025404563169853094,0.004998828080868613,2.55896411545109e-05,0.0825921893119812,0.07651767134666443
3,29,1000,20,0.00022805968183092773,0.00022979312925599515,0.00024424491068454445,0.0049953134800171444,2.3931737814564258e-05,0.1655140519142151,0.1148214340209961
3,29,1000,30,0.00022429678938351572,0.00022575608891202138,0.00023677196833904836,0.0049894596659323135,2.2882264602230862e-05,0.24782931059598923,0.15320689231157303
3,29,1000,40,0.00022237919620238245,0.0002231056132586673,0.0002312442899825013,0.004981272415621884,2.2221520339371637e-05,0.33021414279937744,0.1913256049156189
3,29,1000,50,0.0002199929440394044,0.00022117731859907507,0.0002271810307957937,0.004970759808913451,2.224132913397625e-05,0.41331376135349274,0.22975700348615646
3,29,1000,60,0.00021880670101381838,0.00021912319207331165,0.00022393000383026245,0.0049579322204806354,2.2606171114603058e-05,0.49583055078983307,0.2683660015463829
3,29,1000,70,0.00021794266649521887,0.00021792143961647527,0.00022149583517639413,0.004942802309604526,2.151192893506959e-05,0.5788091570138931,0.30650851130485535
3,29,1000,80,0.00021588439994957298,0.00021661557984771208,0.00021951981745873194,0.004925385007680499,2.1775578716187738e-05,0.6614689528942108,0.3449438288807869
3,29,1000,90,0.00021483861200977117,0.00021532033424591645,0.00021782502196569583,0.004905697503482739,2.2014472051523626e-05,0.7439712136983871,0.3831923007965088
3,29,1000,100,0.0002137931587640196,0.00021371992334024982,0.00021616669935669355,0.004883759226200989,2.1209783881204203e-05,0.8271654173731804,0.42163728177547455
3,29,1000,110,0.00021209748229011893,0.000213073032500688,0.00021488312487422654,0.004859591826266284,2.185459561587777e-05,0.9098438173532486,0.460074782371521
3,29,1000,120,0.00021158906747587025,0.00021181577467359601,0.00021362137345215914,0.004833219153984595,2.0908040823997e-05,0.9921225756406784,0.498211532831192
3,29,1000,130,0.0002109227643813938,0.00021096197451697662,0.00021255100069045787,0.004804667235999453,2.0808785848203115e-05,1.0752434805035591,0.5365544259548187
3,29,1000,140,0.00020947185112163424,0.00020979615655960515,0.00021143738122279715,0.004773964249606794,2.068554204015527e-05,1.1577966585755348,0.5751242339611053
3,29,1000,150,0.00020839241915382445,0.00020841312652919441,0.00021020560374353939,0.004741140494947372,2.0760122424690053e-05,1.2405812591314316,0.6132033914327621
3,29,1000,160,0.0002072448842227459,0.0002077456098049879,0.0002091992203621455,0.004706228365104175,2.0673633116530254e-05,1.3234260752797127,0.6516498252749443
3,29,1000,170,0.0002063047286355868,0.0002071903261821717,0.0002083719288564439,0.0046692623141343665,2.0650846636272036e-05,1.4061932787299156,0.691362090408802
3,29,1000,180,0.00020604062592610717,0.00020634983229683712,0.00020755501081032985,0.004630278823067284,2.027508344326634e-05,1.4885476529598236,0.7296545431017876
3,29,1000,190,0.0002046174049610272,0.0002052258118055761,0.0002066188953534237,0.004589316363902083,2.0509378373390064e-05,1.570951208472252,0.7679045796394348
3,29,1000,200,0.0002044805878540501,0.00020431198790902272,0.000205685772153425,0.0045464153616404995,1.982444700843189e-05,1.653570756316185,0.8064932003617287
3,29,1000,210,0.0002026805013883859,0.00020384463714435698,0.00020492135121126146,0.004501618154392265,2.0077781300642528e-05,1.7357818484306335,0.8448382169008255
3,29,1000,220,0.00020318507449701428,0.000202968466328457,0.00020414682715918971,0.004454968951592499,1.943504685186781e-05,1.8189335018396378,0.8832171484827995
3,29,1000,230,0.0002021790569415316,0.00020216378761688246,0.0002033264351147156,0.004406513790372343,1.9439165043877438e-05,1.9015002101659775,0.9217076599597931
3,29,1000,240,0.00020081360707990825,0.00020120599801884965,0.00020245229263935008,0.004356300490125854,1.9624003471108153e-05,1.984116069972515,0.9598296582698822
3,29,1000,250,0.00020103648421354592,0.00020079092064406723,0.00020177637407220472,0.004304378605318052,1.9728498955373652e-05,2.0670085325837135,0.9981264919042587
3,29,1000,260,0.00020032288739457726,0.0001997440864215605,0.00020095265254746312,0.004250799376580637,1.889089253381826e-05,2.149292729794979,1.0364691019058228
3,29,1000,270,0.0001982684771064669,0.0001987222203752026,0.0002000413737358521,0.0041956156801436755,1.9406585124670528e-05,2.2322156354784966,1.0746639966964722
3,29,1000,280,0.00019811358652077615,0.0001986166025744751,0.0001994523977667034,0.0041388819756531395,1.8892029402195476e-05,2.3149647042155266,1.11321821808815
3,29,1000,290,0.00019773155509028584,0.00019776060507865624,0.00019874934211024827,0.004080654252425819,1.8785336578730494e-05,2.397383064031601,1.1514168307185173
3,29,1000,300,0.0001966460549738258,0.00019712108914973214,0.00019808501920428543,0.004020989974194622,1.9225881260354072e-05,2.4808036908507347,1.189713403582573
3,29,1000,310,0.00019647550652734935,0.00019643683626782149,0.0001974015309112036,0.003959948022398806,1.912679181259591e-05,2.563891477882862,1.2280711382627487
3,29,1000,320,0.00019499266636557877,0.0001955641942913644,0.0001966466713688081,0.0038975886380751097,1.8725933841778897e-05,2.646428644657135,1.266099326312542
3,29,1000,330,0.00019399674783926457,0.00019448861421551556,0.00019575234440303885,0.0038339733624071226,1.8729160728980787e-05,2.7295371741056442,1.3045072481036186
3,29,1000,340,0.00019354147661942989,0.00019365593034308403,0.00019490015167765958,0.003769164975991562,1.869181141955778e-05,2.811735659837723,1.3430821746587753
3,29,1000,350,0.00019378180149942636,0.0001935161999426782,0.00019434567040750272,0.0037032274368814094,1.8265094695379958e-05,2.894727200269699,1.3812192976474762
3,29,1000,360,0.00019268649339210242,0.00019271588244009762,0.0001936946153040798,0.0036362258174670314,1.8475526303518564e-05,2.9770478531718254,1.4194746911525726
3,29,1000,370,0.00019137437629979104,0.00019179324590368196,0.00019292119692617494,0.0035682262402575863,1.8397458916297182e-05,3.0593325719237328,1.4575855508446693
3,29,1000,380,0.00019053040887229145,0.00019095092284260318,0.00019212675148488792,0.0034992958126260918,1.8208849724032916e-05,3.142471417784691,1.4960183203220367
3,29,1000,390,0.00018932283273898065,0.00018998281884705648,0.00019123245617937872,0.0034295025605825466,1.8101540263160132e-05,3.224726937711239,1.5344362705945969
3,29,1000,400,0.00018900379654951394,0.00018941144371638076,0.00019049589911955203,0.0033589153616404776,1.8213821022072807e-05,3.3071459382772446,1.5736091509461403
3,29,1000,410,0.0001893506560008973,0.0001888339189463295,0.00018981608636077496,0.0032876038768431468,1.8120941604138352e-05,3.390186533331871,1.612019419670105
3,29,1000,420,0.0001873278379207477,0.0001881301053799689,0.00018912463479932187,0.0032156384820165047,1.826668631110806e-05,3.4725350216031075,1.6502853855490685
3,29,1000,430,0.00018673310114536434,0.00018746193236438558,0.00018846050258614755,0.0031430901983167626,1.844463258748874e-05,3.5549812391400337,1.688412144780159
3,29,1000,440,0.00018598961469251662,0.00018684398528421298,0.00018779746746586391,0.0030700306221410683,1.8027834812528454e-05,3.6372427344322205,1.7264961451292038
3,29,1000,450,0.00018516191630624235,0.00018574047862784937,0.0001869589537020183,0.002996531854470519,1.776047247403767e-05,3.719367668032646,1.7647213339805603
3,29,1000,460,0.00018414952501188964,0.0001854243950219825,0.0001863289824466477,0.0029226664297151905,1.793862429622095e-05,3.8016572073101997,1.8029989153146744
3,29,1000,470,0.00018465632456354797,0.00018480657163308934,0.00018570889737338557,0.002848507244131439,1.784771120583173e-05,3.884521648287773,1.8412452340126038
3,29,1000,480,0.00018287624698132277,0.00018384855502517894,0.00018497719828546142,0.002774127483882086,1.785831045708619e-05,3.966914363205433,1.879761479794979
3,29,1000,490,0.0001831768313422799,0.00018346248689340427,0.0001843570312007702,0.0026996005528105212,1.7910022506839596e-05,4.049205988645554,1.9179349094629288
3,29,1000,500,0.00018343949341215193,0.00018273220193805174,0.00018371359917573573,0.002624999999999966,1.7364585801260546e-05,4.132223375141621,1.9562634527683258
3,29,1000,510,0.0001812017580959946,0.0001817706201109104,0.00018292281062747744,0.002550399447189409,1.738275750540197e-05,4.21440564841032,1.9945626482367516
3,29,1000,520,0.0001816980220610276,0.00018159758910769598,0.00018239290912382654,0.0024758725161178443,1.7134923837147653e-05,4.297134317457676,2.03266878426075
3,29,1000,530,0.00018027213809546083,0.00018122857145499438,0.0001819174965713998,0.00240149275586849,1.7214882973348722e-05,4.379805780947208,2.071058437228203
3,29,1000,540,0.0001805770880309865,0.0001804353465558961,0.00018132726561666772,0.002327333570284738,1.7300097169936635e-05,4.462037563323975,2.1092705875635147
3,29,1000,550,0.00017860809748526663,0.00017971345223486424,0.0001806592634503581,0.002253468145529412,1.735949444992002e-05,4.545031875371933,2.147434838116169
3,29,1000,560,0.0001785080967238173,0.00017933887720573695,0.00018011690966114285,0.0021799693778588648,1.705941031104885e-05,4.627253100275993,2.1859768629074097
3,29,1000,570,0.00017859657236840576,0.0001787647168384865,0.00017956406284005928,0.002106909801683174,1.7048125300789252e-05,4.710009284317493,2.2240183502435684
3,29,1000,580,0.00017981129349209368,0.0001785623637260869,0.00017916119511325433,0.002034361517983434,1.6698437320883386e-05,4.792795643210411,2.2622222155332565
3,29,1000,590,0.00017841646331362426,0.00017798450426198542,0.00017867894820476559,0.0019623961231567946,1.6904750737012364e-05,4.874909646809101,2.3004220724105835
3,29,1000,600,0.00017695414135232568,0.00017719594179652632,0.00017806663538943106,0.001891084638359466,1.6898662579478696e-05,4.957408055663109,2.3385328873991966
3,29,1000,610,0.00017717276932671666,0.00017683557962300256,0.00017756396846118795,0.0018204974394174004,1.6521753423148766e-05,5.039787143468857,2.376878209412098
3,29,1000,620,0.0001765199122019112,0.00017652729293331503,0.0001771441760837569,0.001750704187373859,1.6358910215785727e-05,5.1221021339297295,2.4149144142866135
3,29,1000,630,0.00017604838649276644,0.00017651339439908042,0.00017687319053412976,0.0016817737597423661,1.6459494872833602e-05,5.205037385225296,2.4530811086297035
3,29,1000,640,0.00017522682901471853,0.00017546909948578103,0.00017631075787307945,0.001613774182532924,1.6401108950958587e-05,5.287214584648609,2.491360291838646
3,29,1000,650,0.00017411864246241748,0.00017510304460301995,0.00017581296980592916,0.0015467725631185493,1.636501656321343e-05,5.369855582714081,2.5294831544160843
3,29,1000,660,0.00017441506497561932,0.0001752305484842509,0.00017556410094625235,0.001480835024008401,1.6123802197398618e-05,5.452327981591225,2.567845344543457
3,29,1000,670,0.00017472976469434798,0.00017469482700107619,0.00017519660188700464,0.0014160266375928437,1.6161824532900937e-05,5.534462608397007,2.606131501495838
3,29,1000,680,0.0001744586043059826,0.0001745601897710003,0.00017493755981850162,0.00135241136192486,1.6019854228943586e-05,5.617321632802486,2.644200123846531
3,29,1000,690,0.00017460444360040128,0.00017437129135942087,0.00017471370040469882,0.0012900519776011673,1.5845145753701217e-05,5.699813425540924,2.682388998568058
3,29,1000,700,0.00017479475354775786,0.00017414090689271688,0.00017447259619181044,0.001229010025805355,1.5812374840606935e-05,5.781914941966534,2.720515213906765
3,29,1000,710,0.00017444828699808568,0.00017370613641105593,0.0001741740362398704,0.001169345747574161,1.5473053281311877e-05,5.86414746940136,2.758574813604355
3,29,1000,720,0.00017391960136592388,0.0001735580910462886,0.00017391812709072218,0.001111118024346843,1.5635490854037926e-05,5.946232497692108,2.7970087453722954
3,29,1000,730,0.00017207200289703906,0.00017298762686550616,0.00017353034420613324,0.0010543843198563088,1.5665886166971177e-05,6.02850665897131,2.835298627614975
3,29,1000,740,0.00017198134446516633,0.00017253178375540302,0.00017313260704664428,0.0009992006234193487,1.5332789189415053e-05,6.111553534865379,2.873554363846779
3,29,1000,750,0.0001716121332719922,0.00017215367406606675,0.00017272344124160023,0.0009456213946819345,1.520804380561458e-05,6.1941695138812065,2.9121965020895004
3,29,1000,760,0.00017270712123718113,0.00017202446470037102,0.000172455394798715,0.0008936995098741332,1.5143990822252817e-05,6.276272043585777,2.9503571912646294
3,29,1000,770,0.000171735868207179,0.00017210034566232934,0.00017230962347275895,0.0008434862096276455,1.4962185559852514e-05,6.359641797840595,2.9885020926594734
3,29,1000,780,0.0001716773840598762,0.00017200603615492583,0.00017217577429549783,0.0007950310484074888,1.5238580090226606e-05,6.441792048513889,3.0269441083073616
3,29,1000,790,0.00017164710152428597,0.0001714501850074157,0.0001718826232927161,0.0007483818456077244,1.4986703718022909e-05,6.524744369089603,3.0650611892342567
3,29,1000,800,0.00017172982916235924,0.0001713397796265781,0.00017168179040114232,0.0007035846383594903,1.4752918104932178e-05,6.607453666627407,3.103454075753689
3,29,1000,810,0.00017117653624154627,0.00017128512554336338,0.00017151842749097768,0.000660683636097907,1.4678748812002596e-05,6.689756505191326,3.1416653618216515
3,29,1000,820,0.00017240643501281738,0.00017120726988650858,0.00017139834003761006,0.0006197211769327061,1.4703108718094882e-05,6.772818967700005,3.179828479886055
3,29,1000,830,0.00017025982378982008,0.00017113917856477202,0.00017127658069398787,0.0005807376858656267,1.4695261597807985e-05,6.855124115943909,3.2184295877814293
3,29,1000,840,0.00017205008771270514,0.00017096621595555917,0.00017115250891291576,0.0005437716348958175,1.465880086470861e-05,6.937683612108231,3.256483279168606
3,29,1000,850,0.00017123269208241254,0.00017062505939975382,0.0001709512020969225,0.000508859505052621,1.4500273209705483e-05,7.020595550537109,3.294827848672867
3,29,1000,860,0.00017133605433627963,0.00017032275500241666,0.00017070188991966453,0.00047603575039319916,1.439618063159287e-05,7.1029045432806015,3.3334197402000427
3,29,1000,870,0.00017021645908243954,0.00017030229937518016,0.00017055078257419173,0.00044533276400054056,1.4117385035206098e-05,7.185164138674736,3.37149765342474
3,29,1000,880,0.00016974724712781608,0.0001703739573713392,0.00017046438447632095,0.0004167808460153993,1.4128903785604052e-05,7.267695806920528,3.409919336438179
3,29,1000,890,0.00016962057270575315,0.00016999684885377064,0.00017028668851749195,0.00039040817373371195,1.392967260471778e-05,7.35005459189415,3.448101758956909
3,29,1000,900,0.00016965559916570783,0.0001702528548776172,0.000170269752802288,0.00036624077379900804,1.4232268767955247e-05,7.432911477982998,3.4862126782536507
3,29,1000,910,0.00017000229854602367,0.00016980191867332906,0.000170068944218557,0.0003443024965172584,1.3873433090338949e-05,7.51520648598671,3.5245704352855682
3,29,1000,920,0.0001694626989774406,0.0001697878396953456,0.00016994009128718825,0.00032461499231949977,1.3989134458824992e-05,7.597406305372715,3.5626793429255486
3,29,1000,930,0.00017102298443205655,0.0001700733177131042,0.00017002153719677016,0.0003071976903954741,1.3843989108863752e-05,7.680304199457169,3.6009901091456413
3,29,1000,940,0.00016930920537561178,0.00016995598998619242,0.0001699806076853481,0.0002920677795193635,1.4018500223755836e-05,7.762633003294468,3.639338180422783
3,29,1000,950,0.0001697505358606577,0.00016956491017481313,0.00016980236217585342,0.0002792401910865475,1.3822672372043598e-05,7.845336213707924,3.677531972527504
3,29,1000,960,0.00016974344907794148,0.00016978840722003952,0.00016980187310362065,0.00026872758437811503,1.3709814083995298e-05,7.927858799695969,3.715925842523575
3,29,1000,970,0.00016903755022212863,0.00016961082728812472,0.00016971572963757787,0.00026054033406768483,1.3855657925887499e-05,8.00987746566534,3.754014864563942
3,29,1000,980,0.00016981372027657926,0.0001693572732619941,0.00016957152061215935,0.00025468651998285496,1.3787725947622675e-05,8.092083849012852,3.7923762798309326
3,29,1000,990,0.0001692027726676315,0.00016943051596172154,0.00016950794669239546,0.00025117191913138744,1.3596121789305471e-05,8.174513675272465,3.8306553587317467
3,29,1000,1000,0.00017011274758260697,0.00016950030549196527,0.00016950819515668656,0.00025,1.3447406672639772e-05,8.256740622222424,3.8686220198869705
3,43,100,0,,,,0.005,,0.0,0.0383303239941597
3,43,100,10,0.00023241323651745915,0.00023942889674799517,0.0002553314283012881,0.004883759226200989,2.6113017156603746e-05,0.08296075463294983,0.07677870243787766
3,43,100,20,0.0002276670711580664,0.00022952161671128125,0.0002448956462832851,0.0045464153616405,2.352248520764988e-05,0.1653580293059349,0.11540067195892334
3,43,100,30,0.00022386707132682204,0.00022551577130798252,0.0002370458235554759,0.004020989974194624,2.2846194042358547e-05,0.24912891536951065,0.15360407531261444
3,43,100,40,0.00022144423564895988,0.00022194430785020812,0.0002309440902666112,0.0033589153616404984,2.1790319806314074e-05,0.3318030834197998,0.19238422811031342
3,43,100,50,0.0002177504065912217,0.00021927412890363485,0.00022621027164744742,0.002624999999999997,2.1876441678614356e-05,0.4142525717616081,0.23060667514801025
3,43,100,60,0.00021481279691215605,0.00021614353900076822,0.0002221161193359543,0.0018910846383594984,2.17373926716391e-05,0.49762769043445587,0.26901502162218094
3,43,100,70,0.0002117833064403385,0.0002133639485691674,0.00021856109440993214,0.0012290100258053754,2.095652416755911e-05,0.5799753218889236,0.3074185699224472
3,43,100,80,0.000209084217203781,0.00021030162315582857,0.0002152227430617263,0.0007035846383594995,2.0156699974904768e-05,0.6625814735889435,0.3456052467226982
3,43,100,90,0.00020776642486453056,0.00020804921950912103,0.00021232911310654494,0.0003662407737990102,2.0297560695325956e-05,0.745699368417263,0.38394542783498764
3,43,100,100,0.00020610252977348864,0.00020653070823755114,0.00020997042066021694,0.00025,1.91547442227602e-05,0.8278930559754372,0.4221990555524826
3,43,200,0,,,,0.005,,0.0,0.038203395903110504
3,43,200,10,0.00023253809195011854,0.00023946236906340345,0.00025534672934840626,0.00497075980891345,2.6078107111970894e-05,0.08235733956098557,0.07626064121723175
3,43,200,20,0.0002279015607200563,0.00022960057103773578,0.0002449402332481127,0.004883759226200987,2.365534055570606e-05,0.1644449457526207,0.1143314465880394
3,43,200,30,0.0002240965550299734,0.00022574904869543388,0.00023717065029570792,0.00474114049494737,2.3017322746454738e-05,0.24657268077135086,0.1523469015955925
3,43,200,40,0.00022250412439461797,0.00022270761692197994,0.000231332808678679,0.004546415361640498,2.216857683379203e-05,0.32872915267944336,0.19046872109174728
3,43,200,50,0.00021958119759801775,0.00022053879511076956,0.00022696861201356412,0.004304378605318047,2.2225976863410324e-05,0.41084758937358856,0.22857585549354553
3,43,200,60,0.00021768236183561385,0.00021845280134584754,0.00022351678082312368,0.00402098997419462,2.229211531812325e-05,0.4937490224838257,0.26672274619340897
3,43,200,70,0.00021567648218479007,0.0002166921563912183,0.00022075294146354526,0.003703227436881418,2.1947666027699597e-05,0.5760916396975517,0.304958738386631
3,43,200,80,0.00021333282347768545,0.00021457844268297778,0.00021825822802491737,0.0033589153616404932,2.155922084057238e-05,0.6584946736693382,0.3431370332837105
3,43,200,90,0.00021283968817442656,0.00021281334047671408,0.00021606260351259653,0.0029965318544705405,2.1516440028790385e-05,0.741449624300003,0.38122881948947906
3,43,200,100,0.00020970932382624596,0.0002108727101585828,0.0002139308331984168,0.002624999999999991,2.0922701878589578e-05,0.8237337991595268,0.4196336790919304
3,43,200,110,0.00020774497534148395,0.00020890534651698544,0.0002118742006788336,0.0022534681455294425,2.045923611149192e-05,0.9061759561300278,0.45764122158288956
3,43,200,120,0.00020528314053080976,0.00020676293497672303,0.0002097765850068431,0.0018910846383594923,2.0473366021178663e-05,0.988875575363636,0.4957996681332588
3,43,200,130,0.00020351301645860076,0.0002045210581854917,0.00020765315709792413,0.0015467725631185703,1.985790913749952e-05,1.0710532143712044,0.5340822041034698
3,43,200,140,0.00020221057638991624,0.0002027883383561857,0.00020566017318493013,0.0012290100258053717,1.9285220332676545e-05,1.1537753716111183,0.5722065269947052
3,43,200,150,0.00020073620544280857,0.00020096279185963795,0.0002037421250176825,0.0009456213946819462,1.939172943821177e-05,1.2363418266177177,0.6111538410186768
3,43,200,160,0.0001980924280360341,0.00019911414565285668,0.00020185210519681543,0.0007035846383594978,1.886928112071473e-05,1.3190988078713417,0.6492746472358704
3,43,200,170,0.00019739926210604608,0.00019800281152129173,0.0002002921214138271,0.0005088595050526253,1.871738459158223e-05,1.402070201933384,0.6875388845801353
3,43,200,180,0.00019650168542284518,0.0001964309165487066,0.00019874382393042262,0.00036624077379900983,1.8517946955398656e-05,1.4842027872800827,0.7257130965590477
3,43,200,190,0.00019614543998613954,0.00019610614253906533,0.00019766947565087793,0.00027924019108654794,1.8133869161829352e-05,1.5665910989046097,0.7639033570885658
3,43,200,200,0.00019443064229562879,0.00019517795299179853,0.00019664902904164633,0.00025,1.7648007997195236e-05,1.6491684764623642,0.8021532669663429
3,43,300,0,,,,0.005,,0.0,0.038292594254016876
3,43,300,10,0.0002325079112779349,0.00023944644053699448,0.00025533930802252723,0.004986989501499649,2.6022536985692568e-05,0.0824696496129036,0.07643966376781464
3,43,300,20,0.00022776040714234114,0.0002296611084602773,0.00024495941076184326,0.004948100551742787,2.3542870621895418e-05,0.16467708349227905,0.11459207534790039
3,43,300,30,0.00022421540052164346,0.00022570925648324192,0.0002371683792097075,0.004883759226200989,2.291703458467964e-05,0.24688473343849182,0.15268026292324066
3,43,300,40,0.0002223559276899323,0.00022270435729296879,0.00023132959124155678,0.004794670461901176,2.2091660866863094e-05,0.3290601745247841,0.19110124558210373
3,43,300,50,0.00021990659297443926,0.000220838472887408,0.00022708901770383398,0.004681810333988041,2.2259742763708346e-05,0.4119800254702568,0.22927625477313995
3,43,300,60,0.00021804904099553823,0.00021894932724535464,0.0002237867022139183,0.004546415361640499,2.2238626115722582e-05,0.49444109201431274,0.2675825133919716
3,43,300,70,0.0002165348269045353,0.00021734303154516966,0.0002211785730476245,0.00438996896050881,2.2165235350257717e-05,0.5766799673438072,0.3057567924261093
3,43,300,80,0.0002144558820873499,0.0002155071109882556,0.00021888855030283426,0.004214185190102288,2.1587808078038506e-05,0.6593795791268349,0.34371890872716904
3,43,300,90,0.00021429560729302466,0.00021411953057395294,0.00021696999172093878,0.0040209899741946225,2.1914303943049163e-05,0.7414094731211662,0.3821140080690384
3,43,300,100,0.00021182993077673018,0.00021262086665956302,0.00021518738685493221,0.0038124999999999964,2.128097548848018e-05,0.823628731071949,0.4201817661523819
3,43,300,110,0.00021027472394052893,0.00021123639307916165,0.00021357217774976966,0.00359099952730502,2.090524139930494e-05,0.9064177051186562,0.4583873674273491
3,43,300,120,0.00020859453070443124,0.00020969621691619978,0.00021198120019728621,0.0033589153616404932,2.0939784008078277e-05,0.9885056018829346,0.4966655373573303
3,43,300,130,0.00020721863256767392,0.00020800611382583157,0.00021037644180016605,0.0031187902656921703,2.038816273852717e-05,1.0712881907820702,0.534758135676384
3,43,300,140,0.00020617178233806044,0.00020669270597863942,0.00020886464831280265,0.0028732551002606677,1.9903045540559106e-05,1.1539707258343697,0.5731069520115852
3,43,300,150,0.00020491582108661532,0.0002052243842626922,0.0002073794855660607,0.0026249999999999893,2.009419222304132e-05,1.2361894696950912,0.6114468947052956
3,43,300,160,0.00020248626242391765,0.00020338399626780302,0.00020574258367311317,0.002376744899739311,1.9995373804704286e-05,1.3192961886525154,0.6496392339468002
3,43,300,170,0.00020119332475587726,0.0002021129650529474,0.00020425844225712225,0.0021312097343078075,1.9856126527884044e-05,1.4017085582017899,0.6879257559776306
3,43,300,180,0.00019979450735263526,0.00020012973109260202,0.00020258914779378143,0.001891084638359488,1.9541770598152652e-05,1.4838301911950111,0.7261288166046143
3,43,300,190,0.00019887661619577557,0.000198918062960729,0.00020108592957238536,0.001659000472694964,1.9333971067680977e-05,1.5664039328694344,0.7644274160265923
3,43,300,200,0.00019607075955718756,0.0001972224097698927,0.00019949542217831645,0.0014374999999999909,1.8889762941398658e-05,1.6485152691602707,0.8027255684137344
3,43,300,210,0.00019507827528286725,0.00019575097103370355,0.0001979435901630157,0.0012290100258053693,1.8480077415006235e-05,1.7315373942255974,0.840814895927906
3,43,300,220,0.00019387752399779856,0.00019408583029871805,0.00019636956620581498,0.0010358148098977061,1.812924529076554e-05,1.8137027695775032,0.8790852203965187
3,43,300,230,0.00019262937712483108,0.00019287933682790026,0.0001949503154513115,0.0008600310394911841,1.8283770259586163e-05,1.8958171010017395,0.9172665104269981
3,43,300,240,0.0001913950254675001,0.00019182652467861772,0.00019368145825707315,0.0007035846383594969,1.7984846635954455e-05,1.9788701981306076,0.955690361559391
3,43,300,250,0.0001914254535222426,0.00019085184467257932,0.00019251528142686134,0.0005681896660119565,1.7802576621761546e-05,2.061068743467331,0.9940283894538879
3,43,300,260,0.0001897743932204321,0.00018979175802087412,0.0001914000884327921,0.00045532953809882177,1.7292688426095992e-05,2.143592804670334,1.032130390405655
3,43,300,270,0.0001890552812255919,0.00018976920400746167,0.00019072867580578534,0.00036624077379900945,1.713681558612734e-05,2.2262424752116203,1.0703741237521172
3,43,300,280,0.0001880167401395738,0.0001889098683022894,0.00018995718778029515,0.0003018994482572113,1.6858355593285523e-05,2.308412179350853,1.1086383610963821
3,43,300,290,0.00018835056107491255,0.00018864523590309546,0.0001894248073829683,0.0002630104985003508,1.6874319044291042e-05,2.3906791284680367,1.1467607393860817
3,43,300,300,0.00018772759358398616,0.00018788120069075377,0.0001887964084617947,0.00025,1.7172029401990585e-05,2.4728854820132256,1.1848914995789528
3,43,400,0,,,,0.005,,0.0,0.03831770271062851
3,43,400,10,0.00023258390137925744,0.00023944493441376835,0.0002553387694989108,0.004992678667616179,2.6141680791624822e-05,0.08275167644023895,0.07651934772729874
3,43,400,20,0.00022786392946727574,0.0002297016355441883,0.00024497694391910986,0.004970759808913452,2.3530639737145975e-05,0.16501770913600922,0.11466629803180695
3,43,400,30,0.00022439018357545137,0.00022587926796404644,0.0002372462487922073,0.0049343785609444815,2.2953818188398145e-05,0.24783547222614288,0.15282468497753143
3,43,400,40,0.00022245178115554154,0.000222769750689622,0.0002314022654692247,0.00488375922620099,2.2145013645058498e-05,0.33029044419527054,0.19119206070899963
3,43,400,50,0.00022002286277711391,0.00022088434925535694,0.00022715132338149848,0.004819213889714307,2.2262871425482444e-05,0.4126691371202469,0.22945695370435715
3,43,400,60,0.0002183721517212689,0.0002190954182879068,0.00022388612349876584,0.004741140494947374,2.2445019567385316e-05,0.4959120824933052,0.2676285356283188
3,43,400,70,0.00021678436314687133,0.00021760768140666187,0.0002213429764126065,0.00465002039034097,2.2291902496363036e-05,0.577841006219387,0.305864654481411
3,43,400,80,0.0002150253567378968,0.00021589081588899717,0.000219145918665322,0.0045464153616404995,2.1795101929455996e-05,0.6604095548391342,0.3438725546002388
3,43,400,90,0.00021477820700965822,0.00021459507261170074,0.00021731644174643991,0.004430964168300072,2.1934358301223256e-05,0.7430372834205627,0.38219744712114334
3,43,400,100,0.00021253942395560443,0.00021328785951482132,0.0002156673464381655,0.0043043786053180485,2.163977660529781e-05,0.8252246156334877,0.42035572975873947
3,43,400,110,0.00021128229855094105,0.00021209571132203565,0.00021420709505011644,0.004167439114784184,2.103427323163487e-05,0.9079557359218597,0.45850174129009247
3,43,400,120,0.0002098528202623129,0.00021083571045892312,0.00021282114466105115,0.004020989974194618,2.1078860299894586e-05,0.9901116341352463,0.49698617309331894
3,43,400,130,0.00020877653150819242,0.0002094162759021856,0.00021145052441616557,0.0038659340912003733,2.0510953618213534e-05,1.0729058161377907,0.5351607427001
3,43,400,140,0.00020810321439057589,0.00020837775955442339,0.00021019059230984559,0.0037032274368814155,2.0266210412955843e-05,1.1556863337755203,0.5733964890241623
3,43,400,150,0.0002069289912469685,0.00020721243199659512,0.00020897730368185137,0.003533873151867078,2.0325796867837198e-05,1.2378363460302353,0.6116065979003906
3,43,400,160,0.00020496903744060546,0.00020575444359565153,0.00020765537779126691,0.003358915361640489,2.023385968641378e-05,1.3200579434633255,0.6497969627380371
3,43,400,170,0.00020419253269210458,0.0002048801485216245,0.00020652299341499772,0.003179432739157763,2.034936005657073e-05,1.40225251019001,0.6879448890686035
3,43,400,180,0.00020305157522670925,0.00020335580047685652,0.00020524278539794068,0.0029965318544705353,1.9990797227364965e-05,1.4845577031373978,0.7261748984456062
3,43,400,190,0.00020230011432431638,0.0002023031542194076,0.00020403936898271706,0.0028113403523536192,1.9803663235506974e-05,1.5668965801596642,0.7643000036478043
3,43,400,200,0.00019986543338745832,0.00020088661258341745,0.00020274071249576294,0.002624999999999986,1.9556870029191487e-05,1.6490007862448692,0.8026487305760384
3,43,400,210,0.00019890861585736275,0.0001995069338590838,0.00020139578631853244,0.0024386596476463534,1.92194838746218e-05,1.7316342368721962,0.8408462479710579
3,43,400,220,0.0001973744947463274,0.00019787893543252722,0.0001999555255462531,0.0022534681455294346,1.8910390281234868e-05,1.8149310424923897,0.8792589977383614
3,43,400,230,0.00019616528879851103,0.0001965972303878516,0.00019858282105944094,0.002070567260842208,1.9212226106901653e-05,1.8971474394202232,0.9175959303975105
3,43,400,240,0.00019459877512417734,0.00019512351573212073,0.0001971732954414404,0.0018910846383594865,1.8985587303177454e-05,1.9797504022717476,0.9556917250156403
3,43,400,250,0.00019403632904868573,0.00019378263532416896,0.0001957740913685125,0.0017161268481328997,1.8731991076492704e-05,2.062097191810608,0.9940809160470963
3,43,400,260,0.00019202817929908633,0.0001922090261359699,0.00019431450766008304,0.0015467725631185653,1.840612640080508e-05,2.1446803584694862,1.0322367027401924
3,43,400,270,0.0001905689132399857,0.00019167681166436522,0.00019322701974752488,0.001384065908799612,1.8321743482374586e-05,2.2276870980858803,1.0703516155481339
3,43,400,280,0.0001890049024950713,0.00019021926127607002,0.00019196275977221972,0.001229010025805368,1.8060060028801672e-05,2.3101861998438835,1.1086375564336777
3,43,400,290,0.00018882867880165577,0.00018924286705441774,0.00019086283360511232,0.001082560885215807,1.7842701709014364e-05,2.3923061713576317,1.1467819213867188
3,43,400,300,0.00018787132285069674,0.00018804563151206822,0.00018971354407737703,0.000945621394681944,1.8098751752404496e-05,2.474985472857952,1.1852190718054771
3,43,400,310,0.00018768622248899192,0.0001879621049738489,0.00018900723329198104,0.0008190358316999218,1.745711597322952e-05,2.5571455284953117,1.223574049770832
3,43,400,320,0.00018647882097866386,0.00018669796991162003,0.00018808640649968083,0.0007035846383594963,1.7060412574210204e-05,2.6400414556264877,1.2618037462234497
3,43,400,330,0.00018623734649736434,0.00018588880338938908,0.00018719708939353902,0.0005999796096590286,1.698365667834878e-05,2.7228489369153976,1.300758309662342
3,43,400,340,0.000185006094397977,0.0001856022543506697,0.00018654151026094854,0.0005088595050526241,1.6779036741354503e-05,2.8051257133483887,1.3387395665049553
3,43,400,350,0.00018451065989211202,0.0001849657666753046,0.00018590502901971492,0.00043078611028569286,1.6689678886905313e-05,2.8882559090852737,1.3769686296582222
3,43,400,360,0.00018524276674725115,0.0001847237886977382,0.00018544519937668949,0.00036624077379900923,1.6517637050128542e-05,2.970415413379669,1.415143460035324
3,43,400,370,0.00018393844948150218,0.00018446814210619776,0.00018504689188142585,0.00031562143905551756,1.645471274969168e-05,3.0525804236531258,1.4531623497605324
3,43,400,380,0.00018336930952500552,0.00018359966052230447,0.00018445751812203915,0.0002792401910865478,1.6276937458314933e-05,3.13532342761755,1.4914921969175339
3,43,400,390,0.00018298756913281977,0.00018354703934164718,0.0001840812331102088,0.00025732133238382107,1.6487252651131712e-05,3.217570409178734,1.529664196074009
3,43,400,400,0.0001831046974984929,0.00018321464449400082,0.0001837322369444092,0.00025,1.6159039660124108e-05,3.300561636686325,1.5677893236279488
3,43,500,0,,,,0.005,,0.0,0.03839970380067825
3,43,500,10,0.0002324859524378553,0.00023944373824633658,0.00025533788588000034,0.004995313480017145,2.6014886316261254e-05,0.08346416056156158,0.07656946033239365
3,43,500,20,0.00022778291895519942,0.00022962191433180125,0.00024494471672765073,0.004981272415621885,2.368635978200473e-05,0.16568957269191742,0.11498931795358658
3,43,500,30,0.00022414876730181277,0.00022583015088457615,0.00023720581421632662,0.004957932220480637,2.2974194507696666e-05,0.24817682057619095,0.15306881815195084
3,43,500,40,0.00022258634271565825,0.00022283051803242415,0.00023140499477421864,0.004925385007680501,2.2111596990725957e-05,0.3311550095677376,0.19154218584299088
3,43,500,50,0.00022001354955136776,0.0002209760932601057,0.0002271906921369796,0.004883759226200992,2.236800173704978e-05,0.4133901000022888,0.2298700138926506
3,43,500,60,0.00021846848540008068,0.00021909447823418305,0.00022391093697079527,0.004833219153984597,2.2496948076877743e-05,0.4962470233440399,0.2679395452141762
3,43,500,70,0.00021675399329978973,0.00021766441204817966,0.00022138467211690158,0.0047739642496067965,2.2076774257584475e-05,0.5789350122213364,0.306423120200634
3,43,500,80,0.00021510300575755537,0.00021609163813991473,0.00021924977197236938,0.004706228365104177,2.182611387979705e-05,0.6613075584173203,0.34463588893413544
3,43,500,90,0.0002150899963453412,0.00021491620864253492,0.00021750852179256135,0.004630278823067287,2.194302032876294e-05,0.7446266487240791,0.3830763027071953
3,43,500,100,0.00021285370166879147,0.00021361203980632126,0.00021591267814774043,0.004546415361640501,2.152274282707367e-05,0.8269645795226097,0.4214979186654091
3,43,500,110,0.00021172023843973875,0.00021249913406791167,0.00021451702841344185,0.0044549689515925,2.1163412384339608e-05,0.9093534499406815,0.45958512276411057
3,43,500,120,0.0002104860031977296,0.00021125224739080296,0.00021317939714070961,0.004356300490125853,2.114697235811036e-05,0.9924730882048607,0.4978726655244827
3,43,500,130,0.00020945245341863483,0.00021000194101361558,0.00021189787169847448,0.004250799376580636,2.075928023259621e-05,1.074663057923317,0.5363035649061203
3,43,500,140,0.00020873546600341797,0.0002090669411700219,0.00021073732328746113,0.004138881975653138,2.034084354818333e-05,1.157504990696907,0.5743245035409927
3,43,500,150,0.00020790327107533813,0.0002080553531413898,0.000209648408350341,0.004020989974194622,2.0359242626000196e-05,1.2396995946764946,0.61259575933218
3,43,500,160,0.00020604078599717468,0.00020677821448771282,0.00020847217783847072,0.0038975886380751106,2.0296269212849438e-05,1.321849711239338,0.6508950665593147
3,43,500,170,0.00020530662732198834,0.00020594314555637537,0.0002074407356402083,0.0037691649759915647,2.0425284674274735e-05,1.4048879370093346,0.6890536993741989
3,43,500,180,0.00020422715169843286,0.00020447800488909706,0.00020624310733317698,0.0036362258174670375,1.9982138837804087e-05,1.4868573993444443,0.7273748070001602
3,43,500,190,0.00020388809207361192,0.0002037280733929947,0.0002052169351548937,0.003499295812626098,1.9862329281750135e-05,1.5693254470825195,0.7654963880777359
3,43,500,200,0.00020176942052785307,0.00020257205906091258,0.0002041255534701503,0.0033589153616404863,1.9642569895950146e-05,1.6522642895579338,0.803815558552742
3,43,500,210,0.00020086640142835677,0.0002013748962781392,0.0002029775312522434,0.003215638482016514,1.941228583746124e-05,1.7343933135271072,0.8421472907066345
3,43,500,220,0.00019943951338063926,0.00020003165991511196,0.00020176548419587663,0.0030700306221410787,1.9120454453513958e-05,1.817089892923832,0.8801630958914757
3,43,500,230,0.00019864900968968868,0.00019897525489795954,0.0002006267630480945,0.0029226664297152035,1.943208189914003e-05,1.899295762181282,0.9183660820126534
3,43,500,240,0.0001971890014829114,0.0001977508800337091,0.0001994529879321933,0.002774127483882098,1.9218419765820727e-05,1.9815921261906624,0.9566061794757843
3,43,500,250,0.00019653746858239174,0.00019636768847703935,0.00019817548136636764,0.002624999999999979,1.9093151422566734e-05,2.0638396814465523,0.9946477115154266
3,43,500,260,0.00019456306472420692,0.00019492901337798686,0.00019684260536647393,0.00247587251611786,1.8861188436858356e-05,2.1466632038354874,1.032964549958706
3,43,500,270,0.0001933134626597166,0.00019445987127255648,0.00019585865421092502,0.0023273335702847535,1.8862725482904352e-05,2.2288164645433426,1.0712895393371582
3,43,500,280,0.00019166929996572435,0.00019298044790048153,0.00019464037636573948,0.0021799693778588774,1.8589003957458772e-05,2.311480462551117,1.1094480007886887
3,43,500,290,0.0001911268336698413,0.00019180613744538278,0.0001934949524629855,0.0020343615179834454,1.836037336033769e-05,2.3941929191350937,1.1478000283241272
3,43,500,300,0.0001902230578707531,0.00019048562389798463,0.00019226178905003285,0.0018910846383594765,1.8703585737966932e-05,2.4763797000050545,1.1858927011489868
3,43,500,310,0.00018954291590489447,0.00019017923768842592,0.00019141411529532618,0.0017507041873738687,1.8216827811556868e-05,2.559344880282879,1.2240509912371635
3,43,500,320,0.00018830859335139394,0.00018857068789657205,0.00019027662243391901,0.0016137741825329329,1.789875932445284e-05,2.6415258049964905,1.262439765036106
3,43,500,330,0.000187565921805799,0.00018745853012660518,0.00018913208777331661,0.0014808350240084096,1.780246020643972e-05,2.723879858851433,1.3005475476384163
3,43,500,340,0.00018629830447025597,0.00018682959344005213,0.00018818913755532353,0.001352411361924868,1.7579619452590123e-05,2.80701844394207,1.3388642817735672
3,43,500,350,0.00018542427278589457,0.00018593902204884217,0.0001872766306749621,0.0012290100258053628,1.772003815858625e-05,2.8891771659255028,1.3771793469786644
3,43,500,360,0.00018548042862676084,0.0001853338020737283,0.0001865028841578758,0.0011111180243468495,1.7386473700753413e-05,2.971722036600113,1.4152717366814613
3,43,500,370,0.00018407555762678385,0.0001847937164711766,0.00018580333125326924,0.0009992006234193546,1.730329131532926e-05,3.0542207583785057,1.4535624086856842
3,43,500,380,0.00018304027616977692,0.00018348266021348537,0.00018485602482523416,0.0008936995098741384,1.7013813703670166e-05,3.1365431994199753,1.49184899777174
3,43,500,390,0.0001822249178076163,0.00018310515297343956,0.00018413677676981617,0.0007950310484074932,1.7129836123785935e-05,3.2195796445012093,1.5300644114613533
3,43,500,400,0.00018253590678796172,0.00018246488471049816,0.00018346517173484597,0.0007035846383594937,1.6589243386988528e-05,3.301872305572033,1.5684526562690735
3,43,500,410,0.00018276605987921357,0.00018215985473943875,0.00018294972818274662,0.0006197211769327091,1.6645582945784554e-05,3.3845353052020073,1.6064744666218758
3,43,500,420,0.00018139576422981918,0.00018144188943551852,0.0001823473270610263,0.0005437716348958199,1.616333975107409e-05,3.4674693569540977,1.6447052657604218
3,43,500,430,0.00018123263726010919,0.00018110314704244956,0.0001818502969881673,0.0004760357503932009,1.5942196114338003e-05,3.549626588821411,1.6829534843564034
3,43,500,440,0.000180695642484352,0.00018079016590490937,0.00018142191112255175,0.00041678084601540037,1.6088701158878393e-05,3.63202565908432,1.7210067808628082
3,43,500,450,0.00017991063941735774,0.00018063007591990755,0.0001811098520632097,0.0003662407737990087,1.590350439073518e-05,3.7143208235502243,1.7593601047992706
3,43,500,460,0.00017898848454933614,0.00018033600936178117,0.00018079338182725317,0.00032461499231950015,1.579794661665801e-05,3.7965805381536484,1.7975803837180138
3,43,500,470,0.00017930527974385768,0.00017996320384554564,0.0001804534601536191,0.0002920677795193637,1.5597390301991254e-05,3.8796189576387405,1.8357707187533379
3,43,500,480,0.00017872262105811387,0.0001798048004275188,0.00018019645610671642,0.00026872758437811503,1.5557408914901316e-05,3.961752451956272,1.8740997910499573
3,43,500,490,0.00017905590357258916,0.0001798051453079097,0.0001800136015655157,0.00025468651998285496,1.5613110008416697e-05,4.044011026620865,1.912158578634262
3,43,500,500,0.00017922194092534482,0.00017934633942786604,0.00017974199308965844,0.00025,1.5580539184156805e-05,4.126145727932453,1.9502129256725311
3,43,600,0,,,,0.005,,0.0,0.03832809627056122
3,43,600,10,0.00023250505910255015,0.0002394452880253084,0.0002553389576099657,0.004996745145042113,2.5990764697780833e-05,0.0827450156211853,0.07653748989105225
3,43,600,20,0.00022789640934206545,0.00022972288861637934,0.00024498539729105045,0.0049869895014996515,2.355467040615622e-05,0.165396586060524,0.11502937972545624
3,43,600,30,0.00022444402566179633,0.00022590416192542763,0.00023726179964481364,0.004970759808913455,2.2997079213382676e-05,0.24787570536136627,0.15310832113027573
3,43,600,40,0.0002226663928013295,0.00022294876107480376,0.00023148429980602236,0.004948100551742791,2.2005586288287304e-05,0.3310222700238228,0.19145917147397995
3,43,600,50,0.00022035790607333183,0.0002210717706475407,0.0002272802324253651,0.004919073837436538,2.239412788185291e-05,0.41337475180625916,0.22986242175102234
3,43,600,60,0.00021857030515093356,0.00021921471634414046,0.00022401219324533656,0.00488375922620099,2.237246371805668e-05,0.49614883214235306,0.2680429667234421
3,43,600,70,0.00021708155691158026,0.00021777225338155405,0.00022148827700392204,0.0048422535129308535,2.2181880922289565e-05,0.5792699605226517,0.30638984590768814
3,43,600,80,0.00021524421754293144,0.00021611176780425012,0.0002193226310251858,0.004794670461901176,2.1907855625613593e-05,0.6616362482309341,0.3445359319448471
3,43,600,90,0.00021524596377275884,0.00021495782420970498,0.00021757182876004226,0.004741140494947373,2.2071253624744713e-05,0.7448159009218216,0.38280726224184036
3,43,600,100,0.00021301257947925478,0.00021374052885221318,0.0002160024262379146,0.004681810333988041,2.1666470274794847e-05,0.827331468462944,0.4216242879629135
3,43,600,110,0.0002118918637279421,0.00021266611583996563,0.000214636705182518,0.004616842598870382,2.1178097085794434e-05,0.9097605422139168,0.45993630588054657
3,43,600,120,0.00021064600150566548,0.00021145142090972513,0.00021333060287256686,0.0045464153616404995,2.1217083485680632e-05,0.9929962456226349,0.49818428605794907
3,43,600,130,0.00020960347319487482,0.00021023960434831678,0.00021208476533409726,0.004470721658460307,2.0837313059018925e-05,1.0753167048096657,0.5365331619977951
3,43,600,140,0.00020901943207718432,0.00020942597911925985,0.0002109907539994217,0.004389968960508812,2.0247121938155033e-05,1.158017747104168,0.5745685175061226
3,43,600,150,0.00020847603445872664,0.0002084480700432323,0.00020995960615596083,0.004304378605318053,2.0282514014979824e-05,1.240868166089058,0.6129133477807045
3,43,600,160,0.00020657216373365372,0.0002072491974104196,0.00020884864048598473,0.00421418519010229,2.0140038031968288e-05,1.3232430815696716,0.6513995602726936
3,43,600,170,0.00020592482178471982,0.00020649598445743322,0.00020788946651552527,0.004119635928743364,2.031949770753272e-05,1.40626572817564,0.6897156164050102
3,43,600,180,0.00020470150047913194,0.00020515479409368708,0.0002067813280394543,0.004020989974194621,2.0035075067426078e-05,1.488574706017971,0.7280884459614754
3,43,600,190,0.00020469816809054464,0.00020458470680750906,0.00020588018495305184,0.003918517708160683,1.988620715565048e-05,1.570652425289154,0.7662274315953255
3,43,600,200,0.00020293013949412853,0.0002035471494309604,0.0002049203479761147,0.0038124999999999912,1.9635202988865785e-05,1.652822069823742,0.8043313696980476
3,43,600,210,0.00020202914311084896,0.00020243769977241756,0.00020388378976578405,0.003703227436881412,1.9427872757660225e-05,1.734966665506363,0.8427374809980392
3,43,600,220,0.0002006575814448297,0.0002012471144553274,0.0002027985306826102,0.003590999527305013,1.9069097106694244e-05,1.818117082118988,0.8809420689940453
3,43,600,230,0.00020014241454191506,0.00020034740737173706,0.00020179773741218988,0.0034761238801700733,1.9244514987803996e-05,1.9005400016903877,0.9193447679281235
3,43,600,240,0.0001988291769521311,0.00019928782858187334,0.00020077148312639315,0.0033589153616404837,1.9416462237131782e-05,1.9828579276800156,0.9574208855628967
3,43,600,250,0.00019834130944218487,0.00019808812940027564,0.00019966087338390935,0.0032396952321184693,1.9221582988393493e-05,2.065897062420845,0.9955711737275124
3,43,600,260,0.00019655418873298913,0.00019688212778419257,0.00019851805286622866,0.00311879026569216,1.9095466996077448e-05,2.1480469778180122,1.0339237675070763
3,43,600,270,0.00019533798331394792,0.00019649544410640373,0.00019768313119421956,0.0029965318544705275,1.8874987290473655e-05,2.230758436024189,1.0719835832715034
3,43,600,280,0.00019372848328202963,0.00019512380386004223,0.00019659175212490484,0.0028732551002606556,1.8852337234420702e-05,2.3134212866425514,1.1102162674069405
3,43,600,290,0.00019331542716827244,0.00019397790892980993,0.00019553326288201502,0.002749297896076969,1.8544564227340743e-05,2.3953373730182648,1.1483169943094254
3,43,600,300,0.0001925215037772432,0.0001928077865159139,0.00019441451408270708,0.0026249999999999746,1.9043145584873855e-05,2.478059619665146,1.1864451989531517
3,43,600,310,0.00019198923837393522,0.00019256224477430804,0.00019366270733641981,0.0025007021039229835,1.850513399404008e-05,2.5602824613451958,1.2247886881232262
3,43,600,320,0.00019065522064920515,0.00019098113698419185,0.00019258934849550834,0.002376744899739297,1.8198805264546536e-05,2.642778158187866,1.2628014236688614
3,43,600,330,0.0001897226757137105,0.00018984257039846852,0.0001914709762622545,0.002253468145529425,1.8142125554732047e-05,2.725948505103588,1.3010271862149239
3,43,600,340,0.00018865273159462959,0.00018921059963759035,0.0001905405979288798,0.002131209734307794,1.8068883946398273e-05,2.808223567903042,1.339227169752121
3,43,600,350,0.00018761176033876836,0.0001881822376162745,0.00018958463777775993,0.002010304767881488,1.8255428585689515e-05,2.890900269150734,1.3773018419742584
3,43,600,360,0.00018769639427773654,0.00018745350243989378,0.0001887350770811707,0.0018910846383594763,1.8058515706798062e-05,2.9732892140746117,1.415602758526802
3,43,600,370,0.00018606963567435741,0.0001868554303655401,0.000187965911793067,0.0017738761198298906,1.7893513359013014e-05,3.055568888783455,1.4537868276238441
3,43,600,380,0.0001845659571699798,0.00018527402426116168,0.0001868607748283408,0.0016590004726949538,1.768845868355129e-05,3.138677939772606,1.4919705092906952
3,43,600,390,0.00018377354717813432,0.00018470441864337772,0.0001859788742024615,0.0015467725631185573,1.7748794562066905e-05,3.2209455370903015,1.5302486941218376
3,43,600,400,0.00018400678527541459,0.0001838569907704368,0.0001851254630315689,0.0014374999999999822,1.729697578412015e-05,3.303459957242012,1.5683602467179298
3,43,600,410,0.00018387471209280193,0.0001833843911299482,0.00018443403372903256,0.001331482291839296,1.7258411389775574e-05,3.3859188333153725,1.6066399961709976
3,43,600,420,0.0001822628255467862,0.00018236101022921502,0.00018360159214265994,0.001229010025805363,1.6970276192296296e-05,3.4680987149477005,1.6447360664606094
3,43,600,430,0.00018166727386415005,0.000181793502997607,0.00018286831802190987,0.0011303640712566243,1.6604391930741258e-05,3.550963468849659,1.684347003698349
3,43,600,440,0.0001810226240195334,0.00018128801748389377,0.00018222848712734526,0.0010358148098977011,1.6754634998505935e-05,3.6336856111884117,1.7226706072688103
3,43,600,450,0.0001801581383915618,0.00018077995337080212,0.0001816509279494673,0.0009456213946819407,1.65616293088533e-05,3.7160044237971306,1.7609698101878166
3,43,600,460,0.00017874201876111329,0.00018031685176538302,0.00018110651126537,0.0008600310394911803,1.6580828742007725e-05,3.798993781208992,1.7991322204470634
3,43,600,470,0.00017877473146654665,0.0001798676690668799,0.00018059149259937984,0.0007792783415396872,1.6259180483757518e-05,3.881060019135475,1.8372745886445045
3,43,600,480,0.00017828651471063495,0.00017942391423275694,0.00018012288355299637,0.0007035846383594942,1.6194573618122377e-05,3.9636703357100487,1.8754347190260887
3,43,600,490,0.00017810770077630877,0.00017917107470566407,0.00017970904639069858,0.0006331574011296133,1.6091857105493546e-05,4.046600133180618,1.913903459906578
3,43,600,500,0.00017814390594139695,0.00017857135680969803,0.00017924032502436815,0.0005681896660119545,1.5891278962953947e-05,4.128690533339977,1.9519081860780716
3,43,600,510,0.00017884073895402253,0.00017850042640930042,0.0001789399862301598,0.0005088595050526232,1.558412259328179e-05,4.211779244244099,1.9901552125811577
3,43,600,520,0.00017894261691253632,0.00017827374394983054,0.00017868069806801378,0.0004553295380988207,1.5717334463261068e-05,4.29410108178854,2.028556875884533
3,43,600,530,0.000177101232111454,0.00017774925363482906,0.00017829977212507038,0.000407746487069144,1.563615478517022e-05,4.376629464328289,2.066735491156578
3,43,600,540,0.00017830799333751202,0.00017802889487938955,0.00017818316315126707,0.000366240773799009,1.531724956294056e-05,4.459619022905827,2.1050114408135414
3,43,600,550,0.00017696111171972007,0.00017728430248098448,0.0001778037171899031,0.0003309261625634618,1.5235306818794925e-05,4.5418142676353455,2.1431182622909546
3,43,600,560,0.0001773971162037924,0.0001773508542100899,0.00017761161280755854,0.00030189944825721114,1.510772381152492e-05,4.623956076800823,2.1812289133667946
3,43,600,570,0.00017772178398445249,0.00017717295995680615,0.00017744356280191038,0.00027924019108654767,1.5404399164253846e-05,4.7061363980174065,2.219656318426132
3,43,600,580,0.00017686790670268238,0.00017705743812257424,0.00017726991852934132,0.00026301049850035074,1.5093956790224183e-05,4.788428418338299,2.2586642503738403
3,43,600,590,0.00017580065468791872,0.00017656291602179407,0.00017698127961056435,0.0002532548549578871,1.5122715012694243e-05,4.871551893651485,2.296940363943577
3,43,600,600,0.00017644127365201712,0.00017679407028481364,0.0001768930012114975,0.00025,1.4973316865507513e-05,4.953914828598499,2.3352488204836845
3,43,700,0,,,,0.005,,0.0,0.03819502890110016
3,43,700,10,0.00023249266087077558,0.00023943552223499865,0.00025533436708070293,0.004997608533035624,2.5901937988237478e-05,0.08313167840242386,0.07660383731126785
3,43,700,20,0.0002277161693200469,0.00022961912327446043,0.00024493841407973577,0.004990438948238695,2.3460672309738584e-05,0.1654609739780426,0.11480477452278137
3,43,700,30,0.00022444748901762068,0.00022591707966057584,0.00023724006822894194,0.004978505684198846,2.2968457415117882e-05,0.24805936962366104,0.1528732180595398
3,43,700,40,0.00022278272081166506,0.00022290871856966987,0.00023145688945111376,0.004961832772921746,2.2091031496529467e-05,0.33024851977825165,0.19157128781080246
3,43,700,50,0.0002201969182351604,0.00022112601436674595,0.00022728359854933976,0.004940453791431832,2.2329028070089407e-05,0.412753090262413,0.22974901646375656
3,43,700,60,0.00021864632435608655,0.0002193123087636195,0.0002240520228276029,0.004914411794152653,2.2533839000971057e-05,0.49551302939653397,0.26780228316783905
3,43,700,70,0.00021714983449783176,0.00021788798476336525,0.00022156159242354268,0.004883759226200991,2.2236185031943023e-05,0.5780667811632156,0.3061844930052757
3,43,700,80,0.00021554672275669873,0.00021637569298036397,0.00021947318783039135,0.004848557817769377,2.1754138288088143e-05,0.6606363877654076,0.34440940618515015
3,43,700,90,0.00021535094128921628,0.0002151893058908172,0.0002177519905819353,0.004808878459809697,2.1866098904865794e-05,0.7431929707527161,0.3828095644712448
3,43,700,100,0.00021319702500477433,0.00021403806749731302,0.00021622742778548015,0.0047648010612682465,2.1492785890586674e-05,0.8257541730999947,0.4210335612297058
3,43,700,110,0.0002121579454978928,0.0002129665735992603,0.00021489488962781646,0.004716414388159756,2.1196099623921327e-05,0.9088704511523247,0.45943331718444824
3,43,700,120,0.00021088540961500257,0.00021181308984523638,0.00021363055250094812,0.004663815884804437,2.1115911295055412e-05,0.9914877936244011,0.49792736768722534
3,43,700,130,0.00020998390391469002,0.0002106496031046845,0.00021242914995432436,0.004607111477588099,2.081163620459847e-05,1.0739692747592926,0.5360067486763
3,43,700,140,0.0002095745294354856,0.00020984330767532812,0.00021136602238233497,0.004546415361640505,2.0438585124793462e-05,1.1567628756165504,0.5742279291152954
3,43,700,150,0.00020879111252725124,0.00020887134451186284,0.00021035567500661117,0.004481849770861575,2.0417672203620896e-05,1.2387925162911415,0.6126950979232788
3,43,700,160,0.00020711831166408956,0.00020778044272447006,0.00020929885496564756,0.004413544731758579,2.0384190065669827e-05,1.3216520473361015,0.6509153693914413
3,43,700,170,0.00020677474094554782,0.00020717450533993542,0.00020843491708013508,0.004341637801590058,2.0386247342685238e-05,1.404077135026455,0.6891341730952263
3,43,700,180,0.0002056337834801525,0.0002059566802927293,0.00020743415610601767,0.004266273791343808,2.0108873286517337e-05,1.486031897366047,0.7273440808057785
3,43,700,190,0.00020563494763337076,0.00020542066777125002,0.00020661416971179964,0.0041876044741068225,1.9960914869443513e-05,1.5682872906327248,0.7655096724629402
3,43,700,200,0.00020396348554641008,0.00020450226438697427,0.00020574505500323291,0.004105788279414497,1.9760012946790084e-05,1.6505711451172829,0.8037577569484711
3,43,700,210,0.00020296686852816492,0.00020348555553937331,0.00020480072944183218,0.004020989974194624,1.9431285181781277e-05,1.7328046038746834,0.841891348361969
3,43,700,220,0.0002019601088250056,0.00020246457715984435,0.00020383726376883819,0.003933380330948743,1.9349306967342272e-05,1.815838597714901,0.8800657913088799
3,43,700,230,0.00020172119548078626,0.0002017145568970591,0.00020297389962963257,0.003843135783839026,1.9393821276025847e-05,1.8981801196932793,0.9184836447238922
3,43,700,240,0.00020029577717650682,0.00020061772520421072,0.00020201326149694846,0.0037504380733733673,1.951553531398531e-05,1.9808079525828362,0.9566448479890823
3,43,700,250,0.00019990754663012922,0.00019961922662332655,0.0002010207476087498,0.003655473880404196,1.91637209354667e-05,2.063480004668236,0.9950126335024834
3,43,700,260,0.00019806469208560884,0.00019839127344312146,0.00019994056895409744,0.0035584344501780616,1.9217230146750808e-05,2.1456838995218277,1.033250741660595
3,43,700,270,0.00019702347344718874,0.00019817991851596163,0.00019920954177087604,0.003459515207193181,1.910582977870945e-05,2.228791892528534,1.0716292336583138
3,43,700,280,0.00019576727936509997,0.00019696214440045878,0.00019825166939419238,0.0033589153616404915,1.905560384329874e-05,2.3114671483635902,1.1101474240422249
3,43,700,290,0.00019524636445567012,0.0001958721157279797,0.00019729046231507818,0.0032568375082208416,1.8738079234026372e-05,2.3941626250743866,1.148412361741066
3,43,700,300,0.00019455680740065873,0.00019493699655868114,0.0001963203481453474,0.003153487218146233,1.9118453565170057e-05,2.47712904214859,1.186727873980999
3,43,700,310,0.00019394358969293535,0.00019462268974166364,0.000195632118248868,0.003049072625146745,1.869227344286628e-05,2.559368446469307,1.2252952381968498
3,43,700,320,0.00019305585010442883,0.0001931812017573975,0.00019465055834091467,0.002943804006316912,1.84037780854851e-05,2.642196886241436,1.2634511217474937
3,43,700,330,0.00019201019313186407,0.0001922021110658534,0.0001936534192927718,0.002837893358645634,1.8362494301982224e-05,2.7248376980423927,1.301879659295082
3,43,700,340,0.00019100995268672705,0.00019152890017721803,0.0001927783027612187,0.002731553972082453,1.834847171267029e-05,2.8070628121495247,1.3401096314191818
3,43,700,350,0.00019003095803782344,0.00019056379387620835,0.0001918778421111248,0.002624999999999979,1.8602722775540315e-05,2.890100747346878,1.3782773092389107
3,43,700,360,0.00019011170661542565,0.00018986502254847437,0.000191072235097575,0.002518446027917505,1.8239556084154174e-05,2.9726623818278313,1.4167144000530243
3,43,700,370,0.00018859808915294707,0.00018919294670922683,0.00019030853410409812,0.0024121066413543227,1.82472649612464e-05,3.05520585924387,1.4547753185033798
3,43,700,380,0.00018696222105063498,0.0001876676396932453,0.0001892237947105273,0.0023061959936830434,1.8092452592100017e-05,3.1381004378199577,1.4930114597082138
3,43,700,390,0.00018613635620567948,0.00018705030379351228,0.0001883346223705504,0.0022009273748532132,1.8227912732982077e-05,3.220291420817375,1.5311131551861763
3,43,700,400,0.0001863381767179817,0.00018612907733768226,0.0001874464101556858,0.00209651278185373,1.7713140550768003e-05,3.3025670871138573,1.5695965513586998
3,43,700,410,0.0001859959156718105,0.00018557744042482227,0.0001867011098544445,0.001993162491779124,1.775352757249493e-05,3.385299526154995,1.6083192601799965
3,43,700,420,0.00018429674673825502,0.00018438326369505376,0.0001857689840246312,0.0018910846383594791,1.769511800375767e-05,3.4678456634283066,1.6466307565569878
3,43,700,430,0.00018369717872701585,0.0001837472736951895,0.00018495147877212498,0.0017904847928067915,1.7202737581101246e-05,3.5511354357004166,1.684978075325489
3,43,700,440,0.0001828279928304255,0.00018305228441022335,0.0001841820696004335,0.0016915655498219127,1.7337735698674805e-05,3.6336394399404526,1.723564736545086
3,43,700,450,0.00018184116925112903,0.00018242972873849794,0.00018348083407536975,0.0015945261195957825,1.7209928046213463e-05,3.7162961289286613,1.7619288712739944
3,43,700,460,0.00018042998271994293,0.00018185223743785172,0.0001828185738041799,0.0014995619266266122,1.7431126252631657e-05,3.798823170363903,1.800355613231659
3,43,700,470,0.00017993757501244545,0.00018129240779671819,0.0001821838496862243,0.0014068642161609581,1.7114365618908778e-05,3.8812129497528076,1.8388069346547127
3,43,700,480,0.0001796604774426669,0.00018070567602990195,0.0001815909686797633,0.0013166196690512426,1.6945381503319368e-05,3.9635882675647736,1.8770334348082542
3,43,700,490,0.0001790301175788045,0.0001802169717848301,0.00018100954779512948,0.0012290100258053637,1.6866189980646595e-05,4.046748794615269,1.9154142662882805
3,43,700,500,0.00017904414562508464,0.0001795424454030581,0.0001804032132988679,0.0011442117205854962,1.6702739230822772e-05,4.129317715764046,1.9540968909859657
3,43,700,510,0.0001797043951228261,0.000179337669396773,0.00017997279665220696,0.0010623955258931717,1.6376885469071567e-05,4.212218411266804,1.9925381019711494
3,43,700,520,0.00017959796241484582,0.0001788827430573292,0.00017954001583390144,0.0009837262086561868,1.6355041225324385e-05,4.2959234938025475,2.0311769992113113
3,43,700,530,0.00017743618809618056,0.00017827911506174132,0.0001790223145471444,0.0009083621984099367,1.6371681340388022e-05,4.378276444971561,2.0693849474191666
3,43,700,540,0.00017855018086265773,0.00017832531448220835,0.00017873406258769666,0.0008364552682414167,1.590568535903003e-05,4.461447790265083,2.1076714918017387
3,43,700,550,0.00017705871141515672,0.00017751782288542018,0.0001782245381711147,0.0007681502291384224,1.5823241483303718e-05,4.544071204960346,2.1461053639650345
3,43,700,560,0.00017743778880685568,0.0001773894895450212,0.0001778752021828387,0.0007035846383594941,1.5678022464271635e-05,4.626339055597782,2.184524103999138
3,43,700,570,0.00017764398944564164,0.00017706905491650106,0.00017756158457575864,0.0006428885224119009,1.587981932971161e-05,4.7094443291425705,2.223034903407097
3,43,700,580,0.00017639057477936149,0.00017678254953352736,0.0001772253861697432,0.0005861841151955634,1.5446352335857227e-05,4.79195586591959,2.261534169316292
3,43,700,590,0.0001754088152665645,0.0001761057530529797,0.000176768902156346,0.0005335856118402431,1.5494932085857727e-05,4.874767519533634,2.299774721264839
3,43,700,600,0.00017598812701180577,0.0001762873464031145,0.00017656088952466294,0.00048519893873175113,1.5243849702528678e-05,4.957570001482964,2.3381893634796143
3,43,700,610,0.000175377688719891,0.00017604245658731088,0.00017633761676320105,0.00044112154019030204,1.5167829587880988e-05,5.039970174431801,2.3765867352485657
3,43,700,620,0.00017553857469465584,0.00017553573852637782,0.00017601790695391309,0.00040144218223062177,1.509554022049997e-05,5.1231983453035355,2.4147213622927666
3,43,700,630,0.00017560459673404694,0.00017600559076527133,0.00017599818946753524,0.0003662407737990085,1.514525411039358e-05,5.205758020281792,2.4533316493034363
3,43,700,640,0.00017513692728243768,0.00017521226982353255,0.0001756750662185731,0.0003355882058473472,1.4973772522353102e-05,5.288474813103676,2.4916254207491875
3,43,700,650,0.00017540919361636043,0.00017491635226178913,0.00017539012770540619,0.00030954620856816795,1.4748618923476897e-05,5.37208005040884,2.5301007106900215
3,43,700,660,0.00017535775259602815,0.0001752610784024,0.0001753402657303339,0.0002881672270782542,1.458570477552712e-05,5.454861335456371,2.5683713257312775
3,43,700,670,0.00017492490587756038,0.00017496810614829882,0.00017519506351843753,0.00027149431580115476,1.475850058341166e-05,5.537063643336296,2.6064150482416153
3,43,700,680,0.00017406033293809742,0.0001749954026308842,0.0001751097827005678,0.00025956105176130705,1.4585164535674267e-05,5.619603127241135,2.644879512488842
3,43,700,690,0.00017442237003706396,0.00017494177736807615,0.0001750391488589309,0.00025239146696437784,1.4340785128297284e-05,5.7020372450351715,2.682957135140896
3,43,700,700,0.00017413723981007934,0.00017466060817241668,0.0001748895335558697,0.00025,1.4306619050330482e-05,5.785097740590572,2.721196696162224
3,43,800,0,,,,0.005,,0.0,0.03834716975688934
3,43,800,10,0.00023247665376402438,0.00023943761480040848,0.000255335242293924,0.004998168961071719,2.5978255507652648e-05,0.08243758976459503,0.07679512351751328
3,43,800,20,0.00022785752662457526,0.0002296913764439523,0.00024497187140140445,0.00499267866761618,2.350082286284305e-05,0.1653108224272728,0.11492989212274551
3,43,800,30,0.00022424760391004384,0.00022588265128433704,0.0002372446749151581,0.004983537585267952,2.2919344701222144e-05,0.24821973592042923,0.1533801183104515
3,43,800,40,0.00022259834804572165,0.0002227778168162331,0.00023140656776376344,0.004970759808913454,2.1978567019687034e-05,0.33044254779815674,0.1915360391139984
3,43,800,50,0.000220078305574134,0.0002209900034358725,0.00022719578056305367,0.0049543650409576735,2.2332818844006397e-05,0.4128965213894844,0.22978205978870392
3,43,800,60,0.00021855579689145088,0.00021922213200014083,0.00022396343682169032,0.004934378560944483,2.2473081116913818e-05,0.4953548386693001,0.26828309148550034
3,43,800,70,0.00021716344053857028,0.00021786760626127944,0.00022149682728793643,0.004910831186577412,2.2379414076567627e-05,0.5779041200876236,0.3064221292734146
3,43,800,80,0.00021540388115681708,0.00021621627092827111,0.00021937365545373315,0.004883759226200989,2.184836739616003e-05,0.6609922274947166,0.3448098674416542
3,43,800,90,0.00021520200243685395,0.0002151153385057114,0.0002176598208976758,0.004853204422815899,2.197443973273039e-05,0.7433005198836327,0.3831603080034256
3,43,800,100,0.00021318509243428707,0.00021399693941930308,0.0002161568393829714,0.004819213889714307,2.1595871658064425e-05,0.8260038420557976,0.42132568359375
3,43,800,110,0.0002121714933309704,0.00021291730372468009,0.00021483659016671545,0.00478184003783457,2.144225436495617e-05,0.9086843505501747,0.4596407040953636
3,43,800,120,0.00021090041263960302,0.00021175481670070438,0.00021357306786233015,0.004741140494947377,2.1196554371272214e-05,0.9910603389143944,0.4979237765073776
3,43,800,130,0.00021013464720454067,0.00021060381113784387,0.00021237966529355688,0.004697178016797897,2.0855703041888773e-05,1.0737318694591522,0.5362149178981781
3,43,800,140,0.00020965852309018373,0.0002098011289490387,0.00021132565702460567,0.004650020390340973,2.0383768060128205e-05,1.156319834291935,0.5746712908148766
3,43,800,150,0.00020899568335153162,0.0002090075344312936,0.00021038713243158518,0.004599740329218549,2.0581130229402333e-05,1.2387993335723877,0.6127998232841492
3,43,800,160,0.00020717020379379392,0.00020782174251507968,0.00020933197522196977,0.004546415361640503,2.0478975784499198e-05,1.3217083662748337,0.6511934921145439
3,43,800,170,0.00020670710364356637,0.00020720038883155213,0.00020846125375229498,0.004490127710841771,2.053568277915474e-05,1.4041140899062157,0.6895315945148468
3,43,800,180,0.00020572461653500795,0.0002060772050754167,0.00020749865072768384,0.004430964168300075,2.0313700588303618e-05,1.4868713393807411,0.7277156114578247
3,43,800,190,0.00020582423894666135,0.00020551561028696596,0.00020668970368737925,0.004369015959909756,2.017068072746042e-05,1.5696045979857445,0.7661934420466423
3,43,800,200,0.00020424356625881046,0.00020469124574447052,0.000205869439242187,0.004304378605318053,1.988723306567408e-05,1.6519336625933647,0.8045963793992996
3,43,800,210,0.00020328006939962506,0.0002037831276538782,0.0002049961945592118,0.00423715177064074,1.9639413949334994e-05,1.7345718145370483,0.8429965302348137
3,43,800,220,0.00020226446213200688,0.0002028217233601026,0.00020409838051732972,0.00416743911478419,1.9288820112706162e-05,1.8169174492359161,0.8814008012413979
3,43,800,230,0.0002020942629314959,0.00020213723910273985,0.00020329835385326535,0.004095348129610857,1.9629946109489538e-05,1.8994251489639282,0.9195720180869102
3,43,800,240,0.00020082895935047418,0.00020113116333959625,0.00020241607488957584,0.0040209899741946225,1.947303826455027e-05,1.9828693121671677,0.9580874219536781
3,43,800,250,0.00020029745064675808,0.00020005047554150224,0.0002014341122954835,0.003944479303421552,1.924362004501745e-05,2.0652886107563972,0.9965224415063858
3,43,800,260,0.00019886757945641875,0.00019908162648789584,0.0002004675970395409,0.0038659340912003707,1.9186971258022822e-05,2.1478198766708374,1.0348339527845383
3,43,800,270,0.0001980102388188243,0.00019896563317161052,0.00019984342704930792,0.003785475448555258,1.934322608576622e-05,2.23069329559803,1.073371022939682
3,43,800,280,0.00019685589359141886,0.00019777357374550775,0.0001989604088668678,0.0037032274368814094,1.905179669847712e-05,2.3132018744945526,1.1115892603993416
3,43,800,290,0.000196184977539815,0.00019677389500429853,0.00019807390092505374,0.0036193168766513757,1.883685399661772e-05,2.3970766812562943,1.1500925868749619
3,43,800,300,0.00019539505592547357,0.0001958847075002268,0.00019717092423476723,0.003533873151867071,1.9200104361516424e-05,2.47961413115263,1.1885797008872032
3,43,800,310,0.0001950255682459101,0.0001956583422725089,0.00019655731432814203,0.0034470280105590254,1.8868335246224888e-05,2.562244199216366,1.226608619093895
3,43,800,320,0.00019423395860940218,0.00019434067653492093,0.00019567114755463986,0.0033589153616404785,1.850470289355144e-05,2.645219713449478,1.2650050595402718
3,43,800,330,0.0001934190368046984,0.00019342724845046179,0.00019475793847856834,0.0032696710684295294,1.8451642972650006e-05,2.7274830415844917,1.3032880052924156
3,43,800,340,0.00019238953245803714,0.00019295008096378296,0.00019400857914541808,0.003179432739157751,1.842290112108458e-05,2.8104534670710564,1.3415735885500908
3,43,800,350,0.00019159005023539066,0.0001920610331580974,0.00019321721948962188,0.003088339514788278,1.8732416720013134e-05,2.893147997558117,1.3800294622778893
3,43,800,360,0.0001917362242238596,0.0001913192667416297,0.00019245848194391753,0.0029965318544705206,1.8410535631119274e-05,2.975430317223072,1.4182474687695503
3,43,800,370,0.00019030884141102433,0.00019080331112490966,0.00019178497628792994,0.0029041513189623355,1.8347895093029365e-05,3.0584113374352455,1.4564320892095566
3,43,800,380,0.00018859392730519176,0.00018934075633296742,0.00019078043009562818,0.0028113403523536027,1.8188544345321134e-05,3.1403672993183136,1.4946719855070114
3,43,800,390,0.00018780931713990867,0.00018869892955990507,0.00018992755940527682,0.0027182420624277583,1.8538728909334168e-05,3.223359242081642,1.5328683480620384
3,43,800,400,0.0001878721232060343,0.00018773600313579664,0.00018904176119955622,0.0026249999999999694,1.7860620573628694e-05,3.3060913905501366,1.5711449161171913
3,43,800,410,0.00018755262135528028,0.00018719762738328427,0.00018830367184126387,0.0025317579375721787,1.791851900634356e-05,3.3883815854787827,1.609266422688961
3,43,800,420,0.00018580269534140825,0.0001860371048678644,0.00018739116608653138,0.002438659647646336,1.7823076632339507e-05,3.4712237790226936,1.6479525789618492
3,43,800,430,0.00018528704822529107,0.00018530647939769552,0.00018654648748109542,0.0023458486810376033,1.7625758118811063e-05,3.5541271790862083,1.6864639297127724
3,43,800,440,0.00018433632794767618,0.0001845820646849461,0.00018574993076220125,0.002253468145529418,1.765456545399502e-05,3.6369016095995903,1.7246199771761894
3,43,800,450,0.00018318279762752354,0.00018385666917311027,0.00018498930328646044,0.0021616604852116622,1.7556747479829937e-05,3.7195758372545242,1.7628748044371605
3,43,800,460,0.00018170554540120065,0.00018323879630770533,0.0001842781573712113,0.002070567260842192,1.7792923244996928e-05,3.801849216222763,1.8013801276683807
3,43,800,470,0.0001810677204048261,0.0001826172971050255,0.00018358623221017686,0.001980328931570418,1.752313801262062e-05,3.8848802149295807,1.839629903435707
3,43,800,480,0.00018087943317368627,0.00018190960836363956,0.0001829138578284597,0.0018910846383594715,1.744734800013248e-05,3.9672191813588142,1.877993032336235
3,43,800,490,0.00018018166883848608,0.00018132457771571353,0.0001822445153682368,0.001802971989440927,1.7316144294454716e-05,4.04981429874897,1.9163158908486366
3,43,800,500,0.000180046001332812,0.00018061917799059302,0.00018157370995682855,0.0017161268481328867,1.7292250049649738e-05,4.132126271724701,1.9544821083545685
3,43,800,510,0.00018066192569676787,0.00018032896041404457,0.00018107057206313498,0.0016306831233485833,1.6746027540648356e-05,4.2153188064694405,1.9927533864974976
3,43,800,520,0.0001804494677344337,0.00017971620400203392,0.00018052909193059258,0.0015467725631185536,1.6902100469451398e-05,4.297572493553162,2.031131722033024
3,43,800,530,0.0001780944294296205,0.00017904398846440016,0.00017991693490264647,0.0014645245514447102,1.69426784850657e-05,4.3802255392074585,2.0691632628440857
3,43,800,540,0.00017904918058775365,0.00017895296186907217,0.00017951923956883306,0.0013840659087996018,1.6473244613735005e-05,4.463015057146549,2.107719771564007
3,43,800,550,0.0001775601995177567,0.00017813435260904953,0.00017893615743361477,0.0013055206965784264,1.6384527043555863e-05,4.545393064618111,2.1458832025527954
3,43,800,560,0.0001777602592483163,0.00017781705682864412,0.00017847065530401658,0.0012290100258053596,1.6303438314935192e-05,4.628407247364521,2.1840811669826508
3,43,800,570,0.000178034053533338,0.00017743910866556688,0.00017806866101419241,0.0011546518703891284,1.6498066543135792e-05,4.710723511874676,2.2226308658719063
3,43,800,580,0.00017675755952950567,0.0001770886403392069,0.00017765415977111167,0.0010825608852157997,1.603687633178197e-05,4.793222576379776,2.2607963755726814
3,43,800,590,0.00017558515537530184,0.0001762782281730324,0.00017708832310037273,0.0010128482293592501,1.61697571456898e-05,4.876195102930069,2.298935830593109
3,43,800,600,0.00017586126341484487,0.00017631355876801535,0.0001767592899885749,0.0009456213946819376,1.5895393516984768e-05,4.958324685692787,2.3372899517416954
3,43,800,610,0.0001753390533849597,0.00017599388665985317,0.00017643387774711168,0.0008809840400902355,1.5730440281913616e-05,5.04136099666357,2.375434175133705
3,43,800,620,0.00017504273273516446,0.00017532275523990393,0.0001759839756243125,0.0008190358316999166,1.5587300367769785e-05,5.123891286551952,2.413976229727268
3,43,800,630,0.0001750768715282902,0.00017566412134328857,0.0001758399329829727,0.0007598722891582217,1.5743127733003348e-05,5.206312581896782,2.4523428082466125
3,43,800,640,0.000174571672687307,0.00017481956601841375,0.00017542107855691286,0.0007035846383594924,1.5526471543125808e-05,5.289410755038261,2.49059334397316
3,43,800,650,0.0001749804796418175,0.000174460701236967,0.00017505379584349488,0.0006502596707814487,1.5167259334702976e-05,5.371768616139889,2.5290750190615654
3,43,800,660,0.00017479673260822892,0.00017458833899581806,0.00017487094677100194,0.0005999796096590256,1.4956128325138707e-05,5.454505689442158,2.5672443732619286
3,43,800,670,0.00017407478298991919,0.00017424687976017595,0.0001746191675821556,0.0005528219832021018,1.5124182027648203e-05,5.537138059735298,2.605486772954464
3,43,800,680,0.0001732657983666286,0.0001742440217640251,0.00017445896080497023,0.0005088595050526219,1.4952510355215054e-05,5.619282253086567,2.6438953205943108
3,43,800,690,0.0001736169506330043,0.00017407786508556456,0.00017430138341276613,0.000468159962165428,1.4607770935981534e-05,5.702179417014122,2.6819940134882927
3,43,800,700,0.00017325166845694184,0.00017370017158100382,0.00017406178383912817,0.00043078611028569134,1.4600039321521763e-05,5.78453504294157,2.7204002663493156
3,43,800,710,0.0001741800515446812,0.00017402075172867626,0.00017403888311758286,0.00039679557718409785,1.5018823432910722e-05,5.86699565500021,2.758504830300808
3,43,800,720,0.00017310984549112618,0.00017353523580823093,0.00017382310338657248,0.0003662407737990084,1.4583649317501113e-05,5.95016136020422,2.7967902198433876
3,43,800,730,0.00017350724374409765,0.00017318768514087423,0.0001735408343225541,0.0003391688134225863,1.468755363021046e-05,6.032404012978077,2.8350227028131485
3,43,800,740,0.00017280512838624418,0.0001733994358801283,0.00017347720907153876,0.0003156214390555172,1.4350590390677098e-05,6.114844389259815,2.8730965554714203
3,43,800,750,0.00017309609393123537,0.00017330679402220993,0.00017340978876810958,0.000295634959042327,1.4520711374643724e-05,6.196952827274799,2.911208599805832
3,43,800,760,0.00017242712783627212,0.00017271135293412955,0.00017311983756652786,0.0002792401910865475,1.4332730643218383e-05,6.279176272451878,2.9493113309144974
3,43,800,770,0.00017151790962088853,0.0001726514077745378,0.0001729200106432194,0.0002664624147320497,1.4326788004836999e-05,6.361412286758423,2.9875206127762794
3,43,800,780,0.000172842585016042,0.00017272089171456174,0.00017286510868585526,0.00025732133238382096,1.4169886526360642e-05,6.444413483142853,3.025713086128235
3,43,800,790,0.0001730591175146401,0.00017264315974898636,0.00017277766514394198,0.00025183103892828306,1.4223148355085868e-05,6.527195461094379,3.064102031290531
3,43,800,800,0.00017323913925793022,0.00017269218078581617,0.00017274437337895345,0.00025,1.4211880625225604e-05,6.609637662768364,3.102339468896389
3,43,900,0,,,,0.005,,0.0,0.038312241435050964
3,43,900,10,0.00023250727099366486,0.00023944279819261284,0.0002553378343753982,0.004998553214170353,2.5943023501895368e-05,0.08282383531332016,0.07680319994688034
3,43,900,20,0.00022785490727983415,0.0002296973849297501,0.000244975334108641,0.004994214619367081,2.351833063585218e-05,0.1652560532093048,0.11497843265533447
3,43,900,30,0.00022430499666370451,0.00022588938882108777,0.00023724799848421813,0.004986989501499647,2.29507168114651e-05,0.24843233078718185,0.15338503569364548
3,43,900,40,0.00022277081734500825,0.00022294051887001843,0.00023147396143479557,0.004976886663261228,2.2088644982432015e-05,0.33066894859075546,0.1917983740568161
3,43,900,50,0.00022027964587323368,0.0002211709230323322,0.00022731098137134445,0.004963918413403992,2.2351885490934364e-05,0.41337139904499054,0.2298683300614357
3,43,900,60,0.00021891831420361996,0.00021941936283838005,0.0002241160895196784,0.0049481005517427856,2.2433445337810554e-05,0.4960697591304779,0.26830940693616867
3,43,900,70,0.00021708753774873912,0.00021797732770210133,0.00022163116380169404,0.004929452349905488,2.2171272576088086e-05,0.5784140601754189,0.30649762600660324
3,43,900,80,0.00021557920263148844,0.0002162810051231645,0.00021947575401812857,0.0049079965278535035,2.1794312488054857e-05,0.6613374575972557,0.3447161838412285
3,43,900,90,0.0002153181267203763,0.00021524173498619348,0.00021777398796085255,0.0048837592262009856,2.2030268155504018e-05,0.7439129576086998,0.383247546851635
3,43,900,100,0.00021331306197680533,0.0002140159369446337,0.00021623579301357145,0.004856769974366528,2.1498419300769456e-05,0.8264207541942596,0.42143627256155014
3,43,900,110,0.00021224333613645285,0.00021291755110723897,0.00021488164038561389,0.004827061654596116,2.1247104086796753e-05,0.9096283838152885,0.45986514538526535
3,43,900,120,0.00021104436018504202,0.00021191362466197461,0.00021366237237083958,0.004794670461901172,2.1163892597542144e-05,0.9918649569153786,0.49965850263834
3,43,900,130,0.0002102526486851275,0.00021074007381685078,0.00021248763066460246,0.0047596358599605185,2.0840448996750638e-05,1.0742945671081543,0.5379768684506416
3,43,900,140,0.00020969034812878817,0.0002099469056702219,0.0002114462637365141,0.004722000533039948,2.053265052381903e-05,1.1567000150680542,0.5761988088488579
3,43,900,150,0.0002091407950501889,0.00020917026558890938,0.0002105254944317508,0.004681810333988038,2.052058516710531e-05,1.2394576668739319,0.6144629493355751
3,43,900,160,0.00020748165843542665,0.00020806579268537462,0.0002095161543445904,0.004639114228371508,2.0589506675605662e-05,1.3219724223017693,0.6528812870383263
3,43,900,170,0.00020699130254797637,0.00020750801922986284,0.00020869853266103374,0.00459396423481822,2.0474515622481704e-05,1.404770314693451,0.6910646036267281
3,43,900,180,0.00020600028801709414,0.0002063388645183295,0.00020774427063224195,0.004546415361640496,2.02117080334574e-05,1.4872612357139587,0.7295306622982025
3,43,900,190,0.00020604826568160206,0.00020576012029778213,0.00020693574056876974,0.004496525539815961,2.024041532422416e-05,1.5695404931902885,0.7677100226283073
3,43,900,200,0.00020452274475246668,0.00020503053674474357,0.0002061507118305896,0.00444435555240757,1.9849565433105454e-05,1.6527424156665802,0.8061553388834
3,43,900,210,0.00020373806182760745,0.00020413463935256004,0.00020530565251999336,0.004389968960508811,1.9620696548372507e-05,1.7349921837449074,0.8446413651108742
3,43,900,220,0.00020269103697501123,0.00020320109033491462,0.00020443644861798402,0.004333432025804295,1.9215864085708745e-05,1.817535161972046,0.8827789276838303
3,43,900,230,0.00020253966795280576,0.0002025229172431864,0.0002036568293577032,0.004274813629840118,1.9504675947246142e-05,1.900307074189186,0.9211191982030869
3,43,900,240,0.00020138733088970184,0.00020161020365776493,0.00020282189868002065,0.004214185190102288,1.948731005541049e-05,1.9826067984104156,0.9593609496951103
3,43,900,250,0.00020094646606594324,0.00020060630777152255,0.00020190408489400435,0.004151620573005531,1.931332917592954e-05,2.065620496869087,0.997563011944294
3,43,900,260,0.00019937692559324205,0.00019956167234340682,0.00020094252337310323,0.004087196003898436,1.919139685924165e-05,2.1481365263462067,1.0361508950591087
3,43,900,270,0.00019847330986522138,0.00019953716691816225,0.00020035577219013344,0.004020989974194619,1.9173707187292166e-05,2.230346404016018,1.0744536891579628
3,43,900,280,0.00019733136286959052,0.00019838396838167682,0.00019951184355656098,0.003953083145743019,1.903122029034421e-05,2.313670799136162,1.1127741560339928
3,43,900,290,0.0001969544100575149,0.0001974632410565391,0.00019868282607954387,0.003883558252553855,1.880567469925154e-05,2.395831063389778,1.1509831249713898
3,43,900,300,0.00019621802493929863,0.0001966545794857666,0.00019784466538238726,0.0038124999999999895,1.9084636733168736e-05,2.4782681614160538,1.189103789627552
3,43,900,310,0.00019584879919420928,0.0001964312090422027,0.00019727513101946807,0.0037399949616164782,1.888057158794254e-05,2.5609154626727104,1.22758299857378
3,43,900,320,0.00019522348884493113,0.0001952926642843522,0.00019648413179450925,0.003666131473624045,1.8508195353206247e-05,2.643210530281067,1.2658370658755302
3,43,900,330,0.00019427636289037764,0.0001944482311955653,0.00019565653229944467,0.0035909995273050097,1.850579064921476e-05,2.7262740060687065,1.30405093729496
3,43,900,340,0.00019335266551934183,0.00019390924862818792,0.00019493260707359732,0.0035146906593627745,1.841191442508716e-05,2.8084881231188774,1.3426947891712189
3,43,900,350,0.000192783641978167,0.0001931239225086756,0.00019419949610156252,0.0034372978403984468,1.8752050891635008e-05,2.8909555971622467,1.3812943920493126
3,43,900,360,0.0001926832483150065,0.00019243071437813342,0.00019349172316737197,0.003358915361640482,1.8439248378854245e-05,2.9740415439009666,1.4196965396404266
3,43,900,370,0.00019164067634847015,0.0001920117443660274,0.00019288929903188857,0.0032796387200653516,1.8395081497146748e-05,3.0563616529107094,1.4581435546278954
3,43,900,380,0.0001899910857900977,0.00019064500665990635,0.00019196635325946946,0.0031995645020491863,1.8363542039878666e-05,3.138990081846714,1.4962870925664902
3,43,900,390,0.0001890445128083229,0.00019002927438123153,0.00019117153921929757,0.003118790265692153,1.8466127585270442e-05,3.2214220836758614,1.5347063392400742
3,43,900,400,0.00018945851479656994,0.00018916893313871696,0.00019036528088735072,0.0030374144219589344,1.7984073565457948e-05,3.303778052330017,1.5730053931474686
3,43,900,410,0.00018914586689788848,0.00018868796178139746,0.00018969849240440208,0.002955536114780128,1.7947681044461206e-05,3.387088306248188,1.6112855523824692
3,43,900,420,0.00018738044309429824,0.00018759554222924635,0.00018885147440687996,0.002873255100260647,1.802502629288938e-05,3.4693669825792313,1.6496966481208801
3,43,900,430,0.00018687828560359776,0.00018693435122258962,0.0001880732447549139,0.002790671625142266,1.7661284800851718e-05,3.551773950457573,1.687880478799343
3,43,900,440,0.00018578689196147025,0.00018614765431266279,0.0001872921553127929,0.0027078863046684073,1.7879108781926334e-05,3.6339244693517685,1.7260450795292854
3,43,900,450,0.00018483298481442034,0.00018546160717960447,0.0001865569465803874,0.002624999999999966,1.787111978046596e-05,3.716241702437401,1.764292635023594
3,43,900,460,0.00018323460244573653,0.00018479074788047,0.000185841341640197,0.0025421136953315254,1.7997866962105036e-05,3.798527680337429,1.8026501685380936
3,43,900,470,0.00018271428416483104,0.0001842478261096403,0.00018517488673274086,0.002459328374857666,1.7776517779566348e-05,3.881225474178791,1.840860590338707
3,43,900,480,0.0001824029313866049,0.00018348513112869113,0.00018449653925358073,0.0023767448997392875,1.7550868506077677e-05,3.9641809538006783,1.879310965538025
3,43,900,490,0.0001816286239773035,0.000182793774001766,0.00018378035106650866,0.002294463885219809,1.7600690625840798e-05,4.04624830186367,1.9176960289478302
3,43,900,500,0.00018136651488021016,0.00018210930866189302,0.00018308948022172046,0.002212585578041007,1.7517080777906813e-05,4.12911481410265,1.9560526758432388
3,43,900,510,0.00018217279284726828,0.00018182450294261797,0.00018257595581212376,0.0021312097343077875,1.7095731891458854e-05,4.211688570678234,1.9946803525090218
3,43,900,520,0.000181675044586882,0.0001810672227293253,0.00018197047759604788,0.0020504354979507568,1.7169904822367243e-05,4.294400863349438,2.033075787127018
3,43,900,530,0.00017929945897776634,0.00018033147061942146,0.00018129391854302605,0.0019703612799345954,1.7212047168868594e-05,4.377621620893478,2.0716265812516212
3,43,900,540,0.00018038279085885733,0.0001802643935661763,0.00018087157377977032,0.00189108463835947,1.676064493949525e-05,4.460341453552246,2.1099858954548836
3,43,900,550,0.00017873574688564986,0.00017933268973138183,0.0001802267977578482,0.0018127021596015082,1.6831012544571422e-05,4.542813807725906,2.1481346040964127
3,43,900,560,0.00017880152154248208,0.00017894454504130408,0.00017969229722558167,0.001735309340637182,1.677087311691139e-05,4.625439263880253,2.186686635017395
3,43,900,570,0.00017908590962179005,0.0001785364598617889,0.00017923942656571982,0.0016590004726949484,1.6850906831678003e-05,4.7080250307917595,2.2249055728316307
3,43,900,580,0.00017771123384591192,0.00017810837016440928,0.00017876125577879153,0.001583868526375917,1.6577669157413766e-05,4.791010700166225,2.26329392939806
3,43,900,590,0.00017630498041398823,0.00017711870750645176,0.00017808617365267648,0.001510005038383486,1.665974014031235e-05,4.873525500297546,2.3016774877905846
3,43,900,600,0.00017660784942563623,0.0001771849099895917,0.00017770372302909363,0.001437499999999979,1.629244434298016e-05,4.955888718366623,2.340050421655178
3,43,900,610,0.00017593748634681106,0.00017674765549600125,0.00017730070979943665,0.0013664417474461186,1.6136917110998183e-05,5.038920886814594,2.378475934267044
3,43,900,620,0.00017579457198735327,0.00017604103923076763,0.00017679117809320203,0.0012969168542569579,1.616568442841526e-05,5.121469110250473,2.416795961558819
3,43,900,630,0.00017563364235684276,0.00017628138011787086,0.00017657120506275924,0.0012290100258053591,1.6291567590087652e-05,5.204228773713112,2.455054633319378
3,43,900,640,0.00017510593170300126,0.0001753292206558399,0.00017606149147805404,0.0011628039961015452,1.60199633683078e-05,5.287084192037582,2.493617422878742
3,43,900,650,0.00017547528841532767,0.00017491809412604198,0.0001756203472765765,0.0010983794269944541,1.5663406884414144e-05,5.369709864258766,2.531830459833145
3,43,900,660,0.00017516137450002134,0.00017501809197710826,0.0001753818341432659,0.0010358148098976985,1.5418458133353852e-05,5.452764146029949,2.5701081454753876
3,43,900,670,0.00017437335918657482,0.00017452213214710354,0.00017503470675699168,0.0009751863701598689,1.5595122022205032e-05,5.535182148218155,2.608492560684681
3,43,900,680,0.00017343332001473755,0.00017452594474889337,0.00017481733500323237,0.0009165679741956912,1.5459381756954826e-05,5.617500647902489,2.646633505821228
3,43,900,690,0.00017369308625347912,0.00017423831450287254,0.00017457917844381873,0.0008600310394911771,1.5101360986591317e-05,5.700887404382229,2.6851584017276764
3,43,900,700,0.00017337372992187738,0.0001738780178129673,0.0001742959380110474,0.0008056444475924171,1.5011241885076743e-05,5.783270634710789,2.72352534532547
3,43,900,710,0.0001740813022479415,0.00017403798119630665,0.00017418126639084586,0.000753474460184026,1.536712261440698e-05,5.8655582293868065,2.7618329897522926
3,43,900,720,0.00017284046043641865,0.00017350631969748065,0.00017389313582069662,0.0007035846383594913,1.5103471923794132e-05,5.947881922125816,2.8000722900032997
3,43,900,730,0.0001732881646603346,0.00017307542148046196,0.0001735362385950998,0.0006560357651817683,1.5023684682091698e-05,6.030548043549061,2.8382375091314316
3,43,900,740,0.00017264497000724077,0.00017324225773336367,0.00017341100738763266,0.0006108857716284821,1.4774976079934277e-05,6.112805120646954,2.8766062185168266
3,43,900,750,0.00017279235180467367,0.00017309691611444578,0.0001732840044362266,0.0005681896660119522,1.4718650163558777e-05,6.1957108452916145,2.9149015620350838
3,43,900,760,0.00017220662266481668,0.0001723586945445277,0.0001729057322360259,0.0005279994669600432,1.466225330659654e-05,6.278615616261959,2.953440271317959
3,43,900,770,0.00017119135009124875,0.00017223559116246178,0.00017262550747790606,0.0004903641400394738,1.4480704521702137e-05,6.36105789244175,2.991750620305538
3,43,900,780,0.00017233623657375574,0.00017223978065885603,0.00017249984978232491,0.0004553295380988194,1.4473687770077959e-05,6.4444524347782135,3.0302373096346855
3,43,900,790,0.00017245285562239587,0.00017209513753186912,0.00017234152502719426,0.0004229383454038769,1.4355651728692465e-05,6.52704443782568,3.0688279271125793
3,43,900,800,0.0001726554473862052,0.00017203378956764936,0.00017221889802316573,0.00039323002563346513,1.4286242731031962e-05,6.609628528356552,3.107049487531185
3,43,900,810,0.000171406936715357,0.00017159599665319547,0.0001719758077214384,0.0003662407737990085,1.4185561667545699e-05,6.69237194955349,3.1453072279691696
3,43,900,820,0.0001718924759188667,0.0001717211736831814,0.00017189844827968025,0.00034200347214649086,1.429006897524232e-05,6.774681635200977,3.1835831329226494
3,43,900,830,0.00017159036360681057,0.0001716688697342761,0.0001718200652266876,0.000320547650094507,1.4145381101116072e-05,6.857822835445404,3.222018137574196
3,43,900,840,0.00017170383944176137,0.00017188471683766694,0.00017183325982171826,0.0003018994482572105,1.3986267731525004e-05,6.940274424850941,3.2605180218815804
3,43,900,850,0.00017015193589031696,0.00017121895361924545,0.00017157517254792374,0.0002860815865960052,1.4098183783062268e-05,7.022664599120617,3.298586331307888
3,43,900,860,0.00017119897529482841,0.00017106564191635699,0.00017138267695172908,0.00027311333673877007,1.3911761016061064e-05,7.105811707675457,3.3368010967969894
3,43,900,870,0.00017203061725012958,0.0001715678139589727,0.0001714615081239366,0.00026301049850035064,1.4096911399974488e-05,7.187828078866005,3.3750967532396317
3,43,900,880,0.00017171649960801005,0.00017137429094873368,0.00017143786459874853,0.00025578538063291713,1.4240445125324186e-05,7.270366661250591,3.413173794746399
3,43,900,890,0.00017183243471663445,0.0001713486111839302,0.0001714176405649786,0.0002514467858296475,1.4034468222234864e-05,7.353249907493591,3.451676793396473
3,43,900,900,0.00017133759683929384,0.00017108269385062157,0.00017129267787972848,0.00025,1.4375010323419701e-05,7.435716368257999,3.4901225194334984
3,43,1000,0,,,,0.005,,0.0,0.03827798366546631
3,43,1000,10,0.00023254785628523678,0.00023944361164467408,0.000255338244478999,0.004998828080868613,2.5947454560082406e-05,0.08316703885793686,0.07643059641122818
3,43,1000,20,0.00022772615193389356,0.00022962162329349668,0.0002449429587109592,0.0049953134800171444,2.3510172468377277e-05,0.16530976444482803,0.11459225416183472
3,43,1000,30,0.00022446407820098102,0.00022583503159694373,0.0002372132955091301,0.0049894596659323135,2.291742930538021e-05,0.24774736911058426,0.15268728137016296
3,43,1000,40,0.00022258254466578364,0.00022290846391115338,0.00023143731842132408,0.004981272415621884,2.2076066670706496e-05,0.3300141543149948,0.1908954605460167
3,43,1000,50,0.00022023648489266634,0.00022108670382294803,0.00022725426317105098,0.004970759808913451,2.2458905732491985e-05,0.41204752773046494,0.2289697751402855
3,43,1000,60,0.00021848702454008162,0.00021921358129475265,0.0002239941614892331,0.0049579322204806354,2.255341132695321e-05,0.4948692321777344,0.26711277663707733
3,43,1000,70,0.00021708555868826807,0.00021787472942378372,0.0002215176314726789,0.004942802309604526,2.225696516688913e-05,0.5773164480924606,0.3053005114197731
3,43,1000,80,0.00021526927594095469,0.0002162766919354908,0.00021940359432028747,0.004925385007680499,2.1823107090312988e-05,0.6596584767103195,0.3434297442436218
3,43,1000,90,0.00021522660972550511,0.00021510193619178608,0.0002176757404340916,0.004905697503482739,2.1967744032735936e-05,0.7425330802798271,0.3818379193544388
3,43,1000,100,0.00021351338364183903,0.00021401117992354558,0.0002161778070146135,0.004883759226200989,2.1567091607721522e-05,0.8249621540307999,0.4204014986753464
3,43,1000,110,0.0002123508893419057,0.00021303822722984478,0.00021489298821544567,0.004859591826266284,2.12106024264358e-05,0.9080054834485054,0.4587084576487541
3,43,1000,120,0.00021116415155120194,0.00021189561084611341,0.00021366478093283646,0.004833219153984595,2.1122234102222137e-05,0.9907551184296608,0.49717914313077927
3,43,1000,130,0.00021005426242481917,0.0002107667169184424,0.00021249484809976357,0.004804667235999453,2.0718754967674613e-05,1.0731431916356087,0.5354812666773796
3,43,1000,140,0.00020983484864700586,0.00021002701978432015,0.00021148428028696566,0.004773964249606794,2.0401426809257828e-05,1.1571212336421013,0.5736993029713631
3,43,1000,150,0.0002090627240249887,0.00020909170852974058,0.0002105150215066017,0.004741140494947372,2.050971488642972e-05,1.2394153252243996,0.6120178177952766
3,43,1000,160,0.00020736997248604894,0.00020808447152376175,0.00020951736296969192,0.004706228365104175,2.0389376004459336e-05,1.3219812512397766,0.650134265422821
3,43,1000,170,0.00020733442215714604,0.00020762050116900354,0.0002087454671865695,0.0046692623141343665,2.0556452000164427e-05,1.4050516858696938,0.6885120794177055
3,43,1000,180,0.00020608442719094455,0.0002064040643745102,0.00020779785200067142,0.004630278823067284,2.0268325897632167e-05,1.4873316660523415,0.7268479615449905
3,43,1000,190,0.0002062056737486273,0.00020589974737958983,0.00020702353728318534,0.004589316363902083,2.00400627363706e-05,1.570127159357071,0.7650053575634956
3,43,1000,200,0.0002047369780484587,0.00020516294316621497,0.00020625854633653197,0.0045464153616404995,1.9937637262046337e-05,1.6527341902256012,0.8033525198698044
3,43,1000,210,0.0002039617975242436,0.00020426966366358102,0.00020542638009798933,0.004501618154392265,1.9550534489098936e-05,1.7351676896214485,0.8416925743222237
3,43,1000,220,0.00020287380903027952,0.0002033984666923061,0.00020459073641316715,0.004454968951592499,1.9339031496201642e-05,1.8182909339666367,0.8799687922000885
3,43,1000,230,0.00020267513173166662,0.00020265301718609409,0.000203801426991047,0.004406513790372343,1.9620933016994968e-05,1.9006779789924622,0.9182295128703117
3,43,1000,240,0.0002016833022935316,0.00020184307068120687,0.000203004865507254,0.004356300490125854,1.9587505448726006e-05,1.983107551932335,0.9567779526114464
3,43,1000,250,0.00020113357459194958,0.00020085054275114088,0.0002021115108829293,0.004304378605318052,1.9301440261187963e-05,2.065767779946327,0.9951526001095772
3,43,1000,260,0.00019956243340857327,0.0001999305182835087,0.0002012128848048589,0.004250799376580637,1.909491402329877e-05,2.1488600224256516,1.0334982052445412
3,43,1000,270,0.00019899340986739844,0.00019990970176877453,0.00020067100054912255,0.0041956156801436755,1.924170646816492e-05,2.2312877625226974,1.0719158351421356
3,43,1000,280,0.00019772742234636098,0.00019886613736161963,0.0001998922945168843,0.0041388819756531395,1.913131018227432e-05,2.3139077574014664,1.1100528612732887
3,43,1000,290,0.00019740848802030087,0.0001979501248570159,0.00019910924967141055,0.004080654252425819,1.872635039035231e-05,2.3967210203409195,1.1485203579068184
3,43,1000,300,0.00019671619520522654,0.00019723380391951651,0.0001983309425286935,0.004020989974194622,1.913917913043406e-05,2.478854715824127,1.1866269409656525
3,43,1000,310,0.00019648957822937518,0.0001970555036677979,0.0001978148578619715,0.003959948022398806,1.886558675323613e-05,2.5622479245066643,1.2250082194805145
3,43,1000,320,0.00019567411800380796,0.00019579015643103048,0.0001970057713997591,0.0038975886380751097,1.8627099052537233e-05,2.644926980137825,1.2637195736169815
3,43,1000,330,0.0001948694552993402,0.00019492094434099273,0.00019615996800556959,0.0038339733624071226,1.8589240426081233e-05,2.7274600192904472,1.3018945381045341
3,43,1000,340,0.00019384642655495554,0.00019448397215455772,0.00019546665772397792,0.003769164975991562,1.8494234609534033e-05,2.8103988617658615,1.3401919528841972
3,43,1000,350,0.0001934523315867409,0.00019369280635146425,0.00019475066254743994,0.0037032274368814094,1.8749957234831527e-05,2.8928674161434174,1.3786236345767975
3,43,1000,360,0.00019363996398169547,0.0001932217666762881,0.00019414101030413103,0.0036362258174670314,1.8412705685477704e-05,2.976067677140236,1.41694688051939
3,43,1000,370,0.00019231662736274302,0.00019274606020189822,0.0001935732838255622,0.0035682262402575863,1.843348945840262e-05,3.058803640305996,1.45540402084589
3,43,1000,380,0.00019074244482908398,0.00019145608675898984,0.00019270204395077864,0.0034992958126260918,1.83269312401535e-05,3.1410980448126793,1.493753768503666
3,43,1000,390,0.00018994596030097455,0.00019080701749771834,0.0001919263535533637,0.0034295025605825466,1.8460146748111583e-05,3.224043481051922,1.5319005101919174
3,43,1000,400,0.00019034655997529626,0.0001900707429740578,0.00019117969891637584,0.0033589153616404776,1.8129960153601132e-05,3.306167684495449,1.570281632244587
3,43,1000,410,0.0001901451323647052,0.00018964149057865143,0.00019056901966568284,0.0032876038768431468,1.80762326635886e-05,3.388675481081009,1.6083458587527275
3,43,1000,420,0.0001884208613773808,0.0001886029844172299,0.00018977649172671765,0.0032156384820165047,1.8032473235507496e-05,3.47186616063118,1.6467644050717354
3,43,1000,430,0.00018784306303132325,0.00018795773066813127,0.000189035152368439,0.0031430901983167626,1.7767271856428124e-05,3.5542623698711395,1.6851151287555695
3,43,1000,440,0.00018695641483645886,0.0001872093911515549,0.00018829701894483531,0.0030700306221410683,1.7928736269823276e-05,3.637195371091366,1.7234429642558098
3,43,1000,450,0.00018608197569847107,0.00018656262109288945,0.00018759831673663616,0.002996531854470519,1.811330730561167e-05,3.7197240442037582,1.7620351314544678
3,43,1000,460,0.0001845352235250175,0.00018591576517792418,0.00018691685387818257,0.0029226664297151905,1.822490776248742e-05,3.802185982465744,1.800219178199768
3,43,1000,470,0.00018383489805273712,0.00018541629979154095,0.00018628780135548638,0.002848507244131439,1.797008007997647e-05,3.885274775326252,1.838509440422058
3,43,1000,480,0.0001836746814660728,0.00018460091232554987,0.00018561255447363322,0.002774127483882086,1.7694514099275693e-05,3.9675361588597298,1.8768826350569725
3,43,1000,490,0.00018266320694237947,0.00018386871524853632,0.00018488131526603858,0.0026996005528105212,1.778268597263377e-05,4.049978464841843,1.9149709567427635
3,43,1000,500,0.00018235495372209698,0.00018318018992431463,0.00018417188395869797,0.002624999999999966,1.7743537682690658e-05,4.132034473121166,1.9531405195593834
3,43,1000,510,0.00018325552809983492,0.00018286214472027496,0.00018364324292416005,0.002550399447189409,1.7304897482972592e-05,4.214283175766468,1.9914487674832344
3,43,1000,520,0.00018278014613315463,0.0001820992853026837,0.00018302326478347524,0.0024758725161178443,1.7392112567904405e-05,4.296586908400059,2.029729314148426
3,43,1000,530,0.00018027660553343594,0.00018137152801500633,0.0001823418743690158,0.00240149275586849,1.7611604562262073e-05,4.380061633884907,2.068176791071892
3,43,1000,540,0.00018134954734705389,0.00018130092503270133,0.00018191310197584825,0.002327333570284738,1.6987603885354474e-05,4.462416484951973,2.106549747288227
3,43,1000,550,0.00017970714543480426,0.00018037201662082225,0.000181264532052215,0.002253468145529412,1.7034233678714372e-05,4.544887326657772,2.144752934575081
3,43,1000,560,0.00017961105913855135,0.00017987804167205468,0.0001806838778194235,0.0021799693778588648,1.6959073036559857e-05,4.627994850277901,2.183079570531845
3,43,1000,570,0.00018000841373577714,0.0001793593110051006,0.00018016435740915866,0.002106909801683174,1.7217556887771934e-05,4.7105261236429214,2.2214719653129578
3,43,1000,580,0.0001784200721886009,0.00017894964548759162,0.00017965092582870944,0.002034361517983434,1.6751535440562293e-05,4.793715313076973,2.259695701301098
3,43,1000,590,0.00017718129674904048,0.00017792137659853325,0.0001789409199886609,0.0019623961231567946,1.692357000138145e-05,4.876354970037937,2.2981264144182205
3,43,1000,600,0.00017729464161675423,0.000177964085014537,0.00017852495229548257,0.001891084638359466,1.673140468483325e-05,4.958463929593563,2.336382545530796
3,43,1000,610,0.0001766430214047432,0.00017751426785252988,0.00017809813071396386,0.0018204974394174004,1.6631749531370588e-05,5.041540019214153,2.3745707273483276
3,43,1000,620,0.00017649854999035597,0.0001767347930581309,0.00017754864665101466,0.001750704187373859,1.6560685253352858e-05,5.123730823397636,2.4130156114697456
3,43,1000,630,0.0001762384781613946,0.00017695822898531333,0.00017729559082494385,0.0016817737597423661,1.6708592738723382e-05,5.2064403891563416,2.4510795027017593
3,43,1000,640,0.00017541888519190252,0.0001759876191499643,0.00017675670420264856,0.001613774182532924,1.6413727280450985e-05,5.289698213338852,2.489425912499428
3,43,1000,650,0.00017592059157323092,0.00017545566806802525,0.00017624849803422266,0.0015467725631185493,1.6115558537421748e-05,5.372043877840042,2.5277101546525955
3,43,1000,660,0.00017577296239323914,0.0001755564662744291,0.00017597381043726084,0.001480835024008401,1.582659751875326e-05,5.454934477806091,2.5660874620079994
3,43,1000,670,0.00017480558017268777,0.00017494839994469658,0.0001755629683208721,0.0014160266375928437,1.6077283362392336e-05,5.536998249590397,2.604491211473942
3,43,1000,680,0.00017378601478412747,0.00017495281645096838,0.0001753051711294234,0.00135241136192486,1.6017873349483125e-05,5.6193258464336395,2.6427828893065453
3,43,1000,690,0.000173987791640684,0.0001746150621329434,0.00017501919875572252,0.0012900519776011673,1.5584024367854e-05,5.702455587685108,2.6810449734330177
3,43,1000,700,0.0001737999846227467,0.00017419694631826133,0.00017468786538597707,0.001229010025805355,1.5516086932620965e-05,5.784727036952972,2.7192517444491386
3,43,1000,710,0.00017420235963072628,0.00017430586885893717,0.00017452025619932792,0.001169345747574161,1.587468977959361e-05,5.867290489375591,2.757559150457382
3,43,1000,720,0.00017314511933363974,0.0001737525686621666,0.0001741942409645991,0.001111118024346843,1.5671914297854528e-05,5.94963276386261,2.795962557196617
3,43,1000,730,0.00017352058785036206,0.0001732301345327869,0.00017378021863588875,0.0010543843198563088,1.547236752230674e-05,6.032012104988098,2.83415949344635
3,43,1000,740,0.00017251246026717126,0.00017335508891846985,0.00017359882617328404,0.0009992006234193487,1.5194415027508512e-05,6.1151138022542,2.8724926188588142
3,43,1000,750,0.0001728295028442517,0.00017319559992756695,0.00017343618534243176,0.0009456213946819345,1.5239976164593827e-05,6.197827711701393,2.910668045282364
3,43,1000,760,0.00017223035683855414,0.00017245372146135196,0.00017303218028102814,0.0008936995098741332,1.5234424608934205e-05,6.2801322266459465,2.948749504983425
3,43,1000,770,0.00017106387531384826,0.00017211472732014954,0.00017265027487526596,0.0008434862096276455,1.4993498552939855e-05,6.362372547388077,2.9870242327451706
3,43,1000,780,0.00017220640438608825,0.00017214223480550573,0.00017247535739935998,0.0007950310484074888,1.4874974112899508e-05,6.444586552679539,3.025238811969757
3,43,1000,790,0.00017230671073775738,0.00017194643296534196,0.000172267655359885,0.0007483818456077244,1.4819837815593928e-05,6.526780322194099,3.0633848533034325
3,43,1000,800,0.000172164523974061,0.00017182305309688674,0.0001720833481269122,0.0007035846383594903,1.480777336837491e-05,6.609753884375095,3.1016198694705963
3,43,1000,810,0.0001709710923023522,0.0001712523677269928,0.00017175455969220725,0.000660683636097907,1.4560929230356123e-05,6.692183323204517,3.1400954499840736
3,43,1000,820,0.0001715336402412504,0.00017142473225248978,0.00017164497844335676,0.0006197211769327061,1.4804269085288979e-05,6.774556644260883,3.1782108321785927
3,43,1000,830,0.00017116504022851586,0.00017129710904555394,0.0001715162808076514,0.0005807376858656267,1.455208348488668e-05,6.857577361166477,3.2165479212999344
3,43,1000,840,0.000171381383552216,0.00017141590651590378,0.00017146329908634508,0.0005437716348958175,1.4295651453721803e-05,6.939714767038822,3.2547842860221863
3,43,1000,850,0.0001695523678790778,0.00017074026254704222,0.00017115888085834712,0.000508859505052621,1.4339552762976382e-05,7.022770307958126,3.2930593118071556
3,43,1000,860,0.00017065076099243015,0.0001704914975562133,0.00017090449641001868,0.00047603575039319916,1.426521430403227e-05,7.105598360300064,3.3314076140522957
3,43,1000,870,0.00017136381939053535,0.00017098475655075163,0.00017093940290226857,0.00044533276400054056,1.422974582965253e-05,7.18792849034071,3.3696565851569176
3,43,1000,880,0.00017089540779124945,0.00017069483728846536,0.00017085198956006697,0.0004167808460153993,1.4373135854839347e-05,7.270982421934605,3.4080608934164047
3,43,1000,890,0.00017116406525019556,0.00017063311825040727,0.0001707793680654566,0.00039040817373371195,1.4151070899970364e-05,7.353645972907543,3.4467040598392487
3,43,1000,900,0.0001706117473077029,0.00017032535251928493,0.0001706071717126688,0.00036624077379900804,1.4443587133428082e-05,7.4366952031850815,3.484780728816986
3,43,1000,910,0.00017159678100142628,0.00017050579626811668,0.00017057452065159247,0.0003443024965172584,1.4059871318750083e-05,7.519515261054039,3.5231676250696182
3,43,1000,920,0.00017082507838495076,0.00017039300582837312,0.00017051246216063536,0.00032461499231949977,1.3959514035377651e-05,7.60181201249361,3.5614643320441246
3,43,1000,930,0.00016944250091910362,0.00017044369596987962,0.00017048245665609465,0.0003071976903954741,1.3657921954290941e-05,7.684692963957787,3.5998035222291946
3,43,1000,940,0.00017025743727572262,0.0001701334331301041,0.0001703418162935535,0.0002920677795193635,1.3658683201356325e-05,7.76728143543005,3.63852771371603
3,43,1000,950,0.00016924968804232776,0.0001701435787254013,0.00017026766821060186,0.0002792401910865475,1.3894145922677126e-05,7.849899731576443,3.676754929125309
3,43,1000,960,0.00017008508439175785,0.00016978792700683698,0.00017007130469427317,0.00026872758437811503,1.3774620128970128e-05,7.933029279112816,3.7149640694260597
3,43,1000,970,0.0001689466298557818,0.00016998947830870748,0.00017004409925720779,0.00026054033406768483,1.378711294819368e-05,8.015197329223156,3.7533458918333054
3,43,1000,980,0.00017025381384883076,0.00017000891675706954,0.00017003655925247027,0.00025468651998285496,1.3490991477738135e-05,8.097903475165367,3.7916355282068253
3,43,1000,990,0.00016981043154373765,0.00017001514206640422,0.00017001899398743167,0.00025117191913138744,1.3498664884536993e-05,8.180612199008465,3.830099917948246
3,43,1000,1000,0.00016968337877187878,0.00016963894013315438,0.00016987142178587138,0.00025,1.4001281670061871e-05,8.262970373034477,3.868485912680626
4,17,100,0,,,,0.005,,0.0,0.039142265915870667
4,17,100,10,6.635126919718459e-05,6.756971852155403e-05,7.085870587746238e-05,0.004883759226200989,1.383920152875362e-05,0.08277476578950882,0.0780249685049057
4,17,100,20,6.536452565342188e-05,6.576318628503941e-05,6.87976547093531e-05,0.0045464153616405,1.256594441656489e-05,0.16644613444805145,0.11716079711914062
4,17,100,30,6.466195191023871e-05,6.496807836811058e-05,6.725094561276183e-05,0.004020989974194624,1.2508998224802781e-05,0.24897390604019165,0.15634042024612427
4,17,100,40,6.408601620933041e-05,6.441555669880472e-05,6.61039971460589e-05,0.0033589153616404984,1.2677731319854502e-05,0.3325016424059868,0.1953701451420784
4,17,100,50,6.358115933835506e-05,6.385821834555827e-05,6.519401644703064e-05,0.002624999999999997,1.1807424925791565e-05,0.41543836891651154,0.23463203758001328
4,17,100,60,6.316877261269838e-05,6.329622410703451e-05,6.442377983687315e-05,0.0018910846383594984,1.1842461390187964e-05,0.4979105591773987,0.2736817002296448
4,17,100,70,6.241226219572127e-05,6.273939288803376e-05,6.373970599602719e-05,0.0012290100258053754,1.1926866136491299e-05,0.5814619362354279,0.3126416355371475
4,17,100,80,6.173001020215452e-05,6.207404003362171e-05,6.306094666056646e-05,0.0007035846383594995,1.1582030310819391e-05,0.6638238430023193,0.3517562225461006
4,17,100,90,6.13369484199211e-05,6.153957874630578e-05,6.244137091141658e-05,0.0003662407737990102,1.1379643183317967e-05,0.7470067068934441,0.39079751819372177
4,17,100,100,6.081179162720218e-05,6.0892157125636e-05,6.181155476853861e-05,0.00025,1.1262551197432913e-05,0.8299912214279175,0.42978380620479584
4,17,200,0,,,,0.005,,0.0,0.03907586634159088
4,17,200,10,6.635280442424119e-05,6.757265291525982e-05,7.085971864217425e-05,0.00497075980891345,1.375722058583051e-05,0.08301310241222382,0.07804000377655029
4,17,200,20,6.559130270034075e-05,6.584985021618195e-05,6.883702688989475e-05,0.004883759226200987,1.2473044989746995e-05,0.16572725027799606,0.11731622368097305
4,17,200,30,6.478084833361208e-05,6.50757210678421e-05,6.73181782188305e-05,0.00474114049494737,1.2508158761193044e-05,0.24855844676494598,0.1564246267080307
4,17,200,40,6.440014112740755e-05,6.460738441091963e-05,6.622396096447831e-05,0.004546415361640498,1.2614682418643497e-05,0.33210910111665726,0.19545823335647583
4,17,200,50,6.418554403353482e-05,6.429947170545347e-05,6.544690073767554e-05,0.004304378605318047,1.1791446922870819e-05,0.4148874580860138,0.23477506637573242
4,17,200,60,6.396419485099614e-05,6.398560799425468e-05,6.485509050731645e-05,0.00402098997419462,1.1785612514358945e-05,0.49790121614933014,0.2736135572195053
4,17,200,70,6.362510612234473e-05,6.375516531988978e-05,6.441181184573097e-05,0.003703227436881418,1.1893444025190547e-05,0.5807348191738129,0.312553808093071
4,17,200,80,6.328050221782178e-05,6.344244975480251e-05,6.401865586604195e-05,0.0033589153616404932,1.1692268344631884e-05,0.6632623299956322,0.3515729606151581
4,17,200,90,6.308323645498604e-05,6.323562556644901e-05,6.369983312705206e-05,0.0029965318544705405,1.164401419373462e-05,0.7461524456739426,0.3905371427536011
4,17,200,100,6.284048140514642e-05,6.28685906121973e-05,6.335977063545534e-05,0.002624999999999991,1.149982836068375e-05,0.8287487477064133,0.42973389476537704
4,17,200,110,6.253987521631643e-05,6.258004432311282e-05,6.304135903346491e-05,0.0022534681455294425,1.1360134521964937e-05,0.9113186225295067,0.4686424732208252
4,17,200,120,6.186120299389586e-05,6.22305007709656e-05,6.270643751297155e-05,0.0018910846383594923,1.1361456017766614e-05,0.9945592284202576,0.5076197534799576
4,17,200,130,6.164511432871222e-05,6.176251408760436e-05,6.232131819118743e-05,0.0015467725631185703,1.1504676876938902e-05,1.0772813260555267,0.5466128662228584
4,17,200,140,6.117793236626312e-05,6.130390320322477e-05,6.19064327927406e-05,0.0012290100258053717,1.1315976735204458e-05,1.1600560247898102,0.5856391191482544
4,17,200,150,6.06708817940671e-05,6.080707571527455e-05,6.145737161772484e-05,0.0009456213946819462,1.1193847967660986e-05,1.2431212067604065,0.6246311962604523
4,17,200,160,6.007475167280063e-05,6.0283997663646004e-05,6.0980049771301944e-05,0.0007035846383594978,1.1075326256104745e-05,1.3254664242267609,0.6636669933795929
4,17,200,170,5.930469342274591e-05,5.9790239902213216e-05,6.0488042672441346e-05,0.0005088595050526253,1.0902257599809673e-05,1.4084701538085938,0.7025590911507607
4,17,200,180,5.9221107221674174e-05,5.92963016970316e-05,6.000211761328224e-05,0.00036624077379900983,1.0740332072600722e-05,1.4911657646298409,0.7418543249368668
4,17,200,190,5.8835779782384634e-05,5.8939736118190925e-05,5.957342656133481e-05,0.00027924019108654794,1.070735561370384e-05,1.5742376446723938,0.7809028029441833
4,17,200,200,5.855384733877145e-05,5.8704271214082834e-05,5.9221303304674515e-05,0.00025,1.0480545824975707e-05,1.6579844281077385,0.8200378865003586
4,17,300,0,,,,0.005,,0.0,0.03921092301607132
4,17,300,10,6.633545854128897e-05,6.756926741218195e-05,7.085820133392003e-05,0.004986989501499649,1.3653028872795403e-05,0.08284056931734085,0.07806285470724106
4,17,300,20,6.549287354573607e-05,6.578455868293532e-05,6.880809186392637e-05,0.004948100551742787,1.2434836207830813e-05,0.16597560793161392,0.11706659942865372
4,17,300,30,6.473594112321734e-05,6.50861402391456e-05,6.730484742103165e-05,0.004883759226200989,1.2465059626265429e-05,0.24841151386499405,0.15613403171300888
4,17,300,40,6.443251913879067e-05,6.466016857302748e-05,6.623836827120323e-05,0.004794670461901176,1.2584372598212212e-05,0.331554114818573,0.19513285160064697
4,17,300,50,6.42203085590154e-05,6.435800314648077e-05,6.548043329823348e-05,0.004681810333988041,1.1792590157710947e-05,0.4144946485757828,0.23433854430913925
4,17,300,60,6.417941767722368e-05,6.411043432308361e-05,6.492751851096657e-05,0.004546415361640499,1.1738216016965453e-05,0.496860072016716,0.27329953759908676
4,17,300,70,6.383566505974159e-05,6.395931268343702e-05,6.45365168069389e-05,0.00438996896050881,1.188144142361125e-05,0.5802139788866043,0.31234196573495865
4,17,300,80,6.358372047543526e-05,6.373507640091702e-05,6.42107779069679e-05,0.004214185190102288,1.1776933206419926e-05,0.6630345061421394,0.3517618030309677
4,17,300,90,6.348689930746332e-05,6.357529491651803e-05,6.395346933478187e-05,0.0040209899741946225,1.1555489436432254e-05,0.745985746383667,0.39057013392448425
4,17,300,100,6.33559247944504e-05,6.334079880616627e-05,6.370340920829935e-05,0.0038124999999999964,1.1478111446194816e-05,0.8291982188820839,0.4295603111386299
4,17,300,110,6.316876533674076e-05,6.319191816146485e-05,6.349488033760953e-05,0.00359099952730502,1.1312416972941719e-05,0.9117788374423981,0.46876633167266846
4,17,300,120,6.289128941716626e-05,6.305611896095797e-05,6.331388421017607e-05,0.0033589153616404932,1.1337719115545042e-05,0.9951721206307411,0.5077628493309021
4,17,300,130,6.272680911934003e-05,6.278436412685551e-05,6.309871455362886e-05,0.0031187902656921703,1.1387713129806798e-05,1.077979639172554,0.5469675958156586
4,17,300,140,6.249639409361407e-05,6.256318229134195e-05,6.288045318277757e-05,0.0028732551002606677,1.1254225682932884e-05,1.1604481264948845,0.5859419777989388
4,17,300,150,6.227834091987461e-05,6.233893727767282e-05,6.265754410433583e-05,0.0026249999999999893,1.119346052291803e-05,1.2438699454069138,0.6250125393271446
4,17,300,160,6.203299562912434e-05,6.209056809893809e-05,6.242675305568662e-05,0.002376744899739311,1.1141491995658726e-05,1.3262895718216896,0.6640000715851784
4,17,300,170,6.143751670606434e-05,6.179071788210422e-05,6.216100169229236e-05,0.0021312097343078075,1.1103282304247841e-05,1.4092334881424904,0.7027999237179756
4,17,300,180,6.140721234260127e-05,6.144017315818928e-05,6.186536226122704e-05,0.001891084638359488,1.0950593605230097e-05,1.4919534772634506,0.7420385926961899
4,17,300,190,6.0965914599364623e-05,6.107287881604862e-05,6.15439206376929e-05,0.001659000472694964,1.1037289368687198e-05,1.5744613483548164,0.7809666693210602
4,17,300,200,6.057827340555377e-05,6.070155141060241e-05,6.120082809581945e-05,0.0014374999999999909,1.0781791388581041e-05,1.6576207876205444,0.8197941705584526
4,17,300,210,6.0167792980792e-05,6.023540954629425e-05,6.0809420133434797e-05,0.0012290100258053693,1.0780679076560773e-05,1.7398547008633614,0.8585772514343262
4,17,300,220,5.956058157607913e-05,5.980925125186332e-05,6.040022337435444e-05,0.0010358148098977061,1.068729307007743e-05,1.8222987055778503,0.8974868580698967
4,17,300,230,5.9237667301204056e-05,5.936813977314159e-05,5.9977252761850186e-05,0.0008600310394911841,1.0816195754159708e-05,1.9048561453819275,0.9363860934972763
4,17,300,240,5.8744313719216734e-05,5.8853329392150044e-05,5.952346821534273e-05,0.0007035846383594969,1.0803253644553479e-05,1.9880639761686325,0.9755771905183792
4,17,300,250,5.8468613133300096e-05,5.854644041392021e-05,5.9128044599257386e-05,0.0005681896660119565,1.0569389814918395e-05,2.0705828592181206,1.014683298766613
4,17,300,260,5.7868193835020065e-05,5.814866090076975e-05,5.87262664249782e-05,0.00045532953809882177,1.0305660907761194e-05,2.1541261225938797,1.053769588470459
4,17,300,270,5.775527824880555e-05,5.782706539321225e-05,5.835791432415538e-05,0.00036624077379900945,1.0295539141225163e-05,2.2364808917045593,1.094014011323452
4,17,300,280,5.7551416830392554e-05,5.752058496000245e-05,5.801958580080162e-05,0.0003018994482572113,1.0044205737358425e-05,2.3191876634955406,1.1353577226400375
4,17,300,290,5.712111305911094e-05,5.7345523964613675e-05,5.77456341262621e-05,0.0002630104985003508,1.0046695933851879e-05,2.4022191986441612,1.174460031092167
4,17,300,300,5.7088058383669704e-05,5.7169389401678926e-05,5.751282053563937e-05,0.00025,1.015754332911456e-05,2.4847967997193336,1.2134467363357544
4,17,400,0,,,,0.005,,0.0,0.038927577435970306
4,17,400,10,6.638735067099333e-05,6.757368464604951e-05,7.086062592463686e-05,0.004992678667616179,1.3701965144718997e-05,0.08273240923881531,0.07807615399360657
4,17,400,20,6.554587162099779e-05,6.583016729564407e-05,6.882845851560935e-05,0.004970759808913452,1.2414585398801137e-05,0.16656894236803055,0.1171967014670372
4,17,400,30,6.484190816991031e-05,6.513878470286727e-05,6.733860454691047e-05,0.0049343785609444815,1.2465632607927546e-05,0.24947954714298248,0.15654343366622925
4,17,400,40,6.444462633226067e-05,6.466890772571787e-05,6.626135121848627e-05,0.00488375922620099,1.260992303286912e-05,0.3326791971921921,0.1962350532412529
4,17,400,50,6.429819768527523e-05,6.44079853373114e-05,6.551433046722589e-05,0.004819213889714307,1.1833120879600756e-05,0.41686539351940155,0.23535867780447006
4,17,400,60,6.424990715458989e-05,6.418294651666656e-05,6.497687859269847e-05,0.004741140494947374,1.1732419807231054e-05,0.49972375482320786,0.2743913009762764
4,17,400,70,6.394158117473125e-05,6.403809529729188e-05,6.459873419206956e-05,0.00465002039034097,1.1865839951497037e-05,0.5823903605341911,0.3133065029978752
4,17,400,80,6.374695658450946e-05,6.386050517903641e-05,6.42998399060371e-05,0.0045464153616404995,1.1803278539446183e-05,0.6649386882781982,0.35227812081575394
4,17,400,90,6.368695176206529e-05,6.376432647812181e-05,6.408348321850372e-05,0.004430964168300072,1.1613051356107462e-05,0.7475152015686035,0.3913254663348198
4,17,400,100,6.354830111376941e-05,6.358098544296808e-05,6.387689801673082e-05,0.0043043786053180485,1.134490503318375e-05,0.8300711661577225,0.4303860291838646
4,17,400,110,6.349547038553283e-05,6.347043890855275e-05,6.37127404612088e-05,0.004167439114784184,1.14081312858616e-05,0.9134317636489868,0.46935054659843445
4,17,400,120,6.323798152152449e-05,6.336555015877821e-05,6.356963685015726e-05,0.004020989974194618,1.1306942724331748e-05,0.9963001161813736,0.5085225626826286
4,17,400,130,6.316766666714102e-05,6.318298110272736e-05,6.341214797450019e-05,0.0038659340912003733,1.144244015449658e-05,1.0788536071777344,0.54872827231884
4,17,400,140,6.299058441072702e-05,6.30367620033212e-05,6.326005308308152e-05,0.0037032274368814155,1.1316560630802996e-05,1.162245973944664,0.587802454829216
4,17,400,150,6.283845868892968e-05,6.284735936787911e-05,6.309129966684124e-05,0.003533873151867078,1.1241215361224022e-05,1.2447217032313347,0.6269563436508179
4,17,400,160,6.265180854825303e-05,6.2704201991437e-05,6.293393482071732e-05,0.003358915361640489,1.1116443602077197e-05,1.3273804038763046,0.6658046096563339
4,17,400,170,6.22414518147707e-05,6.250254373298957e-05,6.275339905523441e-05,0.003179432739157763,1.109000550059136e-05,1.4108471125364304,0.7049513161182404
4,17,400,180,6.22830048087053e-05,6.229127757251263e-05,6.256498475889978e-05,0.0029965318544705353,1.0875025509449188e-05,1.4932894110679626,0.7439282834529877
4,17,400,190,6.200725329108536e-05,6.206304678926244e-05,6.236251765676675e-05,0.0028113403523536192,1.0893413673329633e-05,1.5761895328760147,0.7828516587615013
4,17,400,200,6.182568176882342e-05,6.187453618622385e-05,6.21652032258526e-05,0.002624999999999986,1.0761757039290387e-05,1.658802829682827,0.8219973295927048
4,17,400,210,6.15729222772643e-05,6.162730060168541e-05,6.194830284368711e-05,0.0024386596476463534,1.0756570191006176e-05,1.7412049770355225,0.8608778789639473
4,17,400,220,6.118063174653798e-05,6.139358520158566e-05,6.17216508388947e-05,0.0022534681455294346,1.0691333955037408e-05,1.824432410299778,0.8999163806438446
4,17,400,230,6.098762241890654e-05,6.113619638199452e-05,6.148056930946653e-05,0.002070567260842208,1.0778144314826932e-05,1.907054916024208,0.9390593618154526
4,17,400,240,6.073716576793231e-05,6.074546363379341e-05,6.118366958650816e-05,0.0018910846383594865,1.0854027095774654e-05,1.9897597283124924,0.9778846874833107
4,17,400,250,6.0440997913246974e-05,6.0546166059793906e-05,6.0925959736584195e-05,0.0017161268481328997,1.0677999853214715e-05,2.0728615671396255,1.0170089304447174
4,17,400,260,5.992238948238082e-05,6.0148942066007296e-05,6.060584359050067e-05,0.0015467725631185653,1.0520009709580336e-05,2.15554341673851,1.056114748120308
4,17,400,270,5.9735088143497705e-05,5.979938214295544e-05,6.0274987278297716e-05,0.001384065908799612,1.0522451702854596e-05,2.238690070807934,1.0950569808483124
4,17,400,280,5.934362707193941e-05,5.9368906295276244e-05,5.990731806513524e-05,0.001229010025805368,1.0307387128705159e-05,2.321581721305847,1.1343578025698662
4,17,400,290,5.8716243074741215e-05,5.898427043575794e-05,5.9529871580393204e-05,0.001082560885215807,1.044639247993473e-05,2.40420676022768,1.173303633928299
4,17,400,300,5.845120904268697e-05,5.868183943675831e-05,5.9183040196592276e-05,0.000945621394681944,1.0565964657871518e-05,2.487793006002903,1.2124117985367775
4,17,400,310,5.7843950344249606e-05,5.82224423851585e-05,5.8787498747498296e-05,0.0008190358316999218,1.0527774065849371e-05,2.5703610628843307,1.2514947578310966
4,17,400,320,5.7853882026392967e-05,5.789684364572167e-05,5.842611919412975e-05,0.0007035846383594963,1.0200900760537479e-05,2.6529859080910683,1.2905241176486015
4,17,400,330,5.717047679354437e-05,5.7517077948432416e-05,5.80531582488498e-05,0.0005999796096590286,1.0048570402432233e-05,2.736277624964714,1.3294304683804512
4,17,400,340,5.71410491829738e-05,5.7163747260347006e-05,5.76948696066637e-05,0.0005088595050526241,1.0229256076854654e-05,2.818854510784149,1.3686199709773064
4,17,400,350,5.669230085914023e-05,5.6950366342789494e-05,5.739353678803447e-05,0.00043078611028569286,9.994380889111198e-06,2.9016178101301193,1.4078227281570435
4,17,400,360,5.665446224156767e-05,5.666175384249073e-05,5.7096579203133314e-05,0.00036624077379900923,9.932303328241687e-06,2.984444059431553,1.446841686964035
4,17,400,370,5.630276427837089e-05,5.646234239975456e-05,5.6839786770035293e-05,0.00031562143905551756,9.848250556387939e-06,3.0675999969244003,1.4860649555921555
4,17,400,380,5.623158358503133e-05,5.633857690554578e-05,5.663447645781004e-05,0.0002792401910865478,9.985193173633888e-06,3.1501433327794075,1.5253235325217247
4,17,400,390,5.632596366922371e-05,5.623227661999408e-05,5.646951149443416e-05,0.00025732133238382107,9.815875273488928e-06,3.2334689125418663,1.5643776655197144
4,17,400,400,5.60171902179718e-05,5.6113711252692156e-05,5.63250849377304e-05,0.00025,9.736401807458606e-06,3.3161616548895836,1.6036360263824463
4,17,500,0,,,,0.005,,0.0,0.03906384855508804
4,17,500,10,6.626306276302785e-05,6.755789581802674e-05,7.085280443415188e-05,0.004995313480017145,1.3718065929424483e-05,0.08291728794574738,0.07806675881147385
4,17,500,20,6.548292003571987e-05,6.575901934411377e-05,6.879495189763354e-05,0.004981272415621885,1.2476871233957354e-05,0.16580167412757874,0.11730882525444031
4,17,500,30,6.482781464001164e-05,6.51097383524757e-05,6.730792937004223e-05,0.004957932220480637,1.247941872861702e-05,0.24867916107177734,0.15673641115427017
4,17,500,40,6.454408139688894e-05,6.471859160228632e-05,6.626514030512768e-05,0.004925385007680501,1.2635225175472442e-05,0.33185531944036484,0.19578587263822556
4,17,500,50,6.429049972211942e-05,6.441863515647129e-05,6.552031905308098e-05,0.004883759226200992,1.182533105748007e-05,0.41493914276361465,0.23505611717700958
4,17,500,60,6.430284702219069e-05,6.420150166377425e-05,6.498923369631429e-05,0.004833219153984597,1.1808246199507266e-05,0.497745156288147,0.27404293417930603
4,17,500,70,6.406655302271247e-05,6.410818750737234e-05,6.463653614716742e-05,0.0047739642496067965,1.1923923921131063e-05,0.5807060450315475,0.3129087761044502
4,17,500,80,6.382068386301398e-05,6.393787116394378e-05,6.435398608316162e-05,0.004706228365104177,1.1850835107907187e-05,0.6632935553789139,0.3520147427916527
4,17,500,90,6.382448191288859e-05,6.386002642102539e-05,6.415456615090572e-05,0.004630278823067287,1.1609135071921628e-05,0.7463371306657791,0.3909890875220299
4,17,500,100,6.370237679220736e-05,6.368702015606687e-05,6.396308568347617e-05,0.004546415361640501,1.143253393820487e-05,0.8289635851979256,0.43004248291254044
4,17,500,110,6.363869761116803e-05,6.359927501762286e-05,6.381611453721103e-05,0.0044549689515925,1.1433789040893316e-05,0.9116027280688286,0.4692268818616867
4,17,500,120,6.337872036965564e-05,6.351729243760928e-05,6.369267972589704e-05,0.004356300490125853,1.1399874892958906e-05,0.9941564351320267,0.5082200318574905
4,17,500,130,6.329617463052273e-05,6.335450307233259e-05,6.355513013628488e-05,0.004250799376580636,1.1455576895968989e-05,1.0775896534323692,0.5473246276378632
4,17,500,140,6.318280065897852e-05,6.322788613033481e-05,6.34234862317312e-05,0.004138881975653138,1.1320176781737246e-05,1.1605061367154121,0.5867442414164543
4,17,500,150,6.307609146460891e-05,6.309220043476671e-05,6.328787927692759e-05,0.004020989974194622,1.1237242688366678e-05,1.24297696352005,0.6257952451705933
4,17,500,160,6.295521598076448e-05,6.298850639723242e-05,6.316684623961171e-05,0.0038975886380751106,1.1147726581839379e-05,1.326393038034439,0.6649661660194397
4,17,500,170,6.261227827053517e-05,6.28510104434099e-05,6.303383675867825e-05,0.0037691649759915647,1.1062917110393755e-05,1.4089779928326607,0.7041120007634163
4,17,500,180,6.273385952226818e-05,6.271390739129857e-05,6.290224744471708e-05,0.0036362258174670375,1.0945517715299502e-05,1.4918148443102837,0.7431124150753021
4,17,500,190,6.24598324066028e-05,6.253163955989293e-05,6.275279692242445e-05,0.003499295812626098,1.0897702850343194e-05,1.5747675970196724,0.7821337431669235
4,17,500,200,6.241143273655325e-05,6.239269932848402e-05,6.260753136090741e-05,0.0033589153616404863,1.079262983694207e-05,1.6570876985788345,0.8212178871035576
4,17,500,210,6.214734457898885e-05,6.219099232112058e-05,6.24403310305101e-05,0.003215638482016514,1.0704157830332406e-05,1.7402361333370209,0.8602106645703316
4,17,500,220,6.196428876137361e-05,6.206407633726485e-05,6.228764569096307e-05,0.0030700306221410787,1.0590714737190865e-05,1.822771593928337,0.8994026631116867
4,17,500,230,6.176291935844347e-05,6.191893480718136e-05,6.21350145789778e-05,0.0029226664297152035,1.078783861885313e-05,1.9056833609938622,0.9386338964104652
4,17,500,240,6.172832217998803e-05,6.163255166029558e-05,6.19334374161026e-05,0.002774127483882098,1.0748870408860967e-05,1.989220641553402,0.9776960536837578
4,17,500,250,6.151160778244957e-05,6.152658170321956e-05,6.177051881830172e-05,0.002624999999999979,1.0663016837497707e-05,2.071671783924103,1.0167167633771896
4,17,500,260,6.12023432040587e-05,6.130118563305587e-05,6.157645889701022e-05,0.00247587251611786,1.0517272130528e-05,2.1543319299817085,1.0556828826665878
4,17,500,270,6.10630086157471e-05,6.106891160015949e-05,6.136891894872611e-05,0.0023273335702847535,1.0533817658142652e-05,2.237192064523697,1.0949969291687012
4,17,500,280,6.071646566851996e-05,6.077643447497394e-05,6.112764945523792e-05,0.0021799693778588774,1.029806117003318e-05,2.3197596594691277,1.1341034173965454
4,17,500,290,6.028940697433427e-05,6.0505469809868374e-05,6.087393090613402e-05,0.0020343615179834454,1.0422214472782798e-05,2.403177946805954,1.173161044716835
4,17,500,300,6.017980558681302e-05,6.0329591724439525e-05,6.065029258418648e-05,0.0018910846383594765,1.05725212051766e-05,2.485827259719372,1.2123128548264503
4,17,500,310,5.965404852759093e-05,5.9983797109453006e-05,6.0374977784271554e-05,0.0017507041873738687,1.0565835509623867e-05,2.5686025619506836,1.2511550262570381
4,17,500,320,5.9591337048914284e-05,5.97118581936229e-05,6.010428369539626e-05,0.0016137741825329329,1.0289219062542543e-05,2.6516233086586,1.2902291268110275
4,17,500,330,5.8935176639351994e-05,5.932301683060359e-05,5.978211581551468e-05,0.0014808350240084096,1.0312986887583975e-05,2.734151653945446,1.329640418291092
4,17,500,340,5.877518924535252e-05,5.8923635879182254e-05,5.943220903562881e-05,0.001352411361924868,1.0446365195093676e-05,2.8174917325377464,1.3685638681054115
4,17,500,350,5.843424878548831e-05,5.864488339284435e-05,5.9112485379912565e-05,0.0012290100258053628,1.025992060021963e-05,2.9004818722605705,1.4077653586864471
4,17,500,360,5.8112105762120336e-05,5.824467589263804e-05,5.8758026787165004e-05,0.0011111180243468495,1.0249469596601557e-05,2.982974387705326,1.4468403980135918
4,17,500,370,5.7621615269454196e-05,5.782339067081921e-05,5.837758443729064e-05,0.0009992006234193546,1.0170567293243948e-05,3.0654198676347733,1.4858061596751213
4,17,500,380,5.7296005252283067e-05,5.753182886110153e-05,5.802911017391801e-05,0.0008936995098741384,1.0323419701308012e-05,3.1478548496961594,1.5248340964317322
4,17,500,390,5.724372749682516e-05,5.72482225834392e-05,5.770805421749964e-05,0.0007950310484074932,1.0101608495460823e-05,3.230509340763092,1.5639101043343544
4,17,500,400,5.679156311089173e-05,5.700204128515907e-05,5.7420209483281615e-05,0.0007035846383594937,9.935282832884695e-06,3.3139490634202957,1.602960728108883
4,17,500,410,5.6622058764332905e-05,5.67155013413867e-05,5.7134636355621306e-05,0.0006197211769327091,9.90007902146317e-06,3.3967907652258873,1.6421688944101334
4,17,500,420,5.639347364194691e-05,5.642793075821828e-05,5.684865139301792e-05,0.0005437716348958199,9.940739801095333e-06,3.479688286781311,1.6809824779629707
4,17,500,430,5.60395565116778e-05,5.620260380965192e-05,5.658289025336101e-05,0.0004760357503932009,9.711540769785643e-06,3.5635435581207275,1.7202243879437447
4,17,500,440,5.5791049817344174e-05,5.597635899903253e-05,5.633507589354205e-05,0.00041678084601540037,9.73538863036083e-06,3.6461619660258293,1.7593651711940765
4,17,500,450,5.564003367908299e-05,5.5769731989130375e-05,5.6106803781493486e-05,0.0003662407737990087,9.643875273468439e-06,3.7291953712701797,1.7982284799218178
4,17,500,460,5.565221363212913e-05,5.561925681831781e-05,5.590770346532614e-05,0.00032461499231950015,9.516824320598971e-06,3.8119237646460533,1.8376096561551094
4,17,500,470,5.5626878747716546e-05,5.560759163927287e-05,5.578478761173326e-05,0.0002920677795193637,9.366577614855487e-06,3.8945312052965164,1.8767149746418
4,17,500,480,5.526903987629339e-05,5.550727946683765e-05,5.5666489758931895e-05,0.00026872758437811503,9.336208677268587e-06,3.977702610194683,1.9156320244073868
4,17,500,490,5.5468564823968336e-05,5.538442528632004e-05,5.555606119939093e-05,0.00025468651998285496,9.307502295996528e-06,4.060230664908886,1.9547571688890457
4,17,500,500,5.5204589443746954e-05,5.5261429588426834e-05,5.5437500631807804e-05,0.00025,9.261727427656297e-06,4.143197618424892,1.9936930388212204
4,17,600,0,,,,0.005,,0.0,0.03896056115627289
4,17,600,10,6.629237032029778e-05,6.755882277502679e-05,7.085332018865431e-05,0.004996745145042113,1.3697256690647919e-05,0.08264165371656418,0.07796186208724976
4,17,600,20,6.555269646923989e-05,6.58003642456606e-05,6.881216005777562e-05,0.0049869895014996515,1.2487925232562702e-05,0.1652693748474121,0.11690154671669006
4,17,600,30,6.481427408289164e-05,6.512629261123948e-05,6.732270464684776e-05,0.004970759808913455,1.2477456948545296e-05,0.2485722303390503,0.15589075535535812
4,17,600,40,6.44840401946567e-05,6.469145737355574e-05,6.626167203134309e-05,0.004948100551742791,1.2599531146406662e-05,0.3311137706041336,0.19472678005695343
4,17,600,50,6.433407543227077e-05,6.443157253670506e-05,6.552465682757588e-05,0.004919073837436538,1.1779659871535841e-05,0.413633331656456,0.23370514065027237
4,17,600,60,6.431093788705766e-05,6.42166254692711e-05,6.49965862435123e-05,0.00488375922620099,1.1768256626965012e-05,0.49637409299612045,0.27281029522418976
4,17,600,70,6.404021405614913e-05,6.410779897123576e-05,6.464009819479159e-05,0.0048422535129308535,1.191510364151327e-05,0.5790067315101624,0.31165891140699387
4,17,600,80,6.381303683156148e-05,6.393588191713206e-05,6.43551305601016e-05,0.004794670461901176,1.1814977369795088e-05,0.6621735170483589,0.35089971125125885
4,17,600,90,6.383165600709617e-05,6.3849646539893e-05,6.415165010781047e-05,0.004741140494947373,1.1609753528318834e-05,0.7453581392765045,0.3901328220963478
4,17,600,100,6.367656897054985e-05,6.367573805619032e-05,6.39572586473518e-05,0.004681810333988041,1.148566479969304e-05,0.8282753005623817,0.4289431720972061
4,17,600,110,6.367456808220595e-05,6.363116626744159e-05,6.382530418768461e-05,0.004616842598870382,1.1355281458236277e-05,0.9117890745401382,0.4679134711623192
4,17,600,120,6.3526131270919e-05,6.358243990689516e-05,6.372521117318593e-05,0.0045464153616404995,1.1345458005962428e-05,0.9941104501485825,0.5066129267215729
4,17,600,130,6.343035056488588e-05,6.344315115711652e-05,6.360951665114139e-05,0.004470721658460307,1.141694974648999e-05,1.076441265642643,0.545468382537365
4,17,600,140,6.335553189273924e-05,6.334753488772549e-05,6.350417977055634e-05,0.004389968960508812,1.1340378478053026e-05,1.1592727974057198,0.5845946297049522
4,17,600,150,6.323477282421663e-05,6.322267872747034e-05,6.338895221803115e-05,0.004304378605318053,1.1178954082424752e-05,1.2417920604348183,0.6234659031033516
4,17,600,160,6.312086770776659e-05,6.313735575531609e-05,6.328750065672926e-05,0.00421418519010229,1.1178617569385096e-05,1.3250338807702065,0.662598267197609
4,17,600,170,6.286249845288694e-05,6.303007321548649e-05,6.317895547680843e-05,0.004119635928743364,1.1075786460423842e-05,1.40769874304533,0.7018233835697174
4,17,600,180,6.289900920819491e-05,6.289197190199048e-05,6.30613519324138e-05,0.004020989974194621,1.0915531674982049e-05,1.4903901144862175,0.7406836673617363
4,17,600,190,6.267383287195116e-05,6.273547187447548e-05,6.293044703960337e-05,0.003918517708160683,1.087145665223943e-05,1.5737091898918152,0.779866486787796
4,17,600,200,6.26206019660458e-05,6.262697570491582e-05,6.280765362168564e-05,0.0038124999999999912,1.0764189028122928e-05,1.6560172960162163,0.8188211023807526
4,17,600,210,6.246984412427992e-05,6.24851520115044e-05,6.26790835172531e-05,0.003703227436881412,1.0669132279872429e-05,1.7387504056096077,0.8577199950814247
4,17,600,220,6.221391959115863e-05,6.234515385585837e-05,6.254332873736624e-05,0.003590999527305013,1.0572605788183864e-05,1.8218793794512749,0.8968664407730103
4,17,600,230,6.212194421095774e-05,6.225244360393844e-05,6.242404001591445e-05,0.0034761238801700733,1.069083282345673e-05,1.90455561876297,0.9358420744538307
4,17,600,240,6.218047928996384e-05,6.20495862676762e-05,6.227500993088895e-05,0.0033589153616404837,1.076203079719562e-05,1.9880220517516136,0.9748689010739326
4,17,600,250,6.196627509780228e-05,6.197809416335076e-05,6.2156382325301e-05,0.0032396952321184693,1.0607268450257834e-05,2.070779874920845,1.0140954703092575
4,17,600,260,6.176411989144981e-05,6.181938078952953e-05,6.201802716790531e-05,0.00311879026569216,1.0436354386911262e-05,2.1537697687745094,1.052994392812252
4,17,600,270,6.166897946968675e-05,6.169736006995663e-05,6.188639165622181e-05,0.0029965318544705275,1.0386802387074567e-05,2.236972466111183,1.092359982430935
4,17,600,280,6.14357995800674e-05,6.149716937215998e-05,6.172721215333288e-05,0.0028732551002606556,1.0299094356014393e-05,2.319624774158001,1.1315441131591797
4,17,600,290,6.11399591434747e-05,6.132279959274456e-05,6.15616141405706e-05,0.002749297896076969,1.0337087587686256e-05,2.402891755104065,1.170594610273838
4,17,600,300,6.112530536483973e-05,6.123537386883981e-05,6.142850392863891e-05,0.0026249999999999746,1.04403243312845e-05,2.485492818057537,1.2097121328115463
4,17,600,310,6.0815404140157625e-05,6.099951933720149e-05,6.125147265729636e-05,0.0025007021039229835,1.05170674942201e-05,2.568026065826416,1.2488063722848892
4,17,600,320,6.074218254070729e-05,6.081834762881044e-05,6.107440139340809e-05,0.002376744899739297,1.021332082018489e-05,2.6507821530103683,1.2876905351877213
4,17,600,330,6.019529973855242e-05,6.052013122825883e-05,6.084552814657502e-05,0.002253468145529425,1.0267389370710589e-05,2.7339084446430206,1.3265577554702759
4,17,600,340,6.012476660544053e-05,6.024064678058494e-05,6.05988597822327e-05,0.002131209734307794,1.0359100997447968e-05,2.816289708018303,1.365779772400856
4,17,600,350,5.9861391491722316e-05,6.000835819577333e-05,6.035905455899107e-05,0.002010304767881488,1.0205585567746311e-05,2.8994513005018234,1.4045585170388222
4,17,600,360,5.961054193903692e-05,5.972909530100878e-05,6.0101282993417246e-05,0.0018910846383594763,1.0292907973052934e-05,2.9820534512400627,1.4437024518847466
4,17,600,370,5.9218255046289414e-05,5.9384685664554125e-05,5.9808348827157684e-05,0.0017738761198298906,1.01990644907346e-05,3.064577929675579,1.4826673343777657
4,17,600,380,5.885079735890031e-05,5.9109937501489186e-05,5.951916081751687e-05,0.0016590004726949538,1.0408753951196559e-05,3.1480613499879837,1.5218688175082207
4,17,600,390,5.8731227909447625e-05,5.881878096261062e-05,5.9229746856487765e-05,0.0015467725631185573,1.0192268746322952e-05,3.2307103276252747,1.5611163526773453
4,17,600,400,5.833017348777503e-05,5.855978779436555e-05,5.8955928587865544e-05,0.0014374999999999822,1.0132773240911774e-05,3.3136182725429535,1.6000170409679413
4,17,600,410,5.807136039948091e-05,5.82304630370345e-05,5.865954597252177e-05,0.001331482291839296,1.0139151527255308e-05,3.396816924214363,1.6391764506697655
4,17,600,420,5.782762309536338e-05,5.7895694772014396e-05,5.834996124225199e-05,0.001229010025805363,1.0140394806512631e-05,3.47940856218338,1.6782702580094337
4,17,600,430,5.7377867051400244e-05,5.756897116953042e-05,5.802826749412151e-05,0.0011303640712566243,9.990588296204805e-06,3.563049964606762,1.717019945383072
4,17,600,440,5.7074685173574835e-05,5.723126741941087e-05,5.7703712460167495e-05,0.0010358148098977011,1.002234512270661e-05,3.6456512436270714,1.7561570703983307
4,17,600,450,5.672953193425201e-05,5.6900366689660584e-05,5.737731733632922e-05,0.0009456213946819407,9.9521112133516e-06,3.7281305491924286,1.7950460836291313
4,17,600,460,5.657622386934236e-05,5.6587159633636475e-05,5.7055675583797863e-05,0.0008600310394911803,9.813647920964286e-06,3.811523787677288,1.834188126027584
4,17,600,470,5.6340657465625554e-05,5.6436993327224626e-05,5.680213080605451e-05,0.0007792783415396872,9.679755748948082e-06,3.894183799624443,1.873382292687893
4,17,600,480,5.593819878413342e-05,5.617168753815349e-05,5.6541635333153105e-05,0.0007035846383594942,9.59675799094839e-06,3.9772626981139183,1.912240870296955
4,17,600,490,5.588199564954266e-05,5.596807604888454e-05,5.6310540490820416e-05,0.0006331574011296133,9.538961421640124e-06,4.060330018401146,1.9513092190027237
4,17,600,500,5.56258819415234e-05,5.568784108618274e-05,5.6058782641202366e-05,0.0005681896660119545,9.537521691527218e-06,4.142911523580551,1.990593284368515
4,17,600,510,5.56452723685652e-05,5.5520808382425456e-05,5.584264679073367e-05,0.0005088595050526232,9.595099072612356e-06,4.226499550044537,2.029681757092476
4,17,600,520,5.530601629288867e-05,5.536863172892481e-05,5.564875539886386e-05,0.0004553295380988207,9.32759212446399e-06,4.309295557439327,2.0689922869205475
4,17,600,530,5.546874672290869e-05,5.531847855309024e-05,5.551228622986367e-05,0.000407746487069144,9.467276868235786e-06,4.39203367382288,2.1081222519278526
4,17,600,540,5.531567876460031e-05,5.5168907056213354e-05,5.537643395857488e-05,0.000366240773799009,9.322673577116802e-06,4.475505955517292,2.1471556201577187
4,17,600,550,5.4804149840492755e-05,5.5001094733597713e-05,5.522093460814075e-05,0.0003309261625634618,9.489182048127986e-06,4.557986490428448,2.186322256922722
4,17,600,560,5.4990021453704685e-05,5.488018214236945e-05,5.5082193174635724e-05,0.00030189944825721114,9.32881812332198e-06,4.640916563570499,2.2252373695373535
4,17,600,570,5.4703203204553574e-05,5.481828811753076e-05,5.49726649671639e-05,0.00027924019108654767,9.140861038758885e-06,4.723879732191563,2.2643509060144424
4,17,600,580,5.4662195907440037e-05,5.475283833220601e-05,5.488269443793161e-05,0.00026301049850035074,9.180072083836421e-06,4.806374251842499,2.3032789453864098
4,17,600,590,5.467992014018819e-05,5.470654978125822e-05,5.480948857329388e-05,0.0002532548549578871,9.146954653260764e-06,4.889396287500858,2.3420775160193443
4,17,600,600,5.4500116675626487e-05,5.4595937763224355e-05,5.4722819857755194e-05,0.00025,9.045314982358832e-06,4.97212091088295,2.381109856069088
4,17,700,0,,,,0.005,,0.0,0.038955822587013245
4,17,700,10,6.629237032029778e-05,6.756092334399e-05,7.08542043399497e-05,0.004997608533035624,1.3672780369233806e-05,0.08264264464378357,0.07805845886468887
4,17,700,20,6.548353849211708e-05,6.576023806701415e-05,6.879661566011508e-05,0.004990438948238695,1.2483138561947271e-05,0.16577433049678802,0.11699517071247101
4,17,700,30,6.477302667917684e-05,6.509821760118939e-05,6.73035018152946e-05,0.004978505684198846,1.2495686860347632e-05,0.24830389022827148,0.15626569092273712
4,17,700,40,6.45116888335906e-05,6.4697781635914e-05,6.625356409776864e-05,0.004961832772921746,1.2576078006532043e-05,0.3310694694519043,0.19522476196289062
4,17,700,50,6.436141848098487e-05,6.44187857687939e-05,6.551400139774928e-05,0.004940453791431832,1.1779810847656336e-05,0.4145282655954361,0.23435420542955399
4,17,700,60,6.426074833143502e-05,6.419232813641429e-05,6.49817836339257e-05,0.004914411794152653,1.1745215488190297e-05,0.4970261678099632,0.27348992228507996
4,17,700,70,6.402169674402103e-05,6.411305148503743e-05,6.463184736268101e-05,0.004883759226200991,1.1851597264467273e-05,0.579671286046505,0.31245820224285126
4,17,700,80,6.380729610100389e-05,6.390891503542662e-05,6.433970524331219e-05,0.004848557817769377,1.1728169738489669e-05,0.6624862104654312,0.35169608145952225
4,17,700,90,6.379271508194506e-05,6.383577201631851e-05,6.413650089201032e-05,0.004808878459809697,1.1540741070348304e-05,0.7453397810459137,0.39089100807905197
4,17,700,100,6.371036579366773e-05,6.371470881276764e-05,6.396345766698107e-05,0.0047648010612682465,1.1362640179868322e-05,0.8283668756484985,0.42988673597574234
4,17,700,110,6.368482718244195e-05,6.36390112049412e-05,6.38317507933303e-05,0.004716414388159756,1.129365773522295e-05,0.9113605618476868,0.46907857060432434
4,17,700,120,6.340444087982178e-05,6.356820376822725e-05,6.372228857970886e-05,0.004663815884804437,1.1234448720642831e-05,0.9940477460622787,0.508096732199192
4,17,700,130,6.342310371110216e-05,6.343618733808398e-05,6.360553332498644e-05,0.004607111477588099,1.1316559721308295e-05,1.0775125175714493,0.5473456978797913
4,17,700,140,6.336627120617777e-05,6.333831406664103e-05,6.349850087393318e-05,0.004546415361640505,1.1193563295819331e-05,1.1600266098976135,0.586422011256218
4,17,700,150,6.323433626675978e-05,6.326406801235863e-05,6.340177755474798e-05,0.004481849770861575,1.1201957022421993e-05,1.2427835538983345,0.6254821568727493
4,17,700,160,6.317403313005343e-05,6.319752574199811e-05,6.331930703188388e-05,0.004413544731758579,1.1110239938716404e-05,1.3258465006947517,0.6646316647529602
4,17,700,170,6.289219891186804e-05,6.309500313363969e-05,6.322339335628967e-05,0.004341637801590058,1.0939303138002288e-05,1.4085810631513596,0.7040024250745773
4,17,700,180,6.297659274423495e-05,6.296635619946755e-05,6.311822106544723e-05,0.004266273791343808,1.0757032214314677e-05,1.4911294281482697,0.7430033534765244
4,17,700,190,6.283872062340379e-05,6.284345145104452e-05,6.300838886751764e-05,0.0041876044741068225,1.0848983038158622e-05,1.573706105351448,0.7819909304380417
4,17,700,200,6.278915680013597e-05,6.274616025621071e-05,6.290346496914052e-05,0.004105788279414497,1.0641518201737199e-05,1.6563750952482224,0.821363091468811
4,17,700,210,6.265148113016039e-05,6.264336916501634e-05,6.279965160160406e-05,0.004020989974194624,1.0634168575052172e-05,1.739000104367733,0.8603997528553009
4,17,700,220,6.243019015528262e-05,6.255973639781586e-05,6.270122251462791e-05,0.003933380330948743,1.0560369446466211e-05,1.822359211742878,0.8997604995965958
4,17,700,230,6.237284105736762e-05,6.246072225621902e-05,6.260160609742934e-05,0.003843135783839026,1.0664314686437137e-05,1.9050757959485054,0.9390799626708031
4,17,700,240,6.237449269974604e-05,6.226501718629152e-05,6.246692703201652e-05,0.0037504380733733673,1.0618901796988212e-05,1.9878734797239304,0.9781552851200104
4,17,700,250,6.226907862583175e-05,6.224950775504112e-05,6.238201061044091e-05,0.003655473880404196,1.0534145985729992e-05,2.0707240104675293,1.017348013818264
4,17,700,260,6.206786929396912e-05,6.21098282863386e-05,6.226961190431938e-05,0.0035584344501780616,1.0359372026869096e-05,2.1532445698976517,1.0563296601176262
4,17,700,270,6.199812196427956e-05,6.202440490596928e-05,6.216932789107216e-05,0.003459515207193181,1.0323856258764863e-05,2.236228920519352,1.095545195043087
4,17,700,280,6.174269947223365e-05,6.186195969348773e-05,6.204262567837769e-05,0.0033589153616404915,1.0234387445962057e-05,2.3186286613345146,1.1345294713974
4,17,700,290,6.157076131785288e-05,6.171103450469673e-05,6.190661320188678e-05,0.0032568375082208416,1.0288880730513483e-05,2.4020112603902817,1.173610843718052
4,17,700,300,6.15822573308833e-05,6.167106475913897e-05,6.18100234853734e-05,0.003153487218146233,1.0452631613588892e-05,2.484639823436737,1.2128160446882248
4,17,700,310,6.127850792836398e-05,6.146166706457734e-05,6.166651934320434e-05,0.003049072625146745,1.0447251042933203e-05,2.567261040210724,1.2516922131180763
4,17,700,320,6.136539741419256e-05,6.138269964139909e-05,6.155083357105716e-05,0.002943804006316912,1.0094287972606253e-05,2.6511265486478806,1.2910063341259956
4,17,700,330,6.0879639931954443e-05,6.116653166827745e-05,6.13909038802877e-05,0.002837893358645634,1.0165102139580995e-05,2.733781412243843,1.330173209309578
4,17,700,340,6.092496187193319e-05,6.096723227528855e-05,6.121831790722917e-05,0.002731553972082453,1.0309408025932498e-05,2.8168500661849976,1.3691111579537392
4,17,700,350,6.073675467632711e-05,6.0816973564215006e-05,6.105614068598895e-05,0.002624999999999979,1.014050667436095e-05,2.8995748460292816,1.4083031043410301
4,17,700,360,6.052673779777251e-05,6.062284555810038e-05,6.087922820296801e-05,0.002518446027917505,1.0263584954373073e-05,2.982233501970768,1.4476209059357643
4,17,700,370,6.026887785992585e-05,6.0349354316713286e-05,6.0662964436421786e-05,0.0024121066413543227,1.0095475772686768e-05,3.065952144563198,1.4867079257965088
4,17,700,380,5.9955724282190204e-05,6.0145571842440405e-05,6.04492329021963e-05,0.0023061959936830434,1.0364209629187826e-05,3.1486616507172585,1.525980494916439
4,17,700,390,5.983430673950352e-05,5.9921396314166486e-05,6.023152758092874e-05,0.0022009273748532132,1.0154949450225104e-05,3.231513351202011,1.5651506558060646
4,17,700,400,5.956106906523928e-05,5.973409024591092e-05,6.002836388442135e-05,0.00209651278185373,1.0052713150798809e-05,3.3144454434514046,1.6044242233037949
4,17,700,410,5.934281216468662e-05,5.949958249402698e-05,5.981267329164371e-05,0.001993162491779124,1.0101199222845025e-05,3.397030606865883,1.6434775814414024
4,17,700,420,5.9186604630667716e-05,5.9234449145151304e-05,5.957888264183679e-05,0.0018910846383594791,1.0111098163179122e-05,3.4801896139979362,1.6823814138770103
4,17,700,430,5.886145663680509e-05,5.897449264011811e-05,5.9329683715210845e-05,0.0017904847928067915,9.985113138100132e-06,3.5627195462584496,1.721634566783905
4,17,700,440,5.8546283980831504e-05,5.8664036987465804e-05,5.905779721556037e-05,0.0016915655498219127,1.01242194432416e-05,3.6453697830438614,1.760743871331215
4,17,700,450,5.821375088999048e-05,5.8348013772047126e-05,5.876954837139609e-05,0.0015945261195957825,1.0070892130897846e-05,3.728516176342964,1.7997420355677605
4,17,700,460,5.793855234514922e-05,5.800857907161117e-05,5.845821260138456e-05,0.0014995619266266122,9.916672752297018e-06,3.811155714094639,1.8396393433213234
4,17,700,470,5.768356641056016e-05,5.7810993166640404e-05,5.8193040116557594e-05,0.0014068642161609581,9.846632565313485e-06,3.8945314288139343,1.8786556497216225
4,17,700,480,5.71859345654957e-05,5.745049929828383e-05,5.788712262116869e-05,0.0013166196690512426,9.80413915385725e-06,3.9775582626461983,1.9177644327282906
4,17,700,490,5.71078562643379e-05,5.722590067307465e-05,5.761938844232847e-05,0.0012290100258053637,9.731818863656372e-06,4.060049317777157,1.9567306339740753
4,17,700,500,5.6782624596962705e-05,5.688021010428201e-05,5.731769302789664e-05,0.0011442117205854962,9.69840675679734e-06,4.1425843089818954,1.9958109557628632
4,17,700,510,5.663338379235938e-05,5.6605208374094215e-05,5.7029306249147426e-05,0.0010623955258931717,9.853813935478684e-06,4.225164234638214,2.034868396818638
4,17,700,520,5.629438965115696e-05,5.633937362290453e-05,5.674761559218573e-05,0.0009837262086561868,9.610862434783485e-06,4.307639107108116,2.0740976333618164
4,17,700,530,5.6341006711591035e-05,5.618837640213315e-05,5.6517531004962604e-05,0.0009083621984099367,9.67054620559793e-06,4.390183642506599,2.1132806912064552
4,17,700,540,5.6062031944748014e-05,5.5939515732461587e-05,5.6286102074321864e-05,0.0008364552682414167,9.5981995400507e-06,4.473921865224838,2.152529329061508
4,17,700,550,5.5428288760595024e-05,5.571011133724824e-05,5.6049347177447325e-05,0.0007681502291384224,9.764185961103067e-06,4.556540712714195,2.191834457218647
4,17,700,560,5.555157258640975e-05,5.547624132304918e-05,5.581609559660785e-05,0.0007035846383594941,9.643674275139347e-06,4.639506660401821,2.230860210955143
4,17,700,570,5.514630174729973e-05,5.531015631277114e-05,5.5607284320168596e-05,0.0006428885224119009,9.434838830202352e-06,4.722595736384392,2.270161636173725
4,17,700,580,5.507278910954483e-05,5.517362078535371e-05,5.543091704692858e-05,0.0005861841151955634,9.320580829808023e-06,4.8050800040364265,2.30937896668911
4,17,700,590,5.493162097991444e-05,5.504295004357118e-05,5.5270363036849014e-05,0.0005335856118402431,9.347894774691667e-06,4.8882681503891945,2.348393425345421
4,17,700,600,5.473509736475535e-05,5.483783497766126e-05,5.509657252924218e-05,0.00048519893873175113,9.209981726598926e-06,4.9711266458034515,2.3877613469958305
4,17,700,610,5.493137359735556e-05,5.4761680075898767e-05,5.496478233229591e-05,0.00044112154019030204,9.203868103213608e-06,5.053921759128571,2.426717221736908
4,17,700,620,5.4288902902044356e-05,5.4503870705957526e-05,5.477734595918934e-05,0.00040144218223062177,9.110373866860755e-06,5.137750566005707,2.465945914387703
4,17,700,630,5.449878517538309e-05,5.4506066953763364e-05,5.466926388148817e-05,0.0003662407737990085,9.044786565937102e-06,5.220372259616852,2.5051623955368996
4,17,700,640,5.4403397371061146e-05,5.441760295070708e-05,5.4563168601423424e-05,0.0003355882058473472,9.016233889269643e-06,5.303113870322704,2.5440549701452255
4,17,700,650,5.447494186228141e-05,5.436431420093868e-05,5.44808504432662e-05,0.00030954620856816795,8.880925634002779e-06,5.386134631931782,2.58317369222641
4,17,700,660,5.416568455984816e-05,5.422955364338122e-05,5.437496674536377e-05,0.0002881672270782542,9.015628165798262e-06,5.468661367893219,2.6221521198749542
4,17,700,670,5.402594979386777e-05,5.41283079655841e-05,5.427471355809227e-05,0.00027149431580115476,9.045187653100584e-06,5.551937386393547,2.6612273678183556
4,17,700,680,5.405364936450496e-05,5.401182606874499e-05,5.4170252101964966e-05,0.00025956105176130705,8.839365364110563e-06,5.634713903069496,2.700422875583172
4,17,700,690,5.4109324992168695e-05,5.4033858395996505e-05,5.411522352036e-05,0.00025239146696437784,8.908318704925478e-06,5.717434212565422,2.7394561916589737
4,17,700,700,5.393182436819188e-05,5.3985433987691066e-05,5.4061621578212854e-05,0.00025,8.838919711706694e-06,5.800739876925945,2.7784826308488846
4,17,800,0,,,,0.005,,0.0,0.039149634540081024
4,17,800,10,6.626671529375017e-05,6.75594579661265e-05,7.085341976912097e-05,0.004998168961071719,1.3720015886065084e-05,0.08288964629173279,0.07812890410423279
4,17,800,20,6.55083276797086e-05,6.578571337740868e-05,6.880563308458701e-05,0.00499267866761618,1.2457528100640047e-05,0.16567857563495636,0.11734891682863235
4,17,800,30,6.483722245320678e-05,6.51304522762075e-05,6.732219732780155e-05,0.004983537585267952,1.2482290912885219e-05,0.2482294738292694,0.15626636147499084
4,17,800,40,6.45161562715657e-05,6.47100190690253e-05,6.626812415392901e-05,0.004970759808913454,1.2592929124366492e-05,0.3314767926931381,0.19521377980709076
4,17,800,50,6.432543159462512e-05,6.444412429118529e-05,6.553282949765014e-05,0.0049543650409576735,1.1799468666140456e-05,0.4143596440553665,0.23449499160051346
4,17,800,60,6.425825995393097e-05,6.420615754905157e-05,6.499719356422925e-05,0.004934378560944483,1.1691589861584362e-05,0.4971223697066307,0.2734382674098015
4,17,800,70,6.405675230780616e-05,6.410323039744981e-05,6.46376653895343e-05,0.004910831186577412,1.1792293662438169e-05,0.5807695090770721,0.3124794587492943
4,17,800,80,6.379139085765928e-05,6.39375764876604e-05,6.435415729147966e-05,0.004883759226200989,1.172277916339226e-05,0.6632891520857811,0.3514991030097008
4,17,800,90,6.378765101544559e-05,6.386170207406394e-05,6.415387539924124e-05,0.004853204422815899,1.1551466741366312e-05,0.7462089136242867,0.39039600640535355
4,17,800,100,6.37119374005124e-05,6.370564078679308e-05,6.397040235007704e-05,0.004819213889714307,1.1433002327976283e-05,0.8292864337563515,0.42953652143478394
4,17,800,110,6.371951894834638e-05,6.364835498970934e-05,6.384047025808331e-05,0.00478184003783457,1.1328569598845206e-05,0.9118748232722282,0.4684915319085121
4,17,800,120,6.350080366246402e-05,6.357254824251868e-05,6.373086905654427e-05,0.004741140494947377,1.1379002899047919e-05,0.9952909499406815,0.5074821710586548
4,17,800,130,6.344389112200588e-05,6.347461821860634e-05,6.36260502276442e-05,0.004697178016797897,1.1317453754600137e-05,1.0781429633498192,0.5467457249760628
4,17,800,140,6.334524368867278e-05,6.338448947644793e-05,6.352859126999792e-05,0.004650020390340973,1.1264472050243057e-05,1.1607168465852737,0.5858559310436249
4,17,800,150,6.330710311885923e-05,6.329547468340025e-05,6.343320479204561e-05,0.004599740329218549,1.1182632988493424e-05,1.2447135597467422,0.6250463351607323
4,17,800,160,6.322035187622532e-05,6.325524227577262e-05,6.336207309488279e-05,0.004546415361640503,1.1109373190265615e-05,1.3274774625897408,0.6639328822493553
4,17,800,170,6.294611375778913e-05,6.315781865851022e-05,6.327424884530508e-05,0.004490127710841771,1.1051111869164743e-05,1.4100102484226227,0.7029259577393532
4,17,800,180,6.30660360911861e-05,6.302082329057157e-05,6.316968928280044e-05,0.004430964168300075,1.0859422218345571e-05,1.4926424697041512,0.7418343648314476
4,17,800,190,6.289018347160891e-05,6.29274822131265e-05,6.307268103022276e-05,0.004369015959909756,1.0860897418751847e-05,1.575368046760559,0.7809840515255928
4,17,800,200,6.294576451182365e-05,6.286332063609734e-05,6.299004694647301e-05,0.004304378605318053,1.069767586159287e-05,1.658125102519989,0.8199463039636612
4,17,800,210,6.27497211098671e-05,6.276377389440313e-05,6.289982737527704e-05,0.00423715177064074,1.0598112567095086e-05,1.7416331768035889,0.8589527308940887
4,17,800,220,6.262218812480569e-05,6.270973826758564e-05,6.282271517426229e-05,0.00416743911478419,1.0584099072730169e-05,1.8241411373019218,0.898038737475872
4,17,800,230,6.257492350414395e-05,6.264003095566296e-05,6.27476072168111e-05,0.004095348129610857,1.0671598829503637e-05,1.9068900793790817,0.9369284063577652
4,17,800,240,6.257778295548633e-05,6.246456978260539e-05,6.263446663617426e-05,0.0040209899741946225,1.0651444426912349e-05,1.9905020743608475,0.9761044159531593
4,17,800,250,6.24267413513735e-05,6.23978346993681e-05,6.254087001536077e-05,0.003944479303421552,1.0533271051826887e-05,2.073095701634884,1.0151692181825638
4,17,800,260,6.227938138181344e-05,6.232019441085868e-05,6.244899716828758e-05,0.0038659340912003707,1.0255405868520029e-05,2.1557767912745476,1.0539803206920624
4,17,800,270,6.228430720511824e-05,6.22598447080236e-05,6.237231568815179e-05,0.003785475448555258,1.0281667528033722e-05,2.2387357875704765,1.0930479243397713
4,17,800,280,6.201562064234167e-05,6.213132437551394e-05,6.227215879916088e-05,0.0037032274368814094,1.0239927178190555e-05,2.321613922715187,1.1320755630731583
4,17,800,290,6.191589636728168e-05,6.200423085829243e-05,6.216314510251378e-05,0.0036193168766513757,1.0264642696711235e-05,2.405023545026779,1.1710484325885773
4,17,800,300,6.195419700816274e-05,6.19883241597563e-05,6.209244083990088e-05,0.003533873151867071,1.0336967534385622e-05,2.48778323084116,1.2103619426488876
4,17,800,310,6.165883678477257e-05,6.181372737046331e-05,6.19773588573947e-05,0.0034470280105590254,1.0490244676475413e-05,2.5705267265439034,1.249325692653656
4,17,800,320,6.17751938989386e-05,6.176066599437036e-05,6.188990823665833e-05,0.0033589153616404785,1.0065359674626961e-05,2.6541197448968887,1.288506418466568
4,17,800,330,6.136527372291312e-05,6.160782431834378e-05,6.177302015175375e-05,0.0032696710684295294,1.0208859748672694e-05,2.736937500536442,1.3277143836021423
4,17,800,340,6.13778320257552e-05,6.143966602394358e-05,6.163654303900554e-05,0.003179432739157751,1.0292330443917308e-05,2.8203259706497192,1.3668334782123566
4,17,800,350,6.118474266259e-05,6.131160553195514e-05,6.1504346619029e-05,0.003088339514788278,9.992481864173897e-06,2.903257928788662,1.4060324802994728
4,17,800,360,6.110952381277457e-05,6.117845114204102e-05,6.13710310883755e-05,0.0029965318544705206,1.0186913641518913e-05,2.985834017395973,1.4453692212700844
4,17,800,370,6.091918476158753e-05,6.0981961723882705e-05,6.121199522248632e-05,0.0029041513189623355,1.0065062269859482e-05,3.069190561771393,1.4843384101986885
4,17,800,380,6.065998240956105e-05,6.0834224859718235e-05,6.105437620196712e-05,0.0028113403523536027,1.025258006848162e-05,3.151844121515751,1.523656651377678
4,17,800,390,6.058714643586427e-05,6.067404901841655e-05,6.089689802512975e-05,0.0027182420624277583,1.0101995940203778e-05,3.234566830098629,1.5625699162483215
4,17,800,400,6.036711420165375e-05,6.054407640476711e-05,6.075252011971548e-05,0.0026249999999999694,9.984067219193093e-06,3.3179688826203346,1.6017094850540161
4,17,800,410,6.023075184202753e-05,6.0380885406630115e-05,6.060048180976954e-05,0.0025317579375721787,9.984876669477671e-06,3.4005878269672394,1.6408253908157349
4,17,800,420,6.013151869410649e-05,6.0172388475621116e-05,6.042768994541601e-05,0.002438659647646336,1.0090210707858205e-05,3.48329246789217,1.6796856969594955
4,17,800,430,5.986018368275836e-05,5.997806729283184e-05,6.024105728958618e-05,0.0023458486810376033,9.972662155632861e-06,3.5658378303050995,1.718615137040615
4,17,800,440,5.9682701248675585e-05,5.976201791781932e-05,6.0045366040546715e-05,0.002253468145529418,1.0020811714639422e-05,3.6482626125216484,1.7575793117284775
4,17,800,450,5.939937545917928e-05,5.952908359176945e-05,5.983541712802736e-05,0.0021616604852116622,1.0048735930467956e-05,3.7307996675372124,1.796590119600296
4,17,800,460,5.9157733630854636e-05,5.924971119384281e-05,5.959461702552212e-05,0.002070567260842192,9.925470294547267e-06,3.8136811926960945,1.8358010798692703
4,17,800,470,5.8941441238857806e-05,5.9072054500575175e-05,5.938126262548772e-05,0.001980328931570418,9.83887366601266e-06,3.896771691739559,1.8749557584524155
4,17,800,480,5.842979226144962e-05,5.872551082575228e-05,5.911040902912789e-05,0.0018910846383594715,9.826525456446689e-06,3.980043314397335,1.9139277711510658
4,17,800,490,5.840162339154631e-05,5.8513137264526446e-05,5.886813519882256e-05,0.001802971989440927,9.748876436788123e-06,4.062392853200436,1.9530271366238594
4,17,800,500,5.8168196119368076e-05,5.820796395710204e-05,5.8599398329692146e-05,0.0017161268481328867,9.753483936947305e-06,4.144957646727562,1.992117278277874
4,17,800,510,5.80005616939161e-05,5.792860683868639e-05,5.8327778896432736e-05,0.0016306831233485833,1.0020382433140185e-05,4.227776564657688,2.0314899384975433
4,17,800,520,5.755850361310877e-05,5.7664811902213844e-05,5.805601049615444e-05,0.0015467725631185536,9.651354048401117e-06,4.310536041855812,2.0707051903009415
4,17,800,530,5.7547276810510084e-05,5.749788651883136e-05,5.78255345208047e-05,0.0014645245514447102,9.829784175963141e-06,4.39414781332016,2.1097369715571404
4,17,800,540,5.7293316785944626e-05,5.719174696423579e-05,5.757071182179658e-05,0.0013840659087996018,9.771721124707256e-06,4.476922780275345,2.1491513922810555
4,17,800,550,5.665240314556286e-05,5.691280384780839e-05,5.7301264540714556e-05,0.0013055206965784264,9.92082914308412e-06,4.559455409646034,2.1881570145487785
4,17,800,560,5.662307012244128e-05,5.663306401402224e-05,5.702815146698099e-05,0.0012290100258053596,9.828977454162668e-06,4.642538622021675,2.2272442057728767
4,17,800,570,5.616611451841891e-05,5.639447408611886e-05,5.6766750621190284e-05,0.0011546518703891284,9.66320021689171e-06,4.72502589225769,2.266473911702633
4,17,800,580,5.6023214710876346e-05,5.618343348032795e-05,5.652878664771264e-05,0.0010825608852157997,9.564235369907692e-06,4.808455802500248,2.3056878447532654
4,17,800,590,5.5801967391744256e-05,5.5951164176804015e-05,5.629150163213355e-05,0.0010128482293592501,9.616352144803386e-06,4.891772046685219,2.3449819460511208
4,17,800,600,5.549567868001759e-05,5.567380030697677e-05,5.604161181854281e-05,0.0009456213946819376,9.548846719553694e-06,4.974318087100983,2.3840546756982803
4,17,800,610,5.5695942137390375e-05,5.555742209253367e-05,5.5848584778426716e-05,0.0008809840400902355,9.498519830231089e-06,5.057882241904736,2.4230992048978806
4,17,800,620,5.497998063219711e-05,5.518724719877355e-05,5.557905633829962e-05,0.0008190358316999166,9.398249858350027e-06,5.140550009906292,2.4624411687254906
4,17,800,630,5.512850475497544e-05,5.512968054972589e-05,5.5397905642986275e-05,0.0007598722891582217,9.349698302685283e-06,5.223422110080719,2.5014643445611
4,17,800,640,5.490803960128687e-05,5.4986357645248064e-05,5.5226281378330096e-05,0.0007035846383594924,9.28411100176163e-06,5.306909866631031,2.5405780598521233
4,17,800,650,5.49697651877068e-05,5.486534173542168e-05,5.507660971779027e-05,0.0006502596707814487,9.14012525754515e-06,5.389468036592007,2.579569086432457
4,17,800,660,5.465377034852281e-05,5.4658253429806794e-05,5.4903578007233045e-05,0.0005999796096590256,9.258205864171032e-06,5.4727426171302795,2.6185925975441933
4,17,800,670,5.434904232970439e-05,5.4504609943251124e-05,5.473898956858545e-05,0.0005528219832021018,9.282693099521566e-06,5.5558361411094666,2.6577004119753838
4,17,800,680,5.423979746410623e-05,5.4303287470247597e-05,5.4563779147213124e-05,0.0005088595050526219,9.00469512998825e-06,5.638405911624432,2.6967340111732483
4,17,800,690,5.433101978269406e-05,5.4283322606352157e-05,5.444989179976995e-05,0.000468159962165428,9.043301361089107e-06,5.72145839035511,2.7356763184070587
4,17,800,700,5.40642868145369e-05,5.4168600036064164e-05,5.4334383894826374e-05,0.00043078611028569134,8.925774636736605e-06,5.803976468741894,2.7746029272675514
4,17,800,710,5.418932414613664e-05,5.404858602560125e-05,5.4218297150985e-05,0.00039679557718409785,8.894729944586288e-06,5.886418350040913,2.813655771315098
4,17,800,720,5.377888010116294e-05,5.393115206970833e-05,5.410202862938396e-05,0.0003662407737990084,8.733490176382475e-06,5.9688437059521675,2.852717764675617
4,17,800,730,5.395085463533178e-05,5.389884172473103e-05,5.4021288064847485e-05,0.0003391688134225863,8.974804586614482e-06,6.051696762442589,2.8916779905557632
4,17,800,740,5.376335684559308e-05,5.387486526160501e-05,5.395726804884042e-05,0.0003156214390555172,8.913884812500328e-06,6.13576602190733,2.9308537393808365
4,17,800,750,5.373747262638062e-05,5.380438815336674e-05,5.389366073032079e-05,0.000295634959042327,8.805476682027802e-06,6.218391217291355,2.969770960509777
4,17,800,760,5.379493813961744e-05,5.379126305342652e-05,5.385220279673693e-05,0.0002792401910865475,8.948304639488924e-06,6.301393121480942,3.0087488889694214
4,17,800,770,5.3797411965206265e-05,5.370971266529523e-05,5.3791210083208805e-05,0.0002664624147320497,8.745406375965104e-06,6.384287640452385,3.0479919239878654
4,17,800,780,5.355265602702275e-05,5.361192597774789e-05,5.3717333252612355e-05,0.00025732133238382096,8.60660475154873e-06,6.466904848814011,3.0869273096323013
4,17,800,790,5.3598945669364184e-05,5.366745463106781e-05,5.3695956716934204e-05,0.00025183103892828306,8.640979103802238e-06,6.550424486398697,3.1261215433478355
4,17,800,800,5.344492456060834e-05,5.350254868972115e-05,5.3614978434421664e-05,0.00025,8.788645573076792e-06,6.632988132536411,3.165235586464405
4,17,900,0,,,,0.005,,0.0,0.03909195214509964
4,17,900,10,6.633730663452297e-05,6.757101218681782e-05,7.085911808281357e-05,0.004998553214170353,1.3662508536071982e-05,0.08274386823177338,0.07806000858545303
4,17,900,20,6.551679689437151e-05,6.58095108519774e-05,6.881992381990617e-05,0.004994214619367081,1.2440073987818323e-05,0.16607749462127686,0.11698313802480698
4,17,900,30,6.483220204245299e-05,6.512480395031162e-05,6.73274902074571e-05,0.004986989501499647,1.2448466804926284e-05,0.24859579652547836,0.15626681596040726
4,17,900,40,6.444282189477235e-05,6.466105623985641e-05,6.625137136335833e-05,0.004976886663261228,1.2541986507130787e-05,0.3313186913728714,0.19531972706317902
4,17,900,50,6.434122769860551e-05,6.442836747737602e-05,6.55164525320998e-05,0.004963918413403992,1.181603056465974e-05,0.4145165979862213,0.23442021757364273
4,17,900,60,6.426339678000659e-05,6.419251949409954e-05,6.498226877277553e-05,0.0049481005517427856,1.1641041055554524e-05,0.4971456155180931,0.27340351045131683
4,17,900,70,6.400451820809394e-05,6.406927641364746e-05,6.461432364933651e-05,0.004929452349905488,1.1804291716543958e-05,0.5796530991792679,0.312314935028553
4,17,900,80,6.376391684170812e-05,6.389249829226173e-05,6.432260918476233e-05,0.0049079965278535035,1.1727659511961974e-05,0.6620616912841797,0.3513525053858757
4,17,900,90,6.376253440976143e-05,6.380714912666008e-05,6.41147139123771e-05,0.0048837592262009856,1.1546112546056975e-05,0.7446471452713013,0.3903423994779587
4,17,900,100,6.372180359903723e-05,6.370073388097807e-05,6.39452500500463e-05,0.004856769974366528,1.1348150110279676e-05,0.8273794576525688,0.4296578988432884
4,17,900,110,6.373821815941483e-05,6.366106608766132e-05,6.383093286805562e-05,0.004827061654596116,1.1381941476429347e-05,0.910128578543663,0.4687224179506302
4,17,900,120,6.354305514832959e-05,6.358706814353354e-05,6.373055585728705e-05,0.004794670461901172,1.1349641681590583e-05,0.9939625263214111,0.5080123469233513
4,17,900,130,6.352837954182178e-05,6.351078918669373e-05,6.364111544996149e-05,0.0047596358599605185,1.1298204299237113e-05,1.0768023878335953,0.5470582619309425
4,17,900,140,6.341656262520701e-05,6.34353535133414e-05,6.355775796805878e-05,0.004722000533039948,1.1198148058610968e-05,1.1595684885978699,0.5860701575875282
4,17,900,150,6.33327872492373e-05,6.332516204565763e-05,6.346221504607785e-05,0.004681810333988038,1.1168827768415213e-05,1.2426747009158134,0.6251560300588608
4,17,900,160,6.327868322841823e-05,6.326533039100469e-05,6.338323963238005e-05,0.004639114228371508,1.1042946425732225e-05,1.3251124620437622,0.6643437370657921
4,17,900,170,6.297299842117354e-05,6.318039741017855e-05,6.329653414729901e-05,0.00459396423481822,1.100997906178236e-05,1.4084686264395714,0.7032772600650787
4,17,900,180,6.312770710792392e-05,6.308930460363626e-05,6.321218893027353e-05,0.004546415361640496,1.084742234525038e-05,1.4913006573915482,0.7425363436341286
4,17,900,190,6.294121703831479e-05,6.29769274382852e-05,6.311737879750229e-05,0.004496525539815961,1.0845368706213776e-05,1.5735545307397842,0.7815693989396095
4,17,900,200,6.293637852650136e-05,6.291199388215318e-05,6.303500239902629e-05,0.00444435555240757,1.0611685866024345e-05,1.6570416763424873,0.820753313601017
4,17,900,210,6.281094829319045e-05,6.281680762185716e-05,6.294857177853745e-05,0.004389968960508811,1.060784597939346e-05,1.739570401608944,0.8600955903530121
4,17,900,220,6.270782614592463e-05,6.276869680732489e-05,6.287631501158774e-05,0.004333432025804295,1.0574062798696104e-05,1.8223619610071182,0.8990575447678566
4,17,900,230,6.265126285143197e-05,6.27002285909839e-05,6.280351470711516e-05,0.004274813629840118,1.0689627742976882e-05,1.9057357758283615,0.9381653964519501
4,17,900,240,6.26452238066122e-05,6.252925959415734e-05,6.269372276404325e-05,0.004214185190102288,1.0663781722541898e-05,1.9881407245993614,0.9772264808416367
4,17,900,250,6.25179018243216e-05,6.25154105364345e-05,6.262384288078585e-05,0.004151620573005531,1.0566112905507907e-05,2.071363501250744,1.016313724219799
4,17,900,260,6.238623609533533e-05,6.241608134587296e-05,6.253783379863765e-05,0.004087196003898436,1.0304797797289211e-05,2.154090441763401,1.055503472685814
4,17,900,270,6.235952605493367e-05,6.234736792976037e-05,6.246036343414528e-05,0.004020989974194619,1.0261700481351e-05,2.2366032153367996,1.0944881662726402
4,17,900,280,6.216930341906846e-05,6.225100150913931e-05,6.237398835351034e-05,0.003953083145743019,1.026260906655807e-05,2.3197566717863083,1.1333184391260147
4,17,900,290,6.203205703059211e-05,6.215444882400334e-05,6.228374379685321e-05,0.003883558252553855,1.0315201507182792e-05,2.4023981988430023,1.1726107448339462
4,17,900,300,6.213125016074628e-05,6.212183216121047e-05,6.22186347969463e-05,0.0038124999999999895,1.0316678526578471e-05,2.4852054566144943,1.2115464881062508
4,17,900,310,6.19224738329649e-05,6.20199709373992e-05,6.213657424789423e-05,0.0037399949616164782,1.0547832971496973e-05,2.568213000893593,1.2506058663129807
4,17,900,320,6.19839847786352e-05,6.197189941303805e-05,6.20703080320099e-05,0.003666131473624045,1.002353474177653e-05,2.650628723204136,1.2898413389921188
4,17,900,330,6.163846410345286e-05,6.183151417644694e-05,6.19705734608929e-05,0.0035909995273050097,1.011746826407034e-05,2.7338479310274124,1.3286610841751099
4,17,900,340,6.166809907881543e-05,6.172108260216191e-05,6.186880604737161e-05,0.0035146906593627745,1.027494636218762e-05,2.8163580670952797,1.3679808154702187
4,17,900,350,6.155735172796994e-05,6.16101075138431e-05,6.176465134091122e-05,0.0034372978403984468,1.003224588203011e-05,2.8988738730549812,1.4069849327206612
4,17,900,360,6.143562495708466e-05,6.152245259727351e-05,6.166444769357191e-05,0.003358915361640482,1.0154536539630499e-05,2.9822840839624405,1.4459762200713158
4,17,900,370,6.126570951892063e-05,6.131502377684228e-05,6.152171716532624e-05,0.0032796387200653516,9.992631021304987e-06,3.0647404491901398,1.4853165596723557
4,17,900,380,6.108636443968862e-05,6.122499835328198e-05,6.139821641886423e-05,0.0031995645020491863,1.022742799250409e-05,3.1481731086969376,1.5243346840143204
4,17,900,390,6.103336636442691e-05,6.109514579293318e-05,6.127242740252084e-05,0.003118790265692153,1.0008888239099178e-05,3.231242001056671,1.5634726136922836
4,17,900,400,6.0838247009087354e-05,6.10098875768017e-05,6.116383999390753e-05,0.0030374144219589344,9.94645779428538e-06,3.3136839270591736,1.6025158017873764
4,17,900,410,6.076989302528091e-05,6.09007434832165e-05,6.105571996227612e-05,0.002955536114780128,1.0031719284597784e-05,3.3967712372541428,1.6414069458842278
4,17,900,420,6.0714744904544204e-05,6.0754334117518735e-05,6.093511813325895e-05,0.002873255100260647,1.0115923032572027e-05,3.47945449501276,1.6806443110108376
4,17,900,430,6.051511809346266e-05,6.058586986910086e-05,6.0790452288229634e-05,0.002790671625142266,9.917631359712686e-06,3.561946727335453,1.7195385247468948
4,17,900,440,6.037600542185828e-05,6.0441178356995805e-05,6.064828245360958e-05,0.0027078863046684073,9.929461157298647e-06,3.6443914473056793,1.7584780529141426
4,17,900,450,6.017726263962686e-05,6.027192976034712e-05,6.049516058603864e-05,0.002624999999999966,9.992178092943504e-06,3.7268677055835724,1.79743043333292
4,17,900,460,5.9924550441792235e-05,6.0025215861969625e-05,6.030131868490524e-05,0.0025421136953315254,9.870185749605298e-06,3.8093455731868744,1.8363546952605247
4,17,900,470,5.9778583818115294e-05,5.989464953017887e-05,6.0134543365735114e-05,0.002459328374857666,9.724344636197202e-06,3.8919411301612854,1.87564118206501
4,17,900,480,5.942972711636685e-05,5.96145328017883e-05,5.992005998210655e-05,0.0023767448997392875,9.75701641436899e-06,3.974604368209839,1.9146473109722137
4,17,900,490,5.9393041738076136e-05,5.9481929201865566e-05,5.974231659954232e-05,0.002294463885219809,9.69157372310292e-06,4.058370500802994,1.9537643492221832
4,17,900,500,5.921720003243536e-05,5.923250282648951e-05,5.953398458057443e-05,0.002212585578041007,9.7297297543264e-06,4.140721350908279,1.9928378760814667
4,17,900,510,5.906011210754514e-05,5.900363394175656e-05,5.9318405930994016e-05,0.0021312097343077875,9.84405505732866e-06,4.2232920825481415,2.0317504182457924
4,17,900,520,5.868696825928055e-05,5.876720642845612e-05,5.909133549107064e-05,0.0020504354979507568,9.698802386992611e-06,4.305856257677078,2.0710529088974
4,17,900,530,5.8638710470404476e-05,5.861707868461963e-05,5.8896149099261136e-05,0.0019703612799345954,9.786253031052183e-06,4.388493187725544,2.1099785938858986
4,17,900,540,5.8442972658667713e-05,5.8363740754430184e-05,5.868171792990334e-05,0.00189108463835947,9.7062347776955e-06,4.471531964838505,2.148888520896435
4,17,900,550,5.794534081360325e-05,5.8103276387555525e-05,5.8445846439180594e-05,0.0018127021596015082,9.950138519343454e-06,4.554046839475632,2.188043400645256
4,17,900,560,5.778282866231166e-05,5.784955537819769e-05,5.8200503988956856e-05,0.001735309340637182,9.753172889759298e-06,4.636811353266239,2.2268353179097176
4,17,900,570,5.729425174649805e-05,5.757596336479765e-05,5.794255884295294e-05,0.0016590004726949484,9.686226803751197e-06,4.719743683934212,2.2657357156276703
4,17,900,580,5.724436778109521e-05,5.732799618272111e-05,5.769219580554033e-05,0.001583868526375917,9.66579591477057e-06,4.8021587654948235,2.3049907088279724
4,17,900,590,5.697710730601102e-05,5.708743337891064e-05,5.744498619159999e-05,0.001510005038383486,9.75048533291556e-06,4.885284222662449,2.344078615307808
4,17,900,600,5.6570210290374234e-05,5.6776782730594275e-05,5.717351484695835e-05,0.001437499999999979,9.646361831983086e-06,4.9680222272872925,2.38318545371294
4,17,900,610,5.6708769989199936e-05,5.662655930791516e-05,5.695325991778095e-05,0.0013664417474461186,9.594202310836408e-06,5.05049692094326,2.422019250690937
4,17,900,620,5.6027281971182674e-05,5.624243894999381e-05,5.666403697091533e-05,0.0012969168542569579,9.551317816658411e-06,5.133926130831242,2.461045704782009
4,17,900,630,5.604989928542636e-05,5.606865233858116e-05,5.6424363699865574e-05,0.0012290100258053591,9.56029998633312e-06,5.216582782566547,2.5003657042980194
4,17,900,640,5.5794727813918144e-05,5.589275097008795e-05,5.620431797327496e-05,0.0011628039961015452,9.458169188292231e-06,5.299126550555229,2.539235070347786
4,17,900,650,5.575704562943429e-05,5.570823668676894e-05,5.599922920753271e-05,0.0010983794269944541,9.263744686904829e-06,5.3824746534228325,2.5782939419150352
4,17,900,660,5.552786751650274e-05,5.5438324125134386e-05,5.576973117395213e-05,0.0010358148098976985,9.403320291312411e-06,5.464881159365177,2.6174096912145615
4,17,900,670,5.491846241056919e-05,5.525218730326742e-05,5.555377724995414e-05,0.0009751863701598689,9.548127309244592e-06,5.548644632101059,2.6564603000879288
4,17,900,680,5.4950767662376165e-05,5.498887985595502e-05,5.5326751268240894e-05,0.0009165679741956912,9.269745532947127e-06,5.631489492952824,2.6956693679094315
4,17,900,690,5.485365181812085e-05,5.489710056281183e-05,5.515034394251701e-05,0.0008600310394911771,9.319601304014213e-06,5.714049898087978,2.7346354126930237
4,17,900,700,5.4549003834836185e-05,5.4711646953364834e-05,5.496998303580081e-05,0.0008056444475924171,9.202275577990804e-06,5.797382734715939,2.773696042597294
4,17,900,710,5.465236245072447e-05,5.455642494780477e-05,5.4799944927293606e-05,0.000753474460184026,9.116748515225481e-06,5.879806637763977,2.8128002136945724
4,17,900,720,5.419306398835033e-05,5.4388094577006994e-05,5.4632966670366666e-05,0.0007035846383594913,9.009214409161359e-06,5.9626753106713295,2.8516292795538902
4,17,900,730,5.428055737866089e-05,5.42912632226944e-05,5.4495574454567776e-05,0.0006560357651817683,9.196605788019951e-06,6.046302109956741,2.8908073008060455
4,17,900,740,5.403584145824425e-05,5.4207889843382875e-05,5.437410968734578e-05,0.0006108857716284821,9.138195309787989e-06,6.128887332975864,2.9299661442637444
4,17,900,750,5.406467244029045e-05,5.409680052252952e-05,5.4260653418659104e-05,0.0005681896660119522,9.000620593724307e-06,6.212006151676178,2.968873053789139
4,17,900,760,5.4096628446131945e-05,5.406102864071727e-05,5.4178639362839163e-05,0.0005279994669600432,9.098879672819749e-06,6.294371083378792,3.0078117549419403
4,17,900,770,5.400556983659044e-05,5.3946575280860995e-05,5.408036239211352e-05,0.0004903641400394738,8.924615940486547e-06,6.376785822212696,3.04669725894928
4,17,900,780,5.374557804316282e-05,5.378740352171008e-05,5.3960381343709714e-05,0.0004553295380988194,8.78073933563428e-06,6.459202028810978,3.0856072157621384
4,17,900,790,5.372221494326368e-05,5.379904214350972e-05,5.389384032500581e-05,0.0004229383454038769,8.666756002639886e-06,6.541770160198212,3.1245215460658073
4,17,900,800,5.352045263862237e-05,5.3585860587190834e-05,5.376573758934599e-05,0.00039323002563346513,8.864045412337873e-06,6.624632298946381,3.1635364443063736
4,17,900,810,5.363853779272176e-05,5.361908915801905e-05,5.370748182871304e-05,0.0003662407737990085,8.660351340950001e-06,6.707201883196831,3.2025610134005547
4,17,900,820,5.3436076996149495e-05,5.354783461370971e-05,5.3641036581335986e-05,0.00034200347214649086,8.678399353811983e-06,6.790064610540867,3.241556689143181
4,17,900,830,5.337078619049862e-05,5.3463510266738015e-05,5.35688400238433e-05,0.000320547650094507,8.715155672689434e-06,6.872958555817604,3.280767597258091
4,17,900,840,5.331259308150038e-05,5.3442158969119194e-05,5.35130909833059e-05,0.0003018994482572105,8.565523785364348e-06,6.955680184066296,3.319613590836525
4,17,900,850,5.348639388103038e-05,5.343942684703507e-05,5.3485790691063304e-05,0.0002860815865960052,8.553642146580387e-06,7.039122447371483,3.358786329627037
4,17,900,860,5.353516462491825e-05,5.3291373114916495e-05,5.3414485804470105e-05,0.00027311333673877007,8.37304014567053e-06,7.121775612235069,3.3978951200842857
4,17,900,870,5.330436397343874e-05,5.3304526591091414e-05,5.336895479053011e-05,0.00026301049850035064,8.305831215693615e-06,7.204776734113693,3.4368715956807137
4,17,900,880,5.323543882695958e-05,5.322544784576166e-05,5.331345879655003e-05,0.00025578538063291713,8.637393875687849e-06,7.287971660494804,3.4764280915260315
4,17,900,890,5.328025508788414e-05,5.32868714799406e-05,5.330151709382522e-05,0.0002514467858296475,8.649615665490273e-06,7.370250374078751,3.5153536945581436
4,17,900,900,5.332735236152075e-05,5.324803933035582e-05,5.328032734847938e-05,0.00025,8.41682958707679e-06,7.453475005924702,3.554292142391205
4,17,1000,0,,,,0.005,,0.0,0.03897756338119507
4,17,1000,10,6.633999873884022e-05,6.757042283425107e-05,7.085890647055864e-05,0.004998828080868613,1.3738317647948861e-05,0.0833757147192955,0.0778651237487793
4,17,1000,20,6.552759441547096e-05,6.583111462532543e-05,6.882793547201067e-05,0.0049953134800171444,1.2450365829863586e-05,0.16595111787319183,0.11716592311859131
4,17,1000,30,6.48630884825252e-05,6.512294203275815e-05,6.733235304549126e-05,0.0049894596659323135,1.243714814336272e-05,0.2488221824169159,0.1571783348917961
4,17,1000,40,6.4597770688124e-05,6.473550383816473e-05,6.628613312896668e-05,0.004981272415621884,1.2642671208595857e-05,0.3322469890117645,0.19622067362070084
4,17,1000,50,6.43261955701746e-05,6.443413512897677e-05,6.553891567277028e-05,0.004970759808913451,1.1773710866691545e-05,0.41470952332019806,0.2351330891251564
4,17,1000,60,6.42920786049217e-05,6.422239457606337e-05,6.500768250699856e-05,0.0049579322204806354,1.1729977813956793e-05,0.49751583486795425,0.27451092004776
4,17,1000,70,6.405556632671505e-05,6.412333605112507e-05,6.465212296000892e-05,0.004942802309604526,1.1821584848803468e-05,0.5804633125662804,0.31368038803339005
4,17,1000,80,6.386719178408384e-05,6.398807017831132e-05,6.438474944191864e-05,0.004925385007680499,1.1686390280374326e-05,0.6631720289587975,0.352621890604496
4,17,1000,90,6.383019353961572e-05,6.393356015905738e-05,6.420219423842024e-05,0.004905697503482739,1.1566715329536237e-05,0.745675653219223,0.39165398478507996
4,17,1000,100,6.381269486155361e-05,6.377338286256418e-05,6.402740330533019e-05,0.004883759226200989,1.1436297427280806e-05,0.8283099308609962,0.43068141490221024
4,17,1000,110,6.372874486260116e-05,6.369383263518102e-05,6.389336266096495e-05,0.004859591826266284,1.1314595212752465e-05,0.9109280556440353,0.46984612196683884
4,17,1000,120,6.356032099574804e-05,6.365528097376227e-05,6.379602716499509e-05,0.004833219153984595,1.128589065046981e-05,0.9937534183263779,0.5089187547564507
4,17,1000,130,6.358913378790021e-05,6.356697267619892e-05,6.37023176182748e-05,0.004804667235999453,1.1371191249054391e-05,1.0770274549722672,0.5483643040060997
4,17,1000,140,6.345411384245381e-05,6.346446753013879e-05,6.360626034362195e-05,0.004773964249606794,1.1304308827675413e-05,1.1597947925329208,0.587583139538765
4,17,1000,150,6.337596278171986e-05,6.335909347399138e-05,6.350507259861901e-05,0.004741140494947372,1.1128565347462427e-05,1.2428442984819412,0.6273797750473022
4,17,1000,160,6.331064651021734e-05,6.333144119707868e-05,6.343446710036223e-05,0.004706228365104175,1.1140220522065647e-05,1.3254339098930359,0.6664450839161873
4,17,1000,170,6.300937820924446e-05,6.32320050499402e-05,6.334814055272044e-05,0.0046692623141343665,1.1050636203435715e-05,1.4078608974814415,0.7056673616170883
4,17,1000,180,6.315371138043702e-05,6.313573830993847e-05,6.326134789720793e-05,0.004630278823067284,1.0825249773915857e-05,1.4915135726332664,0.7448365613818169
4,17,1000,190,6.298741936916485e-05,6.302973197307438e-05,6.316843102836432e-05,0.004589316363902083,1.0914528502325993e-05,1.5743691325187683,0.7841024249792099
4,17,1000,200,6.300795212155208e-05,6.297266518231481e-05,6.309085070626942e-05,0.0045464153616404995,1.0611646757752169e-05,1.657039575278759,0.8229083195328712
4,17,1000,210,6.289729935815558e-05,6.28788497124333e-05,6.30063382025791e-05,0.004501618154392265,1.0662211025191937e-05,1.7401755526661873,0.8621240705251694
4,17,1000,220,6.274270708672702e-05,6.280600136960856e-05,6.292604084725058e-05,0.004454968951592499,1.0584793926682323e-05,1.8229234293103218,0.9014134705066681
4,17,1000,230,6.271903112065047e-05,6.276850472204387e-05,6.28616628857414e-05,0.004406513790372343,1.0591269528958946e-05,1.9060668423771858,0.9403623640537262
4,17,1000,240,6.281927198870108e-05,6.265075935516507e-05,6.27778685656381e-05,0.004356300490125854,1.063575291482266e-05,1.9888760894536972,0.9796111062169075
4,17,1000,250,6.26481996732764e-05,6.261339440243319e-05,6.27139682243802e-05,0.004304378605318052,1.0558903341006953e-05,2.071572318673134,1.018846146762371
4,17,1000,260,6.249877333175391e-05,6.252079547266475e-05,6.263389079493222e-05,0.004250799376580637,1.0350686352467164e-05,2.1549709364771843,1.0579236447811127
4,17,1000,270,6.248477438930422e-05,6.245335243875161e-05,6.256076708919213e-05,0.0041956156801436755,1.0258303518639877e-05,2.2375047355890274,1.097314603626728
4,17,1000,280,6.229133578017354e-05,6.237022898858413e-05,6.248180651719927e-05,0.0041388819756531395,1.0320080946257804e-05,2.3201414421200752,1.1363125070929527
4,17,1000,290,6.217783084139228e-05,6.228044803719967e-05,6.239910468991282e-05,0.004080654252425819,1.0279026355419774e-05,2.4038751274347305,1.1754853203892708
4,17,1000,300,6.223781383596361e-05,6.22591447609011e-05,6.234203505209283e-05,0.004020989974194622,1.0389002454758156e-05,2.486831970512867,1.2146525606513023
4,17,1000,310,6.203671364346519e-05,6.216028559720143e-05,6.226659725228127e-05,0.003959948022398806,1.050909031619085e-05,2.5700641348958015,1.2536702007055283
4,17,1000,320,6.209960702108219e-05,6.212285225046799e-05,6.220799507487345e-05,0.0038975886380751097,1.0010165169660468e-05,2.652856267988682,1.2927301675081253
4,17,1000,330,6.174809823278338e-05,6.197654220159165e-05,6.21106176736944e-05,0.0038339733624071226,1.0153785297006834e-05,2.7354308739304543,1.33176888525486
4,17,1000,340,6.187877443153411e-05,6.188147599459626e-05,6.201705912745948e-05,0.003769164975991562,1.031865849654423e-05,2.8185217902064323,1.37064890563488
4,17,1000,350,6.172779103508219e-05,6.179542397148907e-05,6.192750200626279e-05,0.0037032274368814094,1.0044651389762294e-05,2.90107511729002,1.4096934646368027
4,17,1000,360,6.161139026517048e-05,6.170882770675234e-05,6.183680293272208e-05,0.0036362258174670314,1.011954100249568e-05,2.9835952445864677,1.448710173368454
4,17,1000,370,6.150611443445086e-05,6.152246278361418e-05,6.170877477592221e-05,0.0035682262402575863,9.934109584719408e-06,3.0662365928292274,1.4876897260546684
4,17,1000,380,6.133216083981097e-05,6.146091036498546e-05,6.160487683619671e-05,0.0034992958126260918,1.0294568710378371e-05,3.149710386991501,1.526822455227375
4,17,1000,390,6.123310595285147e-05,6.133117567515e-05,6.149052637379496e-05,0.0034295025605825466,1.0063351510325447e-05,3.232223004102707,1.5659806057810783
4,17,1000,400,6.118106830399483e-05,6.125935251475312e-05,6.139712130676382e-05,0.0033589153616404776,9.996523658628576e-06,3.315006837248802,1.6049548983573914
4,17,1000,410,6.112530536483973e-05,6.117286611697636e-05,6.130656501054905e-05,0.0032876038768431468,9.937520189851057e-06,3.398168385028839,1.6442928165197372
4,17,1000,420,6.1031398217892274e-05,6.105640386522282e-05,6.120596459996016e-05,0.0032156384820165047,1.001958480628673e-05,3.4806226193904877,1.6833217591047287
4,17,1000,430,6.0865502746310085e-05,6.092542244005017e-05,6.108967496744966e-05,0.0031430901983167626,9.84953931038035e-06,3.563952535390854,1.7222362086176872
4,17,1000,440,6.082369509385899e-05,6.0847639906569385e-05,6.099147506531823e-05,0.0030700306221410683,9.899857104755938e-06,3.646551065146923,1.7614226415753365
4,17,1000,450,6.067014328436926e-05,6.070098133932333e-05,6.08741093862208e-05,0.002996531854470519,9.905898878059816e-06,3.729538209736347,1.8004394173622131
4,17,1000,460,6.0364240198396146e-05,6.050195042917039e-05,6.071991311603657e-05,0.0029226664297151905,9.77724357653642e-06,3.813474729657173,1.8397157192230225
4,17,1000,470,6.0284670325927436e-05,6.0394977845135144e-05,6.0587286228616907e-05,0.002848507244131439,9.667430276749656e-06,3.8960015326738358,1.8788271620869637
4,17,1000,480,5.990305362502113e-05,6.016195075062569e-05,6.0411472709520387e-05,0.002774127483882086,9.719682566355914e-06,3.979225739836693,1.917819619178772
4,17,1000,490,6.000080975354649e-05,6.005791765346657e-05,6.0268383916423696e-05,0.0026996005528105212,9.552203664497938e-06,4.062043100595474,1.9570654407143593
4,17,1000,500,5.984860399621539e-05,5.9868671087315306e-05,6.010426054971671e-05,0.002624999999999966,9.5263294497272e-06,4.144527584314346,1.9961978644132614
4,17,1000,510,5.974397572572343e-05,5.969250451016705e-05,5.9937300229477576e-05,0.002550399447189409,9.788900570129044e-06,4.227742314338684,2.035173885524273
4,17,1000,520,5.940756818745285e-05,5.949025107838679e-05,5.9753132688174184e-05,0.0024758725161178443,9.5532104751328e-06,4.310330182313919,2.074435755610466
4,17,1000,530,5.942254210822284e-05,5.937316527706571e-05,5.959770772018732e-05,0.00240149275586849,9.758660780789796e-06,4.392914563417435,2.1132541075348854
4,17,1000,540,5.926319136051461e-05,5.915917245147284e-05,5.942166434753584e-05,0.002327333570284738,9.649173080106266e-06,4.476477935910225,2.152473881840706
4,17,1000,550,5.884787242393941e-05,5.897497867408674e-05,5.9238753541332886e-05,0.002253468145529412,9.856463293544948e-06,4.559202633798122,2.1915997192263603
4,17,1000,560,5.874261478311382e-05,5.8762006301549266e-05,5.9043597260040026e-05,0.0021799693778588648,9.795773621590342e-06,4.642131477594376,2.230514273047447
4,17,1000,570,5.829080691910349e-05,5.854347473359667e-05,5.883746480869034e-05,0.002106909801683174,9.72228644968709e-06,4.724800519645214,2.2695847377181053
4,17,1000,580,5.822010280098766e-05,5.8305037600803186e-05,5.861953683154369e-05,0.002034361517983434,9.63463207881432e-06,4.8074705973267555,2.3085209131240845
4,17,1000,590,5.794627213617787e-05,5.8108236407861115e-05,5.841032456038496e-05,0.0019623961231567946,9.620498531148769e-06,4.890787340700626,2.3475421145558357
4,17,1000,600,5.759895793744363e-05,5.778132654086221e-05,5.815447201297559e-05,0.001891084638359466,9.645048521633726e-06,4.973553322255611,2.386671334505081
4,17,1000,610,5.767079710494727e-05,5.7623159955255686e-05,5.7940179601980665e-05,0.0018204974394174004,9.53733342612395e-06,5.0559093207120895,2.4257854893803596
4,17,1000,620,5.705750663764775e-05,5.725602895836346e-05,5.76609621028495e-05,0.001750704187373859,9.543136002321262e-06,5.1385499984025955,2.4647424295544624
4,17,1000,630,5.704613431589678e-05,5.7078272948274386e-05,5.742608879595178e-05,0.0016817737597423661,9.512629731034394e-06,5.221050933003426,2.5039369761943817
4,17,1000,640,5.683705967385322e-05,5.689444697054569e-05,5.720699240294996e-05,0.001613774182532924,9.477233106736094e-06,5.303994819521904,2.5430087447166443
4,17,1000,650,5.670008613378741e-05,5.6693836086196825e-05,5.699402623563421e-05,0.0015467725631185493,9.338707968709059e-06,5.388097390532494,2.5824418514966965
4,17,1000,660,5.649676313623786e-05,5.637306167045608e-05,5.6740215585988306e-05,0.001480835024008401,9.499924090050627e-06,5.470675699412823,2.6214327067136765
4,17,1000,670,5.5807184253353626e-05,5.615301415673457e-05,5.6495532702099575e-05,0.0014160266375928437,9.660673640610185e-06,5.55421044677496,2.660552516579628
4,17,1000,680,5.579233402386308e-05,5.58584688405972e-05,5.623898327204709e-05,0.00135241136192486,9.418210538569838e-06,5.6367026418447495,2.699651785194874
4,17,1000,690,5.5649783462285995e-05,5.571715082623996e-05,5.602465924356959e-05,0.0012900519776011673,9.496402526565362e-06,5.719928100705147,2.7388039007782936
4,17,1000,700,5.526470340555534e-05,5.5478499416494745e-05,5.580020793241263e-05,0.001229010025805355,9.39303390623536e-06,5.802652634680271,2.7781558260321617
4,17,1000,710,5.5375887313857675e-05,5.528647961909883e-05,5.5589205446639795e-05,0.001169345747574161,9.25583481148351e-06,5.8855080008506775,2.8173438608646393
4,17,1000,720,5.4881995311006904e-05,5.508316062332597e-05,5.538401617658818e-05,0.001111118024346843,9.170343219011556e-06,5.968959741294384,2.85640312731266
4,17,1000,730,5.491091724252328e-05,5.493998251040466e-05,5.5205851281776656e-05,0.0010543843198563088,9.397649591846857e-06,6.051588878035545,2.895570918917656
4,17,1000,740,5.458732630359009e-05,5.480878389789723e-05,5.504026966508785e-05,0.0009992006234193487,9.282061910198536e-06,6.134432032704353,2.9345765858888626
4,17,1000,750,5.463378693093546e-05,5.4657596774632114e-05,5.488434508849207e-05,0.0009456213946819345,9.240468898497056e-06,6.217642456293106,2.9738866314291954
4,17,1000,760,5.460977627080865e-05,5.4568411360378374e-05,5.475469240540841e-05,0.0008936995098741332,9.302185389969964e-06,6.30047008395195,3.013129413127899
4,17,1000,770,5.451030665426515e-05,5.4429523515864275e-05,5.461838571728494e-05,0.0008434862096276455,9.151507583737839e-06,6.384084470570087,3.0520564913749695
4,17,1000,780,5.4197407735046e-05,5.421977984951809e-05,5.445606669504753e-05,0.0007950310484074888,9.015980140247848e-06,6.466926135122776,3.0912803411483765
4,17,1000,790,5.411388701759279e-05,5.419223016360775e-05,5.4348180939156516e-05,0.0007483818456077244,8.875179446476977e-06,6.549220733344555,3.1300684362649918
4,17,1000,800,5.387991404859349e-05,5.393264218582772e-05,5.4175908061262104e-05,0.0007035846383594903,9.082677934202366e-06,6.632887557148933,3.169130325317383
4,17,1000,810,5.3931886213831604e-05,5.39400614798069e-05,5.4081497962100095e-05,0.000660683636097907,8.86149973666761e-06,6.715382389724255,3.208285003900528
4,17,1000,820,5.364566823118366e-05,5.381264636525884e-05,5.3969939414995695e-05,0.0006197211769327061,8.89285365701653e-06,6.797884032130241,3.2470578476786613
4,17,1000,830,5.3630617912858725e-05,5.369004356907681e-05,5.385776631167143e-05,0.0005807376858656267,8.90928458829876e-06,6.881283521652222,3.2860859632492065
4,17,1000,840,5.3478157497011125e-05,5.362719894037582e-05,5.3759851159971096e-05,0.0005437716348958175,8.762812285567634e-06,6.963592171669006,3.3249452710151672
4,17,1000,850,5.359886199585162e-05,5.360561262932606e-05,5.3699325334878085e-05,0.000508859505052621,8.72540840646252e-06,7.045946694910526,3.363813318312168
4,17,1000,860,5.365319884731434e-05,5.342705590010155e-05,5.359665341616747e-05,0.00047603575039319916,8.499945579387713e-06,7.128322869539261,3.4027168452739716
4,17,1000,870,5.340400093700737e-05,5.3416498121805486e-05,5.352293567900778e-05,0.00044533276400054056,8.400288606935646e-06,7.211047939956188,3.4418706744909286
4,17,1000,880,5.3287847549654543e-05,5.3283568922779524e-05,5.342978930714924e-05,0.0004167808460153993,8.744379556446802e-06,7.29486146569252,3.4807977080345154
4,17,1000,890,5.323107325239107e-05,5.331272550392896e-05,5.3379806637412096e-05,0.00039040817373371195,8.683273335918784e-06,7.377618536353111,3.520059786736965
4,17,1000,900,5.328870611265302e-05,5.327121252776124e-05,5.333554820218358e-05,0.00036624077379900804,8.45815611683065e-06,7.4602257907390594,3.5589428320527077
4,17,1000,910,5.3144191042520106e-05,5.3102011588634926e-05,5.324245807440623e-05,0.0003443024965172584,8.670342140248977e-06,7.543416164815426,3.597903735935688
4,17,1000,920,5.328608676791191e-05,5.3139814554015175e-05,5.32046545533128e-05,0.00032461499231949977,8.444641935057007e-06,7.625813394784927,3.6370901986956596
4,17,1000,930,5.299796612234786e-05,5.305617960402742e-05,5.314708074469616e-05,0.0003071976903954741,8.446489118796308e-06,7.708838887512684,3.675926558673382
4,17,1000,940,5.294541551847942e-05,5.303423276927788e-05,5.3102058176464216e-05,0.0002920677795193635,8.382075066037942e-06,7.791911244392395,3.7149870544672012
4,17,1000,950,5.300025441101752e-05,5.305714257701766e-05,5.308465321237478e-05,0.0002792401910865475,8.36520666780416e-06,7.8743632808327675,3.7540208622813225
4,17,1000,960,5.2869945648126304e-05,5.2939901797799395e-05,5.302593094720767e-05,0.00026872758437811503,8.502784112351947e-06,7.957436814904213,3.792866177856922
4,17,1000,970,5.266840889817104e-05,5.288932588882744e-05,5.296681504032314e-05,0.00026054033406768483,8.222832548199221e-06,8.040031388401985,3.832015573978424
4,17,1000,980,5.2710765885422006e-05,5.280677942209877e-05,5.2898458833508386e-05,0.00025468651998285496,8.36638173495885e-06,8.122756198048592,3.870881497859955
4,17,1000,990,5.287591920932755e-05,5.290525186865125e-05,5.29004305174058e-05,0.00025117191913138744,8.380382496397942e-06,8.20597954839468,3.909843549132347
4,17,1000,1000,5.285569932311773e-05,5.287809763103724e-05,5.289029362872195e-05,0.00025,8.31784745969344e-06,8.288676865398884,3.948832057416439
4,29,100,0,,,,0.005,,0.0,0.03895328938961029
4,29,100,10,6.628348637605086e-05,6.751689870725386e-05,7.07934349375595e-05,0.004883759226200989,1.3803924957755953e-05,0.08271681517362595,0.07784678786993027
4,29,100,20,6.545289215864614e-05,6.577615276910364e-05,6.876676555368427e-05,0.0045464153616405,1.2860733477282338e-05,0.16533995419740677,0.11672578006982803
4,29,100,30,6.474694237112999e-05,6.498211805592292e-05,6.723689320638969e-05,0.004020989974194624,1.2382914064801298e-05,0.24821612983942032,0.15579835325479507
4,29,100,40,6.418713019229472e-05,6.441067889682018e-05,6.609403441622093e-05,0.0033589153616404984,1.1938360330532305e-05,0.33085019141435623,0.19470598548650742
4,29,100,50,6.362829299177974e-05,6.383747822837904e-05,6.51793615611221e-05,0.002624999999999997,1.1893487680936232e-05,0.4140084907412529,0.23362498730421066
4,29,100,60,6.296496576396748e-05,6.327279916149565e-05,6.440319120004874e-05,0.0018910846383594984,1.1550091585377231e-05,0.4967151805758476,0.27287817746400833
4,29,100,70,6.233212479855865e-05,6.269393488764763e-05,6.370788750836783e-05,0.0012290100258053754,1.1538729268067982e-05,0.5798924937844276,0.3118620291352272
4,29,100,80,6.177164323162287e-05,6.206650650710798e-05,6.303846451905244e-05,0.0007035846383594995,1.1698263733705971e-05,0.6632059291005135,0.3508978560566902
4,29,100,90,6.120739271864295e-05,6.146275482024066e-05,6.239462124174416e-05,0.0003662407737990102,1.1629997970885597e-05,0.745659627020359,0.39005785435438156
4,29,100,100,6.055919948266819e-05,6.088732989155688e-05,6.17797953574327e-05,0.00025,1.1165787327627186e-05,0.8286622539162636,0.42879343032836914
4,29,200,0,,,,0.005,,0.0,0.03897307813167572
4,29,200,10,6.632322038058192e-05,6.752669287379831e-05,7.07977341435863e-05,0.00497075980891345,1.3720569768338464e-05,0.0826876237988472,0.07792189717292786
4,29,200,20,6.544493953697383e-05,6.577467356692069e-05,6.876790771729036e-05,0.004883759226200987,1.2741793398163281e-05,0.16535528004169464,0.11699029058218002
4,29,200,30,6.487521750386804e-05,6.50296533422079e-05,6.725893163940578e-05,0.00474114049494737,1.2255814908712637e-05,0.2482197880744934,0.15591200441122055
4,29,200,40,6.449895590776578e-05,6.460922013502568e-05,6.618941116571328e-05,0.004546415361640498,1.1950372936553322e-05,0.33159708976745605,0.1950838789343834
4,29,200,50,6.425150786526501e-05,6.427652915590443e-05,6.541712479151303e-05,0.004304378605318047,1.1859122423629742e-05,0.4146305024623871,0.2340903952717781
4,29,200,60,6.379553815349936e-05,6.398785117198714e-05,6.483702209812047e-05,0.00402098997419462,1.1557829566299915e-05,0.49731966108083725,0.27296029031276703
4,29,200,70,6.345496512949467e-05,6.370359333232045e-05,6.437759268658798e-05,0.003703227436881418,1.159719340648735e-05,0.5796809121966362,0.3118910491466522
4,29,200,80,6.333255441859365e-05,6.345305737340823e-05,6.400397886613563e-05,0.0033589153616404932,1.1797656043199822e-05,0.6621214970946312,0.350922130048275
4,29,200,90,6.311475590337068e-05,6.318582309177146e-05,6.367059191629252e-05,0.0029965318544705405,1.1770377568609547e-05,0.7448673099279404,0.38993340730667114
4,29,200,100,6.263722025323659e-05,6.282666508923284e-05,6.332590057127839e-05,0.002624999999999991,1.1355514288879931e-05,0.8280130475759506,0.42894086986780167
4,29,200,110,6.236798799363896e-05,6.254099571378902e-05,6.300343448019106e-05,0.0022534681455294425,1.1444039046182297e-05,0.9106049463152885,0.46808217465877533
4,29,200,120,6.188458064571023e-05,6.20963575784117e-05,6.263151552204198e-05,0.0018910846383594923,1.115575014409842e-05,0.9941567555069923,0.5072238892316818
4,29,200,130,6.163150101201609e-05,6.174811132950709e-05,6.22699685736014e-05,0.0015467725631185703,1.1254785022174474e-05,1.0774498879909515,0.5467786341905594
4,29,200,140,6.102665065554902e-05,6.128077875473536e-05,6.186357492154004e-05,0.0012290100258053717,1.1164162060595118e-05,1.1601884067058563,0.5858587026596069
4,29,200,150,6.045290137990378e-05,6.0778603074140844e-05,6.141824460548089e-05,0.0009456213946819462,1.1231586540816352e-05,1.2438267096877098,0.624980092048645
4,29,200,160,5.984248127788305e-05,6.0161298461025583e-05,6.0904411834275915e-05,0.0007035846383594978,1.0936068065348081e-05,1.3264967650175095,0.6641979515552521
4,29,200,170,5.9471665736055e-05,5.9644929206115196e-05,6.0391776550988957e-05,0.0005088595050526253,1.0780654520203825e-05,1.4094911813735962,0.7031400427222252
4,29,200,180,5.8980218454962596e-05,5.923251774220262e-05,5.9919521216496294e-05,0.00036624077379900983,1.0689012924558483e-05,1.493119589984417,0.7422852963209152
4,29,200,190,5.875894566997886e-05,5.894366622669622e-05,5.9519997730614514e-05,0.00027924019108654794,1.0604431736283004e-05,1.5756764113903046,0.7813818976283073
4,29,200,200,5.8655699831433594e-05,5.863949882041197e-05,5.9165811551232154e-05,0.00025,1.0583900802885182e-05,1.658975675702095,0.8203610777854919
4,29,300,0,,,,0.005,,0.0,0.03923524171113968
4,29,300,10,6.633043085457757e-05,6.751682740286924e-05,7.079309996900009e-05,0.004986989501499649,1.3799936823488679e-05,0.08292756229639053,0.07828410714864731
4,29,300,20,6.550557736773044e-05,6.584077564184554e-05,6.879282672296887e-05,0.004948100551742787,1.2770236025971826e-05,0.1666739284992218,0.11765841394662857
4,29,300,30,6.491793465102091e-05,6.50511559797451e-05,6.728293677677153e-05,0.004883759226200989,1.2271804735064507e-05,0.24946758896112442,0.15699763596057892
4,29,300,40,6.456333358073607e-05,6.464534235419705e-05,6.621909630179317e-05,0.004794670461901176,1.1881475984409917e-05,0.3328556716442108,0.19590263068675995
4,29,300,50,6.431704969145358e-05,6.436990297515876e-05,6.547218192150657e-05,0.004681810333988041,1.18791076602065e-05,0.4160529226064682,0.2350752055644989
4,29,300,60,6.389667396433651e-05,6.412306101992727e-05,6.49243943414472e-05,0.004546415361640499,1.1592276678129565e-05,0.4986080452799797,0.2741701453924179
4,29,300,70,6.375987868523225e-05,6.392047507688403e-05,6.45187631669146e-05,0.00438996896050881,1.1608261957007926e-05,0.5817280858755112,0.3132532760500908
4,29,300,80,6.367232708726078e-05,6.374435033649207e-05,6.420701432145574e-05,0.004214185190102288,1.176398745883489e-05,0.6643152385950089,0.35218118131160736
4,29,300,90,6.35822580079548e-05,6.357395541272126e-05,6.394965194921692e-05,0.0040209899741946225,1.1723627721949015e-05,0.746906191110611,0.3911469802260399
4,29,300,100,6.3210645748768e-05,6.335478610708378e-05,6.370711699915326e-05,0.0038124999999999964,1.1338363037793897e-05,0.8294050395488739,0.43033988773822784
4,29,300,110,6.31666334811598e-05,6.321543623926118e-05,6.350594346939065e-05,0.00359099952730502,1.1481384717626497e-05,0.9121746048331261,0.46938667446374893
4,29,300,120,6.28100533504039e-05,6.298366351984442e-05,6.329081910148973e-05,0.0033589153616404932,1.1253333468630444e-05,0.995735228061676,0.5085844025015831
4,29,300,130,6.275227497098967e-05,6.27830384473782e-05,6.308265220653408e-05,0.0031187902656921703,1.1164529496454634e-05,1.0785956680774689,0.5478292927145958
4,29,300,140,6.241051596589386e-05,6.254918844206259e-05,6.286282500644168e-05,0.0028732551002606677,1.111325946112629e-05,1.1613688245415688,0.5869911462068558
4,29,300,150,6.2111925217323e-05,6.233885796973482e-05,6.264843632441323e-05,0.0026249999999999893,1.123780839407118e-05,1.2450695186853409,0.626337930560112
4,29,300,160,6.180487253004685e-05,6.200040370458737e-05,6.238244870122322e-05,0.002376744899739311,1.0965976798615884e-05,1.3279046267271042,0.6656648367643356
4,29,300,170,6.153711001388729e-05,6.166035673231818e-05,6.208816404029138e-05,0.0021312097343078075,1.0961646694340743e-05,1.411783330142498,0.7049083709716797
4,29,300,180,6.120723264757544e-05,6.135766743682325e-05,6.17897289417716e-05,0.001891084638359488,1.0931364158750512e-05,1.4945261478424072,0.7442033514380455
4,29,300,190,6.098462108639069e-05,6.111008442530875e-05,6.151080637900687e-05,0.001659000472694964,1.0964510693156626e-05,1.5771967992186546,0.783258743584156
4,29,300,200,6.065012712497264e-05,6.0714837309205906e-05,6.118865625707047e-05,0.0014374999999999909,1.0845238648471422e-05,1.6606782376766205,0.8224131539463997
4,29,300,210,6.023535752319731e-05,6.034778925823048e-05,6.0843217445600046e-05,0.0012290100258053693,1.0827081496245228e-05,1.7433856129646301,0.8616899028420448
4,29,300,220,5.99447448621504e-05,5.990331555949524e-05,6.0462413880383095e-05,0.0010358148098977061,1.061987586581381e-05,1.8267040774226189,0.9007204100489616
4,29,300,230,5.912474443903193e-05,5.9433476417325436e-05,6.0039786885887476e-05,0.0008600310394911841,1.080558286048472e-05,1.9101841747760773,0.9400049522519112
4,29,300,240,5.892535773455165e-05,5.8949884987669066e-05,5.9598207444651633e-05,0.0007035846383594969,1.0689199370972347e-05,1.9928105175495148,0.9793768897652626
4,29,300,250,5.8442547015147284e-05,5.8508035726845266e-05,5.9153008585187866e-05,0.0005681896660119565,1.04745404314599e-05,2.0762526616454124,1.0185162276029587
4,29,300,260,5.7988931075669825e-05,5.81481283006724e-05,5.874096631118121e-05,0.00045532953809882177,1.060357772075804e-05,2.1592001020908356,1.0579944550991058
4,29,300,270,5.773928569396958e-05,5.780693318229169e-05,5.836430375808267e-05,0.00036624077379900945,1.0324017239327077e-05,2.241783022880554,1.0970502942800522
4,29,300,280,5.751873686676845e-05,5.756382415711414e-05,5.803947719655433e-05,0.0003018994482572113,1.0257522262691054e-05,2.3253254517912865,1.1362199783325195
4,29,300,290,5.7141471188515425e-05,5.7309477051603606e-05,5.7738978256684604e-05,0.0002630104985003508,1.0187186489929445e-05,2.408056266605854,1.1754638329148293
4,29,300,300,5.696907464880496e-05,5.7157547053066084e-05,5.74996869046534e-05,0.00025,1.0007030141423456e-05,2.4911965802311897,1.2143535241484642
4,29,400,0,,,,0.005,,0.0,0.03918278217315674
4,29,400,10,6.631789437960833e-05,6.75326053169556e-05,7.080010581345662e-05,0.004992678667616179,1.3763753486273345e-05,0.08288834244012833,0.07803881913423538
4,29,400,20,6.547153316205367e-05,6.579537512152456e-05,6.877981388976824e-05,0.004970759808913452,1.2716487617581151e-05,0.16609272360801697,0.11730200052261353
4,29,400,30,6.497514550574124e-05,6.51008653221652e-05,6.729577901885776e-05,0.0049343785609444815,1.2364544090814888e-05,0.2487690970301628,0.1564205288887024
4,29,400,40,6.450572982430458e-05,6.465447077061982e-05,6.622928069173563e-05,0.00488375922620099,1.1928828826057725e-05,0.33215612173080444,0.19544868916273117
4,29,400,50,6.435533578041941e-05,6.436295516323298e-05,6.547749895234734e-05,0.004819213889714307,1.1863128747791052e-05,0.4149603694677353,0.23476439714431763
4,29,400,60,6.394880620064214e-05,6.416869218810462e-05,6.494619569282609e-05,0.004741140494947374,1.1587239896471146e-05,0.49777790904045105,0.27367686480283737
4,29,400,70,6.382803258020431e-05,6.395569143933245e-05,6.454699531731758e-05,0.00465002039034097,1.155810423369985e-05,0.581400953233242,0.31286176294088364
4,29,400,80,6.367955211317167e-05,6.381102066370659e-05,6.424855479713744e-05,0.0045464153616404995,1.1710275430232286e-05,0.6641656532883644,0.3520233482122421
4,29,400,90,6.367998867062852e-05,6.367085370584391e-05,6.401461788150872e-05,0.004430964168300072,1.1626666491793003e-05,0.7475358322262764,0.39104726165533066
4,29,400,100,6.337520608212799e-05,6.350944604491816e-05,6.380827069279166e-05,0.0043043786053180485,1.1413599168008659e-05,0.8307431042194366,0.4303775653243065
4,29,400,110,6.335118087008595e-05,6.340257605188526e-05,6.364277206575546e-05,0.004167439114784184,1.1480744433356449e-05,0.9135321229696274,0.46955907344818115
4,29,400,120,6.306904833763838e-05,6.324496935121715e-05,6.347800119800421e-05,0.004020989974194618,1.123064703278942e-05,0.9966837242245674,0.5084497705101967
4,29,400,130,6.309075251920149e-05,6.305679853539914e-05,6.330534600608559e-05,0.0038659340912003733,1.114403858082369e-05,1.079489804804325,0.5479071587324142
4,29,400,140,6.290429155342281e-05,6.294502090895549e-05,6.315864438399398e-05,0.0037032274368814155,1.1026239917555358e-05,1.162340559065342,0.5868442356586456
4,29,400,150,6.265101546887308e-05,6.283503025770188e-05,6.302480875893992e-05,0.003533873151867078,1.1217369319638237e-05,1.2458585128188133,0.6260375678539276
4,29,400,160,6.253244646359235e-05,6.25911823590286e-05,6.284773069523963e-05,0.003358915361640489,1.1013023140549194e-05,1.3285184055566788,0.6652140021324158
4,29,400,170,6.232212763279676e-05,6.23734034888912e-05,6.265490925286099e-05,0.003179432739157763,1.0997330718964804e-05,1.4112878888845444,0.7042225226759911
4,29,400,180,6.206428952282295e-05,6.21985258476343e-05,6.246838670755934e-05,0.0029965318544705353,1.0820391253218986e-05,1.494229018688202,0.7433799877762794
4,29,400,190,6.205684621818364e-05,6.213098677108065e-05,6.233110922825898e-05,0.0028113403523536192,1.0826977813849226e-05,1.5769475027918816,0.7826109007000923
4,29,400,200,6.192368164192885e-05,6.190204221638851e-05,6.215874659897544e-05,0.002624999999999986,1.084310861187987e-05,1.6604796648025513,0.821603462100029
4,29,400,210,6.161788769531995e-05,6.168707841425203e-05,6.1964557834086e-05,0.0024386596476463534,1.0765410479507409e-05,1.7433126047253609,0.860741414129734
4,29,400,220,6.146926898509264e-05,6.142140773590654e-05,6.174603967331748e-05,0.0022534681455294346,1.0495967217138968e-05,1.8259933441877365,0.8998233526945114
4,29,400,230,6.095294520491734e-05,6.112895025580655e-05,6.149313741982834e-05,0.002070567260842208,1.0788045074150432e-05,1.9087181761860847,0.9389612227678299
4,29,400,240,6.0680831666104496e-05,6.078545884520281e-05,6.120535752154676e-05,0.0018910846383594865,1.072737813956337e-05,1.991714008152485,0.9782200679183006
4,29,400,250,6.046921407687478e-05,6.045848349458538e-05,6.090055296945718e-05,0.0017161268481328997,1.0515275789657608e-05,2.0745585784316063,1.0173166170716286
4,29,400,260,5.996794789098203e-05,6.0117593966424467e-05,6.057729606555887e-05,0.0015467725631185653,1.0709462003433146e-05,2.1571734696626663,1.0563411340117455
4,29,400,270,5.965063246549107e-05,5.972921317152213e-05,6.0233169095077964e-05,0.001384065908799612,1.0552304047450889e-05,2.240533232688904,1.0953442379832268
4,29,400,280,5.9309670177754015e-05,5.937077949056402e-05,5.988135574628244e-05,0.001229010025805368,1.0577110515441746e-05,2.32323195040226,1.1346044316887856
4,29,400,290,5.8799691032618284e-05,5.897392584301997e-05,5.950841008823129e-05,0.001082560885215807,1.0465663763170596e-05,2.405994065105915,1.173774816095829
4,29,400,300,5.821333616040647e-05,5.858782751602121e-05,5.912844267352332e-05,0.000945621394681944,1.0282528819516301e-05,2.489361084997654,1.2128742411732674
4,29,400,310,5.808126297779381e-05,5.824900399602484e-05,5.876923187347069e-05,0.0008190358316999218,1.0295895663148258e-05,2.5723291486501694,1.2519934624433517
4,29,400,320,5.7561122957849875e-05,5.774515047960449e-05,5.835023450204899e-05,0.0007035846383594963,1.0554391337791458e-05,2.655515894293785,1.2908985167741776
4,29,400,330,5.734587830374949e-05,5.745244379795622e-05,5.798258275370567e-05,0.0005999796096590286,1.0163315891986713e-05,2.7385406866669655,1.3299285545945168
4,29,400,340,5.722449714085087e-05,5.7234413543483245e-05,5.767573052685335e-05,0.0005088595050526241,1.0043866495834664e-05,2.821025535464287,1.3690740391612053
4,29,400,350,5.670209793606773e-05,5.689525241905358e-05,5.735483958633877e-05,0.00043078611028569286,1.000032716547139e-05,2.9043081775307655,1.4078990891575813
4,29,400,360,5.683405834133737e-05,5.6743258392089045e-05,5.710584023299756e-05,0.00036624077379900923,9.734684681461658e-06,2.9870509281754494,1.447192259132862
4,29,400,370,5.655915811075829e-05,5.654954402416479e-05,5.6883088484327955e-05,0.00031562143905551756,9.856108590611257e-06,3.069875806570053,1.4861505627632141
4,29,400,380,5.609641084447503e-05,5.626711681543384e-05,5.663340359873211e-05,0.0002792401910865478,9.825347660807893e-06,3.153503566980362,1.5252251699566841
4,29,400,390,5.591586887021549e-05,5.616542111965828e-05,5.644321524122307e-05,0.00025732133238382107,9.68360200204188e-06,3.2359538301825523,1.5643612295389175
4,29,400,400,5.591381705016829e-05,5.603903773589991e-05,5.6277497506485014e-05,0.00025,9.46062573348172e-06,3.3188897147774696,1.603442244231701
4,29,500,0,,,,0.005,,0.0,0.03900529444217682
4,29,500,10,6.633093289565295e-05,6.753361085429788e-05,7.080076294371627e-05,0.004995313480017145,1.3746504919254221e-05,0.08262142539024353,0.07786261290311813
4,29,500,20,6.549530371557921e-05,6.58245618978981e-05,6.879115406374222e-05,0.004981272415621885,1.2819647054129746e-05,0.16500744223594666,0.11688444018363953
4,29,500,30,6.498821312561631e-05,6.509668382932432e-05,6.73013485990028e-05,0.004957932220480637,1.2403707842167933e-05,0.24756070226430893,0.1557457223534584
4,29,500,40,6.453909736592323e-05,6.465719052357599e-05,6.62342495232151e-05,0.004925385007680501,1.1888483641087078e-05,0.33084649592638016,0.194673091173172
4,29,500,50,6.439085700549185e-05,6.438830459956079e-05,6.549044001204602e-05,0.004883759226200992,1.1841895684483461e-05,0.4134053587913513,0.23368094861507416
4,29,500,60,6.392966315615922e-05,6.415952011593618e-05,6.49492823685567e-05,0.004833219153984597,1.1523978173499927e-05,0.4963424652814865,0.27250874042510986
4,29,500,70,6.387191388057545e-05,6.395601012627594e-05,6.454960054639326e-05,0.0047739642496067965,1.1526361049618572e-05,0.579751506447792,0.31157830357551575
4,29,500,80,6.380164268193766e-05,6.384552470990456e-05,6.426725152350865e-05,0.004706228365104177,1.17979006972746e-05,0.6621010154485703,0.3504131808876991
4,29,500,90,6.379083060892299e-05,6.374995573423802e-05,6.40592012266026e-05,0.004630278823067287,1.1596084732445888e-05,0.7450740039348602,0.38921260833740234
4,29,500,100,6.350797775667161e-05,6.36105534795206e-05,6.387571586135759e-05,0.004546415361640501,1.1322385944367852e-05,0.8278255611658096,0.42870475351810455
4,29,500,110,6.346515874611214e-05,6.352207929012365e-05,6.373086125403566e-05,0.0044549689515925,1.1408558748371433e-05,0.9103571251034737,0.4677845686674118
4,29,500,120,6.325462163658813e-05,6.337519662338308e-05,6.358475871686622e-05,0.004356300490125853,1.1238093975407537e-05,0.993482880294323,0.50662662088871
4,29,500,130,6.326429138425738e-05,6.325253052636981e-05,6.344784085307592e-05,0.004250799376580636,1.1155516403960064e-05,1.075820915400982,0.5456233993172646
4,29,500,140,6.306860450422391e-05,6.315021091722884e-05,6.332541660284672e-05,0.004138881975653138,1.1099606126663275e-05,1.1584520637989044,0.5844017714262009
4,29,500,150,6.296113861026242e-05,6.306724753812887e-05,6.322040253326557e-05,0.004020989974194622,1.1263419764873106e-05,1.24145869910717,0.6232854574918747
4,29,500,160,6.281965761445463e-05,6.290497185545973e-05,6.309170449058534e-05,0.0038975886380751106,1.0921998182311654e-05,1.3237818777561188,0.6622913777828217
4,29,500,170,6.262736133066937e-05,6.269019795581698e-05,6.292818051831932e-05,0.0037691649759915647,1.095020525099244e-05,1.4064424932003021,0.7011134326457977
4,29,500,180,6.247943383641541e-05,6.259295769268647e-05,6.279134821758088e-05,0.0036362258174670375,1.0834689419425558e-05,1.48891681432724,0.7402571216225624
4,29,500,190,6.256706546992064e-05,6.252753737499007e-05,6.268543903055212e-05,0.003499295812626098,1.0793233741424046e-05,1.571490153670311,0.7790952399373055
4,29,500,200,6.243312964215875e-05,6.239626600290649e-05,6.257055985853836e-05,0.0033589153616404863,1.0749541615950875e-05,1.654667928814888,0.818062499165535
4,29,500,210,6.222049705684185e-05,6.226985351531766e-05,6.244645202494122e-05,0.003215638482016514,1.0690640010579955e-05,1.7371913343667984,0.8569639176130295
4,29,500,220,6.220265640877187e-05,6.209567072801292e-05,6.230696907533096e-05,0.0030700306221410787,1.0473968359292485e-05,1.8196170255541801,0.8958799764513969
4,29,500,230,6.183503137435764e-05,6.195136811584234e-05,6.216211860887528e-05,0.0029226664297152035,1.0777896022773348e-05,1.9025744050741196,0.9348429813981056
4,29,500,240,6.15551762166433e-05,6.171445056679659e-05,6.197966020710638e-05,0.002774127483882098,1.0623706657497678e-05,1.9849393591284752,0.9738551378250122
4,29,500,250,6.158366886666045e-05,6.151814523036592e-05,6.179165817712534e-05,0.002624999999999979,1.0434087016619742e-05,2.0678662806749344,1.0128208994865417
4,29,500,260,6.123261118773371e-05,6.135603689472191e-05,6.161028243563703e-05,0.00247587251611786,1.0727022527134977e-05,2.150731198489666,1.0520750135183334
4,29,500,270,6.10134557064157e-05,6.108727684477344e-05,6.139711196596735e-05,0.0023273335702847535,1.0499427844479214e-05,2.2335808873176575,1.090889498591423
4,29,500,280,6.078831938793883e-05,6.084968226787169e-05,6.117285201757934e-05,0.0021799693778588774,1.0527273843763396e-05,2.3158935010433197,1.1297489777207375
4,29,500,290,6.052912794984877e-05,6.061426356609445e-05,6.094283977010192e-05,0.0020343615179834454,1.0452311471453868e-05,2.3992964848876,1.1687400862574577
4,29,500,300,6.005819159327075e-05,6.032602941559162e-05,6.068650214593729e-05,0.0018910846383594765,1.033892658597324e-05,2.481755129992962,1.2076229229569435
4,29,500,310,5.9941223298665136e-05,6.0072636915720065e-05,6.0435167399121996e-05,0.0017507041873738687,1.0362708053435199e-05,2.5641659945249557,1.2466958463191986
4,29,500,320,5.961493297945708e-05,5.96602119912859e-05,6.011862178416106e-05,0.0016137741825329329,1.0713848496379796e-05,2.6474576741456985,1.2855326160788536
4,29,500,330,5.93010445300024e-05,5.934702021477278e-05,5.980252860295653e-05,0.0014808350240084096,1.0358164217905141e-05,2.729965418577194,1.3247607424855232
4,29,500,340,5.908778985030949e-05,5.9064004744868726e-05,5.9500059190611135e-05,0.001352411361924868,1.028995120577747e-05,2.8123152405023575,1.3638898432254791
4,29,500,350,5.8332152548246086e-05,5.86018904868979e-05,5.9128796779360115e-05,0.0012290100258053628,1.0378254955867305e-05,2.895940512418747,1.403010979294777
4,29,500,360,5.8361125411465764e-05,5.8383122450322844e-05,5.8823670215795916e-05,0.0011111180243468495,1.0051937351818196e-05,2.9785855188965797,1.442310743033886
4,29,500,370,5.8019577409140766e-05,5.8053413886227646e-05,5.851235996898785e-05,0.0009992006234193546,1.0188792657572776e-05,3.061526581645012,1.4812377244234085
4,29,500,380,5.7285360526293516e-05,5.756414029747248e-05,5.812518354940099e-05,0.0008936995098741384,1.0315064173482824e-05,3.14496548473835,1.5204145982861519
4,29,500,390,5.6928431149572134e-05,5.730525444960222e-05,5.7789754570958754e-05,0.0007950310484074932,1.004494697554037e-05,3.2276382744312286,1.5596296042203903
4,29,500,400,5.668069934472442e-05,5.693216917279642e-05,5.743669749709276e-05,0.0007035846383594937,9.88345800578827e-06,3.3107895627617836,1.5987428054213524
4,29,500,410,5.658395457430743e-05,5.670695609296672e-05,5.7135733452805876e-05,0.0006197211769327091,9.966304787667468e-06,3.393764443695545,1.6378559917211533
4,29,500,420,5.6480806961189955e-05,5.64292844501324e-05,5.684732982109106e-05,0.0005437716348958199,9.699511792859994e-06,3.4764306619763374,1.6768393516540527
4,29,500,430,5.618880095425993e-05,5.6246889289468524e-05,5.660387913337269e-05,0.0004760357503932009,9.602013960829936e-06,3.5598273128271103,1.716020904481411
4,29,500,440,5.589803549810313e-05,5.596039300144184e-05,5.634142496667757e-05,0.00041678084601540037,9.541266081214417e-06,3.642480045557022,1.7552558034658432
4,29,500,450,5.5928321671672165e-05,5.5907615751493724e-05,5.6165325842544056e-05,0.0003662407737990087,9.617684554541484e-06,3.725568972527981,1.7943418323993683
4,29,500,460,5.5566310038557276e-05,5.5630982024013066e-05,5.594872711929914e-05,0.00032461499231950015,9.414862688572612e-06,3.8087456673383713,1.8335454016923904
4,29,500,470,5.543563747778535e-05,5.555076095333789e-05,5.578458483259739e-05,0.0002920677795193637,9.350094842375256e-06,3.8913406282663345,1.8727655932307243
4,29,500,480,5.547420005314052e-05,5.550319292524364e-05,5.566667052725024e-05,0.00026872758437811503,9.527238034934271e-06,3.9746833741664886,1.9118587449193
4,29,500,490,5.523599247680977e-05,5.530895650736056e-05,5.552189046152741e-05,0.00025468651998285496,9.348255844088271e-06,4.057676583528519,1.9512995481491089
4,29,500,500,5.523760773940012e-05,5.527886205527466e-05,5.542084649662057e-05,0.00025,9.401952411280945e-06,4.14050006121397,1.9902141615748405
4,29,600,0,,,,0.005,,0.0,0.03907725214958191
4,29,600,10,6.63223909214139e-05,6.752392364433036e-05,7.079623029791254e-05,0.004996745145042113,1.3730013051826973e-05,0.08303270488977432,0.07815626263618469
4,29,600,20,6.553991261171177e-05,6.583132926607504e-05,6.879132972745175e-05,0.0049869895014996515,1.2766728104907088e-05,0.16694802045822144,0.11729257553815842
4,29,600,30,6.497472350019962e-05,6.512612526421435e-05,6.731221404602199e-05,0.004970759808913455,1.229988265549764e-05,0.2495400309562683,0.15647728741168976
4,29,600,40,6.453621608670801e-05,6.466752965934574e-05,6.624453731331989e-05,0.004948100551742791,1.185416567750508e-05,0.33237500488758087,0.1954517588019371
4,29,600,50,6.435275281546637e-05,6.438896525651217e-05,6.549713917362529e-05,0.004919073837436538,1.1836346857307944e-05,0.41554734110832214,0.2346210777759552
4,29,600,60,6.395923264790326e-05,6.417376207537017e-05,6.496098201663563e-05,0.00488375922620099,1.1552431715244893e-05,0.49842817336320877,0.2738831415772438
4,29,600,70,6.384263542713597e-05,6.401163991540671e-05,6.457656795572362e-05,0.0048422535129308535,1.1556273420865182e-05,0.5818901881575584,0.312948539853096
4,29,600,80,6.385699089150876e-05,6.38920726487413e-05,6.430184335635259e-05,0.004794670461901176,1.1790394637500867e-05,0.6649942398071289,0.3522505536675453
4,29,600,90,6.380199920386076e-05,6.381633938872256e-05,6.410490135907895e-05,0.004741140494947373,1.1636469025688712e-05,0.7477906569838524,0.39125891774892807
4,29,600,100,6.361955456668511e-05,6.367529858835042e-05,6.393064883052635e-05,0.004681810333988041,1.1457089385658037e-05,0.8313415199518204,0.4303539916872978
4,29,600,110,6.361433770507574e-05,6.360424376907758e-05,6.379859363720954e-05,0.004616842598870382,1.1496896149765234e-05,0.9143145456910133,0.4696760028600693
4,29,600,120,6.334197678370401e-05,6.34767086012289e-05,6.366531158075601e-05,0.0045464153616404995,1.117345891543664e-05,0.9973808750510216,0.5087613761425018
4,29,600,130,6.339418177958578e-05,6.334823556244373e-05,6.353601719256798e-05,0.004470721658460307,1.117084229917964e-05,1.0810593962669373,0.5481440424919128
4,29,600,140,6.321904220385477e-05,6.325844806269743e-05,6.342291400848242e-05,0.004389968960508812,1.1039180208172183e-05,1.1640042588114738,0.5873689576983452
4,29,600,150,6.30729045951739e-05,6.324183195829391e-05,6.33472297680874e-05,0.004304378605318053,1.1249885574216023e-05,1.247411698102951,0.6263746023178101
4,29,600,160,6.29339410807006e-05,6.30192895187065e-05,6.321374352557793e-05,0.00421418519010229,1.1056024050049018e-05,1.3303899392485619,0.6656523570418358
4,29,600,170,6.280026718741283e-05,6.289000884862617e-05,6.308165048419997e-05,0.004119635928743364,1.0989168004016392e-05,1.4133621156215668,0.7047271728515625
4,29,600,180,6.268220022320747e-05,6.27787536359392e-05,6.295811984967562e-05,0.004020989974194621,1.0783210200315807e-05,1.4972646534442902,0.7440485656261444
4,29,600,190,6.27423360128887e-05,6.276358908507973e-05,6.287843845277764e-05,0.003918517708160683,1.0807893886521924e-05,1.580616518855095,0.7835354804992676
4,29,600,200,6.266176933422685e-05,6.263652830966749e-05,6.278259053961688e-05,0.0038124999999999912,1.070868438546313e-05,1.6635600924491882,0.8223729953169823
4,29,600,210,6.24700405751355e-05,6.254209438338876e-05,6.268377266046677e-05,0.003703227436881412,1.066057120624464e-05,1.746918261051178,0.8614462688565254
4,29,600,220,6.24518288532272e-05,6.243177558644675e-05,6.258373438494356e-05,0.003590999527305013,1.0397083315183409e-05,1.8296401128172874,0.9006234258413315
4,29,600,230,6.227898120414466e-05,6.233110907487572e-05,6.248110075030179e-05,0.0034761238801700733,1.0688927432056516e-05,1.9123480245471,0.9396341890096664
4,29,600,240,6.202696386026219e-05,6.214424865902402e-05,6.234341369506918e-05,0.0033589153616404837,1.0663995453796815e-05,1.9951694384217262,0.9788289442658424
4,29,600,250,6.208139529917389e-05,6.196320173330605e-05,6.218916531010176e-05,0.0032396952321184693,1.0383817425463349e-05,2.078042283654213,1.017942950129509
4,29,600,260,6.184882658999413e-05,6.187179096741601e-05,6.205779822826617e-05,0.00311879026569216,1.0623153684719e-05,2.161789946258068,1.0570896044373512
4,29,600,270,6.167479295982048e-05,6.16841840383131e-05,6.190645035782444e-05,0.0029965318544705275,1.048086596711073e-05,2.2449890673160553,1.0964966863393784
4,29,600,280,6.151162961032242e-05,6.151534616947175e-05,6.174641155811365e-05,0.0028732551002606556,1.0431853297632188e-05,2.327679544687271,1.1356293931603432
4,29,600,290,6.133031274657696e-05,6.137409654911607e-05,6.159298227715136e-05,0.002749297896076969,1.0374085832154378e-05,2.411354087293148,1.1748070865869522
4,29,600,300,6.101551844039932e-05,6.116986260167323e-05,6.141788408539224e-05,0.0026249999999999746,1.0300967005605344e-05,2.493901953101158,1.214119017124176
4,29,600,310,6.094573836890049e-05,6.104498788772617e-05,6.126458332109758e-05,0.0025007021039229835,1.0337698768125847e-05,2.577349476516247,1.253109946846962
4,29,600,320,6.0794853197876364e-05,6.074909724702593e-05,6.10551590467213e-05,0.002376744899739297,1.0483503501745872e-05,2.6608341708779335,1.2925074845552444
4,29,600,330,6.0505557485157624e-05,6.049974726920482e-05,6.082677829144157e-05,0.002253468145529425,1.0297359949618112e-05,2.7438861280679703,1.3318135291337967
4,29,600,340,6.039221625542268e-05,6.0344740995788014e-05,6.06291218949481e-05,0.002131209734307794,1.0181493962591048e-05,2.8273561596870422,1.370986483991146
4,29,600,350,5.978756962576881e-05,5.997082516842056e-05,6.0356639940838496e-05,0.002010304767881488,1.033869011735078e-05,2.910244733095169,1.410323016345501
4,29,600,360,5.981440335744992e-05,5.981935537420213e-05,6.0136688331265855e-05,0.0018910846383594763,1.008147228276357e-05,2.9932370334863663,1.4495085254311562
4,29,600,370,5.9482343203853816e-05,5.953747677267529e-05,5.989407398000774e-05,0.0017738761198298906,1.0217843737336807e-05,3.0772215202450752,1.48879773914814
4,29,600,380,5.889864405617118e-05,5.9130078079761005e-05,5.958229238695647e-05,0.0016590004726949538,1.0277746696374379e-05,3.1603313237428665,1.5281169414520264
4,29,600,390,5.844336192240007e-05,5.8861897196038625e-05,5.92861041118599e-05,0.0015467725631185573,1.0185164683207404e-05,3.243596762418747,1.567320242524147
4,29,600,400,5.825599509989843e-05,5.849262670380995e-05,5.8958497409796505e-05,0.0014374999999999822,1.0052660400106106e-05,3.326770283281803,1.606658548116684
4,29,600,410,5.8127654483541846e-05,5.824065665365197e-05,5.866169639390485e-05,0.001331482291839296,1.0159033081436064e-05,3.4092600345611572,1.6458886340260506
4,29,600,420,5.786084511782974e-05,5.789195711258799e-05,5.8346806216600526e-05,0.001229010025805363,9.941086318576708e-06,3.49316792935133,1.6850559413433075
4,29,600,430,5.7586505135986954e-05,5.760671592724975e-05,5.804567577220548e-05,0.0011303640712566243,9.85701808531303e-06,3.5763468891382217,1.7244789898395538
4,29,600,440,5.717001113225706e-05,5.720259068766609e-05,5.770197780341436e-05,0.0010358148098977011,9.800865882425569e-06,3.6591744124889374,1.7636304572224617
4,29,600,450,5.698218956240453e-05,5.6987072093761525e-05,5.7411062238506934e-05,0.0009456213946819407,9.894568393065128e-06,3.7431261390447617,1.802824504673481
4,29,600,460,5.6503922678530216e-05,5.660637361870613e-05,5.708406185304129e-05,0.0008600310394911803,9.730909368954599e-06,3.8256718292832375,1.841893583536148
4,29,600,470,5.6213153584394604e-05,5.640916024276521e-05,5.680688731517462e-05,0.0007792783415396872,9.728682925924659e-06,3.9085632488131523,1.880872704088688
4,29,600,480,5.608651918009855e-05,5.6213423886219974e-05,5.656188523190416e-05,0.0007035846383594942,9.730226338433567e-06,3.9922323897480965,1.9200548082590103
4,29,600,490,5.569338100031018e-05,5.588572457781993e-05,5.6286210308289185e-05,0.0006331574011296133,9.618509466235992e-06,4.074942693114281,1.9592937976121902
4,29,600,500,5.570696521317586e-05,5.5758836242603135e-05,5.606788973871882e-05,0.0005681896660119545,9.592614333087113e-06,4.157737232744694,1.9993238374590874
4,29,600,510,5.553477967623621e-05,5.556935393542517e-05,5.586663686926244e-05,0.0005088595050526232,9.447822776564863e-06,4.240391790866852,2.038363181054592
4,29,600,520,5.5339936807285994e-05,5.541418686334509e-05,5.568392124874064e-05,0.0004553295380988207,9.588889952283353e-06,4.323099806904793,2.0775927156209946
4,29,600,530,5.500564293470234e-05,5.5197834080900064e-05,5.548109366681226e-05,0.000407746487069144,9.289905392506626e-06,4.405769899487495,2.1163352131843567
4,29,600,540,5.498834070749581e-05,5.513521500688512e-05,5.533885122292699e-05,0.000366240773799009,9.422211405762937e-06,4.4892439395189285,2.1553871482610703
4,29,600,550,5.500355109688826e-05,5.5059758233255705e-05,5.522620912123653e-05,0.0003309261625634618,9.214769306709059e-06,4.571654684841633,2.1944724395871162
4,29,600,560,5.498262544278987e-05,5.4922728668316265e-05,5.510505189476047e-05,0.00030189944825721114,9.21281025512144e-06,4.654724344611168,2.2332207411527634
4,29,600,570,5.4870622989255935e-05,5.4786385953775606e-05,5.497762874744551e-05,0.00027924019108654767,9.195267921313643e-06,4.737394727766514,2.2724474593997
4,29,600,580,5.460038664750755e-05,5.465312897285912e-05,5.4847455308018066e-05,0.00026301049850035074,9.161118214251474e-06,4.820079863071442,2.3114029318094254
4,29,600,590,5.4638279834762216e-05,5.463493580464274e-05,5.4763671711985686e-05,0.0002532548549578871,9.202341971104033e-06,4.903359837830067,2.350459150969982
4,29,600,600,5.467989103635773e-05,5.464801615744364e-05,5.472182336296491e-05,0.00025,9.160278750641737e-06,4.986088789999485,2.3896066546440125
4,29,700,0,,,,0.005,,0.0,0.039170101284980774
4,29,700,10,6.63351165712811e-05,6.75285336910747e-05,7.079832582746106e-05,0.004997608533035624,1.3797100109513849e-05,0.08289878070354462,0.07814287394285202
4,29,700,20,6.553215644089505e-05,6.584702568943613e-05,6.880080963725151e-05,0.004990438948238695,1.2807305211026687e-05,0.1662560999393463,0.11732006818056107
4,29,700,30,6.497825961560011e-05,6.511736064567231e-05,6.731383798474828e-05,0.004978505684198846,1.2273897482373286e-05,0.2489641308784485,0.15643572807312012
4,29,700,40,6.459405267378315e-05,6.469157742685638e-05,6.625509385266523e-05,0.004961832772921746,1.1872017239511479e-05,0.33199674636125565,0.1953909993171692
4,29,700,50,6.432669761124998e-05,6.437884367187508e-05,6.549816784050304e-05,0.004940453791431832,1.18487387226196e-05,0.41474518179893494,0.23446527123451233
4,29,700,60,6.397988181561232e-05,6.419816418201663e-05,6.497145478005986e-05,0.004914411794152653,1.1524914043548051e-05,0.49749062210321426,0.27350399643182755
4,29,700,70,6.391248462023214e-05,6.40544378256891e-05,6.460140397670657e-05,0.004883759226200991,1.1535771591297816e-05,0.5804979875683784,0.3125049099326134
4,29,700,80,6.389686313923448e-05,6.393738440237939e-05,6.433394195481047e-05,0.004848557817769377,1.1704486496455502e-05,0.6636205390095711,0.3513736352324486
4,29,700,90,6.378784746630117e-05,6.38222394627519e-05,6.412639710522003e-05,0.004808878459809697,1.1596784133871552e-05,0.7464881613850594,0.3907081037759781
4,29,700,100,6.361507257679477e-05,6.370078481268137e-05,6.395339587000259e-05,0.0047648010612682465,1.1386296137061436e-05,0.8289797976613045,0.4296402335166931
4,29,700,110,6.36322220088914e-05,6.36208256764803e-05,6.381862836166773e-05,0.004716414388159756,1.1415838343964424e-05,0.912090852856636,0.4687058553099632
4,29,700,120,6.337086961138994e-05,6.348951137624681e-05,6.36830232702157e-05,0.004663815884804437,1.117513602366671e-05,0.9948716014623642,0.5079595223069191
4,29,700,130,6.339316314551979e-05,6.336000660667196e-05,6.355196193812334e-05,0.004607111477588099,1.1086822269135155e-05,1.0775044038891792,0.5467735379934311
4,29,700,140,6.322016270132735e-05,6.330004616756923e-05,6.344760388554978e-05,0.004546415361640505,1.0976663361361716e-05,1.1613418385386467,0.5859278291463852
4,29,700,150,6.312517507467419e-05,6.326390357571653e-05,6.337232512835371e-05,0.004481849770861575,1.1148908015456982e-05,1.243877500295639,0.6249673068523407
4,29,700,160,6.30350987194106e-05,6.310229873633944e-05,6.326195973242751e-05,0.004413544731758579,1.0865495823964011e-05,1.3264127299189568,0.6644461825489998
4,29,700,170,6.292750185821205e-05,6.299663218669593e-05,6.315245416153543e-05,0.004341637801590058,1.0851941624423489e-05,1.4103855714201927,0.7037405967712402
4,29,700,180,6.272821337915957e-05,6.288635777309536e-05,6.304276047459514e-05,0.004266273791343808,1.0686378118407447e-05,1.4929383993148804,0.742817148566246
4,29,700,190,6.279508670559153e-05,6.284970295382664e-05,6.296315030160558e-05,0.0041876044741068225,1.0729059795266949e-05,1.5762560740113258,0.7820951268076897
4,29,700,200,6.285883137024939e-05,6.277661814237944e-05,6.289055151705582e-05,0.004105788279414497,1.06379793578526e-05,1.6588005796074867,0.8214175403118134
4,29,700,210,6.265108095249161e-05,6.267855860642157e-05,6.280310183419573e-05,0.004020989974194624,1.0596711945254356e-05,1.7415854930877686,0.8603727221488953
4,29,700,220,6.261146336328238e-05,6.256663255044259e-05,6.27094293816847e-05,0.003933380330948743,1.034755496220896e-05,1.8245882540941238,0.8996325731277466
4,29,700,230,6.250760634429753e-05,6.250580190680921e-05,6.262776135141062e-05,0.003843135783839026,1.0661854503268842e-05,1.9069720432162285,0.9385051801800728
4,29,700,240,6.225949618965387e-05,6.236128538148478e-05,6.251900111879758e-05,0.0037504380733733673,1.057688677974511e-05,1.989229440689087,0.9777870774269104
4,29,700,250,6.234380271052942e-05,6.223926393431612e-05,6.24054744810029e-05,0.003655473880404196,1.0299710083927494e-05,2.0722271651029587,1.0171877220273018
4,29,700,260,6.209153070813045e-05,6.215409957803786e-05,6.230088845756979e-05,0.0035584344501780616,1.0565921911620535e-05,2.15484469383955,1.0561403408646584
4,29,700,270,6.199329800438136e-05,6.199706622282975e-05,6.217818443964878e-05,0.003459515207193181,1.0477573596290313e-05,2.2381642386317253,1.0952475145459175
4,29,700,280,6.189999839989468e-05,6.190283020259812e-05,6.206454389759575e-05,0.0033589153616404915,1.0377651051385328e-05,2.3206839337944984,1.134505994617939
4,29,700,290,6.183008372318e-05,6.179998817970044e-05,6.195607792650156e-05,0.0032568375082208416,1.0349523108743597e-05,2.4035277664661407,1.1734684631228447
4,29,700,300,6.14910532021895e-05,6.16448640357703e-05,6.182641487285512e-05,0.003153487218146233,1.0188667147303931e-05,2.486570529639721,1.2124860286712646
4,29,700,310,6.14595046499744e-05,6.156583913252689e-05,6.171863329913864e-05,0.003049072625146745,1.0209784704784397e-05,2.5690750405192375,1.2515286207199097
4,29,700,320,6.1449856730178e-05,6.136001757113263e-05,6.157370997999214e-05,0.002943804006316912,1.034677006828133e-05,2.651629388332367,1.2907251939177513
4,29,700,330,6.126007065176964e-05,6.119479076005518e-05,6.14179975134531e-05,0.002837893358645634,1.0155444215342868e-05,2.7341040521860123,1.3295734748244286
4,29,700,340,6.117153679952025e-05,6.108698689786252e-05,6.128294233113921e-05,0.002731553972082453,9.97984898276627e-06,2.8166979402303696,1.3688246235251427
4,29,700,350,6.071229654480703e-05,6.080952698539477e-05,6.108596527425227e-05,0.002624999999999979,1.0244324585073628e-05,2.8992121815681458,1.4077214300632477
4,29,700,360,6.0704125644406304e-05,6.0725533694494514e-05,6.093825971225635e-05,0.002518446027917505,9.945665624400135e-06,2.9823832139372826,1.446506179869175
4,29,700,370,6.0540281992871314e-05,6.0512281561386774e-05,6.076734394612737e-05,0.0024121066413543227,1.0122084859176539e-05,3.06500506401062,1.4857391268014908
4,29,700,380,6.0042933910153806e-05,6.021708031767048e-05,6.05429183386476e-05,0.0023061959936830434,1.0209769243374467e-05,3.1477537378668785,1.524665966629982
4,29,700,390,5.970264464849606e-05,6.0015836425009184e-05,6.0326342804590234e-05,0.0022009273748532132,1.010101186693646e-05,3.2308438792824745,1.5636527985334396
4,29,700,400,5.948197213001549e-05,5.972001417831052e-05,6.007489968002025e-05,0.00209651278185373,9.990023499995004e-06,3.313138484954834,1.6027971804141998
4,29,700,410,5.946388409938663e-05,5.955619126325473e-05,5.986052081946558e-05,0.001993162491779124,1.0078690138470847e-05,3.3963029757142067,1.6417184695601463
4,29,700,420,5.9217054513283074e-05,5.927312122366857e-05,5.9618808346440156e-05,0.0018910846383594791,9.894340109894983e-06,3.479353867471218,1.6811753138899803
4,29,700,430,5.9000998589908704e-05,5.898697563679889e-05,5.9361475093288044e-05,0.0017904847928067915,9.822659194469452e-06,3.5618878975510597,1.720176286995411
4,29,700,440,5.864561899215914e-05,5.865723323950078e-05,5.907229578320241e-05,0.0016915655498219127,9.817799764277879e-06,3.6450806707143784,1.7591504752635956
4,29,700,450,5.832641909364611e-05,5.839228069817182e-05,5.879497738191359e-05,0.0015945261195957825,9.916827366396319e-06,3.727824941277504,1.7984792292118073
4,29,700,460,5.7883280533133075e-05,5.802379746455699e-05,5.848079896218777e-05,0.0014995619266266122,9.859466445050202e-06,3.8105923905968666,1.8373563811182976
4,29,700,470,5.755707388743758e-05,5.779646307928488e-05,5.820045951707517e-05,0.0014068642161609581,9.90470107353758e-06,3.893802709877491,1.876437060534954
4,29,700,480,5.736270031775348e-05,5.751352873630822e-05,5.791801039166348e-05,0.0013166196690512426,9.93206867860863e-06,3.9763611629605293,1.9153534546494484
4,29,700,490,5.6867647799663246e-05,5.7152409499394705e-05,5.760488887676272e-05,0.0012290100258053637,9.768001291377004e-06,4.059138804674149,1.9541061967611313
4,29,700,500,5.6757682614261284e-05,5.691065489372704e-05,5.7317691305409334e-05,0.0011442117205854962,9.885338840831537e-06,4.14202905446291,1.993318885564804
4,29,700,510,5.656303255818784e-05,5.6658015455468555e-05,5.7051349615867317e-05,0.0010623955258931717,9.75715920503717e-06,4.224403165280819,2.0322999954223633
4,29,700,520,5.6273172958754e-05,5.640425624733325e-05,5.678826160174219e-05,0.0009837262086561868,9.835713171923999e-06,4.307612970471382,2.071225054562092
4,29,700,530,5.578214768320322e-05,5.610290718323085e-05,5.6502016537440724e-05,0.0009083621984099367,9.53950802795589e-06,4.3901717364788055,2.110596016049385
4,29,700,540,5.577435513259843e-05,5.5932717805262656e-05,5.6268294200749975e-05,0.0008364552682414167,9.745559509610757e-06,4.4728710651397705,2.149373844265938
4,29,700,550,5.556239921133965e-05,5.575052637141198e-05,5.6056321123220964e-05,0.0007681502291384224,9.467118616157677e-06,4.556056156754494,2.1882909536361694
4,29,700,560,5.5567710660398006e-05,5.554049093916547e-05,5.584875677090715e-05,0.0007035846383594941,9.491724085819442e-06,4.638571463525295,2.2275191470980644
4,29,700,570,5.5327876907540485e-05,5.531566930585541e-05,5.563397343516017e-05,0.0006428885224119009,9.388394573761616e-06,4.721362218260765,2.266487918794155
4,29,700,580,5.4918884416110814e-05,5.5084027189877814e-05,5.5409746637031956e-05,0.0005861841151955634,9.336002221971285e-06,4.804073348641396,2.305638886988163
4,29,700,590,5.495410368894227e-05,5.5007621995173395e-05,5.524744192606756e-05,0.0005335856118402431,9.403718649991788e-06,4.886429980397224,2.3444624841213226
4,29,700,600,5.490626790560782e-05,5.491340853041038e-05,5.511686518454096e-05,0.00048519893873175113,9.25425501918653e-06,4.969532534480095,2.3834561854600906
4,29,700,610,5.478475213749334e-05,5.4709102187189274e-05,5.495066289030052e-05,0.00044112154019030204,9.172147656499874e-06,5.052173741161823,2.422606125473976
4,29,700,620,5.4546741012018174e-05,5.462310546135996e-05,5.4818077130009874e-05,0.00040144218223062177,9.044093530974351e-06,5.134646825492382,2.461512938141823
4,29,700,630,5.442682231660001e-05,5.4558499323320574e-05,5.471072506176714e-05,0.0003662407737990085,8.96236360858893e-06,5.217242643237114,2.5006142929196358
4,29,700,640,5.4399934015236795e-05,5.446119175758213e-05,5.46117678973834e-05,0.0003355882058473472,8.977043762570247e-06,5.299719482660294,2.5394420325756073
4,29,700,650,5.4064134019427e-05,5.42703546670964e-05,5.44739081047909e-05,0.00030954620856816795,8.884652743290644e-06,5.382144160568714,2.5783012583851814
4,29,700,660,5.40796754648909e-05,5.415299638116267e-05,5.433881813926844e-05,0.0002881672270782542,8.796512702247128e-06,5.464574597775936,2.617277607321739
4,29,700,670,5.437853542389348e-05,5.424960327218287e-05,5.4306477273500816e-05,0.00027149431580115476,8.837545465212315e-06,5.5470543801784515,2.6562999337911606
4,29,700,680,5.421235255198553e-05,5.41729481483344e-05,5.42534779564794e-05,0.00025956105176130705,8.812271516944747e-06,5.630486682057381,2.6952712908387184
4,29,700,690,5.4102471040096134e-05,5.408609431469813e-05,5.4186938894104654e-05,0.00025239146696437784,8.759622687648516e-06,5.713103249669075,2.7343342006206512
4,29,700,700,5.4061565606389195e-05,5.404296207416337e-05,5.4126551129003345e-05,0.00025,8.931904631026555e-06,5.7955673187971115,2.7731875106692314
4,29,800,0,,,,0.005,,0.0,0.039046511054039
4,29,800,10,6.626137474086136e-05,6.751712207915261e-05,7.079279466358859e-05,0.004998168961071719,1.3732822480960749e-05,0.08289937674999237,0.07819625735282898
4,29,800,20,6.551091792061925e-05,6.581130364793352e-05,6.878182966550906e-05,0.00499267866761618,1.2747460459650028e-05,0.1653136983513832,0.11701400578022003
4,29,800,30,6.496931018773466e-05,6.511829560622573e-05,6.730356815997054e-05,0.004983537585267952,1.2283276191737968e-05,0.2486114725470543,0.1559777781367302
4,29,800,40,6.456438859459013e-05,6.4678824855946e-05,6.624458961452456e-05,0.004970759808913454,1.1880144484166522e-05,0.3310375288128853,0.19497115910053253
4,29,800,50,6.437583942897618e-05,6.437337651732378e-05,6.549050767586578e-05,0.0049543650409576735,1.1854125659738202e-05,0.41379719972610474,0.2336910516023636
4,29,800,60,6.406691682059318e-05,6.419588607968763e-05,6.49669326708097e-05,0.004934378560944483,1.1625189472397324e-05,0.4967905730009079,0.27271701395511627
4,29,800,70,6.394206138793379e-05,6.404264640877955e-05,6.459421833843678e-05,0.004910831186577412,1.1642846402537543e-05,0.5791559591889381,0.3117680847644806
4,29,800,80,6.392872455762699e-05,6.396448079613038e-05,6.434001880746707e-05,0.004883759226200989,1.1730508958862629e-05,0.6621059253811836,0.3505188748240471
4,29,800,90,6.388756446540356e-05,6.384066073223948e-05,6.413911539095632e-05,0.004853204422815899,1.1638570867944509e-05,0.7443865239620209,0.3893696516752243
4,29,800,100,6.36792610748671e-05,6.371706331265159e-05,6.396746494672505e-05,0.004819213889714307,1.13919722934952e-05,0.8267896622419357,0.42824193090200424
4,29,800,110,6.365885201375932e-05,6.364979199133814e-05,6.383859934291402e-05,0.00478184003783457,1.1417527275625616e-05,0.9092631787061691,0.46708691865205765
4,29,800,120,6.343922723317519e-05,6.355177538353018e-05,6.372032491676388e-05,0.004741140494947377,1.1191086741746403e-05,0.9917807877063751,0.506263330578804
4,29,800,130,6.342964479699731e-05,6.343714267131872e-05,6.360374905756061e-05,0.004697178016797897,1.1111064850410912e-05,1.0743508636951447,0.5451818257570267
4,29,800,140,6.332367775030434e-05,6.335385987767949e-05,6.35014629854886e-05,0.004650020390340973,1.102886744774878e-05,1.1578742489218712,0.5841152369976044
4,29,800,150,6.315819337032735e-05,6.333677374641411e-05,6.343290741982477e-05,0.004599740329218549,1.1162320333824027e-05,1.2400440946221352,0.6231656074523926
4,29,800,160,6.310326716629788e-05,6.316061917459592e-05,6.332273221412142e-05,0.004546415361640503,1.0848472811630927e-05,1.3227794393897057,0.6620304211974144
4,29,800,170,6.296711944742128e-05,6.305135684669949e-05,6.321241149343601e-05,0.004490127710841771,1.0917787221842445e-05,1.405393086373806,0.7012940421700478
4,29,800,180,6.28254929324612e-05,6.29633832431864e-05,6.311090087564914e-05,0.004430964168300075,1.0835057764779776e-05,1.4880216270685196,0.7401315271854401
4,29,800,190,6.299271626630798e-05,6.295526982285083e-05,6.304884704139309e-05,0.004369015959909756,1.0797903087222949e-05,1.5713015049695969,0.7790591418743134
4,29,800,200,6.297601794358343e-05,6.28824440354947e-05,6.298398665894862e-05,0.004304378605318053,1.0692479918361641e-05,1.6539640128612518,0.8183462843298912
4,29,800,210,6.281609967118129e-05,6.278595828916878e-05,6.29036761637867e-05,0.00423715177064074,1.06421339296503e-05,1.7365729361772537,0.857151210308075
4,29,800,220,6.273807230172679e-05,6.269600635278039e-05,6.282236147812428e-05,0.00416743911478419,1.0313729035260621e-05,1.8194299563765526,0.8961973041296005
4,29,800,230,6.256942288018763e-05,6.260415830183774e-05,6.273433742046303e-05,0.004095348129610857,1.062762657966232e-05,1.9019029960036278,0.9351816624403
4,29,800,240,6.2356615671888e-05,6.246942648431286e-05,6.26266197108902e-05,0.0040209899741946225,1.059400074154837e-05,1.9844831675291061,0.9739486947655678
4,29,800,250,6.24494205112569e-05,6.237178531591781e-05,6.252289912041474e-05,0.003944479303421552,1.0276157809130382e-05,2.0673630088567734,1.0131367072463036
4,29,800,260,6.230090366443619e-05,6.230510771274567e-05,6.243205365994964e-05,0.0038659340912003707,1.0566795026534237e-05,2.1498335897922516,1.0519623383879662
4,29,800,270,6.222326192073524e-05,6.220538198249414e-05,6.234127430548542e-05,0.003785475448555258,1.0455319170432631e-05,2.233032912015915,1.090845562517643
4,29,800,280,6.210118590388447e-05,6.212068037712016e-05,6.224967118361812e-05,0.0037032274368814094,1.037697984429542e-05,2.315381556749344,1.1300682052969933
4,29,800,290,6.201499490998685e-05,6.201525466167367e-05,6.215314399401993e-05,0.0036193168766513757,1.0237798960588407e-05,2.398259773850441,1.168913334608078
4,29,800,300,6.177813338581473e-05,6.191104330355301e-05,6.205139862210264e-05,0.003533873151867071,1.0172924703510944e-05,2.481589362025261,1.2079002037644386
4,29,800,310,6.177692557685077e-05,6.184435987961478e-05,6.196685455888025e-05,0.0034470280105590254,1.0229501640424132e-05,2.563957743346691,1.2467397451400757
4,29,800,320,6.177736941026524e-05,6.165445447550155e-05,6.18410121084297e-05,0.0033589153616404785,1.0362925422668923e-05,2.6463404297828674,1.2855862453579903
4,29,800,330,6.163438956718892e-05,6.153005015221424e-05,6.171319898789774e-05,0.0032696710684295294,1.0162386388401501e-05,2.728931672871113,1.3245271742343903
4,29,800,340,6.151398702058941e-05,6.1500005540438e-05,6.162567104161181e-05,0.003179432739157751,9.956863323168363e-06,2.8115041330456734,1.3636352270841599
4,29,800,350,6.113343988545239e-05,6.123899947851896e-05,6.146553854122576e-05,0.003088339514788278,1.0168042535951827e-05,2.894574098289013,1.4028531610965729
4,29,800,360,6.127613596618176e-05,6.121627375250682e-05,6.136380155727656e-05,0.0029965318544705206,9.907554158417042e-06,2.9772408455610275,1.4418490454554558
4,29,800,370,6.112079427111894e-05,6.106202199589461e-05,6.124340569186058e-05,0.0029041513189623355,1.0089713214256335e-05,3.0603397637605667,1.4808261170983315
4,29,800,380,6.067207868909463e-05,6.083128719183151e-05,6.107521900355812e-05,0.0028113403523536027,1.0140866834262852e-05,3.1430496647953987,1.5201167613267899
4,29,800,390,6.0375023167580366e-05,6.0674927226500586e-05,6.09103160730094e-05,0.0027182420624277583,1.0056081919174176e-05,3.2257841378450394,1.5590152442455292
4,29,800,400,6.026319169905037e-05,6.045936315786093e-05,6.072253048825725e-05,0.0026249999999999694,9.9515473266365e-06,3.3090358152985573,1.5980912521481514
4,29,800,410,6.029369978932664e-05,6.037138045940082e-05,6.05767313833261e-05,0.0025317579375721787,1.0077827937493566e-05,3.3917755633592606,1.6373335123062134
4,29,800,420,6.010314973536879e-05,6.0133963779662734e-05,6.0394570046139766e-05,0.002438659647646336,9.796669473871589e-06,3.474824443459511,1.6762396544218063
4,29,800,430,5.995258834445849e-05,5.9949010028503837e-05,6.021272687217658e-05,0.0023458486810376033,9.713568942970596e-06,3.557884454727173,1.7158057019114494
4,29,800,440,5.967586184851825e-05,5.970253805571701e-05,6.000399041575432e-05,0.002253468145529418,9.728610166348517e-06,3.640381447970867,1.755290649831295
4,29,800,450,5.94190823903773e-05,5.949556471023243e-05,5.979624913793667e-05,0.0021616604852116622,9.832139767240733e-06,3.7237658575177193,1.7942825630307198
4,29,800,460,5.907449303776957e-05,5.9185629652347416e-05,5.9546402680806745e-05,0.002070567260842192,9.781076187209692e-06,3.806592397391796,1.833585500717163
4,29,800,470,5.876696377526969e-05,5.9002106354455464e-05,5.932256105830728e-05,0.001980328931570418,9.913028407027014e-06,3.889402002096176,1.8726145178079605
4,29,800,480,5.86034293519333e-05,5.874818925803993e-05,5.908684779375647e-05,0.0018910846383594715,9.947260878107045e-06,3.972874753177166,1.9116847142577171
4,29,800,490,5.819914804305881e-05,5.8412249200046065e-05,5.8810454087170346e-05,0.001802971989440927,9.819689694268163e-06,4.0554909110069275,1.9506250694394112
4,29,800,500,5.807471461594105e-05,5.8196041572955436e-05,5.8557544010364204e-05,0.0017161268481328867,9.923853212967515e-06,4.1381217539310455,1.9894217774271965
4,29,800,510,5.7828714489005506e-05,5.795623183075804e-05,5.8314251794227115e-05,0.0016306831233485833,9.75320472207386e-06,4.2211655378341675,2.0283783301711082
4,29,800,520,5.752427750849165e-05,5.76958671445027e-05,5.806145390652746e-05,0.0015467725631185536,9.961323485185858e-06,4.303586222231388,2.067384645342827
4,29,800,530,5.701024929294363e-05,5.736574421462137e-05,5.777040246752977e-05,0.0014645245514447102,9.683523785497528e-06,4.386646814644337,2.106252007186413
4,29,800,540,5.700155088561587e-05,5.712671845685691e-05,5.750594600658622e-05,0.0013840659087996018,9.813005817704834e-06,4.469113573431969,2.1454616338014603
4,29,800,550,5.667192817782052e-05,5.687991833838169e-05,5.724900459108181e-05,0.0013055206965784264,9.679367394710425e-06,4.551977157592773,2.1843732222914696
4,29,800,560,5.663107003783807e-05,5.6645374934305436e-05,5.7005296902286984e-05,0.0012290100258053596,9.67079813563032e-06,4.635304443538189,2.2234972342848778
4,29,800,570,5.63497087568976e-05,5.6338188369409184e-05,5.673525039064926e-05,0.0011546518703891284,9.569346730131656e-06,4.71797351539135,2.262592725455761
4,29,800,580,5.578903073910624e-05,5.60107349883765e-05,5.6438985197103156e-05,0.0010825608852157997,9.5332034106832e-06,4.8008575811982155,2.3015195727348328
4,29,800,590,5.577280535362661e-05,5.5885661276988684e-05,5.621482012324806e-05,0.0010128482293592501,9.641476026445162e-06,4.883475109934807,2.340524949133396
4,29,800,600,5.562896694755182e-05,5.569584718614351e-05,5.600801134342741e-05,0.0009456213946819376,9.459941793465987e-06,4.96598981320858,2.37952384352684
4,29,800,610,5.545246312976815e-05,5.5456784320995214e-05,5.578291736160136e-05,0.0008809840400902355,9.530947863822803e-06,5.04859284311533,2.4185663908720016
4,29,800,620,5.5119140597525984e-05,5.5255338520510125e-05,5.556838875841097e-05,0.0008190358316999166,9.334241440228652e-06,5.131148882210255,2.457784704864025
4,29,800,630,5.494471770361997e-05,5.512163770617917e-05,5.5384124517938194e-05,0.0007598722891582217,9.237436643161345e-06,5.213784419000149,2.4967723935842514
4,29,800,640,5.4800580983283e-05,5.495078366948292e-05,5.520976008579626e-05,0.0007035846383594924,9.262676940124948e-06,5.296973139047623,2.5360279455780983
4,29,800,650,5.4514977819053456e-05,5.471182812470943e-05,5.5008610997407704e-05,0.0006502596707814487,9.201040484185796e-06,5.3795755580067635,2.5750153809785843
4,29,800,660,5.44872491445858e-05,5.448513984447345e-05,5.4791517172585726e-05,0.0005999796096590256,9.008680535771418e-06,5.462221339344978,2.6139565110206604
4,29,800,670,5.4679949244018644e-05,5.4538778567803095e-05,5.4693203567601015e-05,0.0005528219832021018,9.00950726645533e-06,5.545327514410019,2.6530721187591553
4,29,800,680,5.440416498458944e-05,5.440965287561994e-05,5.45793648503877e-05,0.0005088595050526219,8.991745744424406e-06,5.627784475684166,2.69207713752985
4,29,800,690,5.425716517493129e-05,5.430200908449478e-05,5.4468332182586696e-05,0.000468159962165428,8.900392458599526e-06,5.711204379796982,2.7311600670218468
4,29,800,700,5.417849388322793e-05,5.418644577730447e-05,5.435042062982708e-05,0.00043078611028569134,9.01284147403203e-06,5.793888553977013,2.770480379462242
4,29,800,710,5.386281191022135e-05,5.405304909800179e-05,5.422440463538971e-05,0.00039679557718409785,8.883417649485637e-06,5.876748651266098,2.809261791408062
4,29,800,720,5.387410055845976e-05,5.3974112597643396e-05,5.412302388798493e-05,0.0003662407737990084,8.716641787032131e-06,5.9598879143595695,2.8484467789530754
4,29,800,730,5.3886637033429e-05,5.3950227447785436e-05,5.4049091332280494e-05,0.0003391688134225863,8.83315624378156e-06,6.042451173067093,2.8875421658158302
4,29,800,740,5.39096727152355e-05,5.3800644673174246e-05,5.3950496256882745e-05,0.0003156214390555172,8.805830475466792e-06,6.125683970749378,2.9264768809080124
4,29,800,750,5.379340291256085e-05,5.382109338825103e-05,5.389827666278198e-05,0.000295634959042327,8.787954357103445e-06,6.2087195962667465,2.965517036616802
4,29,800,760,5.37984051334206e-05,5.3719538482255305e-05,5.3827843059858915e-05,0.0002792401910865475,8.842947863740847e-06,6.291260868310928,3.004656970500946
4,29,800,770,5.3645529987988994e-05,5.3661909987567924e-05,5.3760395298301606e-05,0.0002664624147320497,8.696732948010322e-06,6.374634891748428,3.0435970053076744
4,29,800,780,5.3635445510735735e-05,5.366383229556959e-05,5.371889176809901e-05,0.00025732133238382096,8.60655381984543e-06,6.457222297787666,3.082899533212185
4,29,800,790,5.352331936592236e-05,5.359702954592649e-05,5.36725092129436e-05,0.00025183103892828306,8.680376595293637e-06,6.540041893720627,3.1219847723841667
4,29,800,800,5.368150959839113e-05,5.3576784193865026e-05,5.3633992350660656e-05,0.00025,8.633607649244368e-06,6.62364899367094,3.161053419113159
4,29,900,0,,,,0.005,,0.0,0.038985542953014374
4,29,900,10,6.632560689467937e-05,6.752454646630213e-05,7.0796480976093e-05,0.004998553214170353,1.379540299240034e-05,0.08311145007610321,0.0779133141040802
4,29,900,20,6.552835111506283e-05,6.580658446182497e-05,6.878151303315576e-05,0.004994214619367081,1.2813561625080183e-05,0.1655774563550949,0.11706425249576569
4,29,900,30,6.495541310869157e-05,6.509338854812085e-05,6.729355368702365e-05,0.004986989501499647,1.2307104043429717e-05,0.24882028251886368,0.15590383112430573
4,29,900,40,6.45349282422103e-05,6.467455605161377e-05,6.623579256418296e-05,0.004976886663261228,1.1883492334163748e-05,0.33182261884212494,0.19516556710004807
4,29,900,50,6.440148717956617e-05,6.439392600441352e-05,6.5493683300029e-05,0.004963918413403992,1.1812345292128157e-05,0.4142076224088669,0.23386316001415253
4,29,900,60,6.392973591573536e-05,6.418602861231193e-05,6.496238145518166e-05,0.0049481005517427856,1.1562783583940472e-05,0.49773531407117844,0.2730681970715523
4,29,900,70,6.389131158357486e-05,6.403329316526652e-05,6.45882774637237e-05,0.004929452349905488,1.163955676020123e-05,0.580400288105011,0.31241223216056824
4,29,900,80,6.385652523022145e-05,6.393581570591777e-05,6.432503652951388e-05,0.0049079965278535035,1.1704575626936276e-05,0.6629089713096619,0.3513454273343086
4,29,900,90,6.381384446285665e-05,6.381728599080816e-05,6.411981531863784e-05,0.0048837592262009856,1.162643457064405e-05,0.7460866197943687,0.3903919383883476
4,29,900,100,6.362152635119855e-05,6.368238318827934e-05,6.394169707356385e-05,0.004856769974366528,1.1388839084247593e-05,0.8295207768678665,0.4293901100754738
4,29,900,110,6.363450665958226e-05,6.365191293298267e-05,6.38239967877484e-05,0.004827061654596116,1.141418943007011e-05,0.9125688299536705,0.4682835265994072
4,29,900,120,6.342565757222474e-05,6.35277530818712e-05,6.370139012803996e-05,0.004794670461901172,1.1270494724158198e-05,0.9955787509679794,0.507491759955883
4,29,900,130,6.345851579681039e-05,6.340330073726364e-05,6.357961474260527e-05,0.0047596358599605185,1.1087586244684644e-05,1.0781365633010864,0.5465379878878593
4,29,900,140,6.32732262602076e-05,6.332684934022837e-05,6.347588719432033e-05,0.004722000533039948,1.0972153177135624e-05,1.1613742113113403,0.585445836186409
4,29,900,150,6.319096428342164e-05,6.329699535854161e-05,6.340315606604189e-05,0.004681810333988038,1.122707089962205e-05,1.2441296130418777,0.6246795207262039
4,29,900,160,6.316918006632477e-05,6.320280226645991e-05,6.332262564538019e-05,0.004639114228371508,1.0967577509291004e-05,1.3267849013209343,0.6636429876089096
4,29,900,170,6.2988416175358e-05,6.307005533017218e-05,6.32186602810859e-05,0.00459396423481822,1.0920501154032536e-05,1.410358153283596,0.7026271596550941
4,29,900,180,6.288020813371986e-05,6.302025285549462e-05,6.313767714319095e-05,0.004546415361640496,1.0797990398714319e-05,1.492836706340313,0.7417578920722008
4,29,900,190,6.306145223788917e-05,6.304037451627664e-05,6.309959336593581e-05,0.004496525539815961,1.080281799659133e-05,1.5758263021707535,0.7807437852025032
4,29,900,200,6.303182453848422e-05,6.295569037320092e-05,6.304400755083909e-05,0.00444435555240757,1.0704669875849504e-05,1.6585281491279602,0.8198564946651459
4,29,900,210,6.287707947194576e-05,6.286611751420424e-05,6.297148379961713e-05,0.004389968960508811,1.0662937711458653e-05,1.740996092557907,0.8589001297950745
4,29,900,220,6.280850357143208e-05,6.276552812778391e-05,6.289010696241668e-05,0.004333432025804295,1.0385771929577459e-05,1.8244043663144112,0.8979381322860718
4,29,900,230,6.267069693421945e-05,6.272036989685148e-05,6.282131610472088e-05,0.004274813629840118,1.0580757589195855e-05,1.9072403460741043,0.9372437447309494
4,29,900,240,6.253542233025655e-05,6.260632289922796e-05,6.273417036918274e-05,0.004214185190102288,1.0644989743013866e-05,1.9901356250047684,0.976303368806839
4,29,900,250,6.263761315494776e-05,6.254660329432226e-05,6.265828424198577e-05,0.004151620573005531,1.0385841960669495e-05,2.072762683033943,1.015348456799984
4,29,900,260,6.246539123822004e-05,6.249368234421127e-05,6.258883513235564e-05,0.004087196003898436,1.0627859410305973e-05,2.1553553715348244,1.0543262809515
4,29,900,270,6.238336209207773e-05,6.236230401555077e-05,6.249845845636698e-05,0.004020989974194619,1.0474065675225575e-05,2.238002762198448,1.093353234231472
4,29,900,280,6.225118704605848e-05,6.230913204490207e-05,6.241968908896944e-05,0.003953083145743019,1.0422716513858177e-05,2.320950374007225,1.1328721791505814
4,29,900,290,6.222712545422837e-05,6.219584538484924e-05,6.23281331858882e-05,0.003883558252553855,1.0283275514666457e-05,2.403986983001232,1.1721421927213669
4,29,900,300,6.192946602823213e-05,6.209767525433563e-05,6.223064987446082e-05,0.0038124999999999895,1.0201684744970407e-05,2.4876158460974693,1.211170069873333
4,29,900,310,6.199601921252906e-05,6.202672520885243e-05,6.214761540718935e-05,0.0037399949616164782,1.0220165677310433e-05,2.5705771520733833,1.2505501434206963
4,29,900,320,6.203055090736598e-05,6.191111242515035e-05,6.205276726397566e-05,0.003666131473624045,1.0302252121618949e-05,2.6534947752952576,1.2894092947244644
4,29,900,330,6.185901293065399e-05,6.179191841511056e-05,6.194467458601495e-05,0.0035909995273050097,1.0120037586602848e-05,2.7369683980941772,1.3286390006542206
4,29,900,340,6.17534969933331e-05,6.17327263171319e-05,6.185767193322132e-05,0.0035146906593627745,9.92900640994776e-06,2.819508835673332,1.3676970601081848
4,29,900,350,6.149490945972502e-05,6.154913207865321e-05,6.172967056812963e-05,0.0034372978403984468,1.0154835763387382e-05,2.902532361447811,1.4066767618060112
4,29,900,360,6.153692811494693e-05,6.150588524178602e-05,6.16380235107355e-05,0.003358915361640482,9.868228517007083e-06,2.9855771884322166,1.446074940264225
4,29,900,370,6.138298340374604e-05,6.138282260508277e-05,6.153587293324088e-05,0.0032796387200653516,1.006437923933845e-05,3.068191058933735,1.485158123075962
4,29,900,380,6.109148671384901e-05,6.11881390796043e-05,6.13944869143876e-05,0.0031995645020491863,1.0137725439562928e-05,3.151636339724064,1.5241684019565582
4,29,900,390,6.0853068134747446e-05,6.110083268140443e-05,6.12736721211094e-05,0.003118790265692153,1.0077047591039445e-05,3.2342309206724167,1.5637325942516327
4,29,900,400,6.070311428629793e-05,6.0900399330421354e-05,6.111707813737692e-05,0.0030374144219589344,9.813232281885576e-06,3.3169870004057884,1.6026334762573242
4,29,900,410,6.08201626164373e-05,6.084349515731446e-05,6.100291425108381e-05,0.002955536114780128,1.0025347364717163e-05,3.400378681719303,1.6418074518442154
4,29,900,420,6.067740105208941e-05,6.070235176593997e-05,6.087916545929687e-05,0.002873255100260647,9.77064610196976e-06,3.4829954877495766,1.6810219883918762
4,29,900,430,6.0553902585525066e-05,6.053330216673203e-05,6.073802778768298e-05,0.002790671625142266,9.666913683759049e-06,3.5662421137094498,1.720073662698269
4,29,900,440,6.038925494067371e-05,6.0367845435393974e-05,6.058606376574407e-05,0.0027078863046684073,9.684312317403965e-06,3.6490261182188988,1.759386919438839
4,29,900,450,6.0178983403602615e-05,6.021718691044953e-05,6.0435983646966105e-05,0.002624999999999966,9.729214980325196e-06,3.7316748425364494,1.7984208390116692
4,29,900,460,5.982915172353387e-05,5.9962662635371086e-05,6.02423094294103e-05,0.0025421136953315254,9.783794666873291e-06,3.81488174200058,1.8374148905277252
4,29,900,470,5.960274575045332e-05,5.983043083688244e-05,6.00736054403063e-05,0.002459328374857666,9.822592801356222e-06,3.8974627256393433,1.8769434988498688
4,29,900,480,5.946846795268357e-05,5.963091098237783e-05,5.9891227585666465e-05,0.0023767448997392875,9.83916106633842e-06,3.9804563596844673,1.915843851864338
4,29,900,490,5.921504634898156e-05,5.936480993113946e-05,5.967597365771853e-05,0.002294463885219809,9.760411558090709e-06,4.06407867372036,1.9550375044345856
4,29,900,500,5.907503145863302e-05,5.9201406838838014e-05,5.948098407967506e-05,0.002212585578041007,9.862746082944795e-06,4.146767966449261,1.994419351220131
4,29,900,510,5.893118213862181e-05,5.9023880385211666e-05,5.929690139744949e-05,0.0021312097343077875,9.695128028397448e-06,4.230051375925541,2.033457525074482
4,29,900,520,5.86136884521693e-05,5.880770804651547e-05,5.909558872646502e-05,0.0020504354979507568,9.92514378594933e-06,4.312896333634853,2.0727296844124794
4,29,900,530,5.820295700686984e-05,5.851327114214655e-05,5.8851286982008595e-05,0.0019703612799345954,9.65055005508475e-06,4.395702980458736,2.1117605939507484
4,29,900,540,5.81968852202408e-05,5.832446477143094e-05,5.8634877282126414e-05,0.00189108463835947,9.835478522290941e-06,4.479255050420761,2.1508039757609367
4,29,900,550,5.7872272009262815e-05,5.807638553960715e-05,5.840511514938366e-05,0.0018127021596015082,9.656418114900589e-06,4.562185473740101,2.1899459064006805
4,29,900,560,5.7861976529238746e-05,5.786139372503385e-05,5.8185006868399234e-05,0.001735309340637182,9.681639312475454e-06,4.644925318658352,2.228861339390278
4,29,900,570,5.755309757660143e-05,5.75415811908897e-05,5.7923935136255196e-05,0.0016590004726949484,9.677720299805515e-06,4.727535732090473,2.267773412168026
4,29,900,580,5.696703010471538e-05,5.7196442867279984e-05,5.762451284375617e-05,0.001583868526375917,9.650577339925803e-06,4.810028910636902,2.306721866130829
4,29,900,590,5.691986734746024e-05,5.705739495169837e-05,5.7393816308328487e-05,0.001510005038383486,9.733888873597607e-06,4.892699919641018,2.3456278145313263
4,29,900,600,5.67538445466198e-05,5.6808370209182614e-05,5.716000862379486e-05,0.001437499999999979,9.629089618101716e-06,4.975370265543461,2.3848706483840942
4,29,900,610,5.653349944623187e-05,5.655590175592806e-05,5.6913630182639465e-05,0.0013664417474461186,9.715157830214594e-06,5.058348476886749,2.4240927323698997
4,29,900,620,5.6203269195975736e-05,5.629150582535658e-05,5.6660837564241795e-05,0.0012969168542569579,9.552178198646288e-06,5.1415755450725555,2.4631529673933983
4,29,900,630,5.592156230704859e-05,5.6096686239470725e-05,5.6427882255115725e-05,0.0012290100258053591,9.43160557653755e-06,5.22440854460001,2.502311088144779
4,29,900,640,5.567300831899047e-05,5.58733237994602e-05,5.620374645613229e-05,0.0011628039961015452,9.516357749816962e-06,5.3074635192751884,2.541529007256031
4,29,900,650,5.540697748074308e-05,5.558806733461097e-05,5.5953829434131306e-05,0.0010983794269944541,9.372372005600482e-06,5.390460267663002,2.5807413458824158
4,29,900,660,5.527952089323662e-05,5.52985005924711e-05,5.56827872987921e-05,0.0010358148098976985,9.23342759051593e-06,5.4732651039958,2.6197916343808174
4,29,900,670,5.537965625990182e-05,5.5268407595576716e-05,5.5518187775937255e-05,0.0009751863701598689,9.31435170059558e-06,5.556636698544025,2.6588164046406746
4,29,900,680,5.504121509147808e-05,5.509125912794843e-05,5.534410925749189e-05,0.0009165679741956912,9.276745913666673e-06,5.639582112431526,2.698004610836506
4,29,900,690,5.485974543262273e-05,5.496466183103621e-05,5.5189753954080506e-05,0.0008600310394911771,9.203411536873318e-06,5.722396932542324,2.7368968427181244
4,29,900,700,5.472920020110905e-05,5.4761494538979605e-05,5.5011869649274874e-05,0.0008056444475924171,9.252687050320674e-06,5.8059481009840965,2.7761476412415504
4,29,900,710,5.435739876702428e-05,5.457847328216303e-05,5.483094867230928e-05,0.000753474460184026,9.066195161722135e-06,5.888593457639217,2.815306566655636
4,29,900,720,5.4292155255097896e-05,5.4445584828499706e-05,5.467419382231989e-05,0.0007035846383594913,9.055916962097399e-06,5.971553944051266,2.8543224185705185
4,29,900,730,5.4273456044029444e-05,5.438707012217492e-05,5.4551513113859304e-05,0.0006560357651817683,9.109998245548923e-06,6.054466627538204,2.8934709951281548
4,29,900,740,5.423386028269306e-05,5.415384512161836e-05,5.439346205715877e-05,0.0006108857716284821,9.019063327286858e-06,6.137060761451721,2.932551331818104
4,29,900,750,5.408190190792084e-05,5.4162321248441e-05,5.4299414643870376e-05,0.0005681896660119522,8.997141776490025e-06,6.220332309603691,2.9716326519846916
4,29,900,760,5.404959665611386e-05,5.399936017056461e-05,5.417956800377267e-05,0.0005279994669600432,9.041197699843906e-06,6.303137414157391,3.010818898677826
4,29,900,770,5.3821830078959465e-05,5.387741948652547e-05,5.4056688700386784e-05,0.0004903641400394738,8.864307346811984e-06,6.385896869003773,3.0497520565986633
4,29,900,780,5.382563904277049e-05,5.384334981499706e-05,5.3967339388778434e-05,0.0004553295380988194,8.75575187819777e-06,6.469424091279507,3.089019499719143
4,29,900,790,5.367840640246868e-05,5.376913104555569e-05,5.388964592691025e-05,0.0004229383454038769,8.769260603003204e-06,6.552053079009056,3.1279003620147705
4,29,900,800,5.3735304391011596e-05,5.3696757822763176e-05,5.381101416223887e-05,0.00039323002563346513,8.720007826923393e-06,6.63501488417387,3.166799157857895
4,29,900,810,5.3630690672434866e-05,5.359723836591001e-05,5.372526498947657e-05,0.0003662407737990085,8.648855327919591e-06,6.71789687871933,3.2060100436210632
4,29,900,820,5.342991789802909e-05,5.351621184672695e-05,5.363821943644764e-05,0.00034200347214649086,8.850770427670795e-06,6.8006224781274796,3.2450827956199646
4,29,900,830,5.3455441957339644e-05,5.3455402303370646e-05,5.356458812603313e-05,0.000320547650094507,8.624922884337138e-06,6.883936941623688,3.284157522022724
4,29,900,840,5.32645353814587e-05,5.34048791450914e-05,5.3498084740124255e-05,0.0003018994482572105,8.570715181122068e-06,6.966507226228714,3.3234026804566383
4,29,900,850,5.3352792747318745e-05,5.34402333869366e-05,5.3469207793039434e-05,0.0002860815865960052,8.613329555373639e-06,7.04939766228199,3.36229594796896
4,29,900,860,5.332425644155592e-05,5.32988447957905e-05,5.3402974467166445e-05,0.00027311333673877007,8.366445399587974e-06,7.132948540151119,3.4015965536236763
4,29,900,870,5.3136325732339174e-05,5.3301298248698006e-05,5.3359949864234416e-05,0.00026301049850035064,8.574831554142293e-06,7.2155265510082245,3.4405815973877907
4,29,900,880,5.3509054851019755e-05,5.325928686943371e-05,5.332206514995376e-05,0.00025578538063291713,8.607391464465763e-06,7.298435844480991,3.4794619530439377
4,29,900,890,5.32116464455612e-05,5.322703655110672e-05,5.328517259637729e-05,0.0002514467858296475,8.45027079776628e-06,7.380939416587353,3.5183701142668724
4,29,900,900,5.309338666847907e-05,5.3185665819910355e-05,5.324459322759524e-05,0.00025,8.531951607437804e-06,7.463482700288296,3.5571883395314217
4,29,1000,0,,,,0.005,,0.0,0.03916119784116745
4,29,1000,10,6.62845341139473e-05,6.752290137228556e-05,7.079549504371704e-05,0.004998828080868613,1.3865561413695104e-05,0.0834188163280487,0.07817702740430832
4,29,1000,20,6.5559012000449e-05,6.585025694221258e-05,6.879908544035453e-05,0.0049953134800171444,1.2739852536469698e-05,0.16599617898464203,0.11733047664165497
4,29,1000,30,6.496453715953976e-05,6.509692539111712e-05,6.730453760795253e-05,0.0049894596659323135,1.2245483958395198e-05,0.24874572455883026,0.1561676412820816
4,29,1000,40,6.461599696194753e-05,6.469290165114216e-05,6.625094280898398e-05,0.004981272415621884,1.1897178410436027e-05,0.3322557210922241,0.19542954117059708
4,29,1000,50,6.437089177779853e-05,6.439725839300082e-05,6.550336689936523e-05,0.004970759808913451,1.1894037925230805e-05,0.4151831641793251,0.2345845028758049
4,29,1000,60,6.402720464393497e-05,6.419352794182487e-05,6.49724541368789e-05,0.0049579322204806354,1.1618348253250588e-05,0.4985096678137779,0.27360906451940536
4,29,1000,70,6.392377690644935e-05,6.40409612969961e-05,6.459554806869712e-05,0.004942802309604526,1.1600829566305038e-05,0.5814661309123039,0.31284767389297485
4,29,1000,80,6.391861097654328e-05,6.395222953869961e-05,6.433728906666243e-05,0.004925385007680499,1.1710680155374575e-05,0.6643022820353508,0.35199249535799026
4,29,1000,90,6.38531128061004e-05,6.385406086337753e-05,6.414086113147564e-05,0.004905697503482739,1.1646023267530836e-05,0.7478362545371056,0.39105021953582764
4,29,1000,100,6.364290311466902e-05,6.374555450747721e-05,6.397912807082992e-05,0.004883759226200989,1.1446915777924005e-05,0.8304249048233032,0.4303082972764969
4,29,1000,110,6.364777073031291e-05,6.366209563566372e-05,6.384981074928142e-05,0.004859591826266284,1.152403092419263e-05,0.9136374220252037,0.469329372048378
4,29,1000,120,6.345594738377258e-05,6.354056531563402e-05,6.372294726887116e-05,0.004833219153984595,1.1295009244349785e-05,0.9967585802078247,0.508434034883976
4,29,1000,130,6.34968964732252e-05,6.34550793620292e-05,6.361382955886845e-05,0.004804667235999453,1.1107196769444272e-05,1.0793177336454391,0.5475504025816917
4,29,1000,140,6.33710587862879e-05,6.340295658446848e-05,6.35273669718908e-05,0.004773964249606794,1.1009567970177159e-05,1.1624699085950851,0.5865803211927414
4,29,1000,150,6.321684486465529e-05,6.336309888865799e-05,6.345818292078535e-05,0.004741140494947372,1.1247032489336561e-05,1.245178908109665,0.6261518076062202
4,29,1000,160,6.320154352579266e-05,6.321578766801394e-05,6.336083757048462e-05,0.004706228365104175,1.1038450793421362e-05,1.3282351940870285,0.6650765612721443
4,29,1000,170,6.305806164164096e-05,6.311141623882577e-05,6.325869804969644e-05,0.0046692623141343665,1.0993411706294864e-05,1.411644995212555,0.7040906026959419
4,29,1000,180,6.294774357229471e-05,6.304268463281914e-05,6.317070142343571e-05,0.004630278823067284,1.0818965165526606e-05,1.4941647350788116,0.7431600913405418
4,29,1000,190,6.309986929409206e-05,6.305547067313455e-05,6.31263277627058e-05,0.004589316363902083,1.0813531844178215e-05,1.576632022857666,0.7821395844221115
4,29,1000,200,6.306673458311707e-05,6.299688902799971e-05,6.307613262601494e-05,0.0045464153616404995,1.0761126759462059e-05,1.6592218577861786,0.8211525231599808
4,29,1000,210,6.288112490437925e-05,6.293607366387732e-05,6.301753127972144e-05,0.004501618154392265,1.0688588190532755e-05,1.7418568655848503,0.8600753247737885
4,29,1000,220,6.29314745310694e-05,6.28569454420358e-05,6.295472898208214e-05,0.004454968951592499,1.0411204129923135e-05,1.824496328830719,0.8989268839359283
4,29,1000,230,6.277540524024516e-05,6.28151508863084e-05,6.289837649728573e-05,0.004406513790372343,1.063800482370425e-05,1.907072253525257,0.937847375869751
4,29,1000,240,6.25808970653452e-05,6.268073484534397e-05,6.28096039965625e-05,0.004356300490125854,1.0633745660015848e-05,1.9902244061231613,0.9766900837421417
4,29,1000,250,6.270412995945662e-05,6.258988651097752e-05,6.272180155739828e-05,0.004304378605318052,1.0284325981047004e-05,2.073162704706192,1.015857107937336
4,29,1000,260,6.253557512536645e-05,6.254045365494676e-05,6.264655719434532e-05,0.004250799376580637,1.0648960596881807e-05,2.156074859201908,1.0549133121967316
4,29,1000,270,6.242796371225268e-05,6.242558811209165e-05,6.255817344819994e-05,0.0041956156801436755,1.0465309969731607e-05,2.239026464521885,1.093786045908928
4,29,1000,280,6.235409819055349e-05,6.23934502073098e-05,6.248928294632925e-05,0.0041388819756531395,1.0407173249404877e-05,2.3216853886842728,1.1330133453011513
4,29,1000,290,6.236326589714736e-05,6.231014267541469e-05,6.241658797410915e-05,0.004080654252425819,1.0207532795902807e-05,2.4047246798872948,1.1720211207866669
4,29,1000,300,6.206824764376506e-05,6.22057676082477e-05,6.232769940150575e-05,0.004020989974194622,1.02491840152652e-05,2.4880670979619026,1.2109264507889748
4,29,1000,310,6.21034560026601e-05,6.214030363480561e-05,6.225195771229895e-05,0.003959948022398806,1.0223864592262544e-05,2.570577993988991,1.2500056028366089
4,29,1000,320,6.209775892784819e-05,6.20354818238411e-05,6.216462366275104e-05,0.0038975886380751097,1.0297751032339875e-05,2.653523661196232,1.2888642996549606
4,29,1000,330,6.19970669504255e-05,6.19167010881938e-05,6.20615122301497e-05,0.0038339733624071226,1.0059399755846243e-05,2.7363007217645645,1.3281334415078163
4,29,1000,340,6.198092887643725e-05,6.18872327322606e-05,6.199028371930001e-05,0.003769164975991562,1.0018978173320647e-05,2.8189013823866844,1.3670398443937302
4,29,1000,350,6.17095356574282e-05,6.173163128551096e-05,6.188197210195117e-05,0.0037032274368814094,1.0181787729379721e-05,2.902225524187088,1.4060413166880608
4,29,1000,360,6.175928865559399e-05,6.174595182528719e-05,6.182554358012618e-05,0.0036362258174670314,9.812176358536817e-06,2.9850413724780083,1.4459132850170135
4,29,1000,370,6.16180695942603e-05,6.163124635349959e-05,6.174809553613356e-05,0.0035682262402575863,1.0021306479757186e-05,3.068075828254223,1.4848993718624115
4,29,1000,380,6.138433673186228e-05,6.147667008917778e-05,6.163705406999632e-05,0.0034992958126260918,1.0106183253810741e-05,3.151167519390583,1.52396821975708
4,29,1000,390,6.109486275818199e-05,6.135791845736094e-05,6.152152286900132e-05,0.0034295025605825466,1.0002027920563705e-05,3.233801931142807,1.56325763463974
4,29,1000,400,6.111232505645603e-05,6.12241419730708e-05,6.139841300298347e-05,0.0033589153616404776,9.84979578788625e-06,3.316918559372425,1.602324865758419
4,29,1000,410,6.112245318945497e-05,6.118448327470105e-05,6.130856940713635e-05,0.0032876038768431468,9.994757419917732e-06,3.3998677656054497,1.6415576413273811
4,29,1000,420,6.104822386987507e-05,6.105334214225877e-05,6.120314911838019e-05,0.0032156384820165047,9.723378752823919e-06,3.4825740978121758,1.6803730204701424
4,29,1000,430,6.095886055845767e-05,6.092649236961733e-05,6.108999029703522e-05,0.0031430901983167626,9.637618859414943e-06,3.5659599006175995,1.7197770103812218
4,29,1000,440,6.07792753726244e-05,6.080945240682922e-05,6.097380313145843e-05,0.0030700306221410683,9.655956091592088e-06,3.64866591244936,1.7587998285889626
4,29,1000,450,6.070337622077204e-05,6.069251248845831e-05,6.085911060353829e-05,0.002996531854470519,9.74995691649383e-06,3.7314823269844055,1.7977917939424515
4,29,1000,460,6.0426187701523304e-05,6.05076191277476e-05,6.071507416006043e-05,0.0029226664297151905,9.701384442450944e-06,3.815076783299446,1.8369846269488335
4,29,1000,470,6.028641291777603e-05,6.0414736799430103e-05,6.059261561329387e-05,0.002848507244131439,9.755881364981178e-06,3.8977780789136887,1.8760643526911736
4,29,1000,480,6.012927042320371e-05,6.025639777362812e-05,6.045391147597589e-05,0.002774127483882086,9.732110811455641e-06,3.9804286286234856,1.9151979759335518
4,29,1000,490,5.986236283206381e-05,6.001183028274682e-05,6.027297513345405e-05,0.0026996005528105212,9.696641427581199e-06,4.063099466264248,1.9544291645288467
4,29,1000,500,5.9741407312685624e-05,5.987288677715697e-05,6.010817834043056e-05,0.002624999999999966,9.822830179473385e-06,4.145793356001377,1.9935122728347778
4,29,1000,510,5.95964738749899e-05,5.973882070975378e-05,5.9958737502586674e-05,0.002550399447189409,9.715817213873379e-06,4.2293718457221985,2.0326694026589394
4,29,1000,520,5.938085087109357e-05,5.9571766178123654e-05,5.9799353706181966e-05,0.0024758725161178443,9.878735909296665e-06,4.312192313373089,2.072078585624695
4,29,1000,530,5.9034220612375066e-05,5.934494802204426e-05,5.960703236909175e-05,0.00240149275586849,9.624733138480224e-06,4.395453296601772,2.1112036630511284
4,29,1000,540,5.912734195590019e-05,5.917108901485335e-05,5.94285918660756e-05,0.002327333570284738,9.6806370493141e-06,4.478725530207157,2.1504173576831818
4,29,1000,550,5.874625639989972e-05,5.894879031984601e-05,5.9230600523918225e-05,0.002253468145529412,9.580910955264699e-06,4.561482772231102,2.1898202300071716
4,29,1000,560,5.8824443840421736e-05,5.877847179363016e-05,5.90492306774179e-05,0.0021799693778588648,9.543854503135663e-06,4.645000010728836,2.2288362458348274
4,29,1000,570,5.8527661167318e-05,5.851159439771436e-05,5.8831034059833804e-05,0.002106909801683174,9.561593287799042e-06,4.728193081915379,2.2681397572159767
4,29,1000,580,5.803275416838005e-05,5.8194674784317614e-05,5.8568716368748466e-05,0.002034361517983434,9.622101060813293e-06,4.810979910194874,2.307340145111084
4,29,1000,590,5.794953540316783e-05,5.806002263852861e-05,5.836080126619953e-05,0.0019623961231567946,9.689708349469583e-06,4.89439881592989,2.3463521599769592
4,29,1000,600,5.7771099818637595e-05,5.7836527776089494e-05,5.815144198256651e-05,0.001891084638359466,9.607255378796253e-06,4.977188251912594,2.3858082965016365
4,29,1000,610,5.7571982324589044e-05,5.761278152931482e-05,5.793216706002164e-05,0.0018204974394174004,9.717974535305984e-06,5.059867925941944,2.4248463213443756
4,29,1000,620,5.7253640989074484e-05,5.733930411224719e-05,5.769058645681101e-05,0.001750704187373859,9.591762136551552e-06,5.143657840788364,2.4639859050512314
4,29,1000,630,5.695125582860783e-05,5.714640901715029e-05,5.746528620448676e-05,0.0016817737597423661,9.49598597799195e-06,5.2263414189219475,2.5032530054450035
4,29,1000,640,5.663538831868209e-05,5.690249199687969e-05,5.7236750760818475e-05,0.001613774182532924,9.57859265326988e-06,5.309367388486862,2.542244128882885
4,29,1000,650,5.6493292504455894e-05,5.66268565307837e-05,5.698901862797229e-05,0.0015467725631185493,9.39160327106947e-06,5.392417587339878,2.581467129290104
4,29,1000,660,5.626873826258816e-05,5.626605707220733e-05,5.669101250793795e-05,0.001480835024008401,9.33422961679753e-06,5.475171826779842,2.620823062956333
4,29,1000,670,5.626540951197967e-05,5.617878487100825e-05,5.6486002889879926e-05,0.0014160266375928437,9.382002644997556e-06,5.558669395744801,2.6599081978201866
4,29,1000,680,5.5930475355125964e-05,5.597368690359872e-05,5.62769728145979e-05,0.00135241136192486,9.436344043933786e-06,5.641625538468361,2.6992184594273567
4,29,1000,690,5.567285916185938e-05,5.5814762890804556e-05,5.6089303130709205e-05,0.0012900519776011673,9.31187878450146e-06,5.72451501339674,2.7380716502666473
4,29,1000,700,5.551305366680026e-05,5.5570870972587724e-05,5.587456286468725e-05,0.001229010025805355,9.423403753316961e-06,5.807732872664928,2.7771645560860634
4,29,1000,710,5.515517113963142e-05,5.5351919945678675e-05,5.565784732945408e-05,0.001169345747574161,9.302259059040807e-06,5.890340283513069,2.816396839916706
4,29,1000,720,5.496574885910377e-05,5.516730234376155e-05,5.5458483796731616e-05,0.001111118024346843,9.268486792279873e-06,5.973399057984352,2.855312056839466
4,29,1000,730,5.490953117259778e-05,5.5054473341442646e-05,5.52883865077254e-05,0.0010543843198563088,9.333273737865966e-06,6.056967727839947,2.8943772986531258
4,29,1000,740,5.482423512148671e-05,5.474890967889223e-05,5.507259030342589e-05,0.0009992006234193487,9.229935130861122e-06,6.13962584733963,2.9334052205085754
4,29,1000,750,5.463582056108862e-05,5.473603450809605e-05,5.493583259809753e-05,0.0009456213946819345,9.185966518998612e-06,6.2222559824585915,2.972374066710472
4,29,1000,760,5.452307959785685e-05,5.4527582324226384e-05,5.4771500979515435e-05,0.0008936995098741332,9.214885722030886e-06,6.30482079833746,3.011390395462513
4,29,1000,770,5.431116733234376e-05,5.437552026705816e-05,5.460965016364689e-05,0.0008434862096276455,9.06946570466971e-06,6.387400731444359,3.0506076589226723
4,29,1000,780,5.4319498303812e-05,5.428084696177393e-05,5.447515610957371e-05,0.0007950310484074888,8.97164863999933e-06,6.470011867582798,3.089544467628002
4,29,1000,790,5.4044867283664644e-05,5.4151075528352524e-05,5.434599729961262e-05,0.0007483818456077244,9.041928933584131e-06,6.553607873618603,3.128618061542511
4,29,1000,800,5.407130447565578e-05,5.406773670983967e-05,5.423268778576465e-05,0.0007035846383594903,8.958892067312263e-06,6.636351898312569,3.167905017733574
4,29,1000,810,5.389794387156144e-05,5.3907547044218515e-05,5.4100785998011096e-05,0.000660683636097907,8.918743333197199e-06,6.71920869499445,3.206825368106365
4,29,1000,820,5.368073470890522e-05,5.3779318841407074e-05,5.396887275223303e-05,0.0006197211769327061,9.06105287867831e-06,6.802852727472782,3.2459453865885735
4,29,1000,830,5.374152533477172e-05,5.3711377040599474e-05,5.3865154895737296e-05,0.0005807376858656267,8.865017662174068e-06,6.885453395545483,3.2849969416856766
4,29,1000,840,5.351490108296275e-05,5.363838754419703e-05,5.3770917946906335e-05,0.0005437716348958175,8.759914635447785e-06,6.968755140900612,3.3239570930600166
4,29,1000,850,5.349426282919012e-05,5.361645962693728e-05,5.3701814394085914e-05,0.000508859505052621,8.759649062994868e-06,7.051527135074139,3.3631068766117096
4,29,1000,860,5.343953671399504e-05,5.342528675100766e-05,5.359250931967077e-05,0.00047603575039319916,8.565788448322564e-06,7.134005054831505,3.402358405292034
4,29,1000,870,5.320821583154611e-05,5.3410765394801275e-05,5.351640933293905e-05,0.00044533276400054056,8.731981324672233e-06,7.217301249504089,3.441411443054676
4,29,1000,880,5.350466017262079e-05,5.332743967301212e-05,5.344213894569009e-05,0.0004167808460153993,8.696119039086625e-06,7.300009615719318,3.4806819036602974
4,29,1000,890,5.3265204769559205e-05,5.3293219025363214e-05,5.3382427310591315e-05,0.00039040817373371195,8.548779078410007e-06,7.382558576762676,3.5195466727018356
4,29,1000,900,5.313809379003942e-05,5.320003474480472e-05,5.3307857365153444e-05,0.00036624077379900804,8.570676072849892e-06,7.4661359414458275,3.558649405837059
4,29,1000,910,5.3104136895854026e-05,5.3159590606810525e-05,5.3247137723941884e-05,0.0003443024965172584,8.45444719743682e-06,7.54870680719614,3.5976685509085655
4,29,1000,920,5.3010695410193875e-05,5.3074896641192026e-05,5.317840008288347e-05,0.00032461499231949977,8.587119737057947e-06,7.631346859037876,3.6365727335214615
4,29,1000,930,5.3121173550607637e-05,5.307267274474725e-05,5.313690419516451e-05,0.0003071976903954741,8.405816515733022e-06,7.714410535991192,3.6758261993527412
4,29,1000,940,5.346094985725358e-05,5.307833380356897e-05,5.311686754034462e-05,0.0002920677795193635,8.403891115449369e-06,7.797099933028221,3.71489929407835
4,29,1000,950,5.303559373714961e-05,5.3003204084234315e-05,5.306779436598614e-05,0.0002792401910865475,8.320208507939242e-06,7.880519397556782,3.7539280131459236
4,29,1000,960,5.268173845252022e-05,5.292840760375839e-05,5.30107209185862e-05,0.00026872758437811503,8.236082976509351e-06,7.963395170867443,3.7932800725102425
4,29,1000,970,5.292209243634716e-05,5.2886145203956404e-05,5.2960305589190035e-05,0.00026054033406768483,8.376104233320802e-06,8.046277225017548,3.832352139055729
4,29,1000,980,5.300339762470685e-05,5.291600464261137e-05,5.294124274881055e-05,0.00025468651998285496,8.286820957437158e-06,8.129716128110886,3.8714401945471764
4,29,1000,990,5.2614712330978364e-05,5.28379539900925e-05,5.289563205959247e-05,0.00025117191913138744,8.254158274212386e-06,8.212379448115826,3.9106472358107567
4,29,1000,1000,5.300513294059783e-05,5.285594197630416e-05,5.288020308375015e-05,0.00025,8.375806828553323e-06,8.295556627213955,3.9494129195809364
4,43,100,0,,,,0.005,,0.0,0.0391424298286438
4,43,100,10,6.62914098938927e-05,6.769050378352404e-05,7.097277310224125e-05,0.004883759226200989,1.3662119272339623e-05,0.08344892412424088,0.07822813838720322
4,43,100,20,6.52467570034787e-05,6.574078724952415e-05,6.885689340297853e-05,0.0045464153616405,1.2742827493639197e-05,0.16623500734567642,0.11752939224243164
4,43,100,30,6.470020161941648e-05,6.497103531728498e-05,6.728797752618822e-05,0.004020989974194624,1.2362115739961155e-05,0.2491447553038597,0.1564570888876915
4,43,100,40,6.423964077839628e-05,6.442082594730892e-05,6.612753686869329e-05,0.0033589153616404984,1.2191840141895227e-05,0.3325725123286247,0.19546030461788177
4,43,100,50,6.375493831001222e-05,6.3907568983268e-05,6.522996033436593e-05,0.002624999999999997,1.1899338460352737e-05,0.41549018770456314,0.23473885655403137
4,43,100,60,6.312501500360668e-05,6.338928578770719e-05,6.447950656137696e-05,0.0018910846383594984,1.1898233424290083e-05,0.4988176003098488,0.27386191487312317
4,43,100,70,6.249319267226383e-05,6.276186541072093e-05,6.3776665929013e-05,0.0012290100258053754,1.1609452485572547e-05,0.5820082277059555,0.3131698966026306
4,43,100,80,6.190167187014595e-05,6.210175342857838e-05,6.309401342058614e-05,0.0007035846383594995,1.1381210242689122e-05,0.6647316217422485,0.35216813534498215
4,43,100,90,6.11654540989548e-05,6.144740254967473e-05,6.24217912776953e-05,0.0003662407737990102,1.1424214790167753e-05,0.7482292428612709,0.39119601994752884
4,43,100,100,6.070016752346419e-05,6.091660907259211e-05,6.180940999966957e-05,0.00025,1.118157433666056e-05,0.8309796154499054,0.43039659410715103
4,43,200,0,,,,0.005,,0.0,0.039058618247509
4,43,200,10,6.634135934291407e-05,6.770391119061969e-05,7.097890945240759e-05,0.00497075980891345,1.3674512047145981e-05,0.08282367140054703,0.07807271927595139
4,43,200,20,6.532826228067279e-05,6.580836125067436e-05,6.88879106132967e-05,0.004883759226200987,1.269704443984665e-05,0.16553495079278946,0.1169859990477562
4,43,200,30,6.475061672972515e-05,6.50620881060604e-05,6.734189918826622e-05,0.00474114049494737,1.23449535749387e-05,0.24833589792251587,0.15617532283067703
4,43,200,40,6.441405275836587e-05,6.458007483161055e-05,6.622681694720558e-05,0.004546415361640498,1.2132926713093184e-05,0.3311209976673126,0.19513320177793503
4,43,200,50,6.421119906008244e-05,6.424807725124992e-05,6.542943643247391e-05,0.004304378605318047,1.1805224858107977e-05,0.4146367460489273,0.23416954278945923
4,43,200,60,6.392018985934556e-05,6.399572885129601e-05,6.484895131487177e-05,0.00402098997419462,1.187335146823898e-05,0.4972390756011009,0.27320799976587296
4,43,200,70,6.354512152029201e-05,6.369159018504433e-05,6.437749694425952e-05,0.003703227436881418,1.1616833944572136e-05,0.5797935128211975,0.31209203600883484
4,43,200,80,6.328631570795551e-05,6.343045533867553e-05,6.39916320120133e-05,0.0033589153616404932,1.1518038263602648e-05,0.663028322160244,0.3511836752295494
4,43,200,90,6.298271182458848e-05,6.314142592600547e-05,6.364455044934591e-05,0.0029965318544705405,1.1459383131295908e-05,0.745493657886982,0.39020826667547226
4,43,200,100,6.26323017058894e-05,6.284628034336492e-05,6.331807694770349e-05,0.002624999999999991,1.1425683624111116e-05,0.8281161040067673,0.429106205701828
4,43,200,110,6.223274976946414e-05,6.250014848774299e-05,6.29818855070349e-05,0.0022534681455294425,1.1259566235821694e-05,0.9110123664140701,0.46821722388267517
4,43,200,120,6.192598812049255e-05,6.214253153302707e-05,6.263678745400782e-05,0.0018910846383594923,1.1217498467885889e-05,0.9936321750283241,0.5071444436907768
4,43,200,130,6.13022202742286e-05,6.168138352222741e-05,6.224384461398247e-05,0.0015467725631185703,1.1344493941578548e-05,1.077273003757,0.5462072342634201
4,43,200,140,6.101946928538382e-05,6.131484115030616e-05,6.185964257205269e-05,0.0012290100258053717,1.1320602425257675e-05,1.159907117486,0.585415668785572
4,43,200,150,6.024706453899853e-05,6.07320533163147e-05,6.139846358372067e-05,0.0009456213946819462,1.1149987585667986e-05,1.2426074221730232,0.6243179887533188
4,43,200,160,6.017547275405377e-05,6.028191892255563e-05,6.094762442401956e-05,0.0007035846383594978,1.1027334949176293e-05,1.3257095590233803,0.6632330790162086
4,43,200,170,5.941505150985904e-05,5.971989921818022e-05,6.044456498401479e-05,0.0005088595050526253,1.0830265637196135e-05,1.4080192148685455,0.7021753713488579
4,43,200,180,5.904741556150839e-05,5.924349425185937e-05,5.995173939807228e-05,0.00036624077379900983,1.0710831702454016e-05,1.49102383852005,0.7411072254180908
4,43,200,190,5.881802280782722e-05,5.895905778743327e-05,5.954922709688055e-05,0.00027924019108654794,1.0537229172769003e-05,1.574091613292694,0.7801774516701698
4,43,200,200,5.8583333157002926e-05,5.871720350114629e-05,5.920760098272581e-05,0.00025,1.078337572835153e-05,1.6566369235515594,0.8191293701529503
4,43,300,0,,,,0.005,,0.0,0.03896009176969528
4,43,300,10,6.630034476984292e-05,6.769204410375095e-05,7.097353299457991e-05,0.004986989501499649,1.3687508726434316e-05,0.08279486745595932,0.07783954590559006
4,43,300,20,6.530969403684139e-05,6.573099817615002e-05,6.885392826509947e-05,0.004948100551742787,1.2641310604522005e-05,0.1652931347489357,0.11679323017597198
4,43,300,30,6.487497012130916e-05,6.508686055894941e-05,6.733430114582936e-05,0.004883759226200989,1.2305929885769729e-05,0.2482205107808113,0.1556389257311821
4,43,300,40,6.456483970396221e-05,6.468115534516983e-05,6.626413288819981e-05,0.004794670461901176,1.2268578757357318e-05,0.33072564005851746,0.19474030286073685
4,43,300,50,6.435198883991688e-05,6.435286122723483e-05,6.549484613660735e-05,0.004681810333988041,1.1830269613710698e-05,0.41339773684740067,0.23371485620737076
4,43,300,60,6.408357876352966e-05,6.41593913314864e-05,6.495507248089912e-05,0.004546415361640499,1.1859584446938243e-05,0.4968796595931053,0.27271027863025665
4,43,300,70,6.390664202626795e-05,6.396016106009483e-05,6.455075988404795e-05,0.00438996896050881,1.1684022865665611e-05,0.5794679522514343,0.3115869462490082
4,43,300,80,6.36369368294254e-05,6.378981124726124e-05,6.424048127267762e-05,0.004214185190102288,1.1597421689657494e-05,0.662222221493721,0.3505757972598076
4,43,300,90,6.345127621898428e-05,6.358838654705324e-05,6.397429924314815e-05,0.0040209899741946225,1.1654286936391145e-05,0.7452435567975044,0.38990918546915054
4,43,300,100,6.316882354440168e-05,6.336326187010855e-05,6.372476529326538e-05,0.0038124999999999964,1.1382345292076934e-05,0.8278982117772102,0.4291853979229927
4,43,300,110,6.296423089224845e-05,6.31425398751162e-05,6.348626117784248e-05,0.00359099952730502,1.1280262697255239e-05,0.9112789109349251,0.46813811361789703
4,43,300,120,6.295637285802513e-05,6.302521433099173e-05,6.329791509601936e-05,0.0033589153616404932,1.117324882216053e-05,0.9944014027714729,0.5075839385390282
4,43,300,130,6.255315383896232e-05,6.27843000984285e-05,6.308705891447809e-05,0.0031187902656921703,1.1289488611510023e-05,1.0772707387804985,0.54664096981287
4,43,300,140,6.24774766038172e-05,6.266937562031672e-05,6.291172968947751e-05,0.0028732551002606677,1.1276823897787835e-05,1.1607605144381523,0.5856446698307991
4,43,300,150,6.208450213307515e-05,6.23504602117464e-05,6.26826681595331e-05,0.0026249999999999893,1.1222523426113185e-05,1.2436670288443565,0.6250538006424904
4,43,300,160,6.209636194398627e-05,6.208913764567114e-05,6.244501375449867e-05,0.002376744899739311,1.1187183190486394e-05,1.3267058432102203,0.6639762744307518
4,43,300,170,6.163067882880569e-05,6.17558071098756e-05,6.216246638324944e-05,0.0021312097343078075,1.1007422472175676e-05,1.4100728631019592,0.703155517578125
4,43,300,180,6.127779488451779e-05,6.138382013887167e-05,6.18415331325879e-05,0.001891084638359488,1.0889579243666958e-05,1.4925907105207443,0.7421919852495193
4,43,300,190,6.087531437515281e-05,6.107953486207407e-05,6.152981315763399e-05,0.001659000472694964,1.0834766726475209e-05,1.576006568968296,0.7811726033687592
4,43,300,200,6.0436683270381764e-05,6.07215944910422e-05,6.119770724286633e-05,0.0014374999999999909,1.1049844033550471e-05,1.658751092851162,0.8204250931739807
4,43,300,210,6.002151349093765e-05,6.0241152095841247e-05,6.080781956033422e-05,0.0012290100258053693,1.0746032785391435e-05,1.7415143847465515,0.8593466877937317
4,43,300,220,5.951226921752095e-05,5.983167102385778e-05,6.040637106358357e-05,0.0010358148098977061,1.0819842827913817e-05,1.8248761147260666,0.8984971269965172
4,43,300,230,5.8956538850907236e-05,5.93557062529726e-05,5.997311922982061e-05,0.0008600310394911841,1.1010618436557706e-05,1.9071406722068787,0.9373291358351707
4,43,300,240,5.875333590665832e-05,5.892874833079986e-05,5.954672076577952e-05,0.0007035846383594969,1.045042517944239e-05,1.9897014424204826,0.9762124046683311
4,43,300,250,5.808039350085892e-05,5.849049557582475e-05,5.911444932510927e-05,0.0005681896660119565,1.0488336556591094e-05,2.072299413383007,1.0152237936854362
4,43,300,260,5.831236921949312e-05,5.8189004266750996e-05,5.874441995269642e-05,0.00045532953809882177,1.0391241630713921e-05,2.1550079062581062,1.0546320229768753
4,43,300,270,5.771510041086003e-05,5.7878162260749376e-05,5.839300718096739e-05,0.00036624077379900945,1.013813198369462e-05,2.237935207784176,1.093620851635933
4,43,300,280,5.737293395213783e-05,5.7590112919569944e-05,5.8062951494591403e-05,0.0003018994482572113,1.0153654329769779e-05,2.321454778313637,1.1328922659158707
4,43,300,290,5.7294942962471396e-05,5.735705308325123e-05,5.777780494462093e-05,0.0002630104985003508,1.0048959666164592e-05,2.404068276286125,1.171940878033638
4,43,300,300,5.720062108593993e-05,5.7163217570632695e-05,5.753137016611591e-05,0.00025,1.0497544280951843e-05,2.4871337562799454,1.2107328698039055
4,43,400,0,,,,0.005,,0.0,0.039256639778614044
4,43,400,10,6.623347871936858e-05,6.767946397303603e-05,7.09674020730485e-05,0.004992678667616179,1.3701253010367509e-05,0.0830310583114624,0.07846374064683914
4,43,400,20,6.530275277327746e-05,6.577177700819447e-05,6.886704095864196e-05,0.004970759808913452,1.2695116311078891e-05,0.16700953245162964,0.11767322570085526
4,43,400,30,6.485299672931433e-05,6.508822116302326e-05,6.734190373147273e-05,0.0049343785609444815,1.2268597856746055e-05,0.24978091567754745,0.15693072974681854
4,43,400,40,6.454582762671635e-05,6.467525527114049e-05,6.6266242769718e-05,0.00488375922620099,1.2099520063202363e-05,0.3325221315026283,0.19604187458753586
4,43,400,50,6.436513649532571e-05,6.435922041418962e-05,6.549780566817374e-05,0.004819213889714307,1.1823632121377159e-05,0.41563834249973297,0.23519457876682281
4,43,400,60,6.41194055788219e-05,6.420142017304897e-05,6.497368615477413e-05,0.004741140494947374,1.1895085663127247e-05,0.4982849359512329,0.27415284514427185
4,43,400,70,6.392468640115112e-05,6.399712146958337e-05,6.457677188447218e-05,0.00465002039034097,1.1691972758853808e-05,0.5817734748125076,0.3131681904196739
4,43,400,80,6.37086050119251e-05,6.38839352177456e-05,6.429426893620633e-05,0.0045464153616404995,1.151604919868987e-05,0.6645984128117561,0.35235605388879776
4,43,400,90,6.364133878378198e-05,6.37372344499454e-05,6.406718362770264e-05,0.004430964168300072,1.1558497135411017e-05,0.7470151633024216,0.39121774584054947
4,43,400,100,6.343789573293179e-05,6.35356453130953e-05,6.38515402842824e-05,0.0043043786053180485,1.1393947715987451e-05,0.8308379948139191,0.4306248426437378
4,43,400,110,6.329219468170777e-05,6.341103944578208e-05,6.367125283993755e-05,0.004167439114784184,1.1292021554254461e-05,0.9135300889611244,0.4698151499032974
4,43,400,120,6.33073941571638e-05,6.330815886030905e-05,6.352209149426127e-05,0.004020989974194618,1.1191137673449703e-05,0.9964015632867813,0.5086237117648125
4,43,400,130,6.293428305070847e-05,6.311087345238775e-05,6.335281890710727e-05,0.0038659340912003733,1.1266170986345969e-05,1.0798707008361816,0.5476952418684959
4,43,400,140,6.293652404565364e-05,6.303500558715313e-05,6.321952947129152e-05,0.0037032274368814155,1.1245794667047448e-05,1.1624353229999542,0.5866600945591927
4,43,400,150,6.259718793444335e-05,6.282454269239679e-05,6.305880058818427e-05,0.003533873151867078,1.1140255992359016e-05,1.2449752688407898,0.625601701438427
4,43,400,160,6.274682527873665e-05,6.266167474677786e-05,6.290098979887783e-05,0.003358915361640489,1.1137443834741134e-05,1.3276645243167877,0.6645693257451057
4,43,400,170,6.243903771974146e-05,6.247509227250703e-05,6.2726743488977e-05,0.003179432739157763,1.0954178833344486e-05,1.410134419798851,0.7037699744105339
4,43,400,180,6.225604738574475e-05,6.227300109458156e-05,6.253980254189552e-05,0.0029965318544705353,1.0841018593055196e-05,1.4929101541638374,0.7427478283643723
4,43,400,190,6.196613685460761e-05,6.205385652719997e-05,6.234240177575319e-05,0.0028113403523536192,1.0791894055728335e-05,1.5761836394667625,0.7818504571914673
4,43,400,200,6.171520362840965e-05,6.191542415763251e-05,6.216655733382181e-05,0.002624999999999986,1.1067329069192056e-05,1.658796213567257,0.8209977671504021
4,43,400,210,6.158466567285359e-05,6.163842626847327e-05,6.19520139880858e-05,0.0024386596476463534,1.0694468983274419e-05,1.7415268644690514,0.8599113970994949
4,43,400,220,6.12474323133938e-05,6.139647157397122e-05,6.172390143595671e-05,0.0022534681455294346,1.0753076821856666e-05,1.8243887349963188,0.8992929980158806
4,43,400,230,6.0875459894305095e-05,6.114188727224246e-05,6.14825375779437e-05,0.002070567260842208,1.1038897355319932e-05,1.9072419479489326,0.9382922723889351
4,43,400,240,6.071089956094511e-05,6.084238993935287e-05,6.122196704150422e-05,0.0018910846383594865,1.0591247701086104e-05,1.9904211908578873,0.9774430692195892
4,43,400,250,6.020769797032699e-05,6.049989387975074e-05,6.0924678636924496e-05,0.0017161268481328997,1.0626795301504899e-05,2.0734919980168343,1.016791358590126
4,43,400,260,6.0248697991482913e-05,6.017434607201722e-05,6.06221978666457e-05,0.0015467725631185653,1.0563330761215184e-05,2.1563906222581863,1.0557528361678123
4,43,400,270,5.951239290880039e-05,5.984445742797106e-05,6.030305602633073e-05,0.001384065908799612,1.0431978807901032e-05,2.2400435879826546,1.0949929803609848
4,43,400,280,5.920281182625331e-05,5.948908692516852e-05,5.996759113054851e-05,0.001229010025805368,1.043672273226548e-05,2.3227553367614746,1.134183332324028
4,43,400,290,5.88292459724471e-05,5.903841010876931e-05,5.958776001153085e-05,0.001082560885215807,1.0422884770378005e-05,2.4057663455605507,1.1731866896152496
4,43,400,300,5.84353729209397e-05,5.8558103773975745e-05,5.9169816279017573e-05,0.000945621394681944,1.0748696695372928e-05,2.488780863583088,1.2124048322439194
4,43,400,310,5.803185194963589e-05,5.8254045870853585e-05,5.879642909694225e-05,0.0008190358316999218,1.0369578376412392e-05,2.571455232799053,1.251647762954235
4,43,400,320,5.7549263146938756e-05,5.77739981963532e-05,5.837968814564322e-05,0.0007035846383594963,1.0113357348018326e-05,2.65496239811182,1.2907430827617645
4,43,400,330,5.74924451939296e-05,5.7591910444898534e-05,5.805952518987345e-05,0.0005999796096590286,1.034802698995918e-05,2.737774521112442,1.3303785100579262
4,43,400,340,5.6917760957730934e-05,5.7106940585072155e-05,5.7671312527353244e-05,0.0005088595050526241,1.0057979125122074e-05,2.8207763135433197,1.369266964495182
4,43,400,350,5.694510764442384e-05,5.6956937623908746e-05,5.738169670500386e-05,0.00043078611028569286,1.001167947833892e-05,2.904090642929077,1.4082393497228622
4,43,400,360,5.650911043630913e-05,5.675952124875039e-05,5.712734963664733e-05,0.00036624077379900923,1.0037339961854741e-05,2.986609198153019,1.4476214945316315
4,43,400,370,5.647102079819888e-05,5.656710527546238e-05,5.689975236178453e-05,0.00031562143905551756,9.644497367844451e-06,3.0694822147488594,1.4864668473601341
4,43,400,380,5.634000262944028e-05,5.6319203577004376e-05,5.666489888061376e-05,0.0002792401910865478,9.78351181402104e-06,3.152634382247925,1.5255754217505455
4,43,400,390,5.6212025810964406e-05,5.622307799058035e-05,5.6487155399591866e-05,0.00025732133238382107,9.741578651301097e-06,3.235122248530388,1.564589686691761
4,43,400,400,5.607886123470962e-05,5.6150938689825125e-05,5.634873096941304e-05,0.00025,9.664907338446938e-06,3.3182439506053925,1.6034438833594322
4,43,500,0,,,,0.005,,0.0,0.039009563624858856
4,43,500,10,6.6252781834919e-05,6.767997692804783e-05,7.096780748248593e-05,0.004995313480017145,1.3691790627490263e-05,0.08355168253183365,0.07832357287406921
4,43,500,20,6.530881364597008e-05,6.57532989862375e-05,6.885936234718759e-05,0.004981272415621885,1.2566930308821611e-05,0.16617105901241302,0.11762100458145142
4,43,500,30,6.481782475020736e-05,6.503529584733769e-05,6.731503683032704e-05,0.004957932220480637,1.2348405107331928e-05,0.24901173263788223,0.1565045490860939
4,43,500,40,6.449900683946908e-05,6.462530072894878e-05,6.623015265586738e-05,0.004925385007680501,1.2144238098699134e-05,0.3322987034916878,0.19559437781572342
4,43,500,50,6.43428647890687e-05,6.436498952098191e-05,6.547955673477439e-05,0.004883759226200992,1.1746568816306535e-05,0.41484903544187546,0.23491232842206955
4,43,500,60,6.414588278857991e-05,6.419313576770947e-05,6.496002598599274e-05,0.004833219153984597,1.1854900549224112e-05,0.4975103735923767,0.2740037068724632
4,43,500,70,6.398141704266891e-05,6.400554630090483e-05,6.457315945885978e-05,0.0047739642496067965,1.1697196896420792e-05,0.5804937183856964,0.31329718232154846
4,43,500,80,6.378162652254105e-05,6.38756544503849e-05,6.429011255303033e-05,0.004706228365104177,1.1465127499832306e-05,0.6629993170499802,0.35224175453186035
4,43,500,90,6.369472248479724e-05,6.376843884936534e-05,6.407847258520322e-05,0.004630278823067287,1.1524554793140851e-05,0.7461770623922348,0.3912556990981102
4,43,500,100,6.346571171889082e-05,6.360477491398341e-05,6.3885140782938e-05,0.004546415361640501,1.1352181900292635e-05,0.8291281536221504,0.43056464940309525
4,43,500,110,6.331902113743126e-05,6.34508345683571e-05,6.370654526265845e-05,0.0044549689515925,1.127055202232441e-05,0.9118155390024185,0.46944107860326767
4,43,500,120,6.331023905659094e-05,6.334850331768394e-05,6.35605634240673e-05,0.004356300490125853,1.1254694072704297e-05,0.9950126931071281,0.5085087418556213
4,43,500,130,6.305692659225315e-05,6.320542379398831e-05,6.341530127554898e-05,0.004250799376580636,1.1271036783000454e-05,1.0775587484240532,0.5475651770830154
4,43,500,140,6.309265154413879e-05,6.318693194771186e-05,6.33186454215547e-05,0.004138881975653138,1.121515470003942e-05,1.1609833613038063,0.5869796052575111
4,43,500,150,6.286056304816157e-05,6.304195485427045e-05,6.320562591829192e-05,0.004020989974194622,1.1148253179271705e-05,1.2439656481146812,0.6263787150382996
4,43,500,160,6.305641727522016e-05,6.294582126429305e-05,6.310376972170972e-05,0.0038975886380751106,1.1125872333650477e-05,1.3265836760401726,0.6654031574726105
4,43,500,170,6.273665348999202e-05,6.279245717450976e-05,6.297632794687323e-05,0.0037691649759915647,1.0932367331406567e-05,1.4101014509797096,0.7047580108046532
4,43,500,180,6.261973612708971e-05,6.263512186706066e-05,6.283619090575478e-05,0.0036362258174670375,1.0799645679071546e-05,1.4928516522049904,0.7440218031406403
4,43,500,190,6.24436215730384e-05,6.248662466532551e-05,6.269289763748004e-05,0.003499295812626098,1.0728252163971774e-05,1.5756724923849106,0.7828642427921295
4,43,500,200,6.226616096682847e-05,6.242390809347853e-05,6.258312184158967e-05,0.0033589153616404863,1.0959010978695005e-05,1.6585806459188461,0.8221393749117851
4,43,500,210,6.225614924915135e-05,6.221874500624835e-05,6.243492772692154e-05,0.003215638482016514,1.060575323208468e-05,1.7412082254886627,0.8610680103302002
4,43,500,220,6.19403290329501e-05,6.200937859830446e-05,6.22608684191853e-05,0.0030700306221410787,1.0718370504037011e-05,1.8236876800656319,0.8999912589788437
4,43,500,230,6.167621177155524e-05,6.186799582792446e-05,6.209791208335722e-05,0.0029226664297152035,1.0922922228928655e-05,1.9061905890703201,0.9390677437186241
4,43,500,240,6.157642928883433e-05,6.168565014377236e-05,6.192995473663045e-05,0.002774127483882098,1.0463315447850619e-05,1.9888208657503128,0.9781796932220459
4,43,500,250,6.124251376604661e-05,6.14853110164404e-05,6.174526033095441e-05,0.002624999999999979,1.0530136023589876e-05,2.0722421407699585,1.0172093883156776
4,43,500,260,6.131383997853845e-05,6.125442305346951e-05,6.154909059246267e-05,0.00247587251611786,1.0480883247510064e-05,2.1550100669264793,1.0565166845917702
4,43,500,270,6.085775021347217e-05,6.10399765719194e-05,6.13413987442711e-05,0.0023273335702847535,1.0384922461526003e-05,2.2376996651291847,1.095630168914795
4,43,500,280,6.0617698181886226e-05,6.088896370783914e-05,6.115346769803907e-05,0.0021799693778588774,1.0434734576847404e-05,2.3210770562291145,1.1345959082245827
4,43,500,290,6.039446088834666e-05,6.056502497813199e-05,6.0912719504943176e-05,0.0020343615179834454,1.044693090079818e-05,2.403566852211952,1.1735518723726273
4,43,500,300,6.008090349496342e-05,6.01730866037542e-05,6.061142267733355e-05,0.0018910846383594765,1.0762046258605551e-05,2.486443854868412,1.2125892788171768
4,43,500,310,5.979795605526306e-05,5.9955355027341284e-05,6.034266567686114e-05,0.0017507041873738687,1.0343581379856914e-05,2.5696253776550293,1.2517179921269417
4,43,500,320,5.920890544075519e-05,5.954582375125028e-05,6.001455869089489e-05,0.0016137741825329329,1.0322406524210237e-05,2.6522378772497177,1.2910734936594963
4,43,500,330,5.922631680732593e-05,5.935064036748372e-05,5.9742809263959845e-05,0.0014808350240084096,1.0493460649740882e-05,2.7354803159832954,1.330039918422699
4,43,500,340,5.856710049556568e-05,5.88357332162559e-05,5.9372550820037206e-05,0.001352411361924868,1.039011749526253e-05,2.818323753774166,1.36918805539608
4,43,500,350,5.844628321938217e-05,5.8571871340973304e-05,5.904531625549819e-05,0.0012290100258053628,1.0236376510874834e-05,2.900943271815777,1.4082728624343872
4,43,500,360,5.7971581554738805e-05,5.8263033133698626e-05,5.8724125729177234e-05,0.0011111180243468495,1.0342114364902955e-05,2.9845197796821594,1.4474395886063576
4,43,500,370,5.775636964244768e-05,5.788867856608704e-05,5.838338495740472e-05,0.0009992006234193546,9.98264476947952e-06,3.0672779232263565,1.486496590077877
4,43,500,380,5.751045682700351e-05,5.748560943175107e-05,5.8021104862738277e-05,0.0008936995098741384,1.0134400326933246e-05,3.1500173211097717,1.5255525037646294
4,43,500,390,5.714908184017986e-05,5.7194114560843445e-05,5.768580249011009e-05,0.0007950310484074932,9.973679880204145e-06,3.2328146398067474,1.564758226275444
4,43,500,400,5.687560769729316e-05,5.696907755918801e-05,5.7392642946506747e-05,0.0007035846383594937,9.935111847880762e-06,3.3155228197574615,1.6037194579839706
4,43,500,410,5.6740533182164654e-05,5.666006800311152e-05,5.709423054756538e-05,0.0006197211769327091,9.866208529274445e-06,3.3988320976495743,1.6426160708069801
4,43,500,420,5.6525277614127845e-05,5.64396490517538e-05,5.683146648532627e-05,0.0005437716348958199,9.899552424030844e-06,3.4814548194408417,1.6817665100097656
4,43,500,430,5.594909453066066e-05,5.6178764498326925e-05,5.65598311679225e-05,0.0004760357503932009,9.80859203991713e-06,3.5641396790742874,1.720643550157547
4,43,500,440,5.5948599765542895e-05,5.602046658168547e-05,5.6342305568506306e-05,0.00041678084601540037,9.601858437235933e-06,3.6473685204982758,1.7598369345068932
4,43,500,450,5.5702585086692125e-05,5.5815577434259465e-05,5.612705615769791e-05,0.0003662407737990087,9.535136996419169e-06,3.729937471449375,1.7990818992257118
4,43,500,460,5.56041813979391e-05,5.565795509028248e-05,5.59347868417279e-05,0.00032461499231950015,9.654168025008403e-06,3.8130872398614883,1.8380196765065193
4,43,500,470,5.5301657994277775e-05,5.546391403186135e-05,5.57439229963799e-05,0.0002920677795193637,9.65913204709068e-06,3.8961995020508766,1.8772298693656921
4,43,500,480,5.540087295230478e-05,5.531634051294532e-05,5.557521484330421e-05,0.00026872758437811503,9.495053745922633e-06,3.9788048192858696,1.9160323664546013
4,43,500,490,5.477605736814439e-05,5.519498408830259e-05,5.541585851434858e-05,0.00025468651998285496,9.542883162794169e-06,4.061101138591766,1.954957164824009
4,43,500,500,5.524583320948295e-05,5.525189080799464e-05,5.5348004039179106e-05,0.00025,9.244055036106147e-06,4.143613763153553,1.9940460920333862
4,43,600,0,,,,0.005,,0.0,0.03907717764377594
4,43,600,10,6.624247180297971e-05,6.767956147086806e-05,7.09677071749323e-05,0.004996745145042113,1.3684802979696542e-05,0.08373711258172989,0.07799751311540604
4,43,600,20,6.538437446579337e-05,6.581107445526868e-05,6.888386508405316e-05,0.0049869895014996515,1.265904211322777e-05,0.1662701964378357,0.11720260977745056
4,43,600,30,6.481380114564672e-05,6.507202924694866e-05,6.734366030423259e-05,0.004970759808913455,1.235237141372636e-05,0.24898307025432587,0.1561235412955284
4,43,600,40,6.455945549532771e-05,6.464843754656613e-05,6.625722485671577e-05,0.004948100551742791,1.2156329830759205e-05,0.3324276879429817,0.19511988759040833
4,43,600,50,6.437076081056148e-05,6.440969154937193e-05,6.551333469251385e-05,0.004919073837436538,1.1842917047033552e-05,0.41467107832431793,0.23402318358421326
4,43,600,60,6.417525582946837e-05,6.425151368603111e-05,6.500297433139632e-05,0.00488375922620099,1.1825003639387432e-05,0.4974081441760063,0.27281394600868225
4,43,600,70,6.399432459147647e-05,6.407371693057939e-05,6.462535827888483e-05,0.0048422535129308535,1.1589331734285224e-05,0.5800083875656128,0.3117625340819359
4,43,600,80,6.385376036632806e-05,6.391144124791026e-05,6.433547958325771e-05,0.004794670461901176,1.1445950804045424e-05,0.6624928936362267,0.3507334515452385
4,43,600,90,6.373730138875544e-05,6.379426267812959e-05,6.41155091326401e-05,0.004741140494947373,1.1489867574709933e-05,0.7454199716448784,0.38957928121089935
4,43,600,100,6.360257975757122e-05,6.368985923472792e-05,6.394306201143403e-05,0.004681810333988041,1.132801753556123e-05,0.8279930204153061,0.4288943409919739
4,43,600,110,6.34167663520202e-05,6.356177036650478e-05,6.378631570997184e-05,0.004616842598870382,1.1351445209584199e-05,0.9108296483755112,0.46786142885684967
4,43,600,120,6.349536852212623e-05,6.346808368107304e-05,6.365740767341802e-05,0.0045464153616404995,1.1176710358995479e-05,0.9941661581397057,0.506963811814785
4,43,600,130,6.320056127151474e-05,6.335362922982313e-05,6.353241919772392e-05,0.004470721658460307,1.1235395504627377e-05,1.076777346432209,0.5462291613221169
4,43,600,140,6.320364627754316e-05,6.328489689622074e-05,6.34278807351275e-05,0.004389968960508812,1.1203256690350827e-05,1.1594669222831726,0.5852583572268486
4,43,600,150,6.298487278399989e-05,6.313737831078469e-05,6.331060016292024e-05,0.004304378605318053,1.110487210098654e-05,1.2419544234871864,0.6241807043552399
4,43,600,160,6.312444747891277e-05,6.304378039203584e-05,6.32052508404004e-05,0.00421418519010229,1.1072097549913451e-05,1.3244358524680138,0.6630767583847046
4,43,600,170,6.291335739661008e-05,6.293261394603178e-05,6.309426955963918e-05,0.004119635928743364,1.0881624803005252e-05,1.4070247560739517,0.7020387127995491
4,43,600,180,6.280628440435976e-05,6.282302783802151e-05,6.298175252611172e-05,0.004020989974194621,1.0740559446276166e-05,1.4896973967552185,0.7411922141909599
4,43,600,190,6.264551484491676e-05,6.267686330829747e-05,6.285813701521295e-05,0.003918517708160683,1.074824649549555e-05,1.5725041255354881,0.7800858691334724
4,43,600,200,6.245505210245028e-05,6.263411487452685e-05,6.276635880820177e-05,0.0038124999999999912,1.0956722690025344e-05,1.655833438038826,0.8192376717925072
4,43,600,210,6.249839498195797e-05,6.249333309824579e-05,6.265540282207465e-05,0.003703227436881412,1.0590596502879634e-05,1.7382926046848297,0.8583628386259079
4,43,600,220,6.227365520317107e-05,6.234441825654357e-05,6.252863500009524e-05,0.003590999527305013,1.0660824955266435e-05,1.821101114153862,0.8972259908914566
4,43,600,230,6.214248423930258e-05,6.228793499758467e-05,6.242830817108978e-05,0.0034761238801700733,1.0887079042731784e-05,1.9036155939102173,0.9363982602953911
4,43,600,240,6.205170211615041e-05,6.2141619855538e-05,6.231227806637592e-05,0.0033589153616404837,1.0464412298460957e-05,1.9861915111541748,0.9752886220812798
4,43,600,250,6.178192415973172e-05,6.197002730914391e-05,6.217027301816737e-05,0.0032396952321184693,1.0510648280614987e-05,2.069475583732128,1.0142722725868225
4,43,600,260,6.188854604260996e-05,6.182332872413099e-05,6.20316581691504e-05,0.00311879026569216,1.0408386515337043e-05,2.15223041921854,1.053533062338829
4,43,600,270,6.151286652311683e-05,6.169023981783539e-05,6.189131465837686e-05,0.0029965318544705275,1.029892337101046e-05,2.2349540442228317,1.0925147235393524
4,43,600,280,6.133384158601984e-05,6.156213421490975e-05,6.175425093103647e-05,0.0028732551002606556,1.0305881005479023e-05,2.317998267710209,1.1314839497208595
4,43,600,290,6.12213698332198e-05,6.135151634225621e-05,6.158984995927638e-05,0.002749297896076969,1.0317519809177611e-05,2.400471329689026,1.1706069484353065
4,43,600,300,6.101027247495949e-05,6.10869232332334e-05,6.138574317433499e-05,0.0026249999999999746,1.0708510671975091e-05,2.483697824180126,1.209493227303028
4,43,600,310,6.090576061978936e-05,6.095297576393932e-05,6.120893438563384e-05,0.0025007021039229835,1.0280482456437312e-05,2.5668185651302338,1.2487749755382538
4,43,600,320,6.0423622926464304e-05,6.068873408366926e-05,6.0993744638080455e-05,0.002376744899739297,1.024766061163973e-05,2.649479925632477,1.2877121716737747
4,43,600,330,6.053597462596372e-05,6.058533508621622e-05,6.082737165428995e-05,0.002253468145529425,1.0452559763507452e-05,2.73301337659359,1.326876550912857
4,43,600,340,5.9969519497826695e-05,6.017784908181056e-05,6.056161635479996e-05,0.002131209734307794,1.034904744301457e-05,2.815688095986843,1.3661583960056305
4,43,600,350,5.992834485368803e-05,5.9997164134983906e-05,6.033036828638343e-05,0.002010304767881488,1.0213268978986889e-05,2.8985525146126747,1.4051232561469078
4,43,600,360,5.957930989097804e-05,5.977029213681817e-05,6.010023757268994e-05,0.0018910846383594763,1.0353503967053257e-05,2.982105575501919,1.4441907554864883
4,43,600,370,5.939639231655747e-05,5.94837409153115e-05,5.984786600581931e-05,0.0017738761198298906,1.0032474165200256e-05,3.064667209982872,1.4832166209816933
4,43,600,380,5.91207281104289e-05,5.910649015277159e-05,5.954795559172629e-05,0.0016590004726949538,1.0194315109401941e-05,3.1479569002985954,1.522139273583889
4,43,600,390,5.8732017350848764e-05,5.8834040100919085e-05,5.925670759224119e-05,0.0015467725631185573,1.0069377822219394e-05,3.23088651150465,1.56117994338274
4,43,600,400,5.851477908436209e-05,5.857347096025478e-05,5.897696618073713e-05,0.0014374999999999822,1.0070811185869388e-05,3.313458725810051,1.6002010330557823
4,43,600,410,5.826185952173546e-05,5.8239466670784165e-05,5.8675170812804015e-05,0.001331482291839296,1.005063586489996e-05,3.3967752903699875,1.6393041387200356
4,43,600,420,5.795127071905881e-05,5.791601688542869e-05,5.8367889483595244e-05,0.001229010025805363,1.0071486940432806e-05,3.4796072468161583,1.678420402109623
4,43,600,430,5.72873541386798e-05,5.756008395110257e-05,5.803294497859608e-05,0.0011303640712566243,1.0053910045826342e-05,3.5620322078466415,1.7173278704285622
4,43,600,440,5.719276305171661e-05,5.7260982794105074e-05,5.7720425911018425e-05,0.0010358148098977011,9.943310942617245e-06,3.644651733338833,1.7564891129732132
4,43,600,450,5.678259185515344e-05,5.69285959500121e-05,5.739642464699096e-05,0.0009456213946819407,9.907088497129735e-06,3.7273399978876114,1.795511782169342
4,43,600,460,5.6598604714963585e-05,5.667109362548217e-05,5.7099239238462675e-05,0.0008600310394911803,9.847469300439116e-06,3.8099317476153374,1.8344969376921654
4,43,600,470,5.6145392591133714e-05,5.62943871045718e-05,5.677248176544707e-05,0.0007792783415396872,1.0046750503533985e-05,3.892530933022499,1.8735128045082092
4,43,600,480,5.6118686188710853e-05,5.603766549029387e-05,5.647863796651869e-05,0.0007035846383594942,9.80226195679279e-06,3.9751591458916664,1.9128818064928055
4,43,600,490,5.527678149519488e-05,5.57865478185704e-05,5.618967759117364e-05,0.0006331574011296133,9.884488463285379e-06,4.058454185724258,1.9519100785255432
4,43,600,500,5.570697976509109e-05,5.571921428781934e-05,5.599666097326216e-05,0.0005681896660119545,9.470688382862136e-06,4.141409873962402,1.9911719933152199
4,43,600,510,5.531355054699816e-05,5.548905646719504e-05,5.578440741361195e-05,0.0005088595050526232,9.572181625117082e-06,4.224272057414055,2.030218981206417
4,43,600,520,5.5291639000643045e-05,5.54075635591289e-05,5.562816799471131e-05,0.0004553295380988207,9.35604748519836e-06,4.307708159089088,2.0696497559547424
4,43,600,530,5.484522625920363e-05,5.515817319974303e-05,5.5432328156185535e-05,0.000407746487069144,9.312932888860814e-06,4.390303313732147,2.108821429312229
4,43,600,540,5.496818630490452e-05,5.515763295989018e-05,5.531884790502011e-05,0.000366240773799009,9.43002578424057e-06,4.473310358822346,2.147678069770336
4,43,600,550,5.468720701173879e-05,5.4979870037641375e-05,5.518035833773364e-05,0.0003309261625634618,9.23358675208874e-06,4.5564856082201,2.186815120279789
4,43,600,560,5.466886796057224e-05,5.485912806761917e-05,5.504892326034645e-05,0.00030189944825721114,9.250158655049745e-06,4.639006286859512,2.2259581387043
4,43,600,570,5.4799864301458e-05,5.477275844896212e-05,5.493465867834231e-05,0.00027924019108654767,9.26607390283607e-06,4.722455903887749,2.265177622437477
4,43,600,580,5.4804400861030445e-05,5.467258815770037e-05,5.483023431015763e-05,0.00026301049850035074,9.267247151001357e-06,4.805497236549854,2.3045820966362953
4,43,600,590,5.4514130169991404e-05,5.459240419440903e-05,5.47332125306295e-05,0.0002532548549578871,9.159683941106778e-06,4.888332217931747,2.343755193054676
4,43,600,600,5.446815339382738e-05,5.4583934252150355e-05,5.4669122380004325e-05,0.00025,9.184532245853916e-06,4.971860289573669,2.382910892367363
4,43,700,0,,,,0.005,,0.0,0.03913819044828415
4,43,700,10,6.625580135732889e-05,6.768549355911091e-05,7.097035474298708e-05,0.004997608533035624,1.3752148333878722e-05,0.08282642811536789,0.0780995562672615
4,43,700,20,6.537458102684468e-05,6.575191073352472e-05,6.88617623893279e-05,0.004990438948238695,1.2689883988059592e-05,0.16540279239416122,0.11734408140182495
4,43,700,30,6.4835898228921e-05,6.509184386231937e-05,6.733973222058758e-05,0.004978505684198846,1.2309884368733037e-05,0.24797077476978302,0.1564946472644806
4,43,700,40,6.460437725763768e-05,6.470551088568754e-05,6.627799835904027e-05,0.004961832772921746,1.214248641190352e-05,0.3306146264076233,0.19564615935087204
4,43,700,50,6.43627718091011e-05,6.442676967708394e-05,6.553190951839805e-05,0.004940453791431832,1.1886237189173698e-05,0.41404104232788086,0.23469189554452896
4,43,700,60,6.419145211111754e-05,6.422288133762777e-05,6.500321416459516e-05,0.004914411794152653,1.180052277049981e-05,0.496832437813282,0.2739531844854355
4,43,700,70,6.396870594471693e-05,6.406583561329171e-05,6.46220952034843e-05,0.004883759226200991,1.1576154065551236e-05,0.5796863585710526,0.31289562582969666
4,43,700,80,6.3854553445708e-05,6.392305149347522e-05,6.43388304399269e-05,0.004848557817769377,1.1500622349558398e-05,0.6629816964268684,0.3519798666238785
4,43,700,90,6.376473174896091e-05,6.383468862622977e-05,6.413392922981502e-05,0.004808878459809697,1.147525563283125e-05,0.7455038353800774,0.3910975530743599
4,43,700,100,6.364953878801316e-05,6.37011049548164e-05,6.395898161206198e-05,0.0047648010612682465,1.135210732172709e-05,0.8286196067929268,0.4298606440424919
4,43,700,110,6.348507304210216e-05,6.359748804243281e-05,6.381052211475364e-05,0.004716414388159756,1.124875507230172e-05,0.9123865142464638,0.4690812677145004
4,43,700,120,6.348350871121511e-05,6.350573385134339e-05,6.368597085295281e-05,0.004663815884804437,1.1197710591659416e-05,0.9952584877610207,0.5081916749477386
4,43,700,130,6.3191560911946e-05,6.337025843095034e-05,6.355688421864593e-05,0.004607111477588099,1.1267829904682003e-05,1.078202411532402,0.547194242477417
4,43,700,140,6.327930896077305e-05,6.33477910014335e-05,6.346809253480279e-05,0.004546415361640505,1.1242000255151652e-05,1.160813182592392,0.5865145772695541
4,43,700,150,6.303133704932407e-05,6.322560875560157e-05,6.336839404746857e-05,0.004481849770861575,1.108765627577668e-05,1.2437178269028664,0.6254915222525597
4,43,700,160,6.325397407636046e-05,6.317014558590017e-05,6.329087359216735e-05,0.004413544731758579,1.1117707799712662e-05,1.3271435648202896,0.6645585224032402
4,43,700,170,6.30875292699784e-05,6.305985589278862e-05,6.319655334179389e-05,0.004341637801590058,1.0926267350441776e-05,1.4098096787929535,0.7036903873085976
4,43,700,180,6.295934872468933e-05,6.293266487773508e-05,6.308828838681657e-05,0.004266273791343808,1.0728314009611495e-05,1.4926699101924896,0.7426856458187103
4,43,700,190,6.282435060711578e-05,6.287036740104668e-05,6.300007915210025e-05,0.0041876044741068225,1.0700673556129914e-05,1.575748473405838,0.7818218991160393
4,43,700,200,6.27041154075414e-05,6.282500326051376e-05,6.292945923071743e-05,0.004105788279414497,1.0991674571414478e-05,1.6584679782390594,0.8209081441164017
4,43,700,210,6.273188046179712e-05,6.267696589929983e-05,6.282859140440058e-05,0.004020989974194624,1.0638087587722111e-05,1.741519644856453,0.8598133325576782
4,43,700,220,6.251447484828532e-05,6.255298940232024e-05,6.271586956998604e-05,0.003933380330948743,1.066553159034811e-05,1.8245367035269737,0.8991873562335968
4,43,700,230,6.237246270757169e-05,6.25010987278074e-05,6.262554948529977e-05,0.003843135783839026,1.0774010661407374e-05,1.9072026908397675,0.938201367855072
4,43,700,240,6.229137943591923e-05,6.238037894945592e-05,6.252637581845999e-05,0.0037504380733733673,1.0515726899029687e-05,1.9907050132751465,0.9772805124521255
4,43,700,250,6.207711703609675e-05,6.226762707228772e-05,6.241782879835591e-05,0.003655473880404196,1.0518718227103818e-05,2.073189616203308,1.0165228620171547
4,43,700,260,6.2252685893327e-05,6.216190158738754e-05,6.23174559997805e-05,0.0035584344501780616,1.0425312211737037e-05,2.1560742035508156,1.0555209815502167
4,43,700,270,6.199546623975039e-05,6.20785060164053e-05,6.222080004497056e-05,0.003459515207193181,1.027363305183826e-05,2.239596866071224,1.0946939066052437
4,43,700,280,6.180239142850041e-05,6.199398121680133e-05,6.212560482525969e-05,0.0033589153616404915,1.031196370604448e-05,2.3218531385064125,1.1336409002542496
4,43,700,290,6.177178147481754e-05,6.184051890159025e-05,6.200980917246393e-05,0.0032568375082208416,1.0293262675986625e-05,2.404673621058464,1.1726217344403267
4,43,700,300,6.158043106552213e-05,6.159557087812573e-05,6.184241852685539e-05,0.003153487218146233,1.06538818727131e-05,2.487306445837021,1.2115650922060013
4,43,700,310,6.150620174594223e-05,6.152434580144472e-05,6.171239741441841e-05,0.003049072625146745,1.0248467333440203e-05,2.569961190223694,1.2505419850349426
4,43,700,320,6.107656372478232e-05,6.128955647000112e-05,6.153799582692471e-05,0.002943804006316912,1.0184769962506834e-05,2.6526526659727097,1.2897864431142807
4,43,700,330,6.12154180998914e-05,6.12595489656087e-05,6.142449295276674e-05,0.002837893358645634,1.0320272849639878e-05,2.7354493513703346,1.3288744688034058
4,43,700,340,6.081391256884672e-05,6.094889758969657e-05,6.123081081671071e-05,0.002731553972082453,1.0313548045814969e-05,2.8189778849482536,1.367975391447544
4,43,700,350,6.0776877944590524e-05,6.0808998387074095e-05,6.10579858041902e-05,0.002624999999999979,1.0148963156098034e-05,2.9016893431544304,1.4072736948728561
4,43,700,360,6.056510756025091e-05,6.0675282293232156e-05,6.090142099073109e-05,0.002518446027917505,1.025567871693056e-05,2.984465792775154,1.4461687430739403
4,43,700,370,6.0372236475814134e-05,6.045718473615125e-05,6.071995056007612e-05,0.0024121066413543227,9.91803335637087e-06,3.068234361708164,1.4854513853788376
4,43,700,380,6.027273047948256e-05,6.0182241941220124e-05,6.050383245353802e-05,0.0023061959936830434,1.0109052709594835e-05,3.1508401706814766,1.5245331525802612
4,43,700,390,5.997262633172795e-05,6.001698238833342e-05,6.030444771754963e-05,0.0022009273748532132,1.0043735528597608e-05,3.2337637320160866,1.5634614676237106
4,43,700,400,5.983152368571609e-05,5.983047922200058e-05,6.011112077531332e-05,0.00209651278185373,1.0007517630583607e-05,3.316763214766979,1.6027821972966194
4,43,700,410,5.958346446277574e-05,5.956669701845385e-05,5.9888846895111555e-05,0.001993162491779124,1.0044262126029935e-05,3.3994709476828575,1.6418376863002777
4,43,700,420,5.9329271607566625e-05,5.931775922363158e-05,5.965727270916938e-05,0.0018910846383594791,1.0063627087220084e-05,3.4825636371970177,1.6809602826833725
4,43,700,430,5.877756484551355e-05,5.901592448935844e-05,5.939123241684697e-05,0.0017904847928067915,1.0086026122735348e-05,3.565409779548645,1.7204142734408379
4,43,700,440,5.866636274731718e-05,5.874889830010943e-05,5.913220870753874e-05,0.0016915655498219127,9.985962606151588e-06,3.6481636688113213,1.759348414838314
4,43,700,450,5.827836866956204e-05,5.8425586030352863e-05,5.884161978042287e-05,0.0015945261195957825,1.0016606211138424e-05,3.731668882071972,1.798499472439289
4,43,700,460,5.8055353292729706e-05,5.813280076836236e-05,5.855136469930572e-05,0.0014995619266266122,9.963899174181279e-06,3.814234346151352,1.8376321643590927
4,43,700,470,5.760015847044997e-05,5.7731651395442896e-05,5.821827909330452e-05,0.0014068642161609581,1.015764064504765e-05,3.897396817803383,1.8767945319414139
4,43,700,480,5.7526234741089866e-05,5.74301458982518e-05,5.790296385341016e-05,0.0013166196690512426,9.973951819119975e-06,3.9802504554390907,1.916303850710392
4,43,700,490,5.660530587192625e-05,5.711687190341763e-05,5.757493325861084e-05,0.0012290100258053637,1.0131507224286906e-05,4.062840156257153,1.9553481712937355
4,43,700,500,5.6802502513164654e-05,5.69585357879987e-05,5.7321798039538283e-05,0.0011442117205854962,9.785877409740351e-06,4.146139323711395,1.9943678975105286
4,43,700,510,5.636593050439842e-05,5.6619555834913626e-05,5.7029934474427844e-05,0.0010623955258931717,9.824018889048602e-06,4.228828884661198,2.0336479544639587
4,43,700,520,5.6388063967460766e-05,5.6451598356943575e-05,5.679234413029376e-05,0.0009837262086561868,9.66428797255503e-06,4.311541169881821,2.0725307539105415
4,43,700,530,5.576304829446599e-05,5.613366629404481e-05,5.651961372004008e-05,0.0009083621984099367,9.70635846897494e-06,4.394786529242992,2.1118491366505623
4,43,700,540,5.579852586379275e-05,5.601609627774451e-05,5.631246664471999e-05,0.0008364552682414167,9.780135769688059e-06,4.477949924767017,2.151003837585449
4,43,700,550,5.5390286433976144e-05,5.571190995397046e-05,5.606759320384071e-05,0.0007681502291384224,9.551195034873672e-06,4.560528419911861,2.1898161694407463
4,43,700,560,5.534319643629715e-05,5.55293750949204e-05,5.584776992427565e-05,0.0007035846383594941,9.580903679307085e-06,4.643276505172253,2.228757791221142
4,43,700,570,5.5302807595580816e-05,5.5316144789685494e-05,5.562950883962445e-05,0.0006428885224119009,9.493520337855443e-06,4.725741267204285,2.267840661108494
4,43,700,580,5.5160468036774546e-05,5.5145714577520265e-05,5.543313785154955e-05,0.0005861841151955634,9.545932698529214e-06,4.808275952935219,2.3068081960082054
4,43,700,590,5.48771204194054e-05,5.4953146900516e-05,5.5237682613004234e-05,0.0005335856118402431,9.357128874398768e-06,4.891654968261719,2.3458419144153595
4,43,700,600,5.470871110446751e-05,5.4865817946847526e-05,5.508321136158516e-05,0.00048519893873175113,9.321033758169506e-06,4.974028654396534,2.3850269839167595
4,43,700,610,5.44292779522948e-05,5.4729227485950105e-05,5.493826451171558e-05,0.00044112154019030204,9.280927770305425e-06,5.056986473500729,2.423945851624012
4,43,700,620,5.442751353257336e-05,5.456573162518907e-05,5.478709087974218e-05,0.00040144218223062177,9.182900612358935e-06,5.140625312924385,2.4629150703549385
4,43,700,630,5.471044278237969e-05,5.453359081002418e-05,5.468700973948525e-05,0.0003662407737990085,9.076697097043507e-06,5.223070226609707,2.501934453845024
4,43,700,640,5.436645005829632e-05,5.4449483650387263e-05,5.458655164480262e-05,0.0003355882058473472,8.968422662292141e-06,5.3062844052910805,2.5407324209809303
4,43,700,650,5.430053352029063e-05,5.432037105492782e-05,5.4479626556865837e-05,0.00030954620856816795,9.105106073548086e-06,5.388651296496391,2.5795009806752205
4,43,700,660,5.40989640285261e-05,5.4272105990094134e-05,5.4396483684860257e-05,0.0002881672270782542,8.873994374880567e-06,5.471115253865719,2.6185137555003166
4,43,700,670,5.416940257418901e-05,5.4233049741014836e-05,5.433150380283952e-05,0.00027149431580115476,8.89439252205193e-06,5.554590590298176,2.657426528632641
4,43,700,680,5.390276055550203e-05,5.4121764333103786e-05,5.424237925701597e-05,0.00025956105176130705,8.796656402410008e-06,5.637089841067791,2.6962663009762764
4,43,700,690,5.4114767408464104e-05,5.416342683020048e-05,5.4208772100154855e-05,0.00025239146696437784,8.828841600916348e-06,5.719506189227104,2.735219821333885
4,43,700,700,5.4195636039366946e-05,5.4035321591072714e-05,5.413999175367548e-05,0.00025,8.913583769754041e-06,5.802656501531601,2.7742162197828293
4,43,800,0,,,,0.005,,0.0,0.039156824350357056
4,43,800,10,6.628883420489728e-05,6.769181563868188e-05,7.097336571313909e-05,0.004998168961071719,1.368408902635565e-05,0.08290533721446991,0.07835592329502106
4,43,800,20,6.534963904414326e-05,6.580518675036728e-05,6.888363878451325e-05,0.00499267866761618,1.2744412742904387e-05,0.1655307039618492,0.11723440140485764
4,43,800,30,6.488115468528122e-05,6.511311876238324e-05,6.736241693517113e-05,0.004983537585267952,1.2372900528134778e-05,0.24804067611694336,0.15608155727386475
4,43,800,40,6.45208201603964e-05,6.464976104325615e-05,6.626812958312605e-05,0.004970759808913454,1.2105035239073914e-05,0.3305388540029526,0.19499478489160538
4,43,800,50,6.441236473619938e-05,6.441579971578903e-05,6.552209806811595e-05,0.0049543650409576735,1.1805517715401947e-05,0.4129856303334236,0.23411203175783157
4,43,800,60,6.418544217012823e-05,6.424060993595048e-05,6.500359641601375e-05,0.004934378560944483,1.1811066542577464e-05,0.49561960250139236,0.2729153037071228
4,43,800,70,6.398132245521992e-05,6.406604661606252e-05,6.46235451953679e-05,0.004910831186577412,1.1631068446149584e-05,0.5791338086128235,0.31238339841365814
4,43,800,80,6.388145266100764e-05,6.393888033926488e-05,6.434620174105706e-05,0.004883759226200989,1.1572875337151345e-05,0.6617123559117317,0.35147521644830704
4,43,800,90,6.375154771376401e-05,6.383603977155872e-05,6.413887809799228e-05,0.004853204422815899,1.1513044228195213e-05,0.7446542903780937,0.39030271768569946
4,43,800,100,6.365685112541541e-05,6.374439180945046e-05,6.397927313459492e-05,0.004819213889714307,1.138250718213385e-05,0.8272777050733566,0.42953042685985565
4,43,800,110,6.35082324151881e-05,6.361269915942103e-05,6.382854963632356e-05,0.00478184003783457,1.1277875273663085e-05,0.9097631201148033,0.4684734046459198
4,43,800,120,6.357427628245205e-05,6.353265998768621e-05,6.370908203560025e-05,0.004741140494947377,1.1299390280328225e-05,0.9933091104030609,0.5075435638427734
4,43,800,130,6.328007293632254e-05,6.342616470647044e-05,6.359224180869038e-05,0.004697178016797897,1.1400758921809029e-05,1.0759151875972748,0.546601191163063
4,43,800,140,6.331463373498991e-05,6.339637693599797e-05,6.350951202709663e-05,0.004650020390340973,1.1289060239505488e-05,1.158603847026825,0.5853633508086205
4,43,800,150,6.313162884907797e-05,6.328868621494622e-05,6.34198087404408e-05,0.004599740329218549,1.1102390089945402e-05,1.241843856871128,0.6243887096643448
4,43,800,160,6.337797094602138e-05,6.322949848254211e-05,6.334640171044593e-05,0.004546415361640503,1.1137709407194052e-05,1.3243812173604965,0.6633386164903641
4,43,800,170,6.314634811133146e-05,6.31265458650887e-05,6.325818924415998e-05,0.004490127710841771,1.0968162314384244e-05,1.4076296836137772,0.7022090405225754
4,43,800,180,6.309043965302408e-05,6.306151044555008e-05,6.317760011956928e-05,0.004430964168300075,1.0752384696388617e-05,1.490552730858326,0.7414462715387344
4,43,800,190,6.289996963459998e-05,6.292706748354249e-05,6.307548104265043e-05,0.004369015959909756,1.0800074960570782e-05,1.573109284043312,0.780341662466526
4,43,800,200,6.275315536186099e-05,6.291545141721145e-05,6.300981807730706e-05,0.004304378605318053,1.0929576092166826e-05,1.6566070467233658,0.8194620609283447
4,43,800,210,6.28931520623155e-05,6.279892259044572e-05,6.292500155637021e-05,0.00423715177064074,1.061168313754024e-05,1.7390533462166786,0.8586681336164474
4,43,800,220,6.264492549235001e-05,6.26821318292059e-05,6.282592197371791e-05,0.00416743911478419,1.0662873137334827e-05,1.8216217458248138,0.8975264057517052
4,43,800,230,6.248045974643901e-05,6.261603339225985e-05,6.273755208608951e-05,0.004095348129610857,1.0828979611687828e-05,1.9050375074148178,0.9365367889404297
4,43,800,240,6.248719000723213e-05,6.252924504224211e-05,6.26544924838189e-05,0.0040209899741946225,1.0495969036128372e-05,1.9875328615307808,0.9753995388746262
4,43,800,250,6.221655348781496e-05,6.243623429327271e-05,6.256153187800637e-05,0.003944479303421552,1.0493970876268577e-05,2.070816293358803,1.01419647783041
4,43,800,260,6.239731010282412e-05,6.232545420061796e-05,6.24694986853938e-05,0.0038659340912003707,1.0389217095507775e-05,2.153354085981846,1.0532190427184105
4,43,800,270,6.215539178811014e-05,6.225406541489064e-05,6.238179234683586e-05,0.003785475448555258,1.0220373042102437e-05,2.2356171756982803,1.0920702069997787
4,43,800,280,6.203203520271927e-05,6.22085717623122e-05,6.23094703925583e-05,0.0037032274368814094,1.0273122825310566e-05,2.3186028003692627,1.1309205070137978
4,43,800,290,6.194277375470847e-05,6.204316960065626e-05,6.220047113335902e-05,0.0036193168766513757,1.024947141559096e-05,2.401002950966358,1.170044519007206
4,43,800,300,6.180405762279406e-05,6.185282618389464e-05,6.205993668808874e-05,0.003533873151867071,1.0563658179307822e-05,2.483471564948559,1.2088694125413895
4,43,800,310,6.180415221024305e-05,6.181959179230034e-05,6.196194786494075e-05,0.0034470280105590254,1.0238725735689513e-05,2.5659793987870216,1.2476874366402626
4,43,800,320,6.144891813164577e-05,6.163655707496219e-05,6.182717410165569e-05,0.0033589153616404785,1.0188236956309993e-05,2.6484412848949432,1.286774031817913
4,43,800,330,6.157160532893613e-05,6.157622483442538e-05,6.172565262315746e-05,0.0032696710684295294,1.0297833796357736e-05,2.7310568168759346,1.3256947547197342
4,43,800,340,6.125104118837044e-05,6.137941309134476e-05,6.158522669818235e-05,0.003179432739157751,1.0272569852531888e-05,2.81436887383461,1.3647549599409103
4,43,800,350,6.12436342635192e-05,6.128566965344363e-05,6.146267560931082e-05,0.003088339514788278,1.0194093192694709e-05,2.8970233276486397,1.403937242925167
4,43,800,360,6.110883987275884e-05,6.117289813118987e-05,6.134417731410768e-05,0.0029965318544705206,1.014252848108299e-05,2.98021849244833,1.4428952187299728
4,43,800,370,6.0954342188779265e-05,6.09972354141064e-05,6.120251026885729e-05,0.0029041513189623355,9.92754394246731e-06,3.0638227835297585,1.481994979083538
4,43,800,380,6.086826033424586e-05,6.079763843445107e-05,6.104056007826022e-05,0.0028113403523536027,1.0050598575617187e-05,3.14631574600935,1.5213162377476692
4,43,800,390,6.0640115407295525e-05,6.0688495432259514e-05,6.089586318176276e-05,0.0027182420624277583,1.0052285688288976e-05,3.22962187230587,1.5603114888072014
4,43,800,400,6.060795203666203e-05,6.055220255802851e-05,6.075501715271486e-05,0.0026249999999999694,9.988235433411319e-06,3.312447115778923,1.5995464324951172
4,43,800,410,6.034119360265322e-05,6.0345045130816286e-05,6.05869504259392e-05,0.0025317579375721787,9.937602044374216e-06,3.3950610235333443,1.6385458260774612
4,43,800,420,6.0201924497960135e-05,6.017305131535977e-05,6.0419640979294394e-05,0.002438659647646336,9.964380296878517e-06,3.478274017572403,1.6776099354028702
4,43,800,430,5.9691155911423266e-05,5.9931274881819264e-05,6.021533525211352e-05,0.0023458486810376033,1.0085382200486492e-05,3.56085879355669,1.7170544415712357
4,43,800,440,5.961330680293031e-05,5.968836194369942e-05,6.000317496852187e-05,0.002253468145529418,9.894831237033941e-06,3.643725834786892,1.75600516051054
4,43,800,450,5.938754839007743e-05,5.94680241192691e-05,5.978302225106002e-05,0.0021616604852116622,9.8654672910925e-06,3.7273730412125587,1.7952319607138634
4,43,800,460,5.9178186347708106e-05,5.926082703808788e-05,5.956832118926785e-05,0.002070567260842192,9.906309060170315e-06,3.809902861714363,1.8343444913625717
4,43,800,470,5.881849938305095e-05,5.893283378100023e-05,5.9309230591856405e-05,0.001980328931570418,1.0083705092256423e-05,3.8927501514554024,1.8733154833316803
4,43,800,480,5.867477739229798e-05,5.864905833732337e-05,5.904295736684642e-05,0.0018910846383594715,9.890232831821777e-06,3.9756432324647903,1.9126905426383018
4,43,800,490,5.795168181066401e-05,5.8377601089887324e-05,5.8763740938166256e-05,0.001802971989440927,1.0119719263457227e-05,4.0584966614842415,1.9518264010548592
4,43,800,500,5.8114332205150276e-05,5.8238823476131075e-05,5.854779428984587e-05,0.0017161268481328867,9.774268619366921e-06,4.141893237829208,1.9907834753394127
4,43,800,510,5.772191070718691e-05,5.790938776044641e-05,5.828295009241112e-05,0.0016306831233485833,9.827091162151191e-06,4.224903389811516,2.0300245732069016
4,43,800,520,5.7682649639900774e-05,5.773215452791192e-05,5.805596786339507e-05,0.0015467725631185536,9.712482096801978e-06,4.307608671486378,2.0698297023773193
4,43,800,530,5.7017532526515424e-05,5.738452236982994e-05,5.777822324180487e-05,0.0014645245514447102,9.815097655518912e-06,4.391120597720146,2.1087393313646317
4,43,800,540,5.695350773748942e-05,5.717316562368069e-05,5.752884030384921e-05,0.0013840659087996018,9.92744116956601e-06,4.473530143499374,2.147785060107708
4,43,800,550,5.660989336320199e-05,5.68335843126988e-05,5.724586979448323e-05,0.0013055206965784264,9.726162716106046e-06,4.55634219199419,2.1866412460803986
4,43,800,560,5.6388980738120154e-05,5.6591341854073106e-05,5.697824628276699e-05,0.0012290100258053596,9.799052349990234e-06,4.63930307328701,2.2257235273718834
4,43,800,570,5.6219356338260695e-05,5.631343556160573e-05,5.670457216688989e-05,0.0011546518703891284,9.704640433483291e-06,4.721692144870758,2.2646743059158325
4,43,800,580,5.61197375645861e-05,5.6085914184222926e-05,5.645334310839885e-05,0.0010825608852157997,9.69329721556278e-06,4.804189041256905,2.303699404001236
4,43,800,590,5.567834887187928e-05,5.5822566719143654e-05,5.619559214667683e-05,0.0010128482293592501,9.64387618296314e-06,4.886578589677811,2.342745639383793
4,43,800,600,5.5374086514348164e-05,5.5632651128689756e-05,5.5962566650912144e-05,0.0009456213946819376,9.568940185999963e-06,4.96923366189003,2.3816848397254944
4,43,800,610,5.50951917830389e-05,5.543812840187456e-05,5.574866565169966e-05,0.0008809840400902355,9.603422768122982e-06,5.051891125738621,2.42106806486845
4,43,800,620,5.503394640982151e-05,5.5185971359605904e-05,5.5520880913346314e-05,0.0008190358316999166,9.443859198654536e-06,5.13463781774044,2.4599336460232735
4,43,800,630,5.520981358131394e-05,5.5106023137341256e-05,5.535428768428021e-05,0.0007598722891582217,9.33849787543295e-06,5.2183870524168015,2.498976171016693
4,43,800,640,5.4841089877299964e-05,5.494584329426289e-05,5.5184582524605964e-05,0.0007035846383594924,9.208295523421839e-06,5.300774745643139,2.5380324572324753
4,43,800,650,5.463315756060183e-05,5.473481760418508e-05,5.500197154036196e-05,0.0006502596707814487,9.286713066103403e-06,5.383312843739986,2.576875038444996
4,43,800,660,5.4416133934864774e-05,5.4631702369078994e-05,5.485123841529612e-05,0.0005999796096590256,9.146087904809974e-06,5.465869024395943,2.6161789894104004
4,43,800,670,5.44269714737311e-05,5.45073355169734e-05,5.471329101402104e-05,0.0005528219832021018,9.105730896408204e-06,5.548536464571953,2.655179351568222
4,43,800,680,5.405267438618466e-05,5.4358941270038486e-05,5.456419882265467e-05,0.0005088595050526219,8.957281352195423e-06,5.6317818984389305,2.694177746772766
4,43,800,690,5.4250187531579286e-05,5.4345608441508374e-05,5.447374073260106e-05,0.000468159962165428,8.963350410340354e-06,5.71432838588953,2.733349233865738
4,43,800,700,5.4316336900228634e-05,5.4169011855265124e-05,5.4352471832372304e-05,0.00043078611028569134,8.991253707790747e-06,5.797021292150021,2.772138513624668
4,43,800,710,5.405008414527401e-05,5.4073233332019297e-05,5.423804591856775e-05,0.00039679557718409785,9.01987004908733e-06,5.8797717317938805,2.8111648559570312
4,43,800,720,5.432353646028787e-05,5.397742315835785e-05,5.413583969893406e-05,0.0003662407737990084,8.887922376743518e-06,5.962307117879391,2.8502266108989716
4,43,800,730,5.391124068410136e-05,5.3948189452057706e-05,5.405870646728654e-05,0.0003391688134225863,9.06706463865703e-06,6.044920198619366,2.8891339898109436
4,43,800,740,5.391436934587546e-05,5.3772264072904365e-05,5.394342966656816e-05,0.0003156214390555172,8.60693307913607e-06,6.127311207354069,2.9282141700387
4,43,800,750,5.373301246436313e-05,5.375697874114849e-05,5.387104619443672e-05,0.000295634959042327,8.77434740687022e-06,6.2097707986831665,2.967379778623581
4,43,800,760,5.355469329515472e-05,5.3814242346561517e-05,5.384688756429211e-05,0.0002792401910865475,8.870211786415894e-06,6.292960666120052,3.0064940974116325
4,43,800,770,5.371416773414239e-05,5.365869656088762e-05,5.376907338452496e-05,0.0002664624147320497,8.647894901514519e-06,6.375435888767242,3.045851521193981
4,43,800,780,5.349082130123861e-05,5.368178353819531e-05,5.373296061985119e-05,0.00025732133238382096,8.75930163601879e-06,6.4584333673119545,3.0848261639475822
4,43,800,790,5.381152004702017e-05,5.3594763085129674e-05,5.3676800195316325e-05,0.00025183103892828306,8.611773409938905e-06,6.541843205690384,3.1240165680646896
4,43,800,800,5.349721686798148e-05,5.3549926451523786e-05,5.362349115337293e-05,0.00025,8.785030331637245e-06,6.6243651658296585,3.1629396826028824
4,43,900,0,,,,0.005,,0.0,0.03903566300868988
4,43,900,10,6.626552931265905e-05,6.768345774617046e-05,7.096944514878539e-05,0.004998553214170353,1.3778579159406945e-05,0.08328468352556229,0.07827495783567429
4,43,900,20,6.532264524139464e-05,6.578175889444537e-05,6.887216474395456e-05,0.004994214619367081,1.2615019841177855e-05,0.16592103242874146,0.11732703447341919
4,43,900,30,6.484839832410216e-05,6.511379979201593e-05,6.735522629975749e-05,0.004986989501499647,1.2339733075350523e-05,0.24912262707948685,0.1562698855996132
4,43,900,40,6.449400098063052e-05,6.465707556344569e-05,6.626621759306851e-05,0.004976886663261228,1.2210881322971545e-05,0.33191969990730286,0.19563006609678268
4,43,900,50,6.443032179959118e-05,6.442570011131466e-05,6.55268985930874e-05,0.004963918413403992,1.18467378342757e-05,0.41465042531490326,0.23457002639770508
4,43,900,60,6.422135629691184e-05,6.424054299714044e-05,6.500720265619342e-05,0.0049481005517427856,1.1781718058045954e-05,0.4980333596467972,0.2736281454563141
4,43,900,70,6.405789463315159e-05,6.410848000086844e-05,6.464305559912627e-05,0.004929452349905488,1.1715937944245525e-05,0.5807059556245804,0.3127605468034744
4,43,900,80,6.386230234056711e-05,6.396745957317762e-05,6.436710062531341e-05,0.0049079965278535035,1.1511209777381737e-05,0.6637692824006081,0.35183415561914444
4,43,900,90,6.382065475918353e-05,6.384839653037489e-05,6.415765895280462e-05,0.0048837592262009856,1.1558629012142774e-05,0.7465074136853218,0.3910209760069847
4,43,900,100,6.36941913398914e-05,6.374846998369321e-05,6.39918851817912e-05,0.004856769974366528,1.1407875717850402e-05,0.8287999182939529,0.43015529215335846
4,43,900,110,6.35166943538934e-05,6.361828709486872e-05,6.383865325999796e-05,0.004827061654596116,1.1237265425734222e-05,0.9118968993425369,0.46909721940755844
4,43,900,120,6.35061296634376e-05,6.353778371703811e-05,6.371455895523052e-05,0.004794670461901172,1.123553010984324e-05,0.9944083616137505,0.5082892552018166
4,43,900,130,6.329720054054633e-05,6.345645233523101e-05,6.360827202170081e-05,0.0047596358599605185,1.1352527508279309e-05,1.0770788490772247,0.5471428483724594
4,43,900,140,6.342822598526254e-05,6.34525298664812e-05,6.354180733982757e-05,0.004722000533039948,1.1284718311799224e-05,1.1604472324252129,0.5862529948353767
4,43,900,150,6.317798397503793e-05,6.332516713882796e-05,6.345402793377658e-05,0.004681810333988038,1.1101180461992044e-05,1.2428861483931541,0.6252751424908638
4,43,900,160,6.331990152830258e-05,6.32460622000508e-05,6.33720410483059e-05,0.004639114228371508,1.1127322068205103e-05,1.3253799229860306,0.6642208769917488
4,43,900,170,6.317593215499073e-05,6.314937709248625e-05,6.328190555034542e-05,0.00459396423481822,1.0979557373502757e-05,1.4081808403134346,0.7033977806568146
4,43,900,180,6.30594659014605e-05,6.306365175987594e-05,6.3191713003235e-05,0.004546415361640496,1.068052642949624e-05,1.4905010983347893,0.7424013093113899
4,43,900,190,6.299471715465188e-05,6.299318047240377e-05,6.311079048214557e-05,0.004496525539815961,1.076250737241935e-05,1.5737608224153519,0.78138218075037
4,43,900,200,6.281098467297852e-05,6.297485087998211e-05,6.305517031946662e-05,0.00444435555240757,1.1011359674739651e-05,1.656462475657463,0.8206003755331039
4,43,900,210,6.287763244472444e-05,6.283472466748208e-05,6.296609560450278e-05,0.004389968960508811,1.061386319634039e-05,1.7389546409249306,0.859411209821701
4,43,900,220,6.275712075876072e-05,6.275611085584387e-05,6.287997797193541e-05,0.004333432025804295,1.0693442163756117e-05,1.821279138326645,0.898332953453064
4,43,900,230,6.25739194219932e-05,6.269953737501056e-05,6.280420531422972e-05,0.004274813629840118,1.0812686014105566e-05,1.903744824230671,0.9373042061924934
4,43,900,240,6.256441702134907e-05,6.26179862592835e-05,6.272959852357969e-05,0.004214185190102288,1.0460599696671125e-05,1.986186496913433,0.976289838552475
4,43,900,250,6.235362525330856e-05,6.252204184420407e-05,6.264172880013657e-05,0.004151620573005531,1.0534433386055753e-05,2.0688245818018913,1.0154677107930183
4,43,900,260,6.25853645033203e-05,6.24560059804935e-05,6.257017275265316e-05,0.004087196003898436,1.0407927220512647e-05,2.152166910469532,1.054463803768158
4,43,900,270,6.229584687389433e-05,6.238000423763879e-05,6.24928678589959e-05,0.004020989974194619,1.0247043974231929e-05,2.2350021451711655,1.0936581492424011
4,43,900,280,6.220081559149548e-05,6.23480103968177e-05,6.243194312892259e-05,0.003953083145743019,1.0338440006307792e-05,2.317729212343693,1.132732778787613
4,43,900,290,6.21448562014848e-05,6.224961252883076e-05,6.235663534360921e-05,0.003883558252553855,1.0388013834017329e-05,2.401092156767845,1.1717791706323624
4,43,900,300,6.206234684213996e-05,6.20613995124586e-05,6.22376570150989e-05,0.0038124999999999895,1.0605683200992644e-05,2.4835323244333267,1.2111488431692123
4,43,900,310,6.201506039360538e-05,6.203247394296341e-05,6.21538512354624e-05,0.0037399949616164782,1.02636504379916e-05,2.5664898827672005,1.250112161040306
4,43,900,320,6.168714753584936e-05,6.19095480942633e-05,6.205232388413072e-05,0.003666131473624045,1.020648778649047e-05,2.650114879012108,1.2892756536602974
4,43,900,330,6.187381950439885e-05,6.187127291923389e-05,6.197861445017097e-05,0.0035909995273050097,1.0273702173435595e-05,2.7327717691659927,1.328378677368164
4,43,900,340,6.158027099445462e-05,6.166468374431133e-05,6.185133977414242e-05,0.0035146906593627745,1.0199719326919876e-05,2.8157300129532814,1.367444969713688
4,43,900,350,6.1542603361886e-05,6.158323303679935e-05,6.174076478120038e-05,0.0034372978403984468,1.0109314644068945e-05,2.8985878378152847,1.406852275133133
4,43,900,360,6.146656232886016e-05,6.150906265247613e-05,6.164548908069715e-05,0.003358915361640482,1.0202747034782078e-05,2.9811814799904823,1.445869967341423
4,43,900,370,6.138924072729424e-05,6.141688281786628e-05,6.155167683785475e-05,0.0032796387200653516,9.895812581817154e-06,3.064620830118656,1.4849851354956627
4,43,900,380,6.12333242315799e-05,6.120075413491577e-05,6.141078087672294e-05,0.0031995645020491863,9.9613453130587e-06,3.1473508551716805,1.5243013873696327
4,43,900,390,6.10692732152529e-05,6.112255614425522e-05,6.12918647923581e-05,0.003118790265692153,9.981132279790472e-06,3.2302831411361694,1.5632625296711922
4,43,900,400,6.109899550210685e-05,6.1021559304208495e-05,6.118207645166904e-05,0.0030374144219589344,9.896438314171974e-06,3.312896601855755,1.6022629216313362
4,43,900,410,6.089689486543648e-05,6.087374895287212e-05,6.105677841003262e-05,0.002955536114780128,9.870917892840225e-06,3.3954930379986763,1.6414962634444237
4,43,900,420,6.076482532080263e-05,6.0757174651371315e-05,6.0935351367608164e-05,0.002873255100260647,9.916813723975793e-06,3.4787219390273094,1.6804615035653114
4,43,900,430,6.041693995939568e-05,6.05738656304311e-05,6.078361242279997e-05,0.002790671625142266,9.981402399716899e-06,3.5618337616324425,1.7197200432419777
4,43,900,440,6.035706610418856e-05,6.039372092345729e-05,6.062774920675977e-05,0.0027078863046684073,9.834466254687868e-06,3.6443018540740013,1.7587833479046822
4,43,900,450,6.015745748300105e-05,6.022441557433922e-05,6.0461911818786636e-05,0.002624999999999966,9.810617484617978e-06,3.727909415960312,1.7977914065122604
4,43,900,460,5.999560380587354e-05,6.006849471305031e-05,6.029995548504107e-05,0.0025421136953315254,9.780831533134915e-06,3.8106263801455498,1.837235115468502
4,43,900,470,5.973243241896853e-05,5.978166991553735e-05,6.008925348720092e-05,0.002459328374857666,9.992686500481796e-06,3.893923759460449,1.8762812316417694
4,43,900,480,5.965587479295209e-05,5.955708256806247e-05,5.987636391047161e-05,0.0023767448997392875,9.851187314779963e-06,3.9772407561540604,1.9155745059251785
4,43,900,490,5.8998644817620516e-05,5.934081200393848e-05,5.965214542225461e-05,0.002294463885219809,9.949390914698597e-06,4.059846676886082,1.9546694979071617
4,43,900,500,5.914597204537131e-05,5.923273056396283e-05,5.94798671329835e-05,0.002212585578041007,9.69793018157361e-06,4.142471611499786,1.9936312213540077
4,43,900,510,5.8810423070099205e-05,5.895411086385138e-05,5.926141027344451e-05,0.0021312097343077875,9.809507901081815e-06,4.225220769643784,2.032579191029072
4,43,900,520,5.8730242017190903e-05,5.878762385691516e-05,5.906581620284532e-05,0.0020504354979507568,9.634225534682628e-06,4.30790052562952,2.071628339588642
4,43,900,530,5.819204670842737e-05,5.850735251442529e-05,5.883461381837771e-05,0.0019703612799345954,9.841965947998688e-06,4.390522547066212,2.1109727770090103
4,43,900,540,5.806721674161963e-05,5.8295539929531515e-05,5.861164198182723e-05,0.00189108463835947,9.841948667599354e-06,4.473531760275364,2.149961329996586
4,43,900,550,5.777377373306081e-05,5.799646605737507e-05,5.836210579739523e-05,0.0018127021596015082,9.668811799201649e-06,4.55715998262167,2.1889893636107445
4,43,900,560,5.758756014984101e-05,5.7781479699769986e-05,5.812273339702059e-05,0.001735309340637182,9.777167178981472e-06,4.639701656997204,2.2281026244163513
4,43,900,570,5.742911889683455e-05,5.747719224018511e-05,5.785811244039713e-05,0.0016590004726949484,9.814791155804414e-06,4.722871296107769,2.2671671211719513
4,43,900,580,5.7242843467975035e-05,5.721585985156708e-05,5.759762598648509e-05,0.001583868526375917,9.78860589384567e-06,4.805581755936146,2.3063619509339333
4,43,900,590,5.674298881785944e-05,5.6941466027637944e-05,5.732943240885768e-05,0.001510005038383486,9.744669114297722e-06,4.888215206563473,2.3454518988728523
4,43,900,600,5.6475204473827034e-05,5.671403632732108e-05,5.707619588170027e-05,0.001437499999999979,9.669365681475028e-06,4.9715567752718925,2.3843570351600647
4,43,900,610,5.6069275160552934e-05,5.6449298790539614e-05,5.6820762886484367e-05,0.0013664417474461186,9.731252248457167e-06,5.054344557225704,2.4248472303152084
4,43,900,620,5.606625200016424e-05,5.616678827209398e-05,5.6556270101182955e-05,0.0012969168542569579,9.576785487297457e-06,5.137374758720398,2.463838718831539
4,43,900,630,5.612192762782797e-05,5.603753998002503e-05,5.634564323220984e-05,0.0012290100258053591,9.48440265347017e-06,5.220621645450592,2.5027891620993614
4,43,900,640,5.558512930292636e-05,5.583839774772059e-05,5.613481825644334e-05,0.0011628039961015452,9.39661458687624e-06,5.303372547030449,2.542062945663929
4,43,900,650,5.542048893403262e-05,5.5549673561472446e-05,5.589745448577324e-05,0.0010983794269944541,9.478664651396684e-06,5.38631284981966,2.581008553504944
4,43,900,660,5.5163134675240144e-05,5.538872355828062e-05,5.569030209685913e-05,0.0010358148098976985,9.408580808667466e-06,5.469301573932171,2.6201334223151207
4,43,900,670,5.505457374965772e-05,5.521992570720613e-05,5.549979269469267e-05,0.0009751863701598689,9.328188752988353e-06,5.55192507058382,2.6592481210827827
4,43,900,680,5.464376590680331e-05,5.5013675228110516e-05,5.5295912481087114e-05,0.0009165679741956912,9.234599019691814e-06,5.635139726102352,2.6982495486736298
4,43,900,690,5.4887495934963226e-05,5.4940805421210824e-05,5.5151072091727344e-05,0.0008600310394911771,9.217445949616376e-06,5.717699401080608,2.737527310848236
4,43,900,700,5.485178189701401e-05,5.4700709006283434e-05,5.497192731727611e-05,0.0008056444475924171,9.26797747524688e-06,5.80072245746851,2.7765418365597725
4,43,900,710,5.446074646897614e-05,5.4557943803956734e-05,5.4800703428212126e-05,0.000753474460184026,9.244914508599322e-06,5.884248949587345,2.8157061338424683
4,43,900,720,5.467730079544708e-05,5.440541135612875e-05,5.4642567108276825e-05,0.0007035846383594913,9.077675713342614e-06,5.966799221932888,2.8548147156834602
4,43,900,730,5.42480411240831e-05,5.432095094874967e-05,5.451139149786732e-05,0.0006560357651817683,9.254826181859244e-06,6.050082378089428,2.893774263560772
4,43,900,740,5.4204407206270844e-05,5.4113761143526064e-05,5.435136231812845e-05,0.0006108857716284821,8.78776245372137e-06,6.1329881101846695,2.9330619797110558
4,43,900,750,5.396348569775e-05,5.402988936111797e-05,5.4223669549901896e-05,0.0005681896660119522,8.968795555119868e-06,6.215657897293568,2.9720185324549675
4,43,900,760,5.376201443141326e-05,5.406526688602753e-05,5.415708708565281e-05,0.0005279994669600432,9.012203918246087e-06,6.2987479865550995,3.01106283813715
4,43,900,770,5.3856754675507545e-05,5.385725999076385e-05,5.40326884328871e-05,0.0004903641400394738,8.737925782043021e-06,6.381129272282124,3.0501839071512222
4,43,900,780,5.363798118196428e-05,5.3840549662709235e-05,5.395403668114569e-05,0.0004553295380988194,8.83077609614702e-06,6.463749095797539,3.0891131907701492
4,43,900,790,5.3905667300568894e-05,5.371797669795342e-05,5.385687308422693e-05,0.0004229383454038769,8.741718374949414e-06,6.546236805617809,3.1279796734452248
4,43,900,800,5.352235893951729e-05,5.360861614462919e-05,5.3754061081019834e-05,0.00039323002563346513,8.840512236929499e-06,6.628851354122162,3.166904591023922
4,43,900,810,5.3573301556752995e-05,5.359646711440291e-05,5.3688940281429695e-05,0.0003662407737990085,8.793258530204184e-06,6.711717568337917,3.206118553876877
4,43,900,820,5.3477793699130416e-05,5.348794657038525e-05,5.3608315910599986e-05,0.00034200347214649086,8.716882803128101e-06,6.794424913823605,3.2451144829392433
4,43,900,830,5.333492663339712e-05,5.344594501366373e-05,5.3540216406671946e-05,0.000320547650094507,8.74835950526176e-06,6.877852573990822,3.284182533621788
4,43,900,840,5.3363175538834184e-05,5.3425269288709384e-05,5.3496532866643874e-05,0.0003018994482572105,8.4758285083808e-06,6.9605699852108955,3.3233921602368355
4,43,900,850,5.337699258234352e-05,5.342496515368111e-05,5.346879072558111e-05,0.0002860815865960052,8.64410958456574e-06,7.043331794440746,3.36262047290802
4,43,900,860,5.304783189785667e-05,5.328247025317978e-05,5.338943047578264e-05,0.00027311333673877007,8.420264748565387e-06,7.126607164740562,3.4018427282571793
4,43,900,870,5.2985989896114916e-05,5.326079844962806e-05,5.3332925188517625e-05,0.00026301049850035064,8.524922122887801e-06,7.209090203046799,3.4410367012023926
4,43,900,880,5.333335866453126e-05,5.3265436508809214e-05,5.330578422710728e-05,0.00025578538063291713,8.455843271804042e-06,7.292095258831978,3.4799753427505493
4,43,900,890,5.3103598474990577e-05,5.318998410075437e-05,5.3260633307046326e-05,0.0002514467858296475,8.499300747644156e-06,7.375047728419304,3.519381135702133
4,43,900,900,5.301253258949146e-05,5.31683188455645e-05,5.322042058259606e-05,0.00025,8.465228347631637e-06,7.457649238407612,3.5582379698753357
4,43,1000,0,,,,0.005,,0.0,0.03919085115194321
4,43,1000,10,6.632176518905908e-05,6.76960997225251e-05,7.097547569084941e-05,0.004998828080868613,1.376032469124766e-05,0.08331137150526047,0.07799588143825531
4,43,1000,20,6.528255471494049e-05,6.575708321179263e-05,6.886502840370052e-05,0.0049953134800171444,1.2624172995856497e-05,0.1656757816672325,0.1168275699019432
4,43,1000,30,6.485794438049197e-05,6.507275757030583e-05,6.733533024224043e-05,0.0049894596659323135,1.232965132658137e-05,0.24814175814390182,0.15580663084983826
4,43,1000,40,6.455140101024881e-05,6.469979634857737e-05,6.627224340675367e-05,0.004981272415621884,1.2114572200516704e-05,0.33069397509098053,0.19483878463506699
4,43,1000,50,6.436858529923484e-05,6.44010680844076e-05,6.551861379760452e-05,0.004970759808913451,1.1781655302911531e-05,0.41333069652318954,0.23379822075366974
4,43,1000,60,6.415563257178292e-05,6.42314444121439e-05,6.49974954621251e-05,0.0049579322204806354,1.1816289770649746e-05,0.4959060102701187,0.2728368267416954
4,43,1000,70,6.406312604667619e-05,6.409705893020145e-05,6.463254107457008e-05,0.004942802309604526,1.1653652109089307e-05,0.5786788389086723,0.3122212663292885
4,43,1000,80,6.382232095347717e-05,6.394227166310884e-05,6.43511415482687e-05,0.004925385007680499,1.1598118362599052e-05,0.6616679802536964,0.3510564863681793
4,43,1000,90,6.380830018315464e-05,6.382366555044428e-05,6.413772453686648e-05,0.004905697503482739,1.1491652912809514e-05,0.7448972538113594,0.3900427147746086
4,43,1000,100,6.360861880239099e-05,6.371681010932661e-05,6.396756839434612e-05,0.004883759226200989,1.1425138836784754e-05,0.827263779938221,0.4291272982954979
4,43,1000,110,6.35233664070256e-05,6.364638538798317e-05,6.383545897509736e-05,0.004859591826266284,1.1239832929277327e-05,0.9104006364941597,0.46810442209243774
4,43,1000,120,6.361577834468335e-05,6.357255697366781e-05,6.37297752076857e-05,0.004833219153984595,1.1285856089671142e-05,0.9931814894080162,0.507380984723568
4,43,1000,130,6.33604358881712e-05,6.347846865537577e-05,6.362656263847169e-05,0.004804667235999453,1.1307875865895767e-05,1.0758847445249557,0.5463755652308464
4,43,1000,140,6.339843821479008e-05,6.347361268126406e-05,6.356035628152436e-05,0.004773964249606794,1.1243160770391114e-05,1.1593566164374352,0.5857102125883102
4,43,1000,150,6.315743667073548e-05,6.334442514344119e-05,6.347229590007924e-05,0.004741140494947372,1.1081528100476135e-05,1.242168441414833,0.6248645558953285
4,43,1000,160,6.335468788165599e-05,6.326447037281468e-05,6.339113501456431e-05,0.004706228365104175,1.1095708941866178e-05,1.3249711394309998,0.6636940911412239
4,43,1000,170,6.316041253739968e-05,6.31883907772135e-05,6.330927529692696e-05,0.0046692623141343665,1.0943927009066101e-05,1.4081281200051308,0.7028264552354813
4,43,1000,180,6.307835428742692e-05,6.306769355433062e-05,6.320958992857211e-05,0.004630278823067284,1.0655257938196883e-05,1.4907350987195969,0.7419951185584068
4,43,1000,190,6.301802204689011e-05,6.301869434537366e-05,6.313253540088703e-05,0.004589316363902083,1.0750126421044115e-05,1.5741987600922585,0.7808970212936401
4,43,1000,200,6.291243334999308e-05,6.304043854470365e-05,6.309497913443202e-05,0.0045464153616404995,1.0959513019770384e-05,1.6569789722561836,0.8200034499168396
4,43,1000,210,6.294561899267137e-05,6.29066904366482e-05,6.301872234629305e-05,0.004501618154392265,1.0561869203229435e-05,1.7396324574947357,0.8589044213294983
4,43,1000,220,6.279967783484608e-05,6.279549415921792e-05,6.292807658997558e-05,0.004454968951592499,1.0660315638233442e-05,1.8233395293354988,0.8979634791612625
4,43,1000,230,6.262736860662699e-05,6.275163905229419e-05,6.285367898181885e-05,0.004406513790372343,1.081591472029686e-05,1.905996173620224,0.9373602569103241
4,43,1000,240,6.26333785476163e-05,6.26860601187218e-05,6.27863010587107e-05,0.004356300490125854,1.0471300811332185e-05,1.9894788563251495,0.9763715118169785
4,43,1000,250,6.243465759325773e-05,6.258584398892708e-05,6.270177754285224e-05,0.004304378605318052,1.055995835486101e-05,2.0725751519203186,1.015528678894043
4,43,1000,260,6.262364331632853e-05,6.25095737632364e-05,6.26277332689271e-05,0.004250799376580637,1.0397657206340227e-05,2.1552206352353096,1.0546792969107628
4,43,1000,270,6.242845847737044e-05,6.24653825070709e-05,6.256249308552979e-05,0.0041956156801436755,1.0189303793595172e-05,2.238536886870861,1.0936718061566353
4,43,1000,280,6.223215314093977e-05,6.24289816187229e-05,6.250465288408083e-05,0.0041388819756531395,1.0272814506606665e-05,2.3213647603988647,1.1330403462052345
4,43,1000,290,6.227788981050253e-05,6.233435633475892e-05,6.243630797700354e-05,0.004080654252425819,1.0257911526423413e-05,2.4041431322693825,1.172061637043953
4,43,1000,300,6.212232983671129e-05,6.216241308720782e-05,6.232516443399466e-05,0.004020989974194622,1.0567301615083124e-05,2.487570881843567,1.2113399729132652
4,43,1000,310,6.215197208803147e-05,6.217500194907188e-05,6.226375062931341e-05,0.003959948022398806,1.0274738997395616e-05,2.569902718067169,1.250454343855381
4,43,1000,320,6.189954001456499e-05,6.205264871823601e-05,6.217733871954499e-05,0.0038975886380751097,1.018346483760979e-05,2.653034307062626,1.2893251851201057
4,43,1000,330,6.199043855303898e-05,6.202967997523957e-05,6.211754154850857e-05,0.0038339733624071226,1.0224102879874408e-05,2.7362793013453484,1.3285552561283112
4,43,1000,340,6.177157047204673e-05,6.185905513120816e-05,6.201283730302905e-05,0.003769164975991562,1.0173640475841239e-05,2.818786032497883,1.3676349446177483
4,43,1000,350,6.176504393806681e-05,6.177022733027116e-05,6.191240283863199e-05,0.0037032274368814094,1.0097428457811475e-05,2.9015998616814613,1.4065997898578644
4,43,1000,360,6.165273953229189e-05,6.168430263642222e-05,6.181948405820054e-05,0.0036362258174670314,1.0151990863960236e-05,2.9840924069285393,1.4455313235521317
4,43,1000,370,6.153803406050429e-05,6.15884731814731e-05,6.17247375205609e-05,0.0035682262402575863,9.818035323405638e-06,3.0665927082300186,1.4843942523002625
4,43,1000,380,6.148800457594916e-05,6.141341873444617e-05,6.160055888417888e-05,0.0034992958126260918,9.86814029602101e-06,3.149327576160431,1.523320995271206
4,43,1000,390,6.131140980869532e-05,6.135082585387864e-05,6.149789682104292e-05,0.0034295025605825466,9.885139661491849e-06,3.231899671256542,1.5622631460428238
4,43,1000,400,6.139198376331478e-05,6.128812892711722e-05,6.141209800211996e-05,0.0033589153616404776,9.817988029681146e-06,3.315119557082653,1.6011217013001442
4,43,1000,410,6.122979539213702e-05,6.118483215686866e-05,6.131955160763805e-05,0.0032876038768431468,9.792035598366056e-06,3.397819936275482,1.6402538493275642
4,43,1000,420,6.113556446507573e-05,6.108015986683313e-05,6.12228691612192e-05,0.0032156384820165047,9.883261554932687e-06,3.480520561337471,1.6792222931981087
4,43,1000,430,6.072586984373629e-05,6.091421528253704e-05,6.109326156341015e-05,0.0031430901983167626,9.930371561495122e-06,3.5638431161642075,1.7182111665606499
4,43,1000,440,6.0763068177038804e-05,6.076159879739862e-05,6.096125293828572e-05,0.0030700306221410683,9.748298907652497e-06,3.646425850689411,1.757386438548565
4,43,1000,450,6.0565034800674766e-05,6.062033535272349e-05,6.082081356151254e-05,0.002996531854470519,9.754698112374172e-06,3.729419343173504,1.7963608726859093
4,43,1000,460,6.0472510085674e-05,6.050706651876681e-05,6.0692005251779454e-05,0.0029226664297151905,9.767544725036714e-06,3.812722347676754,1.8354222849011421
4,43,1000,470,6.027278141118586e-05,6.030241929693148e-05,6.0533164821153136e-05,0.002848507244131439,9.912120731314644e-06,3.8953285440802574,1.8745546787977219
4,43,1000,480,6.019501233822666e-05,6.012258781993296e-05,6.036960784221605e-05,0.002774127483882086,9.789432624529582e-06,3.9781209006905556,1.913471668958664
4,43,1000,490,5.9625384892569855e-05,5.9942514781141654e-05,6.01896453424635e-05,0.0026996005528105212,9.889222383208107e-06,4.060969948768616,1.9527848064899445
4,43,1000,500,5.978365516057238e-05,5.9846240401384423e-05,6.004829448074157e-05,0.002624999999999966,9.641003998694941e-06,4.143713839352131,1.9917652532458305
4,43,1000,510,5.9519246860872954e-05,5.961483402643353e-05,5.986906944390694e-05,0.002550399447189409,9.665987818152644e-06,4.227243296802044,2.0308392718434334
4,43,1000,520,5.958058318356052e-05,5.9524376047193074e-05,5.9726625420107505e-05,0.0024758725161178443,9.512184078630526e-06,4.310001589357853,2.070089392364025
4,43,1000,530,5.902336852159351e-05,5.931492705713026e-05,5.955471216752585e-05,0.00240149275586849,9.682005838840269e-06,4.393008232116699,2.109083816409111
4,43,1000,540,5.888901432626881e-05,5.9111662631039506e-05,5.9371711357242566e-05,0.002327333570284738,9.818252692639362e-06,4.475874945521355,2.148378439247608
4,43,1000,550,5.863830301677808e-05,5.8864850871032104e-05,5.916520631313023e-05,0.002253468145529412,9.622606739867479e-06,4.558410860598087,2.1874386817216873
4,43,1000,560,5.850464367540553e-05,5.8692382663139145e-05,5.89704092271778e-05,0.0021799693778588648,9.70176733972039e-06,4.641729153692722,2.2263286486268044
4,43,1000,570,5.832805982208811e-05,5.841820311616175e-05,5.8742312500032505e-05,0.002106909801683174,9.663607670518104e-06,4.7244937941432,2.2655714973807335
4,43,1000,580,5.818065983476117e-05,5.8203261869493875e-05,5.852319147229726e-05,0.002034361517983434,9.69842767517548e-06,4.8070167899131775,2.3045230880379677
4,43,1000,590,5.7781868235906586e-05,5.793477030238137e-05,5.8282535519568714e-05,0.0019623961231567946,9.725023119244725e-06,4.890514858067036,2.3436653539538383
4,43,1000,600,5.750612763222307e-05,5.7723827194422486e-05,5.805240630112857e-05,0.001891084638359466,9.616234819986857e-06,4.973061099648476,2.3827871829271317
4,43,1000,610,5.713867722079158e-05,5.748715957452077e-05,5.7822291761592306e-05,0.0018204974394174004,9.812712050916161e-06,5.05581833422184,2.421542204916477
4,43,1000,620,5.7072345953201875e-05,5.71757565921871e-05,5.756043394191646e-05,0.001750704187373859,9.589084584149532e-06,5.138993263244629,2.460573486983776
4,43,1000,630,5.7044075219891965e-05,5.702880553144496e-05,5.7344120482929384e-05,0.0016817737597423661,9.54821916820947e-06,5.221418999135494,2.4993647187948227
4,43,1000,640,5.664121272275224e-05,5.684975258191116e-05,5.7138801688300774e-05,0.001613774182532924,9.426662472833414e-06,5.303796671330929,2.5381602346897125
4,43,1000,650,5.6360331655014306e-05,5.6532365852035583e-05,5.6891709945161125e-05,0.0015467725631185493,9.612517715140712e-06,5.3862243965268135,2.5770023986697197
4,43,1000,660,5.603449244517833e-05,5.6313931781915014e-05,5.665569054219182e-05,0.001480835024008401,9.441923793929163e-06,5.468668594956398,2.6158583611249924
4,43,1000,670,5.601946031674743e-05,5.610053740383592e-05,5.6431057620157075e-05,0.0014160266375928437,9.457349733565934e-06,5.551040135324001,2.6547614708542824
4,43,1000,680,5.5437842092942446e-05,5.586597508226987e-05,5.619436729918256e-05,0.00135241136192486,9.416151442565024e-06,5.633488103747368,2.6935707703232765
4,43,1000,690,5.570314533542842e-05,5.5753272317815575e-05,5.6014495236640694e-05,0.0012900519776011673,9.367172424390446e-06,5.71652489900589,2.7323620840907097
4,43,1000,700,5.5598997278138995e-05,5.5477848945884034e-05,5.5800099988335544e-05,0.001229010025805355,9.37649019761011e-06,5.7990052327513695,2.7717563435435295
4,43,1000,710,5.5186112149385735e-05,5.529277623281814e-05,5.5590501287004556e-05,0.001169345747574161,9.413739462615922e-06,5.881496600806713,2.8105986565351486
4,43,1000,720,5.525873712031171e-05,5.508838876266964e-05,5.538682758379745e-05,0.001111118024346843,9.209117706632242e-06,5.964428685605526,2.849589414894581
4,43,1000,730,5.493679054779932e-05,5.496296034834813e-05,5.521399133534543e-05,0.0010543843198563088,9.445377145311795e-06,6.046684756875038,2.888557091355324
4,43,1000,740,5.471571785164997e-05,5.472204284160398e-05,5.501507721906578e-05,0.0009992006234193487,9.018529453896917e-06,6.129547528922558,2.9274919778108597
4,43,1000,750,5.4530817578779534e-05,5.456893995869905e-05,5.4837616733536e-05,0.0009456213946819345,9.182339454127941e-06,6.2123651802539825,2.9666058719158173
4,43,1000,760,5.418261207523756e-05,5.4578776325797665e-05,5.47295983437441e-05,0.0008936995098741332,9.287403372582048e-06,6.294731974601746,3.005287639796734
4,43,1000,770,5.42314191989135e-05,5.4300117699312975e-05,5.455180062614889e-05,0.0008434862096276455,9.000271347758826e-06,6.378374464809895,3.0443630144000053
4,43,1000,780,5.4037183872424066e-05,5.426078605523799e-05,5.44320558638241e-05,0.0007950310484074888,9.044207217812072e-06,6.460802473127842,3.0834153294563293
4,43,1000,790,5.419759690994397e-05,5.409537370724138e-05,5.429138672426442e-05,0.0007483818456077244,8.921639164327644e-06,6.543642580509186,3.1221834793686867
4,43,1000,800,5.382057133829221e-05,5.396330379880965e-05,5.4155325796967366e-05,0.0007035846383594903,9.05796423467109e-06,6.626608416438103,3.1614502146840096
4,43,1000,810,5.385563417803496e-05,5.389744183048606e-05,5.404983063970991e-05,0.000660683636097907,9.003711966215633e-06,6.709151864051819,3.2003603652119637
4,43,1000,820,5.375742694013752e-05,5.3758307694806716e-05,5.3932087366543665e-05,0.0006197211769327061,8.906280527298804e-06,6.792403191328049,3.2393047362565994
4,43,1000,830,5.349449929781258e-05,5.366708392102737e-05,5.382134767496288e-05,0.0005807376858656267,8.926863301894628e-06,6.875065177679062,3.278506264090538
4,43,1000,840,5.3561605454888195e-05,5.362942174542695e-05,5.374674215495386e-05,0.0005437716348958175,8.67443759489106e-06,6.9574842900037766,3.317453734576702
4,43,1000,850,5.344640521798283e-05,5.35879960807506e-05,5.3683075700549366e-05,0.000508859505052621,8.743731086724438e-06,7.041071958839893,3.3564568161964417
4,43,1000,860,5.316277383826673e-05,5.340527350199409e-05,5.3566589631624954e-05,0.00047603575039319916,8.60093132359907e-06,7.123481005430222,3.395465113222599
4,43,1000,870,5.305792365106754e-05,5.338296396075748e-05,5.348660643842265e-05,0.00044533276400054056,8.70112307893578e-06,7.206428937613964,3.434356354176998
4,43,1000,880,5.336361937224865e-05,5.333535773388576e-05,5.3425479186220215e-05,0.0004167808460153993,8.572149454266764e-06,7.2893262431025505,3.4734606817364693
4,43,1000,890,5.3128518629819155e-05,5.320363889040891e-05,5.333696095791907e-05,0.00039040817373371195,8.602158231951762e-06,7.371947810053825,3.51233834028244
4,43,1000,900,5.302513818605803e-05,5.317556860973127e-05,5.326879745906674e-05,0.00036624077379900804,8.518361937603913e-06,7.45497652888298,3.551247164607048
4,43,1000,910,5.3193751227809116e-05,5.314697373250965e-05,5.322358864125378e-05,0.0003443024965172584,8.456964678771328e-06,7.537405498325825,3.590357892215252
4,43,1000,920,5.292657078825869e-05,5.3072335140313955e-05,5.3159094050280595e-05,0.00032461499231949977,8.320885171997361e-06,7.619819112122059,3.629123918712139
4,43,1000,930,5.298566247802228e-05,5.301605124259367e-05,5.309973054955709e-05,0.0003071976903954741,8.452951078652404e-06,7.702299185097218,3.66801954805851
4,43,1000,940,5.3056228352943435e-05,5.3005190784460866e-05,5.3061677471066075e-05,0.0002920677795193635,8.258009984274395e-06,7.784693785011768,3.706859141588211
4,43,1000,950,5.310743290465325e-05,5.297775314829778e-05,5.302954589554246e-05,0.0002792401910865475,8.284670002467465e-06,7.867313601076603,3.745984800159931
4,43,1000,960,5.283893187879585e-05,5.290385706757661e-05,5.297601836234101e-05,0.00026872758437811503,8.44842907099519e-06,7.949971504509449,3.784785643219948
4,43,1000,970,5.276194497128017e-05,5.285651823214721e-05,5.292635868852451e-05,0.00026054033406768483,8.202861863537692e-06,8.033313788473606,3.8237105682492256
4,43,1000,980,5.284720828058198e-05,5.2909123769495634e-05,5.291831738446244e-05,0.00025468651998285496,8.405905646213796e-06,8.115874864161015,3.8626981005072594
4,43,1000,990,5.287196108838543e-05,5.278983917378355e-05,5.286759340418094e-05,0.00025117191913138744,8.243157026299741e-06,8.198591895401478,3.9014801383018494
4,43,1000,1000,5.288992542773485e-05,5.279538054310251e-05,5.2839851509647095e-05,0.00025,8.143906597979367e-06,8.281355179846287,3.940382070839405
